month,funder_rank,funded_by_id,funded_by_address,newly_funded_addresses,raw_funded_volume,funded_volume
2020-12-01,1,667300213,97c4adc5d28a86f9470c70dd91dc6cc2f20d2d4d,674,15866743245069930076834774,15866743.245069930077
2020-12-01,2,667282315,fd0a40bc83c5fae4203dec7e5929b446b07d1c76,316,1751117142260394097943688,1751117.142260394098
2020-12-01,3,524087354,7a250d5630b4cf539739df2c5dacb4c659f2488d,54,1793730836352988439675259,1793730.836352988440
2020-12-01,4,667248779,e1573b9d29e2183b1af0e743dc2754979a40d237,37,363433277115015203580966,363433.277115015204
2020-12-01,5,667168491,642a101709e48d986844656f6ec7586bed71bedd,35,1661387065537144262284,1661.3870655371442623
2020-12-01,6,677519721,e069cb01d06ba617bcdf789bf2ff0d5e5ca20c71,34,1204166717139632556165745,1204166.717139632556
2020-12-01,7,546716445,22f9dcf4647084d6c31b2765f6910cd85c178c18,7,168821714434484975700036,168821.714434484976
2020-12-01,8,677728184,3b3ce26239ddc65dc3fd2124d242ad056338eaf1,5,104173427836000000000000,104173.427836000000
2020-12-01,9,666202939,d3cf4e98e1e432b3d6ae42ae406a78f2ac8293d0,4,12,1.2000000000000000000E-17
2020-12-01,10,616036061,74de5d4fcbf63e00296fd95d33236b9794016631,3,6611678977715368241945,6611.6789777153682419
2020-12-01,11,556180691,41303d8aecba4222a414233531f25527c0559ecb,1,99008920700000000000000,99008.920700000000
2020-12-01,12,613993039,79b6c6f8634ea477ed725ec23b7b6fcb41f00e58,1,67519593033343986294700,67519.593033343986
2020-12-01,13,624785311,0000000000007f150bd6f54c40a34d7c3d5e9f56,1,18957905828201017376768,18957.905828201017
2020-12-01,14,535200254,7fe2153de0006d76c85cc04c8ea10bf4546c879e,1,12311853187632243189214,12311.853187632243
2020-12-01,15,657913599,d47140f6ab73f6d6b6675fb1610bb5e9b5d96fe5,1,2998455012000000000000,2998.4550120000000000
2020-12-01,16,672357997,eebec7874f46c4452610a11fa6be0264f7f0557f,1,894817665137400731487,894.8176651374007315
2020-12-01,17,678567957,74f5f570f94bc774323cc5059ad1d0d9c9d1661c,1,20004954589930918112,20.0049545899309181
2021-01-01,1,667300213,97c4adc5d28a86f9470c70dd91dc6cc2f20d2d4d,417,11780690661228014007424124,11780690.661228014007
2021-01-01,2,667282315,fd0a40bc83c5fae4203dec7e5929b446b07d1c76,318,1954190060939319531858174,1954190.060939319532
2021-01-01,3,679594397,ef185df44a1a8e94b3e8ce2a7d1e88fd5f97de90,287,5636004966710357394433198,5636004.966710357394
2021-01-01,4,209499427,d152f549545093347a162dce210e7293f1452150,214,4264815530250351217848625,4264815.530250351218
2021-01-01,5,677519721,e069cb01d06ba617bcdf789bf2ff0d5e5ca20c71,60,1851955579039769581706383,1851955.579039769582
2021-01-01,6,667248779,e1573b9d29e2183b1af0e743dc2754979a40d237,41,1075749068403775926676500,1075749.068403775927
2021-01-01,7,666202939,d3cf4e98e1e432b3d6ae42ae406a78f2ac8293d0,16,136,1.3600000000000000E-16
2021-01-01,8,677728184,3b3ce26239ddc65dc3fd2124d242ad056338eaf1,15,2476225279232000000000000,2476225.279232000000
2021-01-01,9,546716445,22f9dcf4647084d6c31b2765f6910cd85c178c18,13,569470232181865845463395,569470.232181865845
2021-01-01,10,616036061,74de5d4fcbf63e00296fd95d33236b9794016631,12,11578585959326893972587,11578.585959326894
2021-01-01,11,524087354,7a250d5630b4cf539739df2c5dacb4c659f2488d,6,115171554726556870841365,115171.554726556871
2021-01-01,12,701473843,b83ab1f44c2a60104bc4922d23f5fc08eeed2e67,5,400000000000000000000,400.0000000000000000
2021-01-01,13,681719984,88a881ef06a037da4c480013a75d28372e190d62,4,99615652562729992978432,99615.652562729993
2021-01-01,14,643675604,fd6231a29661100e9f7e68d37730b040e24cad28,4,80000000000000000000000,80000.000000000000
2021-01-01,15,683068364,e054c1ab5d548e0144ab3f89a8f5809137819906,4,31427184555000000000000,31427.184555000000
2021-01-01,16,678567957,74f5f570f94bc774323cc5059ad1d0d9c9d1661c,4,22953058166849385840426,22953.058166849386
2021-01-01,17,128175,ab1348b382eaec3d4a05cb85c999fc205b45292c,3,59967008346000000000000,59967.008346000000
2021-01-01,18,685117975,e4de6e1df1fe135d6462554d0fd36a14d787f689,3,5245130522581199974,5.2451305225812000
2021-01-01,19,667168491,642a101709e48d986844656f6ec7586bed71bedd,2,113397331450562485532,113.3973314505624855
2021-01-01,20,599535350,d291328a6c202c5b18dcb24f279f69de1e065f70,2,3498337480059712090,3.4983374800597121
2021-01-01,21,697575242,bf528830d505fa8c6ee2a3c0de92797d278c5478,1,224336682140845070422534,224336.682140845070
2021-01-01,22,671673058,38f704f8b95784fab4c9fa0d3436a447c908b9b6,1,19165978147075056341750,19165.978147075056
2021-01-01,23,686811848,90d3b66f92ebe388c2812afd85e69e2e57426308,1,6530346866172226482611,6530.3468661722264826
2021-01-01,24,682208826,45a85a2071b1535acab814a2cc47e6a519704f74,1,1979156450734921046648,1979.1564507349210466
2021-01-01,25,699962855,e7668211d5b4003fb3556a47905e0c1538999358,1,745631189207327085413,745.6311892073270854
2021-01-01,26,606386133,9509665d015bfe3c77aa5ad6ca20c8afa1d98989,1,492920803122138844653,492.9208031221388447
2021-01-01,27,689595169,7c47790eb6386601af4b08064a6dfef07f403d55,1,148942000990779835743,148.9420009907798357
2021-01-01,28,690737954,87ea46da500107daa308084c2cf919401447ec09,1,148398284104672327105,148.3982841046723271
2021-01-01,29,681347588,66fabd68ed8439fe95b29a6c31270667d2354f6d,1,96466500000000000000,96.4665000000000000
2021-01-01,30,680736667,763d5b68d6bfd4b23a4708f911b5f754104f6bec,1,39497012552930702029,39.4970125529307020
2021-01-01,31,696025702,faea13fce594b733fc4ae7e3764bf73d9bb67f06,1,31249625804870994225,31.2496258048709942
2021-01-01,32,697409536,a8e31ad81d609ff616645849987fef30a3ffabd9,1,25000000000000000000,25.0000000000000000
2021-01-01,33,703210245,90c19619780c4954e6fd341175bb778c73f863d8,1,757279399982368130,0.75727939998236813000
2021-02-01,1,667282315,fd0a40bc83c5fae4203dec7e5929b446b07d1c76,143,1101634834700792579827947,1101634.834700792580
2021-02-01,2,667300213,97c4adc5d28a86f9470c70dd91dc6cc2f20d2d4d,97,2559914006087541417856596,2559914.006087541418
2021-02-01,3,667248779,e1573b9d29e2183b1af0e743dc2754979a40d237,24,870087730442530584679925,870087.730442530585
2021-02-01,4,677519721,e069cb01d06ba617bcdf789bf2ff0d5e5ca20c71,17,695576342796043346741339,695576.342796043347
2021-02-01,5,701473843,b83ab1f44c2a60104bc4922d23f5fc08eeed2e67,10,800000000000000000000,800.0000000000000000
2021-02-01,6,616036061,74de5d4fcbf63e00296fd95d33236b9794016631,6,10700411288779477204365,10700.411288779477
2021-02-01,7,546716445,22f9dcf4647084d6c31b2765f6910cd85c178c18,4,366079107753252569162304,366079.107753252569
2021-02-01,8,691771865,83d2944d5fc10a064451dc5852f4f47759f249b6,3,99061920358194785479364,99061.920358194785
2021-02-01,9,697409536,a8e31ad81d609ff616645849987fef30a3ffabd9,3,3250000000000000000000,3250.0000000000000000
2021-02-01,10,671568712,e28a8c5227e50157d69c3916b95495307129494f,3,0,0E-36
2021-02-01,11,691983075,a79828df1850e8a3a3064576f380d90aecdd3359,2,43117386008062162772896,43117.386008062163
2021-02-01,12,524087354,7a250d5630b4cf539739df2c5dacb4c659f2488d,2,6606204512228093886560,6606.2045122280938866
2021-02-01,13,599535350,d291328a6c202c5b18dcb24f279f69de1e065f70,2,285072198773436482696,285.0721987734364827
2021-02-01,14,666202939,d3cf4e98e1e432b3d6ae42ae406a78f2ac8293d0,2,6,6.000000000000000000E-18
2021-02-01,15,689640227,17e8ca1b4798b97602895f63206afcd1fc90ca5f,1,5214326105421505005790,5214.3261054215050058
2021-02-01,16,713997210,b092b4601850e23903a42eacbc9d8a0eec26a4d5,1,5000000000000000000000,5000.0000000000000000
2021-02-01,17,722250703,52136d2cd4e3c517f845111e75f59284e2b398e7,1,1946459317183767446565,1946.4593171837674466
2021-02-01,18,715132359,e0d4bedebd73ca5848bdf2c2ee5345650c2112f5,1,1830726311243229792103,1830.7263112432297921
2021-02-01,19,602748102,c36ed8a273bec828fdd8f4697d75a279431d57ad,1,400000000000000000000,400.0000000000000000
2021-02-01,20,716747441,ac7e32eb5cec7eb7b6b43a305b64d1d3487b97a0,1,180055655402149851593,180.0556554021498516
2021-02-01,21,715173022,57f6548314ae198c451c397050507e6af863ec0d,1,97581906223294219259,97.5819062232942193
2021-03-01,1,667282315,fd0a40bc83c5fae4203dec7e5929b446b07d1c76,87,1052622351363998161376550,1052622.351363998161
2021-03-01,2,667300213,97c4adc5d28a86f9470c70dd91dc6cc2f20d2d4d,83,2706347825671012982679342,2706347.825671012983
2021-03-01,3,667248779,e1573b9d29e2183b1af0e743dc2754979a40d237,29,677975746837467669401271,677975.746837467669
2021-03-01,4,733908697,d632f22692fac7611d2aa1c0d552930d43caed3b,7,921510889829501238548191,921510.889829501239
2021-03-01,5,583481113,40ec5b33f54e0e8a33a975908c5ba1c14e5bbbdf,7,194657308500919782755779,194657.308500919783
2021-03-01,6,677519721,e069cb01d06ba617bcdf789bf2ff0d5e5ca20c71,6,644843221842204641699064,644843.221842204642
2021-03-01,7,743513747,db38ae75c5f44276803345f7f02e95a0aeef5944,5,1244018897012213163818348,1244018.897012213164
2021-03-01,8,740231342,b3c9669a5706477a2b237d98edb9b57678926f04,4,127173035400239108763922,127173.035400239109
2021-03-01,9,691983075,a79828df1850e8a3a3064576f380d90aecdd3359,4,42434124454666565657645,42434.124454666566
2021-03-01,10,698593325,f90e98f3d8dce44632e5020abf2e122e0f99dfab,4,23400479412634596523665,23400.479412634597
2021-03-01,11,524087354,7a250d5630b4cf539739df2c5dacb4c659f2488d,3,642013484773648646956515,642013.484773648647
2021-03-01,12,698764531,c218001e3d102e3d1de9bf2c0f7d9626d76c6f30,3,18663432749721147444750,18663.432749721147
2021-03-01,13,616036061,74de5d4fcbf63e00296fd95d33236b9794016631,3,5661799434547252318876,5661.7994345472523189
2021-03-01,14,546716445,22f9dcf4647084d6c31b2765f6910cd85c178c18,2,129684487360229203219259,129684.487360229203
2021-03-01,15,683068364,e054c1ab5d548e0144ab3f89a8f5809137819906,2,58740043050000000000000,58740.043050000000
2021-03-01,16,697409536,a8e31ad81d609ff616645849987fef30a3ffabd9,2,21308281275483890212267,21308.281275483890
2021-03-01,17,722250703,52136d2cd4e3c517f845111e75f59284e2b398e7,2,3191915565337109145149,3191.9155653371091451
2021-03-01,18,741568387,82484b7e77e4b80de6d78bdf9014e44cc715f66a,2,104172966677591720,0.10417296667759172000
2021-03-01,19,691771865,83d2944d5fc10a064451dc5852f4f47759f249b6,1,100268355813896411701103,100268.355813896412
2021-03-01,20,752382060,77746dc37deae008c7149edc1b1a8d6d63e08be5,1,1105000000000000000000,1105.0000000000000000
2021-03-01,21,737689483,8e4aacdba75fe05c94836f95b011151df5bbd603,1,110889838145345953633,110.8898381453459536
2021-03-01,22,753164976,ec0bd1dd8b85606e96285a85267b537cf0a14874,1,100000000000000000000,100.0000000000000000
2021-03-01,23,697997440,ec8c342bc3e07f05b9a782bc34e7f04fb9b44502,1,18684664192162293,0.01868466419216229300
2021-04-01,1,209499427,d152f549545093347a162dce210e7293f1452150,150,20200000000000000000,20.2000000000000000
2021-04-01,2,667282315,fd0a40bc83c5fae4203dec7e5929b446b07d1c76,80,636862164640806912297072,636862.164640806912
2021-04-01,3,667300213,97c4adc5d28a86f9470c70dd91dc6cc2f20d2d4d,42,1460928953225778934337473,1460928.953225778934
2021-04-01,4,667248779,e1573b9d29e2183b1af0e743dc2754979a40d237,23,643331120509375069526789,643331.120509375070
2021-04-01,5,733908697,d632f22692fac7611d2aa1c0d552930d43caed3b,15,1686390454230083842324930,1686390.454230083842
2021-04-01,6,743513747,db38ae75c5f44276803345f7f02e95a0aeef5944,9,1707184391118142390793776,1707184.391118142391
2021-04-01,7,583481113,40ec5b33f54e0e8a33a975908c5ba1c14e5bbbdf,4,79092540740149643403371,79092.540740149643
2021-04-01,8,698764531,c218001e3d102e3d1de9bf2c0f7d9626d76c6f30,4,23075680827573408998177,23075.680827573409
2021-04-01,9,697409536,a8e31ad81d609ff616645849987fef30a3ffabd9,3,55600000000000000000000,55600.000000000000
2021-04-01,10,713997210,b092b4601850e23903a42eacbc9d8a0eec26a4d5,3,48730000000000000000000,48730.000000000000
2021-04-01,11,616036061,74de5d4fcbf63e00296fd95d33236b9794016631,3,7250603125864655863452,7250.6031258646558635
2021-04-01,12,624785311,0000000000007f150bd6f54c40a34d7c3d5e9f56,2,128583574186506572287323,128583.574186506572
2021-04-01,13,737407150,69090d6968b12b79cd403ee33e871284dc7e92f6,1,242649067086523730252579,242649.067086523730
2021-04-01,14,734363219,561b94454b65614ae3db0897b74303f4acf7cc75,1,29911729719100768874373,29911.729719100769
2021-04-01,15,713997474,0b6d62120ec8918dfd1ef51da8e3a3346021a3a9,1,19500000000000000000000,19500.000000000000
2021-04-01,16,509254240,5583bbda575f142993c10a335daf29dc7510e8f2,1,9955972918737762300538,9955.9729187377623005
2021-04-01,17,760306398,1bd435f3c054b6e901b7b108a0ab7617c808677b,1,9946527791136595946893,9946.5277911365959469
2021-04-01,18,174639624,f5f08ba7f46e2a86b5ef3bfd56c2097c9f4276d7,1,5874045490810000000000,5874.0454908100000000
2021-04-01,19,698593325,f90e98f3d8dce44632e5020abf2e122e0f99dfab,1,3307498223427792916356,3307.4982234277929164
2021-04-01,20,716940176,b4e2a5c63de2785ddcf0885e40875e54f7c27c78,1,3118426929261192654318,3118.4269292611926543
2021-04-01,21,524087354,7a250d5630b4cf539739df2c5dacb4c659f2488d,1,1537916163906498361786,1537.9161639064983618
2021-04-01,22,731986048,a013afbb9a92cef49e898c87c060e6660e050569,1,1291467271530168527328,1291.4672715301685273
2021-04-01,23,602748102,c36ed8a273bec828fdd8f4697d75a279431d57ad,1,750000000000000000000,750.0000000000000000
2021-04-01,24,715173022,57f6548314ae198c451c397050507e6af863ec0d,1,398782074271134583,0.39878207427113458300
2021-04-01,25,667168491,642a101709e48d986844656f6ec7586bed71bedd,1,1031760863,1.0317608630000000000E-9
2021-05-01,1,667282315,fd0a40bc83c5fae4203dec7e5929b446b07d1c76,52,425502159722886441968139,425502.159722886442
2021-05-01,2,667300213,97c4adc5d28a86f9470c70dd91dc6cc2f20d2d4d,40,1573921646573229580120184,1573921.646573229580
2021-05-01,3,733908697,d632f22692fac7611d2aa1c0d552930d43caed3b,32,3081074804191554900399426,3081074.804191554900
2021-05-01,4,797454114,fd3dfb524b2da40c8a6d703c62be36b5d8540626,16,1323923034247648641639704,1323923.034247648642
2021-05-01,5,667248779,e1573b9d29e2183b1af0e743dc2754979a40d237,9,34071375881548671671071,34071.375881548672
2021-05-01,6,698764531,c218001e3d102e3d1de9bf2c0f7d9626d76c6f30,8,15805172447915475232033,15805.172447915475
2021-05-01,7,583481113,40ec5b33f54e0e8a33a975908c5ba1c14e5bbbdf,7,354962601030562880928339,354962.601030562881
2021-05-01,8,697409536,a8e31ad81d609ff616645849987fef30a3ffabd9,6,21406168552545730515057,21406.168552545731
2021-05-01,9,734363219,561b94454b65614ae3db0897b74303f4acf7cc75,5,727180412412521137433878,727180.412412521137
2021-05-01,10,616036061,74de5d4fcbf63e00296fd95d33236b9794016631,5,2132159236234444740531,2132.1592362344447405
2021-05-01,11,743513747,db38ae75c5f44276803345f7f02e95a0aeef5944,4,198076595576445929977775,198076.595576445930
2021-05-01,12,737407150,69090d6968b12b79cd403ee33e871284dc7e92f6,3,291209606524334442653053,291209.606524334443
2021-05-01,13,796495726,c63b0708e2f7e69cb8a1df0e1389a98c35a76d52,3,46343429301489554844386,46343.429301489555
2021-05-01,14,758897023,3328f5f2cecaf00a2443082b657cedeaf70bfaef,3,15521950695167158598214,15521.950695167159
2021-05-01,15,691983075,a79828df1850e8a3a3064576f380d90aecdd3359,2,164822914521555455684864,164822.914521555456
2021-05-01,16,624785311,0000000000007f150bd6f54c40a34d7c3d5e9f56,2,78919937214603128206915,78919.937214603128
2021-05-01,17,821344937,97e7d56a0408570ba1a7852de36350f7713906ec,2,20456426966167242779207,20456.426966167243
2021-05-01,18,713997210,b092b4601850e23903a42eacbc9d8a0eec26a4d5,2,19000000000000000000000,19000.000000000000
2021-05-01,19,606386133,9509665d015bfe3c77aa5ad6ca20c8afa1d98989,2,5959810853643826529,5.9598108536438265
2021-05-01,20,524087354,7a250d5630b4cf539739df2c5dacb4c659f2488d,1,256767939115950146643013,256767.939115950147
2021-05-01,21,546716445,22f9dcf4647084d6c31b2765f6910cd85c178c18,1,176719425297899553650125,176719.425297899554
2021-05-01,22,740231342,b3c9669a5706477a2b237d98edb9b57678926f04,1,99358229272304025518887,99358.229272304026
2021-05-01,23,576973736,6b244829ca823ad055c69e569f7ad2a3b64b2dc5,1,55098143284214716852275,55098.143284214717
2021-05-01,24,708715964,8df6084e3b84a65ab9dd2325b5422e5debd8944a,1,2970096994851703725466,2970.0969948517037255
2021-05-01,25,661440556,d3ca14c45196f56a2a0788265a8cc7e7ce968c06,1,1414809051861763870414,1414.8090518617638704
2021-05-01,26,760306398,1bd435f3c054b6e901b7b108a0ab7617c808677b,1,321996,3.2199600000000000000E-13
2021-06-01,1,796495726,c63b0708e2f7e69cb8a1df0e1389a98c35a76d52,70,528616520122467966606822,528616.520122467967
2021-06-01,2,667282315,fd0a40bc83c5fae4203dec7e5929b446b07d1c76,45,244729431687859223022232,244729.431687859223
2021-06-01,3,797454114,fd3dfb524b2da40c8a6d703c62be36b5d8540626,26,3275372661464432914075826,3275372.661464432914
2021-06-01,4,733908697,d632f22692fac7611d2aa1c0d552930d43caed3b,25,1295153913631205012285458,1295153.913631205012
2021-06-01,5,583481113,40ec5b33f54e0e8a33a975908c5ba1c14e5bbbdf,23,641519550064703199086285,641519.550064703199
2021-06-01,6,667248779,e1573b9d29e2183b1af0e743dc2754979a40d237,23,67427060543673387817927,67427.060543673388
2021-06-01,7,667300213,97c4adc5d28a86f9470c70dd91dc6cc2f20d2d4d,19,505902940420853698180727,505902.940420853698
2021-06-01,8,827271583,2dce0dda1c2f98e0f171de8333c3c6fe1bbf4877,18,251251299861584728200620,251251.299861584728
2021-06-01,9,546716445,22f9dcf4647084d6c31b2765f6910cd85c178c18,10,597592664619919092463169,597592.664619919092
2021-06-01,10,691983075,a79828df1850e8a3a3064576f380d90aecdd3359,5,679756954252435474119412,679756.954252435474
2021-06-01,11,616036061,74de5d4fcbf63e00296fd95d33236b9794016631,5,3532735138360727583865,3532.7351383607275839
2021-06-01,12,698764531,c218001e3d102e3d1de9bf2c0f7d9626d76c6f30,5,315838207621816722657,315.8382076218167227
2021-06-01,13,734363219,561b94454b65614ae3db0897b74303f4acf7cc75,4,88969401485637814063980,88969.401485637814
2021-06-01,14,713997210,b092b4601850e23903a42eacbc9d8a0eec26a4d5,3,197000000000000000000000,197000.000000000000
2021-06-01,15,833081836,4422610f73f4143a3936f8fa300329bba8833b54,3,54578704910332990284700,54578.704910332990
2021-06-01,16,849229450,3e5c122ffa75a9fe16ec0c69f7e9149203ea1a5d,3,10269496165230432864681,10269.496165230433
2021-06-01,17,811630488,d6c783b257e662ca949b441a4fcb08a53fc49914,3,6281242292623069017556,6281.2422926230690176
2021-06-01,18,802858328,10581399a549dbfffdbd9b070a0ba2f9f61620d2,2,4655617847676129236748,4655.6178476761292367
2021-06-01,19,661440556,d3ca14c45196f56a2a0788265a8cc7e7ce968c06,2,152602083431815601983,152.6020834318156020
2021-06-01,20,817927242,d754ffb697cd276ad6b0f0273521775c1a11b175,1,33444997501645625043125,33444.997501645625
2021-06-01,21,838325412,9e9f4b105e10a66b27c771811ce4defbd44567d2,1,16286225809131232556553,16286.225809131233
2021-06-01,22,697409536,a8e31ad81d609ff616645849987fef30a3ffabd9,1,10000000000000000000000,10000.0000000000000000
2021-06-01,23,760306398,1bd435f3c054b6e901b7b108a0ab7617c808677b,1,1829370627212256798732,1829.3706272122567987
2021-06-01,24,524087354,7a250d5630b4cf539739df2c5dacb4c659f2488d,1,572273641542479685037,572.2736415424796850
2021-06-01,25,566580988,88ad09518695c6c3712ac10a214be5109a655671,1,248296228551199875103,248.2962285511998751
2021-06-01,26,793928860,c36442b4a4522e871399cd717abdd847ab11fe88,1,72435389412966280625,72.4353894129662806
2021-06-01,27,850144610,1bfd6091cfd528c9cfdc9a05e0ee6af56651c7c7,1,9000000000000000000,9.0000000000000000
2021-06-01,28,599535350,d291328a6c202c5b18dcb24f279f69de1e065f70,1,1116245173181873248,1.1162451731818732
2021-06-01,29,758897023,3328f5f2cecaf00a2443082b657cedeaf70bfaef,1,1000000000000000000,1.00000000000000000000
2021-06-01,30,683068364,e054c1ab5d548e0144ab3f89a8f5809137819906,1,3978000000000000,0.00397800000000000000
2021-06-01,31,795836700,6350b0d4f9e7a52630073fe0cab6dea0f4052bf3,1,1000000000000000,0.00100000000000000000
2021-07-01,1,796495726,c63b0708e2f7e69cb8a1df0e1389a98c35a76d52,131,3151034991967550638328555,3151034.991967550638
2021-07-01,2,733908697,d632f22692fac7611d2aa1c0d552930d43caed3b,52,6668081196607251252002525,6668081.196607251252
2021-07-01,3,849229450,3e5c122ffa75a9fe16ec0c69f7e9149203ea1a5d,42,388526774734242277642767,388526.774734242278
2021-07-01,4,667282315,fd0a40bc83c5fae4203dec7e5929b446b07d1c76,39,52773786797353860896343,52773.786797353861
2021-07-01,5,797454114,fd3dfb524b2da40c8a6d703c62be36b5d8540626,38,2921069370541491695067946,2921069.370541491695
2021-07-01,6,868978312,1531c1a63a169ac75a2daae399080745fa51de44,32,813690603904201172390574,813690.603904201172
2021-07-01,7,827271583,2dce0dda1c2f98e0f171de8333c3c6fe1bbf4877,24,516975109792829755073961,516975.109792829755
2021-07-01,8,667248779,e1573b9d29e2183b1af0e743dc2754979a40d237,24,335428231190726172278344,335428.231190726172
2021-07-01,9,667300213,97c4adc5d28a86f9470c70dd91dc6cc2f20d2d4d,15,26307879827729340019626,26307.879827729340
2021-07-01,10,583481113,40ec5b33f54e0e8a33a975908c5ba1c14e5bbbdf,13,586298310282748412381070,586298.310282748412
2021-07-01,11,546716445,22f9dcf4647084d6c31b2765f6910cd85c178c18,12,780153270007226289192199,780153.270007226289
2021-07-01,12,616036061,74de5d4fcbf63e00296fd95d33236b9794016631,11,120694663143618509424701,120694.663143618509
2021-07-01,13,760306398,1bd435f3c054b6e901b7b108a0ab7617c808677b,7,187079800132164533488871,187079.800132164533
2021-07-01,14,821344937,97e7d56a0408570ba1a7852de36350f7713906ec,7,620625145346167938304,620.6251453461679383
2021-07-01,15,691983075,a79828df1850e8a3a3064576f380d90aecdd3359,6,686622459965498533115168,686622.459965498533
2021-07-01,16,793987195,a5644e29708357803b5a882d272c41cc0df92b34,6,85453520715564206609464,85453.520715564207
2021-07-01,17,811630488,d6c783b257e662ca949b441a4fcb08a53fc49914,6,49211314086612599556825,49211.314086612600
2021-07-01,18,849321637,c69ddcd4dfef25d8a793241834d4cc4b3668ead6,5,62966400317133806329414,62966.400317133806
2021-07-01,19,850144610,1bfd6091cfd528c9cfdc9a05e0ee6af56651c7c7,5,29407439348923839252664,29407.439348923839
2021-07-01,20,698764531,c218001e3d102e3d1de9bf2c0f7d9626d76c6f30,5,759135763940992733160,759.1357639409927332
2021-07-01,21,695935267,f92cd566ea4864356c5491c177a430c222d7e678,3,252458840857609000000000,252458.840857609000
2021-07-01,22,833081836,4422610f73f4143a3936f8fa300329bba8833b54,3,8793984138771952914606,8793.9841387719529146
2021-07-01,23,876843283,c176761d388caf2f56cf03329d82e1e7c48ae09c,2,36959516553531642612262,36959.516553531643
2021-07-01,24,701026736,a356867fdcea8e71aeaf87805808803806231fdc,2,541612778434669396282,541.6127784346693963
2021-07-01,25,599535350,d291328a6c202c5b18dcb24f279f69de1e065f70,2,153104373012399985392,153.1043730123999854
2021-07-01,26,831808230,8ca6fa325bc32f86a12cc4964edf1f71655007a7,2,27776036608510861,0.02777603660851086100
2021-07-01,27,845470879,e03a338d5c305613afc3877389dd3b0617233387,1,37152173263713325365185,37152.173263713325
2021-07-01,28,734363219,561b94454b65614ae3db0897b74303f4acf7cc75,1,36237602264636362192026,36237.602264636362
2021-07-01,29,697409536,a8e31ad81d609ff616645849987fef30a3ffabd9,1,8089585482488085331051,8089.5854824880853311
2021-07-01,30,868889915,0a6eafaa84188a146749d7864bb20e63bd16ea2a,1,6000000000000000000000,6000.0000000000000000
2021-07-01,31,375258248,d1818a80dac94fa1db124b9b1a1bb71dc20f228d,1,5575595023307910059779,5575.5950233079100598
2021-07-01,32,868894902,6313c160b329db59086df28ed2bf172a82f0d9d1,1,3896036030991000170162,3896.0360309910001702
2021-07-01,33,713997210,b092b4601850e23903a42eacbc9d8a0eec26a4d5,1,1222447359690640802818,1222.4473596906408028
2021-07-01,34,683068364,e054c1ab5d548e0144ab3f89a8f5809137819906,1,325887705000000000000,325.8877050000000000
2021-07-01,35,694253944,e51e9bff39baa85bd74865254d647188e1672612,1,81714279500306613800,81.7142795003066138
2021-07-01,36,701473843,b83ab1f44c2a60104bc4922d23f5fc08eeed2e67,1,80000000000000000000,80.0000000000000000
2021-07-01,37,867588846,4a14347083b80e5216ca31350a2d21702ac3650d,1,71940960855985663200,71.9409608559856632
2021-07-01,38,840272948,e66b31678d6c16e9ebf358268a790b763c133750,1,49502502664106230762,49.5025026641062308
2021-07-01,39,858075358,5f97106e1ad0d5026551e8f3b3c8ff67eabda41b,1,152265227227896498,0.15226522722789649800
2021-07-01,40,817530950,21a3d0b8289de546402fdfff2b1c860975cda090,1,25022567974325811,0.02502256797432581100
2021-07-01,41,766112437,5af7f71c7747fb0eceb2eef115c3fa34dd4998d3,1,100,1.00000000000000000000E-16
2021-08-01,1,796495726,c63b0708e2f7e69cb8a1df0e1389a98c35a76d52,89,2069353292552165646508101,2069353.292552165647
2021-08-01,2,868978312,1531c1a63a169ac75a2daae399080745fa51de44,64,1393821092789779036975983,1393821.092789779037
2021-08-01,3,821344937,97e7d56a0408570ba1a7852de36350f7713906ec,54,496737435877122569674768,496737.435877122570
2021-08-01,4,667282315,fd0a40bc83c5fae4203dec7e5929b446b07d1c76,45,183853083906958303645459,183853.083906958304
2021-08-01,5,849229450,3e5c122ffa75a9fe16ec0c69f7e9149203ea1a5d,36,408541798226666475192335,408541.798226666475
2021-08-01,6,733908697,d632f22692fac7611d2aa1c0d552930d43caed3b,30,13424393706682862211494265,13424393.706682862211
2021-08-01,7,888341279,c2a856c3aff2110c1171b8f942256d40e980c726,15,118733557269204546736856,118733.557269204547
2021-08-01,8,876843283,c176761d388caf2f56cf03329d82e1e7c48ae09c,14,427744548205250343588925,427744.548205250344
2021-08-01,9,667248779,e1573b9d29e2183b1af0e743dc2754979a40d237,14,117510593636900396701163,117510.593636900397
2021-08-01,10,667300213,97c4adc5d28a86f9470c70dd91dc6cc2f20d2d4d,14,82155139380065218791746,82155.139380065219
2021-08-01,11,827271583,2dce0dda1c2f98e0f171de8333c3c6fe1bbf4877,11,78434416801335893681888,78434.416801335894
2021-08-01,12,616036061,74de5d4fcbf63e00296fd95d33236b9794016631,11,15039616032602946293588,15039.616032602946
2021-08-01,13,891875432,27239549dd40e1d60f5b80b0c4196923745b1fd2,9,2389586328910825938841109,2389586.328910825939
2021-08-01,14,881197687,9008d19f58aabd9ed0d60971565aa8510560ab41,8,36294729260690731500416,36294.729260690732
2021-08-01,15,583481113,40ec5b33f54e0e8a33a975908c5ba1c14e5bbbdf,7,542208586025989110749968,542208.586025989111
2021-08-01,16,887739964,9de558fce4f289b305e38abe2169b75c626c114e,7,166711921242091898025622,166711.921242091898
2021-08-01,17,888165828,5696cd9054ce11625141f5ee2c65fc4d57c2a5ca,7,19443803990883180742353,19443.803990883181
2021-08-01,18,887108251,e06f8d30ac334c857fc8c380c85969c150f38a6a,6,18681595778295220225698,18681.595778295220
2021-08-01,19,760306398,1bd435f3c054b6e901b7b108a0ab7617c808677b,4,166264900745083125043686,166264.900745083125
2021-08-01,20,546716445,22f9dcf4647084d6c31b2765f6910cd85c178c18,4,152795026014416920691101,152795.026014416921
2021-08-01,21,849321637,c69ddcd4dfef25d8a793241834d4cc4b3668ead6,4,25066413119247940324791,25066.413119247940
2021-08-01,22,795836700,6350b0d4f9e7a52630073fe0cab6dea0f4052bf3,4,712722479924711547082,712.7224799247115471
2021-08-01,23,691983075,a79828df1850e8a3a3064576f380d90aecdd3359,3,1056249872308233510289676,1056249.872308233510
2021-08-01,24,734363219,561b94454b65614ae3db0897b74303f4acf7cc75,2,314725966502080650631407,314725.966502080651
2021-08-01,25,868894902,6313c160b329db59086df28ed2bf172a82f0d9d1,2,50000000000000000000000,50000.000000000000
2021-08-01,26,713997210,b092b4601850e23903a42eacbc9d8a0eec26a4d5,2,45000000000000000000000,45000.000000000000
2021-08-01,27,811630488,d6c783b257e662ca949b441a4fcb08a53fc49914,2,31636531150620399604754,31636.531150620400
2021-08-01,28,524087354,7a250d5630b4cf539739df2c5dacb4c659f2488d,2,28859456124271746340766,28859.456124271746
2021-08-01,29,890319940,34ff465ee92516e9855eb60f520df0384f410b45,1,500355615437002062524282,500355.615437002063
2021-08-01,30,840272948,e66b31678d6c16e9ebf358268a790b763c133750,1,117900982024543297778,117.9009820245432978
2021-08-01,31,698764531,c218001e3d102e3d1de9bf2c0f7d9626d76c6f30,1,5000000000000000000,5.0000000000000000
2021-08-01,32,793987195,a5644e29708357803b5a882d272c41cc0df92b34,1,2975374,2.9753740000000000E-12
2021-09-01,1,868978312,1531c1a63a169ac75a2daae399080745fa51de44,71,2844854019730255032282710,2844854.019730255032
2021-09-01,2,796495726,c63b0708e2f7e69cb8a1df0e1389a98c35a76d52,60,2149086200418700365745413,2149086.200418700366
2021-09-01,3,821344937,97e7d56a0408570ba1a7852de36350f7713906ec,33,1141055520464574309560339,1141055.520464574310
2021-09-01,4,888341279,c2a856c3aff2110c1171b8f942256d40e980c726,24,211249977526358585614291,211249.977526358586
2021-09-01,5,887108251,e06f8d30ac334c857fc8c380c85969c150f38a6a,22,141446273679745701682377,141446.273679745702
2021-09-01,6,849229450,3e5c122ffa75a9fe16ec0c69f7e9149203ea1a5d,21,359770034007310115384872,359770.034007310115
2021-09-01,7,667282315,fd0a40bc83c5fae4203dec7e5929b446b07d1c76,21,31751953879599200261363,31751.953879599200
2021-09-01,8,667248779,e1573b9d29e2183b1af0e743dc2754979a40d237,18,188706315977127521731118,188706.315977127522
2021-09-01,9,891875432,27239549dd40e1d60f5b80b0c4196923745b1fd2,17,1415512431320676711762339,1415512.431320676712
2021-09-01,10,733908697,d632f22692fac7611d2aa1c0d552930d43caed3b,14,715504543144967556255876,715504.543144967556
2021-09-01,11,616036061,74de5d4fcbf63e00296fd95d33236b9794016631,14,40737246894971777886606,40737.246894971778
2021-09-01,12,827271583,2dce0dda1c2f98e0f171de8333c3c6fe1bbf4877,10,158244174766015715725690,158244.174766015716
2021-09-01,13,914995498,d4937682df3c8aef4fe912a96a74121c0829e664,9,2667081363832667440000000,2667081.363832667440
2021-09-01,14,893398926,def171fe48cf0115b1d80b88dc8eab59176fee57,9,111351086898849299222725,111351.086898849299
2021-09-01,15,868894902,6313c160b329db59086df28ed2bf172a82f0d9d1,8,177000000000000000000000,177000.000000000000
2021-09-01,16,667300213,97c4adc5d28a86f9470c70dd91dc6cc2f20d2d4d,7,43533064833929245329403,43533.064833929245
2021-09-01,17,546716445,22f9dcf4647084d6c31b2765f6910cd85c178c18,6,126699880338956253931555,126699.880338956254
2021-09-01,18,695935267,f92cd566ea4864356c5491c177a430c222d7e678,5,1197496305985254000000000,1197496.305985254000
2021-09-01,19,874011099,28ce95124fb0d5febe6ab258072848f5fe1010ec,5,157543014125718786368897,157543.014125718786
2021-09-01,20,811630488,d6c783b257e662ca949b441a4fcb08a53fc49914,5,79970626217312870010775,79970.626217312870
2021-09-01,21,849321637,c69ddcd4dfef25d8a793241834d4cc4b3668ead6,4,254144423290377343419388,254144.423290377343
2021-09-01,22,713997210,b092b4601850e23903a42eacbc9d8a0eec26a4d5,4,123286450097325350802630,123286.450097325351
2021-09-01,23,583481113,40ec5b33f54e0e8a33a975908c5ba1c14e5bbbdf,4,52504085545110873005527,52504.085545110873
2021-09-01,24,524087354,7a250d5630b4cf539739df2c5dacb4c659f2488d,3,81534920436417142007217,81534.920436417142
2021-09-01,25,887739964,9de558fce4f289b305e38abe2169b75c626c114e,2,218200000000000000000000,218200.000000000000
2021-09-01,26,886051323,2e818c80844d35c8e1667ceca03f31074ef6bb46,2,38000000000000000000000,38000.000000000000
2021-09-01,27,541649335,7dd2be525d829d383cc9c91912adccebc254998c,2,27500000000000000000000,27500.000000000000
2021-09-01,28,793987195,a5644e29708357803b5a882d272c41cc0df92b34,2,182365,1.8236500000000000000E-13
2021-09-01,29,734363219,561b94454b65614ae3db0897b74303f4acf7cc75,1,450017701084713255705709,450017.701084713256
2021-09-01,30,881197687,9008d19f58aabd9ed0d60971565aa8510560ab41,1,15449745715508818024975,15449.745715508818
2021-09-01,31,594465552,d3e7fdd444f0957f94bc1fc09a0aa7d455cb25f1,1,5734198297637000000000,5734.1982976370000000
2021-09-01,32,833081836,4422610f73f4143a3936f8fa300329bba8833b54,1,1539001145494815270101,1539.0011454948152701
2021-09-01,33,841912429,6c765d6b957dacac398d0996cc3e32bd599c8f79,1,580551439357518359638,580.5514393575183596
2021-09-01,34,795836700,6350b0d4f9e7a52630073fe0cab6dea0f4052bf3,1,463713057999999999995,463.7130580000000000
2021-09-01,35,617041540,2dccdb493827e15a5dc8f8b72147e6c4a5620857,1,250000000000000000000,250.0000000000000000
2021-09-01,36,697409536,a8e31ad81d609ff616645849987fef30a3ffabd9,1,112687657631637667755,112.6876576316376678
2021-09-01,37,899960221,61ee9ebc408cb515998d0a08dfa712af462f67ac,1,25000000000000000000,25.0000000000000000
2021-09-01,38,909537896,8f8667137be38ca1973c908ae1a1d27cf0cacce4,1,400434330785201924,0.40043433078520192400
2021-10-01,1,796495726,c63b0708e2f7e69cb8a1df0e1389a98c35a76d52,308,6661413685159259118583188,6661413.685159259119
2021-10-01,2,821344937,97e7d56a0408570ba1a7852de36350f7713906ec,111,1797625752740823013726314,1797625.752740823014
2021-10-01,3,888341279,c2a856c3aff2110c1171b8f942256d40e980c726,98,1780754972325741172975448,1780754.972325741173
2021-10-01,4,887108251,e06f8d30ac334c857fc8c380c85969c150f38a6a,97,598519651888300369091623,598519.651888300369
2021-10-01,5,697997440,ec8c342bc3e07f05b9a782bc34e7f04fb9b44502,62,66461502737862850065031,66461.502737862850
2021-10-01,6,733908697,d632f22692fac7611d2aa1c0d552930d43caed3b,51,6503315962426113899706678,6503315.962426113900
2021-10-01,7,868978312,1531c1a63a169ac75a2daae399080745fa51de44,39,1436257073826391947846403,1436257.073826391948
2021-10-01,8,849229450,3e5c122ffa75a9fe16ec0c69f7e9149203ea1a5d,39,918274678702173110181602,918274.678702173110
2021-10-01,9,891875432,27239549dd40e1d60f5b80b0c4196923745b1fd2,38,5065529361084662502825655,5065529.361084662503
2021-10-01,10,881197687,9008d19f58aabd9ed0d60971565aa8510560ab41,38,388973019574433117383343,388973.019574433117
2021-10-01,11,667248779,e1573b9d29e2183b1af0e743dc2754979a40d237,34,733712366569484304612188,733712.366569484305
2021-10-01,12,616036061,74de5d4fcbf63e00296fd95d33236b9794016631,34,293808880858818266260385,293808.880858818266
2021-10-01,13,667282315,fd0a40bc83c5fae4203dec7e5929b446b07d1c76,32,52436510073615393544596,52436.510073615394
2021-10-01,14,893398926,def171fe48cf0115b1d80b88dc8eab59176fee57,31,1134245876108341452165138,1134245.876108341452
2021-10-01,15,938694480,5e116a4521c99324f344eb7c7bfe1f78e3226493,31,827174031330555055614715,827174.031330555056
2021-10-01,16,667300213,97c4adc5d28a86f9470c70dd91dc6cc2f20d2d4d,26,57988237831095399637221,57988.237831095400
2021-10-01,17,914995498,d4937682df3c8aef4fe912a96a74121c0829e664,12,2716335122187900533285771,2716335.122187900533
2021-10-01,18,827271583,2dce0dda1c2f98e0f171de8333c3c6fe1bbf4877,9,407227614351530125599688,407227.614351530126
2021-10-01,19,887739964,9de558fce4f289b305e38abe2169b75c626c114e,7,317000000000000000000000,317000.000000000000
2021-10-01,20,546716445,22f9dcf4647084d6c31b2765f6910cd85c178c18,6,324420347778229895267645,324420.347778229895
2021-10-01,21,868894902,6313c160b329db59086df28ed2bf172a82f0d9d1,6,172928771127738789691517,172928.771127738790
2021-10-01,22,583481113,40ec5b33f54e0e8a33a975908c5ba1c14e5bbbdf,5,19858887890804608303199,19858.887890804608
2021-10-01,23,874011099,28ce95124fb0d5febe6ab258072848f5fe1010ec,4,307480384834949275634004,307480.384834949276
2021-10-01,24,849321637,c69ddcd4dfef25d8a793241834d4cc4b3668ead6,3,103352831992674479296201,103352.831992674479
2021-10-01,25,112606556,1c3354d276b49fe8941a09b822a9100d50e88727,3,356487290305436157965,356.4872903054361580
2021-10-01,26,941600117,1ba12ae1fcfadd08fa37db849ef4b6e11e435357,2,172104000000000000000000,172104.000000000000
2021-10-01,27,923408443,fa9a30350048b2bf66865ee20363067c66f67e58,2,49262086844622660910659,49262.086844622661
2021-10-01,28,811630488,d6c783b257e662ca949b441a4fcb08a53fc49914,2,43596212109041954222865,43596.212109041954
2021-10-01,29,916097869,3ee18b2214aff97000d974cf647e7c347e8fa585,2,20514000000000000000000,20514.000000000000
2021-10-01,30,524087354,7a250d5630b4cf539739df2c5dacb4c659f2488d,2,14871935734219660287979,14871.935734219660
2021-10-01,31,840272948,e66b31678d6c16e9ebf358268a790b763c133750,2,2465657211541763520477,2465.6572115417635205
2021-10-01,32,734363219,561b94454b65614ae3db0897b74303f4acf7cc75,1,1374383739245289794013859,1374383.739245289794
2021-10-01,33,956061512,961d2b694d9097f35cfffa363ef98823928a330d,1,782197337841036790998164,782197.337841036791
2021-10-01,34,766175664,0f43a7e3f7b529015b0517d0d9aa9b95701fd2cb,1,500000000000000000000000,500000.000000000000
2021-10-01,35,890319940,34ff465ee92516e9855eb60f520df0384f410b45,1,149049342755945296556659,149049.342755945297
2021-10-01,36,884510309,911605012f87a3017322c81fcb4c90ada7c09116,1,99853987037694324147781,99853.987037694324
2021-10-01,37,453275574,eb7a8f768b7ec4276bd440ebb652538750ab1203,1,23784627298299381778590,23784.627298299382
2021-10-01,38,691983075,a79828df1850e8a3a3064576f380d90aecdd3359,1,10257688468984013852010,10257.688468984014
2021-10-01,39,713997210,b092b4601850e23903a42eacbc9d8a0eec26a4d5,1,7390000000000000000000,7390.0000000000000000
2021-10-01,40,723599174,e880e3d1f724e4a5113e52e47eb0bb8fc05edf0c,1,6000000000000000000000,6000.0000000000000000
2021-10-01,41,886051323,2e818c80844d35c8e1667ceca03f31074ef6bb46,1,5793285984778349391929,5793.2859847783493919
2021-10-01,42,868889915,0a6eafaa84188a146749d7864bb20e63bd16ea2a,1,5000000000000000000000,5000.0000000000000000
2021-10-01,43,944491348,839a989be40f2d60f00beeb648903732c041cbd7,1,4961788787177423492914,4961.7887871774234929
2021-10-01,44,841912429,6c765d6b957dacac398d0996cc3e32bd599c8f79,1,4738934336191009650521,4738.9343361910096505
2021-10-01,45,658134785,9bc447a0d216ce21c9008583059953107607709c,1,2000000000000000000000,2000.0000000000000000
2021-10-01,46,535537969,bc159b71c296c21a1895a8ddf0aa45969c5f17c2,1,2000000000000000000000,2000.0000000000000000
2021-10-01,47,904359524,14e6d67f824c3a7b4329d3228807f8654294e4bd,1,1962633981953290474578,1962.6339819532904746
2021-10-01,48,759003222,26d26b1a0243566d1cd38ff9afd5fd3f0fb6cbb4,1,1907651157828508932612,1907.6511578285089326
2021-10-01,49,830746630,d6b88257e91e4e4d4e990b3a858c849ef2dfde8c,1,1004048950865390567161,1004.0489508653905672
2021-10-01,50,641098429,9e6b62e01807776f75518c94c857829292902db8,1,1000000000000000000000,1000.0000000000000000
2021-10-01,51,533607371,08103e240b6be73e29319d9b9dbe9268e32a0b02,1,1000000000000000000000,1000.0000000000000000
2021-10-01,52,589666606,d9e1ce17f2641f24ae83637ab66a2cca9c378b9f,1,999135101532178119114,999.1351015321781191
2021-10-01,53,793987195,a5644e29708357803b5a882d272c41cc0df92b34,1,806820713472694324060,806.8207134726943241
2021-10-01,54,931271069,ddf6b5b2ba110a0267bffb86aeabfe2637cb8375,1,750000000000000000000,750.0000000000000000
2021-10-01,55,698764531,c218001e3d102e3d1de9bf2c0f7d9626d76c6f30,1,664661451218923716341,664.6614512189237163
2021-10-01,56,942307080,c7f48fb6dbb6f8a3eed90553017cdf5725dc44ac,1,500000000000000000000,500.0000000000000000
2021-10-01,57,695935267,f92cd566ea4864356c5491c177a430c222d7e678,1,100000000000000000000,100.0000000000000000
2021-10-01,58,75108215,418b6e236d31943af4e3511d525a26dfe8f08ce2,1,1,1.000000000000000000E-18
2021-11-01,1,796495726,c63b0708e2f7e69cb8a1df0e1389a98c35a76d52,2119,34828243987173464067899593,34828243.987173464068
2021-11-01,2,697997440,ec8c342bc3e07f05b9a782bc34e7f04fb9b44502,1234,5526316090478321454839649,5526316.090478321455
2021-11-01,3,888341279,c2a856c3aff2110c1171b8f942256d40e980c726,1039,9729543344310156381123136,9729543.344310156381
2021-11-01,4,616036061,74de5d4fcbf63e00296fd95d33236b9794016631,543,4607120842866269466394453,4607120.842866269466
2021-11-01,5,821344937,97e7d56a0408570ba1a7852de36350f7713906ec,453,6169634233883666931785466,6169634.233883666932
2021-11-01,6,887108251,e06f8d30ac334c857fc8c380c85969c150f38a6a,367,3327257671549625578249474,3327257.671549625578
2021-11-01,7,733908697,d632f22692fac7611d2aa1c0d552930d43caed3b,279,31622696113577132183151430,31622696.113577132183
2021-11-01,8,881197687,9008d19f58aabd9ed0d60971565aa8510560ab41,256,4451935314100720105398503,4451935.314100720105
2021-11-01,9,893398926,def171fe48cf0115b1d80b88dc8eab59176fee57,141,5727559506230997068852094,5727559.506230997069
2021-11-01,10,891875432,27239549dd40e1d60f5b80b0c4196923745b1fd2,128,4662858852852081886111969,4662858.852852081886
2021-11-01,11,667282315,fd0a40bc83c5fae4203dec7e5929b446b07d1c76,90,133179648937481884133513,133179.648937481884
2021-11-01,12,667300213,97c4adc5d28a86f9470c70dd91dc6cc2f20d2d4d,69,293764956358770527578911,293764.956358770528
2021-11-01,13,667248779,e1573b9d29e2183b1af0e743dc2754979a40d237,66,1806306151640370312372512,1806306.151640370312
2021-11-01,14,891607506,2796317b0ff8538f253012862c06787adfb8ceb6,62,1886003665794776160315813,1886003.665794776160
2021-11-01,15,583481113,40ec5b33f54e0e8a33a975908c5ba1c14e5bbbdf,45,2272554633936114497945603,2272554.633936114498
2021-11-01,16,868978312,1531c1a63a169ac75a2daae399080745fa51de44,45,1389308665755854495314029,1389308.665755854495
2021-11-01,17,968003125,1111111254fb6c44bac0bed2854e76f90643097d,42,6799925474148633605362825,6799925.474148633605
2021-11-01,18,209499427,d152f549545093347a162dce210e7293f1452150,36,359907900000000000000000,359907.900000000000
2021-11-01,19,827271583,2dce0dda1c2f98e0f171de8333c3c6fe1bbf4877,30,534082043332262095679977,534082.043332262096
2021-11-01,20,849229450,3e5c122ffa75a9fe16ec0c69f7e9149203ea1a5d,18,432451026103117317670312,432451.026103117318
2021-11-01,21,914995498,d4937682df3c8aef4fe912a96a74121c0829e664,16,1187854226888891322633075,1187854.226888891323
2021-11-01,22,938694480,5e116a4521c99324f344eb7c7bfe1f78e3226493,14,413596001233988920976914,413596.001233988921
2021-11-01,23,976571213,4f60a160d8c2dddaafe16fcc57566db84d674bd6,13,327133820000000000000000,327133.820000000000
2021-11-01,24,923408443,fa9a30350048b2bf66865ee20363067c66f67e58,12,829615048556312219748670,829615.048556312220
2021-11-01,25,546716445,22f9dcf4647084d6c31b2765f6910cd85c178c18,11,245532075456840890896843,245532.075456840891
2021-11-01,26,916097869,3ee18b2214aff97000d974cf647e7c347e8fa585,9,509231524222910000000000,509231.524222910000
2021-11-01,27,887739964,9de558fce4f289b305e38abe2169b75c626c114e,8,167879088999810640501857,167879.088999810641
2021-11-01,28,840272948,e66b31678d6c16e9ebf358268a790b763c133750,8,20469555001041648165278,20469.555001041648
2021-11-01,29,698764531,c218001e3d102e3d1de9bf2c0f7d9626d76c6f30,8,3733721353857606062898,3733.7213538576060629
2021-11-01,30,954312737,66e901b750b6ffdbe2262569089bb61a27a19928,7,36588507694298009870828,36588.507694298010
2021-11-01,31,5668239,f7845cc3d24a511e15a0368871465f0dc5ae4fb1,6,60000000000000000000000,60000.000000000000
2021-11-01,32,811630488,d6c783b257e662ca949b441a4fcb08a53fc49914,5,76962326923896161566648,76962.326923896162
2021-11-01,33,733645442,756fe13740241486359b6b16e7f2740989aafaf7,4,120000920906740044422987,120000.920906740044
2021-11-01,34,849321637,c69ddcd4dfef25d8a793241834d4cc4b3668ead6,4,55485763013256474126343,55485.763013256474
2021-11-01,35,691983075,a79828df1850e8a3a3064576f380d90aecdd3359,3,4109476687426217115257068,4109476.687426217115
2021-11-01,36,868894902,6313c160b329db59086df28ed2bf172a82f0d9d1,3,120330560651245275065205,120330.560651245275
2021-11-01,37,903288647,4d97db908ec7be2ad752561fe39b289f076b60f4,3,79906375643989986819171,79906.375643989987
2021-11-01,38,661440556,d3ca14c45196f56a2a0788265a8cc7e7ce968c06,3,61000000000000000000000,61000.000000000000
2021-11-01,39,13380817,ca9cbd376488dd77187e99864ba7ce1ff670cb69,3,30000000000000000000000,30000.000000000000
2021-11-01,40,837363516,b0824a58f3d26b6df4a037fc85b548f2a6eec096,3,4501639617572505306244,4501.6396175725053062
2021-11-01,41,946159382,baaa1f5dba42c3389bdbc2c9d2de134f5cd0dc89,2,474384955237199319117166,474384.955237199319
2021-11-01,42,695935267,f92cd566ea4864356c5491c177a430c222d7e678,2,46302017692304000000000,46302.017692304000
2021-11-01,43,910349818,534bd92fe6bef30660477c9c49ab5090346cf200,2,20000000000000000000000,20000.000000000000
2021-11-01,44,944491348,839a989be40f2d60f00beeb648903732c041cbd7,2,10299257067498852850377,10299.257067498853
2021-11-01,45,760306398,1bd435f3c054b6e901b7b108a0ab7617c808677b,2,2269395416425254904037,2269.3954164252549040
2021-11-01,46,955720260,220bda5c8994804ac96ebe4df184d25e5c2196d4,2,59000775429748466405,59.0007754297484664
2021-11-01,47,734363219,561b94454b65614ae3db0897b74303f4acf7cc75,1,399745526139524881030483,399745.526139524881
2021-11-01,48,715873857,a919538ceab5c64608945865835dbc10540feb1d,1,101406510393594665315964,101406.510393594665
2021-11-01,49,833081836,4422610f73f4143a3936f8fa300329bba8833b54,1,63630562420228768736189,63630.562420228769
2021-11-01,50,972029221,cc7673c2a7c31f306a224ee76b5a94c4aafa938e,1,30050000000000000000000,30050.000000000000
2021-11-01,51,606664931,ce360423ceb49c4c93a70ee7f2d35c2d16d18e07,1,28000000000000000000000,28000.000000000000
2021-11-01,52,833062396,3098cfaaba3795ab98dc2d5066ec4d2584ae7c68,1,27394856351047107294822,27394.856351047107
2021-11-01,53,989632346,c3b6315132d696302dda91c294acef5031546451,1,25000000000000000000000,25000.000000000000
2021-11-01,54,654527983,3094e8065713c44c4da6ed3eb80e24d2ddd3de11,1,24937237141698078130065,24937.237141698078
2021-11-01,55,654796878,30e28648e903f077f120e48330b005822760ddbb,1,21462175981960295691413,21462.175981960296
2021-11-01,56,708566405,497d32a3f4e9a4aced0a485c905a167b0517fe0d,1,21213755715315219223402,21213.755715315219
2021-11-01,57,866889895,2bce696f3baf3d6b86b00af1a909d25b8819c938,1,14990846832119847631039,14990.846832119848
2021-11-01,58,701026736,a356867fdcea8e71aeaf87805808803806231fdc,1,11716963283709866541222,11716.963283709867
2021-11-01,59,333543418,f4d430dd8eaa0412c802ffb450250cc8b6117895,1,10677507453893262960315,10677.507453893263
2021-11-01,60,542290979,b3f59106c5c5e93926145115d75d7837b5701a91,1,10546705587215704433748,10546.705587215704
2021-11-01,61,741142052,ce312e4d297fed6c41630dffb6f0463710190a9e,1,10476506160730577180351,10476.506160730577
2021-11-01,62,512830922,62b8b2bcdcfd6a3156086fa42fa7416205c7519d,1,10030000000000000000000,10030.0000000000000000
2021-11-01,63,602748102,c36ed8a273bec828fdd8f4697d75a279431d57ad,1,10001000000000000000000,10001.0000000000000000
2021-11-01,64,793030257,a150da57fe14e1964164fd52b55759c2649c5e9a,1,10000000000000000000000,10000.0000000000000000
2021-11-01,65,753548,9f7dd5ea934d188a599567ee104e97fa46cb4496,1,10000000000000000000000,10000.0000000000000000
2021-11-01,66,171260384,3dac271d1b36a434880c527a678b6487ac9c1f8c,1,10000000000000000000000,10000.0000000000000000
2021-11-01,67,536697070,7c74f84ab9d211b0ad306fd793c593b744135c49,1,10000000000000000000000,10000.0000000000000000
2021-11-01,68,581273271,440ba306bd3c67c00668d29067085b40fd82f61b,1,10000000000000000000000,10000.0000000000000000
2021-11-01,69,608422949,55476613b0fcf1cf75450641e6e8d0e2995d20f9,1,10000000000000000000000,10000.0000000000000000
2021-11-01,70,569625637,7e43ce9899999a97bce6f6b1e689a66111069d3b,1,10000000000000000000000,10000.0000000000000000
2021-11-01,71,979559873,3dc6b6d381e1a002ce39de4d1871a46608adfa99,1,4270070003141314605777,4270.0700031413146058
2021-11-01,72,885692262,765d126849cf5d0d71eb7e1ea40c6476608a91e8,1,3938432726057037070585,3938.4327260570370706
2021-11-01,73,591969427,e5621eb62ab4b6ceed2617021af183e17d57fd14,1,3141968629212893055793,3141.9686292128930558
2021-11-01,74,616000366,16f1760ed9321eac4788514b1e5cce598ab3c43a,1,3000000000000000000000,3000.0000000000000000
2021-11-01,75,940481807,276e31882ad6c784858cde5770b21ee09d79b744,1,2896620719771544770110,2896.6207197715447701
2021-11-01,76,761697050,f6cdba86999372f8b9104234885edfdaa1eb01d1,1,2826366940805670473671,2826.3669408056704737
2021-11-01,77,840026221,e7cf4eb705d2c2b60621506ad0587353901dfa27,1,2637011983188244987507,2637.0119831882449875
2021-11-01,78,516608424,f251efb1d2f28204b2cd77ff30e9dc7564adfafd,1,2400000000000000000000,2400.0000000000000000
2021-11-01,79,890319940,34ff465ee92516e9855eb60f520df0384f410b45,1,2006683710109589259114,2006.6837101095892591
2021-11-01,80,870406049,b1cfdc7370550f5e421e1bf0bf3cadfadf3c4141,1,1807693571496010285615,1807.6935714960102856
2021-11-01,81,913405959,40f8014da22296305ca1732161271e9f3a01e200,1,1790803005197242685364,1790.8030051972426854
2021-11-01,82,802510826,562680a4dc50ed2f14d75bf31f494cfe0b8d10a1,1,1729060000000000000000,1729.0600000000000000
2021-11-01,83,798851708,b405e28a0ef8573a35c8c34b877f2cacc49e6583,1,1705596927137280673039,1705.5969271372806730
2021-11-01,84,845470879,e03a338d5c305613afc3877389dd3b0617233387,1,1589048596935946559345,1589.0485969359465593
2021-11-01,85,394235551,b2ab92049645d0395d17b1d0b8152de9a7032945,1,1267705101457112758277,1267.7051014571127583
2021-11-01,86,951051252,cf982b0adc79128e230926ad2ccfa8906433ba41,1,1105225603485582533454,1105.2256034855825335
2021-11-01,87,914406290,28b54e898edd3e758b9b3cf202b4be2e6a50e9a5,1,1100000000000000000000,1100.0000000000000000
2021-11-01,88,682088227,227fd2fd881cc6c99dfccc0fb40f2b1dc2f3f36e,1,988000000000000535370,988.0000000000005354
2021-11-01,89,737818791,19543cef90840ab2cf7deee93b7b91f5c9e5d0ce,1,413529010119870501333,413.5290101198705013
2021-11-01,90,949960783,dd56a5c540c68fc348dfa04ae6bc51bd301363a4,1,177195747822783692800,177.1957478227836928
2021-11-01,91,776818517,bf842c92b450613431a5232e6e528670e396386e,1,15000000000000000000,15.0000000000000000
2021-11-01,92,715173022,57f6548314ae198c451c397050507e6af863ec0d,1,206339981818263768,0.20633998181826376800
2021-11-01,93,966138347,639d20f70bcc01a25355720ef6590beab6e4a0e7,1,29318099691095990,0.02931809969109599000
2021-11-01,94,979760530,dd75f85b8da0e50a858bb2af956cbd53ce1c968a,1,0,0E-36
2021-12-01,1,796495726,c63b0708e2f7e69cb8a1df0e1389a98c35a76d52,247,13478392230789802523063516,13478392.230789802523
2021-12-01,2,891607506,2796317b0ff8538f253012862c06787adfb8ceb6,184,7302460888583417436024522,7302460.888583417436
2021-12-01,3,697997440,ec8c342bc3e07f05b9a782bc34e7f04fb9b44502,146,713725090213045109422564,713725.090213045109
2021-12-01,4,616036061,74de5d4fcbf63e00296fd95d33236b9794016631,117,837653137821413739536722,837653.137821413740
2021-12-01,5,1011184216,6021444f1706f15465bee85463bcc7d7cc17fc03,113,1586111114167986884839613,1586111.114167986885
2021-12-01,6,888341279,c2a856c3aff2110c1171b8f942256d40e980c726,83,1393794750077283138673281,1393794.750077283139
2021-12-01,7,821344937,97e7d56a0408570ba1a7852de36350f7713906ec,72,2903078840884033627513144,2903078.840884033628
2021-12-01,8,733908697,d632f22692fac7611d2aa1c0d552930d43caed3b,67,18390061859958507520429263,18390061.859958507520
2021-12-01,9,667282315,fd0a40bc83c5fae4203dec7e5929b446b07d1c76,61,37826019714086391844785,37826.019714086392
2021-12-01,10,881197687,9008d19f58aabd9ed0d60971565aa8510560ab41,46,5410839641183778467572555,5410839.641183778468
2021-12-01,11,887108251,e06f8d30ac334c857fc8c380c85969c150f38a6a,32,105219663707762753412863,105219.663707762753
2021-12-01,12,667248779,e1573b9d29e2183b1af0e743dc2754979a40d237,31,644864430911704278267169,644864.430911704278
2021-12-01,13,868978312,1531c1a63a169ac75a2daae399080745fa51de44,25,580559432022137700591079,580559.432022137701
2021-12-01,14,667300213,97c4adc5d28a86f9470c70dd91dc6cc2f20d2d4d,16,87360851557468838502357,87360.851557468839
2021-12-01,15,849229450,3e5c122ffa75a9fe16ec0c69f7e9149203ea1a5d,14,375665628755538180610853,375665.628755538181
2021-12-01,16,976571213,4f60a160d8c2dddaafe16fcc57566db84d674bd6,14,241311465000000000000000,241311.465000000000
2021-12-01,17,968003125,1111111254fb6c44bac0bed2854e76f90643097d,13,8140556565455846205774341,8140556.565455846206
2021-12-01,18,944491348,839a989be40f2d60f00beeb648903732c041cbd7,13,855281680597297830081314,855281.680597297830
2021-12-01,19,893398926,def171fe48cf0115b1d80b88dc8eab59176fee57,10,1792292121627616082052158,1792292.121627616082
2021-12-01,20,914995498,d4937682df3c8aef4fe912a96a74121c0829e664,9,5250685929024841873904785,5250685.929024841874
2021-12-01,21,530746224,abea9132b05a70803a4e85094fd0e1800777fbef,7,1000904625039000000000000,1000904.625039000000
2021-12-01,22,938694480,5e116a4521c99324f344eb7c7bfe1f78e3226493,7,487416000000000000000000,487416.000000000000
2021-12-01,23,840272948,e66b31678d6c16e9ebf358268a790b763c133750,6,2084330201683621723989,2084.3302016836217240
2021-12-01,24,209499427,d152f549545093347a162dce210e7293f1452150,6,6000000000000000000,6.0000000000000000
2021-12-01,25,811630488,d6c783b257e662ca949b441a4fcb08a53fc49914,5,70920412120813010712157,70920.412120813011
2021-12-01,26,849321637,c69ddcd4dfef25d8a793241834d4cc4b3668ead6,4,222448982324377596041592,222448.982324377596
2021-12-01,27,992675953,6b4ee7352406707003bc6f6b96595fd35925af48,4,166019275131222465015289,166019.275131222465
2021-12-01,28,996885826,8922c1147e141c055fddfc0ed5a119f3378c8ef8,4,120000000000000000000000,120000.000000000000
2021-12-01,29,1021562979,87d82f6d04df657bb9a095e9ebe6a1eeb145e557,4,40000000000000000,0.04000000000000000000
2021-12-01,30,691983075,a79828df1850e8a3a3064576f380d90aecdd3359,3,484826204671336193446730,484826.204671336193
2021-12-01,31,1008758708,b612c37688861f1f90761dc7f382c2af3a50cc39,3,29056812652879678274151,29056.812652879678
2021-12-01,32,827271583,2dce0dda1c2f98e0f171de8333c3c6fe1bbf4877,3,25994862611986147841998,25994.862611986148
2021-12-01,33,802510826,562680a4dc50ed2f14d75bf31f494cfe0b8d10a1,3,1860600000000000000000,1860.6000000000000000
2021-12-01,34,743899457,23ddd3e3692d1861ed57ede224608875809e127f,2,338095639053200973424288,338095.639053200973
2021-12-01,35,916097869,3ee18b2214aff97000d974cf647e7c347e8fa585,2,229645314899650000000000,229645.314899650000
2021-12-01,36,583481113,40ec5b33f54e0e8a33a975908c5ba1c14e5bbbdf,2,28981314972717182651571,28981.314972717183
2021-12-01,37,698764531,c218001e3d102e3d1de9bf2c0f7d9626d76c6f30,2,416260163786078980316,416.2601637860789803
2021-12-01,38,946159382,baaa1f5dba42c3389bdbc2c9d2de134f5cd0dc89,1,3601925994613744819154805,3601925.994613744819
2021-12-01,39,989632346,c3b6315132d696302dda91c294acef5031546451,1,1500000000000000000000000,1500000.000000000000
2021-12-01,40,546716445,22f9dcf4647084d6c31b2765f6910cd85c178c18,1,1392777060046996056426769,1392777.060046996056
2021-12-01,41,556417370,4a75f0ae51a5d616ada4db52be140d89302aaf78,1,100096614492201114611263,100096.614492201115
2021-12-01,42,923408443,fa9a30350048b2bf66865ee20363067c66f67e58,1,40795250441800881992686,40795.250441800882
2021-12-01,43,915980113,482404804651de9631f5fad965afd3f384ffdc84,1,35993840997338835032203,35993.840997338835
2021-12-01,44,870406049,b1cfdc7370550f5e421e1bf0bf3cadfadf3c4141,1,22814063145076252065247,22814.063145076252
2021-12-01,45,891875432,27239549dd40e1d60f5b80b0c4196923745b1fd2,1,20176906204462589564988,20176.906204462590
2021-12-01,46,652358755,63a1d631c18657b409f3220df0e93b47a16d6363,1,14991818878921545104929,14991.818878921545
2021-12-01,47,790873340,9eed555a7b54471a0808cec8d176980323674bc8,1,13208000000000000000000,13208.000000000000
2021-12-01,48,890308088,88416bd15e3ef6493aa539a22e0ed12a1e9663e3,1,10480864051829882194121,10480.864051829882
2021-12-01,49,857340045,7417e3bcde8726908895152a8f3925a756b1894d,1,9929666629600390609709,9929.6666296003906097
2021-12-01,50,954312737,66e901b750b6ffdbe2262569089bb61a27a19928,1,7546005846205436102691,7546.0058462054361027
2021-12-01,51,976692849,8ce5796ef6b0c5918025bcf4f9ca908201b030b3,1,4730296340103273480448,4730.2963401032734804
2021-12-01,52,589666606,d9e1ce17f2641f24ae83637ab66a2cca9c378b9f,1,4591576316419816069871,4591.5763164198160699
2021-12-01,53,845470879,e03a338d5c305613afc3877389dd3b0617233387,1,3165943176973292511550,3165.9431769732925116
2021-12-01,54,890319940,34ff465ee92516e9855eb60f520df0384f410b45,1,2402059612444958628331,2402.0596124449586283
2021-12-01,55,674807649,f9bbb08373ef7367987985bdd8dfb8b4a6569029,1,1558000000000000000000,1558.0000000000000000
2021-12-01,56,697409536,a8e31ad81d609ff616645849987fef30a3ffabd9,1,1254096589064305238669,1254.0965890643052387
2021-12-01,57,675700531,9d6588604d7e6d1d7a8fcf354ddb8ff658a51f24,1,1000000000000000000000,1000.0000000000000000
2021-12-01,58,895082626,1a77a0ad7ec1fbf52dbafa752a35b98bb8d5984a,1,929940731000000000000,929.9407310000000000
2021-12-01,59,874011099,28ce95124fb0d5febe6ab258072848f5fe1010ec,1,747106842104861275541,747.1068421048612755
2021-12-01,60,892868863,018d5c4783f5317815f6e8168942a12adde3cd3c,1,229223506724450441011,229.2235067244504410
2021-12-01,61,955720260,220bda5c8994804ac96ebe4df184d25e5c2196d4,1,122006255163374291163,122.0062551633742912
2021-12-01,62,893320932,118e9bcf8013c11383a9ef1067efc8046f6ab8ee,1,66068932159631140771,66.0689321596311408
2021-12-01,63,904359524,14e6d67f824c3a7b4329d3228807f8654294e4bd,1,37570184069605174211,37.5701840696051742
2021-12-01,64,1006079602,b37d31b2a74029b5951a2778f959282e2d518595,1,23014755862802039393,23.0147558628020394
2021-12-01,65,966138347,639d20f70bcc01a25355720ef6590beab6e4a0e7,1,418172654960921610,0.41817265496092161000
2022-01-01,1,796495726,c63b0708e2f7e69cb8a1df0e1389a98c35a76d52,245,21175637857960508919427501,21175637.857960508919
2022-01-01,2,1011184216,6021444f1706f15465bee85463bcc7d7cc17fc03,169,2238387448454160062170431,2238387.448454160062
2022-01-01,3,697997440,ec8c342bc3e07f05b9a782bc34e7f04fb9b44502,141,620909003100477547066471,620909.003100477547
2022-01-01,4,891607506,2796317b0ff8538f253012862c06787adfb8ceb6,120,4289477437292690567276455,4289477.437292690567
2022-01-01,5,733908697,d632f22692fac7611d2aa1c0d552930d43caed3b,110,46288340543948651169643455,46288340.543948651170
2022-01-01,6,616036061,74de5d4fcbf63e00296fd95d33236b9794016631,91,713446405914209590489805,713446.405914209590
2022-01-01,7,667282315,fd0a40bc83c5fae4203dec7e5929b446b07d1c76,89,58324400604467255078753,58324.400604467255
2022-01-01,8,888341279,c2a856c3aff2110c1171b8f942256d40e980c726,80,3978008552366232195543957,3978008.552366232196
2022-01-01,9,881197687,9008d19f58aabd9ed0d60971565aa8510560ab41,68,42988349340247772828911987,42988349.340247772829
2022-01-01,10,821344937,97e7d56a0408570ba1a7852de36350f7713906ec,62,1402034505740538302490623,1402034.505740538302
2022-01-01,11,968003125,1111111254fb6c44bac0bed2854e76f90643097d,31,30946525894548216696209489,30946525.894548216696
2022-01-01,12,893398926,def171fe48cf0115b1d80b88dc8eab59176fee57,26,4287499009195700784924126,4287499.009195700785
2022-01-01,13,667248779,e1573b9d29e2183b1af0e743dc2754979a40d237,26,3250169587771216440918430,3250169.587771216441
2022-01-01,14,667300213,97c4adc5d28a86f9470c70dd91dc6cc2f20d2d4d,25,32201441871677480614746,32201.441871677481
2022-01-01,15,868978312,1531c1a63a169ac75a2daae399080745fa51de44,23,5132481363469355899864050,5132481.363469355900
2022-01-01,16,944491348,839a989be40f2d60f00beeb648903732c041cbd7,16,3630468990499524859325483,3630468.990499524859
2022-01-01,17,914995498,d4937682df3c8aef4fe912a96a74121c0829e664,14,13558500000000000000000000,13558500.000000000000
2022-01-01,18,887108251,e06f8d30ac334c857fc8c380c85969c150f38a6a,13,388240108220986291053226,388240.108220986291
2022-01-01,19,976571213,4f60a160d8c2dddaafe16fcc57566db84d674bd6,13,378922330400000000000000,378922.330400000000
2022-01-01,20,1006079602,b37d31b2a74029b5951a2778f959282e2d518595,9,1472840448663316589065243,1472840.448663316589
2022-01-01,21,1008758708,b612c37688861f1f90761dc7f382c2af3a50cc39,9,228548965678495755464968,228548.965678495755
2022-01-01,22,938694480,5e116a4521c99324f344eb7c7bfe1f78e3226493,8,2797316762743711256634704,2797316.762743711257
2022-01-01,23,698764531,c218001e3d102e3d1de9bf2c0f7d9626d76c6f30,7,2078253771020576242249,2078.2537710205762422
2022-01-01,24,849321637,c69ddcd4dfef25d8a793241834d4cc4b3668ead6,6,747274214076236422992211,747274.214076236423
2022-01-01,25,890308088,88416bd15e3ef6493aa539a22e0ed12a1e9663e3,6,216754900558599381369429,216754.900558599381
2022-01-01,26,849229450,3e5c122ffa75a9fe16ec0c69f7e9149203ea1a5d,6,76989665692812687239045,76989.665692812687
2022-01-01,27,840272948,e66b31678d6c16e9ebf358268a790b763c133750,6,11222789983382581330156,11222.789983382581
2022-01-01,28,546716445,22f9dcf4647084d6c31b2765f6910cd85c178c18,5,5855431316978724995876434,5855431.316978724996
2022-01-01,29,583481113,40ec5b33f54e0e8a33a975908c5ba1c14e5bbbdf,5,486579703960085843702757,486579.703960085844
2022-01-01,30,743899457,23ddd3e3692d1861ed57ede224608875809e127f,5,158460618993627761323069,158460.618993627761
2022-01-01,31,691983075,a79828df1850e8a3a3064576f380d90aecdd3359,4,10032311020904001541346981,10032311.020904001541
2022-01-01,32,530746224,abea9132b05a70803a4e85094fd0e1800777fbef,4,1000466135973270000000000,1000466.135973270000
2022-01-01,33,916097869,3ee18b2214aff97000d974cf647e7c347e8fa585,4,270005170814190000000000,270005.170814190000
2022-01-01,34,802510826,562680a4dc50ed2f14d75bf31f494cfe0b8d10a1,4,66620130000000000000000,66620.130000000000
2022-01-01,35,1048448763,8a1d0db124d33772082a0f4558ec17d7c9f6e525,4,47763107537005166417864,47763.107537005166
2022-01-01,36,734363219,561b94454b65614ae3db0897b74303f4acf7cc75,3,5006661407411986458838798,5006661.407411986459
2022-01-01,37,992675953,6b4ee7352406707003bc6f6b96595fd35925af48,3,413558078016754885435960,413558.078016754885
2022-01-01,38,923408443,fa9a30350048b2bf66865ee20363067c66f67e58,3,50135854972375459079948,50135.854972375459
2022-01-01,39,209499427,d152f549545093347a162dce210e7293f1452150,3,3182960000000000000000,3182.9600000000000000
2022-01-01,40,941600117,1ba12ae1fcfadd08fa37db849ef4b6e11e435357,2,300000000000000000000000,300000.000000000000
2022-01-01,41,617041540,2dccdb493827e15a5dc8f8b72147e6c4a5620857,2,103075000000000000000000,103075.000000000000
2022-01-01,42,996885826,8922c1147e141c055fddfc0ed5a119f3378c8ef8,2,79000000000000000000000,79000.000000000000
2022-01-01,43,1027394862,694650a0b2866472c2eea27827ce6253c1d13074,2,10998792079844382464557,10998.792079844382
2022-01-01,44,872852435,61b802e587972b3972b513d6cfebd3a18fc6296a,1,1000000000000000000000000,1000000.000000000000
2022-01-01,45,982669002,51399b32cd0186bb32230e24167489f3b2f47870,1,500000000000000000000000,500000.000000000000
2022-01-01,46,887739964,9de558fce4f289b305e38abe2169b75c626c114e,1,250000000000000000000000,250000.000000000000
2022-01-01,47,890319940,34ff465ee92516e9855eb60f520df0384f410b45,1,170883891254131010301165,170883.891254131010
2022-01-01,48,868894902,6313c160b329db59086df28ed2bf172a82f0d9d1,1,100000000000000000000000,100000.000000000000
2022-01-01,49,946159382,baaa1f5dba42c3389bdbc2c9d2de134f5cd0dc89,1,96387327092956249790467,96387.327092956250
2022-01-01,50,989632346,c3b6315132d696302dda91c294acef5031546451,1,70000000000000000000000,70000.000000000000
2022-01-01,51,1013690405,94671a3cee8c7a12ea72602978d1bb84e920efb2,1,64819934815101132931116,64819.934815101133
2022-01-01,52,891240671,67f60b0891ebd842ebe55e4ccca1098d7aac1a55,1,51993698455264451604363,51993.698455264452
2022-01-01,53,743086225,245cc372c84b3645bf0ffe6538620b04a217988b,1,23000000000000000000000,23000.000000000000
2022-01-01,54,390058,af8c992578bcd951bd9d92e12220eb8bcfbf6539,1,18908239912193689395070,18908.239912193689
2022-01-01,55,939774742,f1eb1907d16d0fdb10b307891461248dbbd54a41,1,17758000000000000000000,17758.000000000000
2022-01-01,56,891875432,27239549dd40e1d60f5b80b0c4196923745b1fd2,1,17387646784316248691282,17387.646784316249
2022-01-01,57,1038411705,88a69b4e698a4b090df6cf5bd7b2d47325ad30a3,1,16843000000000000000000,16843.000000000000
2022-01-01,58,707971574,33ee1fa9ed670001d1740419192142931e088e79,1,15988356198937834953702,15988.356198937835
2022-01-01,59,856137869,6c7877268bad81688374181aeafd5124eac45828,1,9476000000000000000000,9476.0000000000000000
2022-01-01,60,760306398,1bd435f3c054b6e901b7b108a0ab7617c808677b,1,7704041310945848035939,7704.0413109458480359
2022-01-01,61,661440556,d3ca14c45196f56a2a0788265a8cc7e7ce968c06,1,6878417017188497938532,6878.4170171884979385
2022-01-01,62,12687043,069d6d73dcf07ec4f3f021d61f8b1a5e1ebd3301,1,6172482521224121641950,6172.4825212241216420
2022-01-01,63,1047121440,a026874d5787176f5caa62e5ffb06a39d6b5f913,1,4539209680625447702996,4539.2096806254477030
2022-01-01,64,589666606,d9e1ce17f2641f24ae83637ab66a2cca9c378b9f,1,4077369617133442583747,4077.3696171334425837
2022-01-01,65,749580034,333b8e1bcbcd6fb12ca07114df1838b17a35f131,1,3921749374491278796797,3921.7493744912787968
2022-01-01,66,984255606,18008a3d4de136e090d0a71cb1de601fc8246225,1,2320667154964501204164,2320.6671549645012042
2022-01-01,67,624410968,e9eea3829349eeb1c1a27437446ca85c11280463,1,1005000000000000000000,1005.0000000000000000
2022-01-01,68,910531502,cd1d766aa27655cba70d10723bcc9f03a3fe489a,1,1000000000000000000000,1000.0000000000000000
2022-01-01,69,929599516,fe0c454987b12ce22b999eeb77aee0f2aaf32aa9,1,509179953484434591052,509.1799534844345911
2022-01-01,70,848738008,dadea0765ed4b016f8896233ee42627df2e28804,1,507000000000000000000,507.0000000000000000
2022-01-01,71,985085486,4bfee09f59f250430da97d7475eb073716363f48,1,146757696567869922092,146.7576965678699221
2022-01-01,72,1035802561,f24629fbb477e10f2cf331c2b7452d8596b5c7a5,1,10241045552504606668,10.2410455525046067
2022-01-01,73,1037320285,1ee5aceee5a82cbd434d9eecfa13665a8e5f1ac4,1,1000000000000000000,1.00000000000000000000
2022-01-01,74,1021562979,87d82f6d04df657bb9a095e9ebe6a1eeb145e557,1,10000000000000000,0.01000000000000000000
2022-01-01,75,955720260,220bda5c8994804ac96ebe4df184d25e5c2196d4,1,199013486609,1.99013486609000000E-7
2022-02-01,1,796495726,c63b0708e2f7e69cb8a1df0e1389a98c35a76d52,119,13503411013979146977701620,13503411.013979146978
2022-02-01,2,697997440,ec8c342bc3e07f05b9a782bc34e7f04fb9b44502,85,311460049980327926373459,311460.049980327926
2022-02-01,3,1011184216,6021444f1706f15465bee85463bcc7d7cc17fc03,81,852707563638658534826726,852707.563638658535
2022-02-01,4,616036061,74de5d4fcbf63e00296fd95d33236b9794016631,66,209922569371884520995706,209922.569371884521
2022-02-01,5,733908697,d632f22692fac7611d2aa1c0d552930d43caed3b,65,37393231692464939803785174,37393231.692464939804
2022-02-01,6,667282315,fd0a40bc83c5fae4203dec7e5929b446b07d1c76,48,24284746973654553652515,24284.746973654554
2022-02-01,7,888341279,c2a856c3aff2110c1171b8f942256d40e980c726,46,2008440439714904373606891,2008440.439714904374
2022-02-01,8,891607506,2796317b0ff8538f253012862c06787adfb8ceb6,40,2514109803115101973805850,2514109.803115101974
2022-02-01,9,821344937,97e7d56a0408570ba1a7852de36350f7713906ec,29,1517424492809048286376719,1517424.492809048286
2022-02-01,10,881197687,9008d19f58aabd9ed0d60971565aa8510560ab41,28,3521822532988450921774941,3521822.532988450922
2022-02-01,11,667248779,e1573b9d29e2183b1af0e743dc2754979a40d237,19,694000076094288569649382,694000.076094288570
2022-02-01,12,893398926,def171fe48cf0115b1d80b88dc8eab59176fee57,18,2292398472788196590424562,2292398.472788196590
2022-02-01,13,968003125,1111111254fb6c44bac0bed2854e76f90643097d,16,10643263570581146443377806,10643263.570581146443
2022-02-01,14,667300213,97c4adc5d28a86f9470c70dd91dc6cc2f20d2d4d,15,12017414110148041876634,12017.414110148042
2022-02-01,15,1008758708,b612c37688861f1f90761dc7f382c2af3a50cc39,14,288261277114311371697462,288261.277114311372
2022-02-01,16,1006079602,b37d31b2a74029b5951a2778f959282e2d518595,11,138970690896201734960820,138970.690896201735
2022-02-01,17,976571213,4f60a160d8c2dddaafe16fcc57566db84d674bd6,8,24704566000000000000000,24704.566000000000
2022-02-01,18,914995498,d4937682df3c8aef4fe912a96a74121c0829e664,7,7085999000000000000000000,7085999.000000000000
2022-02-01,19,944491348,839a989be40f2d60f00beeb648903732c041cbd7,7,854925819909203907305396,854925.819909203907
2022-02-01,20,890308088,88416bd15e3ef6493aa539a22e0ed12a1e9663e3,5,85248457608178798289255,85248.457608178798
2022-02-01,21,530746224,abea9132b05a70803a4e85094fd0e1800777fbef,5,78095079007340000000000,78095.079007340000
2022-02-01,22,840272948,e66b31678d6c16e9ebf358268a790b763c133750,5,1695440066562359669013,1695.4400665623596690
2022-02-01,23,946159382,baaa1f5dba42c3389bdbc2c9d2de134f5cd0dc89,4,3268806565487449502187902,3268806.565487449502
2022-02-01,24,868978312,1531c1a63a169ac75a2daae399080745fa51de44,4,1553500000000000000000000,1553500.000000000000
2022-02-01,25,887108251,e06f8d30ac334c857fc8c380c85969c150f38a6a,4,158157245717352559516651,158157.245717352560
2022-02-01,26,691983075,a79828df1850e8a3a3064576f380d90aecdd3359,3,12553582311834987445674046,12553582.311834987446
2022-02-01,27,849321637,c69ddcd4dfef25d8a793241834d4cc4b3668ead6,3,1123362937275063035574967,1123362.937275063036
2022-02-01,28,923408443,fa9a30350048b2bf66865ee20363067c66f67e58,3,12853914152805649851061,12853.914152805650
2022-02-01,29,743899457,23ddd3e3692d1861ed57ede224608875809e127f,2,91641702863887035076537,91641.702863887035
2022-02-01,30,891240671,67f60b0891ebd842ebe55e4ccca1098d7aac1a55,2,12432100000000000000000,12432.100000000000
2022-02-01,31,1062423559,9fe47318fa2b28b53ce673852922c4065b0bebcd,2,6040624902436734424723,6040.6249024367344247
2022-02-01,32,802510826,562680a4dc50ed2f14d75bf31f494cfe0b8d10a1,2,561280000000000000000,561.2800000000000000
2022-02-01,33,1083751760,83c8f28c26bf6aaca652df1dbbe0e1b56f8baba2,2,79004490739439438707,79.0044907394394387
2022-02-01,34,891875432,27239549dd40e1d60f5b80b0c4196923745b1fd2,1,200670168146522954589973,200670.168146522955
2022-02-01,35,546716445,22f9dcf4647084d6c31b2765f6910cd85c178c18,1,150126839543842756314726,150126.839543842756
2022-02-01,36,845470879,e03a338d5c305613afc3877389dd3b0617233387,1,135274531760246615114150,135274.531760246615
2022-02-01,37,938694480,5e116a4521c99324f344eb7c7bfe1f78e3226493,1,69000000000000000000000,69000.000000000000
2022-02-01,38,887739964,9de558fce4f289b305e38abe2169b75c626c114e,1,51000000000000000000000,51000.000000000000
2022-02-01,39,1090510997,9fae36a18ef8ac2b43186ade5e2b07403dc742b1,1,30334171402980919071463,30334.171402980919
2022-02-01,40,675999610,c9ecce2d2e1e400c565d3fc9b636a425e8d409d0,1,30086400000000000000000,30086.400000000000
2022-02-01,41,832652482,07dff52fb8b38e55e6ecb407913cd847396af4f0,1,30000000000000000000000,30000.000000000000
2022-02-01,42,989632346,c3b6315132d696302dda91c294acef5031546451,1,25000000000000000000000,25000.000000000000
2022-02-01,43,868174909,4c888e4571fc8df7a86096791bc016df08ddf764,1,23176232774452216031730,23176.232774452216
2022-02-01,44,992675953,6b4ee7352406707003bc6f6b96595fd35925af48,1,20888955856937613725062,20888.955856937614
2022-02-01,45,868894902,6313c160b329db59086df28ed2bf172a82f0d9d1,1,17500000000000000000000,17500.000000000000
2022-02-01,46,849229450,3e5c122ffa75a9fe16ec0c69f7e9149203ea1a5d,1,10000000000000000000000,10000.0000000000000000
2022-02-01,47,971443020,d211a02a0adde56bb7f9700f49d4ba832adc7ddf,1,8133476906371559067408,8133.4769063715590674
2022-02-01,48,889610923,59dc1eae22eebd6cfbd144ee4b6f4048f8a59880,1,2995981470157796267760,2995.9814701577962678
2022-02-01,49,1076084369,7d6a729a3f8055198696f5ac7587b4e086033151,1,1593809740278308307336,1593.8097402783083073
2022-02-01,50,916097869,3ee18b2214aff97000d974cf647e7c347e8fa585,1,1001902936250000000000,1001.9029362500000000
2022-02-01,51,901058763,fc4644b26895482ff1409b6c9854825a55510691,1,824000000000000000000,824.0000000000000000
2022-02-01,52,261037084,195dc9ff8afbd22e176b6705e270586b6d641fb2,1,492601744752758800594,492.6017447527588006
2022-02-01,53,997395846,61048acca5dc9559cc641acadaa51318c76e43e3,1,24881758260010294410,24.8817582600102944
2022-02-01,54,976692849,8ce5796ef6b0c5918025bcf4f9ca908201b030b3,1,7009015549161660767,7.0090155491616608
2022-02-01,55,966138347,639d20f70bcc01a25355720ef6590beab6e4a0e7,1,979570689010584447,0.97957068901058444700
2022-03-01,1,796495726,c63b0708e2f7e69cb8a1df0e1389a98c35a76d52,85,7092473322877479474225484,7092473.322877479474
2022-03-01,2,1011184216,6021444f1706f15465bee85463bcc7d7cc17fc03,50,377463396439718477818359,377463.396439718478
2022-03-01,3,733908697,d632f22692fac7611d2aa1c0d552930d43caed3b,41,16398929478632623705259974,16398929.478632623705
2022-03-01,4,697997440,ec8c342bc3e07f05b9a782bc34e7f04fb9b44502,33,153124797506076762120841,153124.797506076762
2022-03-01,5,616036061,74de5d4fcbf63e00296fd95d33236b9794016631,30,104793840262114270813780,104793.840262114271
2022-03-01,6,1113706145,b0d978c8be39c119922b99f483cd8c4092f0ea56,28,639877787314789543944192,639877.787314789544
2022-03-01,7,667282315,fd0a40bc83c5fae4203dec7e5929b446b07d1c76,26,5187870243611344010837,5187.8702436113440108
2022-03-01,8,881197687,9008d19f58aabd9ed0d60971565aa8510560ab41,21,3137606058356855391961962,3137606.058356855392
2022-03-01,9,667248779,e1573b9d29e2183b1af0e743dc2754979a40d237,20,314079336903682728096746,314079.336903682728
2022-03-01,10,1011170432,8a5058100e60e8f7c42305eb505b12785bba3bca,19,131788363602782546039587,131788.363602782546
2022-03-01,11,821344937,97e7d56a0408570ba1a7852de36350f7713906ec,18,425053574143544706355491,425053.574143544706
2022-03-01,12,1006079602,b37d31b2a74029b5951a2778f959282e2d518595,17,1174986149816125690648902,1174986.149816125691
2022-03-01,13,888341279,c2a856c3aff2110c1171b8f942256d40e980c726,17,617603389784221789561067,617603.389784221790
2022-03-01,14,914995498,d4937682df3c8aef4fe912a96a74121c0829e664,14,5242630721944607026760177,5242630.721944607027
2022-03-01,15,891607506,2796317b0ff8538f253012862c06787adfb8ceb6,14,254497362800325641767368,254497.362800325642
2022-03-01,16,968003125,1111111254fb6c44bac0bed2854e76f90643097d,12,10736324465341114787074735,10736324.465341114787
2022-03-01,17,944491348,839a989be40f2d60f00beeb648903732c041cbd7,9,1397222999838849071739376,1397222.999838849072
2022-03-01,18,667300213,97c4adc5d28a86f9470c70dd91dc6cc2f20d2d4d,9,4867562506897159428833,4867.5625068971594288
2022-03-01,19,868978312,1531c1a63a169ac75a2daae399080745fa51de44,8,277539012041274182151341,277539.012041274182
2022-03-01,20,1090510997,9fae36a18ef8ac2b43186ade5e2b07403dc742b1,8,249527903536330859614522,249527.903536330860
2022-03-01,21,1062423559,9fe47318fa2b28b53ce673852922c4065b0bebcd,8,46150295288600640318700,46150.295288600640
2022-03-01,22,893398926,def171fe48cf0115b1d80b88dc8eab59176fee57,7,499628327027845695421938,499628.327027845695
2022-03-01,23,849321637,c69ddcd4dfef25d8a793241834d4cc4b3668ead6,7,96274786957588293688755,96274.786957588294
2022-03-01,24,1107465928,9a22cdb1ca1cdd2371cd5bb5199564c4e89465eb,6,99035175240566845161233,99035.175240566845
2022-03-01,25,840272948,e66b31678d6c16e9ebf358268a790b763c133750,6,1287090288214903236913,1287.0902882149032369
2022-03-01,26,530746224,abea9132b05a70803a4e85094fd0e1800777fbef,5,1257981389005400000000000,1257981.389005400000
2022-03-01,27,1091674984,5cadc2a04921213de60b237688776e0f1a7155e6,5,1063909000000000000000000,1063909.000000000000
2022-03-01,28,976571213,4f60a160d8c2dddaafe16fcc57566db84d674bd6,5,444464025000000000000000,444464.025000000000
2022-03-01,29,916097869,3ee18b2214aff97000d974cf647e7c347e8fa585,4,1036858385989850000000000,1036858.385989850000
2022-03-01,30,811630488,d6c783b257e662ca949b441a4fcb08a53fc49914,4,38250489491032877783657,38250.489491032878
2022-03-01,31,691983075,a79828df1850e8a3a3064576f380d90aecdd3359,3,4083551351767126163292996,4083551.351767126163
2022-03-01,32,946159382,baaa1f5dba42c3389bdbc2c9d2de134f5cd0dc89,3,432305507641131093366203,432305.507641131093
2022-03-01,33,698764531,c218001e3d102e3d1de9bf2c0f7d9626d76c6f30,3,287962819140413761129,287.9628191404137611
2022-03-01,34,714219497,b5f54ac4466f5ce7e0d8a5cb9fe7b8c0f35b7ba8,2,39840062607574734022000,39840.062607574734
2022-03-01,35,1114398902,ab400c46c830a2f87939dcfdcbfaaadf76f35721,2,10070925350367819376174,10070.9253503678193762
2022-03-01,36,1029518348,69061b8a0214a8d10145d8471730151434ca54ff,2,4607192977005091932109,4607.1929770050919321
2022-03-01,37,1126917984,67b93e51633e6c19d6bd09f19a68e684f5a94dfb,2,3492500000000000000000,3492.5000000000000000
2022-03-01,38,885649753,4a848f44146ca6d1d6aa34bcdf3c41093def1761,1,1059199261634250750939255,1059199.261634250751
2022-03-01,39,719539183,7e48bc779c6d37ee678c126edaf76787cf828c62,1,220000000000000000000000,220000.000000000000
2022-03-01,40,745808152,98a5622298e3a0e96d54ad885580fe332eb52b9e,1,200000000000000000000000,200000.000000000000
2022-03-01,41,546716445,22f9dcf4647084d6c31b2765f6910cd85c178c18,1,151000000000000000000000,151000.000000000000
2022-03-01,42,996885826,8922c1147e141c055fddfc0ed5a119f3378c8ef8,1,150000000000000000000000,150000.000000000000
2022-03-01,43,850577102,8b119ed6d8825fdcab219150853f438a341631d5,1,100000000000000000000000,100000.000000000000
2022-03-01,44,830746630,d6b88257e91e4e4d4e990b3a858c849ef2dfde8c,1,92651928029600111780581,92651.928029600112
2022-03-01,45,887108251,e06f8d30ac334c857fc8c380c85969c150f38a6a,1,43288284436391623451822,43288.284436391623
2022-03-01,46,890308088,88416bd15e3ef6493aa539a22e0ed12a1e9663e3,1,29335506681473411246433,29335.506681473411
2022-03-01,47,1037024361,f1ddc084500fc774bb835f412aea908259b55ce4,1,18705484823200327896954,18705.484823200328
2022-03-01,48,1060005043,82f2e6c57b7fde0ebb42f22bfc6b4a297e7d9be8,1,6283118098258245661341,6283.1180982582456613
2022-03-01,49,583481113,40ec5b33f54e0e8a33a975908c5ba1c14e5bbbdf,1,4066285655677528510097,4066.2856556775285101
2022-03-01,50,743899457,23ddd3e3692d1861ed57ede224608875809e127f,1,3333000000000000000000,3333.0000000000000000
2022-03-01,51,868894902,6313c160b329db59086df28ed2bf172a82f0d9d1,1,3130000000000000000000,3130.0000000000000000
2022-03-01,52,796190208,89995a0f98453b9b0442e5095297013f714b0c8e,1,2482600602082260328278,2482.6006020822603283
2022-03-01,53,303862086,4b7da5ed41d2d2e9bd257719d42a6d6ef343b285,1,1039416628869464362928,1039.4166288694643629
2022-03-01,54,992675953,6b4ee7352406707003bc6f6b96595fd35925af48,1,855507699751165331302,855.5076997511653313
2022-03-01,55,1088995845,54da28cb16de5978f04f95ceeb7a4bf638db81fd,1,696283791201584468634,696.2837912015844686
2022-03-01,56,923408443,fa9a30350048b2bf66865ee20363067c66f67e58,1,640301034688889554241,640.3010346888895542
2022-03-01,57,589666606,d9e1ce17f2641f24ae83637ab66a2cca9c378b9f,1,606605387705252726795,606.6053877052527268
2022-03-01,58,1084594665,77b285fbdb277e53ed29c9dda7c0aa6f2591b09d,1,315500065223496853849,315.5000652234968538
2022-03-01,59,1074026542,08bfb0a377f147f9063935a37762e7878cf29745,1,280000000000000000000,280.0000000000000000
2022-03-01,60,860420677,ede2fafba9e23418485f49f052d0e1d332853e0f,1,247022243484362308173,247.0222434843623082
2022-03-01,61,1125648015,3b654e30633d44b05847aaf65cf1ad0c92bed248,1,59169074994569449430,59.1690749945694494
2022-03-01,62,695935267,f92cd566ea4864356c5491c177a430c222d7e678,1,20000000000000000000,20.0000000000000000
2022-03-01,63,976692849,8ce5796ef6b0c5918025bcf4f9ca908201b030b3,1,4400145539687268691,4.4001455396872687
2022-03-01,64,1038411705,88a69b4e698a4b090df6cf5bd7b2d47325ad30a3,1,1000000000000000000,1.00000000000000000000
2022-04-01,1,796495726,c63b0708e2f7e69cb8a1df0e1389a98c35a76d52,130,9568330854461201697505645,9568330.854461201698
2022-04-01,2,1011184216,6021444f1706f15465bee85463bcc7d7cc17fc03,98,1029201864055973080784331,1029201.864055973081
2022-04-01,3,733908697,d632f22692fac7611d2aa1c0d552930d43caed3b,77,14120700974618909033321541,14120700.974618909033
2022-04-01,4,667282315,fd0a40bc83c5fae4203dec7e5929b446b07d1c76,47,19159008286342928316442,19159.008286342928
2022-04-01,5,697997440,ec8c342bc3e07f05b9a782bc34e7f04fb9b44502,46,148909570178581605361508,148909.570178581605
2022-04-01,6,667248779,e1573b9d29e2183b1af0e743dc2754979a40d237,44,1681125367269155607075176,1681125.367269155607
2022-04-01,7,1141702056,8fe536c7dc019455cce34746755c64bbe2aa163b,44,1173079075875449198714021,1173079.075875449199
2022-04-01,8,1145580966,9a834b70c07c81a9fcd6f22e842bf002fbffbe4d,40,619176643236714637803317,619176.643236714638
2022-04-01,9,888341279,c2a856c3aff2110c1171b8f942256d40e980c726,37,1137080373949654999461746,1137080.373949654999
2022-04-01,10,616036061,74de5d4fcbf63e00296fd95d33236b9794016631,37,148018670103193265423148,148018.670103193265
2022-04-01,11,881197687,9008d19f58aabd9ed0d60971565aa8510560ab41,33,1563546270024443466217070,1563546.270024443466
2022-04-01,12,821344937,97e7d56a0408570ba1a7852de36350f7713906ec,28,3876834548032031690955233,3876834.548032031691
2022-04-01,13,1107465928,9a22cdb1ca1cdd2371cd5bb5199564c4e89465eb,25,871867148820828373756747,871867.148820828374
2022-04-01,14,887108251,e06f8d30ac334c857fc8c380c85969c150f38a6a,24,309008641239907038769742,309008.641239907039
2022-04-01,15,968003125,1111111254fb6c44bac0bed2854e76f90643097d,21,7007742340325418413985622,7007742.340325418414
2022-04-01,16,893398926,def171fe48cf0115b1d80b88dc8eab59176fee57,21,2830791411608538905711976,2830791.411608538906
2022-04-01,17,914995498,d4937682df3c8aef4fe912a96a74121c0829e664,14,2928975000000000000000000,2928975.000000000000
2022-04-01,18,1006079602,b37d31b2a74029b5951a2778f959282e2d518595,14,255066806899651900312845,255066.806899651900
2022-04-01,19,840272948,e66b31678d6c16e9ebf358268a790b763c133750,14,18406066732347897436035,18406.066732347897
2022-04-01,20,891607506,2796317b0ff8538f253012862c06787adfb8ceb6,13,116880069150557477459837,116880.069150557477
2022-04-01,21,1141819010,25be6ce04a504d4bcecb6ba7f5967f7aae6af579,12,53855490733794723996472,53855.490733794724
2022-04-01,22,1114398902,ab400c46c830a2f87939dcfdcbfaaadf76f35721,11,61563392810739689674769,61563.392810739690
2022-04-01,23,976571213,4f60a160d8c2dddaafe16fcc57566db84d674bd6,8,271610972462552705205236,271610.972462552705
2022-04-01,24,1062423559,9fe47318fa2b28b53ce673852922c4065b0bebcd,8,35739088812938037566657,35739.088812938038
2022-04-01,25,1145105167,3b4f790cd205cffe4da4da299be4687a5d07fc6e,8,868172708277608632229,868.1727082776086322
2022-04-01,26,1091674984,5cadc2a04921213de60b237688776e0f1a7155e6,7,193586817850387741746396,193586.817850387742
2022-04-01,27,938694480,5e116a4521c99324f344eb7c7bfe1f78e3226493,7,141750000000000000000000,141750.000000000000
2022-04-01,28,944491348,839a989be40f2d60f00beeb648903732c041cbd7,6,331879526102129491869782,331879.526102129492
2022-04-01,29,890308088,88416bd15e3ef6493aa539a22e0ed12a1e9663e3,6,124876885318645760277922,124876.885318645760
2022-04-01,30,1155447006,81c46feca27b31f3adc2b91ee4be9717d1cd3dd7,5,134260208809160147279610,134260.208809160147
2022-04-01,31,1113706145,b0d978c8be39c119922b99f483cd8c4092f0ea56,5,33533493188620418287006,33533.493188620418
2022-04-01,32,697417409,ca64e575083e0a8f9c73ffc214d78027d98fc51b,5,21900000000000000000000,21900.000000000000
2022-04-01,33,667300213,97c4adc5d28a86f9470c70dd91dc6cc2f20d2d4d,5,2312959065652546764869,2312.9590656525467649
2022-04-01,34,946159382,baaa1f5dba42c3389bdbc2c9d2de134f5cd0dc89,4,1461663358832697682291055,1461663.358832697682
2022-04-01,35,1099376787,8e764be4288b842791989db5b8ec067279829809,4,141498674070412687030598,141498.674070412687
2022-04-01,36,996885826,8922c1147e141c055fddfc0ed5a119f3378c8ef8,4,125000000000000000000000,125000.000000000000
2022-04-01,37,868978312,1531c1a63a169ac75a2daae399080745fa51de44,3,633867000000000000000000,633867.000000000000
2022-04-01,38,868894902,6313c160b329db59086df28ed2bf172a82f0d9d1,3,283000000000000000000000,283000.000000000000
2022-04-01,39,1141681643,9fa1545edb67e1167303898aa41f4765a7b7e2d7,3,101069166846457005141253,101069.166846457005
2022-04-01,40,941600117,1ba12ae1fcfadd08fa37db849ef4b6e11e435357,3,50500000000000000000000,50500.000000000000
2022-04-01,41,849321637,c69ddcd4dfef25d8a793241834d4cc4b3668ead6,3,45073701150889092937390,45073.701150889093
2022-04-01,42,1090510997,9fae36a18ef8ac2b43186ade5e2b07403dc742b1,3,32850071346255397121111,32850.071346255397
2022-04-01,43,205578085,c56ca8d0351b606863d3c04f7e84170f09d6c980,3,25000000000000000002813,25000.000000000000
2022-04-01,44,1147026199,f8b8db73db0c3f4ff0d633836e939db23847ca1e,3,20100041457359585985938,20100.041457359586
2022-04-01,45,698764531,c218001e3d102e3d1de9bf2c0f7d9626d76c6f30,3,523181296509042700721,523.1812965090427007
2022-04-01,46,923408443,fa9a30350048b2bf66865ee20363067c66f67e58,2,93914862357619033283449,93914.862357619033
2022-04-01,47,1038411705,88a69b4e698a4b090df6cf5bd7b2d47325ad30a3,2,35978000000000000000000,35978.000000000000
2022-04-01,48,691983075,a79828df1850e8a3a3064576f380d90aecdd3359,2,19410156752840382232293,19410.156752840382
2022-04-01,49,1042698689,d12bcdfb9a39be79da3bdf02557efdcd5ca59e77,2,16296936672790268676893,16296.936672790269
2022-04-01,50,1140484647,122f21a89a0a7197ff18c6e2995322ac29f42873,2,1094217850461259717016,1094.2178504612597170
2022-04-01,51,1153370845,f2e9fda1fe6a21e519174852a5c752bd9fba05a4,2,155918852183067736463,155.9188521830677365
2022-04-01,52,1137556728,309ac8840f9b4c7eeb5bab1e89669d8dbb86c060,2,101625391606556598739,101.6253916065565987
2022-04-01,53,530746224,abea9132b05a70803a4e85094fd0e1800777fbef,2,69752893130000000000,69.7528931300000000
2022-04-01,54,869643578,bf2dda68de34bc1a145996707c553b3a6a7169bb,2,21000000000000000000,21.0000000000000000
2022-04-01,55,955720260,220bda5c8994804ac96ebe4df184d25e5c2196d4,2,20103259156573557844,20.1032591565735578
2022-04-01,56,1166997102,e39f3c40966df56c69aa508d8ad459e77b8a2bc1,1,3364504992797566618798891,3364504.992797566619
2022-04-01,57,745808152,98a5622298e3a0e96d54ad885580fe332eb52b9e,1,440000000000000000000000,440000.000000000000
2022-04-01,58,1157323071,11cc283d06fa762061df2b0d2f0787651ceef659,1,250000000000000000000000,250000.000000000000
2022-04-01,59,617041540,2dccdb493827e15a5dc8f8b72147e6c4a5620857,1,149851243017000000000000,149851.243017000000
2022-04-01,60,887739964,9de558fce4f289b305e38abe2169b75c626c114e,1,60000000000000000000000,60000.000000000000
2022-04-01,61,976692849,8ce5796ef6b0c5918025bcf4f9ca908201b030b3,1,54335926253845887116900,54335.926253845887
2022-04-01,62,1130448994,d2a9f2b88d6df8830522d624db491445362a2797,1,28029154326421460690674,28029.154326421461
2022-04-01,63,984252898,97ab360b1a3b1ef2ec820e18e78c16d92f13d7d4,1,21250923746020407551292,21250.923746020408
2022-04-01,64,870406049,b1cfdc7370550f5e421e1bf0bf3cadfadf3c4141,1,15260990211020906456179,15260.990211020906
2022-04-01,65,832162898,467e2adbb1319a1f46fe312964b0dd4c8f9b4fb0,1,15000000000000000000000,15000.000000000000
2022-04-01,66,495231405,5f65f7b609678448494de4c87521cdf6cef1e932,1,13500000000000000000000,13500.000000000000
2022-04-01,67,1141401667,5ec38a0e8616b9faaac92ecb163e5918c0097d7e,1,13268050021129767569526,13268.050021129768
2022-04-01,68,916097869,3ee18b2214aff97000d974cf647e7c347e8fa585,1,10150598740390000000000,10150.598740390000
2022-04-01,69,999398477,1c65ba665ce39cfe85639227eccf17be2b167058,1,10027274926372451399977,10027.2749263724514000
2022-04-01,70,743899457,23ddd3e3692d1861ed57ede224608875809e127f,1,9996000000000000000000,9996.0000000000000000
2022-04-01,71,979822284,c14900dfb1aa54e7674e1ecf9ce02b3b35157ba5,1,7377389718054882991323,7377.3897180548829913
2022-04-01,72,1048058106,0941c28fe18b8544317cc7e697f7fd96e705b1c0,1,3171606454535872041971,3171.6064545358720420
2022-04-01,73,940615920,c101fd2baa5298e3683a18a30905c6b2e6039a9d,1,2747000000000000000000,2747.0000000000000000
2022-04-01,74,1025024286,415e1ddcfdb9a220a402684da9511d79a71a2141,1,1955000000000000000000,1955.0000000000000000
2022-04-01,75,1150540533,091e32adfc3edcbff273ee74af270a062532470d,1,1909869000000000000000,1909.8690000000000000
2022-04-01,76,1029518348,69061b8a0214a8d10145d8471730151434ca54ff,1,784075227004274121200,784.0752270042741212
2022-04-01,77,1081688045,e7b69a17b3531d01fcead66faf7d9f7655469267,1,651788342706242624770,651.7883427062426248
2022-04-01,78,811630488,d6c783b257e662ca949b441a4fcb08a53fc49914,1,500000000000000000000,500.0000000000000000
2022-04-01,79,795836700,6350b0d4f9e7a52630073fe0cab6dea0f4052bf3,1,479370358319999999973,479.3703583200000000
2022-04-01,80,442143182,ba00d84ddbc8cae67c5800a52496e47a8cafcd27,1,200000000000000000000,200.0000000000000000
2022-04-01,81,1014890458,4f4495243837681061c4743b74b3eedf548d56a5,1,81070000000000000000,81.0700000000000000
2022-04-01,82,1137548289,7d95b33cbec441917d4f617482d4b5c7e6c35902,1,1035899836687609589,1.0358998366876096
2022-04-01,83,697409536,a8e31ad81d609ff616645849987fef30a3ffabd9,1,100000000000000000,0.10000000000000000000
2022-05-01,1,1145580966,9a834b70c07c81a9fcd6f22e842bf002fbffbe4d,105,3010480125102928783289038,3010480.125102928783
2022-05-01,2,1011184216,6021444f1706f15465bee85463bcc7d7cc17fc03,65,632928004235683541586069,632928.004235683542
2022-05-01,3,914995498,d4937682df3c8aef4fe912a96a74121c0829e664,55,10746668460505787621964200,10746668.460505787622
2022-05-01,4,733908697,d632f22692fac7611d2aa1c0d552930d43caed3b,54,4365582902245114276633712,4365582.902245114277
2022-05-01,5,667282315,fd0a40bc83c5fae4203dec7e5929b446b07d1c76,41,11650513499170968014680,11650.513499170968
2022-05-01,6,796495726,c63b0708e2f7e69cb8a1df0e1389a98c35a76d52,27,1660385575415674437680821,1660385.575415674438
2022-05-01,7,881197687,9008d19f58aabd9ed0d60971565aa8510560ab41,26,29779836608040642242253195,29779836.608040642242
2022-05-01,8,887108251,e06f8d30ac334c857fc8c380c85969c150f38a6a,26,116211589057779829620680,116211.589057779830
2022-05-01,9,616036061,74de5d4fcbf63e00296fd95d33236b9794016631,23,251870831466071003635165,251870.831466071004
2022-05-01,10,697997440,ec8c342bc3e07f05b9a782bc34e7f04fb9b44502,22,6968007544363130487740,6968.0075443631304877
2022-05-01,11,1157076857,4e0915c88bc70750d68c481540f081fefaf22273,21,604395508666399491677290,604395.508666399492
2022-05-01,12,667248779,e1573b9d29e2183b1af0e743dc2754979a40d237,20,426657181305137122047018,426657.181305137122
2022-05-01,13,888341279,c2a856c3aff2110c1171b8f942256d40e980c726,19,767344142818225929707951,767344.142818225930
2022-05-01,14,821344937,97e7d56a0408570ba1a7852de36350f7713906ec,15,834952034919437388583902,834952.034919437389
2022-05-01,15,893398926,def171fe48cf0115b1d80b88dc8eab59176fee57,14,14506145009802906843603771,14506145.009802906844
2022-05-01,16,968003125,1111111254fb6c44bac0bed2854e76f90643097d,14,2634190094094383832169990,2634190.094094383832
2022-05-01,17,1107465928,9a22cdb1ca1cdd2371cd5bb5199564c4e89465eb,14,560452193221064658520397,560452.193221064659
2022-05-01,18,667300213,97c4adc5d28a86f9470c70dd91dc6cc2f20d2d4d,13,7485894727701898985205,7485.8947277018989852
2022-05-01,19,1006079602,b37d31b2a74029b5951a2778f959282e2d518595,12,888069037490230543110134,888069.037490230543
2022-05-01,20,944491348,839a989be40f2d60f00beeb648903732c041cbd7,11,908729650637010932101580,908729.650637010932
2022-05-01,21,916097869,3ee18b2214aff97000d974cf647e7c347e8fa585,11,555552263355160000000000,555552.263355160000
2022-05-01,22,1113706145,b0d978c8be39c119922b99f483cd8c4092f0ea56,10,442071945309477498165580,442071.945309477498
2022-05-01,23,923408443,fa9a30350048b2bf66865ee20363067c66f67e58,10,24911201781352290769123,24911.201781352291
2022-05-01,24,691983075,a79828df1850e8a3a3064576f380d90aecdd3359,8,6622286101518734640002164,6622286.101518734640
2022-05-01,25,1155447006,81c46feca27b31f3adc2b91ee4be9717d1cd3dd7,6,2291293410726354329821146,2291293.410726354330
2022-05-01,26,714219497,b5f54ac4466f5ce7e0d8a5cb9fe7b8c0f35b7ba8,6,492071576170855755875609,492071.576170855756
2022-05-01,27,698764531,c218001e3d102e3d1de9bf2c0f7d9626d76c6f30,6,735226498738012793203,735.2264987380127932
2022-05-01,28,1014890458,4f4495243837681061c4743b74b3eedf548d56a5,5,29447841100004047540000,29447.841100004048
2022-05-01,29,1187373086,1977870a4c18a728c19dd4eb6542451df06e0a4b,5,18188608307621922572396,18188.608307621923
2022-05-01,30,840272948,e66b31678d6c16e9ebf358268a790b763c133750,5,2239072246106444835245,2239.0722461064448352
2022-05-01,31,976571213,4f60a160d8c2dddaafe16fcc57566db84d674bd6,4,70766382728482487762725,70766.382728482488
2022-05-01,32,1184371355,99887ac15ebccbad52fa2c9cedc9d91a91e36051,4,62351955629321661814673,62351.955629321662
2022-05-01,33,946159382,baaa1f5dba42c3389bdbc2c9d2de134f5cd0dc89,3,1311815632511785620309176,1311815.632511785620
2022-05-01,34,583481113,40ec5b33f54e0e8a33a975908c5ba1c14e5bbbdf,3,278075308070252078727223,278075.308070252079
2022-05-01,35,743899457,23ddd3e3692d1861ed57ede224608875809e127f,3,97057075107793366660528,97057.075107793367
2022-05-01,36,1177538723,074f315aa41e0871e2d4509476bc712e331cfb27,3,27606443015249465104012,27606.443015249465
2022-05-01,37,1090510997,9fae36a18ef8ac2b43186ade5e2b07403dc742b1,3,15748159430606458697141,15748.159430606459
2022-05-01,38,891607506,2796317b0ff8538f253012862c06787adfb8ceb6,3,3189748083443847451551,3189.7480834438474516
2022-05-01,39,1145105167,3b4f790cd205cffe4da4da299be4687a5d07fc6e,3,213770157604720774561,213.7701576047207746
2022-05-01,40,530746224,abea9132b05a70803a4e85094fd0e1800777fbef,2,708449717550000000000000,708449.717550000000
2022-05-01,41,890319940,34ff465ee92516e9855eb60f520df0384f410b45,2,75518127203785734610462,75518.127203785735
2022-05-01,42,1038411705,88a69b4e698a4b090df6cf5bd7b2d47325ad30a3,2,38038000000000000000000,38038.000000000000
2022-05-01,43,1153370845,f2e9fda1fe6a21e519174852a5c752bd9fba05a4,2,11087273591216237311868,11087.273591216237
2022-05-01,44,516024280,3d71d79c224998e608d03c5ec9b405e7a38505f0,2,7231385989675187839109,7231.3859896751878391
2022-05-01,45,1087263095,8a421c3a25e8158b9ac815ae1319fbcf83f6bd6c,2,4000000000000000000000,4000.0000000000000000
2022-05-01,46,1166491594,e92aa77c3d8c7347950b2a8d4b2a0adbf0c31054,2,27907525690975221196,27.9075256909752212
2022-05-01,47,1157443981,1f06556c88f66981ad77d89d8006c4e0f562619f,1,1000000000000000000000000,1000000.000000000000
2022-05-01,48,741688154,7e983f042fb16ee5d4a621d44779f8724c2383ee,1,350000000000000000000000,350000.000000000000
2022-05-01,49,734363219,561b94454b65614ae3db0897b74303f4acf7cc75,1,317180963832790394391442,317180.963832790394
2022-05-01,50,1115662984,7f3514cbc6825410ca3fa4dea41d46964a953afb,1,115469554363458562065038,115469.554363458562
2022-05-01,51,1141819010,25be6ce04a504d4bcecb6ba7f5967f7aae6af579,1,86034275220245694586684,86034.275220245695
2022-05-01,52,701026736,a356867fdcea8e71aeaf87805808803806231fdc,1,50035209559836181262473,50035.209559836181
2022-05-01,53,1041281880,1e31c76b78ff00e3cb64d41d5844626d991ab9e8,1,44819005283650840697937,44819.005283650841
2022-05-01,54,849321637,c69ddcd4dfef25d8a793241834d4cc4b3668ead6,1,44096445732880161258740,44096.445732880161
2022-05-01,55,1114398902,ab400c46c830a2f87939dcfdcbfaaadf76f35721,1,32895697549697976769818,32895.697549697977
2022-05-01,56,1152201177,5a59fd6018186471727faaeae4e57890abc49b08,1,19962538892989527761675,19962.538892989528
2022-05-01,57,546716445,22f9dcf4647084d6c31b2765f6910cd85c178c18,1,10185308142734297797405,10185.308142734298
2022-05-01,58,980890790,793a68b91fc49fc86eaa75ee32b5b21a4f91ae3b,1,10000000000000000000000,10000.0000000000000000
2022-05-01,59,795836700,6350b0d4f9e7a52630073fe0cab6dea0f4052bf3,1,5381925330452436094624,5381.9253304524360946
2022-05-01,60,1081688045,e7b69a17b3531d01fcead66faf7d9f7655469267,1,5268552200783710224502,5268.5522007837102245
2022-05-01,61,495231405,5f65f7b609678448494de4c87521cdf6cef1e932,1,4246594385415086971281,4246.5943854150869713
2022-05-01,62,833081836,4422610f73f4143a3936f8fa300329bba8833b54,1,3058103830896603427539,3058.1038308966034275
2022-05-01,63,975054608,3359b1674d52de0ee9152e3227f25b2d3eee8bb1,1,2057830675796601971132,2057.8306757966019711
2022-05-01,64,1187445377,b9ba65f1568b318ffc1879a4a6368ef2b5ac96b8,1,2054772885335120539577,2054.7728853351205396
2022-05-01,65,798437155,d5d4aafb3b2217607e5b5b5526eb6932f8df130f,1,1424768273351560179701,1424.7682733515601797
2022-05-01,66,727429987,457de70688ab3a66d071912b4831c4b3946b8322,1,991600000000000000000,991.6000000000000000
2022-05-01,67,1184356756,8206412c107ef1adb70b9277974f5163760e128e,1,719698541762972264655,719.6985417629722647
2022-05-01,68,1141401667,5ec38a0e8616b9faaac92ecb163e5918c0097d7e,1,600251432044854992877,600.2514320448549929
2022-05-01,69,6156748,f75e32eea34ec4c326f340f26e9c7f0cde69cb02,1,402820244204926790869,402.8202442049267909
2022-05-01,70,1013690405,94671a3cee8c7a12ea72602978d1bb84e920efb2,1,211696304800506490121,211.6963048005064901
2022-05-01,71,1114003850,98b8957bc3ec8f7267ac6f41bc381966ed22e4af,1,160924073435482024421,160.9240734354820244
2022-05-01,72,1175096046,9a67a9f0f4488a864e8d6e2c5adc4b378ab0aa28,1,100000000000000000000,100.0000000000000000
2022-05-01,73,1177227129,25327489d5b8c39fda0484504c64bc3a297d08b4,1,63533081609727156711,63.5330816097271567
2022-05-01,74,1147202650,f861483fa7e511fbc37487d91b6faa803af5d37c,1,38919078489316864589,38.9190784893168646
2022-05-01,75,976692849,8ce5796ef6b0c5918025bcf4f9ca908201b030b3,1,10281825193797768641,10.2818251937977686
2022-05-01,76,948230029,6dd434082eab5cd134b33719ec1ff05fe985b97b,1,9992718397062465327,9.9927183970624653
2022-05-01,77,992675953,6b4ee7352406707003bc6f6b96595fd35925af48,1,9601276002791455925,9.6012760027914559
2022-05-01,78,1156722172,a4d45197e3261721b8a8d901489df5d4d2e79ed7,1,20846921865397165,0.02084692186539716500
2022-05-01,79,955720260,220bda5c8994804ac96ebe4df184d25e5c2196d4,1,11513,1.151300000000000000E-14
2022-06-01,1,1145580966,9a834b70c07c81a9fcd6f22e842bf002fbffbe4d,96,3264265780725811956130330,3264265.780725811956
2022-06-01,2,1011184216,6021444f1706f15465bee85463bcc7d7cc17fc03,82,1655465693942297318569347,1655465.693942297319
2022-06-01,3,733908697,d632f22692fac7611d2aa1c0d552930d43caed3b,42,7187449597826664460378373,7187449.597826664460
2022-06-01,4,667300213,97c4adc5d28a86f9470c70dd91dc6cc2f20d2d4d,22,23567406903213947987614,23567.406903213948
2022-06-01,5,1107465928,9a22cdb1ca1cdd2371cd5bb5199564c4e89465eb,20,284851584773941316272064,284851.584773941316
2022-06-01,6,891607506,2796317b0ff8538f253012862c06787adfb8ceb6,19,384122011964503372307371,384122.011964503372
2022-06-01,7,697997440,ec8c342bc3e07f05b9a782bc34e7f04fb9b44502,19,4353071562082604297872,4353.0715620826042979
2022-06-01,8,914995498,d4937682df3c8aef4fe912a96a74121c0829e664,18,15760751912956495808930749,15760751.912956495809
2022-06-01,9,1006079602,b37d31b2a74029b5951a2778f959282e2d518595,15,229547071624004257365714,229547.071624004257
2022-06-01,10,703339145,3f8e527af4e0c6e763e8f368ac679c44c45626ae,13,1076583089190000000000000,1076583.089190000000
2022-06-01,11,616036061,74de5d4fcbf63e00296fd95d33236b9794016631,13,20067982657121603178134,20067.982657121603
2022-06-01,12,667282315,fd0a40bc83c5fae4203dec7e5929b446b07d1c76,13,1448563706243341860613,1448.5637062433418606
2022-06-01,13,1184424559,8300f0528e00ad33b218bb05d396f61a9fdd68cd,12,32702204237062330006700,32702.204237062330
2022-06-01,14,881197687,9008d19f58aabd9ed0d60971565aa8510560ab41,11,2654238007930197617191111,2654238.007930197617
2022-06-01,15,944491348,839a989be40f2d60f00beeb648903732c041cbd7,10,375810416123170976796221,375810.416123170977
2022-06-01,16,968003125,1111111254fb6c44bac0bed2854e76f90643097d,9,8345880567070957448426015,8345880.567070957448
2022-06-01,17,1213241679,dcef968d416a41cdac0ed8702fac8128a64241a2,9,343472226272712691601996,343472.226272712692
2022-06-01,18,821344937,97e7d56a0408570ba1a7852de36350f7713906ec,9,159806880545613917178930,159806.880545613917
2022-06-01,19,1184356756,8206412c107ef1adb70b9277974f5163760e128e,9,127285597765779640195077,127285.597765779640
2022-06-01,20,1014890458,4f4495243837681061c4743b74b3eedf548d56a5,9,7425544600000000000000,7425.5446000000000000
2022-06-01,21,667248779,e1573b9d29e2183b1af0e743dc2754979a40d237,8,196585602971620657223420,196585.602971620657
2022-06-01,22,887108251,e06f8d30ac334c857fc8c380c85969c150f38a6a,8,12983505649716010889750,12983.505649716011
2022-06-01,23,849321637,c69ddcd4dfef25d8a793241834d4cc4b3668ead6,7,279787808273961885101347,279787.808273961885
2022-06-01,24,946159382,baaa1f5dba42c3389bdbc2c9d2de134f5cd0dc89,6,2446413208685318712132101,2446413.208685318712
2022-06-01,25,796495726,c63b0708e2f7e69cb8a1df0e1389a98c35a76d52,6,745880301278643328475841,745880.301278643328
2022-06-01,26,691983075,a79828df1850e8a3a3064576f380d90aecdd3359,5,1101669838708698202710482,1101669.838708698203
2022-06-01,27,893398926,def171fe48cf0115b1d80b88dc8eab59176fee57,5,354846460386729383000521,354846.460386729383
2022-06-01,28,976571213,4f60a160d8c2dddaafe16fcc57566db84d674bd6,5,310492095718537073280523,310492.095718537073
2022-06-01,29,1184371355,99887ac15ebccbad52fa2c9cedc9d91a91e36051,5,51365255647221357818764,51365.255647221358
2022-06-01,30,888341279,c2a856c3aff2110c1171b8f942256d40e980c726,5,50029882609857624454495,50029.882609857624
2022-06-01,31,923408443,fa9a30350048b2bf66865ee20363067c66f67e58,5,5906168658256250597688,5906.1686582562505977
2022-06-01,32,530746224,abea9132b05a70803a4e85094fd0e1800777fbef,4,231842692786600000000000,231842.692786600000
2022-06-01,33,698764531,c218001e3d102e3d1de9bf2c0f7d9626d76c6f30,4,240735811202042289471,240.7358112020422895
2022-06-01,34,1090510997,9fae36a18ef8ac2b43186ade5e2b07403dc742b1,3,32636153907596553087391,32636.153907596553
2022-06-01,35,840272948,e66b31678d6c16e9ebf358268a790b763c133750,3,169954576044628984348,169.9545760446289843
2022-06-01,36,583481113,40ec5b33f54e0e8a33a975908c5ba1c14e5bbbdf,2,101231884642560000000000,101231.884642560000
2022-06-01,37,743086225,245cc372c84b3645bf0ffe6538620b04a217988b,2,84941000000000000000000,84941.000000000000
2022-06-01,38,1042698689,d12bcdfb9a39be79da3bdf02557efdcd5ca59e77,2,3236090759004239089976,3236.0907590042390900
2022-06-01,39,1078861673,f2403a61c7a97a1a1b94a225173f6dd03614b907,2,952496634134939095609,952.4966341349390956
2022-06-01,40,589666606,d9e1ce17f2641f24ae83637ab66a2cca9c378b9f,2,448421356260525505060,448.4213562605255051
2022-06-01,41,1038411705,88a69b4e698a4b090df6cf5bd7b2d47325ad30a3,2,316867069000000000000,316.8670690000000000
2022-06-01,42,1204282930,5d135c1a7604bf0b78018a21ba722e9a06e6d096,2,225706771469571674436,225.7067714695716744
2022-06-01,43,617041540,2dccdb493827e15a5dc8f8b72147e6c4a5620857,1,5620000000000000000000000,5620000.000000000000
2022-06-01,44,1157443981,1f06556c88f66981ad77d89d8006c4e0f562619f,1,700000000000000000000000,700000.000000000000
2022-06-01,45,1151070025,73e5575ca4c3ad394f785e6fc5562dce92823d7c,1,130000000000000000000000,130000.000000000000
2022-06-01,46,837832118,a3a7b6f88361f48403514059f1f16c8e78d60eec,1,100079990000000000000000,100079.990000000000
2022-06-01,47,1155447006,81c46feca27b31f3adc2b91ee4be9717d1cd3dd7,1,99987302460829548294647,99987.302460829548
2022-06-01,48,1200664909,8caea59f3bf1f341f89c51607e4919841131e47a,1,60580450001833590092800,60580.450001833590
2022-06-01,49,1207959212,e77be5f59ee555427272d1bcbee00dd845d89eaa,1,53100000000000000000000,53100.000000000000
2022-06-01,50,1114398902,ab400c46c830a2f87939dcfdcbfaaadf76f35721,1,37437272556772315053846,37437.272556772315
2022-06-01,51,870406049,b1cfdc7370550f5e421e1bf0bf3cadfadf3c4141,1,24589264459046893872062,24589.264459046894
2022-06-01,52,1130448994,d2a9f2b88d6df8830522d624db491445362a2797,1,19195259924542936197412,19195.259924542936
2022-06-01,53,1138368483,1dd706bc740d9991d8b4e37d910b76c9fe8b764f,1,19000000000000000000000,19000.000000000000
2022-06-01,54,1147202650,f861483fa7e511fbc37487d91b6faa803af5d37c,1,18991607826217421637885,18991.607826217422
2022-06-01,55,1081688045,e7b69a17b3531d01fcead66faf7d9f7655469267,1,15818254955201262529385,15818.254955201263
2022-06-01,56,516024280,3d71d79c224998e608d03c5ec9b405e7a38505f0,1,15347413040287257600000,15347.413040287258
2022-06-01,57,916097869,3ee18b2214aff97000d974cf647e7c347e8fa585,1,10000787050290000000000,10000.7870502900000000
2022-06-01,58,842486676,59daa74f2d15c87aac435ec18cb559f92490c100,1,7480000000000000000000,7480.0000000000000000
2022-06-01,59,1141702056,8fe536c7dc019455cce34746755c64bbe2aa163b,1,5377884213870151601355,5377.8842138701516014
2022-06-01,60,1203919777,cb0bc7c879bb3e9cfeb9d8efef653f33b3d242e9,1,4099219330210054277894,4099.2193302100542779
2022-06-01,61,1187373086,1977870a4c18a728c19dd4eb6542451df06e0a4b,1,3731744616192495548673,3731.7446161924955487
2022-06-01,62,1022128226,689209519e78947d52b862748e059fad1238d689,1,2334822526718075612102,2334.8225267180756121
2022-06-01,63,868531215,ac1670ee9fc076f4ac306c61aab9adfa917ec67d,1,1857414625359142725659,1857.4146253591427257
2022-06-01,64,743899457,23ddd3e3692d1861ed57ede224608875809e127f,1,1000533588197632258159,1000.5335881976322582
2022-06-01,65,546716445,22f9dcf4647084d6c31b2765f6910cd85c178c18,1,199228622726164256345,199.2286227261642563
2022-06-01,66,1013690405,94671a3cee8c7a12ea72602978d1bb84e920efb2,1,97009069613563973821,97.0090696135639738
2022-06-01,67,647865489,dfa11829bee4c8e9d67a058f04d8ddfd80d73df0,1,69865260074995965680,69.8652600749959657
2022-06-01,68,1212016162,4c383a910eca6cb65b9d4d4cbd8f05f1bf110201,1,43303349148746624158,43.3033491487466242
2022-06-01,69,1166491594,e92aa77c3d8c7347950b2a8d4b2a0adbf0c31054,1,29924885369724474329,29.9248853697244743
2022-06-01,70,955720260,220bda5c8994804ac96ebe4df184d25e5c2196d4,1,23994427887924881165,23.9944278879248812
2022-06-01,71,495231405,5f65f7b609678448494de4c87521cdf6cef1e932,1,23670000000000000000,23.6700000000000000
2022-06-01,72,857794697,e52f2a74b6f3ebcb13a7d86a31b0553a8d42fd95,1,19000000000000000000,19.0000000000000000
2022-06-01,73,218885802,b8bdedd41958d31b3be88e2e8464d46a64eb7db9,1,13504915607665194096,13.5049156076651941
2022-06-01,74,1177623242,362fa9d0bca5d19f743db50738345ce2b40ec99f,1,1217407619258068515,1.2174076192580685
2022-06-01,75,1185687877,2397321b301b80a1c0911d6f9ed4b6033d43cf51,1,1000536991790785326,1.00053699179078532600
2022-06-01,76,1019881870,34b19cf4e9c02dd60764c0b2b59de0490428db0a,1,759364300622358225,0.75936430062235822500
2022-06-01,77,1204415443,baab94a6644f2a8ad9a806e92df4988606c2ef83,1,110908884,1.109088840000000000E-10
2022-07-01,1,1145580966,9a834b70c07c81a9fcd6f22e842bf002fbffbe4d,72,2304500546108295132688605,2304500.546108295133
2022-07-01,2,1011184216,6021444f1706f15465bee85463bcc7d7cc17fc03,48,340541797164526127091297,340541.797164526127
2022-07-01,3,733908697,d632f22692fac7611d2aa1c0d552930d43caed3b,33,11858540952354555141370958,11858540.952354555141
2022-07-01,4,1213241679,dcef968d416a41cdac0ed8702fac8128a64241a2,31,792901780993581505008601,792901.780993581505
2022-07-01,5,1184424559,8300f0528e00ad33b218bb05d396f61a9fdd68cd,23,33308411007950924385130,33308.411007950924
2022-07-01,6,795912842,92c7b5ce4cb0e5483f3365c1449f21578ee9f21a,23,9705703674579590015918,9705.7036745795900159
2022-07-01,7,1184356756,8206412c107ef1adb70b9277974f5163760e128e,15,346565798105447204254419,346565.798105447204
2022-07-01,8,1006079602,b37d31b2a74029b5951a2778f959282e2d518595,14,905416243091922479987560,905416.243091922480
2022-07-01,9,1107465928,9a22cdb1ca1cdd2371cd5bb5199564c4e89465eb,14,13374019190562753239122,13374.019190562753
2022-07-01,10,891607506,2796317b0ff8538f253012862c06787adfb8ceb6,13,142393045350953326988727,142393.045350953327
2022-07-01,11,914995498,d4937682df3c8aef4fe912a96a74121c0829e664,12,6793826210000000000000000,6793826.210000000000
2022-07-01,12,881197687,9008d19f58aabd9ed0d60971565aa8510560ab41,12,930942247581420393586455,930942.247581420394
2022-07-01,13,888341279,c2a856c3aff2110c1171b8f942256d40e980c726,12,61427764345668361201047,61427.764345668361
2022-07-01,14,893398926,def171fe48cf0115b1d80b88dc8eab59176fee57,11,1694092867775686446385079,1694092.867775686446
2022-07-01,15,1155447006,81c46feca27b31f3adc2b91ee4be9717d1cd3dd7,10,1130212479678576890521210,1130212.479678576891
2022-07-01,16,616036061,74de5d4fcbf63e00296fd95d33236b9794016631,10,4733081333961351165596,4733.0813339613511656
2022-07-01,17,667248779,e1573b9d29e2183b1af0e743dc2754979a40d237,9,442220283388911858990186,442220.283388911859
2022-07-01,18,887108251,e06f8d30ac334c857fc8c380c85969c150f38a6a,8,10571294068424839338996,10571.294068424839
2022-07-01,19,849321637,c69ddcd4dfef25d8a793241834d4cc4b3668ead6,7,52461331628859473310813,52461.331628859473
2022-07-01,20,697997440,ec8c342bc3e07f05b9a782bc34e7f04fb9b44502,7,460050594480692757784,460.0505944806927578
2022-07-01,21,1187373086,1977870a4c18a728c19dd4eb6542451df06e0a4b,6,55830581822686792516384,55830.581822686793
2022-07-01,22,976571213,4f60a160d8c2dddaafe16fcc57566db84d674bd6,6,45297631755885169483397,45297.631755885169
2022-07-01,23,1203919777,cb0bc7c879bb3e9cfeb9d8efef653f33b3d242e9,6,36162090273660431057010,36162.090273660431
2022-07-01,24,821344937,97e7d56a0408570ba1a7852de36350f7713906ec,6,13408359951134971833670,13408.359951134972
2022-07-01,25,667282315,fd0a40bc83c5fae4203dec7e5929b446b07d1c76,6,513537218815550651161,513.5372188155506512
2022-07-01,26,1184371355,99887ac15ebccbad52fa2c9cedc9d91a91e36051,5,41820439009906973866903,41820.439009906974
2022-07-01,27,796495726,c63b0708e2f7e69cb8a1df0e1389a98c35a76d52,5,31147727062506653639132,31147.727062506654
2022-07-01,28,667300213,97c4adc5d28a86f9470c70dd91dc6cc2f20d2d4d,5,865282200821172157631,865.2822008211721576
2022-07-01,29,944491348,839a989be40f2d60f00beeb648903732c041cbd7,4,682083333320935895288040,682083.333320935895
2022-07-01,30,968003125,1111111254fb6c44bac0bed2854e76f90643097d,4,224838665842059672101044,224838.665842059672
2022-07-01,31,840272948,e66b31678d6c16e9ebf358268a790b763c133750,4,1564580245485753466445,1564.5802454857534664
2022-07-01,32,946159382,baaa1f5dba42c3389bdbc2c9d2de134f5cd0dc89,3,44933899692079527983095,44933.899692079528
2022-07-01,33,1014890458,4f4495243837681061c4743b74b3eedf548d56a5,3,4846086500000000000000,4846.0865000000000000
2022-07-01,34,1198942755,0a92ac70b5a187fb509947916a8f63dd31600f80,3,1055205391870254548827,1055.2053918702545488
2022-07-01,35,698764531,c218001e3d102e3d1de9bf2c0f7d9626d76c6f30,3,35130761787582420589,35.1307617875824206
2022-07-01,36,1256877549,2fc9c3ebb51daef3e47e50301f2bfdce624366f5,3,18620701848607038474,18.6207018486070385
2022-07-01,37,923408443,fa9a30350048b2bf66865ee20363067c66f67e58,2,52543663363148734052027,52543.663363148734
2022-07-01,38,1235298661,08780fb7e580e492c1935bee4fa5920b94aa95da,2,50630173361677930941950,50630.173361677931
2022-07-01,39,1200664909,8caea59f3bf1f341f89c51607e4919841131e47a,2,47791859888367533999715,47791.859888367534
2022-07-01,40,1242607691,9a7719edc6c333ec0072a159fcaebdaf416343fb,2,21196676896076459328593,21196.676896076459
2022-07-01,41,1156722684,4b32c37be5949e77ba3726e863a030bd77942a97,2,10000000000000000000000,10000.0000000000000000
2022-07-01,42,1236614447,aab5e297b7113b6c188b5b611ba2724bc1decf6f,2,7240000000000000000000,7240.0000000000000000
2022-07-01,43,916097869,3ee18b2214aff97000d974cf647e7c347e8fa585,2,4063082794940000000000,4063.0827949400000000
2022-07-01,44,1141702056,8fe536c7dc019455cce34746755c64bbe2aa163b,2,3220977348768177424177,3220.9773487681774242
2022-07-01,45,546716445,22f9dcf4647084d6c31b2765f6910cd85c178c18,2,2038895881428503745915,2038.8958814285037459
2022-07-01,46,1130448994,d2a9f2b88d6df8830522d624db491445362a2797,2,942182727398140083872,942.1827273981400839
2022-07-01,47,691983075,a79828df1850e8a3a3064576f380d90aecdd3359,1,70171994587477303168464,70171.994587477303
2022-07-01,48,1221841461,8002fcd05a984bdd7b0eaa1e2a75148acbb8540e,1,61574132878015805096259,61574.132878015805
2022-07-01,49,516024280,3d71d79c224998e608d03c5ec9b405e7a38505f0,1,27061818074766436291672,27061.818074766436
2022-07-01,50,1208094608,58cced60ccd63149a0e8deaf272d2a071fecf3ee,1,22207070539909173037031,22207.070539909173
2022-07-01,51,743899457,23ddd3e3692d1861ed57ede224608875809e127f,1,11724268703752116330092,11724.268703752116
2022-07-01,52,15205696,9948ffd4b0e40a096f8979cdaeea7d852f6ea177,1,7590815984194640636757,7590.8159841946406368
2022-07-01,53,1177623242,362fa9d0bca5d19f743db50738345ce2b40ec99f,1,6111890741010508359322,6111.8907410105083593
2022-07-01,54,1005502307,eef86c2e49e11345f1a693675df9a38f7d880c8f,1,3168000628665172135239,3168.0006286651721352
2022-07-01,55,1262578272,38633ed142bcc8128b45ab04a2e4a6e53774699f,1,2972388261685599940364,2972.3882616855999404
2022-07-01,56,1008108688,d90b33936a40418271584aab190c4bbe7fb95e2b,1,736980000000000000000,736.9800000000000000
2022-07-01,57,1218163615,b155f9061ac2a8cf8ab855c2f93859052948f41c,1,155321811021904853735,155.3218110219048537
2022-07-01,58,1217212306,e9673491148d1e8edbb943f5826963e588999653,1,100000000000000000000,100.0000000000000000
2022-07-01,59,530746224,abea9132b05a70803a4e85094fd0e1800777fbef,1,74007396000000000000,74.0073960000000000
2022-07-01,60,1234035221,59f30024bf27918db1b2a8a884edfdee3a18f463,1,65999999999999999999,66.0000000000000000
2022-07-01,61,1223875420,f7c444e4e437dced184edd5a06139e1f9a7cddda,1,28307305130012417926,28.3073051300124179
2022-07-01,62,1237004373,f9323ab40d3bfca1b4c727622b3bff9a962ec186,1,11814919294937128962,11.8149192949371290
2022-07-01,63,1015988331,04fc84d0b2914005cd16fa377ae889d768b2e7ff,1,11479928755045698316,11.4799287550456983
2022-07-01,64,1198062122,200058ab20fef357414fc39cab827ec35643c585,1,11032289200590523563,11.0322892005905236
2022-07-01,65,688179758,bbbc1f6be7a36f9b49f807ae24ed7ebab34d82ce,1,10000000000000000000,10.0000000000000000
2022-07-01,66,1234025065,4d5bd6411c21115b60e04c0546cdd10a138746e4,1,10000000000000000000,10.0000000000000000
2022-07-01,67,1166491594,e92aa77c3d8c7347950b2a8d4b2a0adbf0c31054,1,9177494993269256137,9.1774949932692561
2022-07-01,68,1258564752,0000000000b19acb01ce6f497ecc5e36e0a5b0e7,1,6967480342347019339,6.9674803423470193
2022-07-01,69,1204282930,5d135c1a7604bf0b78018a21ba722e9a06e6d096,1,6116933697318944729,6.1169336973189447
2022-07-01,70,1207522458,d62707f513f4b472d0badd922d74c49e06d9e7c7,1,3361149962221601305,3.3611499622216013
2022-07-01,71,931298386,a558ba0b4d55e0c6ce81ea309c16528ed2c803c9,1,1019305007876323800,1.0193050078763238
2022-07-01,72,780095558,ba12222222228d8ba445958a75a0704d566bf2c8,1,73240851156464010,0.07324085115646401000
2022-08-01,1,1145580966,9a834b70c07c81a9fcd6f22e842bf002fbffbe4d,130,3700725927547405969827147,3700725.927547405970
2022-08-01,2,795912842,92c7b5ce4cb0e5483f3365c1449f21578ee9f21a,42,17433004090982690484199,17433.004090982690
2022-08-01,3,1006079602,b37d31b2a74029b5951a2778f959282e2d518595,40,1616890747484075430781833,1616890.747484075431
2022-08-01,4,1213241679,dcef968d416a41cdac0ed8702fac8128a64241a2,38,5088925856589864918410800,5088925.856589864918
2022-08-01,5,733908697,d632f22692fac7611d2aa1c0d552930d43caed3b,38,4663431207761913084373134,4663431.207761913084
2022-08-01,6,1011184216,6021444f1706f15465bee85463bcc7d7cc17fc03,34,260039324619606738676986,260039.324619606739
2022-08-01,7,1038411705,88a69b4e698a4b090df6cf5bd7b2d47325ad30a3,30,4053224023096133287041928,4053224.023096133287
2022-08-01,8,881197687,9008d19f58aabd9ed0d60971565aa8510560ab41,25,1226278240079244404917886,1226278.240079244405
2022-08-01,9,616036061,74de5d4fcbf63e00296fd95d33236b9794016631,24,328022430735431872197664,328022.430735431872
2022-08-01,10,1107465928,9a22cdb1ca1cdd2371cd5bb5199564c4e89465eb,20,55699520274362281916720,55699.520274362282
2022-08-01,11,667248779,e1573b9d29e2183b1af0e743dc2754979a40d237,18,767660750194746729023592,767660.750194746729
2022-08-01,12,888341279,c2a856c3aff2110c1171b8f942256d40e980c726,18,59114184272950523994715,59114.184272950524
2022-08-01,13,1155447006,81c46feca27b31f3adc2b91ee4be9717d1cd3dd7,17,1389480874888791662929960,1389480.874888791663
2022-08-01,14,976571213,4f60a160d8c2dddaafe16fcc57566db84d674bd6,16,365846771954999441272902,365846.771954999441
2022-08-01,15,1184424559,8300f0528e00ad33b218bb05d396f61a9fdd68cd,14,21656152143430998513431,21656.152143430999
2022-08-01,16,968003125,1111111254fb6c44bac0bed2854e76f90643097d,13,4205565135874578300401234,4205565.135874578300
2022-08-01,17,893398926,def171fe48cf0115b1d80b88dc8eab59176fee57,12,570414306493203467875218,570414.306493203468
2022-08-01,18,667282315,fd0a40bc83c5fae4203dec7e5929b446b07d1c76,12,10343272140831203145571,10343.272140831203
2022-08-01,19,1184356756,8206412c107ef1adb70b9277974f5163760e128e,11,194257615908104474512649,194257.615908104475
2022-08-01,20,697997440,ec8c342bc3e07f05b9a782bc34e7f04fb9b44502,11,6754491989495814117394,6754.4919894958141174
2022-08-01,21,914995498,d4937682df3c8aef4fe912a96a74121c0829e664,10,6592105000000000000000000,6592105.000000000000
2022-08-01,22,821344937,97e7d56a0408570ba1a7852de36350f7713906ec,10,53575735492807448635562,53575.735492807449
2022-08-01,23,1130448994,d2a9f2b88d6df8830522d624db491445362a2797,9,885340845829118552149,885.3408458291185521
2022-08-01,24,1235298661,08780fb7e580e492c1935bee4fa5920b94aa95da,8,564397582124391332025963,564397.582124391332
2022-08-01,25,796495726,c63b0708e2f7e69cb8a1df0e1389a98c35a76d52,6,4655167663160113599102562,4655167.663160113599
2022-08-01,26,923408443,fa9a30350048b2bf66865ee20363067c66f67e58,6,28046431404905703883101,28046.431404905704
2022-08-01,27,546716445,22f9dcf4647084d6c31b2765f6910cd85c178c18,5,327116566251408531492779,327116.566251408531
2022-08-01,28,691983075,a79828df1850e8a3a3064576f380d90aecdd3359,4,4114133686278570366967685,4114133.686278570367
2022-08-01,29,891607506,2796317b0ff8538f253012862c06787adfb8ceb6,4,20304926522142577286434,20304.926522142577
2022-08-01,30,780095558,ba12222222228d8ba445958a75a0704d566bf2c8,4,19769862508333263475329,19769.862508333263
2022-08-01,31,1292509309,31351bf3fba544863fbff44ddc27ba880916a199,4,5812735108665926572394,5812.7351086659265724
2022-08-01,32,849321637,c69ddcd4dfef25d8a793241834d4cc4b3668ead6,4,4689366280447577595664,4689.3662804475775957
2022-08-01,33,840272948,e66b31678d6c16e9ebf358268a790b763c133750,4,2333039216935066147546,2333.0392169350661475
2022-08-01,34,887108251,e06f8d30ac334c857fc8c380c85969c150f38a6a,4,656013405626955009530,656.0134056269550095
2022-08-01,35,667300213,97c4adc5d28a86f9470c70dd91dc6cc2f20d2d4d,4,494508330056124401998,494.5083300561244020
2022-08-01,36,1029717978,5c8898f8e0f9468d4a677887bc03ee2659321012,3,105000000000000000000000,105000.000000000000
2022-08-01,37,1014890458,4f4495243837681061c4743b74b3eedf548d56a5,3,4664060700000000000000,4664.0607000000000000
2022-08-01,38,23974037,7d6bfe8ee58107faa994f0fd887acbf3bd2b7b91,3,300000000000000000000,300.0000000000000000
2022-08-01,39,530746224,abea9132b05a70803a4e85094fd0e1800777fbef,2,100183865766370000000000,100183.865766370000
2022-08-01,40,984547269,43de2d77bf8027e25dbd179b491e8d64f38398aa,2,82631533096320000000000,82631.533096320000
2022-08-01,41,583481113,40ec5b33f54e0e8a33a975908c5ba1c14e5bbbdf,2,80696986098845102289723,80696.986098845102
2022-08-01,42,1212920563,41684b361557e9282e0373ca51260d9331e518c9,2,49846516602363932195633,49846.516602363932
2022-08-01,43,1184371355,99887ac15ebccbad52fa2c9cedc9d91a91e36051,2,29494554203777369320802,29494.554203777369
2022-08-01,44,916097869,3ee18b2214aff97000d974cf647e7c347e8fa585,2,3062142864620000000000,3062.1428646200000000
2022-08-01,45,1292507684,56695c26b3cdb528815cd22ff7b47510ab821efd,2,889395636124884198764,889.3956361248841988
2022-08-01,46,698764531,c218001e3d102e3d1de9bf2c0f7d9626d76c6f30,2,274628852771946224355,274.6288527719462244
2022-08-01,47,1157076857,4e0915c88bc70750d68c481540f081fefaf22273,2,11766234834941514860,11.7662348349415149
2022-08-01,48,1015988331,04fc84d0b2914005cd16fa377ae889d768b2e7ff,2,10100000000000000000,10.1000000000000000
2022-08-01,49,1232561630,497ce58f34605b9944e6b15ecafe6b001206fd25,1,204388998869784582416423,204388.998869784582
2022-08-01,50,1230151645,13cc34aa8037f722405285ad2c82fe570bfa2bdc,1,120324099717625863498199,120324.099717625863
2022-08-01,51,1238776801,750bb20608601e4c44acbe774fac8f37dab67c86,1,47051362991019117613238,47051.362991019118
2022-08-01,52,837832118,a3a7b6f88361f48403514059f1f16c8e78d60eec,1,43876380000000000000000,43876.380000000000
2022-08-01,53,944491348,839a989be40f2d60f00beeb648903732c041cbd7,1,37135691438110756094753,37135.691438110756
2022-08-01,54,576388270,3fcab7343a2ccbc463200d7b19ea8c5e5766a676,1,28500000000000000000000,28500.000000000000
2022-08-01,55,1232643768,04b727c7e246ca70d496ecf52e6b6280f3c8077d,1,19179424362450595962990,19179.424362450596
2022-08-01,56,1292422842,03b59bd1c8b9f6c265ba0c3421923b93f15036fa,1,8664549010864548314297,8664.5490108645483143
2022-08-01,57,743899457,23ddd3e3692d1861ed57ede224608875809e127f,1,6584796512825343505778,6584.7965128253435058
2022-08-01,58,1018740503,97b258518d0370717096ffd0f899e7633f9e8963,1,1000818669671791320332,1000.8186696717913203
2022-08-01,59,1203919777,cb0bc7c879bb3e9cfeb9d8efef653f33b3d242e9,1,760000000000000037419,760.0000000000000374
2022-08-01,60,678951413,63c3c03b72a6b8bd712aae5801d9009ec20d1e55,1,419000000000000000000,419.0000000000000000
2022-08-01,61,1285536409,de8cfe617d711151f6be41d86d67f98cdd13b885,1,314225461299624881985,314.2254612996248820
2022-08-01,62,1236614447,aab5e297b7113b6c188b5b611ba2724bc1decf6f,1,280000000000000000000,280.0000000000000000
2022-08-01,63,1184366578,5a1ea0130dc4dc38420aa77929f992f1fbd482bb,1,122070325065036048945,122.0703250650360489
2022-08-01,64,992675953,6b4ee7352406707003bc6f6b96595fd35925af48,1,87525173175302475010,87.5251731753024750
2022-08-01,65,1292433298,d79886841026a39cff99321140b3c4d31314782b,1,82935449226468911693,82.9354492264689117
2022-08-01,66,589666606,d9e1ce17f2641f24ae83637ab66a2cca9c378b9f,1,79217688347323802566,79.2176883473238026
2022-08-01,67,1256877549,2fc9c3ebb51daef3e47e50301f2bfdce624366f5,1,51433123992719260549,51.4331239927192605
2022-08-01,68,835046992,ad84693a21e0a1db73ae6c6e5aceb041a6c8b6b3,1,35017512562962357362,35.0175125629623574
2022-08-01,69,1286211955,185bf3282a99d00791c2ca562afabe1e0bedc9c4,1,25474344568014369545,25.4743445680143695
2022-08-01,70,1292309332,b2374f84b3ceeff6492943df613c9bcf45322a0c,1,10000000000000000000,10.0000000000000000
2022-08-01,71,1287474238,3c55f89ad86c869a9eae625bdbee7990347dce5e,1,9996389089100436804,9.9963890891004368
2022-08-01,72,1037024361,f1ddc084500fc774bb835f412aea908259b55ce4,1,7031568268926700184,7.0315682689267002
2022-08-01,73,693261852,517133ba867efd62585094cf6421fd18ae2fbc70,1,1691010331871633167,1.6910103318716332
2022-08-01,74,1281076492,cb119c67eac0cc8d92f7ede0306ef0296b251c71,1,1092382794157005700,1.0923827941570057
2022-08-01,75,868978312,1531c1a63a169ac75a2daae399080745fa51de44,1,200000000000000000,0.20000000000000000000
2022-08-01,76,1265465517,fe9a934a8607ef020adf22d4431d6ce6005aa4d3,1,1,1.000000000000000000E-18
2022-09-01,1,1312471386,76f4eed9fe41262669d0250b2a97db79712ad855,233,254921522973696815310252,254921.522973696815
2022-09-01,2,1145580966,9a834b70c07c81a9fcd6f22e842bf002fbffbe4d,76,2393874225016408831713017,2393874.225016408832
2022-09-01,3,1011184216,6021444f1706f15465bee85463bcc7d7cc17fc03,36,634061863670527024623707,634061.863670527025
2022-09-01,4,795912842,92c7b5ce4cb0e5483f3365c1449f21578ee9f21a,30,11523105709644536694816,11523.105709644537
2022-09-01,5,1213241679,dcef968d416a41cdac0ed8702fac8128a64241a2,27,2021524829007082283502750,2021524.829007082284
2022-09-01,6,1292509309,31351bf3fba544863fbff44ddc27ba880916a199,23,33207217223296631498931,33207.217223296631
2022-09-01,7,733908697,d632f22692fac7611d2aa1c0d552930d43caed3b,21,734898146880941345844517,734898.146880941346
2022-09-01,8,914995498,d4937682df3c8aef4fe912a96a74121c0829e664,17,1466071245605756772123732,1466071.245605756772
2022-09-01,9,667248779,e1573b9d29e2183b1af0e743dc2754979a40d237,15,158788311001194881834753,158788.311001194882
2022-09-01,10,881197687,9008d19f58aabd9ed0d60971565aa8510560ab41,14,415290558356670834273800,415290.558356670834
2022-09-01,11,888341279,c2a856c3aff2110c1171b8f942256d40e980c726,14,74097804164368627931663,74097.804164368628
2022-09-01,12,616036061,74de5d4fcbf63e00296fd95d33236b9794016631,14,22169710048155214136457,22169.710048155214
2022-09-01,13,1306675135,832c6f546bf34a552deb8773216a93bf6801028c,12,99380328822693149239642,99380.328822693149
2022-09-01,14,1130448994,d2a9f2b88d6df8830522d624db491445362a2797,11,314735622235084161306,314.7356222350841613
2022-09-01,15,1306887388,794f6b13fbd7eb7ef10d1ed205c9a416910207ff,10,190012694999335250685810,190012.694999335251
2022-09-01,16,893398926,def171fe48cf0115b1d80b88dc8eab59176fee57,9,1055659367543186825269496,1055659.367543186825
2022-09-01,17,968003125,1111111254fb6c44bac0bed2854e76f90643097d,9,54153722544779742778812,54153.722544779743
2022-09-01,18,1107465928,9a22cdb1ca1cdd2371cd5bb5199564c4e89465eb,9,7990466619801073669564,7990.4666198010736696
2022-09-01,19,1235298661,08780fb7e580e492c1935bee4fa5920b94aa95da,8,1215218117257171007021091,1215218.117257171007
2022-09-01,20,1006079602,b37d31b2a74029b5951a2778f959282e2d518595,8,215659411011562057071649,215659.411011562057
2022-09-01,21,780095558,ba12222222228d8ba445958a75a0704d566bf2c8,8,92992990827269812973706,92992.990827269813
2022-09-01,22,1238776801,750bb20608601e4c44acbe774fac8f37dab67c86,8,43972598187821368076411,43972.598187821368
2022-09-01,23,1292422842,03b59bd1c8b9f6c265ba0c3421923b93f15036fa,7,592507169869032294575647,592507.169869032295
2022-09-01,24,840272948,e66b31678d6c16e9ebf358268a790b763c133750,7,2733681381096031202242,2733.6813810960312022
2022-09-01,25,667300213,97c4adc5d28a86f9470c70dd91dc6cc2f20d2d4d,7,185905826220404395605,185.9058262204043956
2022-09-01,26,1328247616,8c240c385305aeb2d5ceb60425aabcb3488fa93d,6,2527754235251842616950913,2527754.235251842617
2022-09-01,27,1203919777,cb0bc7c879bb3e9cfeb9d8efef653f33b3d242e9,6,80214953780392524059035,80214.953780392524
2022-09-01,28,1155447006,81c46feca27b31f3adc2b91ee4be9717d1cd3dd7,6,45020117120169632801465,45020.117120169633
2022-09-01,29,1308469390,5de4ef4879f4fe3bbadf2227d2ac5d0e2d76c895,6,13218362008211501503361,13218.362008211502
2022-09-01,30,1292507684,56695c26b3cdb528815cd22ff7b47510ab821efd,6,9804588682686127816901,9804.5886826861278169
2022-09-01,31,976571213,4f60a160d8c2dddaafe16fcc57566db84d674bd6,5,588255045045115753712157,588255.045045115754
2022-09-01,32,821344937,97e7d56a0408570ba1a7852de36350f7713906ec,5,10915167883841279772602,10915.167883841280
2022-09-01,33,697997440,ec8c342bc3e07f05b9a782bc34e7f04fb9b44502,5,1501191745677128762000,1501.1917456771287620
2022-09-01,34,667282315,fd0a40bc83c5fae4203dec7e5929b446b07d1c76,4,70850992299835114282,70.8509922998351143
2022-09-01,35,546716445,22f9dcf4647084d6c31b2765f6910cd85c178c18,3,385875552910233945935613,385875.552910233946
2022-09-01,36,1296323435,5769071665eb8db80e7e9226f92336bb2897dcfa,3,3822762414974720175995,3822.7624149747201760
2022-09-01,37,1198942755,0a92ac70b5a187fb509947916a8f63dd31600f80,3,946278064948403035714,946.2780649484030357
2022-09-01,38,1014890458,4f4495243837681061c4743b74b3eedf548d56a5,3,500046529383765088874,500.0465293837650889
2022-09-01,39,923408443,fa9a30350048b2bf66865ee20363067c66f67e58,3,403820026730194017055,403.8200267301940171
2022-09-01,40,887108251,e06f8d30ac334c857fc8c380c85969c150f38a6a,3,311168572737615672904,311.1685727376156729
2022-09-01,41,1311892521,f1667d8fa2a9d4a00717cb4f74cc698546acf602,2,50100000000000000000000,50100.000000000000
2022-09-01,42,796495726,c63b0708e2f7e69cb8a1df0e1389a98c35a76d52,2,12534434350634494991504,12534.434350634495
2022-09-01,43,1177623242,362fa9d0bca5d19f743db50738345ce2b40ec99f,2,6848103841848261424711,6848.1038418482614247
2022-09-01,44,944491348,839a989be40f2d60f00beeb648903732c041cbd7,2,6847102147810304910374,6847.1021478103049104
2022-09-01,45,1212920563,41684b361557e9282e0373ca51260d9331e518c9,2,1215933683166361789444,1215.9336831663617894
2022-09-01,46,1319708489,6eb211caf6d304a76efe37d9abdfaddc2d4363d1,2,10263288846348568055,10.2632888463485681
2022-09-01,47,1184424559,8300f0528e00ad33b218bb05d396f61a9fdd68cd,2,8201064463955038769,8.2010644639550388
2022-09-01,48,849321637,c69ddcd4dfef25d8a793241834d4cc4b3668ead6,1,774033936199681334099338,774033.936199681334
2022-09-01,49,714219497,b5f54ac4466f5ce7e0d8a5cb9fe7b8c0f35b7ba8,1,144720354171645948886616,144720.354171645949
2022-09-01,50,1296271160,5e8c1ad4c3d04f059d5c1a2ce4593e53be270bca,1,15657201665444620141831,15657.201665444620
2022-09-01,51,530746224,abea9132b05a70803a4e85094fd0e1800777fbef,1,8789728552000000000000,8789.7285520000000000
2022-09-01,52,984547269,43de2d77bf8027e25dbd179b491e8d64f38398aa,1,4774119297800000000000,4774.1192978000000000
2022-09-01,53,1200664909,8caea59f3bf1f341f89c51607e4919841131e47a,1,4394606141045003009231,4394.6061410450030092
2022-09-01,54,1141702056,8fe536c7dc019455cce34746755c64bbe2aa163b,1,1340993401501191752649,1340.9934015011917526
2022-09-01,55,8974995,7bcd790d1282622da859625f3786be9f33042d50,1,1200157253864843157012,1200.1572538648431570
2022-09-01,56,763057283,720de10fea55f74e58f9478ee4225087d1260048,1,1000000000000000000000,1000.0000000000000000
2022-09-01,57,224191,8a53501ad6450330e6f5397af182bfefbc159799,1,775047364519120473196,775.0473645191204732
2022-09-01,58,992675953,6b4ee7352406707003bc6f6b96595fd35925af48,1,329424549408891541459,329.4245494088915415
2022-09-01,59,1342234942,179ea3b54fb128ad330a51c1ce40fd98181ab3d2,1,327243165232606644360,327.2431652326066444
2022-09-01,60,811630488,d6c783b257e662ca949b441a4fcb08a53fc49914,1,314319440209956048653,314.3194402099560487
2022-09-01,61,1318970169,bd6a2bfccfc6a4f7ece6c005d50d01428fb9c086,1,257636406961533829862,257.6364069615338299
2022-09-01,62,1330650952,0352086e5ce73fc2ec4c41fef56361f7def6ea91,1,235542437945390484287,235.5424379453904843
2022-09-01,63,1303792869,66e335622ad7a6c9c72c98dbfcce684996a20ef9,1,143618898368123763233,143.6188983681237632
2022-09-01,64,743899457,23ddd3e3692d1861ed57ede224608875809e127f,1,128801750000000002060,128.8017500000000021
2022-09-01,65,698764531,c218001e3d102e3d1de9bf2c0f7d9626d76c6f30,1,113166828758815014856,113.1668287588150149
2022-09-01,66,1292433298,d79886841026a39cff99321140b3c4d31314782b,1,53664094892540078777,53.6640948925400788
2022-09-01,67,1285536409,de8cfe617d711151f6be41d86d67f98cdd13b885,1,33576518628997189614,33.5765186289971896
2022-09-01,68,1327972469,fa38f3717dad95085ff725aa93608af3fa1d9e58,1,19999999999999999999,20.0000000000000000
2022-09-01,69,1333853018,4961d75c91a839c32a76ede615096a8963b8270a,1,10007078943560648845,10.0070789435606488
2022-09-01,70,889018708,35137867d87bf78f8c4340c00872930cbb5f92e0,1,10000000000000000000,10.0000000000000000
2022-09-01,71,1198062122,200058ab20fef357414fc39cab827ec35643c585,1,7837954062080775974,7.8379540620807760
2022-09-01,72,1300502481,ccb26b5cc4e1ce29521da281a0107a6672bfe099,1,16296489834070615,0.01629648983407061500
2022-10-01,1,1312471386,76f4eed9fe41262669d0250b2a97db79712ad855,500,557588075208727260889781,557588.075208727261
2022-10-01,2,1145580966,9a834b70c07c81a9fcd6f22e842bf002fbffbe4d,58,2313691990834310323766985,2313691.990834310324
2022-10-01,3,1173301746,98257c876ace5009e7b97843f8c71b3ae795c71e,45,1804020405221544354093967,1804020.405221544354
2022-10-01,4,914995498,d4937682df3c8aef4fe912a96a74121c0829e664,23,1447810602030063748371038,1447810.602030063748
2022-10-01,5,1011184216,6021444f1706f15465bee85463bcc7d7cc17fc03,17,686435106196052169755098,686435.106196052170
2022-10-01,6,1213241679,dcef968d416a41cdac0ed8702fac8128a64241a2,16,255637603895322301769771,255637.603895322302
2022-10-01,7,795912842,92c7b5ce4cb0e5483f3365c1449f21578ee9f21a,13,1663088087367465584248,1663.0880873674655842
2022-10-01,8,968003125,1111111254fb6c44bac0bed2854e76f90643097d,12,2448256733247512949507697,2448256.733247512950
2022-10-01,9,881197687,9008d19f58aabd9ed0d60971565aa8510560ab41,11,2723116462552055044400906,2723116.462552055044
2022-10-01,10,1235298661,08780fb7e580e492c1935bee4fa5920b94aa95da,10,1201253900288394886405298,1201253.900288394886
2022-10-01,11,1308469390,5de4ef4879f4fe3bbadf2227d2ac5d0e2d76c895,10,73549794028600230499089,73549.794028600230
2022-10-01,12,888341279,c2a856c3aff2110c1171b8f942256d40e980c726,10,52256461766502145366823,52256.461766502145
2022-10-01,13,1292422842,03b59bd1c8b9f6c265ba0c3421923b93f15036fa,9,379456739830197179067331,379456.739830197179
2022-10-01,14,616036061,74de5d4fcbf63e00296fd95d33236b9794016631,9,1346258826308752568448,1346.2588263087525684
2022-10-01,15,733908697,d632f22692fac7611d2aa1c0d552930d43caed3b,8,223213806742611050256801,223213.806742611050
2022-10-01,16,1107465928,9a22cdb1ca1cdd2371cd5bb5199564c4e89465eb,7,7574158247326271007334,7574.1582473262710073
2022-10-01,17,840272948,e66b31678d6c16e9ebf358268a790b763c133750,7,1771945717435085197964,1771.9457174350851980
2022-10-01,18,1292509309,31351bf3fba544863fbff44ddc27ba880916a199,7,1699058657616003310095,1699.0586576160033101
2022-10-01,19,893398926,def171fe48cf0115b1d80b88dc8eab59176fee57,6,73752271802755738223918,73752.271802755738
2022-10-01,20,1328247616,8c240c385305aeb2d5ceb60425aabcb3488fa93d,6,3968556328224492344419,3968.5563282244923444
2022-10-01,21,667300213,97c4adc5d28a86f9470c70dd91dc6cc2f20d2d4d,6,1163630991533634665312,1163.6309915336346653
2022-10-01,22,821344937,97e7d56a0408570ba1a7852de36350f7713906ec,5,21482455860892096340300,21482.455860892096
2022-10-01,23,1306887388,794f6b13fbd7eb7ef10d1ed205c9a416910207ff,4,40609257897123440012140,40609.257897123440
2022-10-01,24,849321637,c69ddcd4dfef25d8a793241834d4cc4b3668ead6,4,11245830758999006893753,11245.830758999007
2022-10-01,25,1351302712,dbe88dbac39263c47629ebba02b3ef4cf0752a72,4,10548000000000000000000,10548.000000000000
2022-10-01,26,1351646374,3835a58ca93cdb5f912519ad366826ac9a752510,3,1012000000000000000000000,1012000.000000000000
2022-10-01,27,714219497,b5f54ac4466f5ce7e0d8a5cb9fe7b8c0f35b7ba8,3,70271417436181667551721,70271.417436181668
2022-10-01,28,1351293871,a1d100a5bf6bfd2736837c97248853d989a9ed84,3,45600000000000000000000,45600.000000000000
2022-10-01,29,667248779,e1573b9d29e2183b1af0e743dc2754979a40d237,3,20520402793114823917825,20520.402793114824
2022-10-01,30,530746224,abea9132b05a70803a4e85094fd0e1800777fbef,3,4979802942000000000000,4979.8029420000000000
2022-10-01,31,209499427,d152f549545093347a162dce210e7293f1452150,3,1172100000000000000000,1172.1000000000000000
2022-10-01,32,697997440,ec8c342bc3e07f05b9a782bc34e7f04fb9b44502,3,537478983545895548697,537.4789835458955487
2022-10-01,33,1014890458,4f4495243837681061c4743b74b3eedf548d56a5,3,448401839116690645915,448.4018391166906459
2022-10-01,34,691983075,a79828df1850e8a3a3064576f380d90aecdd3359,2,1897663593593369915722034,1897663.593593369916
2022-10-01,35,1147202650,f861483fa7e511fbc37487d91b6faa803af5d37c,2,1535227907969909532185675,1535227.907969909532
2022-10-01,36,796495726,c63b0708e2f7e69cb8a1df0e1389a98c35a76d52,2,60204769086555332244139,60204.769086555332
2022-10-01,37,1346866059,55b916ce078ea594c10a874ba67ecc3d62e29822,2,55310546739959590170045,55310.546739959590
2022-10-01,38,1238776801,750bb20608601e4c44acbe774fac8f37dab67c86,2,2287436700579699092161,2287.4367005796990922
2022-10-01,39,1218915027,0e3eb2eab0e524b69c79e24910f4318db46baa9c,2,285295067168110978380,285.2950671681109784
2022-10-01,40,652403397,1c073d5045b1abb6924d5f0f8b2f667b1653a4c3,1,225444515759521338149875,225444.515759521338
2022-10-01,41,583481113,40ec5b33f54e0e8a33a975908c5ba1c14e5bbbdf,1,50051656933914067434191,50051.656933914067
2022-10-01,42,1006079602,b37d31b2a74029b5951a2778f959282e2d518595,1,25834426887102909309091,25834.426887102909
2022-10-01,43,944491348,839a989be40f2d60f00beeb648903732c041cbd7,1,21845085703797757980364,21845.085703797758
2022-10-01,44,1216415111,c6625129c9df3314a4dd604845488f4ba62f9db8,1,20633953682899398050724,20633.953682899398
2022-10-01,45,1273108961,fa7081f7bb96fec16c3f51ec4574dae0270632da,1,19903644234436576543878,19903.644234436577
2022-10-01,46,990747430,5efc0d9ee3223229ce3b53e441016efc5ba83435,1,11753883552258435486329,11753.883552258435
2022-10-01,47,1185687877,2397321b301b80a1c0911d6f9ed4b6033d43cf51,1,11047805039073310413073,11047.805039073310
2022-10-01,48,891607506,2796317b0ff8538f253012862c06787adfb8ceb6,1,9974236114925483601752,9974.2361149254836018
2022-10-01,49,1198309961,f6d78d9c50ffbc2917e374fd185b8ff89c55effc,1,6278775925303814783308,6278.7759253038147833
2022-10-01,50,546716445,22f9dcf4647084d6c31b2765f6910cd85c178c18,1,4070539547906059886799,4070.5395479060598868
2022-10-01,51,1331753764,6eeeafa18f7e764234affbe2a29c24be76184f46,1,2637410170881894511902,2637.4101708818945119
2022-10-01,52,1311229664,07af6bb51d6ad0cf126e3ed2dee6eac34bf094f8,1,2257136617735713358798,2257.1366177357133588
2022-10-01,53,1292507684,56695c26b3cdb528815cd22ff7b47510ab821efd,1,848995319411031375344,848.9953194110313753
2022-10-01,54,1370000604,bf61595c0f53f01e92cc210663dccd7ab237b1d9,1,682657677174964128449,682.6576771749641284
2022-10-01,55,1311892521,f1667d8fa2a9d4a00717cb4f74cc698546acf602,1,500166931058655635934,500.1669310586556359
2022-10-01,56,1373704997,d304b34167dabad3e8d13d8067ab9b4a72fec3c2,1,500000000000000000000,500.0000000000000000
2022-10-01,57,1323721730,000000000fd3a611c4827a20436c97c950ef411d,1,305286442344191937408,305.2864423441919374
2022-10-01,58,1271451816,57002dd4609fd79f65e2e2a4be9aa6e901af9d9c,1,209026879574307941585,209.0268795743079416
2022-10-01,59,1236614447,aab5e297b7113b6c188b5b611ba2724bc1decf6f,1,129200000000000000000,129.2000000000000000
2022-10-01,60,958798645,e714ea3f722e77fe27b918e5d11f0b1661047b0e,1,99965072246213939948,99.9650722462139399
2022-10-01,61,890269282,8370378ab4e128929be72eaf47bdc6803f750c24,1,99714317240232751198,99.7143172402327512
2022-10-01,62,667282315,fd0a40bc83c5fae4203dec7e5929b446b07d1c76,1,37943156336660289118,37.9431563366602891
2022-10-01,63,1078861673,f2403a61c7a97a1a1b94a225173f6dd03614b907,1,31971434829000559154,31.9714348290005592
2022-10-01,64,1306898428,32467a5fc2d72d21e8dce990906547a2b012f382,1,26863626475717072177,26.8636264757170722
2022-10-01,65,1314684950,db2225576602efb9195c2514a8ec1cbd9d27fb06,1,17890078261490377560,17.8900782614903776
2022-10-01,66,964039526,4d6175d58c5aceef30f546c0d5a557effa53a950,1,8449848004878140000,8.4498480048781400
2022-10-01,67,1232476547,e3c190c57b5959ae62efe3b6797058b76ba2f5ef,1,6999931335593323303,6.9999313355933233
2022-10-01,68,1015988331,04fc84d0b2914005cd16fa377ae889d768b2e7ff,1,6000000000000000000,6.0000000000000000
2022-10-01,69,976692849,8ce5796ef6b0c5918025bcf4f9ca908201b030b3,1,3035107772969496634,3.0351077729694966
2022-10-01,70,1230151645,13cc34aa8037f722405285ad2c82fe570bfa2bdc,1,1999977927857810285,1.9999779278578103
2022-10-01,71,1304910656,9901bac880caecad999e292811db9c1db3e86f8a,1,7076643225715759,0.00707664322571575900
2022-11-01,1,934876971,378ba9b73309be80bf4c2c027aad799766a7ed5a,70,105419725944301971316576,105419.725944301971
2022-11-01,2,1145580966,9a834b70c07c81a9fcd6f22e842bf002fbffbe4d,64,1317504635558575006546975,1317504.635558575007
2022-11-01,3,795912842,92c7b5ce4cb0e5483f3365c1449f21578ee9f21a,51,10079674776251457071574,10079.6747762514570716
2022-11-01,4,1346866059,55b916ce078ea594c10a874ba67ecc3d62e29822,38,1837189250485467846099405,1837189.250485467846
2022-11-01,5,1173301746,98257c876ace5009e7b97843f8c71b3ae795c71e,38,1489262552197363653956390,1489262.552197363654
2022-11-01,6,888341279,c2a856c3aff2110c1171b8f942256d40e980c726,32,85780752315473038134156,85780.752315473038
2022-11-01,7,1213241679,dcef968d416a41cdac0ed8702fac8128a64241a2,24,8932102136429449330112329,8932102.136429449330
2022-11-01,8,914995498,d4937682df3c8aef4fe912a96a74121c0829e664,24,1781249772178091538250561,1781249.772178091538
2022-11-01,9,616036061,74de5d4fcbf63e00296fd95d33236b9794016631,21,13053688408701525985847,13053.688408701526
2022-11-01,10,697997440,ec8c342bc3e07f05b9a782bc34e7f04fb9b44502,20,1808839375483286206360,1808.8393754832862064
2022-11-01,11,881197687,9008d19f58aabd9ed0d60971565aa8510560ab41,19,1321955467748383973141230,1321955.467748383973
2022-11-01,12,1308469390,5de4ef4879f4fe3bbadf2227d2ac5d0e2d76c895,18,559334899306487459479667,559334.899306487459
2022-11-01,13,1379477437,25e9aca5951262241290841b6f863d59d37dc4f0,15,368615069802763977364274,368615.069802763977
2022-11-01,14,1235298661,08780fb7e580e492c1935bee4fa5920b94aa95da,14,1860916392625841971392449,1860916.392625841971
2022-11-01,15,1328247616,8c240c385305aeb2d5ceb60425aabcb3488fa93d,14,34549173074904947850751,34549.173074904948
2022-11-01,16,1394911941,fa0f307783ac21c39e939acff795e27b650f6e68,11,741876940825000000000000,741876.940825000000
2022-11-01,17,968003125,1111111254fb6c44bac0bed2854e76f90643097d,11,276203987004297841054160,276203.987004297841
2022-11-01,18,1006079602,b37d31b2a74029b5951a2778f959282e2d518595,11,216186861213952172863865,216186.861213952173
2022-11-01,19,667282315,fd0a40bc83c5fae4203dec7e5929b446b07d1c76,11,153930492883594156804,153.9304928835941568
2022-11-01,20,733908697,d632f22692fac7611d2aa1c0d552930d43caed3b,9,602928020547247663648063,602928.020547247664
2022-11-01,21,821344937,97e7d56a0408570ba1a7852de36350f7713906ec,9,49729432502950405737316,49729.432502950406
2022-11-01,22,893398926,def171fe48cf0115b1d80b88dc8eab59176fee57,8,1543783044836761448952786,1543783.044836761449
2022-11-01,23,1381791786,1111111254eeb25477b68fb85ed929f73a960582,8,899112657615324194058651,899112.657615324194
2022-11-01,24,796495726,c63b0708e2f7e69cb8a1df0e1389a98c35a76d52,8,80421005774440478232473,80421.005774440478
2022-11-01,25,840272948,e66b31678d6c16e9ebf358268a790b763c133750,7,972593789885888378921,972.5937898858883789
2022-11-01,26,1351302712,dbe88dbac39263c47629ebba02b3ef4cf0752a72,6,76825000000000000000000,76825.000000000000
2022-11-01,27,1312471386,76f4eed9fe41262669d0250b2a97db79712ad855,5,1018649924544405261284936,1018649.924544405261
2022-11-01,28,1311229664,07af6bb51d6ad0cf126e3ed2dee6eac34bf094f8,5,19757155678240961920607,19757.155678240962
2022-11-01,29,1292509309,31351bf3fba544863fbff44ddc27ba880916a199,5,1874900350934997222752,1874.9003509349972228
2022-11-01,30,667300213,97c4adc5d28a86f9470c70dd91dc6cc2f20d2d4d,5,117086075663963924287,117.0860756639639243
2022-11-01,31,1292422842,03b59bd1c8b9f6c265ba0c3421923b93f15036fa,4,281452053674454463833500,281452.053674454464
2022-11-01,32,837832118,a3a7b6f88361f48403514059f1f16c8e78d60eec,4,265808155500000000000000,265808.155500000000
2022-11-01,33,1306898428,32467a5fc2d72d21e8dce990906547a2b012f382,4,79250000000000000000000,79250.000000000000
2022-11-01,34,1107465928,9a22cdb1ca1cdd2371cd5bb5199564c4e89465eb,4,34019072417349641805240,34019.072417349642
2022-11-01,35,1381764236,6d8e9bd8f845f51a224e216b6dd25d5e593d8dd3,4,6563794222230115485140,6563.7942222301154851
2022-11-01,36,887108251,e06f8d30ac334c857fc8c380c85969c150f38a6a,4,1386286444411128463955,1386.2864444111284640
2022-11-01,37,946159382,baaa1f5dba42c3389bdbc2c9d2de134f5cd0dc89,4,936777580015903635405,936.7775800159036354
2022-11-01,38,530746224,abea9132b05a70803a4e85094fd0e1800777fbef,4,177441829200000000000,177.4418292000000000
2022-11-01,39,1230151645,13cc34aa8037f722405285ad2c82fe570bfa2bdc,3,862649896218159329302531,862649.896218159329
2022-11-01,40,1351293871,a1d100a5bf6bfd2736837c97248853d989a9ed84,3,29008361679528540094900,29008.361679528540
2022-11-01,41,1014890458,4f4495243837681061c4743b74b3eedf548d56a5,3,204157107613189430207,204.1571076131894302
2022-11-01,42,667248779,e1573b9d29e2183b1af0e743dc2754979a40d237,2,80859355116913572173903,80859.355116913572
2022-11-01,43,944491348,839a989be40f2d60f00beeb648903732c041cbd7,2,58538835237515537149479,58538.835237515537
2022-11-01,44,583481113,40ec5b33f54e0e8a33a975908c5ba1c14e5bbbdf,2,31166921433112920170264,31166.921433112920
2022-11-01,45,1367427838,50e627a1df8d665524942ad7ec6392b6ba60293a,2,9800000000000000000000,9800.0000000000000000
2022-11-01,46,1011184216,6021444f1706f15465bee85463bcc7d7cc17fc03,2,3798719619859128866948,3798.7196198591288669
2022-11-01,47,916097869,3ee18b2214aff97000d974cf647e7c347e8fa585,2,2182872114100000000000,2182.8721141000000000
2022-11-01,48,1202652847,35a398425d9f1029021a92bc3d2557d42c8588d7,2,6129081796381484178,6.1290817963814842
2022-11-01,49,1147202650,f861483fa7e511fbc37487d91b6faa803af5d37c,1,1272104169913049171919437,1272104.169913049172
2022-11-01,50,897164624,b1748c79709f4ba2dd82834b8c82d4a505003f27,1,100000000000000000000000,100000.000000000000
2022-11-01,51,1256751044,d8c07491caa1edf960db3ceff387426d53942ea0,1,70000000000000000000000,70000.000000000000
2022-11-01,52,870406049,b1cfdc7370550f5e421e1bf0bf3cadfadf3c4141,1,24929623383463663453127,24929.623383463663
2022-11-01,53,1311892521,f1667d8fa2a9d4a00717cb4f74cc698546acf602,1,19068202835866707850021,19068.202835866708
2022-11-01,54,441297557,71dfa7f131565476f7ef8b7167b77adc3754da6f,1,15671068067842203804803,15671.068067842204
2022-11-01,55,1346793464,2bac101f9769aeff63c63effb4189152e833649f,1,14717447472334617072100,14717.447472334617
2022-11-01,56,1296323435,5769071665eb8db80e7e9226f92336bb2897dcfa,1,5803589574245851283138,5803.5895742458512831
2022-11-01,57,1184586078,0eae044f00b0af300500f090ea00027097d03000,1,3046979343262602324611,3046.9793432626023246
2022-11-01,58,1200664909,8caea59f3bf1f341f89c51607e4919841131e47a,1,2973599892265577679005,2973.5998922655776790
2022-11-01,59,743899457,23ddd3e3692d1861ed57ede224608875809e127f,1,2969254126874028963701,2969.2541268740289637
2022-11-01,60,1301138387,c47ebd6c0f68fd5963005d28d0ba533750e5c11b,1,2869290632710320414697,2869.2906327103204147
2022-11-01,61,1398264776,65a02513f1241e89b842601e503715e7d5c2a9f9,1,2613392310471094504951,2613.3923104710945050
2022-11-01,62,546716445,22f9dcf4647084d6c31b2765f6910cd85c178c18,1,2085869289876870939193,2085.8692898768709392
2022-11-01,63,1179418662,fa7093cdd9ee6932b4eb2c9e1cde7ce00b1fa4b9,1,2014950000000000000000,2014.9500000000000000
2022-11-01,64,1141702056,8fe536c7dc019455cce34746755c64bbe2aa163b,1,1377868803852427752917,1377.8688038524277529
2022-11-01,65,1185687877,2397321b301b80a1c0911d6f9ed4b6033d43cf51,1,1106146023124344868461,1106.1460231243448685
2022-11-01,66,1236614447,aab5e297b7113b6c188b5b611ba2724bc1decf6f,1,120000000000000000000,120.0000000000000000
2022-11-01,67,1365622400,bcd07d505e9d10f1569a5c0c9f6e7faf00e3b74a,1,105314093505181617781,105.3140935051816178
2022-11-01,68,1084594665,77b285fbdb277e53ed29c9dda7c0aa6f2591b09d,1,102362384886486075043,102.3623848864860750
2022-11-01,69,973691672,90c1786403ef2418dd47d18dda256414603ae72f,1,100000000000000000000,100.0000000000000000
2022-11-01,70,1384401439,037c0af8a272683ebc52e274d3e6457add3a0d4c,1,45320864380099185945,45.3208643800991859
2022-11-01,71,661440556,d3ca14c45196f56a2a0788265a8cc7e7ce968c06,1,44000000000000000000,44.0000000000000000
2022-11-01,72,1364791124,3af3cc4930ef88f4afe0b695ac95c230e1a108ec,1,26398079652372650532,26.3980796523726505
2022-11-01,73,1341918107,500d0b10a85d9e03f87a5d2e59a681a6631dd6d0,1,18204149908496593337,18.2041499084965933
2022-11-01,74,1186843517,edfe9ed77162e7ea830fc4ae8a892b7e4b8d4940,1,10000000000000000000,10.0000000000000000
2022-11-01,75,1376164655,7da68ee748e9e6142041b4eebab12e4984d55142,1,8582894206721564051,8.5828942067215641
2022-11-01,76,1389954679,53222470cdcfb8081c0e3a50fd106f0d69e63f20,1,7500000000000000000,7.5000000000000000
2022-11-01,77,1302327822,bb1593c632547ba8bbc67447440c93dfcc8ef19c,1,2786348379629629629,2.7863483796296296
2022-11-01,78,795836700,6350b0d4f9e7a52630073fe0cab6dea0f4052bf3,1,1000000000000000000,1.00000000000000000000
2022-11-01,79,780095558,ba12222222228d8ba445958a75a0704d566bf2c8,1,144585732704441153,0.14458573270444115300
2022-11-01,80,1365391627,78f2819541efe00c918c72204bdd1bc922c94012,1,119338747275911479,0.11933874727591147900
2022-11-01,81,1355202612,919df3adbf5cfc9fcfd43198edfe5aa5561cb456,1,3000000000000000,0.00300000000000000000
2022-11-01,82,1405049299,15bf87512a26e43940f30c580ca4e4f65926d953,1,2,2.000000000000000000E-18
2022-11-01,83,691983075,a79828df1850e8a3a3064576f380d90aecdd3359,1,0,0E-36
2022-11-01,84,1367804096,9677f9f45bd2f6fd420052968cc1a13a1f66702e,1,0,0E-36
2022-11-01,85,1402357256,21e354da5d929a4da55428f6bfd71ed9ffd5001f,1,0,0E-36
2022-12-01,1,1145580966,9a834b70c07c81a9fcd6f22e842bf002fbffbe4d,47,742048178843485025941728,742048.178843485026
2022-12-01,2,934876971,378ba9b73309be80bf4c2c027aad799766a7ed5a,39,8389566537073153878602,8389.5665370731538786
2022-12-01,3,795912842,92c7b5ce4cb0e5483f3365c1449f21578ee9f21a,36,8575263408288853751305,8575.2634082888537513
2022-12-01,4,1411445569,66bf36dba79d4606039f04b32946a260bcd3ff52,31,1426048404670814476840912,1426048.404670814477
2022-12-01,5,914995498,d4937682df3c8aef4fe912a96a74121c0829e664,26,839765938902050559822730,839765.938902050560
2022-12-01,6,1402357256,21e354da5d929a4da55428f6bfd71ed9ffd5001f,25,579000000000000000000000,579000.000000000000
2022-12-01,7,1346866059,55b916ce078ea594c10a874ba67ecc3d62e29822,15,233041315833694026673628,233041.315833694027
2022-12-01,8,1427662229,99a58482bd75cbab83b27ec03ca68ff489b5788f,14,305545908042312806283480,305545.908042312806
2022-12-01,9,1379477437,25e9aca5951262241290841b6f863d59d37dc4f0,14,29664684099809621053471,29664.684099809621
2022-12-01,10,888341279,c2a856c3aff2110c1171b8f942256d40e980c726,13,18000422593477182150177,18000.422593477182
2022-12-01,11,1392405051,fb788f9e20ef426a32a67986654750172a6c1788,12,241534396999970000000000,241534.396999970000
2022-12-01,12,1328247616,8c240c385305aeb2d5ceb60425aabcb3488fa93d,11,1083715978586764174075,1083.7159785867641741
2022-12-01,13,1351302712,dbe88dbac39263c47629ebba02b3ef4cf0752a72,10,78721650145011269124913,78721.650145011269
2022-12-01,14,881197687,9008d19f58aabd9ed0d60971565aa8510560ab41,10,62929092259618029685235,62929.092259618030
2022-12-01,15,1292509309,31351bf3fba544863fbff44ddc27ba880916a199,10,2923439547263979146307,2923.4395472639791463
2022-12-01,16,1381791786,1111111254eeb25477b68fb85ed929f73a960582,9,2153802021252211538149874,2153802.021252211538
2022-12-01,17,616036061,74de5d4fcbf63e00296fd95d33236b9794016631,9,123033347387526924147157,123033.347387526924
2022-12-01,18,697997440,ec8c342bc3e07f05b9a782bc34e7f04fb9b44502,8,543409216109511628262,543.4092161095116283
2022-12-01,19,1392421667,85c5f05ae4cb68190c695a22b292c3ba90696128,7,520942813799960000000000,520942.813799960000
2022-12-01,20,1308469390,5de4ef4879f4fe3bbadf2227d2ac5d0e2d76c895,7,393371639345427556713493,393371.639345427557
2022-12-01,21,1296271160,5e8c1ad4c3d04f059d5c1a2ce4593e53be270bca,7,115400556182713394517142,115400.556182713395
2022-12-01,22,1235298661,08780fb7e580e492c1935bee4fa5920b94aa95da,6,2656691564892942296391069,2656691.564892942296
2022-12-01,23,1213241679,dcef968d416a41cdac0ed8702fac8128a64241a2,6,445444267470115025351694,445444.267470115025
2022-12-01,24,667282315,fd0a40bc83c5fae4203dec7e5929b446b07d1c76,6,99044340432769671945,99.0443404327696719
2022-12-01,25,1173301746,98257c876ace5009e7b97843f8c71b3ae795c71e,5,60183824388285977337618,60183.824388285977
2022-12-01,26,893398926,def171fe48cf0115b1d80b88dc8eab59176fee57,4,1035068445201139708767367,1035068.445201139709
2022-12-01,27,1292422842,03b59bd1c8b9f6c265ba0c3421923b93f15036fa,4,106386553631482206620135,106386.553631482207
2022-12-01,28,821344937,97e7d56a0408570ba1a7852de36350f7713906ec,4,1597763291944978676813,1597.7632919449786768
2022-12-01,29,1438093425,a88800cd213da5ae406ce248380802bd53b47647,3,250240637012556525796053,250240.637012556526
2022-12-01,30,1394911941,fa0f307783ac21c39e939acff795e27b650f6e68,3,163286343006000000000000,163286.343006000000
2022-12-01,31,733908697,d632f22692fac7611d2aa1c0d552930d43caed3b,3,119674220052230563036674,119674.220052230563
2022-12-01,32,1312471386,76f4eed9fe41262669d0250b2a97db79712ad855,3,53962998610973852903592,53962.998610973853
2022-12-01,33,1416441838,74f82bd9d0390a4180daaec92d64cf0708751759,3,47949013219384620217346,47949.013219384620
2022-12-01,34,1006079602,b37d31b2a74029b5951a2778f959282e2d518595,3,9512367802838455534266,9512.3678028384555343
2022-12-01,35,667248779,e1573b9d29e2183b1af0e743dc2754979a40d237,3,6677948261978384201957,6677.9482619783842020
2022-12-01,36,968003125,1111111254fb6c44bac0bed2854e76f90643097d,3,4279058184483799482222,4279.0581844837994822
2022-12-01,37,1392406501,06fa869caa1160754c6a0b744da6454c5ea325d4,2,107340435600000000000000,107340.435600000000
2022-12-01,38,944491348,839a989be40f2d60f00beeb648903732c041cbd7,2,46027993295791147290517,46027.993295791147
2022-12-01,39,1392409565,f1e1dea8f1053fd9c5f47f72f1f03977e17af242,2,30015421600000000000000,30015.421600000000
2022-12-01,40,1351293871,a1d100a5bf6bfd2736837c97248853d989a9ed84,2,22100000000000000000000,22100.000000000000
2022-12-01,41,1381764236,6d8e9bd8f845f51a224e216b6dd25d5e593d8dd3,2,16990773299202782708855,16990.773299202783
2022-12-01,42,1392413668,dae210bfb0cf8c81edb4b459e2e0ba14d553e2d9,2,13816129099990000000000,13816.129099990000
2022-12-01,43,1351646374,3835a58ca93cdb5f912519ad366826ac9a752510,2,9500000000000000000000,9500.0000000000000000
2022-12-01,44,1409890842,a4b86bcbb18639d8e708d6163a0c734afcdb770c,2,4347764469507094135121,4347.7644695070941351
2022-12-01,45,1306115046,2be1e42bf263aab47d27ba92e72c14823e101d7c,2,490591932010397600000,490.5919320103976000
2022-12-01,46,1034109405,bf23c4820def2ed7cab808bec348f7072035a289,1,376035401417483815363030,376035.401417483815
2022-12-01,47,546716445,22f9dcf4647084d6c31b2765f6910cd85c178c18,1,189150237116621032193315,189150.237116621032
2022-12-01,48,31898728,8b1ea47e37a70e7feefc6a6945a4a7272a7934db,1,35898174605031179944884,35898.174605031180
2022-12-01,49,1232472602,4606326b4db89373f5377c316d3b0f6e55bc6a20,1,31285885866667512713774,31285.885866667513
2022-12-01,50,1006553668,68b3465833fb72a70ecdf485e0e4c7bd8665fc45,1,28123719793895984988253,28123.719793895985
2022-12-01,51,1256751044,d8c07491caa1edf960db3ceff387426d53942ea0,1,22000000000000000000000,22000.000000000000
2022-12-01,52,760806986,dc7d6fed0f6de316e6ea2980c4cc4e326b95af5b,1,19105563654458618015509,19105.563654458618
2022-12-01,53,849321637,c69ddcd4dfef25d8a793241834d4cc4b3668ead6,1,18251672031085056653132,18251.672031085057
2022-12-01,54,1306887388,794f6b13fbd7eb7ef10d1ed205c9a416910207ff,1,10000000000000000000000,10000.0000000000000000
2022-12-01,55,1421387613,57d033cc71ce432dc3ad708877dbcda9862256d3,1,6598429706629232263098,6598.4297066292322631
2022-12-01,56,1011184216,6021444f1706f15465bee85463bcc7d7cc17fc03,1,5335690638987857873077,5335.6906389878578731
2022-12-01,57,1327972469,fa38f3717dad95085ff725aa93608af3fa1d9e58,1,3060320746343928334076,3060.3207463439283341
2022-12-01,58,1364872031,1231deb6f5749ef6ce6943a275a1d3e7486f4eae,1,2797195605687635788551,2797.1956056876357886
2022-12-01,59,1306898428,32467a5fc2d72d21e8dce990906547a2b012f382,1,2000000000000000000000,2000.0000000000000000
2022-12-01,60,1107465928,9a22cdb1ca1cdd2371cd5bb5199564c4e89465eb,1,753387034632805889779,753.3870346328058898
2022-12-01,61,667300213,97c4adc5d28a86f9470c70dd91dc6cc2f20d2d4d,1,424110920847283113901,424.1109208472831139
2022-12-01,62,720305372,440c8ab91ba7c8763b3d9b3357dc1c0d13a148aa,1,380000000000000000000,380.0000000000000000
2022-12-01,63,1236614447,aab5e297b7113b6c188b5b611ba2724bc1decf6f,1,325000000000000000000,325.0000000000000000
2022-12-01,64,796495726,c63b0708e2f7e69cb8a1df0e1389a98c35a76d52,1,282075176327302243928,282.0751763273022439
2022-12-01,65,714219497,b5f54ac4466f5ce7e0d8a5cb9fe7b8c0f35b7ba8,1,239220386206966508286,239.2203862069665083
2022-12-01,66,1230142730,abf69cde7b3725c12b8703005342eb5dd8a95d61,1,210933495373383324675,210.9334953733833247
2022-12-01,67,1141702056,8fe536c7dc019455cce34746755c64bbe2aa163b,1,101225750985422777978,101.2257509854227780
2022-12-01,68,1393133942,a9db92fb045159c0de09229e9e2cfc9eb092d97f,1,81099064843138419348,81.0990648431384193
2022-12-01,69,780095558,ba12222222228d8ba445958a75a0704d566bf2c8,1,60572508377757426501,60.5725083777574265
2022-12-01,70,1202652847,35a398425d9f1029021a92bc3d2557d42c8588d7,1,38612053539260535438,38.6120535392605354
2022-12-01,71,1291223563,0cf45a425c13e729bad52fac4f8d115861caccb1,1,37397521822237327212,37.3975218222373272
2022-12-01,72,530746224,abea9132b05a70803a4e85094fd0e1800777fbef,1,36387144000000000000,36.3871440000000000
2022-12-01,73,976571213,4f60a160d8c2dddaafe16fcc57566db84d674bd6,1,33511000000000000000,33.5110000000000000
2022-12-01,74,1421513849,047348a503299bf1349d031464d0fd556a0bc156,1,15513621973966717281,15.5136219739667173
2022-12-01,75,1314684950,db2225576602efb9195c2514a8ec1cbd9d27fb06,1,9421967006311428699,9.4219670063114287
2022-12-01,76,1014890458,4f4495243837681061c4743b74b3eedf548d56a5,1,9174802536064038888,9.1748025360640389
2022-12-01,77,1198062122,200058ab20fef357414fc39cab827ec35643c585,1,5486738127161288499,5.4867381271612885
2022-12-01,78,840272948,e66b31678d6c16e9ebf358268a790b763c133750,1,5096645776891468613,5.0966457768914686
2022-12-01,79,1375409008,22b055fd76a699a47176731d7a2516dbc3956f1c,1,2915051775383331954,2.9150517753833320
2022-12-01,80,929482544,4b3f1048c55faa0c0873e249e541139360501f2a,1,1000000000000000000,1.00000000000000000000
2022-12-01,81,1411459973,918ac498470d073c6518b55f3f74c203d6df38fd,1,0,0E-36
2023-01-01,1,1145580966,9a834b70c07c81a9fcd6f22e842bf002fbffbe4d,79,2234154825388299727823511,2234154.825388299728
2023-01-01,2,1427662229,99a58482bd75cbab83b27ec03ca68ff489b5788f,39,1190524415277242865616288,1190524.415277242866
2023-01-01,3,1402357256,21e354da5d929a4da55428f6bfd71ed9ffd5001f,36,1299144824603669457295247,1299144.824603669457
2023-01-01,4,934876971,378ba9b73309be80bf4c2c027aad799766a7ed5a,32,5293267261916467885728,5293.2672619164678857
2023-01-01,5,1292422842,03b59bd1c8b9f6c265ba0c3421923b93f15036fa,31,590832793549502004630925,590832.793549502005
2023-01-01,6,1438093425,a88800cd213da5ae406ce248380802bd53b47647,28,1356037505507253611463906,1356037.505507253611
2023-01-01,7,881197687,9008d19f58aabd9ed0d60971565aa8510560ab41,20,1626762537522006178175072,1626762.537522006178
2023-01-01,8,1351302712,dbe88dbac39263c47629ebba02b3ef4cf0752a72,20,138146251340233642227556,138146.251340233642
2023-01-01,9,1379477437,25e9aca5951262241290841b6f863d59d37dc4f0,16,570583400773018095692024,570583.400773018096
2023-01-01,10,888341279,c2a856c3aff2110c1171b8f942256d40e980c726,16,100889202533336153701216,100889.202533336154
2023-01-01,11,697997440,ec8c342bc3e07f05b9a782bc34e7f04fb9b44502,15,1477215684876484243303,1477.2156848764842433
2023-01-01,12,1213241679,dcef968d416a41cdac0ed8702fac8128a64241a2,14,1357060788025348419575855,1357060.788025348420
2023-01-01,13,1392421667,85c5f05ae4cb68190c695a22b292c3ba90696128,12,401388493199950000000000,401388.493199950000
2023-01-01,14,667282315,fd0a40bc83c5fae4203dec7e5929b446b07d1c76,12,268663106287447351605,268.6631062874473516
2023-01-01,15,914995498,d4937682df3c8aef4fe912a96a74121c0829e664,10,1059948044104767711919131,1059948.044104767712
2023-01-01,16,1308469390,5de4ef4879f4fe3bbadf2227d2ac5d0e2d76c895,10,262995155482417466402458,262995.155482417466
2023-01-01,17,616036061,74de5d4fcbf63e00296fd95d33236b9794016631,10,9386792192854851333119,9386.7921928548513331
2023-01-01,18,1235298661,08780fb7e580e492c1935bee4fa5920b94aa95da,8,776816202913334002235456,776816.202913334002
2023-01-01,19,1394911941,fa0f307783ac21c39e939acff795e27b650f6e68,8,205070106620000000000000,205070.106620000000
2023-01-01,20,667248779,e1573b9d29e2183b1af0e743dc2754979a40d237,8,54817866222679841410556,54817.866222679841
2023-01-01,21,795912842,92c7b5ce4cb0e5483f3365c1449f21578ee9f21a,8,40300360099905005744,40.3003600999050057
2023-01-01,22,893398926,def171fe48cf0115b1d80b88dc8eab59176fee57,7,310283435075485753164102,310283.435075485753
2023-01-01,23,1328247616,8c240c385305aeb2d5ceb60425aabcb3488fa93d,7,106767310565860395721052,106767.310565860396
2023-01-01,24,1411445569,66bf36dba79d4606039f04b32946a260bcd3ff52,6,96500000000000000000000,96500.000000000000
2023-01-01,25,1381791786,1111111254eeb25477b68fb85ed929f73a960582,6,86025189292960832108433,86025.189292960832
2023-01-01,26,733908697,d632f22692fac7611d2aa1c0d552930d43caed3b,6,30081962718372310769966,30081.962718372311
2023-01-01,27,840272948,e66b31678d6c16e9ebf358268a790b763c133750,6,6991557510198495175340,6991.5575101984951753
2023-01-01,28,1392409565,f1e1dea8f1053fd9c5f47f72f1f03977e17af242,5,73019436599980000000000,73019.436599980000
2023-01-01,29,1450359959,4a5a7331da84d3834c030a9b8d4f3d687a3b788b,5,30014671585182906285895,30014.671585182906
2023-01-01,30,1451340273,97f088b0175a7319059d8e705286aa035077d624,5,18905761172291458018536,18905.761172291458
2023-01-01,31,1296271160,5e8c1ad4c3d04f059d5c1a2ce4593e53be270bca,5,2933926570775693768005,2933.9265707756937680
2023-01-01,32,530746224,abea9132b05a70803a4e85094fd0e1800777fbef,5,610532050170000000000,610.5320501700000000
2023-01-01,33,1014890458,4f4495243837681061c4743b74b3eedf548d56a5,5,248601724700846277333,248.6017247008462773
2023-01-01,34,1002212959,27182842e098f60e3d576794a5bffb0777e025d3,4,60999681509577601051631,60999.681509577601
2023-01-01,35,796495726,c63b0708e2f7e69cb8a1df0e1389a98c35a76d52,4,55891039469393624320888,55891.039469393624
2023-01-01,36,821344937,97e7d56a0408570ba1a7852de36350f7713906ec,4,29654926808847982193804,29654.926808847982
2023-01-01,37,968003125,1111111254fb6c44bac0bed2854e76f90643097d,4,12464137509381825140911,12464.137509381825
2023-01-01,38,1292509309,31351bf3fba544863fbff44ddc27ba880916a199,4,7369831470824279801249,7369.8314708242798012
2023-01-01,39,667300213,97c4adc5d28a86f9470c70dd91dc6cc2f20d2d4d,4,29532123695317741706,29.5321236953177417
2023-01-01,40,546716445,22f9dcf4647084d6c31b2765f6910cd85c178c18,3,496387739278789957724910,496387.739278789958
2023-01-01,41,1351293871,a1d100a5bf6bfd2736837c97248853d989a9ed84,3,37279000000000000000000,37279.000000000000
2023-01-01,42,1011184216,6021444f1706f15465bee85463bcc7d7cc17fc03,3,23918510024786348630727,23918.510024786349
2023-01-01,43,1306887388,794f6b13fbd7eb7ef10d1ed205c9a416910207ff,3,6027789235305368025193,6027.7892353053680252
2023-01-01,44,1392664436,15ada72a3b52a88e25ddd2cc2ba1120234e34bb0,2,117557008599980000000000,117557.008599980000
2023-01-01,45,1392405051,fb788f9e20ef426a32a67986654750172a6c1788,2,100581858299990000000000,100581.858299990000
2023-01-01,46,1392406501,06fa869caa1160754c6a0b744da6454c5ea325d4,2,68683017799990000000000,68683.017799990000
2023-01-01,47,1351646374,3835a58ca93cdb5f912519ad366826ac9a752510,2,50168961662707916078466,50168.961662707916
2023-01-01,48,1230151645,13cc34aa8037f722405285ad2c82fe570bfa2bdc,2,25000715861991625278410,25000.715861991625
2023-01-01,49,1107465928,9a22cdb1ca1cdd2371cd5bb5199564c4e89465eb,2,17258336371200089564422,17258.336371200090
2023-01-01,50,1257670442,14ac5b3580dd1e546cd7287cd1fadba9a8736628,2,16557105221452006774297,16557.105221452007
2023-01-01,51,1306898428,32467a5fc2d72d21e8dce990906547a2b012f382,2,5400000000000000000000,5400.0000000000000000
2023-01-01,52,1443863675,3ef1d856ea62a2292b8690855042095a7ac48b4b,2,965186699990000000000,965.1866999900000000
2023-01-01,53,946159382,baaa1f5dba42c3389bdbc2c9d2de134f5cd0dc89,2,106575013526096240109,106.5750135260962401
2023-01-01,54,802858328,10581399a549dbfffdbd9b070a0ba2f9f61620d2,2,5999370223436520059,5.9993702234365201
2023-01-01,55,1304910656,9901bac880caecad999e292811db9c1db3e86f8a,2,64706400210738372,0.06470640021073837200
2023-01-01,56,696811095,f930ebbd05ef8b25b1797b9b2109ddc9b0d43063,1,120500000000000000000000,120500.000000000000
2023-01-01,57,1179680844,e9a1a9e86b913b780142664adfbbc6a0727ba5ad,1,95308964955408303981291,95308.964955408304
2023-01-01,58,1292507684,56695c26b3cdb528815cd22ff7b47510ab821efd,1,24346169752504262366639,24346.169752504262
2023-01-01,59,1130448994,d2a9f2b88d6df8830522d624db491445362a2797,1,16723202653660669391839,16723.202653660669
2023-01-01,60,1385507310,4fe5b965e3bd76eff36280471030ef9b0e6e2c1d,1,12998102158382714717591,12998.102158382715
2023-01-01,61,1006079602,b37d31b2a74029b5951a2778f959282e2d518595,1,4846638519378019489891,4846.6385193780194899
2023-01-01,62,1470241647,0090eb43008a030065000000e70099482c00b6df,1,2186285254229380863978,2186.2852542293808640
2023-01-01,63,583481113,40ec5b33f54e0e8a33a975908c5ba1c14e5bbbdf,1,1521313500000000000000,1521.3135000000000000
2023-01-01,64,1133077745,ad17d367679f0dbdf23209a70640cff3c58f4e99,1,1224162826661182288846,1224.1628266611822888
2023-01-01,65,1456474257,6131b5fae19ea4f9d964eac0408e4408b66337b5,1,970200775565817796738,970.2007755658177967
2023-01-01,66,1236614447,aab5e297b7113b6c188b5b611ba2724bc1decf6f,1,800000000000000000000,800.0000000000000000
2023-01-01,67,1443845965,2d2261f970f605c813f160e8baed455e9004a842,1,714380499990000000000,714.3804999900000000
2023-01-01,68,38034487,840edb73fecb8ff7e8d13fb0e871a5b45ffb5903,1,545305131295667626987,545.3051312956676270
2023-01-01,69,1311229664,07af6bb51d6ad0cf126e3ed2dee6eac34bf094f8,1,249985929093128792772,249.9859290931287928
2023-01-01,70,1392418668,a381d58e96ec3818c825e1fb264099448945cf8b,1,130278699990000000000,130.2786999900000000
2023-01-01,71,890269282,8370378ab4e128929be72eaf47bdc6803f750c24,1,99821252833772034279,99.8212528337720343
2023-01-01,72,1472061478,a23e7bc6fd06c088f11a8b32e27b4d7f753b57c2,1,82737977789530227767,82.7379777895302278
2023-01-01,73,1306115046,2be1e42bf263aab47d27ba92e72c14823e101d7c,1,50000000000000000000,50.0000000000000000
2023-01-01,74,1468577171,c8d69f827a024768a07312fbc66b1702dfaa5d2f,1,46205101662215086711,46.2051016622150867
2023-01-01,75,1089535949,c1a85dd62af7f37834a88cb726bc4b90a9870cc8,1,26099891628696797219,26.0998916286967972
2023-01-01,76,1385236524,059f78859a152e42dd590a49be44f2ebe9fcd1ac,1,24933041542306661426,24.9330415423066614
2023-01-01,77,976692849,8ce5796ef6b0c5918025bcf4f9ca908201b030b3,1,18883790297403621012,18.8837902974036210
2023-01-01,78,928199227,074cb93f4bede70f254d9e0c9a7378850e3ef724,1,10635619615793753539,10.6356196157937535
2023-01-01,79,1389954679,53222470cdcfb8081c0e3a50fd106f0d69e63f20,1,6662694755106597766,6.6626947551065978
2023-01-01,80,1202652847,35a398425d9f1029021a92bc3d2557d42c8588d7,1,2610488699844377023,2.6104886998443770
2023-01-01,81,1457409453,c3b19502f8c02be75f3f77fd673503520deb51dd,1,1999394430870821714,1.9993944308708217
2023-01-01,82,1302905480,2b3b6d4c350a48d7f224242656aabb6fae3bc955,1,1000000000000000000,1.00000000000000000000
2023-01-01,83,698764531,c218001e3d102e3d1de9bf2c0f7d9626d76c6f30,1,522160139178666714,0.52216013917866671400
2023-01-01,84,1351154828,1d2eb98042006b1bafd10f33743ccbb573429daa,1,0,0E-36
2023-02-01,1,1145580966,9a834b70c07c81a9fcd6f22e842bf002fbffbe4d,62,1309754349269693748608357,1309754.349269693749
2023-02-01,2,1427662229,99a58482bd75cbab83b27ec03ca68ff489b5788f,35,1127560690120812895233514,1127560.690120812895
2023-02-01,3,1438093425,a88800cd213da5ae406ce248380802bd53b47647,19,654901360045862795791421,654901.360045862796
2023-02-01,4,934876971,378ba9b73309be80bf4c2c027aad799766a7ed5a,16,719785013804103223040,719.7850138041032230
2023-02-01,5,697997440,ec8c342bc3e07f05b9a782bc34e7f04fb9b44502,15,1218652100446965859365,1218.6521004469658594
2023-02-01,6,1495139163,78bb3aec3d855431bd9289fd98da13f9ebb7ef15,14,837869000000000000000000,837869.000000000000
2023-02-01,7,1292422842,03b59bd1c8b9f6c265ba0c3421923b93f15036fa,14,321391156123414219964557,321391.156123414220
2023-02-01,8,616036061,74de5d4fcbf63e00296fd95d33236b9794016631,14,191417131363693604065527,191417.131363693604
2023-02-01,9,888341279,c2a856c3aff2110c1171b8f942256d40e980c726,12,55110880416524715653474,55110.880416524716
2023-02-01,10,1402357256,21e354da5d929a4da55428f6bfd71ed9ffd5001f,11,190142340000000000000000,190142.340000000000
2023-02-01,11,1379477437,25e9aca5951262241290841b6f863d59d37dc4f0,11,154246961056739523884994,154246.961056739524
2023-02-01,12,1351302712,dbe88dbac39263c47629ebba02b3ef4cf0752a72,10,244182359097971781548704,244182.359097971782
2023-02-01,13,968003125,1111111254fb6c44bac0bed2854e76f90643097d,10,215768464713796201080500,215768.464713796201
2023-02-01,14,1392664436,15ada72a3b52a88e25ddd2cc2ba1120234e34bb0,9,532808925799950000000000,532808.925799950000
2023-02-01,15,667282315,fd0a40bc83c5fae4203dec7e5929b446b07d1c76,9,190727248009074757769,190.7272480090747578
2023-02-01,16,914995498,d4937682df3c8aef4fe912a96a74121c0829e664,8,733300240000000000000000,733300.240000000000
2023-02-01,17,893398926,def171fe48cf0115b1d80b88dc8eab59176fee57,8,636534287836681194235481,636534.287836681194
2023-02-01,18,1308469390,5de4ef4879f4fe3bbadf2227d2ac5d0e2d76c895,8,460504211565949937156164,460504.211565949937
2023-02-01,19,881197687,9008d19f58aabd9ed0d60971565aa8510560ab41,7,137054542626179944410987,137054.542626179944
2023-02-01,20,795912842,92c7b5ce4cb0e5483f3365c1449f21578ee9f21a,7,11895828205759385727,11.8958282057593857
2023-02-01,21,821344937,97e7d56a0408570ba1a7852de36350f7713906ec,6,16749949528137476871977,16749.949528137477
2023-02-01,22,1381791786,1111111254eeb25477b68fb85ed929f73a960582,5,605448414989580962156691,605448.414989580962
2023-02-01,23,1235298661,08780fb7e580e492c1935bee4fa5920b94aa95da,5,336234987540220278840707,336234.987540220279
2023-02-01,24,546716445,22f9dcf4647084d6c31b2765f6910cd85c178c18,5,244332673457214559503486,244332.673457214560
2023-02-01,25,1394911941,fa0f307783ac21c39e939acff795e27b650f6e68,5,57357160623000000000000,57357.160623000000
2023-02-01,26,840272948,e66b31678d6c16e9ebf358268a790b763c133750,5,5501457009665086208580,5501.4570096650862086
2023-02-01,27,667300213,97c4adc5d28a86f9470c70dd91dc6cc2f20d2d4d,5,284178708146064317608,284.1787081460643176
2023-02-01,28,1306887388,794f6b13fbd7eb7ef10d1ed205c9a416910207ff,4,430162047617547619766108,430162.047617547620
2023-02-01,29,1213241679,dcef968d416a41cdac0ed8702fac8128a64241a2,4,138934441708418663023862,138934.441708418663
2023-02-01,30,1392413668,dae210bfb0cf8c81edb4b459e2e0ba14d553e2d9,4,95098250700000000000000,95098.250700000000
2023-02-01,31,1292507684,56695c26b3cdb528815cd22ff7b47510ab821efd,4,68172711089745179803270,68172.711089745180
2023-02-01,32,667248779,e1573b9d29e2183b1af0e743dc2754979a40d237,4,38413411928245576482135,38413.411928245576
2023-02-01,33,712214093,6e58309cd851a5b124e3a56768a42d12f3b6d104,4,2500000000000000000000,2500.0000000000000000
2023-02-01,34,1306898428,32467a5fc2d72d21e8dce990906547a2b012f382,3,39003000000000000000000,39003.000000000000
2023-02-01,35,1002212959,27182842e098f60e3d576794a5bffb0777e025d3,3,19704000000000000000000,19704.000000000000
2023-02-01,36,1292509309,31351bf3fba544863fbff44ddc27ba880916a199,3,10773495162112998380457,10773.495162112998
2023-02-01,37,1351293871,a1d100a5bf6bfd2736837c97248853d989a9ed84,3,10260000000000000000000,10260.000000000000
2023-02-01,38,1296271160,5e8c1ad4c3d04f059d5c1a2ce4593e53be270bca,3,1524142417675603373977,1524.1424176756033740
2023-02-01,39,1230151645,13cc34aa8037f722405285ad2c82fe570bfa2bdc,3,1371962323191069776046,1371.9623231910697760
2023-02-01,40,1202652847,35a398425d9f1029021a92bc3d2557d42c8588d7,3,138209745208822411649,138.2097452088224116
2023-02-01,41,1364872031,1231deb6f5749ef6ce6943a275a1d3e7486f4eae,2,615222675575477988951796,615222.675575477989
2023-02-01,42,733908697,d632f22692fac7611d2aa1c0d552930d43caed3b,2,54581668101118011668668,54581.668101118012
2023-02-01,43,1417676660,84c333e94aea4a51a21f6cf0c7f528c50dc7592c,2,33034213783411294240617,33034.213783411294
2023-02-01,44,1311229664,07af6bb51d6ad0cf126e3ed2dee6eac34bf094f8,2,25424557591310472836042,25424.557591310473
2023-02-01,45,887108251,e06f8d30ac334c857fc8c380c85969c150f38a6a,2,4181096833286576153825,4181.0968332865761538
2023-02-01,46,1392405051,fb788f9e20ef426a32a67986654750172a6c1788,2,3650914299980000000000,3650.9142999800000000
2023-02-01,47,1402739873,7f160efc2436f1af4e9e8a57d0a5beb8345761a9,2,3283351544956039702567,3283.3515449560397026
2023-02-01,48,1456474257,6131b5fae19ea4f9d964eac0408e4408b66337b5,2,1653813830262001205074,1653.8138302620012051
2023-02-01,49,1236629749,e9154791883df07e1328b636bcedfccb80fefa38,2,1476671366799651969697,1476.6713667996519697
2023-02-01,50,530746224,abea9132b05a70803a4e85094fd0e1800777fbef,2,144550248333000000000,144.5502483330000000
2023-02-01,51,1498561520,d3d2030c9a0be7b6c6c32ccecb8df011b22f942d,2,99999999999999999999,100.0000000000000000
2023-02-01,52,1470965841,7122db0ebe4eb9b434a9f2ffe6760bc03bfbd0e0,2,9530997398100851602,9.5309973981008516
2023-02-01,53,1411445569,66bf36dba79d4606039f04b32946a260bcd3ff52,1,373071064119454789044171,373071.064119454789
2023-02-01,54,1450359959,4a5a7331da84d3834c030a9b8d4f3d687a3b788b,1,100031684467298405124945,100031.684467298405
2023-02-01,55,837832118,a3a7b6f88361f48403514059f1f16c8e78d60eec,1,99566840000000000000000,99566.840000000000
2023-02-01,56,1037024361,f1ddc084500fc774bb835f412aea908259b55ce4,1,72032128204395762273838,72032.128204395762
2023-02-01,57,1457409453,c3b19502f8c02be75f3f77fd673503520deb51dd,1,19006341014810755870073,19006.341014810756
2023-02-01,58,1246175161,b30da2376f63de30b42dc055c93fa474f31330a5,1,14945548979264722294464,14945.548979264722
2023-02-01,59,1236614447,aab5e297b7113b6c188b5b611ba2724bc1decf6f,1,10000000000000000000000,10000.0000000000000000
2023-02-01,60,1296323435,5769071665eb8db80e7e9226f92336bb2897dcfa,1,5695312692251262949264,5695.3126922512629493
2023-02-01,61,1033270344,af91dae4bdb5f3c135da4ff5d23aaf1e137ca45e,1,5000000000000000000000,5000.0000000000000000
2023-02-01,62,1130448994,d2a9f2b88d6df8830522d624db491445362a2797,1,3125572488635805399913,3125.5724886358053999
2023-02-01,63,849321637,c69ddcd4dfef25d8a793241834d4cc4b3668ead6,1,3092896858735521576887,3092.8968587355215769
2023-02-01,64,1438952204,b714674bdfec94574df3425bd2325c3b9abd746b,1,2510000000000000000000,2510.0000000000000000
2023-02-01,65,1484341710,d5d4a90e53300b2dfc92483f03d03f67c8aee101,1,2010001261227083312736,2010.0012612270833127
2023-02-01,66,868978312,1531c1a63a169ac75a2daae399080745fa51de44,1,1600000000000000000000,1600.0000000000000000
2023-02-01,67,1443863675,3ef1d856ea62a2292b8690855042095a7ac48b4b,1,1491678400000000000000,1491.6784000000000000
2023-02-01,68,1392409565,f1e1dea8f1053fd9c5f47f72f1f03977e17af242,1,955703999990000000000,955.7039999900000000
2023-02-01,69,1328247616,8c240c385305aeb2d5ceb60425aabcb3488fa93d,1,315585545648740716021,315.5855456487407160
2023-02-01,70,1203919777,cb0bc7c879bb3e9cfeb9d8efef653f33b3d242e9,1,218639136613250681073,218.6391366132506811
2023-02-01,71,1306801389,e57180685e3348589e9521aa53af0bcd497e884d,1,200065825852430037191,200.0658258524300372
2023-02-01,72,644009886,464c71f6c2f760dda6093dcb91c24c39e5d6e18c,1,151247910202214801417,151.2479102022148014
2023-02-01,73,1459810430,822ef744c568466d40ba28b0f9e4a4961837a46a,1,104082293346254812696,104.0822933462548127
2023-02-01,74,796495726,c63b0708e2f7e69cb8a1df0e1389a98c35a76d52,1,64003057719068924121,64.0030577190689241
2023-02-01,75,1392406501,06fa869caa1160754c6a0b744da6454c5ea325d4,1,62481200000000000000,62.4812000000000000
2023-02-01,76,589666606,d9e1ce17f2641f24ae83637ab66a2cca9c378b9f,1,33779585656456777733,33.7795856564567777
2023-02-01,77,1507326308,03b3079cc2198052d85e415f70545ab69d44bd44,1,10000000000000000000,10.0000000000000000
2023-02-01,78,975167746,5dac9653ffe2ba8329dcb2bae928a7a1e8c6bfb0,1,4402682725001829671,4.4026827250018297
2023-02-01,79,1412923922,2c378c64e4e3d2a37081c895dd598682377814ee,1,4095108742970150648,4.0951087429701506
2023-02-01,80,795836700,6350b0d4f9e7a52630073fe0cab6dea0f4052bf3,1,3371858611659830851,3.3718586116598309
2023-02-01,81,1470109618,b7a9942ecd1349793b72c246c3be7d6210c10cd3,1,1103348772775633383,1.1033487727756334
2023-03-01,1,1145580966,9a834b70c07c81a9fcd6f22e842bf002fbffbe4d,47,1656953200090012165283499,1656953.200090012165
2023-03-01,2,1427662229,99a58482bd75cbab83b27ec03ca68ff489b5788f,37,1263236831374421673600090,1263236.831374421674
2023-03-01,3,1438093425,a88800cd213da5ae406ce248380802bd53b47647,36,1881253389811563789083234,1881253.389811563789
2023-03-01,4,1495139163,78bb3aec3d855431bd9289fd98da13f9ebb7ef15,23,1744570212774007449213028,1744570.212774007449
2023-03-01,5,881197687,9008d19f58aabd9ed0d60971565aa8510560ab41,21,1009193399167013531232618,1009193.399167013531
2023-03-01,6,616036061,74de5d4fcbf63e00296fd95d33236b9794016631,20,122479419507077647512640,122479.419507077648
2023-03-01,7,697997440,ec8c342bc3e07f05b9a782bc34e7f04fb9b44502,12,1160931544382087167908,1160.9315443820871679
2023-03-01,8,667282315,fd0a40bc83c5fae4203dec7e5929b446b07d1c76,12,384651335212709044321,384.6513352127090443
2023-03-01,9,1235298661,08780fb7e580e492c1935bee4fa5920b94aa95da,11,3444363804872492756839254,3444363.804872492757
2023-03-01,10,1351302712,dbe88dbac39263c47629ebba02b3ef4cf0752a72,10,145215000000000000000000,145215.000000000000
2023-03-01,11,888341279,c2a856c3aff2110c1171b8f942256d40e980c726,10,58971026863347386219449,58971.026863347386
2023-03-01,12,530746224,abea9132b05a70803a4e85094fd0e1800777fbef,10,25870017193925000000000,25870.017193925000
2023-03-01,13,1308469390,5de4ef4879f4fe3bbadf2227d2ac5d0e2d76c895,9,361226323780190815691522,361226.323780190816
2023-03-01,14,1292507684,56695c26b3cdb528815cd22ff7b47510ab821efd,9,117351790646878887637522,117351.790646878888
2023-03-01,15,1213241679,dcef968d416a41cdac0ed8702fac8128a64241a2,8,10266832154751798766888593,10266832.154751798767
2023-03-01,16,934876971,378ba9b73309be80bf4c2c027aad799766a7ed5a,8,107645846142638318592,107.6458461426383186
2023-03-01,17,795912842,92c7b5ce4cb0e5483f3365c1449f21578ee9f21a,8,9446668496742271795,9.4466684967422718
2023-03-01,18,1381791786,1111111254eeb25477b68fb85ed929f73a960582,7,913214284743462722940508,913214.284743462723
2023-03-01,19,968003125,1111111254fb6c44bac0bed2854e76f90643097d,7,550050263650342264200833,550050.263650342264
2023-03-01,20,1392664436,15ada72a3b52a88e25ddd2cc2ba1120234e34bb0,7,93817845999980000000000,93817.845999980000
2023-03-01,21,796495726,c63b0708e2f7e69cb8a1df0e1389a98c35a76d52,7,92958895267088303035362,92958.895267088303
2023-03-01,22,821344937,97e7d56a0408570ba1a7852de36350f7713906ec,7,43989875167366257753187,43989.875167366258
2023-03-01,23,893398926,def171fe48cf0115b1d80b88dc8eab59176fee57,6,164281233895279382772668,164281.233895279383
2023-03-01,24,1379477437,25e9aca5951262241290841b6f863d59d37dc4f0,6,66345320756054574306011,66345.320756054574
2023-03-01,25,733908697,d632f22692fac7611d2aa1c0d552930d43caed3b,5,10188952751627853423360999,10188952.751627853423
2023-03-01,26,1392418668,a381d58e96ec3818c825e1fb264099448945cf8b,5,58323235399960000000000,58323.235399960000
2023-03-01,27,667300213,97c4adc5d28a86f9470c70dd91dc6cc2f20d2d4d,5,14365862975563304070954,14365.862975563304
2023-03-01,28,914995498,d4937682df3c8aef4fe912a96a74121c0829e664,4,475043611741142189004529,475043.611741142189
2023-03-01,29,1501266678,7d8311f7e0c1d19c1096e43e8b6c17b67fb6aa2e,4,55187746820689973947630,55187.746820689974
2023-03-01,30,1011184216,6021444f1706f15465bee85463bcc7d7cc17fc03,4,26073418283042662689248,26073.418283042663
2023-03-01,31,1456474257,6131b5fae19ea4f9d964eac0408e4408b66337b5,3,208891959534487776877666,208891.959534487777
2023-03-01,32,1392413668,dae210bfb0cf8c81edb4b459e2e0ba14d553e2d9,3,169262370999990000000000,169262.370999990000
2023-03-01,33,1392416598,43959a388603dcb6b02ca084a55d4c7f3b442c57,3,148864987299980000000000,148864.987299980000
2023-03-01,34,1392405051,fb788f9e20ef426a32a67986654750172a6c1788,3,38597143599990000000000,38597.143599990000
2023-03-01,35,1292422842,03b59bd1c8b9f6c265ba0c3421923b93f15036fa,3,30409181479571589348695,30409.181479571589
2023-03-01,36,667248779,e1573b9d29e2183b1af0e743dc2754979a40d237,3,22587566665484652598462,22587.566665484653
2023-03-01,37,840272948,e66b31678d6c16e9ebf358268a790b763c133750,3,386454912114537125298,386.4549121145371253
2023-03-01,38,546716445,22f9dcf4647084d6c31b2765f6910cd85c178c18,2,720318450342328189822431,720318.450342328190
2023-03-01,39,1237149181,33baeda08b8afacc4d3d07cf31d49fc1f1f3e893,2,137765864127881603797418,137765.864127881604
2023-03-01,40,944491348,839a989be40f2d60f00beeb648903732c041cbd7,2,79608607761306419461831,79608.607761306419
2023-03-01,41,1292509309,31351bf3fba544863fbff44ddc27ba880916a199,2,59457013481603472483871,59457.013481603472
2023-03-01,42,1402739873,7f160efc2436f1af4e9e8a57d0a5beb8345761a9,2,26185000000000000000000,26185.000000000000
2023-03-01,43,1510627729,aeda92e6a3b1028edc139a4ae56ec881f3064d4f,2,19892973128122666042591,19892.973128122666
2023-03-01,44,916097869,3ee18b2214aff97000d974cf647e7c347e8fa585,2,6783712464170000000000,6783.7124641700000000
2023-03-01,45,691983075,a79828df1850e8a3a3064576f380d90aecdd3359,2,3564542616829979162931,3564.5426168299791629
2023-03-01,46,1236614447,aab5e297b7113b6c188b5b611ba2724bc1decf6f,2,2666500000000000000000,2666.5000000000000000
2023-03-01,47,1328247616,8c240c385305aeb2d5ceb60425aabcb3488fa93d,2,1445552748264970468086,1445.5527482649704681
2023-03-01,48,849321637,c69ddcd4dfef25d8a793241834d4cc4b3668ead6,2,1052146257270851114121,1052.1462572708511141
2023-03-01,49,934644567,e5964fd10170c8291cf97552284d995a006e67ae,2,500000000000000000000,500.0000000000000000
2023-03-01,50,1305744071,b64508b9f7b81407549e13db970dd5bb5c19107f,2,194861351634995963986,194.8613516349959640
2023-03-01,51,1394911941,fa0f307783ac21c39e939acff795e27b650f6e68,2,193359899000000000000,193.3598990000000000
2023-03-01,52,1526508951,68934f60758243eafaf4d2cfed27bf8010bede3a,2,116639192744863131830,116.6391927448631318
2023-03-01,53,805502863,4863a39d26f8b2e40d2aabff1eee55e4b5015c4f,2,40000000000000000000,40.0000000000000000
2023-03-01,54,732106800,ae60ac8e69414c2dc362d0e6a03af643d1d85b92,2,10000000000000000000,10.0000000000000000
2023-03-01,55,1486487110,98ad349f61ad30f40696391622e83fa3c6d43642,1,1209832962532224506311729,1209832.962532224506
2023-03-01,56,1411445569,66bf36dba79d4606039f04b32946a260bcd3ff52,1,500000000000000000000000,500000.000000000000
2023-03-01,57,1392409565,f1e1dea8f1053fd9c5f47f72f1f03977e17af242,1,479995000000000000000000,479995.000000000000
2023-03-01,58,1037024361,f1ddc084500fc774bb835f412aea908259b55ce4,1,100236601716665103072447,100236.601716665103
2023-03-01,59,1105732437,df2c270f610dc35d8ffda5b453e74db5471e126b,1,75033014966420369083990,75033.014966420369
2023-03-01,60,1351646374,3835a58ca93cdb5f912519ad366826ac9a752510,1,75000040859787331576816,75000.040859787332
2023-03-01,61,1502080477,420ef0d72e02742b5058a6498b7c9ee88b334786,1,59116578826716532614522,59116.578826716533
2023-03-01,62,1515829937,cd0ce74619e46a2ea116d58e3022afb18356a924,1,48544520678408486000571,48544.520678408486
2023-03-01,63,1409929586,ef1c6e67703c7bd7107eed8303fbe6ec2554bf6b,1,32355960128135272031073,32355.960128135272
2023-03-01,64,934293678,ea9f2e31ad16636f4e1af0012db569900401248a,1,27379387880725803142846,27379.387880725803
2023-03-01,65,1256751044,d8c07491caa1edf960db3ceff387426d53942ea0,1,14917000000000000000000,14917.000000000000
2023-03-01,66,714219497,b5f54ac4466f5ce7e0d8a5cb9fe7b8c0f35b7ba8,1,11188538740505608114780,11188.538740505608
2023-03-01,67,1521809307,ad60f8d1f4b0971c1d54408c48c231a6949eb914,1,11083983657026640171036,11083.983657026640
2023-03-01,68,1236869593,e4000004000bd8006e00720000d27d1fa000d43e,1,10517244766561142999481,10517.244766561143
2023-03-01,69,1296323435,5769071665eb8db80e7e9226f92336bb2897dcfa,1,6196337505856653174279,6196.3375058566531743
2023-03-01,70,1311229664,07af6bb51d6ad0cf126e3ed2dee6eac34bf094f8,1,4266652685966932405976,4266.6526859669324060
2023-03-01,71,992675953,6b4ee7352406707003bc6f6b96595fd35925af48,1,3846988094851446666059,3846.9880948514466661
2023-03-01,72,1443863675,3ef1d856ea62a2292b8690855042095a7ac48b4b,1,1983903700000000000000,1983.9037000000000000
2023-03-01,73,1413189144,d050e0a4838d74769228b49dff97241b4ef3805d,1,1594680961221071635538,1594.6809612210716355
2023-03-01,74,1230151645,13cc34aa8037f722405285ad2c82fe570bfa2bdc,1,1500664649572774943246,1500.6646495727749432
2023-03-01,75,1509705376,7cea8a6da079dc7501d4eb2bbc937e70a2764cef,1,1220741999379087328902,1220.7419993790873289
2023-03-01,76,1296271160,5e8c1ad4c3d04f059d5c1a2ce4593e53be270bca,1,460051678562701269104,460.0516785627012691
2023-03-01,77,1386817267,6ac96f65156281a9383455d704b58a74ea9c9ec4,1,362996399990000000000,362.9963999900000000
2023-03-01,78,1107465928,9a22cdb1ca1cdd2371cd5bb5199564c4e89465eb,1,240382613539440884702,240.3826135394408847
2023-03-01,79,1392406501,06fa869caa1160754c6a0b744da6454c5ea325d4,1,235143599990000000000,235.1435999900000000
2023-03-01,80,976692849,8ce5796ef6b0c5918025bcf4f9ca908201b030b3,1,205454633213598200288,205.4546332135982003
2023-03-01,81,1511817346,383563007c9e062cef7e6d0013805f754dba0387,1,162992481851879943388,162.9924818518799434
2023-03-01,82,1385082439,f16b10a1cdd906e61e2590b66483fa453b688e40,1,162184302313432835816,162.1843023134328358
2023-03-01,83,1466605184,2e1440fa4fa0bfd01a56bca0f5b50913d762a572,1,81302038874262414746,81.3020388742624147
2023-03-01,84,1503397448,11fa62a244d29423a325fbde50e5057158a5d490,1,47382470261932064575,47.3824702619320646
2023-03-01,85,1006079602,b37d31b2a74029b5951a2778f959282e2d518595,1,18214685583156710932,18.2146855831567109
2023-03-01,86,1549615648,541a2378589e280fdfdde6e53fb5ecf98a853fc2,1,14921211895431740993,14.9212118954317410
2023-03-01,87,1532953978,5623b873813b2f96416cefd09d6a27cc5c938385,1,12457390982134516082,12.4573909821345161
2023-03-01,88,1523369504,1c9a2d6b33b4826757273d47ebee0e2dddcd978b,1,10000000000000000000,10.0000000000000000
2023-03-01,89,1014890458,4f4495243837681061c4743b74b3eedf548d56a5,1,9752839085070546497,9.7528390850705465
2023-03-01,90,292399506,50ba55bf41580f0ba7df31d9d20b129e6d2df6ae,1,6830700260848188885,6.8307002608481889
2023-03-01,91,1452246125,71e1ae62ea08a7d1ab1a142b7c6fadc43450ed22,1,6243035289970164181,6.2430352899701642
2023-03-01,92,1202652847,35a398425d9f1029021a92bc3d2557d42c8588d7,1,1836223030093496203,1.8362230300934962
2023-03-01,93,795836700,6350b0d4f9e7a52630073fe0cab6dea0f4052bf3,1,1363450217382778708,1.3634502173827787
2023-03-01,94,887108251,e06f8d30ac334c857fc8c380c85969c150f38a6a,1,223583199230660257,0.22358319923066025700
2023-03-01,95,1459070877,cd244446eb78b3e3a53e7478edf7689f3b055076,1,15394209457435808,0.01539420945743580800
2023-03-01,96,1458165144,e1a6d84604c5b17f5fd1fccba4c385a8b9670266,1,2500570155740456,0.00250057015574045600
2023-04-01,1,1495139163,78bb3aec3d855431bd9289fd98da13f9ebb7ef15,41,2381966000000000000000000,2381966.000000000000
2023-04-01,2,1145580966,9a834b70c07c81a9fcd6f22e842bf002fbffbe4d,25,553826590994922116733715,553826.590994922117
2023-04-01,3,1438093425,a88800cd213da5ae406ce248380802bd53b47647,22,1274458572376886670367811,1274458.572376886670
2023-04-01,4,1308469390,5de4ef4879f4fe3bbadf2227d2ac5d0e2d76c895,16,254799816818090931354910,254799.816818090931
2023-04-01,5,616036061,74de5d4fcbf63e00296fd95d33236b9794016631,13,36097108702688116659848,36097.108702688117
2023-04-01,6,1427662229,99a58482bd75cbab83b27ec03ca68ff489b5788f,11,1950612237322606202780440,1950612.237322606203
2023-04-01,7,1381791786,1111111254eeb25477b68fb85ed929f73a960582,8,1055032548404821408972278,1055032.548404821409
2023-04-01,8,881197687,9008d19f58aabd9ed0d60971565aa8510560ab41,8,146338809027696172768797,146338.809027696173
2023-04-01,9,667282315,fd0a40bc83c5fae4203dec7e5929b446b07d1c76,8,418061810090497860554,418.0618100904978606
2023-04-01,10,1235298661,08780fb7e580e492c1935bee4fa5920b94aa95da,7,2365246399928482848643753,2365246.399928482849
2023-04-01,11,1351302712,dbe88dbac39263c47629ebba02b3ef4cf0752a72,7,55350000000000000000000,55350.000000000000
2023-04-01,12,1394911941,fa0f307783ac21c39e939acff795e27b650f6e68,7,34543471904000000000000,34543.471904000000
2023-04-01,13,888341279,c2a856c3aff2110c1171b8f942256d40e980c726,6,37128632256019160662226,37128.632256019161
2023-04-01,14,1379477437,25e9aca5951262241290841b6f863d59d37dc4f0,6,30346120035492994502815,30346.120035492995
2023-04-01,15,1011184216,6021444f1706f15465bee85463bcc7d7cc17fc03,6,22951417221277339533893,22951.417221277340
2023-04-01,16,914995498,d4937682df3c8aef4fe912a96a74121c0829e664,5,612736821210074726199524,612736.821210074726
2023-04-01,17,893398926,def171fe48cf0115b1d80b88dc8eab59176fee57,5,285027850157163177598121,285027.850157163178
2023-04-01,18,968003125,1111111254fb6c44bac0bed2854e76f90643097d,5,155943866064956594954086,155943.866064956595
2023-04-01,19,1306887388,794f6b13fbd7eb7ef10d1ed205c9a416910207ff,4,118950000000000000000000,118950.000000000000
2023-04-01,20,840272948,e66b31678d6c16e9ebf358268a790b763c133750,4,1280765599120637928205,1280.7655991206379282
2023-04-01,21,697997440,ec8c342bc3e07f05b9a782bc34e7f04fb9b44502,4,84584463665484809196,84.5844636654848092
2023-04-01,22,1351646374,3835a58ca93cdb5f912519ad366826ac9a752510,3,114000000000000000000000,114000.000000000000
2023-04-01,23,1312471386,76f4eed9fe41262669d0250b2a97db79712ad855,3,110037977016990387162799,110037.977016990387
2023-04-01,24,1311229664,07af6bb51d6ad0cf126e3ed2dee6eac34bf094f8,3,66410879623141589080179,66410.879623141589
2023-04-01,25,1392421667,85c5f05ae4cb68190c695a22b292c3ba90696128,3,45557152899980000000000,45557.152899980000
2023-04-01,26,1292422842,03b59bd1c8b9f6c265ba0c3421923b93f15036fa,3,4489781418775450511708,4489.7814187754505117
2023-04-01,27,667300213,97c4adc5d28a86f9470c70dd91dc6cc2f20d2d4d,3,566158651481712363452,566.1586514817123635
2023-04-01,28,530746224,abea9132b05a70803a4e85094fd0e1800777fbef,3,406465107690000000000,406.4651076900000000
2023-04-01,29,1292509309,31351bf3fba544863fbff44ddc27ba880916a199,3,284407157377528508794,284.4071573775285088
2023-04-01,30,795912842,92c7b5ce4cb0e5483f3365c1449f21578ee9f21a,3,17894870393918357893,17.8948703939183579
2023-04-01,31,1563931071,1136b25047e142fa3018184793aec68fbb173ce4,2,60023379813807789366589,60023.379813807789
2023-04-01,32,1411445569,66bf36dba79d4606039f04b32946a260bcd3ff52,2,30500000000000000000000,30500.000000000000
2023-04-01,33,1392664436,15ada72a3b52a88e25ddd2cc2ba1120234e34bb0,2,28562215199990000000000,28562.215199990000
2023-04-01,34,1213241679,dcef968d416a41cdac0ed8702fac8128a64241a2,2,15831985351223990307895,15831.985351223990
2023-04-01,35,1292507684,56695c26b3cdb528815cd22ff7b47510ab821efd,2,12973402357766259968263,12973.402357766260
2023-04-01,36,1392416598,43959a388603dcb6b02ca084a55d4c7f3b442c57,2,10727918799990000000000,10727.918799990000
2023-04-01,37,1516577381,20392f2de9961a23f9bbd988eb894eb9f17786c2,2,10000000000000000000000,10000.0000000000000000
2023-04-01,38,733908697,d632f22692fac7611d2aa1c0d552930d43caed3b,2,5935694694322314592002,5935.6946943223145920
2023-04-01,39,743899457,23ddd3e3692d1861ed57ede224608875809e127f,2,3737689027867200912346,3737.6890278672009123
2023-04-01,40,1443863675,3ef1d856ea62a2292b8690855042095a7ac48b4b,2,3402777999990000000000,3402.7779999900000000
2023-04-01,41,1458950926,a686f7e6bd9d0520ea5afaba5007aa4729e270a1,2,2347001145036411412574,2347.0011450364114126
2023-04-01,42,1001491411,a81011ae274ef6debd3bdab634102c7b6c2c452d,2,2642913560000000000,2.6429135600000000
2023-04-01,43,1233177136,4e43151b78b5fbb16298c1161fcbf7531d5f8d93,1,200076340186767342752226,200076.340186767343
2023-04-01,44,1302905480,2b3b6d4c350a48d7f224242656aabb6fae3bc955,1,160000000000000000000000,160000.000000000000
2023-04-01,45,1566863959,1c12eab3a5b2c5126301ef4143c7ff5642528fac,1,150000000000000000000000,150000.000000000000
2023-04-01,46,1456474257,6131b5fae19ea4f9d964eac0408e4408b66337b5,1,47575407353769788887227,47575.407353769789
2023-04-01,47,1392405051,fb788f9e20ef426a32a67986654750172a6c1788,1,40891068299990000000000,40891.068299990000
2023-04-01,48,1364872031,1231deb6f5749ef6ce6943a275a1d3e7486f4eae,1,19170473382959523576335,19170.473382959524
2023-04-01,49,8525156,9feab70f3c4a944b97b7565bac4991df5b7a69ff,1,15000000000000000000000,15000.000000000000
2023-04-01,50,1055735515,7c5252031d236d5a17db832fc8367e6850a3b4fb,1,11095000000000000000000,11095.000000000000
2023-04-01,51,667248779,e1573b9d29e2183b1af0e743dc2754979a40d237,1,9698269778648628248843,9698.2697786486282488
2023-04-01,52,821344937,97e7d56a0408570ba1a7852de36350f7713906ec,1,7497532457187476276080,7497.5324571874762761
2023-04-01,53,1107465928,9a22cdb1ca1cdd2371cd5bb5199564c4e89465eb,1,5071966366683841879686,5071.9663666838418797
2023-04-01,54,979822284,c14900dfb1aa54e7674e1ecf9ce02b3b35157ba5,1,3983856825980079485461,3983.8568259800794855
2023-04-01,55,1386296353,3f9c5f2aad00247be0e79f332c5016bc2e2be5c1,1,3134668442645562477466,3134.6684426455624775
2023-04-01,56,1530327210,050853d20d1b4f5529cd8dec986b752e7c9d95f7,1,3000662844302682171499,3000.6628443026821715
2023-04-01,57,1306801389,e57180685e3348589e9521aa53af0bcd497e884d,1,2642464905472473691098,2642.4649054724736911
2023-04-01,58,1565357010,ba3f5c056500ce033e9d74494b820d495efcf19d,1,2312621829239997623552,2312.6218292399976236
2023-04-01,59,1306898428,32467a5fc2d72d21e8dce990906547a2b012f382,1,1300000000000000000000,1300.0000000000000000
2023-04-01,60,1386817267,6ac96f65156281a9383455d704b58a74ea9c9ec4,1,981646499990000000000,981.6464999900000000
2023-04-01,61,1543989569,59b72fdb45b3182c8502cc297167fe4f821f332d,1,929495800000000000000,929.4958000000000000
2023-04-01,62,1351293871,a1d100a5bf6bfd2736837c97248853d989a9ed84,1,600000000000000000000,600.0000000000000000
2023-04-01,63,887108251,e06f8d30ac334c857fc8c380c85969c150f38a6a,1,542631614806937449940,542.6316148069374499
2023-04-01,64,1296271160,5e8c1ad4c3d04f059d5c1a2ce4593e53be270bca,1,369776946270961351727,369.7769462709613517
2023-04-01,65,1532389051,bbe7f5e2c40ba0c28365598d59ae7efa7a31d189,1,40032181000000000000,40.0321810000000000
2023-04-01,66,1549615648,541a2378589e280fdfdde6e53fb5ecf98a853fc2,1,27606928953120343426,27.6069289531203434
2023-04-01,67,1014890458,4f4495243837681061c4743b74b3eedf548d56a5,1,21344320643985054101,21.3443206439850541
2023-04-01,68,934876971,378ba9b73309be80bf4c2c027aad799766a7ed5a,1,17866130993737187328,17.8661309937371873
2023-04-01,69,1541153836,f4362c78463b419433685167722d781498531dee,1,10339462130744513788,10.3394621307445138
2023-04-01,70,1533284607,7b2e3fc7510d1a51b3bef735f985446589219354,1,3875244378937344596,3.8752443789373446
2023-04-01,71,1470965841,7122db0ebe4eb9b434a9f2ffe6760bc03bfbd0e0,1,1871682735540000000,1.8716827355400000
2023-04-01,72,1290699240,bb799098ff043a286c49de9b01b2d7b14660320c,1,1146294347596105865,1.1462943475961059
2023-04-01,73,1138117183,54c55369a6900731d22eacb0df7c0253cf19dfff,1,497500000000000000,0.49750000000000000000
2023-05-01,1,1495139163,78bb3aec3d855431bd9289fd98da13f9ebb7ef15,24,1582299000000000000000000,1582299.000000000000
2023-05-01,2,1427662229,99a58482bd75cbab83b27ec03ca68ff489b5788f,12,1713580010186740609715656,1713580.010186740610
2023-05-01,3,1145580966,9a834b70c07c81a9fcd6f22e842bf002fbffbe4d,9,813233905785146841689400,813233.905785146842
2023-05-01,4,1379477437,25e9aca5951262241290841b6f863d59d37dc4f0,8,54375153448095833823393,54375.153448095834
2023-05-01,5,881197687,9008d19f58aabd9ed0d60971565aa8510560ab41,5,478806378130728997710323,478806.378130728998
2023-05-01,6,1394911941,fa0f307783ac21c39e939acff795e27b650f6e68,5,105330365060000000000000,105330.365060000000
2023-05-01,7,1438093425,a88800cd213da5ae406ce248380802bd53b47647,5,27286626649627677858204,27286.626649627678
2023-05-01,8,1392664436,15ada72a3b52a88e25ddd2cc2ba1120234e34bb0,5,20796369699990000000000,20796.369699990000
2023-05-01,9,667282315,fd0a40bc83c5fae4203dec7e5929b446b07d1c76,5,254218465144457074728,254.2184651444570747
2023-05-01,10,1235298661,08780fb7e580e492c1935bee4fa5920b94aa95da,4,569667038026862198365546,569667.038026862198
2023-05-01,11,888341279,c2a856c3aff2110c1171b8f942256d40e980c726,4,15088665128322348760548,15088.665128322349
2023-05-01,12,667248779,e1573b9d29e2183b1af0e743dc2754979a40d237,4,693931906408628097504,693.9319064086280975
2023-05-01,13,1308469390,5de4ef4879f4fe3bbadf2227d2ac5d0e2d76c895,3,180928455498752278794329,180928.455498752279
2023-05-01,14,1392405051,fb788f9e20ef426a32a67986654750172a6c1788,3,77783468499990000000000,77783.468499990000
2023-05-01,15,1351302712,dbe88dbac39263c47629ebba02b3ef4cf0752a72,3,5101000000000000000000,5101.0000000000000000
2023-05-01,16,667300213,97c4adc5d28a86f9470c70dd91dc6cc2f20d2d4d,3,375063400887395027291,375.0634008873950273
2023-05-01,17,697997440,ec8c342bc3e07f05b9a782bc34e7f04fb9b44502,3,110670623277158479132,110.6706232771584791
2023-05-01,18,1392413668,dae210bfb0cf8c81edb4b459e2e0ba14d553e2d9,2,94827115200000000000000,94827.115200000000
2023-05-01,19,893398926,def171fe48cf0115b1d80b88dc8eab59176fee57,2,55165265768066495786545,55165.265768066496
2023-05-01,20,1292422842,03b59bd1c8b9f6c265ba0c3421923b93f15036fa,2,22452797876663881810906,22452.797876663882
2023-05-01,21,733908697,d632f22692fac7611d2aa1c0d552930d43caed3b,2,22277217707824502961251,22277.217707824503
2023-05-01,22,849321637,c69ddcd4dfef25d8a793241834d4cc4b3668ead6,2,19985525391181917308085,19985.525391181917
2023-05-01,23,821344937,97e7d56a0408570ba1a7852de36350f7713906ec,2,3681958739765902537883,3681.9587397659025379
2023-05-01,24,530746224,abea9132b05a70803a4e85094fd0e1800777fbef,2,129561954080000000000,129.5619540800000000
2023-05-01,25,934876971,378ba9b73309be80bf4c2c027aad799766a7ed5a,2,30300936869417195520,30.3009368694171955
2023-05-01,26,840272948,e66b31678d6c16e9ebf358268a790b763c133750,2,13284684670127804662,13.2846846701278047
2023-05-01,27,1543101446,6aa981bff95edfea36bdae98c26b274ffcafe8d3,2,3000000000000000000,3.0000000000000000
2023-05-01,28,795912842,92c7b5ce4cb0e5483f3365c1449f21578ee9f21a,2,532326816128329167,0.53232681612832916700
2023-05-01,29,1381791786,1111111254eeb25477b68fb85ed929f73a960582,1,310328747517302521561012,310328.747517302522
2023-05-01,30,743899457,23ddd3e3692d1861ed57ede224608875809e127f,1,268044000000000000000000,268044.000000000000
2023-05-01,31,1604162154,23ebcd701fd92867235aeb0174b7c444b9b2b3ad,1,250145543246612980423608,250145.543246612980
2023-05-01,32,1456474257,6131b5fae19ea4f9d964eac0408e4408b66337b5,1,100043836700315158648896,100043.836700315159
2023-05-01,33,1213241679,dcef968d416a41cdac0ed8702fac8128a64241a2,1,72110506249845761265429,72110.506249845761
2023-05-01,34,897164624,b1748c79709f4ba2dd82834b8c82d4a505003f27,1,72000000000000000000000,72000.000000000000
2023-05-01,35,1311229664,07af6bb51d6ad0cf126e3ed2dee6eac34bf094f8,1,30969675209178001459394,30969.675209178001
2023-05-01,36,1611684724,9e856d56f6110308d22085e0d4f76942634d6ec0,1,20000000000000000000000,20000.000000000000
2023-05-01,37,1055735515,7c5252031d236d5a17db832fc8367e6850a3b4fb,1,17351993000000000000000,17351.993000000000
2023-05-01,38,1351293871,a1d100a5bf6bfd2736837c97248853d989a9ed84,1,16000000000000000000000,16000.000000000000
2023-05-01,39,1184586078,0eae044f00b0af300500f090ea00027097d03000,1,13888736369929381659920,13888.736369929382
2023-05-01,40,1107465928,9a22cdb1ca1cdd2371cd5bb5199564c4e89465eb,1,13576694414117625678224,13576.694414117626
2023-05-01,41,945823832,6352a56caadc4f1e25cd6c75970fa768a3304e64,1,10020653910291087533658,10020.6539102910875337
2023-05-01,42,1556542975,86e71075e55f0aad27d700017e0783458310c98a,1,7375398100000000000000,7375.3981000000000000
2023-05-01,43,1411445569,66bf36dba79d4606039f04b32946a260bcd3ff52,1,7300000000000000000000,7300.0000000000000000
2023-05-01,44,1538554364,ae34574ac03a15cd58a92dc79de7b1a0800f1ce3,1,6315580533859847906068,6315.5805338598479061
2023-05-01,45,979822284,c14900dfb1aa54e7674e1ecf9ce02b3b35157ba5,1,5266739790521414225420,5266.7397905214142254
2023-05-01,46,1587408967,51c62eea2fe1ddc18b334b6af70df468409b0288,1,2604608412044825110636,2604.6084120448251106
2023-05-01,47,1543989569,59b72fdb45b3182c8502cc297167fe4f821f332d,1,2000000000000000000000,2000.0000000000000000
2023-05-01,48,944491348,839a989be40f2d60f00beeb648903732c041cbd7,1,1636449522512702614748,1636.4495225127026147
2023-05-01,49,714219497,b5f54ac4466f5ce7e0d8a5cb9fe7b8c0f35b7ba8,1,1243170971167289790532,1243.1709711672897905
2023-05-01,50,1306898428,32467a5fc2d72d21e8dce990906547a2b012f382,1,1059000000000000000000,1059.0000000000000000
2023-05-01,51,992675953,6b4ee7352406707003bc6f6b96595fd35925af48,1,970144165802948380315,970.1441658029483803
2023-05-01,52,1398264776,65a02513f1241e89b842601e503715e7d5c2a9f9,1,354648622139102174689,354.6486221391021747
2023-05-01,53,1184562278,fdc7407dcccacc2c70a9a3f01fa47ee799e1c0a2,1,225689020939105718484,225.6890209391057185
2023-05-01,54,1105932400,00000000009726632680fb29d3f7a9734e3010e2,1,197732884721056775629,197.7328847210567756
2023-05-01,55,1292507684,56695c26b3cdb528815cd22ff7b47510ab821efd,1,179326116844996910888,179.3261168449969109
2023-05-01,56,802510826,562680a4dc50ed2f14d75bf31f494cfe0b8d10a1,1,48503132050000000000,48.5031320500000000
2023-05-01,57,1526303716,000000c0524f353223d94fb76efab586a2ff8664,1,48487167372399537922,48.4871673723995379
2023-05-01,58,969805957,29e3b0e8df4ee3f71a62c34847c34e139fc0b297,1,20000000000000000000,20.0000000000000000
2023-05-01,59,1573555469,b5e7f9cb9d3897808658f1991ad32912959b42e2,1,13080448375678941348,13.0804483756789413
2023-05-01,60,1202841763,6ed9c171e02de08aaedf0fc1d589923d807061d6,1,10240572647225661933,10.2405726472256619
2023-05-01,61,887108251,e06f8d30ac334c857fc8c380c85969c150f38a6a,1,1470403347781214966,1.4704033477812150
2023-05-01,62,616036061,74de5d4fcbf63e00296fd95d33236b9794016631,1,368083882181362856,0.36808388218136285600
2023-05-01,63,1306887388,794f6b13fbd7eb7ef10d1ed205c9a416910207ff,1,0,0E-36
2023-06-01,1,1495139163,78bb3aec3d855431bd9289fd98da13f9ebb7ef15,35,1906031000000000000000000,1906031.000000000000
2023-06-01,2,697997440,ec8c342bc3e07f05b9a782bc34e7f04fb9b44502,22,928205567650948467950,928.2055676509484680
2023-06-01,3,1427662229,99a58482bd75cbab83b27ec03ca68ff489b5788f,17,1438266755691899795558503,1438266.755691899796
2023-06-01,4,1145580966,9a834b70c07c81a9fcd6f22e842bf002fbffbe4d,17,128725896315339777821169,128725.896315339778
2023-06-01,5,667282315,fd0a40bc83c5fae4203dec7e5929b446b07d1c76,16,135691301219854120850,135.6913012198541209
2023-06-01,6,1394911941,fa0f307783ac21c39e939acff795e27b650f6e68,11,167821725017000000000000,167821.725017000000
2023-06-01,7,796495726,c63b0708e2f7e69cb8a1df0e1389a98c35a76d52,9,236991731333105681753868,236991.731333105682
2023-06-01,8,888341279,c2a856c3aff2110c1171b8f942256d40e980c726,8,12488793380063172185527,12488.793380063172
2023-06-01,9,1573555469,b5e7f9cb9d3897808658f1991ad32912959b42e2,8,162974611788468305956,162.9746117884683060
2023-06-01,10,934876971,378ba9b73309be80bf4c2c027aad799766a7ed5a,8,141989979544211643392,141.9899795442116434
2023-06-01,11,1308469390,5de4ef4879f4fe3bbadf2227d2ac5d0e2d76c895,7,314716733627149729567219,314716.733627149730
2023-06-01,12,1379477437,25e9aca5951262241290841b6f863d59d37dc4f0,7,11622771158743934015856,11622.771158743934
2023-06-01,13,1235298661,08780fb7e580e492c1935bee4fa5920b94aa95da,6,1747685417777138842221596,1747685.417777138842
2023-06-01,14,881197687,9008d19f58aabd9ed0d60971565aa8510560ab41,6,28622715570959976051906,28622.715570959976
2023-06-01,15,1351302712,dbe88dbac39263c47629ebba02b3ef4cf0752a72,6,17870410616989391480006,17870.410616989391
2023-06-01,16,616036061,74de5d4fcbf63e00296fd95d33236b9794016631,5,5274591096989210438853,5274.5910969892104389
2023-06-01,17,1612993533,0cd6f267b2086bea681e922e19d40512511be538,4,181162449392369172025822,181162.449392369172
2023-06-01,18,1381791786,1111111254eeb25477b68fb85ed929f73a960582,4,172575561396038219776287,172575.561396038220
2023-06-01,19,733908697,d632f22692fac7611d2aa1c0d552930d43caed3b,4,110154939444000734718204,110154.939444000735
2023-06-01,20,1311229664,07af6bb51d6ad0cf126e3ed2dee6eac34bf094f8,4,99243121490551054637157,99243.121490551055
2023-06-01,21,795912842,92c7b5ce4cb0e5483f3365c1449f21578ee9f21a,4,10750294136580562795,10.7502941365805628
2023-06-01,22,1328247616,8c240c385305aeb2d5ceb60425aabcb3488fa93d,3,1800136065499996522728213,1800136.065499996523
2023-06-01,23,1306887388,794f6b13fbd7eb7ef10d1ed205c9a416910207ff,3,550107120000000000000000,550107.120000000000
2023-06-01,24,893398926,def171fe48cf0115b1d80b88dc8eab59176fee57,3,548480489611435512448400,548480.489611435512
2023-06-01,25,1292422842,03b59bd1c8b9f6c265ba0c3421923b93f15036fa,3,199167751998439835322900,199167.751998439835
2023-06-01,26,821344937,97e7d56a0408570ba1a7852de36350f7713906ec,3,10118944828086885526584,10118.944828086886
2023-06-01,27,667300213,97c4adc5d28a86f9470c70dd91dc6cc2f20d2d4d,3,119853276190599406423,119.8532761905994064
2023-06-01,28,968003125,1111111254fb6c44bac0bed2854e76f90643097d,2,788840803372899696163950,788840.803372899696
2023-06-01,29,1213241679,dcef968d416a41cdac0ed8702fac8128a64241a2,2,136308732713828210651196,136308.732713828211
2023-06-01,30,914995498,d4937682df3c8aef4fe912a96a74121c0829e664,2,130301292595651448715650,130301.292595651449
2023-06-01,31,667248779,e1573b9d29e2183b1af0e743dc2754979a40d237,2,78249749259613363988290,78249.749259613364
2023-06-01,32,1306898428,32467a5fc2d72d21e8dce990906547a2b012f382,2,73500000000000000000000,73500.000000000000
2023-06-01,33,1592771436,281e6cb341a552e4faccc6b4eef1a6fcc523682d,2,64000000000000000000000,64000.000000000000
2023-06-01,34,890319940,34ff465ee92516e9855eb60f520df0384f410b45,2,18041367567360428271769,18041.367567360428
2023-06-01,35,1346793464,2bac101f9769aeff63c63effb4189152e833649f,2,14880942440153120889100,14880.942440153121
2023-06-01,36,1312471386,76f4eed9fe41262669d0250b2a97db79712ad855,2,11906792836880170573808,11906.792836880171
2023-06-01,37,1392405051,fb788f9e20ef426a32a67986654750172a6c1788,2,4939867599990000000000,4939.8675999900000000
2023-06-01,38,546716445,22f9dcf4647084d6c31b2765f6910cd85c178c18,2,2979477674227217210756,2979.4776742272172108
2023-06-01,39,944491348,839a989be40f2d60f00beeb648903732c041cbd7,2,2503891436354993876662,2503.8914363549938767
2023-06-01,40,1543989569,59b72fdb45b3182c8502cc297167fe4f821f332d,2,1303425500000000000000,1303.4255000000000000
2023-06-01,41,840272948,e66b31678d6c16e9ebf358268a790b763c133750,2,943610087120840227002,943.6100871208402270
2023-06-01,42,1365391627,78f2819541efe00c918c72204bdd1bc922c94012,2,863523037727908827837,863.5230377279088278
2023-06-01,43,1089524017,2be059ce1e60ca636b5a71b77486ec967900d73f,2,199554785379735882376,199.5547853797358824
2023-06-01,44,1292509309,31351bf3fba544863fbff44ddc27ba880916a199,2,138839466574972667490,138.8394665749726675
2023-06-01,45,530746224,abea9132b05a70803a4e85094fd0e1800777fbef,2,119199578520000000000,119.1995785200000000
2023-06-01,46,1592572582,ccb606939387c0274aaa2426517da315c1154e50,2,51042950582020450453,51.0429505820204505
2023-06-01,47,1623459827,e369e23a5663543bdeaaebac1619e54675fb618c,2,35511252013895622320,35.5112520138956223
2023-06-01,48,691983075,a79828df1850e8a3a3064576f380d90aecdd3359,1,2412735352956222287221261,2412735.352956222287
2023-06-01,49,1374665539,9f4be89cf01f7a038e0b9015b6b3a354ff169ca2,1,544744633681288844237841,544744.633681288844
2023-06-01,50,1392413668,dae210bfb0cf8c81edb4b459e2e0ba14d553e2d9,1,118561677599990000000000,118561.677599990000
2023-06-01,51,1515511643,b45c563a9e09339d07e57a25c5a66da7d68de435,1,95116881195938490306123,95116.881195938490
2023-06-01,52,1351646374,3835a58ca93cdb5f912519ad366826ac9a752510,1,40000000000000000000000,40000.000000000000
2023-06-01,53,1538554364,ae34574ac03a15cd58a92dc79de7b1a0800f1ce3,1,35001836880992041020378,35001.836880992041
2023-06-01,54,1392416598,43959a388603dcb6b02ca084a55d4c7f3b442c57,1,25112221799990000000000,25112.221799990000
2023-06-01,55,1604162154,23ebcd701fd92867235aeb0174b7c444b9b2b3ad,1,10570175390110244488961,10570.175390110244
2023-06-01,56,1292507684,56695c26b3cdb528815cd22ff7b47510ab821efd,1,8825135535070113136043,8825.1355350701131360
2023-06-01,57,1433239647,50f9bde1c76bba997a5d6e7fefff695ec8536194,1,8005612856347795210684,8005.6128563477952107
2023-06-01,58,1055735515,7c5252031d236d5a17db832fc8367e6850a3b4fb,1,6067000293691536673811,6067.0002936915366738
2023-06-01,59,1626077193,0e4579bfd43d30c61f5e623b65292e4a8fd6b6d9,1,4123119837479866636577,4123.1198374798666366
2023-06-01,60,1386296353,3f9c5f2aad00247be0e79f332c5016bc2e2be5c1,1,2634517013331759977017,2634.5170133317599770
2023-06-01,61,1236614447,aab5e297b7113b6c188b5b611ba2724bc1decf6f,1,2626000000000000000000,2626.0000000000000000
2023-06-01,62,979822284,c14900dfb1aa54e7674e1ecf9ce02b3b35157ba5,1,1979419898735838792631,1979.4198987358387926
2023-06-01,63,1438093425,a88800cd213da5ae406ce248380802bd53b47647,1,1727992940120902411293,1727.9929401209024113
2023-06-01,64,916097869,3ee18b2214aff97000d974cf647e7c347e8fa585,1,1024485072570000000000,1024.4850725700000000
2023-06-01,65,888447299,dc1664458d2f0b6090bea60a8793a4e66c2f1c00,1,1023000000000000000000,1023.0000000000000000
2023-06-01,66,1535911112,82ec28636b77661a95f021090f6be0c8d379dd5d,1,940000000000000000000,940.0000000000000000
2023-06-01,67,1614964987,02a69f8782ae023b8d18e605e188d317fd8027f6,1,889031412351762710378,889.0314123517627104
2023-06-01,68,1014890458,4f4495243837681061c4743b74b3eedf548d56a5,1,764142490728973870639,764.1424907289738706
2023-06-01,69,992675953,6b4ee7352406707003bc6f6b96595fd35925af48,1,683061763616349324205,683.0617636163493242
2023-06-01,70,1351293871,a1d100a5bf6bfd2736837c97248853d989a9ed84,1,400000000000000000000,400.0000000000000000
2023-06-01,71,1509705376,7cea8a6da079dc7501d4eb2bbc937e70a2764cef,1,270009473850300858900,270.0094738503008589
2023-06-01,72,1241878046,ed77777586d73c58eb4d6bebdf9c85c2d5f56c2d,1,237369767304469488470,237.3697673044694885
2023-06-01,73,1305744071,b64508b9f7b81407549e13db970dd5bb5c19107f,1,163732979239887145891,163.7329792398871459
2023-06-01,74,1296271160,5e8c1ad4c3d04f059d5c1a2ce4593e53be270bca,1,141726189351298008679,141.7261893512980087
2023-06-01,75,2171735,3058a0d5e8e1a7b15dbf13eb3d411ee3efea70d9,1,67954798017366193250,67.9547980173661933
2023-06-01,76,589666606,d9e1ce17f2641f24ae83637ab66a2cca9c378b9f,1,46819931029576216192,46.8199310295762162
2023-06-01,77,1392409565,f1e1dea8f1053fd9c5f47f72f1f03977e17af242,1,35983199990000000000,35.9831999900000000
2023-06-01,78,1412358732,dd1305150d27aecc60c066630105db419977e367,1,26816695098647821824,26.8166950986478218
2023-06-01,79,1610460769,f59ce000475cc3962cd366ce05ea2fd6fea5b8aa,1,17223337528149982149,17.2233375281499821
2023-06-01,80,1428234616,9592ec0605ce232a4ce873c650d2aa01c79cb69e,1,17021570976710718195,17.0215709767107182
2023-06-01,81,780095558,ba12222222228d8ba445958a75a0704d566bf2c8,1,10891404707341527349,10.8914047073415273
2023-06-01,82,805502863,4863a39d26f8b2e40d2aabff1eee55e4b5015c4f,1,10837347381395960151,10.8373473813959602
2023-06-01,83,1587123400,a7ca2c8673bcfa5a26d8ceec2887f2cc2b0db22a,1,9866476026942151964,9.8664760269421520
2023-06-01,84,1549615648,541a2378589e280fdfdde6e53fb5ecf98a853fc2,1,5636754938798949864,5.6367549387989499
2023-07-01,1,1145580966,9a834b70c07c81a9fcd6f22e842bf002fbffbe4d,31,282783370972599690392134,282783.370972599690
2023-07-01,2,1394911941,fa0f307783ac21c39e939acff795e27b650f6e68,29,323824567165000000000000,323824.567165000000
2023-07-01,3,1495139163,78bb3aec3d855431bd9289fd98da13f9ebb7ef15,22,634360000000000000000000,634360.000000000000
2023-07-01,4,1427662229,99a58482bd75cbab83b27ec03ca68ff489b5788f,17,697445209844253039197624,697445.209844253039
2023-07-01,5,1381791786,1111111254eeb25477b68fb85ed929f73a960582,13,998798598024269563741356,998798.598024269564
2023-07-01,6,1392664436,15ada72a3b52a88e25ddd2cc2ba1120234e34bb0,13,119837847599950000000000,119837.847599950000
2023-07-01,7,1351302712,dbe88dbac39263c47629ebba02b3ef4cf0752a72,11,68655582294500000000000,68655.582294500000
2023-07-01,8,667282315,fd0a40bc83c5fae4203dec7e5929b446b07d1c76,11,324761004102216633278,324.7610041022166333
2023-07-01,9,1005023024,af5800324e355c9eaa2075cad6717ff1ddf067db,10,175422749790247514600000,175422.749790247515
2023-07-01,10,1392405051,fb788f9e20ef426a32a67986654750172a6c1788,10,87665805054290000000000,87665.805054290000
2023-07-01,11,616036061,74de5d4fcbf63e00296fd95d33236b9794016631,10,7832285423844856617393,7832.2854238448566174
2023-07-01,12,888341279,c2a856c3aff2110c1171b8f942256d40e980c726,9,36275682005372802848592,36275.682005372803
2023-07-01,13,1235298661,08780fb7e580e492c1935bee4fa5920b94aa95da,7,837275342547638457624109,837275.342547638458
2023-07-01,14,914995498,d4937682df3c8aef4fe912a96a74121c0829e664,7,97760000000000000000000,97760.000000000000
2023-07-01,15,1292509309,31351bf3fba544863fbff44ddc27ba880916a199,7,2620181807134661433232,2620.1818071346614332
2023-07-01,16,697997440,ec8c342bc3e07f05b9a782bc34e7f04fb9b44502,6,275952876222703979853,275.9528762227039799
2023-07-01,17,733908697,d632f22692fac7611d2aa1c0d552930d43caed3b,5,15004420925488903913422361,15004420.925488903913
2023-07-01,18,893398926,def171fe48cf0115b1d80b88dc8eab59176fee57,5,251403022555874229057137,251403.022555874229
2023-07-01,19,1438093425,a88800cd213da5ae406ce248380802bd53b47647,5,234921177084222077892026,234921.177084222078
2023-07-01,20,821344937,97e7d56a0408570ba1a7852de36350f7713906ec,5,28446361436481395413891,28446.361436481395
2023-07-01,21,881197687,9008d19f58aabd9ed0d60971565aa8510560ab41,5,5555694300840087772061,5555.6943008400877721
2023-07-01,22,1306898428,32467a5fc2d72d21e8dce990906547a2b012f382,4,112270000000000000000000,112270.000000000000
2023-07-01,23,1308469390,5de4ef4879f4fe3bbadf2227d2ac5d0e2d76c895,4,39615726315827630442557,39615.726315827630
2023-07-01,24,1664375120,d4e245848d6e1220dbe62e155d89fa327e43cb06,4,4300010000000000000000,4300.0100000000000000
2023-07-01,25,1351646374,3835a58ca93cdb5f912519ad366826ac9a752510,4,500017636747941855783,500.0176367479418558
2023-07-01,26,1573555469,b5e7f9cb9d3897808658f1991ad32912959b42e2,4,40387090144484151690,40.3870901444841517
2023-07-01,27,1392421667,85c5f05ae4cb68190c695a22b292c3ba90696128,3,243429785099990000000000,243429.785099990000
2023-07-01,28,1456474257,6131b5fae19ea4f9d964eac0408e4408b66337b5,3,170848239788328694084137,170848.239788328694
2023-07-01,29,1392409565,f1e1dea8f1053fd9c5f47f72f1f03977e17af242,3,17839747399990000000000,17839.747399990000
2023-07-01,30,1608890751,400d4c984779a747462e88373c3fe369ef9f5b50,3,11364984347640971864748,11364.984347640972
2023-07-01,31,780095558,ba12222222228d8ba445958a75a0704d566bf2c8,3,714990000000000000000,714.9900000000000000
2023-07-01,32,667300213,97c4adc5d28a86f9470c70dd91dc6cc2f20d2d4d,3,503304855607641586968,503.3048556076415870
2023-07-01,33,795912842,92c7b5ce4cb0e5483f3365c1449f21578ee9f21a,3,29228637067081665402,29.2286370670816654
2023-07-01,34,1592771436,281e6cb341a552e4faccc6b4eef1a6fcc523682d,2,255000000000000000000000,255000.000000000000
2023-07-01,35,546716445,22f9dcf4647084d6c31b2765f6910cd85c178c18,2,124019115085762914981876,124019.115085762915
2023-07-01,36,1612993533,0cd6f267b2086bea681e922e19d40512511be538,2,97094467081744877302251,97094.467081744877
2023-07-01,37,1411445569,66bf36dba79d4606039f04b32946a260bcd3ff52,2,68423408032000000000000,68423.408032000000
2023-07-01,38,1604162154,23ebcd701fd92867235aeb0174b7c444b9b2b3ad,2,30420895186264273174272,30420.895186264273
2023-07-01,39,1392413668,dae210bfb0cf8c81edb4b459e2e0ba14d553e2d9,2,22884406400000000000000,22884.406400000000
2023-07-01,40,1659306080,d1b47490209ccb7a806e8a45d9479490c040abf4,2,19789127953358248801485,19789.127953358249
2023-07-01,41,1379477437,25e9aca5951262241290841b6f863d59d37dc4f0,2,10986397292341325030610,10986.397292341325
2023-07-01,42,802510826,562680a4dc50ed2f14d75bf31f494cfe0b8d10a1,2,6496571281955394410701,6496.5712819553944107
2023-07-01,43,1292422842,03b59bd1c8b9f6c265ba0c3421923b93f15036fa,2,4465376132609969753163,4465.3761326099697532
2023-07-01,44,743899457,23ddd3e3692d1861ed57ede224608875809e127f,2,1520856691576036066212,1520.8566915760360662
2023-07-01,45,667248779,e1573b9d29e2183b1af0e743dc2754979a40d237,2,592285859617915885204,592.2858596179158852
2023-07-01,46,530746224,abea9132b05a70803a4e85094fd0e1800777fbef,2,227990570000000000000,227.9905700000000000
2023-07-01,47,1015988331,04fc84d0b2914005cd16fa377ae889d768b2e7ff,2,11294819733159473309,11.2948197331594733
2023-07-01,48,1626241762,92f3f71cef740ed5784874b8c70ff87ecdf33588,2,3007798512276763753,3.0077985122767638
2023-07-01,49,1539201543,c6cada314389430d396c7b0c70c6281e99ca7fe8,1,985069000001000000000000,985069.000001000000
2023-07-01,50,968003125,1111111254fb6c44bac0bed2854e76f90643097d,1,181160763102246598814397,181160.763102246599
2023-07-01,51,1600363702,cb5a9d87eabf3e262a2ee4b935dcaca89662c8e5,1,100000000000000000000000,100000.000000000000
2023-07-01,52,1416441838,74f82bd9d0390a4180daaec92d64cf0708751759,1,100000000000000000000000,100000.000000000000
2023-07-01,53,1147202650,f861483fa7e511fbc37487d91b6faa803af5d37c,1,36915561786630203676758,36915.561786630204
2023-07-01,54,1556542975,86e71075e55f0aad27d700017e0783458310c98a,1,10744967300000000000000,10744.967300000000
2023-07-01,55,1236614447,aab5e297b7113b6c188b5b611ba2724bc1decf6f,1,9000000000000000000000,9000.0000000000000000
2023-07-01,56,1305744071,b64508b9f7b81407549e13db970dd5bb5c19107f,1,8919791518602966491772,8919.7915186029664918
2023-07-01,57,1351293871,a1d100a5bf6bfd2736837c97248853d989a9ed84,1,6000000000000000000000,6000.0000000000000000
2023-07-01,58,1105932400,00000000009726632680fb29d3f7a9734e3010e2,1,5831758273660077578965,5831.7582736600775790
2023-07-01,59,849321637,c69ddcd4dfef25d8a793241834d4cc4b3668ead6,1,2785226831954377732796,2785.2268319543777328
2023-07-01,60,1311229664,07af6bb51d6ad0cf126e3ed2dee6eac34bf094f8,1,2318531685127231786859,2318.5316851272317869
2023-07-01,61,1443863675,3ef1d856ea62a2292b8690855042095a7ac48b4b,1,995027500000000000000,995.0275000000000000
2023-07-01,62,1187629280,c65a680191bd17a18c957c8aa2d1155ed2322792,1,701144891775022455593,701.1448917750224556
2023-07-01,63,1107465928,9a22cdb1ca1cdd2371cd5bb5199564c4e89465eb,1,533798640991021870313,533.7986409910218703
2023-07-01,64,1292507684,56695c26b3cdb528815cd22ff7b47510ab821efd,1,295581167895772647249,295.5811678957726472
2023-07-01,65,1470081327,36c060cc4b088c830a561e959a679a58205d3f56,1,221241693278633003257,221.2416932786330033
2023-07-01,66,1450359959,4a5a7331da84d3834c030a9b8d4f3d687a3b788b,1,85111479942006074060,85.1114799420060741
2023-07-01,67,68805559,0c1e99991dd2f7d374bff13f9f52284ce6cfdae5,1,33984004499444667732,33.9840044994446677
2023-07-01,68,1130448994,d2a9f2b88d6df8830522d624db491445362a2797,1,20789776813270961544,20.7897768132709615
2023-07-01,69,1428234616,9592ec0605ce232a4ce873c650d2aa01c79cb69e,1,13527509649113071588,13.5275096491130716
2023-07-01,70,1312179091,b80fdc10c08b717df6d7a47890a62c9088324b47,1,11865255808592052007,11.8652558085920520
2023-07-01,71,1540495137,7906bece89178fbeda38b8021504ed55776dc901,1,5568313813511790292,5.5683138135117903
2023-07-01,72,934876971,378ba9b73309be80bf4c2c027aad799766a7ed5a,1,3362660876387465728,3.3626608763874657
2023-07-01,73,1312471386,76f4eed9fe41262669d0250b2a97db79712ad855,1,1157471845934168432,1.1574718459341684
2023-07-01,74,1549615648,541a2378589e280fdfdde6e53fb5ecf98a853fc2,1,596937375350719197,0.59693737535071919700
2023-07-01,75,1657810386,5a827a278751900bb35511d3cd370c41de1a1bf5,1,93477974566828027,0.09347797456682802700
2023-07-01,76,1636575522,69460570c93f9de5e2edbc3052bf10125f0ca22d,1,6000000000000000,0.00600000000000000000
2023-07-01,77,1596220152,caa00aaf6fbc769d627d825b4faedc3aad880597,1,2946987463525145,0.00294698746352514500
2023-07-01,78,1290794703,76d4d68966728894961aa3ddc1d5b0e45668a5a6,1,0,0E-36
2023-08-01,1,1495139163,78bb3aec3d855431bd9289fd98da13f9ebb7ef15,22,1423480000000000000000000,1423480.000000000000
2023-08-01,2,1381791786,1111111254eeb25477b68fb85ed929f73a960582,18,1327626057425643050557295,1327626.057425643051
2023-08-01,3,1427662229,99a58482bd75cbab83b27ec03ca68ff489b5788f,17,370404697802617932413407,370404.697802617932
2023-08-01,4,1394911941,fa0f307783ac21c39e939acff795e27b650f6e68,17,167108701059000000000000,167108.701059000000
2023-08-01,5,1664375120,d4e245848d6e1220dbe62e155d89fa327e43cb06,16,516415241609555978222537,516415.241609555978
2023-08-01,6,796495726,c63b0708e2f7e69cb8a1df0e1389a98c35a76d52,13,39892461505463527091697,39892.461505463527
2023-08-01,7,667282315,fd0a40bc83c5fae4203dec7e5929b446b07d1c76,13,447444282129031247215,447.4442821290312472
2023-08-01,8,1145580966,9a834b70c07c81a9fcd6f22e842bf002fbffbe4d,12,16464335656585524767514,16464.335656585525
2023-08-01,9,888341279,c2a856c3aff2110c1171b8f942256d40e980c726,11,114546835201793367586915,114546.835201793368
2023-08-01,10,1392664436,15ada72a3b52a88e25ddd2cc2ba1120234e34bb0,9,126103156399980000000000,126103.156399980000
2023-08-01,11,1351302712,dbe88dbac39263c47629ebba02b3ef4cf0752a72,8,166558920000000000000000,166558.920000000000
2023-08-01,12,697997440,ec8c342bc3e07f05b9a782bc34e7f04fb9b44502,8,1317076685442898042421,1317.0766854428980424
2023-08-01,13,1351646374,3835a58ca93cdb5f912519ad366826ac9a752510,7,52914641784000000000000,52914.641784000000
2023-08-01,14,616036061,74de5d4fcbf63e00296fd95d33236b9794016631,7,7978512146882610415769,7978.5121468826104158
2023-08-01,15,1526508951,68934f60758243eafaf4d2cfed27bf8010bede3a,7,6609709875045204241103,6609.7098750452042411
2023-08-01,16,1292509309,31351bf3fba544863fbff44ddc27ba880916a199,7,1260268104016179022329,1260.2681040161790223
2023-08-01,17,1235298661,08780fb7e580e492c1935bee4fa5920b94aa95da,6,82070859175609040623812,82070.859175609041
2023-08-01,18,934876971,378ba9b73309be80bf4c2c027aad799766a7ed5a,6,86295077043061446656,86.2950770430614467
2023-08-01,19,1351293871,a1d100a5bf6bfd2736837c97248853d989a9ed84,5,877527000000000000000000,877527.000000000000
2023-08-01,20,1213241679,dcef968d416a41cdac0ed8702fac8128a64241a2,5,765501468372970853908580,765501.468372970854
2023-08-01,21,1392406501,06fa869caa1160754c6a0b744da6454c5ea325d4,5,240779058699990000000000,240779.058699990000
2023-08-01,22,1438093425,a88800cd213da5ae406ce248380802bd53b47647,5,109965133564988877459081,109965.133564988877
2023-08-01,23,1411445569,66bf36dba79d4606039f04b32946a260bcd3ff52,5,100000000000000000000000,100000.000000000000
2023-08-01,24,1538554364,ae34574ac03a15cd58a92dc79de7b1a0800f1ce3,4,659686126244520087440511,659686.126244520087
2023-08-01,25,881197687,9008d19f58aabd9ed0d60971565aa8510560ab41,4,649933316044845366062969,649933.316044845366
2023-08-01,26,1308469390,5de4ef4879f4fe3bbadf2227d2ac5d0e2d76c895,4,275841908106781352428237,275841.908106781352
2023-08-01,27,893398926,def171fe48cf0115b1d80b88dc8eab59176fee57,4,147851932729992633406174,147851.932729992633
2023-08-01,28,1392413668,dae210bfb0cf8c81edb4b459e2e0ba14d553e2d9,4,130946322299990000000000,130946.322299990000
2023-08-01,29,1379477437,25e9aca5951262241290841b6f863d59d37dc4f0,4,49786948058157785595369,49786.948058157786
2023-08-01,30,1306898428,32467a5fc2d72d21e8dce990906547a2b012f382,4,41900000000000000000000,41900.000000000000
2023-08-01,31,1392405051,fb788f9e20ef426a32a67986654750172a6c1788,4,8669062399980000000000,8669.0623999800000000
2023-08-01,32,795912842,92c7b5ce4cb0e5483f3365c1449f21578ee9f21a,4,71598894537617339318,71.5988945376173393
2023-08-01,33,1392421667,85c5f05ae4cb68190c695a22b292c3ba90696128,3,625491429899990000000000,625491.429899990000
2023-08-01,34,968003125,1111111254fb6c44bac0bed2854e76f90643097d,3,214451711670288434964610,214451.711670288435
2023-08-01,35,546716445,22f9dcf4647084d6c31b2765f6910cd85c178c18,3,3682286838925864884729,3682.2868389258648847
2023-08-01,36,667300213,97c4adc5d28a86f9470c70dd91dc6cc2f20d2d4d,3,502597220537716548994,502.5972205377165490
2023-08-01,37,1689166748,2ff45e654929b8eb049e52b55f1178e76528f45f,3,2335635163532560182,2.3356351635325602
2023-08-01,38,1604162154,23ebcd701fd92867235aeb0174b7c444b9b2b3ad,2,450843382621798298668569,450843.382621798299
2023-08-01,39,1311229664,07af6bb51d6ad0cf126e3ed2dee6eac34bf094f8,2,35668448060935307452270,35668.448060935307
2023-08-01,40,1556542975,86e71075e55f0aad27d700017e0783458310c98a,2,33657310100000000000000,33657.310100000000
2023-08-01,41,1392418668,a381d58e96ec3818c825e1fb264099448945cf8b,2,25808726899990000000000,25808.726899990000
2023-08-01,42,1659306080,d1b47490209ccb7a806e8a45d9479490c040abf4,2,20021613499999972704877,20021.613499999973
2023-08-01,43,1535911112,82ec28636b77661a95f021090f6be0c8d379dd5d,2,15000000000000000000000,15000.000000000000
2023-08-01,44,1236614447,aab5e297b7113b6c188b5b611ba2724bc1decf6f,2,10910000000000000000000,10910.000000000000
2023-08-01,45,733908697,d632f22692fac7611d2aa1c0d552930d43caed3b,2,4086600771646824027978,4086.6007716468240280
2023-08-01,46,821344937,97e7d56a0408570ba1a7852de36350f7713906ec,2,2948355923275201638448,2948.3559232752016384
2023-08-01,47,1014890458,4f4495243837681061c4743b74b3eedf548d56a5,2,2847321976244596023559,2847.3219762445960236
2023-08-01,48,1001491411,a81011ae274ef6debd3bdab634102c7b6c2c452d,2,19347105430000000000,19.3471054300000000
2023-08-01,49,914995498,d4937682df3c8aef4fe912a96a74121c0829e664,1,160000000000000000000000,160000.000000000000
2023-08-01,50,1612993533,0cd6f267b2086bea681e922e19d40512511be538,1,109850000000000000000000,109850.000000000000
2023-08-01,51,1392416598,43959a388603dcb6b02ca084a55d4c7f3b442c57,1,24319619399990000000000,24319.619399990000
2023-08-01,52,1306887388,794f6b13fbd7eb7ef10d1ed205c9a416910207ff,1,20000886400000000000000,20000.886400000000
2023-08-01,53,1525751188,3a25b9ab8c07ffefee614531c75905e810d8a239,1,10000000000000000000000,10000.0000000000000000
2023-08-01,54,944491348,839a989be40f2d60f00beeb648903732c041cbd7,1,7227987775993645344786,7227.9877759936453448
2023-08-01,55,1392409565,f1e1dea8f1053fd9c5f47f72f1f03977e17af242,1,2177487700000000000000,2177.4877000000000000
2023-08-01,56,1600233802,b2d392abb24e79baf51eec7e2a9955509a42663b,1,1839944090537747659667,1839.9440905377476597
2023-08-01,57,1450359959,4a5a7331da84d3834c030a9b8d4f3d687a3b788b,1,931318697083598668032,931.3186970835986680
2023-08-01,58,1138117183,54c55369a6900731d22eacb0df7c0253cf19dfff,1,899462641593628489509,899.4626415936284895
2023-08-01,59,691983075,a79828df1850e8a3a3064576f380d90aecdd3359,1,359360820694037003179,359.3608206940370032
2023-08-01,60,1328247616,8c240c385305aeb2d5ceb60425aabcb3488fa93d,1,162424559439604181151,162.4245594396041812
2023-08-01,61,849321637,c69ddcd4dfef25d8a793241834d4cc4b3668ead6,1,150530164304415187986,150.5301643044151880
2023-08-01,62,888447299,dc1664458d2f0b6090bea60a8793a4e66c2f1c00,1,69999999999999999547,69.9999999999999995
2023-08-01,63,1594786947,071aafb1906897763f26c74a6660be4cd8b80051,1,50000000000000000000,50.0000000000000000
2023-08-01,64,1292422842,03b59bd1c8b9f6c265ba0c3421923b93f15036fa,1,30507765380454731530,30.5077653804547315
2023-08-01,65,1704164603,f3f04555f8fda510bfc77820fd6eb8446f59e72d,1,27522311010000000000,27.5223110100000000
2023-08-01,66,1456474257,6131b5fae19ea4f9d964eac0408e4408b66337b5,1,11663390674934203932,11.6633906749342039
2023-08-01,67,1693032543,17f3d43ffc7399f28c5241f529fd3363b02eee54,1,9185019387563993305,9.1850193875639933
2023-08-01,68,1688881327,c2995954d88b344a6c6aad1620e8e4b5363978a9,1,6286833269538876835,6.2868332695388768
2023-08-01,69,1390762821,77f33da6046a03ebb0e6d33a26cb49bd738774ff,1,5000000000000000000,5.0000000000000000
2023-08-01,70,1646327166,b4b472109a165c229f85af509601d1a9d0f19a57,1,3846341262488398070,3.8463412624883981
2023-08-01,71,1685736544,2dfadab8266483bed9fd9a292ce56596a2d1378d,1,1749947500000000000,1.7499475000000000
2023-08-01,72,1304910656,9901bac880caecad999e292811db9c1db3e86f8a,1,441846816651600951,0.44184681665160095100
2023-09-01,1,667282315,fd0a40bc83c5fae4203dec7e5929b446b07d1c76,17,260652422853045218250,260.6524228530452183
2023-09-01,2,796495726,c63b0708e2f7e69cb8a1df0e1389a98c35a76d52,14,120961906878925823353748,120961.906878925823
2023-09-01,3,1495139163,78bb3aec3d855431bd9289fd98da13f9ebb7ef15,13,882400000000000000000000,882400.000000000000
2023-09-01,4,934876971,378ba9b73309be80bf4c2c027aad799766a7ed5a,12,250043610043955526528,250.0436100439555265
2023-09-01,5,1381791786,1111111254eeb25477b68fb85ed929f73a960582,11,312573759830723644440100,312573.759830723644
2023-09-01,6,1394911941,fa0f307783ac21c39e939acff795e27b650f6e68,11,7655493349000000000000,7655.4933490000000000
2023-09-01,7,888341279,c2a856c3aff2110c1171b8f942256d40e980c726,10,53225993603355238443429,53225.993603355238
2023-09-01,8,697997440,ec8c342bc3e07f05b9a782bc34e7f04fb9b44502,10,703402493125418860882,703.4024931254188609
2023-09-01,9,1235298661,08780fb7e580e492c1935bee4fa5920b94aa95da,9,853455945068071295526583,853455.945068071296
2023-09-01,10,881197687,9008d19f58aabd9ed0d60971565aa8510560ab41,9,418791895322380737060045,418791.895322380737
2023-09-01,11,1427662229,99a58482bd75cbab83b27ec03ca68ff489b5788f,9,82573952741762839661699,82573.952741762840
2023-09-01,12,1306898428,32467a5fc2d72d21e8dce990906547a2b012f382,8,125400000000000000000000,125400.000000000000
2023-09-01,13,1351302712,dbe88dbac39263c47629ebba02b3ef4cf0752a72,8,69072367212000000000000,69072.367212000000
2023-09-01,14,1292509309,31351bf3fba544863fbff44ddc27ba880916a199,7,1591584598518192497604,1591.5845985181924976
2023-09-01,15,1438093425,a88800cd213da5ae406ce248380802bd53b47647,6,614410322491120863107149,614410.322491120863
2023-09-01,16,821344937,97e7d56a0408570ba1a7852de36350f7713906ec,5,37893458200597191345558,37893.458200597191
2023-09-01,17,1392409565,f1e1dea8f1053fd9c5f47f72f1f03977e17af242,4,141174411999990000000000,141174.411999990000
2023-09-01,18,1664375120,d4e245848d6e1220dbe62e155d89fa327e43cb06,4,80180000000000000000000,80180.000000000000
2023-09-01,19,1734350848,f0d4c12a5768d806021f80a262b4d39d26c58b8d,4,24243882708794425669304,24243.882708794426
2023-09-01,20,616036061,74de5d4fcbf63e00296fd95d33236b9794016631,4,5943591631161831984067,5943.5916311618319841
2023-09-01,21,1306887388,794f6b13fbd7eb7ef10d1ed205c9a416910207ff,4,759517407000000000000,759.5174070000000000
2023-09-01,22,795912842,92c7b5ce4cb0e5483f3365c1449f21578ee9f21a,4,41928426199983569873,41.9284261999835699
2023-09-01,23,1573555469,b5e7f9cb9d3897808658f1991ad32912959b42e2,4,30968864600536454679,30.9688646005364547
2023-09-01,24,1213241679,dcef968d416a41cdac0ed8702fac8128a64241a2,3,3315976945696257453996009,3315976.945696257454
2023-09-01,25,1612993533,0cd6f267b2086bea681e922e19d40512511be538,3,514342510004542644443516,514342.510004542644
2023-09-01,26,914995498,d4937682df3c8aef4fe912a96a74121c0829e664,3,325096770863355632599858,325096.770863355633
2023-09-01,27,1392421667,85c5f05ae4cb68190c695a22b292c3ba90696128,3,174177712100000000000000,174177.712100000000
2023-09-01,28,1411445569,66bf36dba79d4606039f04b32946a260bcd3ff52,3,18100000000000000000000,18100.000000000000
2023-09-01,29,667248779,e1573b9d29e2183b1af0e743dc2754979a40d237,3,9386657214923054930153,9386.6572149230549302
2023-09-01,30,1392664436,15ada72a3b52a88e25ddd2cc2ba1120234e34bb0,3,3567437200000000000000,3567.4372000000000000
2023-09-01,31,1308469390,5de4ef4879f4fe3bbadf2227d2ac5d0e2d76c895,3,2144131632567195569535,2144.1316325671955695
2023-09-01,32,893398926,def171fe48cf0115b1d80b88dc8eab59176fee57,2,249003859526622775653131,249003.859526622776
2023-09-01,33,1392416598,43959a388603dcb6b02ca084a55d4c7f3b442c57,2,66057181200000000000000,66057.181200000000
2023-09-01,34,1311229664,07af6bb51d6ad0cf126e3ed2dee6eac34bf094f8,2,60654560804561846903217,60654.560804561847
2023-09-01,35,1535911112,82ec28636b77661a95f021090f6be0c8d379dd5d,2,56000000000000000000000,56000.000000000000
2023-09-01,36,1392406501,06fa869caa1160754c6a0b744da6454c5ea325d4,2,49354134299980000000000,49354.134299980000
2023-09-01,37,1713996164,0cfe5c777a7438c9dd8add53ed671cec7a5faee5,2,15326830924835694365583,15326.830924835694
2023-09-01,38,1392418668,a381d58e96ec3818c825e1fb264099448945cf8b,2,14295866899980000000000,14295.866899980000
2023-09-01,39,1392405051,fb788f9e20ef426a32a67986654750172a6c1788,2,3833844699990000000000,3833.8446999900000000
2023-09-01,40,1728729509,f081470f5c6fbccf48cc4e5b82dd926409dcdd67,2,1999587579722115506287,1999.5875797221155063
2023-09-01,41,546716445,22f9dcf4647084d6c31b2765f6910cd85c178c18,2,807336619542837694012,807.3366195428376940
2023-09-01,42,1145580966,9a834b70c07c81a9fcd6f22e842bf002fbffbe4d,2,798702414544285521123,798.7024145442855211
2023-09-01,43,667300213,97c4adc5d28a86f9470c70dd91dc6cc2f20d2d4d,2,492316042952912974880,492.3160429529129749
2023-09-01,44,733908697,d632f22692fac7611d2aa1c0d552930d43caed3b,2,264289322281832200981,264.2893222818322010
2023-09-01,45,1328247616,8c240c385305aeb2d5ceb60425aabcb3488fa93d,2,152792739745021417515,152.7927397450214175
2023-09-01,46,1549615648,541a2378589e280fdfdde6e53fb5ecf98a853fc2,2,10027187258516956172,10.0271872585169562
2023-09-01,47,1416441838,74f82bd9d0390a4180daaec92d64cf0708751759,1,100000000000000000000000,100000.000000000000
2023-09-01,48,1663246624,cf5540fffcdc3d510b18bfca6d2b9987b0772559,1,60115085513526307979264,60115.085513526308
2023-09-01,49,1216424171,f569e3920aa165c5a42dc88f6ef5cf986810fd89,1,50088187224989869476293,50088.187224989869
2023-09-01,50,1576067195,32ddf80508cfd8fed8abe375582fc7cfd20372c4,1,40038736684490000000000,40038.736684490000
2023-09-01,51,1392413668,dae210bfb0cf8c81edb4b459e2e0ba14d553e2d9,1,11735216099990000000000,11735.216099990000
2023-09-01,52,1600363702,cb5a9d87eabf3e262a2ee4b935dcaca89662c8e5,1,10000000000000000000000,10000.0000000000000000
2023-09-01,53,1586252096,3fc91a3afd70395cd496c647d5a6cc9d4b2b7fad,1,8837833473877918325617,8837.8334738779183256
2023-09-01,54,1292422842,03b59bd1c8b9f6c265ba0c3421923b93f15036fa,1,7122772220875585777754,7122.7722208755857778
2023-09-01,55,1379477437,25e9aca5951262241290841b6f863d59d37dc4f0,1,6410010559466737966758,6410.0105594667379668
2023-09-01,56,583481113,40ec5b33f54e0e8a33a975908c5ba1c14e5bbbdf,1,6065004655054264729600,6065.0046550542647296
2023-09-01,57,944491348,839a989be40f2d60f00beeb648903732c041cbd7,1,1992306962263046849478,1992.3069622630468495
2023-09-01,58,1450359959,4a5a7331da84d3834c030a9b8d4f3d687a3b788b,1,1591302828132019869290,1591.3028281320198693
2023-09-01,59,1236614447,aab5e297b7113b6c188b5b611ba2724bc1decf6f,1,1000000000000000000000,1000.0000000000000000
2023-09-01,60,1230151645,13cc34aa8037f722405285ad2c82fe570bfa2bdc,1,777655436488025446726,777.6554364880254467
2023-09-01,61,916097869,3ee18b2214aff97000d974cf647e7c347e8fa585,1,709053365830000000000,709.0533658300000000
2023-09-01,62,945823832,6352a56caadc4f1e25cd6c75970fa768a3304e64,1,521355044472276658403,521.3550444722766584
2023-09-01,63,968003125,1111111254fb6c44bac0bed2854e76f90643097d,1,402354159530474968436,402.3541595304749684
2023-09-01,64,1741420555,d482b1078300789fa6001d866696282cb8ede401,1,260296076517061648536,260.2960765170616485
2023-09-01,65,827271583,2dce0dda1c2f98e0f171de8333c3c6fe1bbf4877,1,213491328375604688728,213.4913283756046887
2023-09-01,66,1238776801,750bb20608601e4c44acbe774fac8f37dab67c86,1,39396912190223935816,39.3969121902239358
2023-09-01,67,1693791230,3208684f96458c540eb08f6f01b9e9afb2b7d4f0,1,12390028250000000000,12.3900282500000000
2023-09-01,68,1695500556,a0b18cdf5f395d98c061b753d8dedb28c7aee450,1,12028851543507098594,12.0288515435070986
2023-09-01,69,1037060534,ae75b29ade678372d77a8b41225654138a7e6ff1,1,12000000000000000000,12.0000000000000000
2023-09-01,70,1540495137,7906bece89178fbeda38b8021504ed55776dc901,1,11333158744949383711,11.3331587449493837
2023-09-01,71,495231405,5f65f7b609678448494de4c87521cdf6cef1e932,1,10000000000000000000,10.0000000000000000
2023-09-01,72,887108251,e06f8d30ac334c857fc8c380c85969c150f38a6a,1,6202858214240223915,6.2028582142402239
2023-09-01,73,1659306080,d1b47490209ccb7a806e8a45d9479490c040abf4,1,5196098236966449141,5.1960982369664491
2023-09-01,74,1184424559,8300f0528e00ad33b218bb05d396f61a9fdd68cd,1,1636125121742227561,1.6361251217422276
2023-09-01,75,1501789709,74c5b7c3f3cf08fdf529ad4a49914f9244c519ff,1,1000000000000000000,1.00000000000000000000
2023-09-01,76,1592771436,281e6cb341a552e4faccc6b4eef1a6fcc523682d,1,0,0E-36
2023-10-01,1,1734350848,f0d4c12a5768d806021f80a262b4d39d26c58b8d,37,1890014246437710880854028,1890014.246437710881
2023-10-01,2,1495139163,78bb3aec3d855431bd9289fd98da13f9ebb7ef15,22,1109960059716000000000000,1109960.059716000000
2023-10-01,3,881197687,9008d19f58aabd9ed0d60971565aa8510560ab41,21,1153558811434268459125306,1153558.811434268459
2023-10-01,4,1394911941,fa0f307783ac21c39e939acff795e27b650f6e68,21,27454133679000000000000,27454.133679000000
2023-10-01,5,667282315,fd0a40bc83c5fae4203dec7e5929b446b07d1c76,19,580039372721595967547,580.0393727215959675
2023-10-01,6,796495726,c63b0708e2f7e69cb8a1df0e1389a98c35a76d52,16,131797602751908014119073,131797.602751908014
2023-10-01,7,697997440,ec8c342bc3e07f05b9a782bc34e7f04fb9b44502,16,983647324240674620463,983.6473242406746205
2023-10-01,8,1381791786,1111111254eeb25477b68fb85ed929f73a960582,15,6948449699884235667596388,6948449.699884235668
2023-10-01,9,1438093425,a88800cd213da5ae406ce248380802bd53b47647,15,906668771619567150322468,906668.771619567150
2023-10-01,10,1145580966,9a834b70c07c81a9fcd6f22e842bf002fbffbe4d,15,32766595373394323704584,32766.595373394324
2023-10-01,11,1351302712,dbe88dbac39263c47629ebba02b3ef4cf0752a72,14,144484028981000000000000,144484.028981000000
2023-10-01,12,934876971,378ba9b73309be80bf4c2c027aad799766a7ed5a,13,358103926021747607680,358.1039260217476077
2023-10-01,13,1728729509,f081470f5c6fbccf48cc4e5b82dd926409dcdd67,12,290642866554591724890818,290642.866554591725
2023-10-01,14,1379477437,25e9aca5951262241290841b6f863d59d37dc4f0,12,259463170496345949708869,259463.170496345950
2023-10-01,15,888341279,c2a856c3aff2110c1171b8f942256d40e980c726,10,25126581560451805835889,25126.581560451806
2023-10-01,16,1292422842,03b59bd1c8b9f6c265ba0c3421923b93f15036fa,9,27765264774651045122151,27765.264774651045
2023-10-01,17,616036061,74de5d4fcbf63e00296fd95d33236b9794016631,9,10097632720822118532168,10097.6327208221185322
2023-10-01,18,1328247616,8c240c385305aeb2d5ceb60425aabcb3488fa93d,8,224479110146493166052755,224479.110146493166
2023-10-01,19,1664375120,d4e245848d6e1220dbe62e155d89fa327e43cb06,8,141444592463226627019508,141444.592463226627
2023-10-01,20,914995498,d4937682df3c8aef4fe912a96a74121c0829e664,7,374551388481824837675909,374551.388481824838
2023-10-01,21,1392664436,15ada72a3b52a88e25ddd2cc2ba1120234e34bb0,7,3430919499970000000000,3430.9194999700000000
2023-10-01,22,1292509309,31351bf3fba544863fbff44ddc27ba880916a199,7,2757338195721831916348,2757.3381957218319163
2023-10-01,23,1750462960,03cb4438d015b9646d666316b617a694410c216d,6,5536958052823449787864060,5536958.052823449788
2023-10-01,24,893398926,def171fe48cf0115b1d80b88dc8eab59176fee57,6,462103952173818992295143,462103.952173818992
2023-10-01,25,1235298661,08780fb7e580e492c1935bee4fa5920b94aa95da,6,170966184660113910578011,170966.184660113911
2023-10-01,26,821344937,97e7d56a0408570ba1a7852de36350f7713906ec,6,98787082726724919476436,98787.082726724919
2023-10-01,27,667300213,97c4adc5d28a86f9470c70dd91dc6cc2f20d2d4d,6,2178240006333949881921,2178.2400063339498819
2023-10-01,28,1306887388,794f6b13fbd7eb7ef10d1ed205c9a416910207ff,5,141930000000000000000000,141930.000000000000
2023-10-01,29,1213241679,dcef968d416a41cdac0ed8702fac8128a64241a2,5,72162172105458338454970,72162.172105458338
2023-10-01,30,1308469390,5de4ef4879f4fe3bbadf2227d2ac5d0e2d76c895,4,95528201693074368060943,95528.201693074368
2023-10-01,31,1185687877,2397321b301b80a1c0911d6f9ed4b6033d43cf51,4,163968574198006055597,163.9685741980060556
2023-10-01,32,795912842,92c7b5ce4cb0e5483f3365c1449f21578ee9f21a,4,39584551254001092317,39.5845512540010923
2023-10-01,33,1306898428,32467a5fc2d72d21e8dce990906547a2b012f382,3,299000000000000000000000,299000.000000000000
2023-10-01,34,1351293871,a1d100a5bf6bfd2736837c97248853d989a9ed84,3,6350000000000000000000,6350.0000000000000000
2023-10-01,35,1742888369,e37e799d5077682fa0a244d46e5649f71457bd09,2,280000072866768559246056,280000.072866768559
2023-10-01,36,1663246624,cf5540fffcdc3d510b18bfca6d2b9987b0772559,2,100082643559808045547520,100082.643559808046
2023-10-01,37,1392405051,fb788f9e20ef426a32a67986654750172a6c1788,2,79924310299990000000000,79924.310299990000
2023-10-01,38,1392416598,43959a388603dcb6b02ca084a55d4c7f3b442c57,2,25627419199990000000000,25627.419199990000
2023-10-01,39,691983075,a79828df1850e8a3a3064576f380d90aecdd3359,2,15458114032234944467687,15458.114032234944
2023-10-01,40,1411445569,66bf36dba79d4606039f04b32946a260bcd3ff52,2,13339401182138116998520,13339.401182138117
2023-10-01,41,733908697,d632f22692fac7611d2aa1c0d552930d43caed3b,2,10099037450855871264492,10099.0374508558712645
2023-10-01,42,1392413668,dae210bfb0cf8c81edb4b459e2e0ba14d553e2d9,2,8210282400000000000000,8210.2824000000000000
2023-10-01,43,1351646374,3835a58ca93cdb5f912519ad366826ac9a752510,2,5500000000000000000000,5500.0000000000000000
2023-10-01,44,1535911112,82ec28636b77661a95f021090f6be0c8d379dd5d,2,3600000000000000000000,3600.0000000000000000
2023-10-01,45,1386296353,3f9c5f2aad00247be0e79f332c5016bc2e2be5c1,2,3334989668996814766246,3334.9896689968147662
2023-10-01,46,849321637,c69ddcd4dfef25d8a793241834d4cc4b3668ead6,2,2467578335345841063650,2467.5783353458410637
2023-10-01,47,1216415111,c6625129c9df3314a4dd604845488f4ba62f9db8,1,117243468519107771460749,117243.468519107771
2023-10-01,48,1507547268,0000000001e4ef00d069e71d6ba041b0a16f7ea0,1,96413627221569389940260,96413.627221569390
2023-10-01,49,1612993533,0cd6f267b2086bea681e922e19d40512511be538,1,25667715317135916918573,25667.715317135917
2023-10-01,50,1533284607,7b2e3fc7510d1a51b3bef735f985446589219354,1,16555690492708533371102,16555.690492708533
2023-10-01,51,1742906964,5f515f6c524b18ca30f7783fb58dd4be2e9904ec,1,13287513390197393102453,13287.513390197393
2023-10-01,52,1713996164,0cfe5c777a7438c9dd8add53ed671cec7a5faee5,1,3339719641382100958703,3339.7196413821009587
2023-10-01,53,1487798236,ff170baf3551475b247c76539665964d82249e50,1,2000000000000000000000,2000.0000000000000000
2023-10-01,54,1397102915,a9962a5bfbea6918e958dee0647e99fd7863b95a,1,1969200000000000000000,1969.2000000000000000
2023-10-01,55,1169742266,5108ef86cf493905bcd35a3736e4b46decd7de58,1,1208662619305050598538,1208.6626193050505985
2023-10-01,56,530746224,abea9132b05a70803a4e85094fd0e1800777fbef,1,1117254839800000000000,1117.2548398000000000
2023-10-01,57,968003125,1111111254fb6c44bac0bed2854e76f90643097d,1,1067547666672368623251,1067.5476666723686233
2023-10-01,58,583481113,40ec5b33f54e0e8a33a975908c5ba1c14e5bbbdf,1,634438557111157915648,634.4385571111579156
2023-10-01,59,1364872031,1231deb6f5749ef6ce6943a275a1d3e7486f4eae,1,527375352961801221922,527.3753529618012219
2023-10-01,60,661440556,d3ca14c45196f56a2a0788265a8cc7e7ce968c06,1,250000000000000000000,250.0000000000000000
2023-10-01,61,1109254690,1eed2dbeb9fc23ab483f447f38f289ca15f79bac,1,228313603600187751249,228.3136036001877512
2023-10-01,62,1646327166,b4b472109a165c229f85af509601d1a9d0f19a57,1,69262638149786898477,69.2626381497868985
2023-10-01,63,1612494002,3175f54a354c83e8ade950c14fa3e32fc794c0dc,1,17442258544621942199,17.4422585446219422
2023-10-01,64,674762618,a950cf8e1a09c6316e87cba7741fcbc03cc5b37c,1,8919700000000000000,8.9197000000000000
2023-10-01,65,546716445,22f9dcf4647084d6c31b2765f6910cd85c178c18,1,5051821857013542991,5.0518218570135430
2023-10-01,66,1184424559,8300f0528e00ad33b218bb05d396f61a9fdd68cd,1,2962858122089312338,2.9628581220893123
2023-10-01,67,1154815310,dee9e378e483ab862d93364069ae381377bb2899,1,1051475372814380,0.00105147537281438000
2023-11-01,1,1145580966,9a834b70c07c81a9fcd6f22e842bf002fbffbe4d,18,191837848272258362379402,191837.848272258362
2023-11-01,2,1495139163,78bb3aec3d855431bd9289fd98da13f9ebb7ef15,16,1546303792626000000000000,1546303.792626000000
2023-11-01,3,667282315,fd0a40bc83c5fae4203dec7e5929b446b07d1c76,16,697480853626147798246,697.4808536261477982
2023-11-01,4,1734350848,f0d4c12a5768d806021f80a262b4d39d26c58b8d,15,1355746067974341693948232,1355746.067974341694
2023-11-01,5,1351302712,dbe88dbac39263c47629ebba02b3ef4cf0752a72,13,215850000000000000000000,215850.000000000000
2023-11-01,6,1664375120,d4e245848d6e1220dbe62e155d89fa327e43cb06,12,351353539011126212244268,351353.539011126212
2023-11-01,7,1235298661,08780fb7e580e492c1935bee4fa5920b94aa95da,10,1019286489056598356258041,1019286.489056598356
2023-11-01,8,616036061,74de5d4fcbf63e00296fd95d33236b9794016631,10,8694666976437145877007,8694.6669764371458770
2023-11-01,9,1306898428,32467a5fc2d72d21e8dce990906547a2b012f382,9,34400819970000000000000,34400.819970000000
2023-11-01,10,1381791786,1111111254eeb25477b68fb85ed929f73a960582,8,947543851487833042490923,947543.851487833042
2023-11-01,11,893398926,def171fe48cf0115b1d80b88dc8eab59176fee57,7,295957969559882399075997,295957.969559882399
2023-11-01,12,1394911941,fa0f307783ac21c39e939acff795e27b650f6e68,6,6481857654000000000000,6481.8576540000000000
2023-11-01,13,697997440,ec8c342bc3e07f05b9a782bc34e7f04fb9b44502,6,1275825825071786784217,1275.8258250717867842
2023-11-01,14,1292422842,03b59bd1c8b9f6c265ba0c3421923b93f15036fa,5,67064050112706493887199,67064.050112706494
2023-11-01,15,1392664436,15ada72a3b52a88e25ddd2cc2ba1120234e34bb0,5,22343996999970000000000,22343.996999970000
2023-11-01,16,888341279,c2a856c3aff2110c1171b8f942256d40e980c726,5,864199560620439983986,864.1995606204399840
2023-11-01,17,1213241679,dcef968d416a41cdac0ed8702fac8128a64241a2,4,2111910517904042765621129,2111910.517904042766
2023-11-01,18,881197687,9008d19f58aabd9ed0d60971565aa8510560ab41,4,93304791970822425089624,93304.791970822425
2023-11-01,19,1672126770,d2c46b4c28f4b7976d9f87687863c46bb2f71dbb,4,950000000000000000000,950.0000000000000000
2023-11-01,20,1713996164,0cfe5c777a7438c9dd8add53ed671cec7a5faee5,3,166691525168788195781230,166691.525168788196
2023-11-01,21,1728729509,f081470f5c6fbccf48cc4e5b82dd926409dcdd67,3,70406385147283197796395,70406.385147283198
2023-11-01,22,1765964642,a663b02cf0a4b149d2ad41910cb81e23e1c41c32,3,68642217290684367558892,68642.217290684368
2023-11-01,23,1292509309,31351bf3fba544863fbff44ddc27ba880916a199,3,14916537123365333587249,14916.537123365334
2023-11-01,24,821344937,97e7d56a0408570ba1a7852de36350f7713906ec,3,7809789669053968713798,7809.7896690539687138
2023-11-01,25,1438093425,a88800cd213da5ae406ce248380802bd53b47647,3,6509417657687852296093,6509.4176576878522961
2023-11-01,26,667248779,e1573b9d29e2183b1af0e743dc2754979a40d237,3,2809083515511654869461,2809.0835155116548695
2023-11-01,27,546716445,22f9dcf4647084d6c31b2765f6910cd85c178c18,2,209274407264756284489954,209274.407264756284
2023-11-01,28,1306887388,794f6b13fbd7eb7ef10d1ed205c9a416910207ff,2,15000000000000000000000,15000.000000000000
2023-11-01,29,1379477437,25e9aca5951262241290841b6f863d59d37dc4f0,2,11768094779108447231551,11768.094779108447
2023-11-01,30,1308469390,5de4ef4879f4fe3bbadf2227d2ac5d0e2d76c895,2,6897748472741118471879,6897.7484727411184719
2023-11-01,31,667300213,97c4adc5d28a86f9470c70dd91dc6cc2f20d2d4d,2,165042407317663900311,165.0424073176639003
2023-11-01,32,934876971,378ba9b73309be80bf4c2c027aad799766a7ed5a,2,45894919765938675712,45.8949197659386757
2023-11-01,33,1566863959,1c12eab3a5b2c5126301ef4143c7ff5642528fac,1,400000000000000000000000,400000.000000000000
2023-11-01,34,1354389770,10dad59905d93ca37cd25a35f25349cb5956ba8e,1,90000000000000000000000,90000.000000000000
2023-11-01,35,1392409565,f1e1dea8f1053fd9c5f47f72f1f03977e17af242,1,53980012900000000000000,53980.012900000000
2023-11-01,36,1292507684,56695c26b3cdb528815cd22ff7b47510ab821efd,1,53514226782851536752629,53514.226782851537
2023-11-01,37,897164624,b1748c79709f4ba2dd82834b8c82d4a505003f27,1,42429117927918851134370,42429.117927918851
2023-11-01,38,1392413668,dae210bfb0cf8c81edb4b459e2e0ba14d553e2d9,1,30398248899990000000000,30398.248899990000
2023-11-01,39,1612993533,0cd6f267b2086bea681e922e19d40512511be538,1,28256953399525908702611,28256.953399525909
2023-11-01,40,1392418668,a381d58e96ec3818c825e1fb264099448945cf8b,1,25349120999990000000000,25349.120999990000
2023-11-01,41,944491348,839a989be40f2d60f00beeb648903732c041cbd7,1,22784560820493049579875,22784.560820493050
2023-11-01,42,1671068755,43b1788323b06ef0334166c084fc3cb44ee99b2f,1,21000000000000000000000,21000.000000000000
2023-11-01,43,1684838011,79687736acd63dac12c2d31c04bbaf79b01973e5,1,20000000000000000000000,20000.000000000000
2023-11-01,44,1218990114,c9c61194682a3a5f56bf9cd5b59ee63028ab6041,1,12089275799990000000000,12089.275799990000
2023-11-01,45,1464294180,d65ab2a8e20f9d219aa5dbbf90bc0f8380d5516d,1,10642006485807293941473,10642.006485807294
2023-11-01,46,1524537148,e60986759872393a8360a4a7abeab3a6e0ba7848,1,8962460637999878554395,8962.4606379998785544
2023-11-01,47,1803870574,af2acf3d4ab78e4c702256d214a3189a874cdc13,1,6255995712288710961401,6255.9957122887109614
2023-11-01,48,1392421667,85c5f05ae4cb68190c695a22b292c3ba90696128,1,5922908900000000000000,5922.9089000000000000
2023-11-01,49,1464731531,d2c08468bb6bfba12eb9860c388648b820e82e24,1,4000000092553236372471,4000.0000925532363725
2023-11-01,50,1402739873,7f160efc2436f1af4e9e8a57d0a5beb8345761a9,1,2515374016567068597280,2515.3740165670685973
2023-11-01,51,1411445569,66bf36dba79d4606039f04b32946a260bcd3ff52,1,2000000000000000000000,2000.0000000000000000
2023-11-01,52,1543682825,c779fee076eb04b9f8ea424ec19de27efd17a68d,1,2000000000000000000000,2000.0000000000000000
2023-11-01,53,1525751188,3a25b9ab8c07ffefee614531c75905e810d8a239,1,1000000000000000000000,1000.0000000000000000
2023-11-01,54,1351293871,a1d100a5bf6bfd2736837c97248853d989a9ed84,1,976016811000000000000,976.0168110000000000
2023-11-01,55,1535911112,82ec28636b77661a95f021090f6be0c8d379dd5d,1,900000000000000000000,900.0000000000000000
2023-11-01,56,1351646374,3835a58ca93cdb5f912519ad366826ac9a752510,1,759239755483457767668,759.2397554834577677
2023-11-01,57,1392416598,43959a388603dcb6b02ca084a55d4c7f3b442c57,1,586550799990000000000,586.5507999900000000
2023-11-01,58,1107465928,9a22cdb1ca1cdd2371cd5bb5199564c4e89465eb,1,575188488382143352999,575.1884883821433530
2023-11-01,59,1141702056,8fe536c7dc019455cce34746755c64bbe2aa163b,1,347440061604854351957,347.4400616048543520
2023-11-01,60,1646327166,b4b472109a165c229f85af509601d1a9d0f19a57,1,334426183276409775146,334.4261832764097751
2023-11-01,61,1689166748,2ff45e654929b8eb049e52b55f1178e76528f45f,1,309017451472774245347,309.0174514727742453
2023-11-01,62,530746224,abea9132b05a70803a4e85094fd0e1800777fbef,1,289327711090000000000,289.3277110900000000
2023-11-01,63,589666606,d9e1ce17f2641f24ae83637ab66a2cca9c378b9f,1,197450126184188483416,197.4501261841884834
2023-11-01,64,733908697,d632f22692fac7611d2aa1c0d552930d43caed3b,1,112626212095330851261,112.6262120953308513
2023-11-01,65,1328247616,8c240c385305aeb2d5ceb60425aabcb3488fa93d,1,83980422483679979550,83.9804224836799796
2023-11-01,66,1470081327,36c060cc4b088c830a561e959a679a58205d3f56,1,64779918716495325059,64.7799187164953251
2023-11-01,67,1493570277,f5c0f5b2c35b03338f42610309a0fb2562ad0916,1,53584916732935169590,53.5849167329351696
2023-11-01,68,1811146683,36b7cb577561f6a457bc13b3736c650567210a29,1,27492250419817986457,27.4922504198179865
2023-11-01,69,1608913652,e222fbe074a436145b255442d919e4e3a6c6a480,1,26140478956319430196,26.1404789563194302
2023-11-01,70,1780434575,a9c0cded336699547aac4f9de5a11ada979bc59a,1,3000000000000000000,3.0000000000000000
2023-11-01,71,1573555469,b5e7f9cb9d3897808658f1991ad32912959b42e2,1,2452763368339150371,2.4527633683391504
2023-11-01,72,1604294034,ba7bac71a8ee550d89b827fe6d67bc3dca07b104,1,1997496120959234034,1.9974961209592340
2023-11-01,73,1523369504,1c9a2d6b33b4826757273d47ebee0e2dddcd978b,1,100000000000000000,0.10000000000000000000
2023-11-01,74,1804774697,ec3533c43a9b1a678fa644127ee201ee57d921eb,1,3006193656053249,0.00300619365605324900
2023-12-01,1,1495139163,78bb3aec3d855431bd9289fd98da13f9ebb7ef15,19,1297316000000000000000000,1297316.000000000000
2023-12-01,2,1392664436,15ada72a3b52a88e25ddd2cc2ba1120234e34bb0,19,61016139599940000000000,61016.139599940000
2023-12-01,3,1351302712,dbe88dbac39263c47629ebba02b3ef4cf0752a72,18,405484033269000000000000,405484.033269000000
2023-12-01,4,888341279,c2a856c3aff2110c1171b8f942256d40e980c726,17,43095635397134240284245,43095.635397134240
2023-12-01,5,796495726,c63b0708e2f7e69cb8a1df0e1389a98c35a76d52,12,287700073543618396851579,287700.073543618397
2023-12-01,6,1145580966,9a834b70c07c81a9fcd6f22e842bf002fbffbe4d,12,108053103408123080840109,108053.103408123081
2023-12-01,7,881197687,9008d19f58aabd9ed0d60971565aa8510560ab41,10,887880593912152927947799,887880.593912152928
2023-12-01,8,1664375120,d4e245848d6e1220dbe62e155d89fa327e43cb06,10,114538048423038156057415,114538.048423038156
2023-12-01,9,1381791786,1111111254eeb25477b68fb85ed929f73a960582,10,57103811324277499766798,57103.811324277500
2023-12-01,10,1292509309,31351bf3fba544863fbff44ddc27ba880916a199,10,3592937209169753574239,3592.9372091697535742
2023-12-01,11,697997440,ec8c342bc3e07f05b9a782bc34e7f04fb9b44502,10,2040686118269631723126,2040.6861182696317231
2023-12-01,12,1734350848,f0d4c12a5768d806021f80a262b4d39d26c58b8d,8,347853397650329737480012,347853.397650329737
2023-12-01,13,1292422842,03b59bd1c8b9f6c265ba0c3421923b93f15036fa,7,161597915265938352759234,161597.915265938353
2023-12-01,14,667282315,fd0a40bc83c5fae4203dec7e5929b446b07d1c76,7,490249776443851903129,490.2497764438519031
2023-12-01,15,1235298661,08780fb7e580e492c1935bee4fa5920b94aa95da,6,764075333376549952019519,764075.333376549952
2023-12-01,16,1438093425,a88800cd213da5ae406ce248380802bd53b47647,6,432310071021311836056641,432310.071021311836
2023-12-01,17,1780434575,a9c0cded336699547aac4f9de5a11ada979bc59a,4,435589736700589571209682,435589.736700589571
2023-12-01,18,1308469390,5de4ef4879f4fe3bbadf2227d2ac5d0e2d76c895,4,102096942689852329484489,102096.942689852329
2023-12-01,19,893398926,def171fe48cf0115b1d80b88dc8eab59176fee57,4,68084874180860708803576,68084.874180860709
2023-12-01,20,821344937,97e7d56a0408570ba1a7852de36350f7713906ec,4,52150319293378408489249,52150.319293378408
2023-12-01,21,1306898428,32467a5fc2d72d21e8dce990906547a2b012f382,3,184000000000000000000000,184000.000000000000
2023-12-01,22,1351293871,a1d100a5bf6bfd2736837c97248853d989a9ed84,3,133000000000000000000000,133000.000000000000
2023-12-01,23,1765964642,a663b02cf0a4b149d2ad41910cb81e23e1c41c32,3,89962642871484802712710,89962.642871484803
2023-12-01,24,1535911112,82ec28636b77661a95f021090f6be0c8d379dd5d,3,63029000000000000000000,63029.000000000000
2023-12-01,25,1392421667,85c5f05ae4cb68190c695a22b292c3ba90696128,2,350385453200000000000000,350385.453200000000
2023-12-01,26,1612993533,0cd6f267b2086bea681e922e19d40512511be538,2,168783178641457816951313,168783.178641457817
2023-12-01,27,1306887388,794f6b13fbd7eb7ef10d1ed205c9a416910207ff,2,6200000000000000000000,6200.0000000000000000
2023-12-01,28,616036061,74de5d4fcbf63e00296fd95d33236b9794016631,2,4653005663984251284970,4653.0056639842512850
2023-12-01,29,1328247616,8c240c385305aeb2d5ceb60425aabcb3488fa93d,2,2743403713658564549940,2743.4037136585645499
2023-12-01,30,1433239647,50f9bde1c76bba997a5d6e7fefff695ec8536194,2,1857632468007248855946,1857.6324680072488559
2023-12-01,31,1394911941,fa0f307783ac21c39e939acff795e27b650f6e68,2,1183560729000000000000,1183.5607290000000000
2023-12-01,32,1663246624,cf5540fffcdc3d510b18bfca6d2b9987b0772559,2,1148141195367841416601,1148.1411953678414166
2023-12-01,33,802858328,10581399a549dbfffdbd9b070a0ba2f9f61620d2,2,432487264850987202826,432.4872648509872028
2023-12-01,34,667248779,e1573b9d29e2183b1af0e743dc2754979a40d237,2,350917032851769045969,350.9170328517690460
2023-12-01,35,1587123400,a7ca2c8673bcfa5a26d8ceec2887f2cc2b0db22a,2,235606329846154908353,235.6063298461549084
2023-12-01,36,934876971,378ba9b73309be80bf4c2c027aad799766a7ed5a,2,68619139343662009344,68.6191393436620093
2023-12-01,37,874253485,124f44ab505ce49bc4ac450a13fcbd123ba8ef37,1,3908355861993847845883574,3908355.861993847846
2023-12-01,38,914995498,d4937682df3c8aef4fe912a96a74121c0829e664,1,90261263455899708533512,90261.263455899709
2023-12-01,39,1213241679,dcef968d416a41cdac0ed8702fac8128a64241a2,1,75951329555075262540481,75951.329555075263
2023-12-01,40,1392416598,43959a388603dcb6b02ca084a55d4c7f3b442c57,1,48781283499990000000000,48781.283499990000
2023-12-01,41,1754223178,64545160d28fd0e309277c02d6d73b3923cc4bfa,1,40423204436796000000000,40423.204436796000
2023-12-01,42,1524537148,e60986759872393a8360a4a7abeab3a6e0ba7848,1,38066358661545244328120,38066.358661545244
2023-12-01,43,583481113,40ec5b33f54e0e8a33a975908c5ba1c14e5bbbdf,1,36210018402667037142814,36210.018402667037
2023-12-01,44,1281113686,c636d75da02790de263e7be02963cc719fb762de,1,31739515796053584993434,31739.515796053585
2023-12-01,45,1716038472,e10e9b27621ab1e3787af0a7226a652a397fea67,1,25355946273350989910137,25355.946273350990
2023-12-01,46,1292507684,56695c26b3cdb528815cd22ff7b47510ab821efd,1,22451254917632614720528,22451.254917632615
2023-12-01,47,1236614447,aab5e297b7113b6c188b5b611ba2724bc1decf6f,1,7200000000000000000000,7200.0000000000000000
2023-12-01,48,1351646374,3835a58ca93cdb5f912519ad366826ac9a752510,1,6000000000000000000000,6000.0000000000000000
2023-12-01,49,891607506,2796317b0ff8538f253012862c06787adfb8ceb6,1,4905689880177001744137,4905.6898801770017441
2023-12-01,50,1411445569,66bf36dba79d4606039f04b32946a260bcd3ff52,1,3944197139000000000000,3944.1971390000000000
2023-12-01,51,1556542975,86e71075e55f0aad27d700017e0783458310c98a,1,3233070799990000000000,3233.0707999900000000
2023-12-01,52,1634103248,f4d34d7fdd2ed5d57c6f583237bb038fc3839d17,1,809985912780990398123,809.9859127809903981
2023-12-01,53,868978312,1531c1a63a169ac75a2daae399080745fa51de44,1,753000000000000000000,753.0000000000000000
2023-12-01,54,1450359959,4a5a7331da84d3834c030a9b8d4f3d687a3b788b,1,350134221188349496171,350.1342211883494962
2023-12-01,55,1728729509,f081470f5c6fbccf48cc4e5b82dd926409dcdd67,1,229009843761377906769,229.0098437613779068
2023-12-01,56,667300213,97c4adc5d28a86f9470c70dd91dc6cc2f20d2d4d,1,45095802687037142814,45.0958026870371428
2023-12-01,57,795836700,6350b0d4f9e7a52630073fe0cab6dea0f4052bf3,1,42868371012459687777,42.8683710124596878
2023-12-01,58,795912842,92c7b5ce4cb0e5483f3365c1449f21578ee9f21a,1,11234282712923259577,11.2342827129232596
2023-12-01,59,1704164603,f3f04555f8fda510bfc77820fd6eb8446f59e72d,1,10813021630000000000,10.8130216300000000
2023-12-01,60,1573555469,b5e7f9cb9d3897808658f1991ad32912959b42e2,1,220437670975179162,0.22043767097517916200
2023-12-01,61,1304910656,9901bac880caecad999e292811db9c1db3e86f8a,1,568434565135421,0.00056843456513542100
2024-01-01,1,1734350848,f0d4c12a5768d806021f80a262b4d39d26c58b8d,20,749374050560398165161170,749374.050560398165
2024-01-01,2,1351302712,dbe88dbac39263c47629ebba02b3ef4cf0752a72,20,115654881039000000000000,115654.881039000000
2024-01-01,3,881197687,9008d19f58aabd9ed0d60971565aa8510560ab41,19,1427700092071516524302587,1427700.092071516524
2024-01-01,4,616036061,74de5d4fcbf63e00296fd95d33236b9794016631,14,5145120183434878621699,5145.1201834348786217
2024-01-01,5,1292509309,31351bf3fba544863fbff44ddc27ba880916a199,14,1635809753806173395756,1635.8097538061733958
2024-01-01,6,1392664436,15ada72a3b52a88e25ddd2cc2ba1120234e34bb0,13,430723183199960000000000,430723.183199960000
2024-01-01,7,1495139163,78bb3aec3d855431bd9289fd98da13f9ebb7ef15,12,1502683870000000000000000,1502683.870000000000
2024-01-01,8,1235298661,08780fb7e580e492c1935bee4fa5920b94aa95da,12,295614053078105141481749,295614.053078105141
2024-01-01,9,667282315,fd0a40bc83c5fae4203dec7e5929b446b07d1c76,12,307655323115426520874,307.6553231154265209
2024-01-01,10,1394911941,fa0f307783ac21c39e939acff795e27b650f6e68,11,36902653156000000000000,36902.653156000000
2024-01-01,11,796495726,c63b0708e2f7e69cb8a1df0e1389a98c35a76d52,11,17763701037354451377405,17763.701037354451
2024-01-01,12,1292422842,03b59bd1c8b9f6c265ba0c3421923b93f15036fa,10,107588846672092711513325,107588.846672092712
2024-01-01,13,697997440,ec8c342bc3e07f05b9a782bc34e7f04fb9b44502,10,516525109339527228727,516.5251093395272287
2024-01-01,14,888341279,c2a856c3aff2110c1171b8f942256d40e980c726,8,37453715949087928165770,37453.715949087928
2024-01-01,15,821344937,97e7d56a0408570ba1a7852de36350f7713906ec,7,46328847433539636995322,46328.847433539637
2024-01-01,16,1381791786,1111111254eeb25477b68fb85ed929f73a960582,5,1832677207848148197876669,1832677.207848148198
2024-01-01,17,1306898428,32467a5fc2d72d21e8dce990906547a2b012f382,5,637356834061000000000000,637356.834061000000
2024-01-01,18,893398926,def171fe48cf0115b1d80b88dc8eab59176fee57,5,192767661489805813667619,192767.661489805814
2024-01-01,19,667300213,97c4adc5d28a86f9470c70dd91dc6cc2f20d2d4d,5,1544495438264357248024,1544.4954382643572480
2024-01-01,20,795912842,92c7b5ce4cb0e5483f3365c1449f21578ee9f21a,5,355392106399638379656,355.3921063996383797
2024-01-01,21,1438093425,a88800cd213da5ae406ce248380802bd53b47647,4,79355556464238051407286,79355.556464238051
2024-01-01,22,1664375120,d4e245848d6e1220dbe62e155d89fa327e43cb06,4,52500000000000000000000,52500.000000000000
2024-01-01,23,1728729509,f081470f5c6fbccf48cc4e5b82dd926409dcdd67,4,7219465635403710311504,7219.4656354037103115
2024-01-01,24,1427662229,99a58482bd75cbab83b27ec03ca68ff489b5788f,3,63198650048557856018232,63198.650048557856
2024-01-01,25,1308469390,5de4ef4879f4fe3bbadf2227d2ac5d0e2d76c895,3,40326578804187894311958,40326.578804187894
2024-01-01,26,1328247616,8c240c385305aeb2d5ceb60425aabcb3488fa93d,3,16148372816939751759281,16148.372816939752
2024-01-01,27,1145580966,9a834b70c07c81a9fcd6f22e842bf002fbffbe4d,3,3488497346674139555937,3488.4973466741395559
2024-01-01,28,1663246624,cf5540fffcdc3d510b18bfca6d2b9987b0772559,2,211530239935687017103360,211530.239935687017
2024-01-01,29,546716445,22f9dcf4647084d6c31b2765f6910cd85c178c18,2,207486518878560040505886,207486.518878560041
2024-01-01,30,1612993533,0cd6f267b2086bea681e922e19d40512511be538,2,174492635189727836250434,174492.635189727836
2024-01-01,31,1392413668,dae210bfb0cf8c81edb4b459e2e0ba14d553e2d9,2,62437993299990000000000,62437.993299990000
2024-01-01,32,1292507684,56695c26b3cdb528815cd22ff7b47510ab821efd,2,46150441970759311687109,46150.441970759312
2024-01-01,33,1392409565,f1e1dea8f1053fd9c5f47f72f1f03977e17af242,2,26900134099980000000000,26900.134099980000
2024-01-01,34,1392405051,fb788f9e20ef426a32a67986654750172a6c1788,2,18749829799980000000000,18749.829799980000
2024-01-01,35,1587123400,a7ca2c8673bcfa5a26d8ceec2887f2cc2b0db22a,2,12032268493010456965946,12032.268493010457
2024-01-01,36,733908697,d632f22692fac7611d2aa1c0d552930d43caed3b,2,1134195400815426724296,1134.1954008154267243
2024-01-01,37,1765964642,a663b02cf0a4b149d2ad41910cb81e23e1c41c32,2,714808891748036220140,714.8088917480362201
2024-01-01,38,667248779,e1573b9d29e2183b1af0e743dc2754979a40d237,2,602913640117371400259,602.9136401173714003
2024-01-01,39,1535911112,82ec28636b77661a95f021090f6be0c8d379dd5d,2,300000000000000000000,300.0000000000000000
2024-01-01,40,1837432281,ce6431d21e3fb1036ce9973a3312368ed96f5ce7,1,250386091645814132353700,250386.091645814132
2024-01-01,41,1364872031,1231deb6f5749ef6ce6943a275a1d3e7486f4eae,1,50037673703117676325226,50037.673703117676
2024-01-01,42,1392418668,a381d58e96ec3818c825e1fb264099448945cf8b,1,49845650099990000000000,49845.650099990000
2024-01-01,43,1351293871,a1d100a5bf6bfd2736837c97248853d989a9ed84,1,40000000000000000000000,40000.000000000000
2024-01-01,44,1649327652,34a175c17fb7b2d729388782651f2c30955f1968,1,34327064864631390174422,34327.064864631390
2024-01-01,45,1213241679,dcef968d416a41cdac0ed8702fac8128a64241a2,1,16941139945797351623139,16941.139945797352
2024-01-01,46,1162868733,b056b9a45f09b006ec7a69770a65339586231a34,1,16103000000000000000000,16103.000000000000
2024-01-01,47,1470081327,36c060cc4b088c830a561e959a679a58205d3f56,1,11908890015458581575587,11908.890015458582
2024-01-01,48,661440556,d3ca14c45196f56a2a0788265a8cc7e7ce968c06,1,10000000000000000000000,10000.0000000000000000
2024-01-01,49,1524537148,e60986759872393a8360a4a7abeab3a6e0ba7848,1,7920431020769681433059,7920.4310207696814331
2024-01-01,50,1306887388,794f6b13fbd7eb7ef10d1ed205c9a416910207ff,1,7377263418000000000000,7377.2634180000000000
2024-01-01,51,944491348,839a989be40f2d60f00beeb648903732c041cbd7,1,4422370626246118688543,4422.3706262461186885
2024-01-01,52,1392406501,06fa869caa1160754c6a0b744da6454c5ea325d4,1,4339798899990000000000,4339.7988999900000000
2024-01-01,53,1576067195,32ddf80508cfd8fed8abe375582fc7cfd20372c4,1,3557012900000000000000,3557.0129000000000000
2024-01-01,54,1681167006,00000000de337b4fff5fcbe4df67a85d0bad5d16,1,2000000000000000031000,2000.0000000000000310
2024-01-01,55,1236614447,aab5e297b7113b6c188b5b611ba2724bc1decf6f,1,2000000000000000000000,2000.0000000000000000
2024-01-01,56,1556542975,86e71075e55f0aad27d700017e0783458310c98a,1,1897830799990000000000,1897.8307999900000000
2024-01-01,57,1837546657,47b8f42e613a6ab990ae0753ad8b0fcd82cd5bde,1,1746046839402628228978,1746.0468394026282290
2024-01-01,58,1451340273,97f088b0175a7319059d8e705286aa035077d624,1,1056811549660829876729,1056.8115496608298767
2024-01-01,59,1883006539,d709478f3f5070c362242b430b1d2c23f9d12e42,1,796839351111403962366,796.8393511114039624
2024-01-01,60,914995498,d4937682df3c8aef4fe912a96a74121c0829e664,1,601168938073054167737,601.1689380730541677
2024-01-01,61,1704164603,f3f04555f8fda510bfc77820fd6eb8446f59e72d,1,495720961080000000000,495.7209610800000000
2024-01-01,62,1827499584,04ed8120f56b71497ff4ebed06b004345b12f741,1,200240956808960274754,200.2409568089602748
2024-01-01,63,1850762874,5dc1bf6f1e983c0b21efb003c105133736fa0743,1,100271423675879423345,100.2714236758794233
2024-01-01,64,1535693651,3a23f943181408eac424116af7b7790c94cb97a5,1,100147050231477541942,100.1470502314775419
2024-01-01,65,1338576819,d3f64baa732061f8b3626ee44bab354f854877ac,1,74603815961253971042,74.6038159612539710
2024-01-01,66,1429384281,c31fc94f3fd088ee53ac915d6e8a14ff25a23c47,1,69170863956874132928,69.1708639568741329
2024-01-01,67,1696446561,00000047bb99ea4d791bb749d970de71ee0b1a34,1,48316285317462317733,48.3162853174623177
2024-01-01,68,795836700,6350b0d4f9e7a52630073fe0cab6dea0f4052bf3,1,42034644656912134752,42.0346446569121348
2024-01-01,69,849321637,c69ddcd4dfef25d8a793241834d4cc4b3668ead6,1,16390982044863136241,16.3909820448631362
2024-01-01,70,923171440,04d3b2c70208f3fb196affef78080b3cc05ee1cb,1,13000000000000000000,13.0000000000000000
2024-01-01,71,934876971,378ba9b73309be80bf4c2c027aad799766a7ed5a,1,11461870491077240832,11.4618704910772408
2024-01-01,72,916097869,3ee18b2214aff97000d974cf647e7c347e8fa585,1,4721101160000000000,4.7211011600000000
2024-01-01,73,1885676112,d2af632cb935f2044f4644b77e52b9cae3854ea7,1,2000000000000000000,2.0000000000000000
2024-01-01,74,1082392110,711d1d8e8b2b468c92c202127a2bbfefc14bf105,1,1000000000000000222,1.00000000000000022200
2024-01-01,75,1184424559,8300f0528e00ad33b218bb05d396f61a9fdd68cd,1,697323233535003402,0.69732323353500340200
2024-01-01,76,1825613555,8c9cbabad6eb6857a1404a538a38807ba27f4f84,1,408375000000000021,0.40837500000000002100
2024-01-01,77,1573555469,b5e7f9cb9d3897808658f1991ad32912959b42e2,1,287589458134840613,0.28758945813484061300
2024-02-01,1,1850762874,5dc1bf6f1e983c0b21efb003c105133736fa0743,77,449614092320518462372300,449614.092320518462
2024-02-01,2,1734350848,f0d4c12a5768d806021f80a262b4d39d26c58b8d,73,1333080844283896453669761,1333080.844283896454
2024-02-01,3,796495726,c63b0708e2f7e69cb8a1df0e1389a98c35a76d52,54,780886596738276369570710,780886.596738276370
2024-02-01,4,888341279,c2a856c3aff2110c1171b8f942256d40e980c726,53,68584881808124960969930,68584.881808124961
2024-02-01,5,1381791786,1111111254eeb25477b68fb85ed929f73a960582,25,1642530165129820713272487,1642530.165129820713
2024-02-01,6,881197687,9008d19f58aabd9ed0d60971565aa8510560ab41,21,1178272812493282028221664,1178272.812493282028
2024-02-01,7,1292509309,31351bf3fba544863fbff44ddc27ba880916a199,19,110407796146382486351026,110407.796146382486
2024-02-01,8,1438093425,a88800cd213da5ae406ce248380802bd53b47647,12,440985865450721947647243,440985.865450721948
2024-02-01,9,1145580966,9a834b70c07c81a9fcd6f22e842bf002fbffbe4d,12,8899162576413579830669,8899.1625764135798307
2024-02-01,10,1495139163,78bb3aec3d855431bd9289fd98da13f9ebb7ef15,10,186128830670000000000000,186128.830670000000
2024-02-01,11,1664375120,d4e245848d6e1220dbe62e155d89fa327e43cb06,10,75967275420339730878431,75967.275420339731
2024-02-01,12,697997440,ec8c342bc3e07f05b9a782bc34e7f04fb9b44502,10,1155582397303940440653,1155.5823973039404407
2024-02-01,13,616036061,74de5d4fcbf63e00296fd95d33236b9794016631,9,4468627080816266728309,4468.6270808162667283
2024-02-01,14,667282315,fd0a40bc83c5fae4203dec7e5929b446b07d1c76,9,466524678343375327579,466.5246783433753276
2024-02-01,15,1351302712,dbe88dbac39263c47629ebba02b3ef4cf0752a72,8,358700000000000000000000,358700.000000000000
2024-02-01,16,1394911941,fa0f307783ac21c39e939acff795e27b650f6e68,8,27842969458000000000000,27842.969458000000
2024-02-01,17,1235298661,08780fb7e580e492c1935bee4fa5920b94aa95da,7,730849480439178131027022,730849.480439178131
2024-02-01,18,1308469390,5de4ef4879f4fe3bbadf2227d2ac5d0e2d76c895,7,102381560523656174358243,102381.560523656174
2024-02-01,19,1392664436,15ada72a3b52a88e25ddd2cc2ba1120234e34bb0,7,43260570499940000000000,43260.570499940000
2024-02-01,20,1351646374,3835a58ca93cdb5f912519ad366826ac9a752510,6,258857642499226523384752,258857.642499226523
2024-02-01,21,821344937,97e7d56a0408570ba1a7852de36350f7713906ec,6,155149523873030818754767,155149.523873030819
2024-02-01,22,1663246624,cf5540fffcdc3d510b18bfca6d2b9987b0772559,6,117090953904265607949386,117090.953904265608
2024-02-01,23,1728729509,f081470f5c6fbccf48cc4e5b82dd926409dcdd67,6,55050603657039481678007,55050.603657039482
2024-02-01,24,1364872031,1231deb6f5749ef6ce6943a275a1d3e7486f4eae,6,38412749216825103087635,38412.749216825103
2024-02-01,25,1306898428,32467a5fc2d72d21e8dce990906547a2b012f382,5,501236000000000000000000,501236.000000000000
2024-02-01,26,893398926,def171fe48cf0115b1d80b88dc8eab59176fee57,5,129467518943761460408351,129467.518943761460
2024-02-01,27,1292422842,03b59bd1c8b9f6c265ba0c3421923b93f15036fa,4,126161449438851600996978,126161.449438851601
2024-02-01,28,1765964642,a663b02cf0a4b149d2ad41910cb81e23e1c41c32,4,87905709686323246589406,87905.709686323247
2024-02-01,29,934876971,378ba9b73309be80bf4c2c027aad799766a7ed5a,4,138641384425268166656,138.6413844252681667
2024-02-01,30,733908697,d632f22692fac7611d2aa1c0d552930d43caed3b,3,12943347780295143615490,12943.347780295144
2024-02-01,31,1587123400,a7ca2c8673bcfa5a26d8ceec2887f2cc2b0db22a,3,1588957016042802116215,1588.9570160428021162
2024-02-01,32,667300213,97c4adc5d28a86f9470c70dd91dc6cc2f20d2d4d,3,213827889115647219702,213.8278891156472197
2024-02-01,33,795912842,92c7b5ce4cb0e5483f3365c1449f21578ee9f21a,3,101734744098737527446,101.7347440987375274
2024-02-01,34,1328247616,8c240c385305aeb2d5ceb60425aabcb3488fa93d,2,100120946319978739838524,100120.946319978740
2024-02-01,35,1379477437,25e9aca5951262241290841b6f863d59d37dc4f0,2,12515599443235142028874,12515.599443235142
2024-02-01,36,1113847572,663dc15d3c1ac63ff12e45ab68fea3f0a883c251,2,10015960900631511750168,10015.9609006315117502
2024-02-01,37,1768293015,773bb8b74c192933f1c57ced83747092295152de,2,4500000000000000000000,4500.0000000000000000
2024-02-01,38,968003125,1111111254fb6c44bac0bed2854e76f90643097d,2,586504306964181514689,586.5043069641815147
2024-02-01,39,667248779,e1573b9d29e2183b1af0e743dc2754979a40d237,2,530271477925694110757,530.2714779256941108
2024-02-01,40,1843247582,a5588f7cdf560811710a2d82d3c9c99769db1dcb,1,504004672446698850089716,504004.672446698850
2024-02-01,41,1612993533,0cd6f267b2086bea681e922e19d40512511be538,1,300281613737346887320002,300281.613737346887
2024-02-01,42,1713357671,e82c11f61d1d782146156b1e83c9c945f0f712ba,1,100000000000000000000000,100000.000000000000
2024-02-01,43,914995498,d4937682df3c8aef4fe912a96a74121c0829e664,1,91506732562042996948840,91506.732562042997
2024-02-01,44,1011184216,6021444f1706f15465bee85463bcc7d7cc17fc03,1,74245836776754728154331,74245.836776754728
2024-02-01,45,1392406501,06fa869caa1160754c6a0b744da6454c5ea325d4,1,31926045500000000000000,31926.045500000000
2024-02-01,46,1303792869,66e335622ad7a6c9c72c98dbfcce684996a20ef9,1,31100086693754023334614,31100.086693754023
2024-02-01,47,1569779479,682308d83666d855b413f27ff9121e0d765beced,1,30000002607650797023459,30000.002607650797
2024-02-01,48,1184586078,0eae044f00b0af300500f090ea00027097d03000,1,17771602763927376070141,17771.602763927376
2024-02-01,49,1306887388,794f6b13fbd7eb7ef10d1ed205c9a416910207ff,1,10000000000000000000000,10000.0000000000000000
2024-02-01,50,1392413668,dae210bfb0cf8c81edb4b459e2e0ba14d553e2d9,1,9145364199990000000000,9145.3641999900000000
2024-02-01,51,1147202650,f861483fa7e511fbc37487d91b6faa803af5d37c,1,5879981004941021367199,5879.9810049410213672
2024-02-01,52,1427662229,99a58482bd75cbab83b27ec03ca68ff489b5788f,1,3405335034413344957982,3405.3350344133449580
2024-02-01,53,1246175161,b30da2376f63de30b42dc055c93fa474f31330a5,1,2806653253785184288546,2806.6532537851842885
2024-02-01,54,1392405051,fb788f9e20ef426a32a67986654750172a6c1788,1,1991329099990000000000,1991.3290999900000000
2024-02-01,55,1556542975,86e71075e55f0aad27d700017e0783458310c98a,1,1986082799990000000000,1986.0827999900000000
2024-02-01,56,1351293871,a1d100a5bf6bfd2736837c97248853d989a9ed84,1,1100000000000000000000,1100.0000000000000000
2024-02-01,57,1292507684,56695c26b3cdb528815cd22ff7b47510ab821efd,1,923136263190589754831,923.1362631905897548
2024-02-01,58,743899457,23ddd3e3692d1861ed57ede224608875809e127f,1,501827273943948547088,501.8272739439485471
2024-02-01,59,849321637,c69ddcd4dfef25d8a793241834d4cc4b3668ead6,1,143052933061229182443,143.0529330612291824
2024-02-01,60,1899934735,111111125421ca6dc452d289314280a0f8842a65,1,94607103022195208212,94.6071030221952082
2024-02-01,61,1535693651,3a23f943181408eac424116af7b7790c94cb97a5,1,57555071486223754916,57.5550714862237549
2024-02-01,62,1573555469,b5e7f9cb9d3897808658f1991ad32912959b42e2,1,32161808219460658946,32.1618082194606589
2024-02-01,63,1687693923,3ce67ac36df0379ac01de346803396a6936f9387,1,17465223510670871364,17.4652235106708714
2024-02-01,64,546716445,22f9dcf4647084d6c31b2765f6910cd85c178c18,1,16698680970103863111,16.6986809701038631
2024-02-01,65,1913857066,5e1d94021484642863ea8e7cb4f0188e56b18fee,1,5000000000000000000,5.0000000000000000
2024-02-01,66,1869982554,8a07b34736b92d855158404c983f806801b0c2e0,1,1129387689380007424,1.1293876893800074
2024-02-01,67,1055536637,69592e6f9d21989a043646fe8225da2600e5a0f7,1,0,0E-36
2024-03-01,1,1734350848,f0d4c12a5768d806021f80a262b4d39d26c58b8d,20,1372600013580692200271036,1372600.013580692200
2024-03-01,2,1392664436,15ada72a3b52a88e25ddd2cc2ba1120234e34bb0,17,34665789599960000000000,34665.789599960000
2024-03-01,3,796495726,c63b0708e2f7e69cb8a1df0e1389a98c35a76d52,12,196220795858335832189145,196220.795858335832
2024-03-01,4,1913857066,5e1d94021484642863ea8e7cb4f0188e56b18fee,10,26339176299980000000000,26339.176299980000
2024-03-01,5,888341279,c2a856c3aff2110c1171b8f942256d40e980c726,9,104913881927564495424519,104913.881927564495
2024-03-01,6,1495139163,78bb3aec3d855431bd9289fd98da13f9ebb7ef15,7,1765949863698000000000000,1765949.863698000000
2024-03-01,7,881197687,9008d19f58aabd9ed0d60971565aa8510560ab41,7,416047902484186435030008,416047.902484186435
2024-03-01,8,1850762874,5dc1bf6f1e983c0b21efb003c105133736fa0743,7,213132351414829596241481,213132.351414829596
2024-03-01,9,1292509309,31351bf3fba544863fbff44ddc27ba880916a199,7,18827213815159470041735,18827.213815159470
2024-03-01,10,1381791786,1111111254eeb25477b68fb85ed929f73a960582,6,319785878384633681005913,319785.878384633681
2024-03-01,11,1438093425,a88800cd213da5ae406ce248380802bd53b47647,6,254687307476262653655025,254687.307476262654
2024-03-01,12,1664375120,d4e245848d6e1220dbe62e155d89fa327e43cb06,6,186126509209800461998990,186126.509209800462
2024-03-01,13,1292422842,03b59bd1c8b9f6c265ba0c3421923b93f15036fa,6,152861316039287888178498,152861.316039287888
2024-03-01,14,1351302712,dbe88dbac39263c47629ebba02b3ef4cf0752a72,6,128586050959000000000000,128586.050959000000
2024-03-01,15,1728729509,f081470f5c6fbccf48cc4e5b82dd926409dcdd67,6,118788802073802188973587,118788.802073802189
2024-03-01,16,667282315,fd0a40bc83c5fae4203dec7e5929b446b07d1c76,6,228294520113116611235,228.2945201131166112
2024-03-01,17,1392421667,85c5f05ae4cb68190c695a22b292c3ba90696128,5,1282511733700000000000000,1282511.733700000000
2024-03-01,18,1235298661,08780fb7e580e492c1935bee4fa5920b94aa95da,5,298705975314201518428670,298705.975314201518
2024-03-01,19,1765964642,a663b02cf0a4b149d2ad41910cb81e23e1c41c32,4,305814311874132526638106,305814.311874132527
2024-03-01,20,1306898428,32467a5fc2d72d21e8dce990906547a2b012f382,4,215475625369000000000000,215475.625369000000
2024-03-01,21,1899934735,111111125421ca6dc452d289314280a0f8842a65,4,94336168062551986368818,94336.168062551986
2024-03-01,22,1145580966,9a834b70c07c81a9fcd6f22e842bf002fbffbe4d,4,5133437226884077805157,5133.4372268840778052
2024-03-01,23,616036061,74de5d4fcbf63e00296fd95d33236b9794016631,4,2618153632482280572865,2618.1536324822805729
2024-03-01,24,914995498,d4937682df3c8aef4fe912a96a74121c0829e664,3,68000000000000000000000,68000.000000000000
2024-03-01,25,1308469390,5de4ef4879f4fe3bbadf2227d2ac5d0e2d76c895,3,14453576576857576552193,14453.576576857577
2024-03-01,26,1663246624,cf5540fffcdc3d510b18bfca6d2b9987b0772559,3,10664862739467373734420,10664.862739467374
2024-03-01,27,1351646374,3835a58ca93cdb5f912519ad366826ac9a752510,3,5805466162380722033965,5805.4661623807220340
2024-03-01,28,697997440,ec8c342bc3e07f05b9a782bc34e7f04fb9b44502,3,1057579926964215719120,1057.5799269642157191
2024-03-01,29,893398926,def171fe48cf0115b1d80b88dc8eab59176fee57,2,46100022643062664703059,46100.022643062665
2024-03-01,30,1911778548,e07a16358aa878cbda2d49a88e5106871e0db307,2,32547320936436997803981,32547.320936436998
2024-03-01,31,1535911112,82ec28636b77661a95f021090f6be0c8d379dd5d,2,28000000000000000000000,28000.000000000000
2024-03-01,32,1292507684,56695c26b3cdb528815cd22ff7b47510ab821efd,2,19034782771424612408943,19034.782771424612
2024-03-01,33,1379477437,25e9aca5951262241290841b6f863d59d37dc4f0,2,11453453462442299750487,11453.453462442300
2024-03-01,34,1427662229,99a58482bd75cbab83b27ec03ca68ff489b5788f,2,8881455155396226025574,8881.4551553962260256
2024-03-01,35,667300213,97c4adc5d28a86f9470c70dd91dc6cc2f20d2d4d,2,5555838046763225358911,5555.8380467632253589
2024-03-01,36,1305744071,b64508b9f7b81407549e13db970dd5bb5c19107f,2,1321612129170429659207,1321.6121291704296592
2024-03-01,37,1328247616,8c240c385305aeb2d5ceb60425aabcb3488fa93d,2,561333194376853548681,561.3331943768535487
2024-03-01,38,592832080,d739c1382c761354b7064332b962f82dd27a84ec,1,400000000000000000000000,400000.000000000000
2024-03-01,39,1311229664,07af6bb51d6ad0cf126e3ed2dee6eac34bf094f8,1,372035335146371317371016,372035.335146371317
2024-03-01,40,1283972154,b20481b1b8895d5ebc03b8b9f23877d7608cd5b8,1,240000000000000000000000,240000.000000000000
2024-03-01,41,1851598484,03f216fcd43db5b9280a10d4a4836d006986291d,1,148794824040243677303063,148794.824040243677
2024-03-01,42,1213241679,dcef968d416a41cdac0ed8702fac8128a64241a2,1,89837495534627528570195,89837.495534627529
2024-03-01,43,961032846,12ea254e316539fcbb9757352e25ddd973667380,1,50801208293616769624009,50801.208293616770
2024-03-01,44,1346793464,2bac101f9769aeff63c63effb4189152e833649f,1,35404605885191643224742,35404.605885191643
2024-03-01,45,1236614447,aab5e297b7113b6c188b5b611ba2724bc1decf6f,1,32000000000000000000000,32000.000000000000
2024-03-01,46,1612993533,0cd6f267b2086bea681e922e19d40512511be538,1,17311401683574563416534,17311.401683574563
2024-03-01,47,1490507434,00000000009e50a7ddb7a7b0e2ee6604fd120e49,1,13397295223652822810624,13397.295223652823
2024-03-01,48,1750462960,03cb4438d015b9646d666316b617a694410c216d,1,3271103989565441860153,3271.1039895654418602
2024-03-01,49,1715474201,78f8bd884c3d738b74b420540659c82f392820e0,1,3045897905975908562299,3045.8979059759085623
2024-03-01,50,1394911941,fa0f307783ac21c39e939acff795e27b650f6e68,1,2450695423000000000000,2450.6954230000000000
2024-03-01,51,743899457,23ddd3e3692d1861ed57ede224608875809e127f,1,2000429124702861667688,2000.4291247028616677
2024-03-01,52,1306887388,794f6b13fbd7eb7ef10d1ed205c9a416910207ff,1,1000000000000000000000,1000.0000000000000000
2024-03-01,53,1364872031,1231deb6f5749ef6ce6943a275a1d3e7486f4eae,1,915309365611827970778,915.3093656118279708
2024-03-01,54,1930971831,756976f99b328a475f4a948ffa7b495b009ca800,1,915084905813638234630,915.0849058136382346
2024-03-01,55,887108251,e06f8d30ac334c857fc8c380c85969c150f38a6a,1,553074548064904708840,553.0745480649047088
2024-03-01,56,1392405051,fb788f9e20ef426a32a67986654750172a6c1788,1,497901799990000000000,497.9017999900000000
2024-03-01,57,891607506,2796317b0ff8538f253012862c06787adfb8ceb6,1,366879921336473108999,366.8799213364731090
2024-03-01,58,1741290641,cb4d988f86aa622cc1762284c980b3fe48624e70,1,167725388000000000000,167.7253880000000000
2024-03-01,59,530746224,abea9132b05a70803a4e85094fd0e1800777fbef,1,148368041830000000000,148.3680418300000000
2024-03-01,60,1586960633,0b8a49d816cc709b6eadb09498030ae3416b66dc,1,139736220176270005945,139.7362201762700059
2024-03-01,61,1573555469,b5e7f9cb9d3897808658f1991ad32912959b42e2,1,84756515793373239670,84.7565157933732397
2024-03-01,62,934876971,378ba9b73309be80bf4c2c027aad799766a7ed5a,1,45784900786616606720,45.7849007866166067
2024-03-01,63,897398509,c1b2db4750c74054a2d055fea4d1147fde48b4cb,1,32385240000000000000,32.3852400000000000
2024-03-01,64,1927673745,697f0e7ac7db9e33eb04acb596f0c6be796c97ec,1,3221005568881421592,3.2210055688814216
2024-03-01,65,1892891141,edb73d4ed90be7a49d06d0d940055e6d181d22fa,1,2426389253085233023,2.4263892530852330
2024-03-01,66,1927886130,d0f176e569786bf20056e0b95bbb82bc9f7f3c2c,1,874919040499891410,0.87491904049989141000
2024-04-01,1,1381791786,1111111254eeb25477b68fb85ed929f73a960582,22,141911902274439011149668,141911.902274439011
2024-04-01,2,1734350848,f0d4c12a5768d806021f80a262b4d39d26c58b8d,21,2022509200637530974454638,2022509.200637530974
2024-04-01,3,1850762874,5dc1bf6f1e983c0b21efb003c105133736fa0743,17,719050869988680008221444,719050.869988680008
2024-04-01,4,881197687,9008d19f58aabd9ed0d60971565aa8510560ab41,12,2034390889813927993424324,2034390.889813927993
2024-04-01,5,1495139163,78bb3aec3d855431bd9289fd98da13f9ebb7ef15,12,465329122012000000000000,465329.122012000000
2024-04-01,6,1899934735,111111125421ca6dc452d289314280a0f8842a65,11,3502593558849145105282012,3502593.558849145105
2024-04-01,7,1663246624,cf5540fffcdc3d510b18bfca6d2b9987b0772559,10,460548410316610088743788,460548.410316610089
2024-04-01,8,1765964642,a663b02cf0a4b149d2ad41910cb81e23e1c41c32,8,146911472504037769453436,146911.472504037769
2024-04-01,9,1438093425,a88800cd213da5ae406ce248380802bd53b47647,8,143035825774130320726759,143035.825774130321
2024-04-01,10,796495726,c63b0708e2f7e69cb8a1df0e1389a98c35a76d52,8,102399529743006681695010,102399.529743006682
2024-04-01,11,888341279,c2a856c3aff2110c1171b8f942256d40e980c726,8,29828304539118821688431,29828.304539118822
2024-04-01,12,1913857066,5e1d94021484642863ea8e7cb4f0188e56b18fee,6,95066814299980000000000,95066.814299980000
2024-04-01,13,1586252096,3fc91a3afd70395cd496c647d5a6cc9d4b2b7fad,6,2533792493896441675307,2533.7924938964416753
2024-04-01,14,1392421667,85c5f05ae4cb68190c695a22b292c3ba90696128,5,793565264799970000000000,793565.264799970000
2024-04-01,15,1306898428,32467a5fc2d72d21e8dce990906547a2b012f382,5,635000000000000000000000,635000.000000000000
2024-04-01,16,1292509309,31351bf3fba544863fbff44ddc27ba880916a199,5,2792502986440313631507,2792.5029864403136315
2024-04-01,17,546716445,22f9dcf4647084d6c31b2765f6910cd85c178c18,4,1515372986195694116074324,1515372.986195694116
2024-04-01,18,1664375120,d4e245848d6e1220dbe62e155d89fa327e43cb06,4,334186104897305838705731,334186.104897305839
2024-04-01,19,743899457,23ddd3e3692d1861ed57ede224608875809e127f,4,295013432866102705439272,295013.432866102705
2024-04-01,20,1351302712,dbe88dbac39263c47629ebba02b3ef4cf0752a72,4,62000000000000000000000,62000.000000000000
2024-04-01,21,616036061,74de5d4fcbf63e00296fd95d33236b9794016631,4,4488833168497833056032,4488.8331684978330560
2024-04-01,22,1573555469,b5e7f9cb9d3897808658f1991ad32912959b42e2,4,46309068390033752572,46.3090683900337526
2024-04-01,23,934876971,378ba9b73309be80bf4c2c027aad799766a7ed5a,4,21538576989386885504,21.5385769893868855
2024-04-01,24,893398926,def171fe48cf0115b1d80b88dc8eab59176fee57,3,524760094008077648714985,524760.094008077649
2024-04-01,25,1364872031,1231deb6f5749ef6ce6943a275a1d3e7486f4eae,3,26074128753497014403842,26074.128753497014
2024-04-01,26,1535911112,82ec28636b77661a95f021090f6be0c8d379dd5d,3,15975000000000000000000,15975.000000000000
2024-04-01,27,1351646374,3835a58ca93cdb5f912519ad366826ac9a752510,3,12914838212000000000000,12914.838212000000
2024-04-01,28,821344937,97e7d56a0408570ba1a7852de36350f7713906ec,3,12908251012870603935362,12908.251012870604
2024-04-01,29,1889100952,34c0bd5877a5ee7099d0f5688d65f4bb9158bde2,3,7016728367016861674436,7016.7283670168616744
2024-04-01,30,1145580966,9a834b70c07c81a9fcd6f22e842bf002fbffbe4d,3,1638771059623393818398,1638.7710596233938184
2024-04-01,31,1556542975,86e71075e55f0aad27d700017e0783458310c98a,3,1271185899980000000000,1271.1858999800000000
2024-04-01,32,667282315,fd0a40bc83c5fae4203dec7e5929b446b07d1c76,3,105784170232880014888,105.7841702328800149
2024-04-01,33,697997440,ec8c342bc3e07f05b9a782bc34e7f04fb9b44502,3,72746772288152727178,72.7467722881527272
2024-04-01,34,1728729509,f081470f5c6fbccf48cc4e5b82dd926409dcdd67,2,456552741361229931507769,456552.741361229932
2024-04-01,35,1213241679,dcef968d416a41cdac0ed8702fac8128a64241a2,2,373003425813544012573207,373003.425813544013
2024-04-01,36,1939475140,b5a46f712f03808ae5c4b885c6f598fa06442684,2,270000000000000000000000,270000.000000000000
2024-04-01,37,1939511085,a4ddd4770588ef97a3a03e4b7e3885d824159baa,2,60020000000000000000000,60020.000000000000
2024-04-01,38,1392418668,a381d58e96ec3818c825e1fb264099448945cf8b,2,39089637199990000000000,39089.637199990000
2024-04-01,39,1392416598,43959a388603dcb6b02ca084a55d4c7f3b442c57,2,31444757899990000000000,31444.757899990000
2024-04-01,40,1392409565,f1e1dea8f1053fd9c5f47f72f1f03977e17af242,2,28939621600000000000000,28939.621600000000
2024-04-01,41,1292422842,03b59bd1c8b9f6c265ba0c3421923b93f15036fa,2,3342255014145535085326,3342.2550141455350853
2024-04-01,42,1982815860,e84cd1e26542d9c5c3190262a48cabcdf4afbea5,2,2489425547523404909180,2489.4255475234049092
2024-04-01,43,1939486770,7093f6141293f7c4f67e5efd922ac934402e452d,2,1039209790369728431344,1039.2097903697284313
2024-04-01,44,849321637,c69ddcd4dfef25d8a793241834d4cc4b3668ead6,2,244201988117552358342,244.2019881175523583
2024-04-01,45,914995498,d4937682df3c8aef4fe912a96a74121c0829e664,1,151678625514726099108857,151678.625514726099
2024-04-01,46,1235298661,08780fb7e580e492c1935bee4fa5920b94aa95da,1,101163954958575865853218,101163.954958575866
2024-04-01,47,1530950356,ade1e3b40b58e51df923cfbffcfb3502a5b07d1a,1,99967586275394330734686,99967.586275394331
2024-04-01,48,1939495578,0601b72bef2b3f09e9f48b7d60a8d7d2d3800c6e,1,21500000000000000000000,21500.000000000000
2024-04-01,49,1392405051,fb788f9e20ef426a32a67986654750172a6c1788,1,15339706000000000000000,15339.706000000000
2024-04-01,50,1392406501,06fa869caa1160754c6a0b744da6454c5ea325d4,1,11354884899990000000000,11354.884899990000
2024-04-01,51,1392664436,15ada72a3b52a88e25ddd2cc2ba1120234e34bb0,1,6836560199990000000000,6836.5601999900000000
2024-04-01,52,1308469390,5de4ef4879f4fe3bbadf2227d2ac5d0e2d76c895,1,5849433675849304687403,5849.4336758493046874
2024-04-01,53,1351293871,a1d100a5bf6bfd2736837c97248853d989a9ed84,1,3300000000000000000000,3300.0000000000000000
2024-04-01,54,1055536637,69592e6f9d21989a043646fe8225da2600e5a0f7,1,1592242976487504151000,1592.2429764875041510
2024-04-01,55,1338576819,d3f64baa732061f8b3626ee44bab354f854877ac,1,892211566604079974881,892.2115666040799749
2024-04-01,56,868978312,1531c1a63a169ac75a2daae399080745fa51de44,1,708615269815608850421,708.6152698156088504
2024-04-01,57,1427662229,99a58482bd75cbab83b27ec03ca68ff489b5788f,1,620896633688375413339,620.8966336883754133
2024-04-01,58,1346793464,2bac101f9769aeff63c63effb4189152e833649f,1,471772170889892177239,471.7721708898921772
2024-04-01,59,1841208013,1bc5cf80f308518f000dde4c8f8139268aa014db,1,341360101833026136550,341.3601018330261366
2024-04-01,60,1394911941,fa0f307783ac21c39e939acff795e27b650f6e68,1,133130735000000000000,133.1307350000000000
2024-04-01,61,733908697,d632f22692fac7611d2aa1c0d552930d43caed3b,1,98289206882369838416,98.2892068823698384
2024-04-01,62,1800286185,073197fa2656bdaf1ca018b7b333379683b1d8ad,1,90151466934695610971,90.1514669346956110
2024-04-01,63,1687693923,3ce67ac36df0379ac01de346803396a6936f9387,1,82000000000000000000,82.0000000000000000
2024-04-01,64,667248779,e1573b9d29e2183b1af0e743dc2754979a40d237,1,79617299359648144740,79.6172993596481447
2024-04-01,65,1587123400,a7ca2c8673bcfa5a26d8ceec2887f2cc2b0db22a,1,76511460136359541924,76.5114601363595419
2024-04-01,66,875811526,9e2b6378ee8ad2a4a95fe481d63caba8fb0ebbf9,1,50000000000000000000,50.0000000000000000
2024-04-01,67,1292507684,56695c26b3cdb528815cd22ff7b47510ab821efd,1,28452058840678228658,28.4520588406782287
2024-04-01,68,1006079602,b37d31b2a74029b5951a2778f959282e2d518595,1,22616406758692513560,22.6164067586925136
2024-04-01,69,1963241753,25e582ac06ba6df1fe30f809e8a2228331ed2b6e,1,12117787021517315567,12.1177870215173156
2024-04-01,70,1184424559,8300f0528e00ad33b218bb05d396f61a9fdd68cd,1,10147020945553517172,10.1470209455535172
2024-04-01,71,1725367872,d0418830cf58ddf65006dcf3b8c9d4b44b70b83e,1,10000000000000000000,10.0000000000000000
2024-04-01,72,1636575522,69460570c93f9de5e2edbc3052bf10125f0ca22d,1,9474712042483258547,9.4747120424832585
2024-04-01,73,1987350500,14bf8609b1839a43eaf10d5f7ff6b0c3e9119da6,1,76234409295305306,0.07623440929530530600
2024-04-01,74,1304910656,9901bac880caecad999e292811db9c1db3e86f8a,1,18441801832057514,0.01844180183205751400
2024-05-01,1,1984866388,b5ae5b75c0df5632c572a657109375646ce66f90,16,671322493082000000000000,671322.493082000000
2024-05-01,2,888341279,c2a856c3aff2110c1171b8f942256d40e980c726,15,23565775696682371585951,23565.775696682372
2024-05-01,3,1984880881,eca60a11c49486088ad7c5e4ad7dae2c061dbb1c,12,774810361499000000000000,774810.361499000000
2024-05-01,4,1850762874,5dc1bf6f1e983c0b21efb003c105133736fa0743,12,179932948971288070078608,179932.948971288070
2024-05-01,5,1586252096,3fc91a3afd70395cd496c647d5a6cc9d4b2b7fad,11,81760336503326363063306,81760.336503326363
2024-05-01,6,1734350848,f0d4c12a5768d806021f80a262b4d39d26c58b8d,10,657288988171209317058324,657288.988171209317
2024-05-01,7,881197687,9008d19f58aabd9ed0d60971565aa8510560ab41,8,917323136950770829051123,917323.136950770829
2024-05-01,8,1913857066,5e1d94021484642863ea8e7cb4f0188e56b18fee,8,149441630399950000000000,149441.630399950000
2024-05-01,9,1381791786,1111111254eeb25477b68fb85ed929f73a960582,8,706992497304079967021,706.9924973040799670
2024-05-01,10,1728729509,f081470f5c6fbccf48cc4e5b82dd926409dcdd67,7,327901523242416270207901,327901.523242416270
2024-05-01,11,821344937,97e7d56a0408570ba1a7852de36350f7713906ec,7,32244237999894800652913,32244.237999894801
2024-05-01,12,1899934735,111111125421ca6dc452d289314280a0f8842a65,6,74101648003700346188019,74101.648003700346
2024-05-01,13,1351302712,dbe88dbac39263c47629ebba02b3ef4cf0752a72,6,20281037436000000000000,20281.037436000000
2024-05-01,14,1765964642,a663b02cf0a4b149d2ad41910cb81e23e1c41c32,5,452523398578989261766196,452523.398578989262
2024-05-01,15,1495139163,78bb3aec3d855431bd9289fd98da13f9ebb7ef15,5,125900000000000000000000,125900.000000000000
2024-05-01,16,796495726,c63b0708e2f7e69cb8a1df0e1389a98c35a76d52,5,87795680722761150082582,87795.680722761150
2024-05-01,17,697997440,ec8c342bc3e07f05b9a782bc34e7f04fb9b44502,5,266471212457866855537,266.4712124578668555
2024-05-01,18,934876971,378ba9b73309be80bf4c2c027aad799766a7ed5a,5,27242447982225325824,27.2424479822253258
2024-05-01,19,1235298661,08780fb7e580e492c1935bee4fa5920b94aa95da,4,194996757118112907212845,194996.757118112907
2024-05-01,20,1145580966,9a834b70c07c81a9fcd6f22e842bf002fbffbe4d,4,1224619422793382515710,1224.6194227933825157
2024-05-01,21,2015982603,d42b0ecf8a9f8ba9db7b0c989d73cf0bd5f83b66,3,412830338424786311025935,412830.338424786311
2024-05-01,22,1663246624,cf5540fffcdc3d510b18bfca6d2b9987b0772559,3,109172879848416864685394,109172.879848416865
2024-05-01,23,1664375120,d4e245848d6e1220dbe62e155d89fa327e43cb06,3,94083816659724771441746,94083.816659724771
2024-05-01,24,1939495578,0601b72bef2b3f09e9f48b7d60a8d7d2d3800c6e,3,21300000000000000000000,21300.000000000000
2024-05-01,25,1438093425,a88800cd213da5ae406ce248380802bd53b47647,3,15073254993129570708179,15073.254993129571
2024-05-01,26,1392664436,15ada72a3b52a88e25ddd2cc2ba1120234e34bb0,3,13651012600000000000000,13651.012600000000
2024-05-01,27,1292509309,31351bf3fba544863fbff44ddc27ba880916a199,3,1294840035638623064841,1294.8400356386230648
2024-05-01,28,1530950356,ade1e3b40b58e51df923cfbffcfb3502a5b07d1a,2,545765893183974618943790,545765.893183974619
2024-05-01,29,1392421667,85c5f05ae4cb68190c695a22b292c3ba90696128,2,274575622499980000000000,274575.622499980000
2024-05-01,30,1213241679,dcef968d416a41cdac0ed8702fac8128a64241a2,2,234383305096432521103557,234383.305096432521
2024-05-01,31,893398926,def171fe48cf0115b1d80b88dc8eab59176fee57,2,218364406741240756697828,218364.406741240757
2024-05-01,32,1351646374,3835a58ca93cdb5f912519ad366826ac9a752510,2,215551935590771895322914,215551.935590771895
2024-05-01,33,1306887388,794f6b13fbd7eb7ef10d1ed205c9a416910207ff,2,30688953814044894444355,30688.953814044894
2024-05-01,34,1292422842,03b59bd1c8b9f6c265ba0c3421923b93f15036fa,2,3303337540922541867815,3303.3375409225418678
2024-05-01,35,1296271160,5e8c1ad4c3d04f059d5c1a2ce4593e53be270bca,2,744371392960206359552,744.3713929602063596
2024-05-01,36,616036061,74de5d4fcbf63e00296fd95d33236b9794016631,2,328403880854654124294,328.4038808546541243
2024-05-01,37,546716445,22f9dcf4647084d6c31b2765f6910cd85c178c18,2,138971106613259102276,138.9711066132591023
2024-05-01,38,1573555469,b5e7f9cb9d3897808658f1991ad32912959b42e2,2,9430408145888915980,9.4304081458889160
2024-05-01,39,1612993533,0cd6f267b2086bea681e922e19d40512511be538,1,113553029778521442669642,113553.029778521443
2024-05-01,40,2018459699,4fafbdc4f2a9876bd1764827b26fb8dc4fd1db95,1,110000000000000000000000,110000.000000000000
2024-05-01,41,1392418668,a381d58e96ec3818c825e1fb264099448945cf8b,1,62287911500000000000000,62287.911500000000
2024-05-01,42,1843247582,a5588f7cdf560811710a2d82d3c9c99769db1dcb,1,50048782477874674121265,50048.782477874674
2024-05-01,43,1490507434,00000000009e50a7ddb7a7b0e2ee6604fd120e49,1,45037835217583393150106,45037.835217583393
2024-05-01,44,1392409565,f1e1dea8f1053fd9c5f47f72f1f03977e17af242,1,19983284800000000000000,19983.284800000000
2024-05-01,45,1608787768,ad3b67bca8935cb510c8d18bd45f0b94f54a968f,1,12154845865686309098499,12154.845865686309
2024-05-01,46,1939486770,7093f6141293f7c4f67e5efd922ac934402e452d,1,6750000000000000000000,6750.0000000000000000
2024-05-01,47,1611190660,a899d144e1743d1ddf0ae86b06f6f5c4e7c02635,1,3292224261784117799395,3292.2242617841177994
2024-05-01,48,1308469390,5de4ef4879f4fe3bbadf2227d2ac5d0e2d76c895,1,2147251694285803998420,2147.2516942858039984
2024-05-01,49,1379477437,25e9aca5951262241290841b6f863d59d37dc4f0,1,1816014852069503975987,1816.0148520695039760
2024-05-01,50,1556542975,86e71075e55f0aad27d700017e0783458310c98a,1,986519699990000000000,986.5196999900000000
2024-05-01,51,979822284,c14900dfb1aa54e7674e1ecf9ce02b3b35157ba5,1,951098882844739552535,951.0988828447395525
2024-05-01,52,530746224,abea9132b05a70803a4e85094fd0e1800777fbef,1,786996307500000000000,786.9963075000000000
2024-05-01,53,1535911112,82ec28636b77661a95f021090f6be0c8d379dd5d,1,750000000000000000000,750.0000000000000000
2024-05-01,54,1967811305,b86f32b648f4a17fc7c67bf29735c20c566e5a0c,1,522260344010494449896,522.2603440104944499
2024-05-01,55,1427662229,99a58482bd75cbab83b27ec03ca68ff489b5788f,1,499994160441614670523,499.9941604416146705
2024-05-01,56,1790869478,b0000000aa4f00af1200c8b2befb6300853f0069,1,286550993800000000000,286.5509938000000000
2024-05-01,57,1939475140,b5a46f712f03808ae5c4b885c6f598fa06442684,1,211246440000000000000,211.2464400000000000
2024-05-01,58,1586960633,0b8a49d816cc709b6eadb09498030ae3416b66dc,1,86539357991049300620,86.5393579910493006
2024-05-01,59,1185687877,2397321b301b80a1c0911d6f9ed4b6033d43cf51,1,21921344481450785336,21.9213444814507853
2024-05-01,60,1993904977,86c68d9e13d8d6a70b6423ceb2aedb19b59f2aa5,1,17955171124969751776,17.9551711249697518
2024-05-01,61,891778971,23fd433bec56f7c62d7f087cd26bc8d1a6d8da78,1,10000000000000000000,10.0000000000000000
2024-05-01,62,1311229664,07af6bb51d6ad0cf126e3ed2dee6eac34bf094f8,1,9384999155625245125,9.3849991556252451
2024-05-01,63,733908697,d632f22692fac7611d2aa1c0d552930d43caed3b,1,4982580074165135118,4.9825800741651351
2024-05-01,64,1364872031,1231deb6f5749ef6ce6943a275a1d3e7486f4eae,1,1091971450963061032,1.0919714509630610
2024-05-01,65,667300213,97c4adc5d28a86f9470c70dd91dc6cc2f20d2d4d,1,1003747111256347824,1.00374711125634782400
2024-05-01,66,1636575522,69460570c93f9de5e2edbc3052bf10125f0ca22d,1,1002926098979266350,1.00292609897926635000
2024-05-01,67,671535509,862d12ebd188aab3f7646efa9c520cd436d6ef6e,1,688208970645686224,0.68820897064568622400
2024-05-01,68,1013690405,94671a3cee8c7a12ea72602978d1bb84e920efb2,1,1000000000000000,0.00100000000000000000
2024-06-01,1,1850762874,5dc1bf6f1e983c0b21efb003c105133736fa0743,10,97327907810847384806664,97327.907810847385
2024-06-01,2,1734350848,f0d4c12a5768d806021f80a262b4d39d26c58b8d,9,240308571204381856745930,240308.571204381857
2024-06-01,3,881197687,9008d19f58aabd9ed0d60971565aa8510560ab41,8,275601743070071082335919,275601.743070071082
2024-06-01,4,1663246624,cf5540fffcdc3d510b18bfca6d2b9987b0772559,7,1491910918238542080785129,1491910.918238542081
2024-06-01,5,796495726,c63b0708e2f7e69cb8a1df0e1389a98c35a76d52,7,228520388341079249621316,228520.388341079250
2024-06-01,6,888341279,c2a856c3aff2110c1171b8f942256d40e980c726,7,33668273232522956018017,33668.273232522956
2024-06-01,7,1899934735,111111125421ca6dc452d289314280a0f8842a65,6,483827921239487831709517,483827.921239487832
2024-06-01,8,1392664436,15ada72a3b52a88e25ddd2cc2ba1120234e34bb0,6,49137553999960000000000,49137.553999960000
2024-06-01,9,1351302712,dbe88dbac39263c47629ebba02b3ef4cf0752a72,6,8406000000000000000000,8406.0000000000000000
2024-06-01,10,1664375120,d4e245848d6e1220dbe62e155d89fa327e43cb06,5,298050000000000000000000,298050.000000000000
2024-06-01,11,1765964642,a663b02cf0a4b149d2ad41910cb81e23e1c41c32,5,179381944078571267650364,179381.944078571268
2024-06-01,12,1381791786,1111111254eeb25477b68fb85ed929f73a960582,5,14902268967296168929946,14902.268967296169
2024-06-01,13,1586252096,3fc91a3afd70395cd496c647d5a6cc9d4b2b7fad,5,563797398777452055849,563.7973987774520558
2024-06-01,14,530746224,abea9132b05a70803a4e85094fd0e1800777fbef,5,383131476529700000000,383.1314765297000000
2024-06-01,15,1939486770,7093f6141293f7c4f67e5efd922ac934402e452d,4,20132143610000000000000,20132.143610000000
2024-06-01,16,1379477437,25e9aca5951262241290841b6f863d59d37dc4f0,4,8247949688955412227171,8247.9496889554122272
2024-06-01,17,934876971,378ba9b73309be80bf4c2c027aad799766a7ed5a,4,14805443949205235680,14.8054439492052357
2024-06-01,18,1939475140,b5a46f712f03808ae5c4b885c6f598fa06442684,3,160200000000000000000000,160200.000000000000
2024-06-01,19,1535911112,82ec28636b77661a95f021090f6be0c8d379dd5d,3,141000000000000000000000,141000.000000000000
2024-06-01,20,1984880881,eca60a11c49486088ad7c5e4ad7dae2c061dbb1c,3,73100000000000000000000,73100.000000000000
2024-06-01,21,1913857066,5e1d94021484642863ea8e7cb4f0188e56b18fee,3,28331433899990000000000,28331.433899990000
2024-06-01,22,1351646374,3835a58ca93cdb5f912519ad366826ac9a752510,3,4187907152000000000000,4187.9071520000000000
2024-06-01,23,1292509309,31351bf3fba544863fbff44ddc27ba880916a199,3,754357653717626366151,754.3576537176263662
2024-06-01,24,929482544,4b3f1048c55faa0c0873e249e541139360501f2a,2,2003200358655928386251304,2003200.358655928386
2024-06-01,25,2018459699,4fafbdc4f2a9876bd1764827b26fb8dc4fd1db95,2,140681459793461219171695,140681.459793461219
2024-06-01,26,1495139163,78bb3aec3d855431bd9289fd98da13f9ebb7ef15,2,80000000000000000000000,80000.000000000000
2024-06-01,27,1235298661,08780fb7e580e492c1935bee4fa5920b94aa95da,2,74976085940238951916038,74976.085940238952
2024-06-01,28,1292422842,03b59bd1c8b9f6c265ba0c3421923b93f15036fa,2,61078980774768195706514,61078.980774768196
2024-06-01,29,1308469390,5de4ef4879f4fe3bbadf2227d2ac5d0e2d76c895,2,9484026308941952906461,9484.0263089419529065
2024-06-01,30,1292507684,56695c26b3cdb528815cd22ff7b47510ab821efd,2,6458134749388448850900,6458.1347493884488509
2024-06-01,31,1392405051,fb788f9e20ef426a32a67986654750172a6c1788,2,4311834158900000000000,4311.8341589000000000
2024-06-01,32,821344937,97e7d56a0408570ba1a7852de36350f7713906ec,2,4054330582575425437143,4054.3305825754254371
2024-06-01,33,1854797358,1c0c222989a37247d974937782cebc8bf4f25733,2,2400000000000000000000,2400.0000000000000000
2024-06-01,34,1394911941,fa0f307783ac21c39e939acff795e27b650f6e68,2,1091198780000000000000,1091.1987800000000000
2024-06-01,35,1306898428,32467a5fc2d72d21e8dce990906547a2b012f382,2,400000000000000000000,400.0000000000000000
2024-06-01,36,616036061,74de5d4fcbf63e00296fd95d33236b9794016631,2,145471527250669118310,145.4715272506691183
2024-06-01,37,546716445,22f9dcf4647084d6c31b2765f6910cd85c178c18,2,17067223167774657168,17.0672231677746572
2024-06-01,38,733908697,d632f22692fac7611d2aa1c0d552930d43caed3b,1,292482937997044609440326,292482.937997044609
2024-06-01,39,1649796714,dbe19d1c3f21b1bb250ca7bdae0687a97b5f77e6,1,168851804455409066408631,168851.804455409066
2024-06-01,40,1392421667,85c5f05ae4cb68190c695a22b292c3ba90696128,1,75575533299990000000000,75575.533299990000
2024-06-01,41,1328247616,8c240c385305aeb2d5ceb60425aabcb3488fa93d,1,59528087223130022975213,59528.087223130023
2024-06-01,42,1438093425,a88800cd213da5ae406ce248380802bd53b47647,1,51607871802482638391830,51607.871802482638
2024-06-01,43,1246175161,b30da2376f63de30b42dc055c93fa474f31330a5,1,46366425099278087276432,46366.425099278087
2024-06-01,44,1946768028,1ee81c56e42ec34039d993d12410d437ddea341e,1,18196022032699075689149,18196.022032699076
2024-06-01,45,1392416598,43959a388603dcb6b02ca084a55d4c7f3b442c57,1,14169534999990000000000,14169.534999990000
2024-06-01,46,893398926,def171fe48cf0115b1d80b88dc8eab59176fee57,1,12532370998317193096939,12532.370998317193
2024-06-01,47,1311229664,07af6bb51d6ad0cf126e3ed2dee6eac34bf094f8,1,10570457880961626379409,10570.457880961626
2024-06-01,48,1351293871,a1d100a5bf6bfd2736837c97248853d989a9ed84,1,10000000000000000000000,10000.0000000000000000
2024-06-01,49,1966247637,6830c61df103946b63c786e63222c59677f32078,1,4207120214399517930409,4207.1202143995179304
2024-06-01,50,968003125,1111111254fb6c44bac0bed2854e76f90643097d,1,2045507334456677853502,2045.5073344566778535
2024-06-01,51,743899457,23ddd3e3692d1861ed57ede224608875809e127f,1,2001874209656904135561,2001.8742096569041356
2024-06-01,52,1984866388,b5ae5b75c0df5632c572a657109375646ce66f90,1,1025000000000000000000,1025.0000000000000000
2024-06-01,53,1306887388,794f6b13fbd7eb7ef10d1ed205c9a416910207ff,1,800000000000000000000,800.0000000000000000
2024-06-01,54,2026681075,4ac4d4db33f33e2b1ffc6ec24438ddd1c79e30e3,1,188000000000000000000,188.0000000000000000
2024-06-01,55,2020978733,d5e74de4385ef0eb1bb4db05a6a504f04d92e79d,1,152985596902165370167,152.9855969021653702
2024-06-01,56,1664547478,ff9f1bba65ebb44545db828e1539a52ccc804a00,1,137168115632462842731,137.1681156324628427
2024-06-01,57,1130448994,d2a9f2b88d6df8830522d624db491445362a2797,1,64998041705590609581,64.9980417055906096
2024-06-01,58,2015982603,d42b0ecf8a9f8ba9db7b0c989d73cf0bd5f83b66,1,56801412348651426628,56.8014123486514266
2024-06-01,59,1835499040,2a737d2c4232e127af366a8462110ff8892ace5d,1,38543528357072150681,38.5435283570721507
2024-06-01,60,1898610230,9b049f8e929b17e40192d1c0199f00f94da90aca,1,25000000000000000000,25.0000000000000000
2024-06-01,61,1265708938,4e467fb2e874a5a6c826dcf0a4707c5ce431f336,1,20682114695929779900,20.6821146959297799
2024-06-01,62,2058806388,636180547e410ba23c4dcea5e6dbfd2289fa20bd,1,20000000000000001604,20.0000000000000016
2024-06-01,63,1587123400,a7ca2c8673bcfa5a26d8ceec2887f2cc2b0db22a,1,17509834735090589243,17.5098347350905892
2024-06-01,64,667282315,fd0a40bc83c5fae4203dec7e5929b446b07d1c76,1,7017632622010513090,7.0176326220105131
2024-06-01,65,1427662229,99a58482bd75cbab83b27ec03ca68ff489b5788f,1,3567112069261544316,3.5671120692615443
2024-06-01,66,2046496254,bafeea3ee22278d1250a13284c28e6bf824fcb56,1,289500000000000000,0.28950000000000000000
2024-06-01,67,1939305447,15dee1617f0f04cd02833456b382c8bb258238cf,1,140087972304,1.40087972304000000E-7
2024-06-01,68,1549615648,541a2378589e280fdfdde6e53fb5ecf98a853fc2,1,1884,1.88400000000000000E-15
2024-07-01,1,1850762874,5dc1bf6f1e983c0b21efb003c105133736fa0743,12,353774639133626421917130,353774.639133626422
2024-07-01,2,1292509309,31351bf3fba544863fbff44ddc27ba880916a199,10,192120093731208329816,192.1200937312083298
2024-07-01,3,881197687,9008d19f58aabd9ed0d60971565aa8510560ab41,7,277936963954489754879576,277936.963954489755
2024-07-01,4,2088341827,16c6521dff6bab339122a0fe25a9116693265353,7,166948157782999642740657,166948.157782999643
2024-07-01,5,1381791786,1111111254eeb25477b68fb85ed929f73a960582,7,41599944615094362657624,41599.944615094363
2024-07-01,6,1586252096,3fc91a3afd70395cd496c647d5a6cc9d4b2b7fad,7,1527818695556765635672,1527.8186955567656357
2024-07-01,7,888341279,c2a856c3aff2110c1171b8f942256d40e980c726,6,17544470680764554766894,17544.470680764555
2024-07-01,8,934876971,378ba9b73309be80bf4c2c027aad799766a7ed5a,5,198046361175737449088,198.0463611757374491
2024-07-01,9,1306898428,32467a5fc2d72d21e8dce990906547a2b012f382,4,532700000000000000000000,532700.000000000000
2024-07-01,10,1392664436,15ada72a3b52a88e25ddd2cc2ba1120234e34bb0,4,6743289399970000000000,6743.2893999700000000
2024-07-01,11,796495726,c63b0708e2f7e69cb8a1df0e1389a98c35a76d52,4,6647122321527236807504,6647.1223215272368075
2024-07-01,12,2080679857,a9048585166f4f7c4589ade19567bb538035ed36,3,1085363104256201953206080,1085363.104256201953
2024-07-01,13,1765964642,a663b02cf0a4b149d2ad41910cb81e23e1c41c32,3,155986614930431442508642,155986.614930431443
2024-07-01,14,1495139163,78bb3aec3d855431bd9289fd98da13f9ebb7ef15,3,120255000000000000000000,120255.000000000000
2024-07-01,15,1663246624,cf5540fffcdc3d510b18bfca6d2b9987b0772559,3,88575655545352139543397,88575.655545352140
2024-07-01,16,1427662229,99a58482bd75cbab83b27ec03ca68ff489b5788f,3,54792173881067327031277,54792.173881067327
2024-07-01,17,1939475140,b5a46f712f03808ae5c4b885c6f598fa06442684,3,34000000000000000000000,34000.000000000000
2024-07-01,18,1351302712,dbe88dbac39263c47629ebba02b3ef4cf0752a72,3,12106982475000000000000,12106.982475000000
2024-07-01,19,616036061,74de5d4fcbf63e00296fd95d33236b9794016631,3,255708406630103358754,255.7084066301033588
2024-07-01,20,530746224,abea9132b05a70803a4e85094fd0e1800777fbef,3,229532323163000000000,229.5323231630000000
2024-07-01,21,2020978733,d5e74de4385ef0eb1bb4db05a6a504f04d92e79d,2,201290592894011197940893,201290.592894011198
2024-07-01,22,1364872031,1231deb6f5749ef6ce6943a275a1d3e7486f4eae,2,81211981425281546456244,81211.981425281546
2024-07-01,23,2039968702,48f32b7c960fd0280297f6f0182e2607a3398db5,2,13200750706000000000000,13200.750706000000
2024-07-01,24,1392975949,b8f275fbf7a959f4bce59999a2ef122a099e81a8,2,9594076038764628343982,9594.0760387646283440
2024-07-01,25,1899934735,111111125421ca6dc452d289314280a0f8842a65,2,6089439426525597848056,6089.4394265255978481
2024-07-01,26,2061959543,5b93d80da1a359340d1f339fb574bdc56763f995,2,2688576229639735860916,2688.5762296397358609
2024-07-01,27,1213241679,dcef968d416a41cdac0ed8702fac8128a64241a2,2,2660536150101544601238,2660.5361501015446012
2024-07-01,28,1308469390,5de4ef4879f4fe3bbadf2227d2ac5d0e2d76c895,2,1294109940134588924706,1294.1099401345889247
2024-07-01,29,1394911941,fa0f307783ac21c39e939acff795e27b650f6e68,2,1000054760000000000000,1000.0547600000000000
2024-07-01,30,1556542975,86e71075e55f0aad27d700017e0783458310c98a,2,758070899990000000000,758.0708999900000000
2024-07-01,31,1328247616,8c240c385305aeb2d5ceb60425aabcb3488fa93d,2,154971271281197765824,154.9712712811977658
2024-07-01,32,733908697,d632f22692fac7611d2aa1c0d552930d43caed3b,2,103652173824807592043,103.6521738248075920
2024-07-01,33,2053912594,a2bcd1a4efbd04b63cd03f5aff2561106ebcce00,2,36952355173973575544,36.9523551739735755
2024-07-01,34,2068491642,0f4a1d7fdf4890be35e71f3e0bbc4a0ec377eca3,2,29595529850446397458,29.5955298504463975
2024-07-01,35,1573555469,b5e7f9cb9d3897808658f1991ad32912959b42e2,2,13357738042478424911,13.3577380424784249
2024-07-01,36,546716445,22f9dcf4647084d6c31b2765f6910cd85c178c18,2,99927654606707032,0.09992765460670703200
2024-07-01,37,1392421667,85c5f05ae4cb68190c695a22b292c3ba90696128,1,443810640100000000000000,443810.640100000000
2024-07-01,38,2018459699,4fafbdc4f2a9876bd1764827b26fb8dc4fd1db95,1,64000000000000000000000,64000.000000000000
2024-07-01,39,1811614551,25db45f955402224bd243a7a7b9e9da56467c1c2,1,60000000000000000000000,60000.000000000000
2024-07-01,40,1292422842,03b59bd1c8b9f6c265ba0c3421923b93f15036fa,1,46311597318205447533993,46311.597318205448
2024-07-01,41,1880769512,ea749fd6ba492dbc14c24fe8a3d08769229b896c,1,28340360700373164333348,28340.360700373164
2024-07-01,42,1939511085,a4ddd4770588ef97a3a03e4b7e3885d824159baa,1,23000000000000000000000,23000.000000000000
2024-07-01,43,1543682825,c779fee076eb04b9f8ea424ec19de27efd17a68d,1,20000000000000000000000,20000.000000000000
2024-07-01,44,1235298661,08780fb7e580e492c1935bee4fa5920b94aa95da,1,15921801620839723786978,15921.801620839724
2024-07-01,45,1392416598,43959a388603dcb6b02ca084a55d4c7f3b442c57,1,15127355400000000000000,15127.355400000000
2024-07-01,46,1392406501,06fa869caa1160754c6a0b744da6454c5ea325d4,1,13293211999990000000000,13293.211999990000
2024-07-01,47,1530950356,ade1e3b40b58e51df923cfbffcfb3502a5b07d1a,1,10031017557617428223453,10031.0175576174282235
2024-07-01,48,895651377,529619a10129396a2f642cae32099c1ea7fa2834,1,7240000000000000000000,7240.0000000000000000
2024-07-01,49,1311229664,07af6bb51d6ad0cf126e3ed2dee6eac34bf094f8,1,6462142373839543176923,6462.1423738395431769
2024-07-01,50,1392409565,f1e1dea8f1053fd9c5f47f72f1f03977e17af242,1,4742924699990000000000,4742.9246999900000000
2024-07-01,51,1292507684,56695c26b3cdb528815cd22ff7b47510ab821efd,1,3675481008374368881645,3675.4810083743688816
2024-07-01,52,821344937,97e7d56a0408570ba1a7852de36350f7713906ec,1,3396191797968210178382,3396.1917979682101784
2024-07-01,53,1913857066,5e1d94021484642863ea8e7cb4f0188e56b18fee,1,2792183399990000000000,2792.1833999900000000
2024-07-01,54,1664375120,d4e245848d6e1220dbe62e155d89fa327e43cb06,1,2300000000000000000000,2300.0000000000000000
2024-07-01,55,1236614447,aab5e297b7113b6c188b5b611ba2724bc1decf6f,1,1500000000000000000000,1500.0000000000000000
2024-07-01,56,1506781294,974026e01660d11b5b5f08394806b619702ac35c,1,1012589549350000000000,1012.5895493500000000
2024-07-01,57,2106670467,ee8f82a6a0f54d98635c22a2a3ffb6c3a090da41,1,852971824031294820763,852.9718240312948208
2024-07-01,58,593265678,7f825692dfae7107d16bf4e2071fe06b1bc72297,1,819000000000000000000,819.0000000000000000
2024-07-01,59,2107235159,67ee76ac69b05908b206051dc9187d22c0e4dc6f,1,413745225942438779649,413.7452259424387796
2024-07-01,60,1745184291,050e198e36a73a1e32f15c3afc58c4506d82f657,1,302846237000000000000,302.8462370000000000
2024-07-01,61,1113847572,663dc15d3c1ac63ff12e45ab68fea3f0a883c251,1,206035959362557532339,206.0359593625575323
2024-07-01,62,667248779,e1573b9d29e2183b1af0e743dc2754979a40d237,1,178210786301449805720,178.2107863014498057
2024-07-01,63,1966247637,6830c61df103946b63c786e63222c59677f32078,1,156741982127943408568,156.7419821279434086
2024-07-01,64,2088348970,d163eded5cd8cba976a074393c233e97f7ea7a64,1,100262882828206089801,100.2628828282060898
2024-07-01,65,1379477437,25e9aca5951262241290841b6f863d59d37dc4f0,1,100198659595261656568,100.1986595952616566
2024-07-01,66,583481113,40ec5b33f54e0e8a33a975908c5ba1c14e5bbbdf,1,100000000000000000000,100.0000000000000000
2024-07-01,67,1587123400,a7ca2c8673bcfa5a26d8ceec2887f2cc2b0db22a,1,99554400358921245033,99.5544003589212450
2024-07-01,68,1540261274,16bcbacb2f9a2fbd8c825d3c3da41961fb6213b7,1,30230610803808786270,30.2306108038087863
2024-07-01,69,1185687877,2397321b301b80a1c0911d6f9ed4b6033d43cf51,1,21602705610465389035,21.6027056104653890
2024-07-01,70,667282315,fd0a40bc83c5fae4203dec7e5929b446b07d1c76,1,16800483746414163594,16.8004837464141636
2024-07-01,71,1121417536,2390cf638130f6927ab6e3312d496e0fa9285dce,1,15470000000000000000,15.4700000000000000
2024-07-01,72,1296271160,5e8c1ad4c3d04f059d5c1a2ce4593e53be270bca,1,14810800147374537238,14.8108001473745372
2024-07-01,73,1898890786,875bbbbd0514315fc8bddbf9f0f353c8589603d7,1,5383461682921215922,5.3834616829212159
2024-07-01,74,1367718217,bfe1364efb0a1e01241f058a6039f43fea88cfc5,1,4563499673156558512,4.5634996731565585
2024-07-01,75,1006079602,b37d31b2a74029b5951a2778f959282e2d518595,1,2579057687918025039,2.5790576879180250
2024-07-01,76,697997440,ec8c342bc3e07f05b9a782bc34e7f04fb9b44502,1,1481716207293019660,1.4817162072930197
2024-07-01,77,2026681075,4ac4d4db33f33e2b1ffc6ec24438ddd1c79e30e3,1,18845044244506860,0.01884504424450686000
2024-07-01,78,1984880881,eca60a11c49486088ad7c5e4ad7dae2c061dbb1c,1,0,0E-36
2024-08-01,1,1292509309,31351bf3fba544863fbff44ddc27ba880916a199,105,815663052422925546905,815.6630524229255469
2024-08-01,2,2088341827,16c6521dff6bab339122a0fe25a9116693265353,21,1140974502747250667759504,1140974.502747250668
2024-08-01,3,1392975949,b8f275fbf7a959f4bce59999a2ef122a099e81a8,18,41555989692406791812731,41555.989692406792
2024-08-01,4,881197687,9008d19f58aabd9ed0d60971565aa8510560ab41,14,733056137467725837659489,733056.137467725838
2024-08-01,5,1184424559,8300f0528e00ad33b218bb05d396f61a9fdd68cd,14,23734528996468935946,23.7345289964689359
2024-08-01,6,1850762874,5dc1bf6f1e983c0b21efb003c105133736fa0743,11,68010119562253569151311,68010.119562253569
2024-08-01,7,1663246624,cf5540fffcdc3d510b18bfca6d2b9987b0772559,10,86441833857586150177514,86441.833857586150
2024-08-01,8,1381791786,1111111254eeb25477b68fb85ed929f73a960582,8,278217860904198699343061,278217.860904198699
2024-08-01,9,1328247616,8c240c385305aeb2d5ceb60425aabcb3488fa93d,7,10127071730677427563568,10127.071730677428
2024-08-01,10,1235298661,08780fb7e580e492c1935bee4fa5920b94aa95da,6,308444810699853702124212,308444.810699853702
2024-08-01,11,1913857066,5e1d94021484642863ea8e7cb4f0188e56b18fee,5,208957495399980000000000,208957.495399980000
2024-08-01,12,2110156744,f5d7c5484c02c03cf131b76c67c3eb969828bd3d,5,202727179586755129711541,202727.179586755130
2024-08-01,13,1495139163,78bb3aec3d855431bd9289fd98da13f9ebb7ef15,5,69000000000000000000000,69000.000000000000
2024-08-01,14,546716445,22f9dcf4647084d6c31b2765f6910cd85c178c18,5,2207104047654356253000,2207.1040476543562530
2024-08-01,15,616036061,74de5d4fcbf63e00296fd95d33236b9794016631,5,443682739694655717664,443.6827396946557177
2024-08-01,16,1899934735,111111125421ca6dc452d289314280a0f8842a65,4,198939313464527621708798,198939.313464527622
2024-08-01,17,1306898428,32467a5fc2d72d21e8dce990906547a2b012f382,4,17900000000000000000000,17900.000000000000
2024-08-01,18,796495726,c63b0708e2f7e69cb8a1df0e1389a98c35a76d52,4,11423093465268491423177,11423.093465268491
2024-08-01,19,733908697,d632f22692fac7611d2aa1c0d552930d43caed3b,4,3077570564947396421269,3077.5705649473964213
2024-08-01,20,1586252096,3fc91a3afd70395cd496c647d5a6cc9d4b2b7fad,4,197810086172887450906,197.8100861728874509
2024-08-01,21,934876971,378ba9b73309be80bf4c2c027aad799766a7ed5a,4,30780626945516646400,30.7806269455166464
2024-08-01,22,1394911941,fa0f307783ac21c39e939acff795e27b650f6e68,3,1770613243000000000000,1770.6132430000000000
2024-08-01,23,1664375120,d4e245848d6e1220dbe62e155d89fa327e43cb06,3,1235000000000000000000,1235.0000000000000000
2024-08-01,24,697997440,ec8c342bc3e07f05b9a782bc34e7f04fb9b44502,3,131605855665990368722,131.6058556659903687
2024-08-01,25,1292422842,03b59bd1c8b9f6c265ba0c3421923b93f15036fa,3,65032143272932858281,65.0321432729328583
2024-08-01,26,2053912594,a2bcd1a4efbd04b63cd03f5aff2561106ebcce00,3,14334488259450377418,14.3344882594503774
2024-08-01,27,1306887388,794f6b13fbd7eb7ef10d1ed205c9a416910207ff,3,0,0E-36
2024-08-01,28,2068491642,0f4a1d7fdf4890be35e71f3e0bbc4a0ec377eca3,2,73253855801970060069974,73253.855801970060
2024-08-01,29,1351646374,3835a58ca93cdb5f912519ad366826ac9a752510,2,19500000000000000000000,19500.000000000000
2024-08-01,30,1967110213,909dbde1ebe906af95660033e478d59efe831fed,2,5174288792000000000000,5174.2887920000000000
2024-08-01,31,916097869,3ee18b2214aff97000d974cf647e7c347e8fa585,2,2079563475630000000000,2079.5634756300000000
2024-08-01,32,888341279,c2a856c3aff2110c1171b8f942256d40e980c726,2,1118301340191855896130,1118.3013401918558961
2024-08-01,33,1364872031,1231deb6f5749ef6ce6943a275a1d3e7486f4eae,2,1010708578224444445570,1010.7085782244444456
2024-08-01,34,667300213,97c4adc5d28a86f9470c70dd91dc6cc2f20d2d4d,2,246629603975281578877,246.6296039752815789
2024-08-01,35,1392664436,15ada72a3b52a88e25ddd2cc2ba1120234e34bb0,2,89663899990000000000,89.6638999900000000
2024-08-01,36,530746224,abea9132b05a70803a4e85094fd0e1800777fbef,2,41875724930700000000,41.8757249307000000
2024-08-01,37,1311229664,07af6bb51d6ad0cf126e3ed2dee6eac34bf094f8,2,32871416923291396340,32.8714169232913963
2024-08-01,38,209499427,d152f549545093347a162dce210e7293f1452150,2,30000000000000000000,30.0000000000000000
2024-08-01,39,1573555469,b5e7f9cb9d3897808658f1991ad32912959b42e2,2,3976367087704977269,3.9763670877049773
2024-08-01,40,1984880881,eca60a11c49486088ad7c5e4ad7dae2c061dbb1c,2,0,0E-36
2024-08-01,41,1608787768,ad3b67bca8935cb510c8d18bd45f0b94f54a968f,1,214614253420318301329443,214614.253420318301
2024-08-01,42,1392421667,85c5f05ae4cb68190c695a22b292c3ba90696128,1,54157396500000000000000,54157.396500000000
2024-08-01,43,1765964642,a663b02cf0a4b149d2ad41910cb81e23e1c41c32,1,25092513107129277123309,25092.513107129277
2024-08-01,44,1179680844,e9a1a9e86b913b780142664adfbbc6a0727ba5ad,1,16354145555174763722097,16354.145555174764
2024-08-01,45,1351293871,a1d100a5bf6bfd2736837c97248853d989a9ed84,1,12000000000000000000000,12000.000000000000
2024-08-01,46,1837432281,ce6431d21e3fb1036ce9973a3312368ed96f5ce7,1,9038710968477374893681,9038.7109684773748937
2024-08-01,47,1939495578,0601b72bef2b3f09e9f48b7d60a8d7d2d3800c6e,1,9000000000000000000000,9000.0000000000000000
2024-08-01,48,1427662229,99a58482bd75cbab83b27ec03ca68ff489b5788f,1,7701581169913549985203,7701.5811699135499852
2024-08-01,49,1993547774,6a50353e2b7f2f96a7c5680c51b9f32565b04195,1,6515723142180013899163,6515.7231421800138992
2024-08-01,50,2080679857,a9048585166f4f7c4589ade19567bb538035ed36,1,5010204985722602281077,5010.2049857226022811
2024-08-01,51,2128272180,ae11b95c8ebb5247548c279a00120b0acadc7451,1,4011079834179865776362,4011.0798341798657764
2024-08-01,52,1379477437,25e9aca5951262241290841b6f863d59d37dc4f0,1,1999528101887379629114,1999.5281018873796291
2024-08-01,53,743899457,23ddd3e3692d1861ed57ede224608875809e127f,1,1099999999999999999999,1100.0000000000000000
2024-08-01,54,821344937,97e7d56a0408570ba1a7852de36350f7713906ec,1,1003473677933469313360,1003.4736779334693134
2024-08-01,55,2000202299,888888888889758f76e7103c6cbf23abbf58f946,1,1000412433148479305041,1000.4124331484793050
2024-08-01,56,1632603568,8d46f6e3b726d17139238d8d1d372838be422dbe,1,1000000000000000000000,1000.0000000000000000
2024-08-01,57,1351302712,dbe88dbac39263c47629ebba02b3ef4cf0752a72,1,570000000000000000000,570.0000000000000000
2024-08-01,58,1894118621,2927d7d70943290529adc517e8e2dc1eee7818b6,1,412684302762203254161,412.6843027622032542
2024-08-01,59,2112222254,07e594aa718bb872b526e93eed830a8d2a6a1071,1,362271715944480185922,362.2717159444801859
2024-08-01,60,1734144281,a310c7672471325d53f9c308ec0f3346aaf5c0e1,1,150516901614368554141,150.5169016143685541
2024-08-01,61,1889100952,34c0bd5877a5ee7099d0f5688d65f4bb9158bde2,1,91098865313811596697,91.0988653138115967
2024-08-01,62,1599714282,1715a3e4a142d8b698131108995174f37aeba10d,1,54835000000000000000,54.8350000000000000
2024-08-01,63,1185687877,2397321b301b80a1c0911d6f9ed4b6033d43cf51,1,21022892156402719270,21.0228921564027193
2024-08-01,64,1737807016,ecc19e177d24551aa7ed6bc6fe566eca726cc8a9,1,14736871000000000000,14.7368710000000000
2024-08-01,65,968003125,1111111254fb6c44bac0bed2854e76f90643097d,1,13331743847459771161,13.3317438474597712
2024-08-01,66,1543101446,6aa981bff95edfea36bdae98c26b274ffcafe8d3,1,11079251474839947395,11.0792514748399474
2024-08-01,67,1571255820,3998c52fd9a9e02374f201e1692704705796cef7,1,10567701280000000000,10.5677012800000000
2024-08-01,68,2125405269,be42a8ac378ff7510045ba603eb0fd63f071b699,1,10000934316703618681,10.0009343167036187
2024-08-01,69,2114671401,88dfb9370fe350aa51ade31c32549d4d3a24faf2,1,7027207006205806900,7.0272070062058069
2024-08-01,70,-2620880,414c061683a8224dfec0b15b799b4d22f652d4c4,1,4000000000000000000,4.0000000000000000
2024-08-01,71,922391881,b84bafe375a998f1dc32c6298ec3563a380917b3,1,3587126023223416205,3.5871260232234162
2024-08-01,72,571979151,fcc1b0aaeb2b9063ab34fdfbb3eedc2ff30ae4f2,1,3080000000000000000,3.0800000000000000
2024-08-01,73,1184356756,8206412c107ef1adb70b9277974f5163760e128e,1,628697661207848596,0.62869766120784859600
2024-08-01,74,2116552411,683ab940b2740ef8d9eea0d32d9b371fbc56d26b,1,497623296753475632,0.49762329675347563200
2024-08-01,75,1105932400,00000000009726632680fb29d3f7a9734e3010e2,1,448058996721015038,0.44805899672101503800
2024-08-01,76,1535693651,3a23f943181408eac424116af7b7790c94cb97a5,1,285423374775196089,0.28542337477519608900
2024-08-01,77,1213241679,dcef968d416a41cdac0ed8702fac8128a64241a2,1,86078311460847135,0.08607831146084713500
2024-08-01,78,1742888369,e37e799d5077682fa0a244d46e5649f71457bd09,1,26952142260000000,0.02695214226000000000
2024-08-01,79,1939486770,7093f6141293f7c4f67e5efd922ac934402e452d,1,0,0E-36
2024-09-01,1,881197687,9008d19f58aabd9ed0d60971565aa8510560ab41,16,968895506420056124929964,968895.506420056125
2024-09-01,2,2088341827,16c6521dff6bab339122a0fe25a9116693265353,14,392865817916026025037050,392865.817916026025
2024-09-01,3,1292509309,31351bf3fba544863fbff44ddc27ba880916a199,12,130776243028213551254,130.7762430282135513
2024-09-01,4,1663246624,cf5540fffcdc3d510b18bfca6d2b9987b0772559,11,479621730751180113011088,479621.730751180113
2024-09-01,5,-15017199,6914eccf50837dc61b43ee478a9bd9b439648956,7,24940000000000000000000,24940.000000000000
2024-09-01,6,1381791786,1111111254eeb25477b68fb85ed929f73a960582,6,69380401143795990600252,69380.401143795991
2024-09-01,7,888341279,c2a856c3aff2110c1171b8f942256d40e980c726,6,6410966045471416511969,6410.9660454714165120
2024-09-01,8,1586252096,3fc91a3afd70395cd496c647d5a6cc9d4b2b7fad,6,782192188773339355556,782.1921887733393556
2024-09-01,9,1765964642,a663b02cf0a4b149d2ad41910cb81e23e1c41c32,5,76434871380565693583252,76434.871380565694
2024-09-01,10,1306898428,32467a5fc2d72d21e8dce990906547a2b012f382,5,281196581000000000000,281.1965810000000000
2024-09-01,11,1913857066,5e1d94021484642863ea8e7cb4f0188e56b18fee,4,154154536099990000000000,154154.536099990000
2024-09-01,12,1184424559,8300f0528e00ad33b218bb05d396f61a9fdd68cd,4,4481403519507037230,4.4814035195070372
2024-09-01,13,1612993533,0cd6f267b2086bea681e922e19d40512511be538,3,228724299933526880348187,228724.299933526880
2024-09-01,14,1850762874,5dc1bf6f1e983c0b21efb003c105133736fa0743,3,100316281608619432655690,100316.281608619433
2024-09-01,15,796495726,c63b0708e2f7e69cb8a1df0e1389a98c35a76d52,3,12704575793514391554163,12704.575793514392
2024-09-01,16,1728729509,f081470f5c6fbccf48cc4e5b82dd926409dcdd67,3,1037405254356834379584,1037.4052543568343796
2024-09-01,17,530746224,abea9132b05a70803a4e85094fd0e1800777fbef,3,147781375470000000000,147.7813754700000000
2024-09-01,18,616036061,74de5d4fcbf63e00296fd95d33236b9794016631,3,28956551105712818289,28.9565511057128183
2024-09-01,19,934876971,378ba9b73309be80bf4c2c027aad799766a7ed5a,3,5870869810219211008,5.8708698102192110
2024-09-01,20,1984880881,eca60a11c49486088ad7c5e4ad7dae2c061dbb1c,2,120000000000000000000000,120000.000000000000
2024-09-01,21,1235298661,08780fb7e580e492c1935bee4fa5920b94aa95da,2,51939909826697389621104,51939.909826697390
2024-09-01,22,1967110213,909dbde1ebe906af95660033e478d59efe831fed,2,36644970202000000000000,36644.970202000000
2024-09-01,23,1880769512,ea749fd6ba492dbc14c24fe8a3d08769229b896c,2,36302856393464543285021,36302.856393464543
2024-09-01,24,1946768028,1ee81c56e42ec34039d993d12410d437ddea341e,2,34278549667613750629971,34278.549667613751
2024-09-01,25,1530950356,ade1e3b40b58e51df923cfbffcfb3502a5b07d1a,2,34005362930710328713964,34005.362930710329
2024-09-01,26,893398926,def171fe48cf0115b1d80b88dc8eab59176fee57,2,14892318904061432453334,14892.318904061432
2024-09-01,27,1392664436,15ada72a3b52a88e25ddd2cc2ba1120234e34bb0,2,5864523199980000000000,5864.5231999800000000
2024-09-01,28,2122197304,f2614a233c7c3e7f08b1f887ba133a13f1eb2c55,2,5006559436022801154029,5006.5594360228011540
2024-09-01,29,1392975949,b8f275fbf7a959f4bce59999a2ef122a099e81a8,2,1123503538015563165230,1123.5035380155631652
2024-09-01,30,1292422842,03b59bd1c8b9f6c265ba0c3421923b93f15036fa,2,501907890967774002335,501.9078909677740023
2024-09-01,31,1292507684,56695c26b3cdb528815cd22ff7b47510ab821efd,2,152803777823247552476,152.8037778232475525
2024-09-01,32,697997440,ec8c342bc3e07f05b9a782bc34e7f04fb9b44502,2,23540589816008169943,23.5405898160081699
2024-09-01,33,1306887388,794f6b13fbd7eb7ef10d1ed205c9a416910207ff,2,0,0E-36
2024-09-01,34,2068491642,0f4a1d7fdf4890be35e71f3e0bbc4a0ec377eca3,1,120432818632385110413753,120432.818632385110
2024-09-01,35,1392413668,dae210bfb0cf8c81edb4b459e2e0ba14d553e2d9,1,118651220499990000000000,118651.220499990000
2024-09-01,36,743899457,23ddd3e3692d1861ed57ede224608875809e127f,1,40165313084626429887593,40165.313084626430
2024-09-01,37,1889100952,34c0bd5877a5ee7099d0f5688d65f4bb9158bde2,1,40000000000000000000000,40000.000000000000
2024-09-01,38,1899934735,111111125421ca6dc452d289314280a0f8842a65,1,34066054076447714215361,34066.054076447714
2024-09-01,39,1392421667,85c5f05ae4cb68190c695a22b292c3ba90696128,1,25372417000000000000000,25372.417000000000
2024-09-01,40,1490507434,00000000009e50a7ddb7a7b0e2ee6604fd120e49,1,6355005763018187904916,6355.0057630181879049
2024-09-01,41,1984866388,b5ae5b75c0df5632c572a657109375646ce66f90,1,5500000000000000000000,5500.0000000000000000
2024-09-01,42,1364872031,1231deb6f5749ef6ce6943a275a1d3e7486f4eae,1,4350226214941705273649,4350.2262149417052736
2024-09-01,43,1351302712,dbe88dbac39263c47629ebba02b3ef4cf0752a72,1,4291000000000000000000,4291.0000000000000000
2024-09-01,44,1495139163,78bb3aec3d855431bd9289fd98da13f9ebb7ef15,1,4000000000000000000000,4000.0000000000000000
2024-09-01,45,583481113,40ec5b33f54e0e8a33a975908c5ba1c14e5bbbdf,1,900047012568929322791,900.0470125689293228
2024-09-01,46,2000202299,888888888889758f76e7103c6cbf23abbf58f946,1,584386357864364055449,584.3863578643640554
2024-09-01,47,1308469390,5de4ef4879f4fe3bbadf2227d2ac5d0e2d76c895,1,558874614736451917924,558.8746147364519179
2024-09-01,48,1109254690,1eed2dbeb9fc23ab483f447f38f289ca15f79bac,1,516815798698086712275,516.8157986980867123
2024-09-01,49,1535911112,82ec28636b77661a95f021090f6be0c8d379dd5d,1,400000000000000000000,400.0000000000000000
2024-09-01,50,1311229664,07af6bb51d6ad0cf126e3ed2dee6eac34bf094f8,1,299999877487513577083,299.9998774875135771
2024-09-01,51,1836498420,5cc9400ffb4da168cf271e912f589462c3a00d1f,1,275012550509030504045,275.0125505090305040
2024-09-01,52,1394911941,fa0f307783ac21c39e939acff795e27b650f6e68,1,51919696000000000000,51.9196960000000000
2024-09-01,53,667248779,e1573b9d29e2183b1af0e743dc2754979a40d237,1,46355357191928243232,46.3553571919282432
2024-09-01,54,667300213,97c4adc5d28a86f9470c70dd91dc6cc2f20d2d4d,1,34547175060775881594,34.5471750607758816
2024-09-01,55,1155713594,80aca0c645fedabaa20fd2bf0daf57885a309fe6,1,24184427423693295069,24.1844274236932951
2024-09-01,56,1452205367,4579709627ca36bce92f51ac975746f431890930,1,12000000000000000000,12.0000000000000000
2024-09-01,57,546716445,22f9dcf4647084d6c31b2765f6910cd85c178c18,1,9958211620006487120,9.9582116200064871
2024-09-01,58,1523369504,1c9a2d6b33b4826757273d47ebee0e2dddcd978b,1,4000000000000000000,4.0000000000000000
2024-09-01,59,2116722715,1d7405df25fd2fe80390da3a696dcfd5120ca9ce,1,3194147158154707782,3.1941471581547078
2024-09-01,60,802858328,10581399a549dbfffdbd9b070a0ba2f9f61620d2,1,3007770055279238745,3.0077700552792387
2024-09-01,61,1327972469,fa38f3717dad95085ff725aa93608af3fa1d9e58,1,0,0E-36
2024-10-01,1,1850762874,5dc1bf6f1e983c0b21efb003c105133736fa0743,16,228333582360756356303304,228333.582360756356
2024-10-01,2,2088341827,16c6521dff6bab339122a0fe25a9116693265353,9,353373306568480564081168,353373.306568480564
2024-10-01,3,-15017199,6914eccf50837dc61b43ee478a9bd9b439648956,7,16445411296423675385289,16445.411296423675
2024-10-01,4,1292507684,56695c26b3cdb528815cd22ff7b47510ab821efd,6,4996742152587276020405,4996.7421525872760204
2024-10-01,5,1292509309,31351bf3fba544863fbff44ddc27ba880916a199,6,58121958849135716833,58.1219588491357168
2024-10-01,6,1913857066,5e1d94021484642863ea8e7cb4f0188e56b18fee,4,323919760499990000000000,323919.760499990000
2024-10-01,7,1392664436,15ada72a3b52a88e25ddd2cc2ba1120234e34bb0,4,13133324399970000000000,13133.324399970000
2024-10-01,8,546716445,22f9dcf4647084d6c31b2765f6910cd85c178c18,4,141469128747495506690,141.4691287474955067
2024-10-01,9,1663246624,cf5540fffcdc3d510b18bfca6d2b9987b0772559,3,105847953654046813743099,105847.953654046814
2024-10-01,10,881197687,9008d19f58aabd9ed0d60971565aa8510560ab41,3,75654361153001618021239,75654.361153001618
2024-10-01,11,1967110213,909dbde1ebe906af95660033e478d59efe831fed,3,69193555174000000000000,69193.555174000000
2024-10-01,12,1586252096,3fc91a3afd70395cd496c647d5a6cc9d4b2b7fad,3,2563317337314436121889,2563.3173373144361219
2024-10-01,13,616036061,74de5d4fcbf63e00296fd95d33236b9794016631,3,104787854558121959751,104.7878545581219598
2024-10-01,14,1573555469,b5e7f9cb9d3897808658f1991ad32912959b42e2,3,8172507865569162845,8.1725078655691628
2024-10-01,15,1495139163,78bb3aec3d855431bd9289fd98da13f9ebb7ef15,2,1924534115014852697003853,1924534.115014852697
2024-10-01,16,796495726,c63b0708e2f7e69cb8a1df0e1389a98c35a76d52,2,2726681532872086395851,2726.6815328720863959
2024-10-01,17,1381791786,1111111254eeb25477b68fb85ed929f73a960582,2,975501829818420311902,975.5018298184203119
2024-10-01,18,530746224,abea9132b05a70803a4e85094fd0e1800777fbef,2,65049463842000000000,65.0494638420000000
2024-10-01,19,2054943978,6a000f20005980200259b80c5102003040001068,2,38496490919458134713,38.4964909194581347
2024-10-01,20,-69766450,d2b44c944d0d848b1f8f7619036a69862e72b9ff,1,600000000000000000000000,600000.000000000000
2024-10-01,21,1612993533,0cd6f267b2086bea681e922e19d40512511be538,1,191726156799569185462117,191726.156799569185
2024-10-01,22,2068491642,0f4a1d7fdf4890be35e71f3e0bbc4a0ec377eca3,1,95295159069786779738586,95295.159069786780
2024-10-01,23,1728729509,f081470f5c6fbccf48cc4e5b82dd926409dcdd67,1,37140574734590192183977,37140.574734590192
2024-10-01,24,1392418668,a381d58e96ec3818c825e1fb264099448945cf8b,1,30096793499990000000000,30096.793499990000
2024-10-01,25,2116722715,1d7405df25fd2fe80390da3a696dcfd5120ca9ce,1,25052298990457935541853,25052.298990457936
2024-10-01,26,1724861391,d29ade8753570dae1740d7c58f75efa60db5e446,1,23039799810271604888502,23039.799810271605
2024-10-01,27,1530950356,ade1e3b40b58e51df923cfbffcfb3502a5b07d1a,1,20642242611847668982825,20642.242611847669
2024-10-01,28,1392975949,b8f275fbf7a959f4bce59999a2ef122a099e81a8,1,7925042157430409839109,7925.0421574304098391
2024-10-01,29,1889100952,34c0bd5877a5ee7099d0f5688d65f4bb9158bde2,1,5309442522304774935546,5309.4425223047749355
2024-10-01,30,2106851551,c38e4e6a15593f908255214653d3d947ca1c2338,1,5000408341280926136740,5000.4083412809261367
2024-10-01,31,733908697,d632f22692fac7611d2aa1c0d552930d43caed3b,1,3786185988123362247641,3786.1859881233622476
2024-10-01,32,979822284,c14900dfb1aa54e7674e1ecf9ce02b3b35157ba5,1,3054098199999999999999,3054.0982000000000000
2024-10-01,33,1351646374,3835a58ca93cdb5f912519ad366826ac9a752510,1,2000000000000000000000,2000.0000000000000000
2024-10-01,34,1939495578,0601b72bef2b3f09e9f48b7d60a8d7d2d3800c6e,1,1650000000000000000000,1650.0000000000000000
2024-10-01,35,1664375120,d4e245848d6e1220dbe62e155d89fa327e43cb06,1,200000000000000000000,200.0000000000000000
2024-10-01,36,1107815223,1907715849c2b009e619eef0895346599ad3ab3f,1,200000000000000000000,200.0000000000000000
2024-10-01,37,1281772401,d0ce021bceff33ca74c7b26a108fbbef75bc060d,1,167340000000000000000,167.3400000000000000
2024-10-01,38,1394911941,fa0f307783ac21c39e939acff795e27b650f6e68,1,157814254000000000000,157.8142540000000000
2024-10-01,39,2106713580,e6b1de575e7e610889ea21024834e120f92033a3,1,92057899940353473147,92.0578999403534731
2024-10-01,40,2133239263,cb39b35cac71086e38abc9dc1c787102a6d6f156,1,51664585415170864473,51.6645854151708645
2024-10-01,41,2122197304,f2614a233c7c3e7f08b1f887ba133a13f1eb2c55,1,36267754050371445706,36.2677540503714457
2024-10-01,42,1185687877,2397321b301b80a1c0911d6f9ed4b6033d43cf51,1,21101306007179362484,21.1013060071793625
2024-10-01,43,968003125,1111111254fb6c44bac0bed2854e76f90643097d,1,9818772641323565828,9.8187726413235658
2024-10-01,44,893398926,def171fe48cf0115b1d80b88dc8eab59176fee57,1,7665534777807854157,7.6655347778078542
2024-10-01,45,1899934735,111111125421ca6dc452d289314280a0f8842a65,1,5010053851132696957,5.0100538511326970
2024-10-01,46,667282315,fd0a40bc83c5fae4203dec7e5929b446b07d1c76,1,1279981364056624401,1.2799813640566244
2024-10-01,47,1351302712,dbe88dbac39263c47629ebba02b3ef4cf0752a72,1,0,0E-36
2024-11-01,1,1913857066,5e1d94021484642863ea8e7cb4f0188e56b18fee,10,1496667721999980000000000,1496667.721999980000
2024-11-01,2,881197687,9008d19f58aabd9ed0d60971565aa8510560ab41,9,241735491338285650112821,241735.491338285650
2024-11-01,3,1850762874,5dc1bf6f1e983c0b21efb003c105133736fa0743,9,30480245073226565552087,30480.245073226566
2024-11-01,4,1586252096,3fc91a3afd70395cd496c647d5a6cc9d4b2b7fad,9,13650931176196161000797,13650.931176196161
2024-11-01,5,1392664436,15ada72a3b52a88e25ddd2cc2ba1120234e34bb0,9,7448971800000000000000,7448.9718000000000000
2024-11-01,6,2088341827,16c6521dff6bab339122a0fe25a9116693265353,6,96380975613271165991832,96380.975613271166
2024-11-01,7,1292509309,31351bf3fba544863fbff44ddc27ba880916a199,5,105149928859104452303,105.1499288591044523
2024-11-01,8,1664375120,d4e245848d6e1220dbe62e155d89fa327e43cb06,4,67195395061379172010468,67195.395061379172
2024-11-01,9,1381791786,1111111254eeb25477b68fb85ed929f73a960582,4,63339298873948305873556,63339.298873948306
2024-11-01,10,616036061,74de5d4fcbf63e00296fd95d33236b9794016631,4,125488122758889791346,125.4881227588897913
2024-11-01,11,1392421667,85c5f05ae4cb68190c695a22b292c3ba90696128,3,218745375299990000000000,218745.375299990000
2024-11-01,12,888341279,c2a856c3aff2110c1171b8f942256d40e980c726,3,14722771883543489664661,14722.771883543490
2024-11-01,13,1392975949,b8f275fbf7a959f4bce59999a2ef122a099e81a8,3,14640349067300500161560,14640.349067300500
2024-11-01,14,1364872031,1231deb6f5749ef6ce6943a275a1d3e7486f4eae,3,5094474076619152457424,5094.4740766191524574
2024-11-01,15,546716445,22f9dcf4647084d6c31b2765f6910cd85c178c18,3,7117048638214997860,7.1170486382149979
2024-11-01,16,733908697,d632f22692fac7611d2aa1c0d552930d43caed3b,2,548058678642372307255119,548058.678642372307
2024-11-01,17,1765964642,a663b02cf0a4b149d2ad41910cb81e23e1c41c32,2,107816674705589923991565,107816.674705589924
2024-11-01,18,1351293871,a1d100a5bf6bfd2736837c97248853d989a9ed84,2,73911137998000000000000,73911.137998000000
2024-11-01,19,-15017199,6914eccf50837dc61b43ee478a9bd9b439648956,2,52000000000000000000000,52000.000000000000
2024-11-01,20,-103393091,45312ea0eff7e09c83cbe249fa1d7598c4c8cd4e,2,42748043268634839975969,42748.043268634840
2024-11-01,21,1899934735,111111125421ca6dc452d289314280a0f8842a65,2,31583753040059766313122,31583.753040059766
2024-11-01,22,1351302712,dbe88dbac39263c47629ebba02b3ef4cf0752a72,2,25650000000000000000000,25650.000000000000
2024-11-01,23,1213241679,dcef968d416a41cdac0ed8702fac8128a64241a2,2,1253798935268193390264,1253.7989352681933903
2024-11-01,24,1292507684,56695c26b3cdb528815cd22ff7b47510ab821efd,2,943443669883642651995,943.4436698836426520
2024-11-01,25,1306898428,32467a5fc2d72d21e8dce990906547a2b012f382,2,598116552000000000000,598.1165520000000000
2024-11-01,26,583481113,40ec5b33f54e0e8a33a975908c5ba1c14e5bbbdf,2,110000000000000000000,110.0000000000000000
2024-11-01,27,802858328,10581399a549dbfffdbd9b070a0ba2f9f61620d2,2,15028686015225467078,15.0286860152254671
2024-11-01,28,2105845464,55877bd7f2ee37bde55ca4b271a3631f3a7ef121,2,4857387231276107649,4.8573872312761076
2024-11-01,29,1573555469,b5e7f9cb9d3897808658f1991ad32912959b42e2,2,2312958659888652723,2.3129586598886527
2024-11-01,30,1984880881,eca60a11c49486088ad7c5e4ad7dae2c061dbb1c,1,180000000000000000000000,180000.000000000000
2024-11-01,31,2000202299,888888888889758f76e7103c6cbf23abbf58f946,1,104307619773296896122930,104307.619773296896
2024-11-01,32,796495726,c63b0708e2f7e69cb8a1df0e1389a98c35a76d52,1,56608663034833898176975,56608.663034833898
2024-11-01,33,2136607967,76ff120ff669591b7cb5452995c0269437bea414,1,40000000000000000000000,40000.000000000000
2024-11-01,34,870406049,b1cfdc7370550f5e421e1bf0bf3cadfadf3c4141,1,36944895677132250568162,36944.895677132251
2024-11-01,35,1984866388,b5ae5b75c0df5632c572a657109375646ce66f90,1,34017147516000000000000,34017.147516000000
2024-11-01,36,1351646374,3835a58ca93cdb5f912519ad366826ac9a752510,1,33000000000000000000000,33000.000000000000
2024-11-01,37,743899457,23ddd3e3692d1861ed57ede224608875809e127f,1,21669000000000000000000,21669.000000000000
2024-11-01,38,1889100952,34c0bd5877a5ee7099d0f5688d65f4bb9158bde2,1,20000000000000000000000,20000.000000000000
2024-11-01,39,-26519314,fe837a3530dd566401d35befcd55582af7c4dffc,1,10032614839080069905217,10032.6148390800699052
2024-11-01,40,1392416598,43959a388603dcb6b02ca084a55d4c7f3b442c57,1,9566295700000000000000,9566.2957000000000000
2024-11-01,41,944491348,839a989be40f2d60f00beeb648903732c041cbd7,1,8732947174123465058363,8732.9471741234650584
2024-11-01,42,1392406501,06fa869caa1160754c6a0b744da6454c5ea325d4,1,8596104799990000000000,8596.1047999900000000
2024-11-01,43,1235298661,08780fb7e580e492c1935bee4fa5920b94aa95da,1,5492074360174952692455,5492.0743601749526925
2024-11-01,44,1967110213,909dbde1ebe906af95660033e478d59efe831fed,1,5000313031000000000000,5000.3130310000000000
2024-11-01,45,390058,af8c992578bcd951bd9d92e12220eb8bcfbf6539,1,3563246954492370272098,3563.2469544923702721
2024-11-01,46,1392405051,fb788f9e20ef426a32a67986654750172a6c1788,1,2884542399990000000000,2884.5423999900000000
2024-11-01,47,1306887388,794f6b13fbd7eb7ef10d1ed205c9a416910207ff,1,2500000000000000000000,2500.0000000000000000
2024-11-01,48,1495139163,78bb3aec3d855431bd9289fd98da13f9ebb7ef15,1,2000000000000000000000,2000.0000000000000000
2024-11-01,49,2054943978,6a000f20005980200259b80c5102003040001068,1,1002166978004619427219,1002.1669780046194272
2024-11-01,50,1328247616,8c240c385305aeb2d5ceb60425aabcb3488fa93d,1,600000000000000000000,600.0000000000000000
2024-11-01,51,1318473096,85d47050507fd4f758ed0703896b844b7de19ff6,1,348587162158422255136,348.5871621584222551
2024-11-01,52,2061959543,5b93d80da1a359340d1f339fb574bdc56763f995,1,107576787801613224927,107.5767878016132249
2024-11-01,53,667300213,97c4adc5d28a86f9470c70dd91dc6cc2f20d2d4d,1,100434497833351715864,100.4344978333517159
2024-11-01,54,1379477437,25e9aca5951262241290841b6f863d59d37dc4f0,1,50209888541875596790,50.2098885418755968
2024-11-01,55,530746224,abea9132b05a70803a4e85094fd0e1800777fbef,1,40804461000000000000,40.8044610000000000
2024-11-01,56,1589371703,a2fde9de6e6ebfe068d3ec0b515669817a9c3808,1,29451759940274120652,29.4517599402741207
2024-11-01,57,968003125,1111111254fb6c44bac0bed2854e76f90643097d,1,29402374742411014676,29.4023747424110147
2024-11-01,58,697997440,ec8c342bc3e07f05b9a782bc34e7f04fb9b44502,1,28795615729495173318,28.7956157294951733
2024-11-01,59,2020978733,d5e74de4385ef0eb1bb4db05a6a504f04d92e79d,1,9994959599730617098,9.9949595997306171
2024-11-01,60,667282315,fd0a40bc83c5fae4203dec7e5929b446b07d1c76,1,4782871878118470513,4.7828718781184705
2024-11-01,61,1145580966,9a834b70c07c81a9fcd6f22e842bf002fbffbe4d,1,500699086523689489,0.50069908652368948900
2024-12-01,1,881197687,9008d19f58aabd9ed0d60971565aa8510560ab41,12,551872181186495173404849,551872.181186495173
2024-12-01,2,1913857066,5e1d94021484642863ea8e7cb4f0188e56b18fee,11,408519540499950000000000,408519.540499950000
2024-12-01,3,1292509309,31351bf3fba544863fbff44ddc27ba880916a199,11,419226423176939852304,419.2264231769398523
2024-12-01,4,1663246624,cf5540fffcdc3d510b18bfca6d2b9987b0772559,9,1556579398305153102730429,1556579.398305153103
2024-12-01,5,-19078254,eb078b73480913da1600db247478ded62fd0e3c4,9,9500000000000000000000,9500.0000000000000000
2024-12-01,6,1586252096,3fc91a3afd70395cd496c647d5a6cc9d4b2b7fad,6,342125816793244601071,342.1258167932446011
2024-12-01,7,934876971,378ba9b73309be80bf4c2c027aad799766a7ed5a,6,177314687200522807296,177.3146872005228073
2024-12-01,8,1850762874,5dc1bf6f1e983c0b21efb003c105133736fa0743,5,833959119969054321424793,833959.119969054321
2024-12-01,9,1235298661,08780fb7e580e492c1935bee4fa5920b94aa95da,5,210799893130207665784276,210799.893130207666
2024-12-01,10,1381791786,1111111254eeb25477b68fb85ed929f73a960582,5,175264228653228271902740,175264.228653228272
2024-12-01,11,1364872031,1231deb6f5749ef6ce6943a275a1d3e7486f4eae,5,7029543518934509112191,7029.5435189345091122
2024-12-01,12,616036061,74de5d4fcbf63e00296fd95d33236b9794016631,5,5055347114280226241090,5055.3471142802262411
2024-12-01,13,2145174805,70bf6634ee8cb27d04478f184b9b8bb13e5f4710,4,243347873862857424365253,243347.873862857424
2024-12-01,14,1351646374,3835a58ca93cdb5f912519ad366826ac9a752510,4,225000000000000000000000,225000.000000000000
2024-12-01,15,1379477437,25e9aca5951262241290841b6f863d59d37dc4f0,4,220752276666793959474093,220752.276666793959
2024-12-01,16,1664375120,d4e245848d6e1220dbe62e155d89fa327e43cb06,4,1224134595228275249576,1224.1345952282752496
2024-12-01,17,1392421667,85c5f05ae4cb68190c695a22b292c3ba90696128,3,223006441199980000000000,223006.441199980000
2024-12-01,18,-103393091,45312ea0eff7e09c83cbe249fa1d7598c4c8cd4e,3,79422554287033932385996,79422.554287033932
2024-12-01,19,888341279,c2a856c3aff2110c1171b8f942256d40e980c726,3,52732300417641991599720,52732.300417641992
2024-12-01,20,1351293871,a1d100a5bf6bfd2736837c97248853d989a9ed84,3,43000000000000000000000,43000.000000000000
2024-12-01,21,1308469390,5de4ef4879f4fe3bbadf2227d2ac5d0e2d76c895,3,1588587842237766543741,1588.5878422377665437
2024-12-01,22,691983075,a79828df1850e8a3a3064576f380d90aecdd3359,2,306026141364298753019112,306026.141364298753
2024-12-01,23,733908697,d632f22692fac7611d2aa1c0d552930d43caed3b,2,184892899011026177870501,184892.899011026178
2024-12-01,24,1765964642,a663b02cf0a4b149d2ad41910cb81e23e1c41c32,2,118914453310209083216864,118914.453310209083
2024-12-01,25,796495726,c63b0708e2f7e69cb8a1df0e1389a98c35a76d52,2,54555919800191681062720,54555.919800191681
2024-12-01,26,743899457,23ddd3e3692d1861ed57ede224608875809e127f,2,48242046447931364560526,48242.046447931365
2024-12-01,27,2054943978,6a000f20005980200259b80c5102003040001068,2,40147560780525953619069,40147.560780525954
2024-12-01,28,2061959543,5b93d80da1a359340d1f339fb574bdc56763f995,2,40076706079791841514003,40076.706079791842
2024-12-01,29,1292422842,03b59bd1c8b9f6c265ba0c3421923b93f15036fa,2,12562881848505572649067,12562.881848505573
2024-12-01,30,1967110213,909dbde1ebe906af95660033e478d59efe831fed,2,11541939410000000000000,11541.939410000000
2024-12-01,31,1306898428,32467a5fc2d72d21e8dce990906547a2b012f382,2,5000000000000000000000,5000.0000000000000000
2024-12-01,32,1392664436,15ada72a3b52a88e25ddd2cc2ba1120234e34bb0,2,2378661899990000000000,2378.6618999900000000
2024-12-01,33,1392975949,b8f275fbf7a959f4bce59999a2ef122a099e81a8,2,1047169359171603814741,1047.1693591716038147
2024-12-01,34,530746224,abea9132b05a70803a4e85094fd0e1800777fbef,2,60883201976000000000,60.8832019760000000
2024-12-01,35,1636575522,69460570c93f9de5e2edbc3052bf10125f0ca22d,2,1328521599223468631,1.3285215992234686
2024-12-01,36,1946768028,1ee81c56e42ec34039d993d12410d437ddea341e,1,202667102866907520941036,202667.102866907521
2024-12-01,37,1612993533,0cd6f267b2086bea681e922e19d40512511be538,1,200060564035980005044415,200060.564035980005
2024-12-01,38,1899934735,111111125421ca6dc452d289314280a0f8842a65,1,100400275616380116105080,100400.275616380116
2024-12-01,39,1728729509,f081470f5c6fbccf48cc4e5b82dd926409dcdd67,1,60584822215974935870294,60584.822215974936
2024-12-01,40,2034769534,29c17d2b27304418a85f44b67891dd5bc32e3897,1,55000000000000000000000,55000.000000000000
2024-12-01,41,821344937,97e7d56a0408570ba1a7852de36350f7713906ec,1,52027563720373776084123,52027.563720373776
2024-12-01,42,1984866388,b5ae5b75c0df5632c572a657109375646ce66f90,1,50000014776901399595040,50000.014776901400
2024-12-01,43,-79620546,0000000000bbf5c5fd284e657f01bd000933c96d,1,40129208733008821951898,40129.208733008822
2024-12-01,44,2145165906,12d737470fb3ec6c3deec9b518100bec9d520144,1,40021432043766720208393,40021.432043766720
2024-12-01,45,1311229664,07af6bb51d6ad0cf126e3ed2dee6eac34bf094f8,1,25037772484581173242307,25037.772484581173
2024-12-01,46,-15017199,6914eccf50837dc61b43ee478a9bd9b439648956,1,20000000000000000000000,20000.000000000000
2024-12-01,47,1328247616,8c240c385305aeb2d5ceb60425aabcb3488fa93d,1,10000000000000000000000,10000.0000000000000000
2024-12-01,48,1392413668,dae210bfb0cf8c81edb4b459e2e0ba14d553e2d9,1,8484527599990000000000,8484.5275999900000000
2024-12-01,49,2136607967,76ff120ff669591b7cb5452995c0269437bea414,1,2500000000000000000000,2500.0000000000000000
2024-12-01,50,1972738262,510212a1eabae4bddf920faa6344d5dcd3287b03,1,1505966568880839852032,1505.9665688808398520
2024-12-01,51,2087290321,60e1a5714ab98f4ba55811c45899fb425433bb65,1,1190177463318470613360,1190.1774633184706134
2024-12-01,52,807418302,8031eec1118d1321387b1870f32984f72b447b04,1,998000000000000000000,998.0000000000000000
2024-12-01,53,1109254690,1eed2dbeb9fc23ab483f447f38f289ca15f79bac,1,670657268805735650100,670.6572688057356501
2024-12-01,54,-53668650,5434ed2d9f5737986858de127545e8a2fb6eb6ae,1,557270243590485115121,557.2702435904851151
2024-12-01,55,-25649484,53eaa4c90d6c364c1d7102870483a45e03c02976,1,110936989010143503534,110.9369890101435035
2024-12-01,56,583481113,40ec5b33f54e0e8a33a975908c5ba1c14e5bbbdf,1,100000000000000000000,100.0000000000000000
2024-12-01,57,1392405051,fb788f9e20ef426a32a67986654750172a6c1788,1,64864099990000000000,64.8640999900000000
2024-12-01,58,546716445,22f9dcf4647084d6c31b2765f6910cd85c178c18,1,50586519667964484149,50.5865196679644841
2024-12-01,59,1587123400,a7ca2c8673bcfa5a26d8ceec2887f2cc2b0db22a,1,38784842392228087473,38.7848423922280875
2024-12-01,60,697997440,ec8c342bc3e07f05b9a782bc34e7f04fb9b44502,1,34337140635263503985,34.3371406352635040
2024-12-01,61,1589371703,a2fde9de6e6ebfe068d3ec0b515669817a9c3808,1,25968222700110281486,25.9682227001102815
2024-12-01,62,1063226562,fb473a4881b905b95de4047835a9388ae7513c94,1,20000000000000000000,20.0000000000000000
2024-12-01,63,1685736544,2dfadab8266483bed9fd9a292ce56596a2d1378d,1,4007791308265778087,4.0077913082657781
2024-12-01,64,1331609912,bd6c7b0d2f68c2b7805d88388319cfb6ecb50ea9,1,3509033803183072947,3.5090338031830729
2024-12-01,65,2068491642,0f4a1d7fdf4890be35e71f3e0bbc4a0ec377eca3,1,1069669468068839008,1.0696694680688390
2024-12-01,66,2007168856,86f55007bbca77f3b896fb4ad007910cc8e5f751,1,306553685237840969,0.30655368523784096900
2024-12-01,67,1573555469,b5e7f9cb9d3897808658f1991ad32912959b42e2,1,111572684662719193,0.11157268466271919300
2024-12-01,68,945823832,6352a56caadc4f1e25cd6c75970fa768a3304e64,1,1,1.000000000000000000E-18
2024-12-01,69,1543682825,c779fee076eb04b9f8ea424ec19de27efd17a68d,1,0,0E-36
2024-12-01,70,1351302712,dbe88dbac39263c47629ebba02b3ef4cf0752a72,1,0,0E-36
2024-12-01,71,1306887388,794f6b13fbd7eb7ef10d1ed205c9a416910207ff,1,0,0E-36
2025-01-01,1,1292509309,31351bf3fba544863fbff44ddc27ba880916a199,88,489654128481830680687,489.6541284818306807
2025-01-01,2,1913857066,5e1d94021484642863ea8e7cb4f0188e56b18fee,12,829339609099960000000000,829339.609099960000
2025-01-01,3,1379477437,25e9aca5951262241290841b6f863d59d37dc4f0,11,360136220816013345228361,360136.220816013345
2025-01-01,4,1586252096,3fc91a3afd70395cd496c647d5a6cc9d4b2b7fad,8,26941518839797810384904,26941.518839797810
2025-01-01,5,1392664436,15ada72a3b52a88e25ddd2cc2ba1120234e34bb0,8,6502959299970000000000,6502.9592999700000000
2025-01-01,6,1292422842,03b59bd1c8b9f6c265ba0c3421923b93f15036fa,6,9990537192640255139561,9990.5371926402551396
2025-01-01,7,796495726,c63b0708e2f7e69cb8a1df0e1389a98c35a76d52,5,31530822000445574206430,31530.822000445574
2025-01-01,8,1392975949,b8f275fbf7a959f4bce59999a2ef122a099e81a8,5,4451751826234277177709,4451.7518262342771777
2025-01-01,9,616036061,74de5d4fcbf63e00296fd95d33236b9794016631,5,2187445989802286865862,2187.4459898022868659
2025-01-01,10,2145174805,70bf6634ee8cb27d04478f184b9b8bb13e5f4710,5,199480019899226760237,199.4800198992267602
2025-01-01,11,1663246624,cf5540fffcdc3d510b18bfca6d2b9987b0772559,4,100610291389319914291176,100610.291389319914
2025-01-01,12,-103393091,45312ea0eff7e09c83cbe249fa1d7598c4c8cd4e,4,50368464969379874959192,50368.464969379875
2025-01-01,13,1364872031,1231deb6f5749ef6ce6943a275a1d3e7486f4eae,4,40181588963843639814931,40181.588963843640
2025-01-01,14,1495139163,78bb3aec3d855431bd9289fd98da13f9ebb7ef15,4,13363845407000000000000,13363.845407000000
2025-01-01,15,1235298661,08780fb7e580e492c1935bee4fa5920b94aa95da,3,164966135340489050607664,164966.135340489051
2025-01-01,16,1381791786,1111111254eeb25477b68fb85ed929f73a960582,3,40496794215847448914185,40496.794215847449
2025-01-01,17,888341279,c2a856c3aff2110c1171b8f942256d40e980c726,3,2298333017343521293371,2298.3330173435212934
2025-01-01,18,934876971,378ba9b73309be80bf4c2c027aad799766a7ed5a,3,28635998386881981440,28.6359983868819814
2025-01-01,19,1765964642,a663b02cf0a4b149d2ad41910cb81e23e1c41c32,2,544227644247522493875650,544227.644247522494
2025-01-01,20,-128820420,2bd1e23a2cd5c52334501b6a1f188009290d84a5,2,200565037850255093683785,200565.037850255094
2025-01-01,21,1612993533,0cd6f267b2086bea681e922e19d40512511be538,2,133770672197051410745497,133770.672197051411
2025-01-01,22,1392406501,06fa869caa1160754c6a0b744da6454c5ea325d4,2,52211231999980000000000,52211.231999980000
2025-01-01,23,881197687,9008d19f58aabd9ed0d60971565aa8510560ab41,2,22230376799306994449070,22230.376799306994
2025-01-01,24,1351293871,a1d100a5bf6bfd2736837c97248853d989a9ed84,2,5850000000000000000000,5850.0000000000000000
2025-01-01,25,1850762874,5dc1bf6f1e983c0b21efb003c105133736fa0743,2,2168325630766621635536,2168.3256307666216355
2025-01-01,26,1837338897,f8fde8a259a3698902c88bdb1e13ff28cd7f6f09,2,1516531710480085696100,1516.5317104800856961
2025-01-01,27,1351302712,dbe88dbac39263c47629ebba02b3ef4cf0752a72,2,500500000000000000000,500.5000000000000000
2025-01-01,28,2054943978,6a000f20005980200259b80c5102003040001068,2,434076637533633307446,434.0766375336333074
2025-01-01,29,697997440,ec8c342bc3e07f05b9a782bc34e7f04fb9b44502,2,256665710339174364235,256.6657103391743642
2025-01-01,30,1543101446,6aa981bff95edfea36bdae98c26b274ffcafe8d3,2,151327273636029253322,151.3272736360292533
2025-01-01,31,1006613828,651543f179ee1aa25c5964c1fa42fa657dc704ab,2,35000000000000000000,35.0000000000000000
2025-01-01,32,667282315,fd0a40bc83c5fae4203dec7e5929b446b07d1c76,2,17108778620230069375,17.1087786202300694
2025-01-01,33,-194524076,0d0e364aa7852291883c162b22d6d81f6355428f,1,40096436567796315023746,40096.436567796315
2025-01-01,34,1939486770,7093f6141293f7c4f67e5efd922ac934402e452d,1,39500000000000000000000,39500.000000000000
2025-01-01,35,1844716471,bbbbbbbbbb9cc5e90e3b3af64bdaf62c37eeffcb,1,32000000000000000000000,32000.000000000000
2025-01-01,36,1664375120,d4e245848d6e1220dbe62e155d89fa327e43cb06,1,30000000000000000000000,30000.000000000000
2025-01-01,37,743899457,23ddd3e3692d1861ed57ede224608875809e127f,1,29999999900000000000000,29999.999900000000
2025-01-01,38,1911778548,e07a16358aa878cbda2d49a88e5106871e0db307,1,27085942691072196592564,27085.942691072197
2025-01-01,39,2080679857,a9048585166f4f7c4589ade19567bb538035ed36,1,24658856618409841999688,24658.856618409842
2025-01-01,40,1838868120,e035e27a8ed6842b478933820f90093d205f7098,1,23273104881146516641552,23273.104881146517
2025-01-01,41,1306898428,32467a5fc2d72d21e8dce990906547a2b012f382,1,22059255265000000000000,22059.255265000000
2025-01-01,42,2039968702,48f32b7c960fd0280297f6f0182e2607a3398db5,1,14076978137000000000000,14076.978137000000
2025-01-01,43,1392405051,fb788f9e20ef426a32a67986654750172a6c1788,1,11092565599990000000000,11092.565599990000
2025-01-01,44,2061959543,5b93d80da1a359340d1f339fb574bdc56763f995,1,6354974078644375497660,6354.9740786443754977
2025-01-01,45,1311229664,07af6bb51d6ad0cf126e3ed2dee6eac34bf094f8,1,6228693234299106373096,6228.6932342991063731
2025-01-01,46,1538554364,ae34574ac03a15cd58a92dc79de7b1a0800f1ce3,1,5323482441097959482439,5323.4824410979594824
2025-01-01,47,1351646374,3835a58ca93cdb5f912519ad366826ac9a752510,1,3536532801462407881573,3536.5328014624078816
2025-01-01,48,583481113,40ec5b33f54e0e8a33a975908c5ba1c14e5bbbdf,1,2901941605853278100492,2901.9416058532781005
2025-01-01,49,1599714282,1715a3e4a142d8b698131108995174f37aeba10d,1,1562807311319525292207,1562.8073113195252922
2025-01-01,50,-19078254,eb078b73480913da1600db247478ded62fd0e3c4,1,1000000000000000000000,1000.0000000000000000
2025-01-01,51,1589371703,a2fde9de6e6ebfe068d3ec0b515669817a9c3808,1,120729503627694174194,120.7295036276941742
2025-01-01,52,530746224,abea9132b05a70803a4e85094fd0e1800777fbef,1,85111586220000000000,85.1115862200000000
2025-01-01,53,1587123400,a7ca2c8673bcfa5a26d8ceec2887f2cc2b0db22a,1,66435774367041643175,66.4357743670416432
2025-01-01,54,667300213,97c4adc5d28a86f9470c70dd91dc6cc2f20d2d4d,1,58317300859798193866,58.3173008597981939
2025-01-01,55,1202652847,35a398425d9f1029021a92bc3d2557d42c8588d7,1,16131923492130792265,16.1319234921307923
2025-01-01,56,1899934735,111111125421ca6dc452d289314280a0f8842a65,1,3625533118313260098,3.6255331183132601
2025-01-01,57,-148073324,5141b82f5ffda4c6fe1e372978f1c5427640a190,1,2360708700000000000,2.3607087000000000
2025-01-01,58,1728729509,f081470f5c6fbccf48cc4e5b82dd926409dcdd67,1,1678577654776150673,1.6785776547761507
2025-01-01,59,-12929038,9337d56019de51ab16cb0f8560e1da750eea1377,1,924931928911695466,0.92493192891169546600
2025-01-01,60,1296271160,5e8c1ad4c3d04f059d5c1a2ce4593e53be270bca,1,342558351593083279,0.34255835159308327900
2025-01-01,61,-2620880,414c061683a8224dfec0b15b799b4d22f652d4c4,1,100000000000000000,0.10000000000000000000
2025-01-01,62,-171760425,00f100d00069583c7c82f1389ed47eeb1e79b360,1,0,0E-36
2025-01-01,63,1306887388,794f6b13fbd7eb7ef10d1ed205c9a416910207ff,1,0,0E-36
2025-02-01,1,1663246624,cf5540fffcdc3d510b18bfca6d2b9987b0772559,14,1974868752320720239720193,1974868.752320720240
2025-02-01,2,-103393091,45312ea0eff7e09c83cbe249fa1d7598c4c8cd4e,12,121755742609120007945214,121755.742609120008
2025-02-01,3,897164624,b1748c79709f4ba2dd82834b8c82d4a505003f27,7,0,0E-36
2025-02-01,4,881197687,9008d19f58aabd9ed0d60971565aa8510560ab41,6,97214880001417509889862,97214.880001417510
2025-02-01,5,-186122954,66a9893cc07d91d95644aedd05d03f95e1dba8af,6,305531432290382712537,305.5314322903827125
2025-02-01,6,934876971,378ba9b73309be80bf4c2c027aad799766a7ed5a,6,49280983387853902592,49.2809833878539026
2025-02-01,7,796495726,c63b0708e2f7e69cb8a1df0e1389a98c35a76d52,5,30572863478519080020458,30572.863478519080
2025-02-01,8,1292509309,31351bf3fba544863fbff44ddc27ba880916a199,5,2520243168678603163833,2520.2431686786031638
2025-02-01,9,667282315,fd0a40bc83c5fae4203dec7e5929b446b07d1c76,5,9760022042344409187,9.7600220423444092
2025-02-01,10,1913857066,5e1d94021484642863ea8e7cb4f0188e56b18fee,4,811916113399980000000000,811916.113399980000
2025-02-01,11,2054943978,6a000f20005980200259b80c5102003040001068,4,26546469699154773199725,26546.469699154773
2025-02-01,12,733908697,d632f22692fac7611d2aa1c0d552930d43caed3b,4,7380995033083558731367,7380.9950330835587314
2025-02-01,13,-194524076,0d0e364aa7852291883c162b22d6d81f6355428f,4,1218819146543627941604,1218.8191465436279416
2025-02-01,14,2068491642,0f4a1d7fdf4890be35e71f3e0bbc4a0ec377eca3,3,73494197566530223880897,73494.197566530224
2025-02-01,15,1899934735,111111125421ca6dc452d289314280a0f8842a65,3,47097761864971748965090,47097.761864971749
2025-02-01,16,1306887388,794f6b13fbd7eb7ef10d1ed205c9a416910207ff,3,3001735250000000000000,3001.7352500000000000
2025-02-01,17,1381791786,1111111254eeb25477b68fb85ed929f73a960582,3,199775846274541155162,199.7758462745411552
2025-02-01,18,1765964642,a663b02cf0a4b149d2ad41910cb81e23e1c41c32,2,115336519250284823275459,115336.519250284823
2025-02-01,19,1967110213,909dbde1ebe906af95660033e478d59efe831fed,2,18541966254000000000000,18541.966254000000
2025-02-01,20,2110156744,f5d7c5484c02c03cf131b76c67c3eb969828bd3d,2,14915254832240174700512,14915.254832240175
2025-02-01,21,888341279,c2a856c3aff2110c1171b8f942256d40e980c726,2,13819934120250206712539,13819.934120250207
2025-02-01,22,1292422842,03b59bd1c8b9f6c265ba0c3421923b93f15036fa,2,13325245419870250461768,13325.245419870250
2025-02-01,23,2039968702,48f32b7c960fd0280297f6f0182e2607a3398db5,2,8883772680000000000000,8883.7726800000000000
2025-02-01,24,1392975949,b8f275fbf7a959f4bce59999a2ef122a099e81a8,2,206488225380617979636,206.4882253806179796
2025-02-01,25,1364872031,1231deb6f5749ef6ce6943a275a1d3e7486f4eae,2,21465748462976517969,21.4657484629765180
2025-02-01,26,1573555469,b5e7f9cb9d3897808658f1991ad32912959b42e2,2,3429858415442034060,3.4298584154420341
2025-02-01,27,1543101446,6aa981bff95edfea36bdae98c26b274ffcafe8d3,2,2510464921470378145,2.5104649214703781
2025-02-01,28,1079071111,2ed6c4b5da6378c7897ac67ba9e43102feb694ee,2,2152756349865979664,2.1527563498659797
2025-02-01,29,1837432281,ce6431d21e3fb1036ce9973a3312368ed96f5ce7,1,88631813252746270968810,88631.813252746271
2025-02-01,30,1379477437,25e9aca5951262241290841b6f863d59d37dc4f0,1,72299546859521223713840,72299.546859521224
2025-02-01,31,-79620546,0000000000bbf5c5fd284e657f01bd000933c96d,1,65222025654545937289357,65222.025654545937
2025-02-01,32,1306898428,32467a5fc2d72d21e8dce990906547a2b012f382,1,52651031147969463051087,52651.031147969463
2025-02-01,33,-213396549,bbaf8b2837cbbc7146f5bc978d6f84db0be1cacc,1,50020682647116072255027,50020.682647116072
2025-02-01,34,1576067195,32ddf80508cfd8fed8abe375582fc7cfd20372c4,1,31131016521300000000000,31131.016521300000
2025-02-01,35,-192977767,7ea0d6360bf623afe38eb70c779de12dc62f4959,1,21717431687584198000000,21717.431687584198
2025-02-01,36,1844716471,bbbbbbbbbb9cc5e90e3b3af64bdaf62c37eeffcb,1,15000000000000000000000,15000.000000000000
2025-02-01,37,1235298661,08780fb7e580e492c1935bee4fa5920b94aa95da,1,14452767006349281666930,14452.767006349282
2025-02-01,38,1392416598,43959a388603dcb6b02ca084a55d4c7f3b442c57,1,8116860300000000000000,8116.8603000000000000
2025-02-01,39,1328247616,8c240c385305aeb2d5ceb60425aabcb3488fa93d,1,7060187396323849622831,7060.1873963238496228
2025-02-01,40,1530950356,ade1e3b40b58e51df923cfbffcfb3502a5b07d1a,1,5137581871015393897578,5137.5818710153938976
2025-02-01,41,1850762874,5dc1bf6f1e983c0b21efb003c105133736fa0743,1,3584572255585527766238,3584.5722555855277662
2025-02-01,42,1351293871,a1d100a5bf6bfd2736837c97248853d989a9ed84,1,2000000000000000000000,2000.0000000000000000
2025-02-01,43,1292507684,56695c26b3cdb528815cd22ff7b47510ab821efd,1,1762230353565122391306,1762.2303535651223913
2025-02-01,44,821344937,97e7d56a0408570ba1a7852de36350f7713906ec,1,1503377414430649734460,1503.3774144306497345
2025-02-01,45,1236614447,aab5e297b7113b6c188b5b611ba2724bc1decf6f,1,1300000000000000000000,1300.0000000000000000
2025-02-01,46,1889100952,34c0bd5877a5ee7099d0f5688d65f4bb9158bde2,1,1014569764251420235003,1014.5697642514202350
2025-02-01,47,-15017199,6914eccf50837dc61b43ee478a9bd9b439648956,1,800000000000000000000,800.0000000000000000
2025-02-01,48,1351302712,dbe88dbac39263c47629ebba02b3ef4cf0752a72,1,700000000000000000000,700.0000000000000000
2025-02-01,49,667248779,e1573b9d29e2183b1af0e743dc2754979a40d237,1,208717801389596785505,208.7178013895967855
2025-02-01,50,1109254690,1eed2dbeb9fc23ab483f447f38f289ca15f79bac,1,190006410518099351927,190.0064105180993519
2025-02-01,51,1939486770,7093f6141293f7c4f67e5efd922ac934402e452d,1,150000000000000000000,150.0000000000000000
2025-02-01,52,1392664436,15ada72a3b52a88e25ddd2cc2ba1120234e34bb0,1,135399300000000000000,135.3993000000000000
2025-02-01,53,1213241679,dcef968d416a41cdac0ed8702fac8128a64241a2,1,102908700845048492501,102.9087008450484925
2025-02-01,54,1311229664,07af6bb51d6ad0cf126e3ed2dee6eac34bf094f8,1,96037792435925427592,96.0377924359254276
2025-02-01,55,1535911112,82ec28636b77661a95f021090f6be0c8d379dd5d,1,90000000000000000000,90.0000000000000000
2025-02-01,56,1308469390,5de4ef4879f4fe3bbadf2227d2ac5d0e2d76c895,1,53572547098445014092,53.5725470984450141
2025-02-01,57,616036061,74de5d4fcbf63e00296fd95d33236b9794016631,1,43409335298763849924,43.4093352987638499
2025-02-01,58,1037060534,ae75b29ade678372d77a8b41225654138a7e6ff1,1,25000000000000000000,25.0000000000000000
2025-02-01,59,2052325868,7d0ccaa3fac1e5a943c5168b6ced828691b46b36,1,22035135258743597064,22.0351352587435971
2025-02-01,60,2144334586,a1bea5fe917450041748dbbbe7e9ac57a4bbebab,1,20500107520395261360,20.5001075203952614
2025-02-01,61,1526126162,2f2dd99235cb728fc79af575f1325eaa270f0c99,1,20472991041230290397,20.4729910412302904
2025-02-01,62,1006079602,b37d31b2a74029b5951a2778f959282e2d518595,1,18481057277281252995,18.4810572772812530
2025-02-01,63,-210662543,1758a08a7fcc483ef6d14d0710fd920c4d08f562,1,9189177984014988630,9.1891779840149886
2025-02-01,64,1626572330,b01f8f528702d411d24c9bb8cc0e2fff779ec013,1,7359286963159731605,7.3592869631597316
2025-02-01,65,1203919777,cb0bc7c879bb3e9cfeb9d8efef653f33b3d242e9,1,5887479996215289996,5.8874799962152900
2025-02-01,66,-172369776,7f63d38664f0da487e0fd5b30b6919a1146f0aed,1,2718713526071689767,2.7187135260716898
2025-02-01,67,697997440,ec8c342bc3e07f05b9a782bc34e7f04fb9b44502,1,2695257283727526942,2.6952572837275269
2025-02-01,68,795912842,92c7b5ce4cb0e5483f3365c1449f21578ee9f21a,1,2205921968537149315,2.2059219685371493
2025-02-01,69,1338576819,d3f64baa732061f8b3626ee44bab354f854877ac,1,61115045456078,0.000061115045456078000000
2025-02-01,70,827271583,2dce0dda1c2f98e0f171de8333c3c6fe1bbf4877,1,0,0E-36
2025-02-01,71,1077109049,219747ca16907330fae76673facb6e67860ed4c9,1,0,0E-36
2025-02-01,72,860122936,9aa7db8e488ee3ffcc9cdfd4f2eaecc8abedcb48,1,0,0E-36
2025-02-01,73,1028860459,56398b89d53e8731bca8c1b06886cfb14bd6b654,1,0,0E-36
2025-03-01,1,1292509309,31351bf3fba544863fbff44ddc27ba880916a199,152,3447067013708413708342,3447.0670137084137083
2025-03-01,2,1292422842,03b59bd1c8b9f6c265ba0c3421923b93f15036fa,28,419727161428567376037,419.7271614285673760
2025-03-01,3,-103393091,45312ea0eff7e09c83cbe249fa1d7598c4c8cd4e,15,210821475108098789575877,210821.475108098790
2025-03-01,4,881197687,9008d19f58aabd9ed0d60971565aa8510560ab41,10,338545110674843246418369,338545.110674843246
2025-03-01,5,1899934735,111111125421ca6dc452d289314280a0f8842a65,8,327242056264745426201213,327242.056264745426
2025-03-01,6,1664375120,d4e245848d6e1220dbe62e155d89fa327e43cb06,7,124698325888639131475328,124698.325888639131
2025-03-01,7,1364872031,1231deb6f5749ef6ce6943a275a1d3e7486f4eae,7,79785997932231854440219,79785.997932231854
2025-03-01,8,1663246624,cf5540fffcdc3d510b18bfca6d2b9987b0772559,6,507614085869189056097868,507614.085869189056
2025-03-01,9,616036061,74de5d4fcbf63e00296fd95d33236b9794016631,5,1981548841205901449812,1981.5488412059014498
2025-03-01,10,-194524076,0d0e364aa7852291883c162b22d6d81f6355428f,5,403318290775950854602,403.3182907759508546
2025-03-01,11,1381791786,1111111254eeb25477b68fb85ed929f73a960582,5,86586753092750032217,86.5867530927500322
2025-03-01,12,1913857066,5e1d94021484642863ea8e7cb4f0188e56b18fee,4,766961123799980000000000,766961.123799980000
2025-03-01,13,2054943978,6a000f20005980200259b80c5102003040001068,4,28379394284947802770906,28379.394284947803
2025-03-01,14,1235298661,08780fb7e580e492c1935bee4fa5920b94aa95da,4,22535584767922174449798,22535.584767922174
2025-03-01,15,796495726,c63b0708e2f7e69cb8a1df0e1389a98c35a76d52,4,1899111358007888957047,1899.1113580078889570
2025-03-01,16,-186122954,66a9893cc07d91d95644aedd05d03f95e1dba8af,4,100937854284632417111,100.9378542846324171
2025-03-01,17,934876971,378ba9b73309be80bf4c2c027aad799766a7ed5a,4,32903524652424150144,32.9035246524241501
2025-03-01,18,667282315,fd0a40bc83c5fae4203dec7e5929b446b07d1c76,4,18952141980845701494,18.9521419808457015
2025-03-01,19,1184356756,8206412c107ef1adb70b9277974f5163760e128e,4,937392536461284227,0.93739253646128422700
2025-03-01,20,2061959543,5b93d80da1a359340d1f339fb574bdc56763f995,3,123287755950183242241,123.2877559501832422
2025-03-01,21,697997440,ec8c342bc3e07f05b9a782bc34e7f04fb9b44502,3,4612357660804483392,4.6123576608044834
2025-03-01,22,1306887388,794f6b13fbd7eb7ef10d1ed205c9a416910207ff,3,0,0E-36
2025-03-01,23,1392418668,a381d58e96ec3818c825e1fb264099448945cf8b,2,49537903800000000000000,49537.903800000000
2025-03-01,24,1145580966,9a834b70c07c81a9fcd6f22e842bf002fbffbe4d,2,5735211374174136595887,5735.2113741741365959
2025-03-01,25,1392664436,15ada72a3b52a88e25ddd2cc2ba1120234e34bb0,2,3197299100000000000000,3197.2991000000000000
2025-03-01,26,733908697,d632f22692fac7611d2aa1c0d552930d43caed3b,2,2013434649336069726068,2013.4346493360697261
2025-03-01,27,1379477437,25e9aca5951262241290841b6f863d59d37dc4f0,2,1002320280642625394385,1002.3202806426253944
2025-03-01,28,1213241679,dcef968d416a41cdac0ed8702fac8128a64241a2,2,601178926033027971878,601.1789260330279719
2025-03-01,29,1392975949,b8f275fbf7a959f4bce59999a2ef122a099e81a8,2,272635705023805772698,272.6357050238057727
2025-03-01,30,-108479505,4d27c88ce58d54e17ef8f8e7e80332f639f43de1,2,5561323802466796941,5.5613238024667969
2025-03-01,31,1365391627,78f2819541efe00c918c72204bdd1bc922c94012,2,4935502927745007327,4.9355029277450073
2025-03-01,32,1184424559,8300f0528e00ad33b218bb05d396f61a9fdd68cd,2,410606988579919372,0.41060698857991937200
2025-03-01,33,-207129370,1ef032a3c471a99cc31578c8007f256d95e89896,2,4,4.000000000000000000E-18
2025-03-01,34,1351302712,dbe88dbac39263c47629ebba02b3ef4cf0752a72,2,0,0E-36
2025-03-01,35,-112369744,ad6cea45f98444a922a2b4fe96b8c90f0862d2f4,1,499729108508108409523770,499729.108508108410
2025-03-01,36,-119194100,f0851bf3f69d573a9b36b642415e1de049d0ab7d,1,50019617252587897618432,50019.617252587898
2025-03-01,37,891240671,67f60b0891ebd842ebe55e4ccca1098d7aac1a55,1,28233567486865530742781,28233.567486865531
2025-03-01,38,1608787768,ad3b67bca8935cb510c8d18bd45f0b94f54a968f,1,23004871997099766760602,23004.871997099767
2025-03-01,39,1765964642,a663b02cf0a4b149d2ad41910cb81e23e1c41c32,1,21444823631039575941911,21444.823631039576
2025-03-01,40,1946768028,1ee81c56e42ec34039d993d12410d437ddea341e,1,20008887035412985480074,20008.887035412985
2025-03-01,41,-79620546,0000000000bbf5c5fd284e657f01bd000933c96d,1,10006102516143080551243,10006.1025161430805512
2025-03-01,42,1457409453,c3b19502f8c02be75f3f77fd673503520deb51dd,1,6670842091586935145803,6670.8420915869351458
2025-03-01,43,-218683751,7f695d22a76c59e7d8cd4da8bf7353773103fc64,1,5754103312290128947164,5754.1033122901289472
2025-03-01,44,1306898428,32467a5fc2d72d21e8dce990906547a2b012f382,1,5000000000000000000000,5000.0000000000000000
2025-03-01,45,1939486770,7093f6141293f7c4f67e5efd922ac934402e452d,1,4000000000000000000000,4000.0000000000000000
2025-03-01,46,1392421667,85c5f05ae4cb68190c695a22b292c3ba90696128,1,3965074799990000000000,3965.0747999900000000
2025-03-01,47,1392413668,dae210bfb0cf8c81edb4b459e2e0ba14d553e2d9,1,3707804500000000000000,3707.8045000000000000
2025-03-01,48,1837432281,ce6431d21e3fb1036ce9973a3312368ed96f5ce7,1,3122996633595759240703,3122.9966335957592407
2025-03-01,49,1308469390,5de4ef4879f4fe3bbadf2227d2ac5d0e2d76c895,1,638126738512766638456,638.1267385127666385
2025-03-01,50,-8524491,c28f622742a0a1593a43cd867e14b54db481cc7b,1,505709712838071969607,505.7097128380719696
2025-03-01,51,821344937,97e7d56a0408570ba1a7852de36350f7713906ec,1,455561603461689893904,455.5616034616898939
2025-03-01,52,-15017199,6914eccf50837dc61b43ee478a9bd9b439648956,1,250000000000000000000,250.0000000000000000
2025-03-01,53,1328247616,8c240c385305aeb2d5ceb60425aabcb3488fa93d,1,139682740328935915348,139.6827403289359153
2025-03-01,54,1685736544,2dfadab8266483bed9fd9a292ce56596a2d1378d,1,115062997355836029891,115.0629973558360299
2025-03-01,55,1351293871,a1d100a5bf6bfd2736837c97248853d989a9ed84,1,85000000000000000000,85.0000000000000000
2025-03-01,56,868978312,1531c1a63a169ac75a2daae399080745fa51de44,1,34658937634607626337,34.6589376346076263
2025-03-01,57,2055851539,b8fd67f215117fadef06447af31590309750529d,1,17381640871141434214,17.3816408711414342
2025-03-01,58,1265708938,4e467fb2e874a5a6c826dcf0a4707c5ce431f336,1,15215176197287368335,15.2151761972873683
2025-03-01,59,-260102677,2b2d55ade5f1d2d0afbf6ead74fab67b27ed15b1,1,10877287419479197028,10.8772874194791970
2025-03-01,60,1760290249,4d1941a887ec788f059b3bfcc8ee1e97b968825b,1,10800607196652036868,10.8006071966520369
2025-03-01,61,796884007,7b20a61f0bf38c08037711e719d455169561a7af,1,9900000000000000000,9.9000000000000000
2025-03-01,62,-203855453,c417496d46ed390514ceabe2297ec6d65df214a4,1,7357406756134011512,7.3574067561340115
2025-03-01,63,1587123400,a7ca2c8673bcfa5a26d8ceec2887f2cc2b0db22a,1,5201289783363606222,5.2012897833636062
2025-03-01,64,2105039051,111111677601ec955b89f68c2e4399ddb5a46f39,1,4797436016380309528,4.7974360163803095
2025-03-01,65,-237550007,eeeeee9ec4769a09a76a83c7bc42b185872860ee,1,3522397849133903619,3.5223978491339036
2025-03-01,66,667300213,97c4adc5d28a86f9470c70dd91dc6cc2f20d2d4d,1,3450902076799735727,3.4509020767997357
2025-03-01,67,1766050915,b2f72662ed42067ccce278f8462a0215b6adcabb,1,1555028066620843782,1.5550280666208438
2025-03-01,68,-219732182,85cd07ea01423b1e937929b44e4ad8c40bbb5e71,1,1202119478768805567,1.2021194787688056
2025-03-01,69,1138117183,54c55369a6900731d22eacb0df7c0253cf19dfff,1,956510260040329753,0.95651026004032975300
2025-03-01,70,1394911941,fa0f307783ac21c39e939acff795e27b650f6e68,1,244327000000000000,0.24432700000000000000
2025-03-01,71,-148073324,5141b82f5ffda4c6fe1e372978f1c5427640a190,1,156287099401600740,0.15628709940160074000
2025-03-01,72,1495139163,78bb3aec3d855431bd9289fd98da13f9ebb7ef15,1,10000000000000000,0.01000000000000000000
2025-03-01,73,1296271160,5e8c1ad4c3d04f059d5c1a2ce4593e53be270bca,1,2190712865828011,0.00219071286582801100
2025-03-01,74,1939495578,0601b72bef2b3f09e9f48b7d60a8d7d2d3800c6e,1,0,0E-36
2025-03-01,75,1311229664,07af6bb51d6ad0cf126e3ed2dee6eac34bf094f8,1,0,0E-36
2025-03-01,76,897164624,b1748c79709f4ba2dd82834b8c82d4a505003f27,1,0,0E-36
2025-04-01,1,1292509309,31351bf3fba544863fbff44ddc27ba880916a199,46,94657999871754034955,94.6579998717540350
2025-04-01,2,881197687,9008d19f58aabd9ed0d60971565aa8510560ab41,9,281066008622875764904207,281066.008622875765
2025-04-01,3,1394911941,fa0f307783ac21c39e939acff795e27b650f6e68,9,2270309148000000000000,2270.3091480000000000
2025-04-01,4,-103393091,45312ea0eff7e09c83cbe249fa1d7598c4c8cd4e,8,108703475101584050452123,108703.475101584050
2025-04-01,5,934876971,378ba9b73309be80bf4c2c027aad799766a7ed5a,8,22838965424414809264,22.8389654244148093
2025-04-01,6,-186122954,66a9893cc07d91d95644aedd05d03f95e1dba8af,6,4211601386587877425870,4211.6013865878774259
2025-04-01,7,1235298661,08780fb7e580e492c1935bee4fa5920b94aa95da,5,264507795546758083163981,264507.795546758083
2025-04-01,8,1292422842,03b59bd1c8b9f6c265ba0c3421923b93f15036fa,5,14639080027724508856,14.6390800277245089
2025-04-01,9,1364872031,1231deb6f5749ef6ce6943a275a1d3e7486f4eae,4,38565382069478528877465,38565.382069478529
2025-04-01,10,2068491642,0f4a1d7fdf4890be35e71f3e0bbc4a0ec377eca3,4,26166447307574145733753,26166.447307574146
2025-04-01,11,1351293871,a1d100a5bf6bfd2736837c97248853d989a9ed84,3,10438000000000000000000,10438.000000000000
2025-04-01,12,616036061,74de5d4fcbf63e00296fd95d33236b9794016631,3,39338285690956055606,39.3382856909560556
2025-04-01,13,-237550007,eeeeee9ec4769a09a76a83c7bc42b185872860ee,3,14157946278042551770,14.1579462780425518
2025-04-01,14,1490507434,00000000009e50a7ddb7a7b0e2ee6604fd120e49,2,92150061756724906519271,92150.061756724907
2025-04-01,15,1663246624,cf5540fffcdc3d510b18bfca6d2b9987b0772559,2,83004049080365261064868,83004.049080365261
2025-04-01,16,1765964642,a663b02cf0a4b149d2ad41910cb81e23e1c41c32,2,76220621100948742911983,76220.621100948743
2025-04-01,17,2000202299,888888888889758f76e7103c6cbf23abbf58f946,2,46372664893610325129815,46372.664893610325
2025-04-01,18,1213241679,dcef968d416a41cdac0ed8702fac8128a64241a2,2,24158017024689023991122,24158.017024689024
2025-04-01,19,-190664929,875d6d37ec55c8cf220b9e5080717549d8aa8eca,2,2877223314577917446190,2877.2233145779174462
2025-04-01,20,-136048499,81463b0f960f247f704377661ec81c1fd65b5128,2,2807527700162035412691,2807.5277001620354127
2025-04-01,21,2054943978,6a000f20005980200259b80c5102003040001068,2,2010290683168818825194,2010.2906831688188252
2025-04-01,22,1331609912,bd6c7b0d2f68c2b7805d88388319cfb6ecb50ea9,2,455910279364103168188,455.9102793641031682
2025-04-01,23,821344937,97e7d56a0408570ba1a7852de36350f7713906ec,2,233165892291170277649,233.1658922911702776
2025-04-01,24,1351302712,dbe88dbac39263c47629ebba02b3ef4cf0752a72,2,100000000000000000000,100.0000000000000000
2025-04-01,25,1145580966,9a834b70c07c81a9fcd6f22e842bf002fbffbe4d,2,76404903954961606500,76.4049039549616065
2025-04-01,26,796495726,c63b0708e2f7e69cb8a1df0e1389a98c35a76d52,2,10995970056360169647,10.9959700563601696
2025-04-01,27,1495139163,78bb3aec3d855431bd9289fd98da13f9ebb7ef15,2,100000000000000,0.000100000000000000000000
2025-04-01,28,733908697,d632f22692fac7611d2aa1c0d552930d43caed3b,1,235999349702894635035020,235999.349702894635
2025-04-01,29,1308469390,5de4ef4879f4fe3bbadf2227d2ac5d0e2d76c895,1,130942920658308594681686,130942.920658308595
2025-04-01,30,2106851551,c38e4e6a15593f908255214653d3d947ca1c2338,1,82381925843135303393442,82381.925843135303
2025-04-01,31,1850762874,5dc1bf6f1e983c0b21efb003c105133736fa0743,1,50070897893055754766006,50070.897893055755
2025-04-01,32,1392406501,06fa869caa1160754c6a0b744da6454c5ea325d4,1,20097367099990000000000,20097.367099990000
2025-04-01,33,1392413668,dae210bfb0cf8c81edb4b459e2e0ba14d553e2d9,1,15681641499990000000000,15681.641499990000
2025-04-01,34,1236614447,aab5e297b7113b6c188b5b611ba2724bc1decf6f,1,14700000000000000000000,14700.000000000000
2025-04-01,35,1664375120,d4e245848d6e1220dbe62e155d89fa327e43cb06,1,7900000000000000000000,7900.0000000000000000
2025-04-01,36,1392664436,15ada72a3b52a88e25ddd2cc2ba1120234e34bb0,1,6316450200000000000000,6316.4502000000000000
2025-04-01,37,1838868120,e035e27a8ed6842b478933820f90093d205f7098,1,3548216839453056267367,3548.2168394530562674
2025-04-01,38,1392418668,a381d58e96ec3818c825e1fb264099448945cf8b,1,2244749899990000000000,2244.7498999900000000
2025-04-01,39,1984880881,eca60a11c49486088ad7c5e4ad7dae2c061dbb1c,1,853025964000000000000,853.0259640000000000
2025-04-01,40,1311229664,07af6bb51d6ad0cf126e3ed2dee6eac34bf094f8,1,403464045949218510043,403.4640459492185100
2025-04-01,41,1328247616,8c240c385305aeb2d5ceb60425aabcb3488fa93d,1,185193151509228415584,185.1931515092284156
2025-04-01,42,1379477437,25e9aca5951262241290841b6f863d59d37dc4f0,1,99986522103734126954,99.9865221037341270
2025-04-01,43,1913857066,5e1d94021484642863ea8e7cb4f0188e56b18fee,1,80000000000000000000,80.0000000000000000
2025-04-01,44,-187304771,db4fb78a5af0760ad6b8a398600566d9f1c0b5df,1,77978566580657236889,77.9785665806572369
2025-04-01,45,2133239263,cb39b35cac71086e38abc9dc1c787102a6d6f156,1,77769119636855729000,77.7691196368557290
2025-04-01,46,1381791786,1111111254eeb25477b68fb85ed929f73a960582,1,45332215093261155775,45.3322150932611558
2025-04-01,47,1457409453,c3b19502f8c02be75f3f77fd673503520deb51dd,1,33008512448457501305,33.0085124484575013
2025-04-01,48,-266218543,5265d277514558f2f40c645f008fea5b4b5dd08a,1,29346164974086449782,29.3461649740864498
2025-04-01,49,2061959543,5b93d80da1a359340d1f339fb574bdc56763f995,1,25637996301573767052,25.6379963015737671
2025-04-01,50,-75307493,6d1d1ebe7da598194293784252659e862d55b52c,1,18227407340800695602,18.2274073408006956
2025-04-01,51,-260840437,88649f4743a758171077b98ee2003f1989b1615a,1,10269098172797235376,10.2690981727972354
2025-04-01,52,-279762795,aba2fc41e2db95e77c6799d0f580034395ff2b9e,1,10002673015704695958,10.0026730157046960
2025-04-01,53,1889100952,34c0bd5877a5ee7099d0f5688d65f4bb9158bde2,1,8607356028336865179,8.6073560283368652
2025-04-01,54,802858328,10581399a549dbfffdbd9b070a0ba2f9f61620d2,1,5696427573263246553,5.6964275732632466
2025-04-01,55,-173261708,137092d65b9f4861c7fc2b58cd7fd52aa0adfeb0,1,5639664418514205696,5.6396644185142057
2025-04-01,56,-284313425,bf5e3ff5691b4aef4efdc9d55f40c5249bdfbee9,1,5412300000000000000,5.4123000000000000
2025-04-01,57,-94296967,64e78873057769a5fd9a2278e6820666ec7e87f9,1,5235939480337930000,5.2359394803379300
2025-04-01,58,-301216793,c9f8f61cd93d9d6ad7add6a2e01847bc1be888b3,1,4302215370388686508,4.3022153703886865
2025-04-01,59,887108251,e06f8d30ac334c857fc8c380c85969c150f38a6a,1,1996312641923800109,1.9963126419238001
2025-04-01,60,1006079602,b37d31b2a74029b5951a2778f959282e2d518595,1,791638768492768610,0.79163876849276861000
2025-04-01,61,1559522390,e27baebd7b14602de3797974db9f5f4f8dcb6679,1,733899717641762465,0.73389971764176246500
2025-04-01,62,-261393210,64127e89204a5fea60ac6eaccf0eef0d4d7790a7,1,175988883134353765,0.17598888313435376500
2025-04-01,63,1184356756,8206412c107ef1adb70b9277974f5163760e128e,1,169343443526748793,0.16934344352674879300
2025-04-01,64,1689166748,2ff45e654929b8eb049e52b55f1178e76528f45f,1,156500347648337462,0.15650034764833746200
2025-04-01,65,1011184216,6021444f1706f15465bee85463bcc7d7cc17fc03,1,149948704689971348,0.14994870468997134800
2025-04-01,66,667282315,fd0a40bc83c5fae4203dec7e5929b446b07d1c76,1,80015080268232192,0.08001508026823219200
2025-04-01,67,-293613928,57539bdcb29700cb7e4399b5423bf3a3e41614ba,1,8400000000000000,0.00840000000000000000
2025-04-01,68,847148778,0dafc20013e0b75f54466daa2599d29210b3ee2b,1,942245391351254,0.00094224539135125400
2025-04-01,69,-111399962,000000000004444c5dc75cb358380d2e3de08a90,1,672614197434,6.72614197434000000E-7
2025-04-01,70,747193389,aca39b187352d9805deced6e73a3d72abf86e7a0,1,0,0E-36
2025-04-01,71,1292507684,56695c26b3cdb528815cd22ff7b47510ab821efd,1,0,0E-36
2025-05-01,1,697997440,ec8c342bc3e07f05b9a782bc34e7f04fb9b44502,12,505119178226885732954,505.1191782268857330
2025-05-01,2,616036061,74de5d4fcbf63e00296fd95d33236b9794016631,11,2000282637383880191435,2000.2826373838801914
2025-05-01,3,-186122954,66a9893cc07d91d95644aedd05d03f95e1dba8af,9,17740574726958704612997,17740.574726958705
2025-05-01,4,1899934735,111111125421ca6dc452d289314280a0f8842a65,6,50822339831005536946950,50822.339831005537
2025-05-01,5,881197687,9008d19f58aabd9ed0d60971565aa8510560ab41,6,24248482194411830204913,24248.482194411830
2025-05-01,6,-103393091,45312ea0eff7e09c83cbe249fa1d7598c4c8cd4e,5,5363272771980460000160,5363.2727719804600002
2025-05-01,7,1664375120,d4e245848d6e1220dbe62e155d89fa327e43cb06,4,44169489112993401928705,44169.489112993402
2025-05-01,8,1765964642,a663b02cf0a4b149d2ad41910cb81e23e1c41c32,4,7765585228510966127573,7765.5852285109661276
2025-05-01,9,1573555469,b5e7f9cb9d3897808658f1991ad32912959b42e2,4,3594911695073127968,3.5949116950731280
2025-05-01,10,-308439145,5418226af9c8d5d287a78fbbbcd337b86ec07d61,3,500815918021799954086493,500815.918021799954
2025-05-01,11,1235298661,08780fb7e580e492c1935bee4fa5920b94aa95da,3,18417882169704172638091,18417.882169704173
2025-05-01,12,1392975949,b8f275fbf7a959f4bce59999a2ef122a099e81a8,3,2606814281929199340442,2606.8142819291993404
2025-05-01,13,-315012604,3ced11c610556e5292fbc2e75d68c3899098c14c,3,1862668086322382052743,1862.6680863223820527
2025-05-01,14,667282315,fd0a40bc83c5fae4203dec7e5929b446b07d1c76,3,57344106099185719120,57.3441060991857191
2025-05-01,15,934876971,378ba9b73309be80bf4c2c027aad799766a7ed5a,3,14049238790914128000,14.0492387909141280
2025-05-01,16,1292509309,31351bf3fba544863fbff44ddc27ba880916a199,3,5209078989197971322,5.2090789891979713
2025-05-01,17,1490507434,00000000009e50a7ddb7a7b0e2ee6604fd120e49,2,15463178605634115513920,15463.178605634116
2025-05-01,18,1663246624,cf5540fffcdc3d510b18bfca6d2b9987b0772559,2,10376552132929075320140,10376.552132929075
2025-05-01,19,1105932400,00000000009726632680fb29d3f7a9734e3010e2,2,2486162435554867197464,2486.1624355548671975
2025-05-01,20,1392664436,15ada72a3b52a88e25ddd2cc2ba1120234e34bb0,2,2198713599980000000000,2198.7135999800000000
2025-05-01,21,1145580966,9a834b70c07c81a9fcd6f22e842bf002fbffbe4d,2,2141953669464354997654,2141.9536694643549977
2025-05-01,22,1364872031,1231deb6f5749ef6ce6943a275a1d3e7486f4eae,2,1275505292539689818848,1275.5052925396898188
2025-05-01,23,1850762874,5dc1bf6f1e983c0b21efb003c105133736fa0743,2,1143038395299088053202,1143.0383952990880532
2025-05-01,24,733908697,d632f22692fac7611d2aa1c0d552930d43caed3b,2,696942111361048055312,696.9421113610480553
2025-05-01,25,1328247616,8c240c385305aeb2d5ceb60425aabcb3488fa93d,2,48740073500466721802,48.7400735004667218
2025-05-01,26,1587123400,a7ca2c8673bcfa5a26d8ceec2887f2cc2b0db22a,2,6144580702942210846,6.1445807029422108
2025-05-01,27,-329568978,6088d94c5a40cecd3ae2d4e0710ca687b91c61d0,2,3,3.000000000000000000E-18
2025-05-01,28,1392421667,85c5f05ae4cb68190c695a22b292c3ba90696128,1,137366419200000000000000,137366.419200000000
2025-05-01,29,-233507126,a090fc409a9f25bf8e28257d42ef6904590c8984,1,67758710384548336524738,67758.710384548337
2025-05-01,30,1913857066,5e1d94021484642863ea8e7cb4f0188e56b18fee,1,12239756900000000000000,12239.756900000000
2025-05-01,31,-308441982,d71baacbcb10720b16a63620605cb4b962c47d20,1,11967653146033403712475,11967.653146033404
2025-05-01,32,1308469390,5de4ef4879f4fe3bbadf2227d2ac5d0e2d76c895,1,5591644904524619329651,5591.6449045246193297
2025-05-01,33,-323129525,6e4141d33021b52c91c28608403db4a0ffb50ec6,1,4001235532956105221229,4001.2355329561052212
2025-05-01,34,1530950356,ade1e3b40b58e51df923cfbffcfb3502a5b07d1a,1,3381818469550068408564,3381.8184695500684086
2025-05-01,35,1213241679,dcef968d416a41cdac0ed8702fac8128a64241a2,1,2569730564511313426409,2569.7305645113134264
2025-05-01,36,2054943978,6a000f20005980200259b80c5102003040001068,1,2071386266253270427058,2071.3862662532704271
2025-05-01,37,1306887388,794f6b13fbd7eb7ef10d1ed205c9a416910207ff,1,1000000000000000000000,1000.0000000000000000
2025-05-01,38,-112369744,ad6cea45f98444a922a2b4fe96b8c90f0862d2f4,1,252002167407617010180,252.0021674076170102
2025-05-01,39,1556542975,86e71075e55f0aad27d700017e0783458310c98a,1,190982499990000000000,190.9824999900000000
2025-05-01,40,1306898428,32467a5fc2d72d21e8dce990906547a2b012f382,1,100000000000000000000,100.0000000000000000
2025-05-01,41,1109254690,1eed2dbeb9fc23ab483f447f38f289ca15f79bac,1,93180995025221385157,93.1809950252213852
2025-05-01,42,1331609912,bd6c7b0d2f68c2b7805d88388319cfb6ecb50ea9,1,88252924085350378720,88.2529240853503787
2025-05-01,43,796495726,c63b0708e2f7e69cb8a1df0e1389a98c35a76d52,1,73193676825786323657,73.1936768257863237
2025-05-01,44,821344937,97e7d56a0408570ba1a7852de36350f7713906ec,1,70219156935008135030,70.2191569350081350
2025-05-01,45,1392967015,5523985926aa12ba58dc5ad00ddca99678d7227e,1,28350000000000000000,28.3500000000000000
2025-05-01,46,1381791786,1111111254eeb25477b68fb85ed929f73a960582,1,16510472094033967795,16.5104720940339678
2025-05-01,47,1715474201,78f8bd884c3d738b74b420540659c82f392820e0,1,12404286746728465807,12.4042867467284658
2025-05-01,48,1543101446,6aa981bff95edfea36bdae98c26b274ffcafe8d3,1,10005275175435259938,10.0052751754352599
2025-05-01,49,667300213,97c4adc5d28a86f9470c70dd91dc6cc2f20d2d4d,1,9670341456169977174,9.6703414561699772
2025-05-01,50,-279869094,e00c629afaccb0510995a2b95560e446a24c85b9,1,3928214014736948531,3.9282140147369485
2025-05-01,51,-260840437,88649f4743a758171077b98ee2003f1989b1615a,1,3692728180614289502,3.6927281806142895
2025-05-01,52,2106851551,c38e4e6a15593f908255214653d3d947ca1c2338,1,2946994261161943021,2.9469942611619430
2025-05-01,53,1292422842,03b59bd1c8b9f6c265ba0c3421923b93f15036fa,1,2085720091617987425,2.0857200916179874
2025-05-01,54,1689166748,2ff45e654929b8eb049e52b55f1178e76528f45f,1,1938292775852795916,1.9382927758527959
2025-05-01,55,-53668650,5434ed2d9f5737986858de127545e8a2fb6eb6ae,1,1091449634367496005,1.0914496343674960
2025-05-01,56,-254185050,6a5efa07ba90c4e218185ad54e099c070b11e386,1,308601831495545875,0.30860183149554587500
2025-05-01,57,-237550007,eeeeee9ec4769a09a76a83c7bc42b185872860ee,1,202153555864101825,0.20215355586410182500
2025-05-01,58,1394911941,fa0f307783ac21c39e939acff795e27b650f6e68,1,31526000000000000,0.03152600000000000000
2025-05-01,59,1184356756,8206412c107ef1adb70b9277974f5163760e128e,1,2725208570879176,0.00272520857087917600
2025-05-01,60,1495139163,78bb3aec3d855431bd9289fd98da13f9ebb7ef15,1,0,0E-36
2025-05-01,61,1351302712,dbe88dbac39263c47629ebba02b3ef4cf0752a72,1,0,0E-36
2025-06-01,1,667282315,fd0a40bc83c5fae4203dec7e5929b446b07d1c76,8,318107763998000245670,318.1077639980002457
2025-06-01,2,1381791786,1111111254eeb25477b68fb85ed929f73a960582,6,1640644175107044349711,1640.6441751070443497
2025-06-01,3,-103393091,45312ea0eff7e09c83cbe249fa1d7598c4c8cd4e,4,7103382420395900363348,7103.3824203959003633
2025-06-01,4,616036061,74de5d4fcbf63e00296fd95d33236b9794016631,4,1619719243890958611292,1619.7192438909586113
2025-06-01,5,733908697,d632f22692fac7611d2aa1c0d552930d43caed3b,4,813569975706108320587,813.5699757061083206
2025-06-01,6,-308439145,5418226af9c8d5d287a78fbbbcd337b86ec07d61,4,348609273721768100152,348.6092737217681002
2025-06-01,7,821344937,97e7d56a0408570ba1a7852de36350f7713906ec,4,195450118850042173009,195.4501188500421730
2025-06-01,8,1235298661,08780fb7e580e492c1935bee4fa5920b94aa95da,3,83370883385314852395759,83370.883385314852
2025-06-01,9,881197687,9008d19f58aabd9ed0d60971565aa8510560ab41,3,64056908652212412903024,64056.908652212413
2025-06-01,10,1213241679,dcef968d416a41cdac0ed8702fac8128a64241a2,3,37011227203513197465501,37011.227203513197
2025-06-01,11,1145580966,9a834b70c07c81a9fcd6f22e842bf002fbffbe4d,3,3749496610021400285237,3749.4966100214002852
2025-06-01,12,1899934735,111111125421ca6dc452d289314280a0f8842a65,3,2258392258961929496120,2258.3922589619294961
2025-06-01,13,697997440,ec8c342bc3e07f05b9a782bc34e7f04fb9b44502,3,154342021459701132655,154.3420214597011327
2025-06-01,14,1663246624,cf5540fffcdc3d510b18bfca6d2b9987b0772559,2,52031501173690094209482,52031.501173690094
2025-06-01,15,1392413668,dae210bfb0cf8c81edb4b459e2e0ba14d553e2d9,2,16734050200000000000000,16734.050200000000
2025-06-01,16,2054943978,6a000f20005980200259b80c5102003040001068,2,10410293585525624575407,10410.293585525625
2025-06-01,17,1351302712,dbe88dbac39263c47629ebba02b3ef4cf0752a72,2,5000000000000000000000,5000.0000000000000000
2025-06-01,18,1292422842,03b59bd1c8b9f6c265ba0c3421923b93f15036fa,2,4921686635719264059614,4921.6866357192640596
2025-06-01,19,-186122954,66a9893cc07d91d95644aedd05d03f95e1dba8af,2,95955535268476817354,95.9555352684768174
2025-06-01,20,796495726,c63b0708e2f7e69cb8a1df0e1389a98c35a76d52,2,20011151432153316899,20.0111514321533169
2025-06-01,21,934876971,378ba9b73309be80bf4c2c027aad799766a7ed5a,2,9884840962527033344,9.8848409625270333
2025-06-01,22,-329568978,6088d94c5a40cecd3ae2d4e0710ca687b91c61d0,2,2,2.000000000000000000E-18
2025-06-01,23,1306898428,32467a5fc2d72d21e8dce990906547a2b012f382,2,0,0E-36
2025-06-01,24,1530950356,ade1e3b40b58e51df923cfbffcfb3502a5b07d1a,1,99694954583316165560121,99694.954583316166
2025-06-01,25,1392421667,85c5f05ae4cb68190c695a22b292c3ba90696128,1,16036158100000000000000,16036.158100000000
2025-06-01,26,691983075,a79828df1850e8a3a3064576f380d90aecdd3359,1,13734742736907219927900,13734.742736907220
2025-06-01,27,1392409565,f1e1dea8f1053fd9c5f47f72f1f03977e17af242,1,4142249099990000000000,4142.2490999900000000
2025-06-01,28,1587123400,a7ca2c8673bcfa5a26d8ceec2887f2cc2b0db22a,1,1940274378397161283605,1940.2743783971612836
2025-06-01,29,2106851551,c38e4e6a15593f908255214653d3d947ca1c2338,1,321156145549076438447,321.1561455490764384
2025-06-01,30,-285677798,564d6e3a879c007183fad17bed9a70630f090651,1,295902032263069307266,295.9020322630693073
2025-06-01,31,-323129525,6e4141d33021b52c91c28608403db4a0ffb50ec6,1,240893187085366406771,240.8931870853664068
2025-06-01,32,-392661523,d41a6bdc6d1b5eb2576062a96343ca55df8fd723,1,173312414218232943562,173.3124142182329436
2025-06-01,33,-369453932,b773bcc5b325ad9ac6b36e1a046ad4466833a16e,1,110989614349980821676,110.9896143499808217
2025-06-01,34,887108251,e06f8d30ac334c857fc8c380c85969c150f38a6a,1,100301378791247204465,100.3013787912472045
2025-06-01,35,1540261274,16bcbacb2f9a2fbd8c825d3c3da41961fb6213b7,1,99333027925013762456,99.3330279250137625
2025-06-01,36,-379996193,82d88875d64d60cbe9cbea47cb960ae0f04ebd4d,1,64061170779907639266,64.0611707799076393
2025-06-01,37,1837432281,ce6431d21e3fb1036ce9973a3312368ed96f5ce7,1,29965944158163462422,29.9659441581634624
2025-06-01,38,1836498420,5cc9400ffb4da168cf271e912f589462c3a00d1f,1,7510910806417511184,7.5109108064175112
2025-06-01,39,530746224,abea9132b05a70803a4e85094fd0e1800777fbef,1,3497000000000000000,3.4970000000000000
2025-06-01,40,1292509309,31351bf3fba544863fbff44ddc27ba880916a199,1,1038930364939948542,1.0389303649399485
2025-06-01,41,795912842,92c7b5ce4cb0e5483f3365c1449f21578ee9f21a,1,111678103892066064,0.11167810389206606400
2025-06-01,42,166242,c6ddf90790b433743bd050c1d1d45f673a3413f4,1,23,2.3000000000000000000E-17
2025-06-01,43,1984880881,eca60a11c49486088ad7c5e4ad7dae2c061dbb1c,1,0,0E-36
2025-06-01,44,747193389,aca39b187352d9805deced6e73a3d72abf86e7a0,1,0,0E-36
2025-07-01,1,616036061,74de5d4fcbf63e00296fd95d33236b9794016631,10,10350566243681299483045,10350.566243681299
2025-07-01,2,881197687,9008d19f58aabd9ed0d60971565aa8510560ab41,7,122337045072414137503432,122337.045072414138
2025-07-01,3,1145580966,9a834b70c07c81a9fcd6f22e842bf002fbffbe4d,5,1083399205159884976839,1083.3992051598849768
2025-07-01,4,-103393091,45312ea0eff7e09c83cbe249fa1d7598c4c8cd4e,4,9354745623654342513744,9354.7456236543425137
2025-07-01,5,1364872031,1231deb6f5749ef6ce6943a275a1d3e7486f4eae,4,4287453602512664254676,4287.4536025126642547
2025-07-01,6,667282315,fd0a40bc83c5fae4203dec7e5929b446b07d1c76,4,294284440957735372938,294.2844409577353729
2025-07-01,7,1899934735,111111125421ca6dc452d289314280a0f8842a65,3,51052221834357628467619,51052.221834357628
2025-07-01,8,1663246624,cf5540fffcdc3d510b18bfca6d2b9987b0772559,3,291818117221504695448,291.8181172215046954
2025-07-01,9,583481113,40ec5b33f54e0e8a33a975908c5ba1c14e5bbbdf,3,266909548038336137357,266.9095480383361374
2025-07-01,10,733908697,d632f22692fac7611d2aa1c0d552930d43caed3b,3,156333460093989885435,156.3334600939898854
2025-07-01,11,697997440,ec8c342bc3e07f05b9a782bc34e7f04fb9b44502,3,88153146386063186277,88.1531463860631863
2025-07-01,12,1292509309,31351bf3fba544863fbff44ddc27ba880916a199,3,43991011796789188328,43.9910117967891883
2025-07-01,13,1235298661,08780fb7e580e492c1935bee4fa5920b94aa95da,2,92270036393450769406949,92270.036393450769
2025-07-01,14,2054943978,6a000f20005980200259b80c5102003040001068,2,3021044605350759643941,3021.0446053507596439
2025-07-01,15,1351302712,dbe88dbac39263c47629ebba02b3ef4cf0752a72,2,2000000000000000000000,2000.0000000000000000
2025-07-01,16,1837432281,ce6431d21e3fb1036ce9973a3312368ed96f5ce7,2,355251164495987009251,355.2511644959870093
2025-07-01,17,1392664436,15ada72a3b52a88e25ddd2cc2ba1120234e34bb0,2,52868799980000000000,52.8687999800000000
2025-07-01,18,934876971,378ba9b73309be80bf4c2c027aad799766a7ed5a,2,18716813783290808320,18.7168137832908083
2025-07-01,19,-255490259,dcb7028e5eaa1d7bb82b7152cb0e7adc12e7457c,2,10003228395228148706,10.0032283952281487
2025-07-01,20,1573555469,b5e7f9cb9d3897808658f1991ad32912959b42e2,2,5427321996870518448,5.4273219968705184
2025-07-01,21,795912842,92c7b5ce4cb0e5483f3365c1449f21578ee9f21a,2,300337215073956964,0.30033721507395696400
2025-07-01,22,979822284,c14900dfb1aa54e7674e1ecf9ce02b3b35157ba5,1,83471176266589241661677,83471.176266589242
2025-07-01,23,1457409453,c3b19502f8c02be75f3f77fd673503520deb51dd,1,56024999999529204026482,56024.999999529204
2025-07-01,24,1946768028,1ee81c56e42ec34039d993d12410d437ddea341e,1,41373382863885094929220,41373.382863885095
2025-07-01,25,1664375120,d4e245848d6e1220dbe62e155d89fa327e43cb06,1,26514767467051093458776,26514.767467051093
2025-07-01,26,-112369744,ad6cea45f98444a922a2b4fe96b8c90f0862d2f4,1,10962777927379568081907,10962.777927379568
2025-07-01,27,-213396549,bbaf8b2837cbbc7146f5bc978d6f84db0be1cacc,1,10389883483413884321477,10389.883483413884
2025-07-01,28,1292422842,03b59bd1c8b9f6c265ba0c3421923b93f15036fa,1,8212184580128112786688,8212.1845801281127867
2025-07-01,29,1392405051,fb788f9e20ef426a32a67986654750172a6c1788,1,5387315300000000000000,5387.3153000000000000
2025-07-01,30,923062337,a4cb5df880b4f6d36d132e3e8522e71f37a4d4e6,1,5100999950000000000000,5100.9999500000000000
2025-07-01,31,2106851551,c38e4e6a15593f908255214653d3d947ca1c2338,1,4660799327677035598136,4660.7993276770355981
2025-07-01,32,1765964642,a663b02cf0a4b149d2ad41910cb81e23e1c41c32,1,3349176330828739406566,3349.1763308287394066
2025-07-01,33,1306887388,794f6b13fbd7eb7ef10d1ed205c9a416910207ff,1,2622000000000000000000,2622.0000000000000000
2025-07-01,34,-323129525,6e4141d33021b52c91c28608403db4a0ffb50ec6,1,2500321814053779461939,2500.3218140537794619
2025-07-01,35,1351293871,a1d100a5bf6bfd2736837c97248853d989a9ed84,1,1005000000000000000000,1005.0000000000000000
2025-07-01,36,-285677798,564d6e3a879c007183fad17bed9a70630f090651,1,955992445586693724820,955.9924455866937248
2025-07-01,37,1308469390,5de4ef4879f4fe3bbadf2227d2ac5d0e2d76c895,1,620815679705779476256,620.8156797057794763
2025-07-01,38,1470081327,36c060cc4b088c830a561e959a679a58205d3f56,1,357150806561545260014,357.1508065615452600
2025-07-01,39,1556542975,86e71075e55f0aad27d700017e0783458310c98a,1,223742400000000000000,223.7424000000000000
2025-07-01,40,1138117183,54c55369a6900731d22eacb0df7c0253cf19dfff,1,110738317891570537624,110.7383178915705376
2025-07-01,41,1612993533,0cd6f267b2086bea681e922e19d40512511be538,1,100576120394736047356,100.5761203947360474
2025-07-01,42,-186122954,66a9893cc07d91d95644aedd05d03f95e1dba8af,1,50207326282285871854,50.2073262822858719
2025-07-01,43,1213241679,dcef968d416a41cdac0ed8702fac8128a64241a2,1,22015610572534893171,22.0156105725348932
2025-07-01,44,-106515397,2d85f9ad634e674a0b6c895e48affb1ff815797b,1,15989178559936319973,15.9891785599363200
2025-07-01,45,-107119175,dce97b99a8f5b9a320515376bdece091d4b76795,1,12270134392821986857,12.2701343928219869
2025-07-01,46,821344937,97e7d56a0408570ba1a7852de36350f7713906ec,1,11904631552058600329,11.9046315520586003
2025-07-01,47,1451340273,97f088b0175a7319059d8e705286aa035077d624,1,10014148676526395612,10.0141486765263956
2025-07-01,48,1381791786,1111111254eeb25477b68fb85ed929f73a960582,1,9883256345832687494,9.8832563458326875
2025-07-01,49,1392421667,85c5f05ae4cb68190c695a22b292c3ba90696128,1,5000000000000000000,5.0000000000000000
2025-07-01,50,-403967596,df31a70a21a1931e02033dbba7deace6c45cfd0f,1,3229758031141625253,3.2297580311416253
2025-07-01,51,1113847572,663dc15d3c1ac63ff12e45ab68fea3f0a883c251,1,2400506108824640743,2.4005061088246407
2025-07-01,52,1394911941,fa0f307783ac21c39e939acff795e27b650f6e68,1,998007000000000000,0.99800700000000000000
2025-07-01,53,1306898428,32467a5fc2d72d21e8dce990906547a2b012f382,1,400000000000000000,0.40000000000000000000
2025-07-01,54,-148073324,5141b82f5ffda4c6fe1e372978f1c5427640a190,1,199509500000000000,0.19950950000000000000
2025-07-01,55,-329568978,6088d94c5a40cecd3ae2d4e0710ca687b91c61d0,1,1,1.000000000000000000E-18
2025-07-01,56,1939475140,b5a46f712f03808ae5c4b885c6f598fa06442684,1,0,0E-36
2025-07-01,57,747193389,aca39b187352d9805deced6e73a3d72abf86e7a0,1,0,0E-36
2025-08-01,1,881197687,9008d19f58aabd9ed0d60971565aa8510560ab41,7,294130934581572956046969,294130.934581572956
2025-08-01,2,616036061,74de5d4fcbf63e00296fd95d33236b9794016631,6,11408173241608546565214,11408.173241608547
2025-08-01,3,821344937,97e7d56a0408570ba1a7852de36350f7713906ec,6,671568745387117797683,671.5687453871177977
2025-08-01,4,-403967596,df31a70a21a1931e02033dbba7deace6c45cfd0f,5,990031313586882958695,990.0313135868829587
2025-08-01,5,697997440,ec8c342bc3e07f05b9a782bc34e7f04fb9b44502,4,242657240191215093136,242.6572401912150931
2025-08-01,6,934876971,378ba9b73309be80bf4c2c027aad799766a7ed5a,4,12088235698527321728,12.0882356985273217
2025-08-01,7,1213241679,dcef968d416a41cdac0ed8702fac8128a64241a2,3,216489843401922195003036,216489.843401922195
2025-08-01,8,667282315,fd0a40bc83c5fae4203dec7e5929b446b07d1c76,3,55921784877885982452,55.9217848778859825
2025-08-01,9,1145580966,9a834b70c07c81a9fcd6f22e842bf002fbffbe4d,3,37173634825029752455,37.1736348250297525
2025-08-01,10,2061959543,5b93d80da1a359340d1f339fb574bdc56763f995,3,15715693195292787587,15.7156931952927876
2025-08-01,11,1573555469,b5e7f9cb9d3897808658f1991ad32912959b42e2,3,194622485272731530,0.19462248527273153000
2025-08-01,12,1765964642,a663b02cf0a4b149d2ad41910cb81e23e1c41c32,2,132951024363954855868716,132951.024363954856
2025-08-01,13,1235298661,08780fb7e580e492c1935bee4fa5920b94aa95da,2,45112188073296215449080,45112.188073296215
2025-08-01,14,-103393091,45312ea0eff7e09c83cbe249fa1d7598c4c8cd4e,2,25089911620133319837244,25089.911620133320
2025-08-01,15,1663246624,cf5540fffcdc3d510b18bfca6d2b9987b0772559,2,21976666445911095519426,21976.666445911096
2025-08-01,16,-403946188,8e3f00919ad73b4c525be50e86718d86386af944,2,535901041414084262856,535.9010414140842629
2025-08-01,17,2106851551,c38e4e6a15593f908255214653d3d947ca1c2338,2,424534877782951817758,424.5348777829518178
2025-08-01,18,-186122954,66a9893cc07d91d95644aedd05d03f95e1dba8af,2,25760242190271776818,25.7602421902717768
2025-08-01,19,1364872031,1231deb6f5749ef6ce6943a275a1d3e7486f4eae,2,23360725899563108817,23.3607258995631088
2025-08-01,20,1351646374,3835a58ca93cdb5f912519ad366826ac9a752510,2,0,0E-36
2025-08-01,21,1836498420,5cc9400ffb4da168cf271e912f589462c3a00d1f,1,165079149893999297716291,165079.149893999298
2025-08-01,22,1899934735,111111125421ca6dc452d289314280a0f8842a65,1,91447397401978638023529,91447.397401978638
2025-08-01,23,832280118,194332a87e463a3dd2dd2be4222e9c2e26acf419,1,70096729672644725089764,70096.729672644725
2025-08-01,24,1392421667,85c5f05ae4cb68190c695a22b292c3ba90696128,1,37580905100000000000000,37580.905100000000
2025-08-01,25,897164624,b1748c79709f4ba2dd82834b8c82d4a505003f27,1,15000000000000000000000,15000.000000000000
2025-08-01,26,1530950356,ade1e3b40b58e51df923cfbffcfb3502a5b07d1a,1,11194088389275740668611,11194.088389275741
2025-08-01,27,-112369744,ad6cea45f98444a922a2b4fe96b8c90f0862d2f4,1,5007872519764498048619,5007.8725197644980486
2025-08-01,28,1664375120,d4e245848d6e1220dbe62e155d89fa327e43cb06,1,4197690580396956121664,4197.6905803969561217
2025-08-01,29,944491348,839a989be40f2d60f00beeb648903732c041cbd7,1,2737989032699864449567,2737.9890326998644496
2025-08-01,30,1113847572,663dc15d3c1ac63ff12e45ab68fea3f0a883c251,1,1618552046355969176462,1618.5520463559691765
2025-08-01,31,1576067195,32ddf80508cfd8fed8abe375582fc7cfd20372c4,1,1451070600000000000000,1451.0706000000000000
2025-08-01,32,1939475140,b5a46f712f03808ae5c4b885c6f598fa06442684,1,1000000000000000000000,1000.0000000000000000
2025-08-01,33,1221975800,4a183b7ed67b9e14b3f45abfb2cf44ed22c29e54,1,861582551004033881483,861.5825510040338815
2025-08-01,34,-381547691,f5042e6ffac5a625d4e7848e0b01373d8eb9e222,1,502818338118714804894,502.8183381187148049
2025-08-01,35,1092021801,372c61c371213fe63c875d7e56760d1c343e5b2c,1,395779109132281481420,395.7791091322814814
2025-08-01,36,893398926,def171fe48cf0115b1d80b88dc8eab59176fee57,1,307452149541117582450,307.4521495411175825
2025-08-01,37,-372789137,c0dfdb9e7a392c3dbbe7c6fbe8fbc1789c9fe05e,1,177886742846266060000,177.8867428462660600
2025-08-01,38,1107465928,9a22cdb1ca1cdd2371cd5bb5199564c4e89465eb,1,85729286893700648450,85.7292868937006485
2025-08-01,39,733908697,d632f22692fac7611d2aa1c0d552930d43caed3b,1,46228783392559145562,46.2287833925591456
2025-08-01,40,2100155922,7e583d9764f22a70ddeede4cb9c996f5083ac7de,1,44113542088912077298,44.1135420889120773
2025-08-01,41,1636575522,69460570c93f9de5e2edbc3052bf10125f0ca22d,1,43551600072910825108,43.5516000729108251
2025-08-01,42,1308469390,5de4ef4879f4fe3bbadf2227d2ac5d0e2d76c895,1,25648084609599244619,25.6480846095992446
2025-08-01,43,887108251,e06f8d30ac334c857fc8c380c85969c150f38a6a,1,13718575638811857618,13.7185756388118576
2025-08-01,44,1586960633,0b8a49d816cc709b6eadb09498030ae3416b66dc,1,8066061905535529421,8.0660619055355294
2025-08-01,45,-361863690,0d05a7d3448512b78fa8a9e46c4872c88c4a0d05,1,6446306476183755838,6.4463064761837558
2025-08-01,46,1967110213,909dbde1ebe906af95660033e478d59efe831fed,1,5500565000000000000,5.5005650000000000
2025-08-01,47,1833663066,f621fb08bbe51af70e7e0f4ea63496894166ff7f,1,4956909170439585857,4.9569091704395859
2025-08-01,48,2054943978,6a000f20005980200259b80c5102003040001068,1,3149899768411775386,3.1498997684117754
2025-08-01,49,796495726,c63b0708e2f7e69cb8a1df0e1389a98c35a76d52,1,1984175466661113801,1.9841754666611138
2025-08-01,50,678388688,27dc6c5489c34354901330effd2464345a8d0a80,1,816892796475857500,0.81689279647585750000
2025-08-01,51,-148073324,5141b82f5ffda4c6fe1e372978f1c5427640a190,1,485194385287819944,0.48519438528781994400
2025-08-01,52,1330540949,a50cdda159b84f02aa3a560da5b2a2384c56a9d6,1,146008849867838029,0.14600884986783802900
2025-08-01,53,530746224,abea9132b05a70803a4e85094fd0e1800777fbef,1,124732507070000000,0.12473250707000000000
2025-08-01,54,-232637266,4a6c312ec70e8747a587ee860a0353cd42be0ae0,1,31483640578718651,0.03148364057871865100
2025-08-01,55,1402893589,5d9e1709273d4bc7c84589365d5d638913f24159,1,29689801386984253,0.02968980138698425300
2025-08-01,56,1289666578,6e9ff848d2c695b95c7fd8e9907e817270eb303e,1,24876953365993535,0.02487695336599353500
2025-08-01,57,-323129525,6e4141d33021b52c91c28608403db4a0ffb50ec6,1,6,6.000000000000000000E-18
2025-08-01,58,-463284100,2e1dee213ba8d7af0934c49a23187babeaca8764,1,2,2.000000000000000000E-18
2025-08-01,59,1351293871,a1d100a5bf6bfd2736837c97248853d989a9ed84,1,0,0E-36
2025-08-01,60,-461713022,726e3244e2a73405ce13d82862d81e1c5dd0004e,1,0,0E-36
2025-09-01,1,1235298661,08780fb7e580e492c1935bee4fa5920b94aa95da,5,179192570772585739204183,179192.570772585739
2025-09-01,2,881197687,9008d19f58aabd9ed0d60971565aa8510560ab41,5,80146340614894789552589,80146.340614894790
2025-09-01,3,1213241679,dcef968d416a41cdac0ed8702fac8128a64241a2,4,19417684242879272909939,19417.684242879273
2025-09-01,4,1850762874,5dc1bf6f1e983c0b21efb003c105133736fa0743,4,3232612354534015862590,3232.6123545340158626
2025-09-01,5,733908697,d632f22692fac7611d2aa1c0d552930d43caed3b,4,1406309892827393507941,1406.3098928273935079
2025-09-01,6,821344937,97e7d56a0408570ba1a7852de36350f7713906ec,4,186741311180807602750,186.7413111808076028
2025-09-01,7,1308469390,5de4ef4879f4fe3bbadf2227d2ac5d0e2d76c895,3,5618723798325972941208,5618.7237983259729412
2025-09-01,8,-381547691,f5042e6ffac5a625d4e7848e0b01373d8eb9e222,3,89142707860138912092,89.1427078601389121
2025-09-01,9,667282315,fd0a40bc83c5fae4203dec7e5929b446b07d1c76,3,18776470666601188775,18.7764706666011888
2025-09-01,10,-461713022,726e3244e2a73405ce13d82862d81e1c5dd0004e,3,0,0E-36
2025-09-01,11,1392406501,06fa869caa1160754c6a0b744da6454c5ea325d4,2,29301761599990000000000,29301.761599990000
2025-09-01,12,2054943978,6a000f20005980200259b80c5102003040001068,2,4018688667537874125967,4018.6886675378741260
2025-09-01,13,-103393091,45312ea0eff7e09c83cbe249fa1d7598c4c8cd4e,2,305673110789582985857,305.6731107895829859
2025-09-01,14,-323129525,6e4141d33021b52c91c28608403db4a0ffb50ec6,2,89287687424415302391,89.2876874244153024
2025-09-01,15,-112369744,ad6cea45f98444a922a2b4fe96b8c90f0862d2f4,2,30995317534132576216,30.9953175341325762
2025-09-01,16,-186122954,66a9893cc07d91d95644aedd05d03f95e1dba8af,2,9712109794595055657,9.7121097945950557
2025-09-01,17,616036061,74de5d4fcbf63e00296fd95d33236b9794016631,2,4942552190742237191,4.9425521907422372
2025-09-01,18,934876971,378ba9b73309be80bf4c2c027aad799766a7ed5a,2,131204208835908322,0.13120420883590832200
2025-09-01,19,-463284100,2e1dee213ba8d7af0934c49a23187babeaca8764,2,2,2.000000000000000000E-18
2025-09-01,20,1495139163,78bb3aec3d855431bd9289fd98da13f9ebb7ef15,1,71781249243337385154279,71781.249243337385
2025-09-01,21,1392421667,85c5f05ae4cb68190c695a22b292c3ba90696128,1,20116284199990000000000,20116.284199990000
2025-09-01,22,1311229664,07af6bb51d6ad0cf126e3ed2dee6eac34bf094f8,1,3683131005326409599179,3683.1310053264095992
2025-09-01,23,1292422842,03b59bd1c8b9f6c265ba0c3421923b93f15036fa,1,2774940444426176090818,2774.9404444261760908
2025-09-01,24,579932496,53c40473dcdfd927c4201ccfe24e314a7d7c3584,1,227287565707673753575,227.2875657076737536
2025-09-01,25,1443863675,3ef1d856ea62a2292b8690855042095a7ac48b4b,1,195000000000000000000,195.0000000000000000
2025-09-01,26,946159382,baaa1f5dba42c3389bdbc2c9d2de134f5cd0dc89,1,176394947035102829062,176.3949470351028291
2025-09-01,27,893398926,def171fe48cf0115b1d80b88dc8eab59176fee57,1,167403080421207674910,167.4030804212076749
2025-09-01,28,1556542975,86e71075e55f0aad27d700017e0783458310c98a,1,161398599990000000000,161.3985999900000000
2025-09-01,29,1392664436,15ada72a3b52a88e25ddd2cc2ba1120234e34bb0,1,76053200000000000000,76.0532000000000000
2025-09-01,30,1967110213,909dbde1ebe906af95660033e478d59efe831fed,1,50000000000000000000,50.0000000000000000
2025-09-01,31,1636575522,69460570c93f9de5e2edbc3052bf10125f0ca22d,1,13819895265685426727,13.8198952656854267
2025-09-01,32,1306887388,794f6b13fbd7eb7ef10d1ed205c9a416910207ff,1,10000000000000000000,10.0000000000000000
2025-09-01,33,-534254029,3b0aa7d38bf3c103bf02d1de2e37568cbed3d6e8,1,9957774089264015360,9.9577740892640154
2025-09-01,34,-403967596,df31a70a21a1931e02033dbba7deace6c45cfd0f,1,8716924827687896147,8.7169248276878961
2025-09-01,35,667300213,97c4adc5d28a86f9470c70dd91dc6cc2f20d2d4d,1,8185737199550281834,8.1857371995502818
2025-09-01,36,530746224,abea9132b05a70803a4e85094fd0e1800777fbef,1,4388215876000000000,4.3882158760000000
2025-09-01,37,1899934735,111111125421ca6dc452d289314280a0f8842a65,1,4260336658954130374,4.2603366589541304
2025-09-01,38,945823832,6352a56caadc4f1e25cd6c75970fa768a3304e64,1,1250401950455264027,1.2504019504552640
2025-09-01,39,796495726,c63b0708e2f7e69cb8a1df0e1389a98c35a76d52,1,1092635031119268709,1.0926350311192687
2025-09-01,40,-439590802,96adb06384c76885473b92b8f3fcc7a01a82665b,1,1001072526020615486,1.00107252602061548600
2025-09-01,41,-284313425,bf5e3ff5691b4aef4efdc9d55f40c5249bdfbee9,1,1000000000000000000,1.00000000000000000000
2025-09-01,42,-335906697,ea9cb60bb1d059c67fdcfb7377334adf579b6a20,1,906508063966894635,0.90650806396689463500
2025-09-01,43,-148073324,5141b82f5ffda4c6fe1e372978f1c5427640a190,1,329509995130596540,0.32950999513059654000
2025-09-01,44,1802463812,2c11a5a75048d0d1e1598aec4b67a11f1e851293,1,72316662495976500,0.07231666249597650000
2025-09-01,45,1573555469,b5e7f9cb9d3897808658f1991ad32912959b42e2,1,248992926005226,0.00024899292600522600
2025-09-01,46,-279869094,e00c629afaccb0510995a2b95560e446a24c85b9,1,100000000000000,0.000100000000000000000000
2025-09-01,47,515442353,c6c9d802bc16d8746aafcac4781f9a8d442d585d,1,30614822412930,0.000030614822412930000000
2025-09-01,48,1351646374,3835a58ca93cdb5f912519ad366826ac9a752510,1,0,0E-36
2025-10-01,1,1235298661,08780fb7e580e492c1935bee4fa5920b94aa95da,6,111633343648792627475242,111633.343648792627
2025-10-01,2,934876971,378ba9b73309be80bf4c2c027aad799766a7ed5a,5,4167683230724123936,4.1676832307241239
2025-10-01,3,821344937,97e7d56a0408570ba1a7852de36350f7713906ec,4,7621362851920276977691,7621.3628519202769777
2025-10-01,4,1292509309,31351bf3fba544863fbff44ddc27ba880916a199,4,1574094967399859729523,1574.0949673998597295
2025-10-01,5,881197687,9008d19f58aabd9ed0d60971565aa8510560ab41,3,55092211575051152026592,55092.211575051152
2025-10-01,6,-577186117,207e1074858a7e78f17002075739ed2745dbaece,3,51230247565565490530387,51230.247565565491
2025-10-01,7,1899934735,111111125421ca6dc452d289314280a0f8842a65,3,6869967397054498035260,6869.9673970544980353
2025-10-01,8,616036061,74de5d4fcbf63e00296fd95d33236b9794016631,3,773555746589743536720,773.5557465897435367
2025-10-01,9,733908697,d632f22692fac7611d2aa1c0d552930d43caed3b,3,475705876320088070440,475.7058763200880704
2025-10-01,10,-561793933,63242a4ea82847b20e506b63b0e2e2eff0cc6cb0,2,151596803525593120473865,151596.803525593120
2025-10-01,11,1213241679,dcef968d416a41cdac0ed8702fac8128a64241a2,2,105360698957290227777605,105360.698957290228
2025-10-01,12,1392418668,a381d58e96ec3818c825e1fb264099448945cf8b,2,15372558700000000000000,15372.558700000000
2025-10-01,13,796495726,c63b0708e2f7e69cb8a1df0e1389a98c35a76d52,2,2107603198387161453335,2107.6031983871614533
2025-10-01,14,-534254029,3b0aa7d38bf3c103bf02d1de2e37568cbed3d6e8,2,2033197555400455870852,2033.1975554004558709
2025-10-01,15,1765964642,a663b02cf0a4b149d2ad41910cb81e23e1c41c32,2,1290090094710501825870,1290.0900947105018259
2025-10-01,16,1392664436,15ada72a3b52a88e25ddd2cc2ba1120234e34bb0,2,556315700000000000000,556.3157000000000000
2025-10-01,17,-103393091,45312ea0eff7e09c83cbe249fa1d7598c4c8cd4e,2,239399206654221524336,239.3992066542215243
2025-10-01,18,-538341780,3ef238c36035880efbdfa239d218186b79ad1d6f,2,864653132333316549,0.86465313233331654900
2025-10-01,19,1663246624,cf5540fffcdc3d510b18bfca6d2b9987b0772559,1,401552356590856163033088,401552.356590856163
2025-10-01,20,1272423056,d249942f6d417cbfdcb792b1229353b66c790726,1,42407000000000000000000,42407.000000000000
2025-10-01,21,1157323071,11cc283d06fa762061df2b0d2f0787651ceef659,1,30000000000000000000000,30000.000000000000
2025-10-01,22,1495139163,78bb3aec3d855431bd9289fd98da13f9ebb7ef15,1,9693438339000000000000,9693.4383390000000000
2025-10-01,23,1311229664,07af6bb51d6ad0cf126e3ed2dee6eac34bf094f8,1,8038672873301846256317,8038.6728733018462563
2025-10-01,24,2054943978,6a000f20005980200259b80c5102003040001068,1,7746078861602858573669,7746.0788616028585737
2025-10-01,25,-14300460,d4bc53434c5e12cb41381a556c3c47e1a86e80e3,1,6660858037326972804339,6660.8580373269728043
2025-10-01,26,979822284,c14900dfb1aa54e7674e1ecf9ce02b3b35157ba5,1,2522826621674437494014,2522.8266216744374940
2025-10-01,27,-239950818,2d5805a423d6ce771f06972ad4499f120902631a,1,662288545418195373029,662.2885454181953730
2025-10-01,28,-361863690,0d05a7d3448512b78fa8a9e46c4872c88c4a0d05,1,349316215520581517312,349.3162155205815173
2025-10-01,29,893398926,def171fe48cf0115b1d80b88dc8eab59176fee57,1,306942496435481381293,306.9424964354813813
2025-10-01,30,1306898428,32467a5fc2d72d21e8dce990906547a2b012f382,1,197865286000000000000,197.8652860000000000
2025-10-01,31,1308469390,5de4ef4879f4fe3bbadf2227d2ac5d0e2d76c895,1,179606503736028574996,179.6065037360285750
2025-10-01,32,583481113,40ec5b33f54e0e8a33a975908c5ba1c14e5bbbdf,1,100000000000000000000,100.0000000000000000
2025-10-01,33,1837432281,ce6431d21e3fb1036ce9973a3312368ed96f5ce7,1,66148056426393686403,66.1480564263936864
2025-10-01,34,4841590,2b92d12d8cc0b9af862451393925092c6c21a611,1,59900871580000000000,59.9008715800000000
2025-10-01,35,-248469208,c46fcd651bd6ac11255886feabdcebd58b870c86,1,47551638700217967118,47.5516387002179671
2025-10-01,36,2000202299,888888888889758f76e7103c6cbf23abbf58f946,1,45159342329206258889,45.1593423292062589
2025-10-01,37,-578618210,083cfa7fd187be983ce5d519fe7ae78357779998,1,37854942432334874175,37.8549424323348742
2025-10-01,38,1265708938,4e467fb2e874a5a6c826dcf0a4707c5ce431f336,1,18937704916770356198,18.9377049167703562
2025-10-01,39,718551986,7bdc1afc6382889e6a4087a3975f96bd2b105eef,1,15189039797000000000,15.1890397970000000
2025-10-01,40,1535693651,3a23f943181408eac424116af7b7790c94cb97a5,1,14131206799266424593,14.1312067992664246
2025-10-01,41,-595346488,2d53a516ead19f9ff340bf30428a5a7abac7fa49,1,10859317424961501290,10.8593174249615013
2025-10-01,42,1543101446,6aa981bff95edfea36bdae98c26b274ffcafe8d3,1,8583762773546794072,8.5837627735467941
2025-10-01,43,-484239525,72ed24bdd9253595bdd01469a15a8852bee7e0da,1,6186521000000000000,6.1865210000000000
2025-10-01,44,1381791786,1111111254eeb25477b68fb85ed929f73a960582,1,3959127550490866018,3.9591275504908660
2025-10-01,45,-86277644,dfea386f471d15d8b2ddb931f5e57713974c7899,1,3650598739634988544,3.6505987396349885
2025-10-01,46,-381547691,f5042e6ffac5a625d4e7848e0b01373d8eb9e222,1,2086915106179859721,2.0869151061798597
2025-10-01,47,1573555469,b5e7f9cb9d3897808658f1991ad32912959b42e2,1,2085434068097471682,2.0854340680974717
2025-10-01,48,2080458335,3a98110a09fdf8119c17a8d77dc07f5b6e1952d6,1,1003219540573918400,1.00321954057391840000
2025-10-01,49,667282315,fd0a40bc83c5fae4203dec7e5929b446b07d1c76,1,609784658185011767,0.60978465818501176700
2025-10-01,50,530746224,abea9132b05a70803a4e85094fd0e1800777fbef,1,568239633200000000,0.56823963320000000000
2025-10-01,51,697997440,ec8c342bc3e07f05b9a782bc34e7f04fb9b44502,1,417875957209350019,0.41787595720935001900
2025-10-01,52,-598934206,803cfdda7d84bf5bf0dcd16ca66f6d06ce5a6228,1,151788678843388716,0.15178867884338871600
2025-10-01,53,1836498420,5cc9400ffb4da168cf271e912f589462c3a00d1f,1,40390417626,4.0390417626000000E-8
2025-10-01,54,1351302712,dbe88dbac39263c47629ebba02b3ef4cf0752a72,1,0,0E-36
2025-10-01,55,-461713022,726e3244e2a73405ce13d82862d81e1c5dd0004e,1,0,0E-36
2025-11-01,1,1235298661,08780fb7e580e492c1935bee4fa5920b94aa95da,6,223744391543917559763459,223744.391543917560
2025-11-01,2,616036061,74de5d4fcbf63e00296fd95d33236b9794016631,3,805677738327258038349,805.6777383272580383
2025-11-01,3,881197687,9008d19f58aabd9ed0d60971565aa8510560ab41,2,91432779839799289394571,91432.779839799289
2025-11-01,4,-577186117,207e1074858a7e78f17002075739ed2745dbaece,2,17452554385998926351683,17452.554385998926
2025-11-01,5,-279869094,e00c629afaccb0510995a2b95560e446a24c85b9,2,5030326395140860984432,5030.3263951408609844
2025-11-01,6,1392664436,15ada72a3b52a88e25ddd2cc2ba1120234e34bb0,2,4981843700000000000000,4981.8437000000000000
2025-11-01,7,796495726,c63b0708e2f7e69cb8a1df0e1389a98c35a76d52,2,1527727817348594445273,1527.7278173485944453
2025-11-01,8,821344937,97e7d56a0408570ba1a7852de36350f7713906ec,2,216117326675901379065,216.1173266759013791
2025-11-01,9,-103393091,45312ea0eff7e09c83cbe249fa1d7598c4c8cd4e,2,72135099010045227325,72.1350990100452273
2025-11-01,10,2054943978,6a000f20005980200259b80c5102003040001068,2,3115851847557727534,3.1158518475577275
2025-11-01,11,1612993533,0cd6f267b2086bea681e922e19d40512511be538,1,46446688890532327493273,46446.688890532327
2025-11-01,12,1292422842,03b59bd1c8b9f6c265ba0c3421923b93f15036fa,1,12017954057035575033167,12017.954057035575
2025-11-01,13,1351293871,a1d100a5bf6bfd2736837c97248853d989a9ed84,1,5000000000000000000000,5000.0000000000000000
2025-11-01,14,1911778548,e07a16358aa878cbda2d49a88e5106871e0db307,1,3614258710068765639022,3614.2587100687656390
2025-11-01,15,494436972,7fb294b05d1031fd1005ae667a149fffd0fd73bb,1,3300000000000000000000,3300.0000000000000000
2025-11-01,16,1765964642,a663b02cf0a4b149d2ad41910cb81e23e1c41c32,1,2156396010395726724616,2156.3960103957267246
2025-11-01,17,2000202299,888888888889758f76e7103c6cbf23abbf58f946,1,1515840729352780274058,1515.8407293527802741
2025-11-01,18,-361863690,0d05a7d3448512b78fa8a9e46c4872c88c4a0d05,1,1001196250504423407616,1001.1962505044234076
2025-11-01,19,733908697,d632f22692fac7611d2aa1c0d552930d43caed3b,1,203013224765098283413,203.0132247650982834
2025-11-01,20,2041201620,be40491f3261fd42724f1aeb465796eb11c06ddf,1,135614665503301533513,135.6146655033015335
2025-11-01,21,1914402350,6e7058c91f85e0f6db4fc9da2ca41241f5e4263f,1,100449247010000000000,100.4492470100000000
2025-11-01,22,1351302712,dbe88dbac39263c47629ebba02b3ef4cf0752a72,1,100000000000000000000,100.0000000000000000
2025-11-01,23,-654441787,ef9238f9c397cb18d485104bd77a736e769689f9,1,82676065732273745493,82.6760657322737455
2025-11-01,24,1308469390,5de4ef4879f4fe3bbadf2227d2ac5d0e2d76c895,1,48144261356047310802,48.1442613560473108
2025-11-01,25,-662753422,130b15e2a5d1f753b2a4f0e1a6428889211c8853,1,36509815331441945904,36.5098153314419459
2025-11-01,26,1899934735,111111125421ca6dc452d289314280a0f8842a65,1,25263270876878455401,25.2632708768784554
2025-11-01,27,1312242162,fbd4c3d8be6b15b7cf428db2838bb44c0054fcd2,1,18585387335937074615,18.5853873359370746
2025-11-01,28,1328247616,8c240c385305aeb2d5ceb60425aabcb3488fa93d,1,13339835954250893737,13.3398359542508937
2025-11-01,29,691771865,83d2944d5fc10a064451dc5852f4f47759f249b6,1,11634097758191086021,11.6340977581910860
2025-11-01,30,-667339825,870141fdb5c5ae15c28bf8a84434ca795d2d8330,1,10069165095037816000,10.0691650950378160
2025-11-01,31,-609869988,8c864d0c8e476bf9eb9d620c10e1296fb0e2f940,1,2000000000000000000,2.0000000000000000
2025-11-01,32,1836498420,5cc9400ffb4da168cf271e912f589462c3a00d1f,1,1404237607178205069,1.4042376071782051
2025-11-01,33,1004040683,4cbb5fa9bbeb3e08cde3713a47b58b20c6d8e14e,1,1186259157879020424,1.1862591578790204
2025-11-01,34,811630488,d6c783b257e662ca949b441a4fcb08a53fc49914,1,275930932929331227,0.27593093292933122700
2025-11-01,35,974673458,ccae93fc97763313fa95f576be60ed8f752051e5,1,169858779448508864,0.16985877944850886400
2025-11-01,36,1427153194,ce047a673a88093ac4f7a5517a1f0d8baa1701ed,1,10032318539386423,0.01003231853938642300
2025-11-01,37,-591566463,d2b37ade14708bf18904047b1e31f8166d39612b,1,224293895114,2.24293895114000000E-7
2025-12-01,1,530746224,abea9132b05a70803a4e85094fd0e1800777fbef,17,35888652790590000000,35.8886527905900000
2025-12-01,2,1530950356,ade1e3b40b58e51df923cfbffcfb3502a5b07d1a,8,1068712816995599249413,1068.7128169955992494
2025-12-01,3,1364872031,1231deb6f5749ef6ce6943a275a1d3e7486f4eae,6,17842394313615866894616,17842.394313615867
2025-12-01,4,733908697,d632f22692fac7611d2aa1c0d552930d43caed3b,4,28246857286029373237599,28246.857286029373
2025-12-01,5,881197687,9008d19f58aabd9ed0d60971565aa8510560ab41,4,10332160629631699041175,10332.160629631699
2025-12-01,6,1850762874,5dc1bf6f1e983c0b21efb003c105133736fa0743,4,437692370391977052054,437.6923703919770521
2025-12-01,7,616036061,74de5d4fcbf63e00296fd95d33236b9794016631,4,28749287734179909091,28.7492877341799091
2025-12-01,8,-561793933,63242a4ea82847b20e506b63b0e2e2eff0cc6cb0,2,270672406277627149674603,270672.406277627150
2025-12-01,9,1235298661,08780fb7e580e492c1935bee4fa5920b94aa95da,2,41393529297011345305150,41393.529297011345
2025-12-01,10,-112369744,ad6cea45f98444a922a2b4fe96b8c90f0862d2f4,2,1521526050712572204826,1521.5260507125722048
2025-12-01,11,-103393091,45312ea0eff7e09c83cbe249fa1d7598c4c8cd4e,2,1006944537794335635956,1006.9445377943356360
2025-12-01,12,-519024200,5edc59403ad5891743cf3ecc7a7bb0235129e3b8,2,790930061788110435820,790.9300617881104358
2025-12-01,13,-654441787,ef9238f9c397cb18d485104bd77a736e769689f9,2,428412037341785167644,428.4120373417851676
2025-12-01,14,697997440,ec8c342bc3e07f05b9a782bc34e7f04fb9b44502,2,33059320116445340483,33.0593201164453405
2025-12-01,15,796495726,c63b0708e2f7e69cb8a1df0e1389a98c35a76d52,2,15085569726868563106,15.0855697268685631
2025-12-01,16,1899934735,111111125421ca6dc452d289314280a0f8842a65,2,7662457843971749566,7.6624578439717496
2025-12-01,17,1306898428,32467a5fc2d72d21e8dce990906547a2b012f382,2,0,0E-36
2025-12-01,18,-279869094,e00c629afaccb0510995a2b95560e446a24c85b9,1,333094950000000000000000,333094.950000000000
2025-12-01,19,-723221885,23b72162199d20aecf7542f58b2b079223e7f2ec,1,30234492743060823181798,30234.492743060823
2025-12-01,20,1838868120,e035e27a8ed6842b478933820f90093d205f7098,1,919155091519462012774,919.1550915194620128
2025-12-01,21,938694480,5e116a4521c99324f344eb7c7bfe1f78e3226493,1,643931319365725969746,643.9313193657259697
2025-12-01,22,-79620546,0000000000bbf5c5fd284e657f01bd000933c96d,1,161021367728557966750,161.0213677285579668
2025-12-01,23,-381547691,f5042e6ffac5a625d4e7848e0b01373d8eb9e222,1,121250093435214736415,121.2500934352147364
2025-12-01,24,1306887388,794f6b13fbd7eb7ef10d1ed205c9a416910207ff,1,100000000000000000000,100.0000000000000000
2025-12-01,25,1599714282,1715a3e4a142d8b698131108995174f37aeba10d,1,90734132292968267694,90.7341322929682677
2025-12-01,26,-256736721,da3994a9db5027692fa8d24a504b8da7dcaaf855,1,15000000000000000000,15.0000000000000000
2025-12-01,27,1394911941,fa0f307783ac21c39e939acff795e27b650f6e68,1,11267700000000000000,11.2677000000000000
2025-12-01,28,1729337041,ab960f71a011733b2d375b33b00ea546da1db1fa,1,10395990783038174999,10.3959907830381750
2025-12-01,29,-652074134,b92fe925dc43a0ecde6c8b1a2709c170ec4fff4f,1,4671136674938440188,4.6711366749384402
2025-12-01,30,2054943978,6a000f20005980200259b80c5102003040001068,1,4197416062948544688,4.1974160629485447
2025-12-01,31,-515182256,a034be3e322102a30912d5bf108a39c4629ccdb7,1,4063794061616296235,4.0637940616162962
2025-12-01,32,1967110213,909dbde1ebe906af95660033e478d59efe831fed,1,2469496000000000000,2.4694960000000000
2025-12-01,33,934876971,378ba9b73309be80bf4c2c027aad799766a7ed5a,1,1711144802473131520,1.7111448024731315
2025-12-01,34,-385439919,db7ca069c61d7eb787246f3174c549c902853257,1,1000000000000000000,1.00000000000000000000
2025-12-01,35,1381791786,1111111254eeb25477b68fb85ed929f73a960582,1,324853850381843142,0.32485385038184314200
2025-12-01,36,-136053573,9bcd841436ef4f85dacefb1aec772af71619024e,1,142993039545868050,0.14299303954586805000
2025-12-01,37,-317563754,efb37bd3a9ed2f768bf6f79d0379fe7f9be50f49,1,96721194170960423,0.09672119417096042300
2025-12-01,38,1213241679,dcef968d416a41cdac0ed8702fac8128a64241a2,1,91309579642402566,0.09130957964240256600
2025-12-01,39,-707392790,87109331ba81fadb12386232e375e9405caadbf5,1,40399748502889186,0.04039974850288918600
2025-12-01,40,2000202299,888888888889758f76e7103c6cbf23abbf58f946,1,29801012119617981,0.02980101211961798100
2025-12-01,41,667282315,fd0a40bc83c5fae4203dec7e5929b446b07d1c76,1,29257600273212212,0.02925760027321221200
2025-12-01,42,-708818989,051898125b03e34aaabf8fb16fa130f002787a41,1,10068901492916024,0.01006890149291602400
2025-12-01,43,-717571125,14113ca43baa8b4ee0521fd625c49e57a59db621,1,10000000000000000,0.01000000000000000000
2025-12-01,44,-751290840,f89dc5519c2bfdc3dab5be2f7803dfb2e16e9e64,1,5368476000000000,0.00536847600000000000
2025-12-01,45,1966320127,e08d97e151473a848c3d9ca3f323cb720472d015,1,14920489827,1.4920489827000000E-8
2025-12-01,46,-331601069,3611b82c7b13e72b26eb0e9be0613bee7a45ac7c,1,4,4.000000000000000000E-18
2026-01-01,1,1889100952,34c0bd5877a5ee7099d0f5688d65f4bb9158bde2,12,104151317275536501458284,104151.317275536501
2026-01-01,2,-561793933,63242a4ea82847b20e506b63b0e2e2eff0cc6cb0,10,23159077433522973435743,23159.077433522973
2026-01-01,3,-693573062,5e1f62dac767b0491e3ce72469c217365d5b48cc,9,2207235536335,0.000002207235536335000000
2026-01-01,4,616036061,74de5d4fcbf63e00296fd95d33236b9794016631,7,4591580258348017348464,4591.5802583480173485
2026-01-01,5,796495726,c63b0708e2f7e69cb8a1df0e1389a98c35a76d52,6,1207805997067740981191,1207.8059970677409812
2026-01-01,6,1235298661,08780fb7e580e492c1935bee4fa5920b94aa95da,5,63673142741005835020996,63673.142741005835
2026-01-01,7,1364872031,1231deb6f5749ef6ce6943a275a1d3e7486f4eae,5,1933007410004593199427,1933.0074100045931994
2026-01-01,8,-103393091,45312ea0eff7e09c83cbe249fa1d7598c4c8cd4e,4,29771619544357297151755,29771.619544357297
2026-01-01,9,1850762874,5dc1bf6f1e983c0b21efb003c105133736fa0743,4,9071557088884501950877,9071.5570888845019509
2026-01-01,10,1899934735,111111125421ca6dc452d289314280a0f8842a65,4,828324070248588145471,828.3240702485881455
2026-01-01,11,1843247582,a5588f7cdf560811710a2d82d3c9c99769db1dcb,4,251582330400289364730,251.5823304002893647
2026-01-01,12,-591566463,d2b37ade14708bf18904047b1e31f8166d39612b,4,22189248910658327540,22.1892489106583275
2026-01-01,13,1765964642,a663b02cf0a4b149d2ad41910cb81e23e1c41c32,3,54853621669987423904186,54853.621669987424
2026-01-01,14,1392405051,fb788f9e20ef426a32a67986654750172a6c1788,3,48063069199980000000000,48063.069199980000
2026-01-01,15,1530950356,ade1e3b40b58e51df923cfbffcfb3502a5b07d1a,3,25188107676267570843246,25188.107676267571
2026-01-01,16,1292509309,31351bf3fba544863fbff44ddc27ba880916a199,3,810677965473722351587,810.6779654737223516
2026-01-01,17,1113847572,663dc15d3c1ac63ff12e45ab68fea3f0a883c251,3,760095305583956971487,760.0953055839569715
2026-01-01,18,-426749421,3d90f66b534dd8482b181e24655a9e8265316be9,3,197267328767937675681,197.2673287679376757
2026-01-01,19,733908697,d632f22692fac7611d2aa1c0d552930d43caed3b,3,194220053564617045092,194.2200535646170451
2026-01-01,20,-381547691,f5042e6ffac5a625d4e7848e0b01373d8eb9e222,3,151138430690131611429,151.1384306901316114
2026-01-01,21,1006079602,b37d31b2a74029b5951a2778f959282e2d518595,3,119817067005663543988,119.8170670056635440
2026-01-01,22,1351302712,dbe88dbac39263c47629ebba02b3ef4cf0752a72,2,40000000000000000000000,40000.000000000000
2026-01-01,23,1836498420,5cc9400ffb4da168cf271e912f589462c3a00d1f,2,13167741617396487208332,13167.741617396487
2026-01-01,24,1213241679,dcef968d416a41cdac0ed8702fac8128a64241a2,2,10269404348258696189536,10269.404348258696
2026-01-01,25,881197687,9008d19f58aabd9ed0d60971565aa8510560ab41,2,1739216660295276280753,1739.2166602952762808
2026-01-01,26,-260840437,88649f4743a758171077b98ee2003f1989b1615a,2,1025899739915022995521,1025.8997399150229955
2026-01-01,27,-519024200,5edc59403ad5891743cf3ecc7a7bb0235129e3b8,2,160416976553458369685,160.4169765534583697
2026-01-01,28,1664375120,d4e245848d6e1220dbe62e155d89fa327e43cb06,2,107856906013431690575,107.8569060134316906
2026-01-01,29,-112369744,ad6cea45f98444a922a2b4fe96b8c90f0862d2f4,2,102363253874914321034,102.3632538749143210
2026-01-01,30,667248779,e1573b9d29e2183b1af0e743dc2754979a40d237,2,68151585197893574233,68.1515851978935742
2026-01-01,31,-484239525,72ed24bdd9253595bdd01469a15a8852bee7e0da,2,63060416191523504171,63.0604161915235042
2026-01-01,32,1456474257,6131b5fae19ea4f9d964eac0408e4408b66337b5,2,20130241250550895909,20.1302412505508959
2026-01-01,33,667282315,fd0a40bc83c5fae4203dec7e5929b446b07d1c76,2,10977485431575121303,10.9774854315751213
2026-01-01,34,1394911941,fa0f307783ac21c39e939acff795e27b650f6e68,2,10141522000000000000,10.1415220000000000
2026-01-01,35,530746224,abea9132b05a70803a4e85094fd0e1800777fbef,2,1970950000000000000,1.9709500000000000
2026-01-01,36,1608787768,ad3b67bca8935cb510c8d18bd45f0b94f54a968f,1,10059258084447038136737,10059.2580844470381367
2026-01-01,37,-90284824,00000688768803bbd44095770895ad27ad6b0d95,1,2359710358566940817345,2359.7103585669408173
2026-01-01,38,-794977462,1f560aee3d0c615f51466dcd9a312cfa858271a5,1,519706627770169467961,519.7066277701694680
2026-01-01,39,-361863690,0d05a7d3448512b78fa8a9e46c4872c88c4a0d05,1,501661057693016719360,501.6610576930167194
2026-01-01,40,1392664436,15ada72a3b52a88e25ddd2cc2ba1120234e34bb0,1,231514499990000000000,231.5144999900000000
2026-01-01,41,866263302,cf823790c4a26f4ed9742548da847df7ae6ae5f6,1,124134113750325008969,124.1341137503250090
2026-01-01,42,-783283347,feecbe8036d95acf84a2c9b8974fa0ced1c4cc17,1,99372887407242089992,99.3728874072420900
2026-01-01,43,802858328,10581399a549dbfffdbd9b070a0ba2f9f61620d2,1,75411417976779738259,75.4114179767797383
2026-01-01,44,-768983205,caf27569b957e616ac70b7bf7bac13e314fec73f,1,50000000000000000000,50.0000000000000000
2026-01-01,45,691983075,a79828df1850e8a3a3064576f380d90aecdd3359,1,33723573110644536377,33.7235731106445364
2026-01-01,46,-698111088,399740157391a9f1bf4e9921a8834f9bc8f2678e,1,33342715961352663812,33.3427159613526638
2026-01-01,47,697997440,ec8c342bc3e07f05b9a782bc34e7f04fb9b44502,1,14523406656652564561,14.5234066566525646
2026-01-01,48,-652074134,b92fe925dc43a0ecde6c8b1a2709c170ec4fff4f,1,9509776156181282915,9.5097761561812829
2026-01-01,49,1328247616,8c240c385305aeb2d5ceb60425aabcb3488fa93d,1,8074133086742954601,8.0741330867429546
2026-01-01,50,2054943978,6a000f20005980200259b80c5102003040001068,1,6173868918015493299,6.1738689180154933
2026-01-01,51,1750944822,fdf9b61dc7c238a0b845403b16b6761a5c47d9d2,1,5008535149629094657,5.0085351496290947
2026-01-01,52,-804687818,96fb3209fb4da072fb5cc493fa0ff4ea5eaa2d41,1,3438418741300569170,3.4384187413005692
2026-01-01,53,667300213,97c4adc5d28a86f9470c70dd91dc6cc2f20d2d4d,1,3395733773134052996,3.3957337731340530
2026-01-01,54,-56551273,eefff83a8eb922b0de5286a1664b71272aaae9bf,1,3000000000000000000,3.0000000000000000
2026-01-01,55,-773182073,d3d0406689277dac1c8dd005e90a2ceb138a7872,1,2571226369314931223,2.5712263693149312
2026-01-01,56,1059162900,b2722c6f927058dbe62f069c228d8e7f8876d6a3,1,2419805322458558500,2.4198053224585585
2026-01-01,57,524087354,7a250d5630b4cf539739df2c5dacb4c659f2488d,1,2054902222450746645,2.0549022224507466
2026-01-01,58,-451039345,5f9ea72c0794bad13610c8d7645d939b9ff7037f,1,1803164865702907959,1.8031648657029080
2026-01-01,59,698764531,c218001e3d102e3d1de9bf2c0f7d9626d76c6f30,1,1158184043053260032,1.1581840430532600
2026-01-01,60,1427153194,ce047a673a88093ac4f7a5517a1f0d8baa1701ed,1,1014953898135775403,1.0149538981357754
2026-01-01,61,2053912594,a2bcd1a4efbd04b63cd03f5aff2561106ebcce00,1,541651320429915959,0.54165132042991595900
2026-01-01,62,1501266678,7d8311f7e0c1d19c1096e43e8b6c17b67fb6aa2e,1,505213967868239845,0.50521396786823984500
2026-01-01,63,1714404475,c233ca7483651cdd01ba961e028777ea537260ca,1,482040530206888707,0.48204053020688870700
2026-01-01,64,2034702912,b300000b72deaeb607a12d5f54773d1c19c7028d,1,162721033076052395,0.16272103307605239500
2026-01-01,65,-710775712,21e68b7a9003ea221e08530f36947a4c9e7a5c8f,1,127037627632339232,0.12703762763233923200
2026-01-01,66,-832873627,c598f277ec10d147b3e71cd8e8427724f6b3a8c1,1,97186841046768168,0.09718684104676816800
2026-01-01,67,-718900214,990636ecb3ff04d33d92e970d3d588bf5cd8d086,1,8215000000000000,0.00821500000000000000
2026-01-01,68,-620913817,071e944d0ec39b4f8fdc3903824bb99c86cc41c0,1,817690000000000,0.00081769000000000000
2026-01-01,69,-232342291,337685fdab40d39bd02028545a4ffa7d287cc3e2,1,2,2.000000000000000000E-18
2026-01-01,70,1238776801,750bb20608601e4c44acbe774fac8f37dab67c86,1,0,0E-36
2026-02-01,1,1235298661,08780fb7e580e492c1935bee4fa5920b94aa95da,8,1011611209273129955178938,1011611.209273129955
2026-02-01,2,-103393091,45312ea0eff7e09c83cbe249fa1d7598c4c8cd4e,7,245754107147371376800530,245754.107147371377
2026-02-01,3,733908697,d632f22692fac7611d2aa1c0d552930d43caed3b,5,58032041815635730555577,58032.041815635731
2026-02-01,4,-831656232,f48a3f7c0575c85cf4529aa220caf3c055773f1c,4,64021714697936623116328,64021.714697936623
2026-02-01,5,-561793933,63242a4ea82847b20e506b63b0e2e2eff0cc6cb0,4,15877551830633666484054,15877.551830633666
2026-02-01,6,796495726,c63b0708e2f7e69cb8a1df0e1389a98c35a76d52,3,142108364454796685465,142.1083644547966855
2026-02-01,7,1889100952,34c0bd5877a5ee7099d0f5688d65f4bb9158bde2,3,105701822607516283025,105.7018226075162830
2026-02-01,8,-112369744,ad6cea45f98444a922a2b4fe96b8c90f0862d2f4,3,15496605027336409497,15.4966050273364095
2026-02-01,9,1306898428,32467a5fc2d72d21e8dce990906547a2b012f382,3,100000000000000000,0.10000000000000000000
2026-02-01,10,715173022,57f6548314ae198c451c397050507e6af863ec0d,3,3114776746876360,0.00311477674687636000
2026-02-01,11,1213241679,dcef968d416a41cdac0ed8702fac8128a64241a2,2,5509372090807988227570,5509.3720908079882276
2026-02-01,12,1392664436,15ada72a3b52a88e25ddd2cc2ba1120234e34bb0,2,2453795299990000000000,2453.7952999900000000
2026-02-01,13,1495139163,78bb3aec3d855431bd9289fd98da13f9ebb7ef15,2,1888937928057505299097,1888.9379280575052991
2026-02-01,14,-652074134,b92fe925dc43a0ecde6c8b1a2709c170ec4fff4f,2,8723736190228814619,8.7237361902288146
2026-02-01,15,934876971,378ba9b73309be80bf4c2c027aad799766a7ed5a,2,4053183651260109248,4.0531836512601092
2026-02-01,16,-831647317,4ffe5502630d7d4a0eb490d526728b6d9e6bb902,2,962397955162361684,0.96239795516236168400
2026-02-01,17,-693573062,5e1f62dac767b0491e3ce72469c217365d5b48cc,2,412738281093065830,0.41273828109306583000
2026-02-01,18,870406049,b1cfdc7370550f5e421e1bf0bf3cadfadf3c4141,1,29546153160089554743497,29546.153160089555
2026-02-01,19,1392421667,85c5f05ae4cb68190c695a22b292c3ba90696128,1,7923424600000000000000,7923.4246000000000000
2026-02-01,20,1311229664,07af6bb51d6ad0cf126e3ed2dee6eac34bf094f8,1,1236117768722996068357,1236.1177687229960684
2026-02-01,21,-260840437,88649f4743a758171077b98ee2003f1989b1615a,1,1006635578932332767009,1006.6355789323327670
2026-02-01,22,2106851551,c38e4e6a15593f908255214653d3d947ca1c2338,1,1003677763452873763182,1003.6777634528737632
2026-02-01,23,1364872031,1231deb6f5749ef6ce6943a275a1d3e7486f4eae,1,561046940564459274124,561.0469405644592741
2026-02-01,24,1538554364,ae34574ac03a15cd58a92dc79de7b1a0800f1ce3,1,464813576127646023686,464.8135761276460237
2026-02-01,25,992675953,6b4ee7352406707003bc6f6b96595fd35925af48,1,297006486989835602915,297.0064869898356029
2026-02-01,26,1646327166,b4b472109a165c229f85af509601d1a9d0f19a57,1,232817039892948669238,232.8170398929486692
2026-02-01,27,1836498420,5cc9400ffb4da168cf271e912f589462c3a00d1f,1,203404754847169045559,203.4047548471690456
2026-02-01,28,881197687,9008d19f58aabd9ed0d60971565aa8510560ab41,1,151134128040754470360,151.1341280407544704
2026-02-01,29,1765964642,a663b02cf0a4b149d2ad41910cb81e23e1c41c32,1,115600268491230118439,115.6002684912301184
2026-02-01,30,1138117183,54c55369a6900731d22eacb0df7c0253cf19dfff,1,39628987577700556911,39.6289875777005569
2026-02-01,31,667300213,97c4adc5d28a86f9470c70dd91dc6cc2f20d2d4d,1,6221444355791312643,6.2214443557913126
2026-02-01,32,616036061,74de5d4fcbf63e00296fd95d33236b9794016631,1,5296408193830100445,5.2964081938301004
2026-02-01,33,1530950356,ade1e3b40b58e51df923cfbffcfb3502a5b07d1a,1,2352326586378562289,2.3523265863785623
2026-02-01,34,-154588610,beb0b0623f66be8ce162ebdfa2ec543a522f4ea6,1,2125449501100411598,2.1254495011004116
2026-02-01,35,667282315,fd0a40bc83c5fae4203dec7e5929b446b07d1c76,1,2071432219837446316,2.0714322198374463
2026-02-01,36,1292509309,31351bf3fba544863fbff44ddc27ba880916a199,1,2018391898930402828,2.0183918989304028
2026-02-01,37,-758860208,dfe3f083be4318796fcc6116f89b6be8f858eecd,1,1680000000000000000,1.6800000000000000
2026-02-01,38,-426749421,3d90f66b534dd8482b181e24655a9e8265316be9,1,592933569694465803,0.59293356969446580300
2026-02-01,39,530746224,abea9132b05a70803a4e85094fd0e1800777fbef,1,390238900000000000,0.39023890000000000000
2026-02-01,40,-621047316,8392876883cf0e9e7ee24d9b1f606ed88644f23b,1,311585813456177307,0.31158581345617730700
2026-02-01,41,1844716471,bbbbbbbbbb9cc5e90e3b3af64bdaf62c37eeffcb,1,250200000000000000,0.25020000000000000000
2026-02-01,42,-844762629,902367430ad1618a7bba2c3ab6c92bbe05f26a17,1,50696367900444895,0.05069636790044489500
2026-02-01,43,1006079602,b37d31b2a74029b5951a2778f959282e2d518595,1,29649423206504738,0.02964942320650473800
2026-02-01,44,1164248263,507e3fac5d4d865b07561d20867029b0b038cc30,1,10214,1.021400000000000000E-14
2026-02-01,45,1292422842,03b59bd1c8b9f6c265ba0c3421923b93f15036fa,1,0,0E-36
2026-02-01,46,1028860459,56398b89d53e8731bca8c1b06886cfb14bd6b654,1,0,0E-36
2026-02-01,47,897164624,b1748c79709f4ba2dd82834b8c82d4a505003f27,1,0,0E-36
2026-03-01,1,1843247582,a5588f7cdf560811710a2d82d3c9c99769db1dcb,20,750750725340632713351688,750750.725340632713
2026-03-01,2,1235298661,08780fb7e580e492c1935bee4fa5920b94aa95da,5,27103682417714132555085,27103.682417714133
2026-03-01,3,1899934735,111111125421ca6dc452d289314280a0f8842a65,5,2129641718334420021337,2129.6417183344200213
2026-03-01,4,1364872031,1231deb6f5749ef6ce6943a275a1d3e7486f4eae,5,602527487918082324202,602.5274879180823242
2026-03-01,5,1836498420,5cc9400ffb4da168cf271e912f589462c3a00d1f,4,374211425554415069910,374.2114255544150699
2026-03-01,6,530746224,abea9132b05a70803a4e85094fd0e1800777fbef,4,3966035180000000000,3.9660351800000000
2026-03-01,7,-103393091,45312ea0eff7e09c83cbe249fa1d7598c4c8cd4e,3,9381680297797839784995,9381.6802977978397850
2026-03-01,8,1392664436,15ada72a3b52a88e25ddd2cc2ba1120234e34bb0,3,7504624899980000000000,7504.6248999800000000
2026-03-01,9,-561793933,63242a4ea82847b20e506b63b0e2e2eff0cc6cb0,3,3024629974631158025551,3024.6299746311580256
2026-03-01,10,881197687,9008d19f58aabd9ed0d60971565aa8510560ab41,3,118666240888231671680,118.6662408882316717
2026-03-01,11,667282315,fd0a40bc83c5fae4203dec7e5929b446b07d1c76,3,21205520041900559008,21.2055200419005590
2026-03-01,12,697997440,ec8c342bc3e07f05b9a782bc34e7f04fb9b44502,3,19757820770314232185,19.7578207703142322
2026-03-01,13,1213241679,dcef968d416a41cdac0ed8702fac8128a64241a2,2,44166006064733097934073,44166.006064733098
2026-03-01,14,1889100952,34c0bd5877a5ee7099d0f5688d65f4bb9158bde2,2,2248740887550836212454,2248.7408875508362125
2026-03-01,15,583481113,40ec5b33f54e0e8a33a975908c5ba1c14e5bbbdf,2,380108074539942232598,380.1080745399422326
2026-03-01,16,-652074134,b92fe925dc43a0ecde6c8b1a2709c170ec4fff4f,2,2476002293926561245,2.4760022939265612
2026-03-01,17,1292509309,31351bf3fba544863fbff44ddc27ba880916a199,2,199160575504836821,0.19916057550483682100
2026-03-01,18,1573555469,b5e7f9cb9d3897808658f1991ad32912959b42e2,2,23888558954520695,0.02388855895452069500
2026-03-01,19,979822284,c14900dfb1aa54e7674e1ecf9ce02b3b35157ba5,1,162792477242007282057057,162792.477242007282
2026-03-01,20,1821008780,29065a4c1f2f20d1e263930088890d6f49fe715a,1,50000000000000000000000,50000.000000000000
2026-03-01,21,1392416598,43959a388603dcb6b02ca084a55d4c7f3b442c57,1,13171411500000000000000,13171.411500000000
2026-03-01,22,1311229664,07af6bb51d6ad0cf126e3ed2dee6eac34bf094f8,1,5325935166627345340570,5325.9351666273453406
2026-03-01,23,2054943978,6a000f20005980200259b80c5102003040001068,1,2904355770766515381911,2904.3557707665153819
2026-03-01,24,1868366035,875441460a25abbaf1a6a0e466a6f80084687320,1,1215000000000000000000,1215.0000000000000000
2026-03-01,25,1939475140,b5a46f712f03808ae5c4b885c6f598fa06442684,1,1050000000000000000000,1050.0000000000000000
2026-03-01,26,-831656232,f48a3f7c0575c85cf4529aa220caf3c055773f1c,1,1010779109872350855526,1010.7791098723508555
2026-03-01,27,2106851551,c38e4e6a15593f908255214653d3d947ca1c2338,1,1005359322302953401923,1005.3593223029534019
2026-03-01,28,-742751959,339c0db4a0030c88b4a48aafe56cdba23c8d4338,1,378228250466046122938,378.2282504660461229
2026-03-01,29,796495726,c63b0708e2f7e69cb8a1df0e1389a98c35a76d52,1,123253360406183449749,123.2533604061834497
2026-03-01,30,667300213,97c4adc5d28a86f9470c70dd91dc6cc2f20d2d4d,1,50271145565498043819,50.2711455654980438
2026-03-01,31,1328247616,8c240c385305aeb2d5ceb60425aabcb3488fa93d,1,18917153928790511049,18.9171539287905110
2026-03-01,32,1113847572,663dc15d3c1ac63ff12e45ab68fea3f0a883c251,1,13193184815584050622,13.1931848155840506
2026-03-01,33,1394911941,fa0f307783ac21c39e939acff795e27b650f6e68,1,12540040000000000000,12.5400400000000000
2026-03-01,34,1109254690,1eed2dbeb9fc23ab483f447f38f289ca15f79bac,1,12171099877496964649,12.1710998774969646
2026-03-01,35,-956816360,4fe0574e739d2de4c1f47faabc701cebe281433c,1,6468656700105640613,6.4686567001056406
2026-03-01,36,733908697,d632f22692fac7611d2aa1c0d552930d43caed3b,1,6281889058869993485,6.2818890588699935
2026-03-01,37,495231405,5f65f7b609678448494de4c87521cdf6cef1e932,1,5857067000000000000,5.8570670000000000
2026-03-01,38,-260840437,88649f4743a758171077b98ee2003f1989b1615a,1,5364036627737349674,5.3640366277373497
2026-03-01,39,-337952027,68e7a3b38a7383ca330c52f3ade1c04d3658d27d,1,4860000000000000000,4.8600000000000000
2026-03-01,40,-112369744,ad6cea45f98444a922a2b4fe96b8c90f0862d2f4,1,1135669090064333507,1.1356690900643335
2026-03-01,41,1850762874,5dc1bf6f1e983c0b21efb003c105133736fa0743,1,1017807494763980350,1.0178074947639804
2026-03-01,42,1501266678,7d8311f7e0c1d19c1096e43e8b6c17b67fb6aa2e,1,1009015380982910961,1.00901538098291096100
2026-03-01,43,1530950356,ade1e3b40b58e51df923cfbffcfb3502a5b07d1a,1,947566702766248274,0.94756670276624827400
2026-03-01,44,-538341780,3ef238c36035880efbdfa239d218186b79ad1d6f,1,908629552210637000,0.90862955221063700000
2026-03-01,45,-279869094,e00c629afaccb0510995a2b95560e446a24c85b9,1,405834119670547893,0.40583411967054789300
2026-03-01,46,-975436399,890b9dce2cd81fffc9fff2014af423b2dc3e7016,1,376747124211630170,0.37674712421163017000
2026-03-01,47,-186122954,66a9893cc07d91d95644aedd05d03f95e1dba8af,1,195874295651951320,0.19587429565195132000
2026-03-01,48,888341279,c2a856c3aff2110c1171b8f942256d40e980c726,1,2000146497318806,0.00200014649731880600
2026-03-01,49,1292507684,56695c26b3cdb528815cd22ff7b47510ab821efd,1,451142783768165,0.00045114278376816500
2026-03-01,50,-331601069,3611b82c7b13e72b26eb0e9be0613bee7a45ac7c,1,1987178455108,0.000001987178455108000000
2026-03-01,51,-720059118,6d0034c7da87e8f0526b21aa890d40a77c755b68,1,1,1.000000000000000000E-18
2026-04-01,1,1235298661,08780fb7e580e492c1935bee4fa5920b94aa95da,8,313710182372953174929433,313710.182372953175
2026-04-01,2,530746224,abea9132b05a70803a4e85094fd0e1800777fbef,7,180231615849000000000,180.2316158490000000
2026-04-01,3,881197687,9008d19f58aabd9ed0d60971565aa8510560ab41,5,10187862252430278989705,10187.862252430279
2026-04-01,4,-561793933,63242a4ea82847b20e506b63b0e2e2eff0cc6cb0,5,3276699532263686931246,3276.6995322636869312
2026-04-01,5,796495726,c63b0708e2f7e69cb8a1df0e1389a98c35a76d52,4,239694183082330443802,239.6941830823304438
2026-04-01,6,795912842,92c7b5ce4cb0e5483f3365c1449f21578ee9f21a,4,628620916464871387,0.62862091646487138700
2026-04-01,7,2054943978,6a000f20005980200259b80c5102003040001068,3,2323595643887599868803,2323.5956438875998688
2026-04-01,8,1843247582,a5588f7cdf560811710a2d82d3c9c99769db1dcb,2,44643875320572868576905,44643.875320572869
2026-04-01,9,-971526386,8f10b468b06c6fd214b65f87778827f7d113f996,2,21768216523919141413282,21768.216523919141
2026-04-01,10,-955413706,25ed72c3f671b626810a6db597dcfd50f215a423,2,1407820973112843592639,1407.8209731128435926
2026-04-01,11,1213241679,dcef968d416a41cdac0ed8702fac8128a64241a2,2,448371562553704426186,448.3715625537044262
2026-04-01,12,583481113,40ec5b33f54e0e8a33a975908c5ba1c14e5bbbdf,2,150690942079847825246,150.6909420798478252
2026-04-01,13,733908697,d632f22692fac7611d2aa1c0d552930d43caed3b,2,145253959396435102000,145.2539593964351020
2026-04-01,14,1889100952,34c0bd5877a5ee7099d0f5688d65f4bb9158bde2,2,75496409662553552403,75.4964096625535524
2026-04-01,15,-831656232,f48a3f7c0575c85cf4529aa220caf3c055773f1c,2,5355464030963930364,5.3554640309639304
2026-04-01,16,-186122954,66a9893cc07d91d95644aedd05d03f95e1dba8af,2,48797691077686373,0.04879769107768637300
2026-04-01,17,-279869094,e00c629afaccb0510995a2b95560e446a24c85b9,1,10102133510563789548253,10102.133510563790
2026-04-01,18,-1037640733,7f54f05635d15cde17a49502fedb9d1803a3be8a,1,10060881748270989089602,10060.8817482709890896
2026-04-01,19,1530950356,ade1e3b40b58e51df923cfbffcfb3502a5b07d1a,1,1005928224871882703290,1005.9282248718827033
2026-04-01,20,1351646374,3835a58ca93cdb5f912519ad366826ac9a752510,1,485547240279493170266,485.5472402794931703
2026-04-01,21,893398926,def171fe48cf0115b1d80b88dc8eab59176fee57,1,352006600649221316663,352.0066006492213167
2026-04-01,22,833111854,efe0fed2b728b9711030e7643e98477957df9809,1,311117500000000000000,311.1175000000000000
2026-04-01,23,1392409565,f1e1dea8f1053fd9c5f47f72f1f03977e17af242,1,126325199990000000000,126.3251999900000000
2026-04-01,24,-640936424,dbe59d1232720815b55a1a08db207f026ee04d56,1,40079816016266189126,40.0798160162661891
2026-04-01,25,-956894171,69355223a0ce30aee41d353387c3082e5aafc4da,1,27741685633703195516,27.7416856337031955
2026-04-01,26,667282315,fd0a40bc83c5fae4203dec7e5929b446b07d1c76,1,11866135828693334066,11.8661358286933341
2026-04-01,27,1850762874,5dc1bf6f1e983c0b21efb003c105133736fa0743,1,11070505189569750699,11.0705051895697507
2026-04-01,28,-932186981,d78d199f8c402e7b5cc2abe278df0412400a3bae,1,4711728506424612363,4.7117285064246124
2026-04-01,29,698764531,c218001e3d102e3d1de9bf2c0f7d9626d76c6f30,1,3788061616884513383,3.7880616168845134
2026-04-01,30,1308469390,5de4ef4879f4fe3bbadf2227d2ac5d0e2d76c895,1,2362454499001144504,2.3624544990011445
2026-04-01,31,616036061,74de5d4fcbf63e00296fd95d33236b9794016631,1,1141225596041853336,1.1412255960418533
2026-04-01,32,-103393091,45312ea0eff7e09c83cbe249fa1d7598c4c8cd4e,1,999998760661287142,0.99999876066128714200
2026-04-01,33,-1048703621,209cc96d974c13a7222441a54d2012b3a2027661,1,887665421419532195,0.88766542141953219500
2026-04-01,34,1836498420,5cc9400ffb4da168cf271e912f589462c3a00d1f,1,604839359199280851,0.60483935919928085100
2026-04-01,35,1207522458,d62707f513f4b472d0badd922d74c49e06d9e7c7,1,27082139186555395,0.02708213918655539500
2026-04-01,36,-903950130,baf09c8aeafc10abaadd897365f55f739371774f,1,9894203501753493,0.00989420350175349300
2026-04-01,37,-528237550,cb133262c132cdb40166f51e6ef462b344cae84b,1,1039723269540083,0.00103972326954008300
2026-04-01,38,670840566,7eb4f2ab44fd91d5bacf992cd5342f16e90461f2,1,34340888153709,0.000034340888153709000000
2026-04-01,39,1292422842,03b59bd1c8b9f6c265ba0c3421923b93f15036fa,1,0,0E-36
2026-04-01,40,1311229664,07af6bb51d6ad0cf126e3ed2dee6eac34bf094f8,1,0,0E-36
2026-05-01,1,1899934735,111111125421ca6dc452d289314280a0f8842a65,16,2373258598331303385046,2373.2585983313033850
2026-05-01,2,1364872031,1231deb6f5749ef6ce6943a275a1d3e7486f4eae,14,6024897605023565226043,6024.8976050235652260
2026-05-01,3,796495726,c63b0708e2f7e69cb8a1df0e1389a98c35a76d52,8,4016026122522804445420,4016.0261225228044454
2026-05-01,4,-932186981,d78d199f8c402e7b5cc2abe278df0412400a3bae,6,1266978452443402149572,1266.9784524434021496
2026-05-01,5,667282315,fd0a40bc83c5fae4203dec7e5929b446b07d1c76,5,12147166446720092788,12.1471664467200928
2026-05-01,6,1213241679,dcef968d416a41cdac0ed8702fac8128a64241a2,4,52018613078174884360023,52018.613078174884
2026-05-01,7,1850762874,5dc1bf6f1e983c0b21efb003c105133736fa0743,4,1116232937715011650482,1116.2329377150116505
2026-05-01,8,-279869094,e00c629afaccb0510995a2b95560e446a24c85b9,4,663459211055294014256,663.4592110552940143
2026-05-01,9,733908697,d632f22692fac7611d2aa1c0d552930d43caed3b,4,481369905949988906745,481.3699059499889067
2026-05-01,10,-519024200,5edc59403ad5891743cf3ecc7a7bb0235129e3b8,4,160584609081102556229,160.5846090811025562
2026-05-01,11,-112369744,ad6cea45f98444a922a2b4fe96b8c90f0862d2f4,4,67276925119029247298,67.2769251190292473
2026-05-01,12,881197687,9008d19f58aabd9ed0d60971565aa8510560ab41,3,329409518925906776104167,329409.518925906776
2026-05-01,13,-652074134,b92fe925dc43a0ecde6c8b1a2709c170ec4fff4f,3,155168503594685817615,155.1685035946858176
2026-05-01,14,530746224,abea9132b05a70803a4e85094fd0e1800777fbef,3,5588594180000000000,5.5885941800000000
2026-05-01,15,-1106161125,0a14b696350546110a0d8acdb86226983af9d2a0,3,232285555000000000,0.23228555500000000000
2026-05-01,16,1235298661,08780fb7e580e492c1935bee4fa5920b94aa95da,2,25271574926859426630690,25271.574926859427
2026-05-01,17,-1060575376,28b1dc1a5e3699a428bc51d234dfab7c9cb2a183,2,9000159039505209992630,9000.1590395052099926
2026-05-01,18,-1037640733,7f54f05635d15cde17a49502fedb9d1803a3be8a,2,5039025513185741879966,5039.0255131857418800
2026-05-01,19,1392664436,15ada72a3b52a88e25ddd2cc2ba1120234e34bb0,2,2919769799980000000000,2919.7697999800000000
2026-05-01,20,2054943978,6a000f20005980200259b80c5102003040001068,2,201319474763245971223,201.3194747632459712
2026-05-01,21,-972165451,01261fb8d98f4f7308db89217270bf4e169e221f,2,77313398015957767421,77.3133980159577674
2026-05-01,22,2034702912,b300000b72deaeb607a12d5f54773d1c19c7028d,2,9267554786647412424,9.2675547866474124
2026-05-01,23,1306898428,32467a5fc2d72d21e8dce990906547a2b012f382,2,0,0E-36
2026-05-01,24,1311229664,07af6bb51d6ad0cf126e3ed2dee6eac34bf094f8,1,3015350228435849405312,3015.3502284358494053
2026-05-01,25,1392409565,f1e1dea8f1053fd9c5f47f72f1f03977e17af242,1,930352899990000000000,930.3528999900000000
2026-05-01,26,-1037996756,f24be3404b723e35d9ebc60977b646d2581f57f0,1,539424394421298035826,539.4243944212980358
2026-05-01,27,-260840437,88649f4743a758171077b98ee2003f1989b1615a,1,505423617169128630890,505.4236171691286309
2026-05-01,28,583481113,40ec5b33f54e0e8a33a975908c5ba1c14e5bbbdf,1,301924577248618972106,301.9245772486189721
2026-05-01,29,1392405051,fb788f9e20ef426a32a67986654750172a6c1788,1,217770999990000000000,217.7709999900000000
2026-05-01,30,-186122954,66a9893cc07d91d95644aedd05d03f95e1dba8af,1,199722476909688459911,199.7224769096884599
2026-05-01,31,667300213,97c4adc5d28a86f9470c70dd91dc6cc2f20d2d4d,1,134139463373360571066,134.1394633733605711
2026-05-01,32,1530950356,ade1e3b40b58e51df923cfbffcfb3502a5b07d1a,1,110084698916218716522,110.0846989162187165
2026-05-01,33,-1124899305,a87cdd764b742606a91d4f1045c41eeff25ff92c,1,104412248370858866264,104.4122483708588663
2026-05-01,34,1889100952,34c0bd5877a5ee7099d0f5688d65f4bb9158bde2,1,30229343810770315007,30.2293438107703150
2026-05-01,35,616036061,74de5d4fcbf63e00296fd95d33236b9794016631,1,20076642589048248100,20.0766425890482481
2026-05-01,36,1292422842,03b59bd1c8b9f6c265ba0c3421923b93f15036fa,1,6287884943323794952,6.2878849433237950
2026-05-01,37,-1127426928,f3c77860b38146f687975e87d372d8fdbd7df025,1,5871117767484158620,5.8711177674841586
2026-05-01,38,-651275450,27d77d733976fc77d40e493f1f5d05b981b15850,1,5031247072168787884,5.0312470721687879
2026-05-01,39,697997440,ec8c342bc3e07f05b9a782bc34e7f04fb9b44502,1,1639342441922161984,1.6393424419221620
2026-05-01,40,1843247582,a5588f7cdf560811710a2d82d3c9c99769db1dcb,1,1252567774555910037,1.2525677745559100
2026-05-01,41,-103393091,45312ea0eff7e09c83cbe249fa1d7598c4c8cd4e,1,181192926349436998,0.18119292634943699800
2026-05-01,42,795912842,92c7b5ce4cb0e5483f3365c1449f21578ee9f21a,1,173182731207332046,0.17318273120733204600
2026-05-01,43,-528237550,cb133262c132cdb40166f51e6ef462b344cae84b,1,11110293260368446,0.01111029326036844600
2026-05-01,44,1833663066,f621fb08bbe51af70e7e0f4ea63496894166ff7f,1,747406619276818,0.00074740661927681800
2026-06-01,1,1392664436,15ada72a3b52a88e25ddd2cc2ba1120234e34bb0,24,198772749599900000000000,198772.749599900000
2026-06-01,2,1235298661,08780fb7e580e492c1935bee4fa5920b94aa95da,5,41727155182990072027655,41727.155182990072
2026-06-01,3,667282315,fd0a40bc83c5fae4203dec7e5929b446b07d1c76,5,14502296256619184759,14.5022962566191848
2026-06-01,4,796495726,c63b0708e2f7e69cb8a1df0e1389a98c35a76d52,3,1173732068586678923726,1173.7320685866789237
2026-06-01,5,1899934735,111111125421ca6dc452d289314280a0f8842a65,2,2751936492190409477287,2751.9364921904094773
2026-06-01,6,2054943978,6a000f20005980200259b80c5102003040001068,2,2018764248088919119165,2018.7642480889191192
2026-06-01,7,733908697,d632f22692fac7611d2aa1c0d552930d43caed3b,2,271367384804592366399,271.3673848045923664
2026-06-01,8,-1060575376,28b1dc1a5e3699a428bc51d234dfab7c9cb2a183,2,24021003410561988545,24.0210034105619885
2026-06-01,9,1850762874,5dc1bf6f1e983c0b21efb003c105133736fa0743,2,3709246892031358973,3.7092468920313590
2026-06-01,10,-1037640733,7f54f05635d15cde17a49502fedb9d1803a3be8a,2,2014478759774781792,2.0144787597747818
2026-06-01,11,-361863690,0d05a7d3448512b78fa8a9e46c4872c88c4a0d05,1,30918955715750996067457,30918.955715750996
2026-06-01,12,881197687,9008d19f58aabd9ed0d60971565aa8510560ab41,1,29009122017968288851170,29009.122017968289
2026-06-01,13,1213241679,dcef968d416a41cdac0ed8702fac8128a64241a2,1,24659687406403886679770,24659.687406403887
2026-06-01,14,1308469390,5de4ef4879f4fe3bbadf2227d2ac5d0e2d76c895,1,20517137014819781794989,20517.137014819782
2026-06-01,15,979822284,c14900dfb1aa54e7674e1ecf9ce02b3b35157ba5,1,15165295465698983541515,15165.295465698984
2026-06-01,16,1392421667,85c5f05ae4cb68190c695a22b292c3ba90696128,1,7755673799990000000000,7755.6737999900000000
2026-06-01,17,-279869094,e00c629afaccb0510995a2b95560e446a24c85b9,1,3022004307941408834687,3022.0043079414088347
2026-06-01,18,-103393091,45312ea0eff7e09c83cbe249fa1d7598c4c8cd4e,1,2508439143121217921363,2508.4391431212179214
2026-06-01,19,-971526386,8f10b468b06c6fd214b65f87778827f7d113f996,1,2014616247263182830188,2014.6162472631828302
2026-06-01,20,1836498420,5cc9400ffb4da168cf271e912f589462c3a00d1f,1,1985884037386636043545,1985.8840373866360435
2026-06-01,21,1392406501,06fa869caa1160754c6a0b744da6454c5ea325d4,1,1921000000000000000000,1921.0000000000000000
2026-06-01,22,-112369744,ad6cea45f98444a922a2b4fe96b8c90f0862d2f4,1,1207606019076360559520,1207.6060190763605595
2026-06-01,23,616036061,74de5d4fcbf63e00296fd95d33236b9794016631,1,290278233034207586393,290.2782330342075864
2026-06-01,24,1576067195,32ddf80508cfd8fed8abe375582fc7cfd20372c4,1,187803200000000000000,187.8032000000000000
2026-06-01,25,1556542975,86e71075e55f0aad27d700017e0783458310c98a,1,184937999990000000000,184.9379999900000000
2026-06-01,26,1351293871,a1d100a5bf6bfd2736837c97248853d989a9ed84,1,177000000000000000000,177.0000000000000000
2026-06-01,27,1292509309,31351bf3fba544863fbff44ddc27ba880916a199,1,171558409942076735637,171.5584099420767356
2026-06-01,28,1364872031,1231deb6f5749ef6ce6943a275a1d3e7486f4eae,1,14293198768930469807,14.2931987689304698
2026-06-01,29,1239303402,f2f3e73be57031114dd1f4e75c1dd87658be7f0e,1,3933210537379004492,3.9332105373790045
2026-06-01,30,-519024200,5edc59403ad5891743cf3ecc7a7bb0235129e3b8,1,3193748157676957700,3.1937481576769577
2026-06-01,31,934876971,378ba9b73309be80bf4c2c027aad799766a7ed5a,1,2623451031461297664,2.6234510314612977
2026-06-01,32,-1175632487,7f51c134230eb9e5aba42bc364d3d3eba26d9712,1,2501223678625000000,2.5012236786250000
2026-06-01,33,-722542811,05e436af41dce96ca73ac8619ec335249972470b,1,1235712872706268043,1.2357128727062680
2026-06-01,34,395320829,2db4625a9ece077cb432d1a84b85b03c15721be6,1,1000000000000000000,1.00000000000000000000
2026-06-01,35,-652074134,b92fe925dc43a0ecde6c8b1a2709c170ec4fff4f,1,755282451577379611,0.75528245157737961100
2026-06-01,36,667248779,e1573b9d29e2183b1af0e743dc2754979a40d237,1,350000000000000146,0.35000000000000014600
2026-06-01,37,795912842,92c7b5ce4cb0e5483f3365c1449f21578ee9f21a,1,157703903090446439,0.15770390309044643900
2026-06-01,38,-1181671221,555629e812f2670bb7144bc2167a1df165bd7bd9,1,31036882663418309,0.03103688266341830900
2026-06-01,39,-353256948,5d3a6d8787dc707a6aaa78de8efa1845622cd8a4,1,3344754905862874,0.00334475490586287400
2026-06-01,40,1292507684,56695c26b3cdb528815cd22ff7b47510ab821efd,1,0,0E-36
