month,user_rank,address_id,address,outgoing_transfer_count,outgoing_transaction_count,raw_outgoing_volume,outgoing_volume
2023-02-01,1,802598060,df5083e7cf01a8207d36f107eec42344d312bced,3,3,25000000000000,25000000.000000000000
2023-02-01,2,1483244767,e51d76960cd3c82c5741f41475f2833625a78fa2,1,1,5000000,5.0000000000000000
2023-02-01,3,1160410917,d1e3e0faf8c6c9184030d73a9a64805633804fc5,1,1,2000000,2.0000000000000000
2023-02-01,4,1485633591,d956d7de4c6194b413eb8a2a5d5c008206414243,1,1,2000000,2.0000000000000000
2023-03-01,1,1160410917,d1e3e0faf8c6c9184030d73a9a64805633804fc5,13,13,261758000,261.7580000000000000
2023-03-01,2,1062400711,3f9f7e13a91e0098b723946abd69b87e1e8ae23a,2,2,15000000,15.0000000000000000
2023-06-01,1,293138284,c5a8859c44ac8aa2169afacf45b87c08593bec10,4,4,9980427622,9980.4276220000000000
2023-06-01,2,1161543321,41b309236c87b1bc6fa8eb865833e44158fa991a,4,4,4975218905,4975.2189050000000000
2023-06-01,3,1608683642,2bcb6bc69991802124f04a1114ee487ff3fad197,1,1,10000000,10.0000000000000000
2023-08-01,1,1701243476,3244612a2dc0f9bc92898cc4ee6a8907f8a6f092,7,7,3000036000010,3000036.000010000000
2023-08-01,2,1714672996,7fb5dd3737e0f14c21cc1a0e95e8888c9505e2f0,1,1,999700000000,999700.000000000000
2023-08-01,3,1714873174,8822e3f78866a140de0f3f5377cc971caca64c15,1,1,500000000000,500000.000000000000
2023-08-01,4,748430222,bc8ec3182e5243681a848d2a0fbf10df8ebfe230,8,7,104933555971,104933.555971000000
2023-08-01,5,1608683642,2bcb6bc69991802124f04a1114ee487ff3fad197,18,18,15225966588,15225.966588000000
2023-08-01,6,1698984512,b61bb0c3f4afc30b1d8dbcb8767c0e38c4829322,7,7,10640385800,10640.385800000000
2023-08-01,7,1313785119,35ba260ced73d3d8a880bf6b0912edfb87bfa04c,1,1,10336200000,10336.200000000000
2023-08-01,8,1576988216,6c6f01e5c0edae0bef723211e11de919e68a954a,1,1,10090000000,10090.0000000000000000
2023-08-01,9,86372871,0d0707963952f2fba59dd06f2b425ace40b492fe,2,2,9440827500,9440.8275000000000000
2023-08-01,10,839433464,8022be0d65221161a8dcc3dd2f669900b373b960,4,4,5935089700,5935.0897000000000000
2023-08-01,11,1613831465,caa17692634fff29e11e1986d42751c63a54dd4c,1,1,3933361607,3933.3616070000000000
2023-08-01,12,1386016755,570d456aa7c3dbc74b8fcb624a5705831ee085d6,2,2,3323160320,3323.1603200000000000
2023-08-01,13,1528955148,8d104fb06066ad12ccd991e8f08b5891d6875c24,2,2,3078100000,3078.1000000000000000
2023-08-01,14,1405207613,8eb2283f696f2a130134d46e28d3528e19e16868,1,1,2510799200,2510.7992000000000000
2023-08-01,15,556673136,9ef7b6db1547ae9827a036838f633808feb9e24d,2,2,2063373668,2063.3736680000000000
2023-08-01,16,1650338424,c906263f3b83236b4a937bd993e73762a87b4d6a,1,1,1834344590,1834.3445900000000000
2023-08-01,17,1320786602,486635d92f90b700e164628d34237b9febf40ad0,1,1,1156098276,1156.0982760000000000
2023-08-01,18,1642228075,264bd8291fae1d75db2c5f573b07faa6715997b5,20,20,1116390005,1116.3900050000000000
2023-08-01,19,1681268904,1c7241102ad5764e6f5083dc967f57df7ca7e533,3,3,1010000000,1010.0000000000000000
2023-08-01,20,1708670129,6830f35770651a4ac9af348f122a99b743db25cb,1,1,1006867098,1006.8670980000000000
2023-08-01,21,708817047,5180db0237291a6449dda9ed33ad90a38787621c,1,1,996326844,996.3268440000000000
2023-08-01,22,936236135,df4ec960dfc80d66bcd2ce1a1b5a4e86b1724e98,1,1,964441015,964.4410150000000000
2023-08-01,23,1705991408,d39d06cb0d491c1ba115b1f3f32280da7d11823a,1,1,878000000,878.0000000000000000
2023-08-01,24,1707017734,5d5ea44b6ac4094219fc2456eba2fa67be3856ec,1,1,838752082,838.7520820000000000
2023-08-01,25,1705020649,dd93f268ada2d73584f319b4ecbd39d67060a9f4,1,1,683289364,683.2893640000000000
2023-08-01,26,1709028693,475be16eee838529fdf3c1a4d5a65deed8cb90e1,2,2,656842195,656.8421950000000000
2023-08-01,27,1553002310,f35311128707b95923c413cd6abd2ace43531de6,1,1,543232892,543.2328920000000000
2023-08-01,28,1685901718,430b3d1fb39164a1b9e4b5219982b23d36766ec0,3,3,515000000,515.0000000000000000
2023-08-01,29,1116431853,c6f7be35b18bbd1e72ebbeb5f23949f91e5bc048,1,1,506350484,506.3504840000000000
2023-08-01,30,962837017,2110cfc6d7cd0d55305a4aea3e533c0e69b44757,1,1,480678183,480.6781830000000000
2023-08-01,31,1606831821,99032628dd9a838c201294257d7ffe1ccf6e20ff,1,1,421827795,421.8277950000000000
2023-08-01,32,878259748,c43d0ff3e5830fbb70d31f30453354dc03baf09e,2,2,418813452,418.8134520000000000
2023-08-01,33,1703462148,807c1611101263953d5dc4aa71f75c7eaf945510,1,1,400376398,400.3763980000000000
2023-08-01,34,1708781517,348ce644c312d98a99f753e089d15303d118ffc2,1,1,399100000,399.1000000000000000
2023-08-01,35,1647771666,4510476585783c8e03fc95688cc9a1298124d1b4,1,1,350741496,350.7414960000000000
2023-08-01,36,782671837,bf4f3dc69caf94a649f09afbf830b9bb33ae4a22,1,1,338172295,338.1722950000000000
2023-08-01,37,867646600,14a9de19e7ca28b2548333128b0996470fe522fd,1,1,193495555,193.4955550000000000
2023-08-01,38,1038357531,9c88f0b6c6c18b87c0772136ea8ee9bad24e7c45,1,1,174967943,174.9679430000000000
2023-08-01,39,1487234077,5ca887615098c6b7409f18502f57538205c768d9,1,1,164000000,164.0000000000000000
2023-08-01,40,869114783,01f77f24ccc36693193eb768921405cc3eeec028,1,1,160000000,160.0000000000000000
2023-08-01,41,1470771047,e8ae36e1b86842ee6d36f56211ca4439269915ee,1,1,159906027,159.9060270000000000
2023-08-01,42,978460177,f654aceae286f0133ef8e189d4e9ff3169dd0510,1,1,152707607,152.7076070000000000
2023-08-01,43,1086089180,2b71571e4426b3fc0307b4712b67e6fdea628edd,1,1,143090013,143.0900130000000000
2023-08-01,44,1712895533,cc9addf66b19862eefa946bd8e378faf4dfc7b78,2,2,134498912,134.4989120000000000
2023-08-01,45,1474147304,9d9bdb2053ad894296300168ad24cb26091d725f,1,1,125789681,125.7896810000000000
2023-08-01,46,1634076028,d15ebb1e5f9e88ec5e6dce3af8cb7f05ead5c32b,1,1,100000000,100.0000000000000000
2023-08-01,47,1714574732,7903873bb7b463d6f636a11b29d606e7b39ea92c,1,1,100000000,100.0000000000000000
2023-08-01,48,1714152582,310e82792d37b887dabdd85d7b1f2d28bf8f2a85,1,1,97662090,97.6620900000000000
2023-08-01,49,1704524512,f736025f5831409c4fb613c824452f96956886c8,1,1,96400000,96.4000000000000000
2023-08-01,50,1610915720,9a8399c36503d537acf6d8484c1403de05e1b2a2,1,1,90733599,90.7335990000000000
2023-08-01,51,821389422,62da3bc69f016a203dc4ce2639d74586a0105bd3,1,1,90000000,90.0000000000000000
2023-08-01,52,1076262336,f4525e637d9e5a7092793f252a48f08771d95b17,1,1,82515174,82.5151740000000000
2023-08-01,53,1478599973,13eed4f76a94bde4407f8713cc04d15edde0e795,1,1,81809718,81.8097180000000000
2023-08-01,54,1258748949,bfcd86e36d947a9103a7d4a95d178a432723d6ad,3,3,73693130,73.6931300000000000
2023-08-01,55,1667177435,ab0de37b97f2e55d96ec7e55d5c0842544f12532,1,1,73040686,73.0406860000000000
2023-08-01,56,1502239853,41d4c6ccc9491544803b650e28d15628046d2949,1,1,66307900,66.3079000000000000
2023-08-01,57,1406663851,09086b82f5b6af82617e2943de764f0b5d2153be,16,16,60886906,60.8869060000000000
2023-08-01,58,1203925837,a1330eede733d777baf7d9484bdf2d1681b07b9e,1,1,58180000,58.1800000000000000
2023-08-01,59,976649363,7df76f0318845f2ef93ee472af2100e9b4517889,2,2,55165052,55.1650520000000000
2023-08-01,60,1557456534,6724c7ad21046f6c0d2491ae66ee4913d949fb76,1,1,50000000,50.0000000000000000
2023-08-01,61,1060698733,1b50725229fdb0f5f63d0a3543d70f277f9acc21,1,1,48271888,48.2718880000000000
2023-08-01,62,739209172,6e6a5ade90e60ae883f0b35fb2e8d8f66e5d7a07,1,1,43000000,43.0000000000000000
2023-08-01,63,1712463667,d8caef6f1589c9ea84d09689ff0dc2e8cb4f5584,2,2,40000000,40.0000000000000000
2023-08-01,64,1682579399,7e80b0f868069cfd2eacaf92d97db3624081abe1,1,1,31126119,31.1261190000000000
2023-08-01,65,1700416403,717a58909490b9db8633cfa053bf86f38c1117ff,1,1,29229899,29.2298990000000000
2023-08-01,66,864966219,a779ce177555284baf953de8a3246ba2444a2d34,1,1,25685856,25.6858560000000000
2023-08-01,67,999085390,3ab28ecedea6cdb6feed398e93ae8c7b316b1182,1,1,24506037,24.5060370000000000
2023-08-01,68,1468318339,a5c67c31c0467413277ad68f511ccf17af618c2a,2,2,22000000,22.0000000000000000
2023-08-01,69,1073070960,6b9bcf6d77c06d9d2fc54e5acdfdbde8ed02b2d3,1,1,20000000,20.0000000000000000
2023-08-01,70,1502171652,2f1f7fc76e6cf5ab3e186a2a2fd4fc31952a77cc,1,1,20000000,20.0000000000000000
2023-08-01,71,1688004574,9893ba935b6b81177aead3a2ceca9cec32e7c0a4,1,1,18620000,18.6200000000000000
2023-08-01,72,1703345916,d0c547bede55122e69a3ee3875bab8d54a231636,1,1,17000000,17.0000000000000000
2023-08-01,73,1572689518,d685359217dc7f08ce39279e320e543719deafdf,1,1,16730000,16.7300000000000000
2023-08-01,74,1704604692,54a9ec93817e6b850503e39b88a7d68657cad782,1,1,15200572,15.2005720000000000
2023-08-01,75,1247230071,01e936269a6d33198bc532e40833bc9f7cb15f0f,1,1,15000000,15.0000000000000000
2023-08-01,76,1694116348,9663ccaf786e134420b9f9b0afc2ae8976893ea3,1,1,13286228,13.2862280000000000
2023-08-01,77,1304909950,74aa5387681505c806ff1e972b12cdfd01406828,1,1,10000000,10.0000000000000000
2023-08-01,78,863436592,8329d783f96e48d50f0f1f5a3c7f83b73a5c0218,1,1,10000000,10.0000000000000000
2023-08-01,79,1006517586,86cd149c4a76b4e196d4da40f49e730bcd4a29a3,1,1,3780253,3.7802530000000000
2023-08-01,80,1384816463,058e8ae9c3ba54a020e19ff4602e35609897370d,2,2,3000000,3.0000000000000000
2023-08-01,81,1690785827,bd7d34f122aad04a00ee55cd2aca2455ab9e8833,1,1,2500000,2.5000000000000000
2023-08-01,82,1485633591,d956d7de4c6194b413eb8a2a5d5c008206414243,1,1,2000000,2.0000000000000000
2023-08-01,83,1700323970,dc69d2717f14da9bf44eca3173d5ac3d7a03de77,2,2,1010000,1.0100000000000000
2023-08-01,84,1699952281,7c549792f416415f76c3136e8272702ddb1125bc,1,1,979780,0.97978000000000000000
2023-08-01,85,1450957128,c47cb87e41bbcbcc50c8656f60059aa4bbb98acc,2,2,216246,0.21624600000000000000
2023-08-01,86,810897526,8e0d1481fa42e85b5c4ada8b170cc9e498fbc947,23,21,154333,0.15433300000000000000
2023-08-01,87,1433905228,91668998e9408a823d278d9190d21e5adef6eaa7,5,5,60444,0.06044400000000000000
2023-08-01,88,1703188553,4621ed0f88b1e9bf8014bb0971d38c535463995c,1,1,56682,0.05668200000000000000
2023-08-01,89,856236014,fd73644e766850644e44654f9df78b6a7b21d429,5,5,50434,0.05043400000000000000
2023-08-01,90,1203482517,a526699a9b6b00f2eb640a6751567afa0d339bda,7,7,20925,0.02092500000000000000
2023-08-01,91,1486836193,79f55e4a1610be2e9335e9f8a8f94db1f6d71c12,4,4,17759,0.01775900000000000000
2023-08-01,92,1653231779,cba17c6c4ebe0026b2310d19f28de0a9c48bfdf3,1,1,7999,0.00799900000000000000
2023-08-01,93,1690731822,42fac4e0da90f74633b2198b6540d0e3b537ef81,1,1,3291,0.00329100000000000000
2023-08-01,94,1693065842,01959f637e2c788d15a072f3245f6561975c782b,2,2,2608,0.00260800000000000000
2023-08-01,95,1689879160,aced1a7469153d003a6a0b00a6b2d135bb5f5c81,2,2,2266,0.00226600000000000000
2023-08-01,96,1457194302,5492a425e0c1e7a50acfc7b9336db5393a78202f,1,1,1384,0.00138400000000000000
2023-08-01,97,1702996688,6f95d8547c89c5fcadf45c779e903e878f68c12b,1,1,1344,0.00134400000000000000
2023-08-01,98,807596785,524fdb6d78a7d1c917ec75074702ee14f56358b7,1,1,653,0.00065300000000000000
2023-09-01,1,1231067748,f28e1b06e00e8774c612e31ab3ac35d5a720085f,8,8,2856138888849,2856138.888849000000
2023-09-01,2,1576988216,6c6f01e5c0edae0bef723211e11de919e68a954a,3,3,655538485550,655538.485550000000
2023-09-01,3,788400782,25953c127efd1e15f4d2be82b753d49b12d626d7,2,2,500000000000,500000.000000000000
2023-09-01,4,1731372160,a1fe74c04a3378bb315d088fdc2267deef58bdf5,1,1,494228320456,494228.320456000000
2023-09-01,5,1313785119,35ba260ced73d3d8a880bf6b0912edfb87bfa04c,3,3,425920587936,425920.587936000000
2023-09-01,6,1741229935,85cc0603de64b5c5f2c38fad55c01f61cc5802d8,1,1,354328999915,354328.999915000000
2023-09-01,7,824896256,ad6eaa735d9df3d7696fd03984379dae02ed8862,8,8,330213000000,330213.000000000000
2023-09-01,8,636421822,55f6f152a2c8c1777e35b1cc4af7fc2d53b94539,1,1,274935034144,274935.034144000000
2023-09-01,9,753507405,e98f4f21127386169061026771fba11fd1b18ea8,3,3,267452186337,267452.186337000000
2023-09-01,10,1419704192,23727b54163f63cffdd8b7769e0ecb13df253b4e,2,2,215236991296,215236.991296000000
2023-09-01,11,1483772585,1980475c3a279935ca611c9a41f17974ebc2e050,2,2,212887301004,212887.301004000000
2023-09-01,12,1485939151,8a05d886aaa096652506f0207df13d16ba6f032a,1,1,207565151181,207565.151181000000
2023-09-01,13,1205959538,93208ff8d7abba4d871626a5a31643e08d52a18a,2,2,191078678153,191078.678153000000
2023-09-01,14,1608683642,2bcb6bc69991802124f04a1114ee487ff3fad197,88,88,174689864478,174689.864478000000
2023-09-01,15,1726368065,9aef4330d2ff7ab2884c1081bf136675da92f18d,2,2,171533028906,171533.028906000000
2023-09-01,16,1047250573,fa49c621e5aab36ade24a2a1d779f62c781f004b,2,2,163949715423,163949.715423000000
2023-09-01,17,760444945,c441424302f32b0f68f8d4a604bf3e7c01a5372b,1,1,157955171259,157955.171259000000
2023-09-01,18,1741937717,718d3eed32055b342372f2c58c69e25032700813,1,1,150000000000,150000.000000000000
2023-09-01,19,1701243476,3244612a2dc0f9bc92898cc4ee6a8907f8a6f092,2,2,140001000000,140001.000000000000
2023-09-01,20,1559510088,0a02aa6db3d88e73433c789ddcf375c3434ccc6d,1,1,122090177310,122090.177310000000
2023-09-01,21,1638631700,ac638f849a6b8d2734cd11d1978bb7e9fb7a7fbe,2,2,121826906620,121826.906620000000
2023-09-01,22,999101144,8fe0e1205811d5a7e80ee9dc65ae75cafd71ac8d,1,1,120021832906,120021.832906000000
2023-09-01,23,1522315395,62115d7710c22829c8f042a14a4804eb059392e6,1,1,104106550501,104106.550501000000
2023-09-01,24,1236452123,ffab14b181409170378471b13ff2bff5be012c64,2,2,101200651151,101200.651151000000
2023-09-01,25,823280295,f5b5266f4e273c2418f3776964e95bd96ae3c4f7,2,2,101000000000,101000.000000000000
2023-09-01,26,657287047,4f4f1c4118b2cc4fdb692b3073321c591ed1ae89,2,2,100040000000,100040.000000000000
2023-09-01,27,1731499301,6ca213802f183fa095c5133f812269349a72c2ea,1,1,100010000000,100010.000000000000
2023-09-01,28,587086733,20a6be921ebc0c7dfa8396d2d8359d37cc914c64,1,1,100007884496,100007.884496000000
2023-09-01,29,599583642,16f037a3ddf53da1b047a926e1833219f0a8e1fc,1,1,99915025776,99915.025776000000
2023-09-01,30,1642228075,264bd8291fae1d75db2c5f573b07faa6715997b5,52,52,95556370000,95556.370000000000
2023-09-01,31,1635365731,83a6e741edf6ea8efdf07d1b8e22efb8a25f7011,4,4,69321431883,69321.431883000000
2023-09-01,32,1054066679,0cd48303fc2020e9f6087151d5ffda920ac6f173,3,3,64626754106,64626.754106000000
2023-09-01,33,1291671382,7a128b34485ab460b96b9f3df3fe7bbd949d5219,1,1,63749205436,63749.205436000000
2023-09-01,34,1026870892,19cd713c3ea67285a8bbc378fda9769106597392,1,1,60246450224,60246.450224000000
2023-09-01,35,1193947828,d9a75d50b9bcff5f2ceec092744eee9a310d9f67,1,1,55375266785,55375.266785000000
2023-09-01,36,34631,e93381fb4c4f14bda253907b18fad305d799241a,1,1,49995000000,49995.000000000000
2023-09-01,37,643740235,0e63ee1a039bcc422b1baaf65c7ae30c497d3fc8,1,1,43946808404,43946.808404000000
2023-09-01,38,1605200793,2a9daa56e7ad2c6036ca2ed545b47b50f4d953b8,7,7,37141192010,37141.192010000000
2023-09-01,39,1575356074,873525b1b479431bd713d59897218bfdc341c0cf,1,1,34971323684,34971.323684000000
2023-09-01,40,748430222,bc8ec3182e5243681a848d2a0fbf10df8ebfe230,1,1,32881029791,32881.029791000000
2023-09-01,41,1038513937,2b62a8e64d074a93990d616db307a1c652fea2b5,2,2,29999629162,29999.629162000000
2023-09-01,42,536553784,07fe984c446417c1ff4532ce4fd67eeb59a0d682,1,1,27420872903,27420.872903000000
2023-09-01,43,864802119,df5df0ddb656e28d0c641f7afa9c360294bbde28,4,4,27202178095,27202.178095000000
2023-09-01,44,626476031,3a8315e25378ce9fc0d3279b26ec0576de52c0ff,1,1,23866718099,23866.718099000000
2023-09-01,45,993400506,f16e9b0d03470827a95cdfd0cb8a8a3b46969b91,1,1,22497000000,22497.000000000000
2023-09-01,46,581937484,4334703b0b74e2045926f82f4158a103fce1df4f,2,2,19977640965,19977.640965000000
2023-09-01,47,9988114,71f12a5b0e60d2ff8a87fd34e7dcff3c10c914b0,1,1,19950796648,19950.796648000000
2023-09-01,48,456512580,4418306dd976fc4d39a92438540f5b07e935fe38,17,17,18131470177,18131.470177000000
2023-09-01,49,1041292141,d4f9fe0039da59e6ddb21bbb6e84e0c9e83d73ed,6,6,17540044981,17540.044981000000
2023-09-01,50,1258748949,bfcd86e36d947a9103a7d4a95d178a432723d6ad,9,9,17190247887,17190.247887000000
2023-09-01,51,1585846138,fb9297aa5ad9e481c4e4fa9c2eb1e39307f54573,2,2,14299149370,14299.149370000000
2023-09-01,52,1003890185,9d8b70e496676f4c02a4cf95a1a6687fa9b0b52a,1,1,13938938661,13938.938661000000
2023-09-01,53,542678634,577be3ed9a71e1c355f519bbdf5f09ba2018b1cc,1,1,12373270846,12373.270846000000
2023-09-01,54,1722100462,a7241c3297e1afec099ca1450a1d61100c359354,6,6,12113164257,12113.164257000000
2023-09-01,55,1530691161,a07329f4c409b5814f729a1c5a6b574684a75950,2,2,10932925257,10932.925257000000
2023-09-01,56,1630976211,c7f4f867945db37877f8303320c74ac9f83476e9,1,1,10798033651,10798.033651000000
2023-09-01,57,1485335068,445bab4342fafcfee8baaec5bd7d6030770d4011,1,1,10040791342,10040.7913420000000000
2023-09-01,58,1530896000,ff33bdffd4510d9ac75938cbb75040894c7585c9,1,1,10000000000,10000.0000000000000000
2023-09-01,59,86372871,0d0707963952f2fba59dd06f2b425ace40b492fe,5,5,8696825888,8696.8258880000000000
2023-09-01,60,1371935491,5b36cbed65008865b3d37a291717d483a3629a07,1,1,8015519983,8015.5199830000000000
2023-09-01,61,611476243,862606a6012fa68019ee26ce4a3b35bc2684beb4,1,1,7446010000,7446.0100000000000000
2023-09-01,62,1528044623,ed1b7e8dfdc1ee5d1013f27d7bdea2b54cb590b2,2,1,5801671260,5801.6712600000000000
2023-09-01,63,1430816052,8e28d1b0e12bef305c3a55d53b681e138bbceb82,1,1,4987130730,4987.1307300000000000
2023-09-01,64,1733178206,d962c8109df514fdd4fa5838a9f87553ed0da201,1,1,4751756321,4751.7563210000000000
2023-09-01,65,533475707,fa849619e9d240877f6a47b354934217250f1821,1,1,4360000000,4360.0000000000000000
2023-09-01,66,744155750,c22d35b02757df142a4726476bbc01d253297587,1,1,3870802980,3870.8029800000000000
2023-09-01,67,1713770329,998c5a2d463aca5442a3f3fb01d10ab73a039fd2,2,1,3763200534,3763.2005340000000000
2023-09-01,68,1452834348,e642404bdbae1993fad1c5ee6c42f6f2970ec03b,1,1,2720510000,2720.5100000000000000
2023-09-01,69,614585640,8061199a31983a077e691c08b2263a4cf5c24093,1,1,1994578519,1994.5785190000000000
2023-09-01,70,1720481942,b553d18798a0f29075dfe2da98a535ec44f780f2,2,2,1320484370,1320.4843700000000000
2023-09-01,71,1704320930,486097d495b0c584012c44f967296d08731037bf,1,1,1245174444,1245.1744440000000000
2023-09-01,72,1433905228,91668998e9408a823d278d9190d21e5adef6eaa7,3,3,1092842319,1092.8423190000000000
2023-09-01,73,1575208948,3019e7890e1d91899024802db125bdcbc779eb07,1,1,917000000,917.0000000000000000
2023-09-01,74,1709028693,475be16eee838529fdf3c1a4d5a65deed8cb90e1,2,2,860608430,860.6084300000000000
2023-09-01,75,1697756835,20c84b89eb3ada7952f87cd248b268fa6e910e38,1,1,730000000,730.0000000000000000
2023-09-01,76,820344636,a63976d69e09b695898105db6691da5e1a9a4bc4,1,1,635630000,635.6300000000000000
2023-09-01,77,1585009775,17bfc9002edbcf77192329ac01e0290e0b3db68a,1,1,536220951,536.2209510000000000
2023-09-01,78,1739658826,8bb7dcc7d5c5871278b2cd8e78bce62cac148291,1,1,482345328,482.3453280000000000
2023-09-01,79,1022020178,d22ac040229aba3e21ae32ffebcfdfa4cf865498,1,1,480638170,480.6381700000000000
2023-09-01,80,1594934429,1dd435c252e78ad020e9925e6014e79da65c3fd0,1,1,320686741,320.6867410000000000
2023-09-01,81,1570056598,5ca267a350e1c007a08b9f92848eb771b2254395,1,1,311012440,311.0124400000000000
2023-09-01,82,1592302048,2c7f38afac3605e78d42b2a9989b0a197f13f6bf,1,1,305573141,305.5731410000000000
2023-09-01,83,1639821108,d4a028f04ef027c8946b1d96f819d740ca277d49,3,3,251751397,251.7513970000000000
2023-09-01,84,1657963859,6f5a34997cf7aa08b35ce6df71a5085ee3ca09ad,2,2,248921431,248.9214310000000000
2023-09-01,85,1594509057,c76f55b537c98914184f52696548ce4675d8f139,1,1,204181746,204.1817460000000000
2023-09-01,86,1689007254,b5a534e43ecd296e90ba2eddf89565076f4ae660,2,2,201208000,201.2080000000000000
2023-09-01,87,1529656994,77f2c10dfcabf2ed3e16445cecdca0a4094b0e9d,1,1,164043184,164.0431840000000000
2023-09-01,88,1473291526,d8f3398d2af152078041b4c06b7a081cc8f7552b,1,1,150012188,150.0121880000000000
2023-09-01,89,777870005,cb062de41bb3410c1071d4f38d7e885844d77ffd,2,2,150000000,150.0000000000000000
2023-09-01,90,1042737930,b5d4c304b8887b07e28950e0d95c8b42dfd5502e,1,1,134784840,134.7848400000000000
2023-09-01,91,428734793,e234131ddcca0435b14ded3c6d7a294f2beec054,1,1,130075925,130.0759250000000000
2023-09-01,92,1624011306,0d52132fa57604a91f01daae8263ea19d56b380c,2,2,129734649,129.7346490000000000
2023-09-01,93,1717402824,20beb7e6204c07b613ce344ab752636767da0221,1,1,128555969,128.5559690000000000
2023-09-01,94,1058196173,9a12da01f517b3af066beb181ffdf59707d3e817,1,1,121545857,121.5458570000000000
2023-09-01,95,1203482517,a526699a9b6b00f2eb640a6751567afa0d339bda,1,1,119079830,119.0798300000000000
2023-09-01,96,953125367,72ce1487a721d637c81577787e44e37aaffe5ecc,1,1,113758094,113.7580940000000000
2023-09-01,97,1637379122,57b28341e4c97a78cf57c8d2fbb06b412f965d8b,1,1,110248608,110.2486080000000000
2023-09-01,98,1224735286,5c14752cb64dcc4f8b09f15ca2aeb5a5697b6317,1,1,100000000,100.0000000000000000
2023-09-01,99,1741899311,2aec9c1604396ad9ad9402f5d4206de0c2972380,1,1,100000000,100.0000000000000000
2023-09-01,100,1687993796,ab668662f5bfcb0e239ba36ff0483de838e43e95,1,1,99340300,99.3403000000000000
2023-10-01,1,1745721634,45cd6e72ac7d669135dc738316b6c70cef6065fd,5,5,1355051600000,1355051.600000000000
2023-10-01,2,1550153471,7fe4b2632f5ae6d930677d662af26bc0a06672b3,2,2,859720219175,859720.219175000000
2023-10-01,3,824896256,ad6eaa735d9df3d7696fd03984379dae02ed8862,7,7,608025000000,608025.000000000000
2023-10-01,4,1774116767,eca0b96057fe8b5c782ab66f021a6ccc07e56713,1,1,500174252856,500174.252856000000
2023-10-01,5,1758395907,e440090fea5ad15f5b5036b22542b9734a90f7ff,1,1,500045874058,500045.874058000000
2023-10-01,6,1764680544,c08fdfd5345a46ad62e76685eb917b39a42babe4,1,1,500044225011,500044.225011000000
2023-10-01,7,1758396752,225c465bf643d7dfc021fa98b2ec94f82cdb2456,1,1,500039867628,500039.867628000000
2023-10-01,8,1764095694,bb17ea1e421eaa5fc9b87198ebfc0a59f760cf09,1,1,500033575304,500033.575304000000
2023-10-01,9,1771169314,3440bdb69e87f8a3aaf75aaf08958bfacec73850,1,1,500000000000,500000.000000000000
2023-10-01,10,1595266657,f5213a6a2f0890321712520b8048d9886c1a9900,10,10,440064100000,440064.100000000000
2023-10-01,11,1032693338,a402ce98e1b9cc98a0a9a3011785d17176e85495,2,2,380668915039,380668.915039000000
2023-10-01,12,1483772585,1980475c3a279935ca611c9a41f17974ebc2e050,2,2,251253323199,251253.323199000000
2023-10-01,13,1751892536,2d077c3799c7856df08495c4f2f98e528ff827c5,1,1,234006046445,234006.046445000000
2023-10-01,14,1701243476,3244612a2dc0f9bc92898cc4ee6a8907f8a6f092,2,2,230594000000,230594.000000000000
2023-10-01,15,1750955863,f993830ab51486bb6092ddcf83f8488d34b5bc02,2,2,218355608803,218355.608803000000
2023-10-01,16,1485939151,8a05d886aaa096652506f0207df13d16ba6f032a,1,1,207545277469,207545.277469000000
2023-10-01,17,1205959538,93208ff8d7abba4d871626a5a31643e08d52a18a,1,1,203364348164,203364.348164000000
2023-10-01,18,1726368065,9aef4330d2ff7ab2884c1081bf136675da92f18d,1,1,188744896131,188744.896131000000
2023-10-01,19,1773769680,41db641b6bb1b5bb88e717b0843021b3c1324525,1,1,186000000000,186000.000000000000
2023-10-01,20,1765357612,c5729303587d2d5ba6522ea3d0f706dd77f99910,1,1,150000000000,150000.000000000000
2023-10-01,21,1772876456,11b1a4689d75b5771a05885fe66ad42098178247,1,1,150000000000,150000.000000000000
2023-10-01,22,622425426,6dd8b1bd490e14bf3da72450d6d6112276ac986e,1,1,144123632322,144123.632322000000
2023-10-01,23,1559510088,0a02aa6db3d88e73433c789ddcf375c3434ccc6d,1,1,140399148417,140399.148417000000
2023-10-01,24,1019121473,5a40ab806a038afe9c4ef413d36b6356a5e4d2c5,1,1,136268814404,136268.814404000000
2023-10-01,25,760444945,c441424302f32b0f68f8d4a604bf3e7c01a5372b,1,1,122945840925,122945.840925000000
2023-10-01,26,1455990448,e87c6f39881d5bf51cf46d3dc7e1c1731c2f790a,2,2,117371842130,117371.842130000000
2023-10-01,27,1522315395,62115d7710c22829c8f042a14a4804eb059392e6,1,1,114656498837,114656.498837000000
2023-10-01,28,874916125,6c4ad64ec82c53486d2578d0f6b312353707efd4,2,2,113325581128,113325.581128000000
2023-10-01,29,1556866563,5ac342c4ae3d656193a2bb9a683fde9777c94ba2,1,1,99814268159,99814.268159000000
2023-10-01,30,862028632,c8221cf426d845af0dfc8cc1f45f507c86e6b3fe,11,11,97885321019,97885.321019000000
2023-10-01,31,1642228075,264bd8291fae1d75db2c5f573b07faa6715997b5,255,255,83622780000,83622.780000000000
2023-10-01,32,1752887325,8fb3398be4ff742138c909f0bfc4bbe88af2b553,1,1,79600300000,79600.300000000000
2023-10-01,33,1193947828,d9a75d50b9bcff5f2ceec092744eee9a310d9f67,1,1,63455170445,63455.170445000000
2023-10-01,34,1054066679,0cd48303fc2020e9f6087151d5ffda920ac6f173,1,1,61662321924,61662.321924000000
2023-10-01,35,9988114,71f12a5b0e60d2ff8a87fd34e7dcff3c10c914b0,1,1,55119329565,55119.329565000000
2023-10-01,36,1605200793,2a9daa56e7ad2c6036ca2ed545b47b50f4d953b8,5,5,48962749036,48962.749036000000
2023-10-01,37,823280295,f5b5266f4e273c2418f3776964e95bd96ae3c4f7,1,1,43882708232,43882.708232000000
2023-10-01,38,86372871,0d0707963952f2fba59dd06f2b425ace40b492fe,2,2,36312880000,36312.880000000000
2023-10-01,39,1313785119,35ba260ced73d3d8a880bf6b0912edfb87bfa04c,2,2,30000092612,30000.092612000000
2023-10-01,40,1715028190,0b871780283b448b2dc3158cd81ef3d25e206dbd,1,1,25000000000,25000.000000000000
2023-10-01,41,1714879497,88829bba0a86614bdeec583043bd84e1fdf9486e,1,1,24789900000,24789.900000000000
2023-10-01,42,1729257548,e79253105b4323bb297a728774e5f90ebb1d8f26,2,2,24223788890,24223.788890000000
2023-10-01,43,55245358,a734288da3ace7f9a5e5caa6df929126f2e67d52,1,1,22869450769,22869.450769000000
2023-10-01,44,626476031,3a8315e25378ce9fc0d3279b26ec0576de52c0ff,1,1,22386244250,22386.244250000000
2023-10-01,45,1717194468,98a9140e041a0d2732d80f56441c3feaedd9bb9c,1,1,19496110000,19496.110000000000
2023-10-01,46,800213967,8f221015ff9e3fac7cf60bb3dfb74ba70ded2caf,1,1,15990000000,15990.000000000000
2023-10-01,47,1248536352,fbe8cf2e39065059d00b2288b1204b11ccd4d8ee,1,1,15984973260,15984.973260000000
2023-10-01,48,882940793,f89d7b9c864f589bbf53a82105107622b35eaa40,2,2,14995500000,14995.500000000000
2023-10-01,49,1410759382,a765a629f11f538f6d67e3fdf799baed1506017d,1,1,12107153676,12107.153676000000
2023-10-01,50,1726347652,d5c3049a4fd45ce760662a1f62f5d2fde2cd6c7e,1,1,9995000000,9995.0000000000000000
2023-10-01,51,302428207,3e3672b23eb22946a31263d2d178bf0fb1f4bbfd,1,1,9429609787,9429.6097870000000000
2023-10-01,52,1681268904,1c7241102ad5764e6f5083dc967f57df7ca7e533,2,2,8510000000,8510.0000000000000000
2023-10-01,53,1371935491,5b36cbed65008865b3d37a291717d483a3629a07,1,1,8022466747,8022.4667470000000000
2023-10-01,54,1273998545,ec0540a73c3cb2d7a6ecbf45bdea246cec2d442f,2,2,8017629182,8017.6291820000000000
2023-10-01,55,1258748949,bfcd86e36d947a9103a7d4a95d178a432723d6ad,10,10,8015544050,8015.5440500000000000
2023-10-01,56,744155750,c22d35b02757df142a4726476bbc01d253297587,1,1,6000000000,6000.0000000000000000
2023-10-01,57,1007093363,7e8a80b55b352eb5cadf7f58e2e03d68d7219123,1,1,5532387512,5532.3875120000000000
2023-10-01,58,1742320062,c0e6a85fb6e36108a91345a45f4acf731a71fc58,1,1,5169180000,5169.1800000000000000
2023-10-01,59,614585640,8061199a31983a077e691c08b2263a4cf5c24093,1,1,5004438989,5004.4389890000000000
2023-10-01,60,993400506,f16e9b0d03470827a95cdfd0cb8a8a3b46969b91,1,1,4924380000,4924.3800000000000000
2023-10-01,61,1755059660,1672c75abeff13b9928fc4a5c89668252d695e80,1,1,3332722155,3332.7221550000000000
2023-10-01,62,951814846,d814e1b7cc203ff6ca4358bf4aa3ce9771fedc68,12,12,1805779780,1805.7797800000000000
2023-10-01,63,1663980624,99e4730b29a99d91efc38ad9fed6e72bb3e8d062,7,7,1665000000,1665.0000000000000000
2023-10-01,64,1753026782,96c0a88a0670b89c8ce2faaedd02debe1e3a3207,1,1,1625078694,1625.0786940000000000
2023-10-01,65,456512580,4418306dd976fc4d39a92438540f5b07e935fe38,5,5,1613579642,1613.5796420000000000
2023-10-01,66,1761334033,9867a3b012b6a956f4ae4a750c73e8c163c7791d,2,2,1312420000,1312.4200000000000000
2023-10-01,67,1765901061,38d6e99f34d07701521219b6b486e17686f23d8c,1,1,1093842773,1093.8427730000000000
2023-10-01,68,1734808192,bfdefd9734979f783c26738fe492429ab4fe8739,1,1,1000000000,1000.0000000000000000
2023-10-01,69,750929270,ceb69f6342ece283b2f5c9088ff249b5d0ae66ea,1,1,999509445,999.5094450000000000
2023-10-01,70,1755931335,6c24182e1d89072ef853c5b192fd5ef0d3b15b93,1,1,995620000,995.6200000000000000
2023-10-01,71,971644678,7b8e93f5d91459d3c5b211d7c584c09fab54f56e,2,2,982259990,982.2599900000000000
2023-10-01,72,1734468298,ad014cd94488359dd1e3610ae14f557f6aa7f797,2,2,842760000,842.7600000000000000
2023-10-01,73,1433905228,91668998e9408a823d278d9190d21e5adef6eaa7,1,1,801208309,801.2083090000000000
2023-10-01,74,1757936384,4f4ed743e0e6dd7c38341f31b757bb2700c31da5,1,1,760850000,760.8500000000000000
2023-10-01,75,1760259750,e64240ec92bdaa872315289e166f94ebc7d3ee72,1,1,747495913,747.4959130000000000
2023-10-01,76,1009690762,f138239edd2dcc997dd035537e306d5c9c45a1b5,2,2,718000000,718.0000000000000000
2023-10-01,77,1756025156,b5fe08200e171811d5c45d2351d8eedab01728cf,1,1,710440316,710.4403160000000000
2023-10-01,78,1361511231,9b26f3fe46217a1ba67ce3ba4886caf2b7cc1301,1,1,640809847,640.8098470000000000
2023-10-01,79,1773777991,3a9b15949980b897b26c37ef0e86e6238c0eb2f2,1,1,433693887,433.6938870000000000
2023-10-01,80,1757222822,e6342778ec905c31aa4ae8fefc1309447df8a7a0,3,3,433120000,433.1200000000000000
2023-10-01,81,1718516694,9e8213bb81f5b7fe3cde490a096a630279ba063b,1,1,428967064,428.9670640000000000
2023-10-01,82,1532066826,9ac3a24ecafb029cdaef86c443ef1cd8fbfbc9b9,2,2,371625113,371.6251130000000000
2023-10-01,83,1673280597,0ac68f7e33b754dbea34cded375a928ed9fd383c,1,1,360013587,360.0135870000000000
2023-10-01,84,935168839,335ea878801e85cd874d059ba686ba0cbccd12e6,1,1,328700000,328.7000000000000000
2023-10-01,85,1649751789,af1d0f78a8d1b1077e5d6a570bfa616f647a4e4a,1,1,321690000,321.6900000000000000
2023-10-01,86,1534501468,8719dbcaf25404f2f0d00c19aec83df5c2d87bfb,3,3,298647864,298.6478640000000000
2023-10-01,87,1622164767,eb55b79c08365efbec278e4cca0ea91d4fff8c6a,2,2,294210000,294.2100000000000000
2023-10-01,88,1775647966,16c57ad0b0aea2bb7750b1f3ffbd0f85f3b64b18,1,1,257400000,257.4000000000000000
2023-10-01,89,1701966784,aec6c0f871630a273c040f359fe5e1762354ac64,1,1,235518598,235.5185980000000000
2023-10-01,90,895231134,951c96d9d36f6ef29318c2890ee6bbf1f688fd75,1,1,209420000,209.4200000000000000
2023-10-01,91,120342250,d1d3a7bf987c2c203c9a29adc41b29f4bdd74038,1,1,208535633,208.5356330000000000
2023-10-01,92,1767350775,8d043f8b98b045de6cdcb4a301f8ea052412a8cd,1,1,207166387,207.1663870000000000
2023-10-01,93,1767805897,482b4b03bf264df65a4feb126d7fee740ff27cce,1,1,198506025,198.5060250000000000
2023-10-01,94,931129819,db2ad559b70b30d6fb3866ea3dcee20a59b47de8,1,1,170000000,170.0000000000000000
2023-10-01,95,1646771207,ff3b832c82faeaec51f2bf4186d19a4a022c5de7,1,1,161660000,161.6600000000000000
2023-10-01,96,885775252,964f71a510a175a7e510cfad56fd18f6286da4cc,1,1,160196048,160.1960480000000000
2023-10-01,97,230193981,46340b20830761efd32832a74d7169b29feb9758,3,3,156960000,156.9600000000000000
2023-10-01,98,1756680457,689fb136b736bf0e08fd7a2376858be0d8d237ac,1,1,148000000,148.0000000000000000
2023-10-01,99,1638012311,745f3e3a0aac094534f2ab8ebbc0e85e88a864c5,1,1,146717407,146.7174070000000000
2023-10-01,100,1624651237,2ad0a998596800e958ae4c92d640cd8d8edb6eff,1,1,119940000,119.9400000000000000
2023-11-01,1,1701243476,3244612a2dc0f9bc92898cc4ee6a8907f8a6f092,19,19,8350892000000,8350892.000000000000
2023-11-01,2,824896256,ad6eaa735d9df3d7696fd03984379dae02ed8862,13,13,3789516000000,3789516.000000000000
2023-11-01,3,1745721634,45cd6e72ac7d669135dc738316b6c70cef6065fd,6,6,526193520000,526193.520000000000
2023-11-01,4,1795642354,b603561d2ed6dbbc204750f84fe7ab25f950d64b,1,1,500224484341,500224.484341000000
2023-11-01,5,1781171197,a21a2479dea5bb7b1626c21883ccbb838f3cbfc1,1,1,400000000000,400000.000000000000
2023-11-01,6,1795866843,897e0423ed12e9fbab9ed119829158b8f5baba25,1,1,339596061775,339596.061775000000
2023-11-01,7,1785410420,d604da81758ba232139c28bf82d8e06a9ce5110d,1,1,300000000000,300000.000000000000
2023-11-01,8,1595266657,f5213a6a2f0890321712520b8048d9886c1a9900,9,9,270142530000,270142.530000000000
2023-11-01,9,1642228075,264bd8291fae1d75db2c5f573b07faa6715997b5,160,160,251085590000,251085.590000000000
2023-11-01,10,1802205714,3e235f96c1a86f88b79c09a26128c6f1e40c1214,1,1,199990000000,199990.000000000000
2023-11-01,11,1786850509,2b82827abeaae5f916bfea6694769360ec0ebd21,1,1,160000000000,160000.000000000000
2023-11-01,12,911726212,800b0f324e4a7fbbdf99d1a793e2582bf3844976,1,1,148717581875,148717.581875000000
2023-11-01,13,1799917461,12be7a892ed4bc6e10d84778d5993d775371e5f0,1,1,131798000000,131798.000000000000
2023-11-01,14,1795593485,6e1ec30a7115806b6b82f1d2b368753e4edf17f4,1,1,103000000000,103000.000000000000
2023-11-01,15,599583642,16f037a3ddf53da1b047a926e1833219f0a8e1fc,1,1,100004877155,100004.877155000000
2023-11-01,16,617374470,b1ee8ddfcfaa0b9e028e1d005e59c89957870c10,1,1,87521757549,87521.757549000000
2023-11-01,17,86372871,0d0707963952f2fba59dd06f2b425ace40b492fe,3,3,67808730000,67808.730000000000
2023-11-01,18,1785930861,062aaf4612d3ca8d3202834c60324462851f65b5,1,1,50000180000,50000.180000000000
2023-11-01,19,862028632,c8221cf426d845af0dfc8cc1f45f507c86e6b3fe,3,3,47324111926,47324.111926000000
2023-11-01,20,230193981,46340b20830761efd32832a74d7169b29feb9758,6,6,19816518727,19816.518727000000
2023-11-01,21,1258748949,bfcd86e36d947a9103a7d4a95d178a432723d6ad,10,10,18418895169,18418.895169000000
2023-11-01,22,882940793,f89d7b9c864f589bbf53a82105107622b35eaa40,4,4,18096770000,18096.770000000000
2023-11-01,23,997622343,bb5771c1b2645cec17097036160ee0223c6b3003,6,6,17021353569,17021.353569000000
2023-11-01,24,1742320062,c0e6a85fb6e36108a91345a45f4acf731a71fc58,2,2,13677530000,13677.530000000000
2023-11-01,25,1761993762,38d1d0f8088491f0cbdba356e427819e7c009169,1,1,12702690000,12702.690000000000
2023-11-01,26,564896051,c555347d2b369b074be94fe6f7ae9ab43966b884,6,6,12012000000,12012.000000000000
2023-11-01,27,1764601375,58edf78281334335effa23101bbe3371b6a36a51,4,4,11328680520,11328.680520000000
2023-11-01,28,1747687791,b515fc13a1294a08a247155188a141f1ea7a9eb5,1,1,10036706539,10036.7065390000000000
2023-11-01,29,1679092985,13c50dcdee4bbcba71baf578b345cdd35c7928be,2,2,9998756640,9998.7566400000000000
2023-11-01,30,1801815369,1c1b3c3b7a6a2c2126eb0f747f431732d7b8b9f9,1,1,9990060000,9990.0600000000000000
2023-11-01,31,1793566368,58c555fb5fcf59eb2b3075ef254a9f9cf594348e,3,3,9811730013,9811.7300130000000000
2023-11-01,32,1812361622,f6ac9ee09c1d8ba78de4bfeb3e576149b7609b80,1,1,9438973512,9438.9735120000000000
2023-11-01,33,1795805366,cd3719429197a702ca00d7f7ef62c73542d80ff8,2,2,9051800000,9051.8000000000000000
2023-11-01,34,1779078716,8653ec936f724e07d78af0f910f798ebb4fc3ac0,1,1,9032950000,9032.9500000000000000
2023-11-01,35,1809392998,bced924897304708203ab56288cc50bb8b860d32,2,2,9027549982,9027.5499820000000000
2023-11-01,36,1629087,375777b3a4446f201558b86cbef0bbb198d3c572,3,3,8486340000,8486.3400000000000000
2023-11-01,37,1112365003,def4585d690e926555925686ec9128d225660515,1,1,7890070000,7890.0700000000000000
2023-11-01,38,1785105436,afc1722aff7530622f68aeff34818246d2d3d953,1,1,7759980000,7759.9800000000000000
2023-11-01,39,1787356126,ca1a4c88780bc1225211625f7550b2b4cca7cf57,3,3,7620261757,7620.2617570000000000
2023-11-01,40,1791105362,23013e3ca6f9acac6630737f687f9c82e8f5ceca,3,3,6656250000,6656.2500000000000000
2023-11-01,41,1706280634,db0469078d468d90d7a7be20a2f811cdcf460fb5,1,1,6000000000,6000.0000000000000000
2023-11-01,42,1723637899,fb67447ea6a51474a59c1be4355f5a08e40b7016,1,1,5610280000,5610.2800000000000000
2023-11-01,43,1802397090,b40c4bbbb51b44d468439468350cdcb3a55457a6,1,1,5386650000,5386.6500000000000000
2023-11-01,44,1774392533,71ef3c810ead9ab87a2c083c4cd905367e299bac,1,1,5344000000,5344.0000000000000000
2023-11-01,45,788475358,e3fd346478bc75fd681dc389512ea89188cbebba,1,1,5150476206,5150.4762060000000000
2023-11-01,46,1714137027,174bc697511dd0c64b994964c020574c2762ad33,3,3,5076250000,5076.2500000000000000
2023-11-01,47,1797253266,4dee308754ba15a03045cc52a7c1e4d8cc18e7af,1,1,5057000000,5057.0000000000000000
2023-11-01,48,1783764899,f86d216c7323f9796de060247a79aaa8317825d5,1,1,5000000000,5000.0000000000000000
2023-11-01,49,1439107084,58d6747df97ef9cdad836de1029d7ef1f62f14a2,1,1,4996280000,4996.2800000000000000
2023-11-01,50,1759832783,9145e8817fb10a8d715852af3f485530a8c8f49c,1,1,4363530000,4363.5300000000000000
2023-11-01,51,763404784,2f9153120816d00b73d4fb2ddc0ed79ca8b236bd,2,2,4361928845,4361.9288450000000000
2023-11-01,52,1754570239,967f94b8393c3fc23e619b982b28743866b90aee,1,1,4178720000,4178.7200000000000000
2023-11-01,53,1707011623,e73588814aafd7a58f2160a833aa9a33b4807a16,2,2,4075370000,4075.3700000000000000
2023-11-01,54,1313306864,97b9d2102a9a65a26e1ee82d59e42d1b73b68689,1,1,4068312290,4068.3122900000000000
2023-11-01,55,1807315961,7bd9bc30d23afb2322610893c604d47d518761a9,1,1,3991980000,3991.9800000000000000
2023-11-01,56,1537523913,0b0a7d3395f96bf6b86f979f577c3e3b5ebf7a56,3,3,3707660000,3707.6600000000000000
2023-11-01,57,1773559417,51f5965d414cce45aca6532e06e1362c001c654e,1,1,3620542525,3620.5425250000000000
2023-11-01,58,1783354670,6b110e422df150c35a89757474fa9b2b6670e9e0,1,1,3603160000,3603.1600000000000000
2023-11-01,59,1761334033,9867a3b012b6a956f4ae4a750c73e8c163c7791d,2,2,3590620000,3590.6200000000000000
2023-11-01,60,1810205416,016fc2e8e509cea0d06d006140ac4593458f83f5,1,1,3496300000,3496.3000000000000000
2023-11-01,61,1796059225,13a7161395170ea8660ef707b5635c57ad940e29,1,1,3488590000,3488.5900000000000000
2023-11-01,62,1807244897,e9f8fba40f79d3065001f83db85bc89ec63d4f36,1,1,3329150000,3329.1500000000000000
2023-11-01,63,1311607626,a6ac9b894d8fa8fe11a253397050544b7973bc58,2,2,3080000000,3080.0000000000000000
2023-11-01,64,1804834733,9c3a2ec2d56af4f2606a99cf280c074d23cb7b67,3,3,3000000000,3000.0000000000000000
2023-11-01,65,372932065,9bc67b150b4140486287d8e9946e3825174d4dfc,1,1,2781630000,2781.6300000000000000
2023-11-01,66,948448085,0e920475bb60052203e85c98fdcbc38ad71ba43a,1,1,2643596401,2643.5964010000000000
2023-11-01,67,1757936384,4f4ed743e0e6dd7c38341f31b757bb2700c31da5,2,2,2600920000,2600.9200000000000000
2023-11-01,68,369541567,8ec4fbf3deb30b2e51d77e2108cd3f96b11044bc,1,1,2557060000,2557.0600000000000000
2023-11-01,69,1009690762,f138239edd2dcc997dd035537e306d5c9c45a1b5,3,3,2415000000,2415.0000000000000000
2023-11-01,70,1755931335,6c24182e1d89072ef853c5b192fd5ef0d3b15b93,1,1,2325290000,2325.2900000000000000
2023-11-01,71,1802635564,082ee11246f2323bdb326e722a22b052b660e45b,2,2,2248040000,2248.0400000000000000
2023-11-01,72,1055962086,2410de3faeee958983233a33b73ae1e70112bff8,1,1,1996600000,1996.6000000000000000
2023-11-01,73,1646771207,ff3b832c82faeaec51f2bf4186d19a4a022c5de7,2,2,1905000000,1905.0000000000000000
2023-11-01,74,1721292937,a2b88f9b14973a2264f1361c17e378c93429f90c,4,4,1741527324,1741.5273240000000000
2023-11-01,75,1797394829,7e8a4aafd3e43efb96b14ae6245121f4003eee58,1,1,1675000000,1675.0000000000000000
2023-11-01,76,690096814,8cd5768250e2a7f2e805fc26852e2db902b28a05,1,1,1593440000,1593.4400000000000000
2023-11-01,77,845555387,a234eca6e232f5835b639e3b1e9ea9f76150ad56,2,2,1510000000,1510.0000000000000000
2023-11-01,78,772307215,67beb3dd509b88b706dc5a9f03f50006410b088b,1,1,1495000000,1495.0000000000000000
2023-11-01,79,1750325652,487c6480c33f32435f99cfa4b1e09c0d4e4165f7,1,1,1492820000,1492.8200000000000000
2023-11-01,80,1072903924,937891c0bf2046ad1574f7b7d8b7be7918f4f35d,2,2,1376280000,1376.2800000000000000
2023-11-01,81,1775544551,e22a6f0859e4db0da292808b2e3de625f87add29,1,1,1325000000,1325.0000000000000000
2023-11-01,82,923390508,d8fbc75dfc8562e4807cb5e08ac1abdbe723be9e,6,6,1250000000,1250.0000000000000000
2023-11-01,83,1704524512,f736025f5831409c4fb613c824452f96956886c8,1,1,1067386752,1067.3867520000000000
2023-11-01,84,1589627380,d32d39da99b57002fc839e3b8e7a8a57931cbe3b,1,1,1000000000,1000.0000000000000000
2023-11-01,85,1775686153,8d73ba400b589ef3b86b24605118e2b1f2ac5ec4,1,1,1000000000,1000.0000000000000000
2023-11-01,86,1806088652,aeb5519be013bf83e5887af9e5dbcee03ea475aa,1,1,996630000,996.6300000000000000
2023-11-01,87,1792600111,d398ba5dc17caa0d5f2adb2df003f791266dfda6,1,1,990760000,990.7600000000000000
2023-11-01,88,1646278327,daae4a2b1d8e6427d812941e3207f3cb49e08a5e,1,1,970000000,970.0000000000000000
2023-11-01,89,1419074646,5c6306df92e48c6d4851f126c7b1447f8eeee9ed,1,1,892254037,892.2540370000000000
2023-11-01,90,1739658826,8bb7dcc7d5c5871278b2cd8e78bce62cac148291,2,2,679420514,679.4205140000000000
2023-11-01,91,1804737735,9d4bb140f24dc8a9444537e580f5c839998e148b,1,1,675000000,675.0000000000000000
2023-11-01,92,1700634653,a5a1b9d506789e045e60cb43ff7c62256f7fa81b,1,1,600000000,600.0000000000000000
2023-11-01,93,1398723815,eb08b58e71ed3af1bb5aad3dc486ac40804b66f7,1,1,598623632,598.6236320000000000
2023-11-01,94,729002177,6b401b4b53219fb4e5ea71d4a98cd3c75095ee77,1,1,598400000,598.4000000000000000
2023-11-01,95,865204008,38284a0f7eb7933fd8a398f14d1c8e75da15f27e,1,1,593580000,593.5800000000000000
2023-11-01,96,1802714912,8619981d6aee03ecc165d67aa1f590ee23e30d78,2,2,518410000,518.4100000000000000
2023-11-01,97,558664910,6619f6fbbf2163ad6af44b00c17a8ea3f88d2769,1,1,503670000,503.6700000000000000
2023-11-01,98,1788512620,f4c35652ede88e6c77d62199e00756022228ad7d,1,1,495589824,495.5898240000000000
2023-11-01,99,1688806323,31b36b253c773186cb14756f71cc10dfd96b1881,2,2,487170000,487.1700000000000000
2023-11-01,100,1431956830,f3a3121cebacf4161f9d042095e27c4584e01618,1,1,477240000,477.2400000000000000
2023-12-01,1,1642228075,264bd8291fae1d75db2c5f573b07faa6715997b5,151,151,14490790060000,14490790.060000000000
2023-12-01,2,1701243476,3244612a2dc0f9bc92898cc4ee6a8907f8a6f092,29,29,14455793300000,14455793.300000000000
2023-12-01,3,1670031783,a6cefc0ffd2d1cd24568507a7a0174f1fba8d774,11,11,8728825611330,8728825.611330000000
2023-12-01,4,867025189,4c0132f885ac02cd0fb555d17db8946b0c10edd8,4,4,4000200000000,4000200.000000000000
2023-12-01,5,1829532513,83a7ffe87b138b9b2719ea20e10cbe59f76de582,4,4,2730819465387,2730819.465387000000
2023-12-01,6,1779575752,8e9ab8dc112bba32b05c26d7afc4ae6bae39517b,2,2,2500000000000,2500000.000000000000
2023-12-01,7,1833514310,616a31c37a3af589a0a3f500c5aceb3e994e5a63,2,2,1429388159203,1429388.159203000000
2023-12-01,8,824896256,ad6eaa735d9df3d7696fd03984379dae02ed8862,6,6,1365996622680,1365996.622680000000
2023-12-01,9,1745721634,45cd6e72ac7d669135dc738316b6c70cef6065fd,19,19,852817900000,852817.900000000000
2023-12-01,10,1836605936,6eda158ff74b1fbae5e551552d6966ab5d1aa0bd,1,1,500284565112,500284.565112000000
2023-12-01,11,1846623756,6950c9511949f659be96abf8626acc3bb4696f41,1,1,500262267996,500262.267996000000
2023-12-01,12,1836580612,e6e60e59f9a35b39b2a904415e1dd2638acfef40,1,1,500211624982,500211.624982000000
2023-12-01,13,1830471026,cb29b2ff639c89bd6fecd2647cdfabe38e66283c,1,1,500190235101,500190.235101000000
2023-12-01,14,1830465168,c8b66a250e5a51ee7934c58b3dce9ec4be418cb7,1,1,500188350525,500188.350525000000
2023-12-01,15,1830464031,4bce467ae436912de10e309b7a49056c960e8592,1,1,500187121602,500187.121602000000
2023-12-01,16,1830446646,c3363b93b8ac75bb170e4b4131553306ca90a70e,1,1,500152966833,500152.966833000000
2023-12-01,17,1830477509,7b95ca73faa3b0d5fbff2cf5a141df23e3b79a9f,1,1,500133982543,500133.982543000000
2023-12-01,18,1830487414,ac040c3e7501402f3a11e945ac324834a3f61b63,1,1,500119910200,500119.910200000000
2023-12-01,19,1826324498,ddc148394906f1e9f18f892ec286fc844a80426b,1,1,500110007698,500110.007698000000
2023-12-01,20,1103461242,07b6c7bc3d7dc0f36133b542ea51aa7ac560e974,2,2,500050000000,500050.000000000000
2023-12-01,21,1827231058,83f544fd1e802c6d1ac1affee095dbc209867cab,1,1,500020000000,500020.000000000000
2023-12-01,22,1825608405,9023eb3fdf9182a5ce544bf76452463490daa6f2,1,1,500000000000,500000.000000000000
2023-12-01,23,1826866233,1eafdf1f1c1db62cd93751bc8e34715a614ae68b,1,1,500000000000,500000.000000000000
2023-12-01,24,1827253779,fa9cefaeee89b7edf2e2c0374c265eb177865c7a,1,1,499999000000,499999.000000000000
2023-12-01,25,1822630106,5c1001142f786b2e7329c8ce4f69a85efa269d5e,1,1,499999000000,499999.000000000000
2023-12-01,26,1825738593,fc845030df1c177580510dbf03b5ac6cf9949a61,1,1,499997000000,499997.000000000000
2023-12-01,27,1825435685,294f197bb16038aeb3c4bfedd49df1611f661f9e,1,1,499995000000,499995.000000000000
2023-12-01,28,230193981,46340b20830761efd32832a74d7169b29feb9758,11,11,492303730000,492303.730000000000
2023-12-01,29,1355327085,18709e89bd403f470088abdacebe86cc60dda12e,1,1,469483000000,469483.000000000000
2023-12-01,30,1836579411,0c1177e329ff1c54091fa4b91e4fce3d25eb717e,1,1,415879177271,415879.177271000000
2023-12-01,31,1608683642,2bcb6bc69991802124f04a1114ee487ff3fad197,442,442,404834569987,404834.569987000000
2023-12-01,32,1816607686,1a299fee13c09d84f2a4b30ce26afb859248622b,1,1,400000000000,400000.000000000000
2023-12-01,33,1824958475,4c108a3ed40aa8cc9577605e3503264f875b9bf2,1,1,400000000000,400000.000000000000
2023-12-01,34,1824115890,631da18f1f99e96fdf20ce5c55e035502bc02238,1,1,343761953315,343761.953315000000
2023-12-01,35,1643626007,90060e07216221d1b75cf36ef99e3a274913cc26,2,2,312626144850,312626.144850000000
2023-12-01,36,991437337,2f0a7c95bc6cdd5f082cf2edb70107784c4a6f43,2,2,310357151105,310357.151105000000
2023-12-01,37,1843861795,3b37208a3bdc8a4cbe8b5feacb6bfd599d09dcdf,1,1,300003000000,300003.000000000000
2023-12-01,38,1838700737,44cd15e584a873f26f32d8a7afa41546af0261bd,1,1,300000000000,300000.000000000000
2023-12-01,39,1834855482,862d079e36277bf767658f8cbe97e07f180a1236,1,1,300000000000,300000.000000000000
2023-12-01,40,1825157715,002d2e2e33c027f0257af3c3b697ac36347e4815,1,1,300000000000,300000.000000000000
2023-12-01,41,1836445366,87765c75b2102f2a22cc3561a4cabaff82eb0bf2,1,1,300000000000,300000.000000000000
2023-12-01,42,1827947083,9d53d27925c6a8a9c41224d8a1dc43d500629b54,1,1,300000000000,300000.000000000000
2023-12-01,43,1825372121,45cae5b9a5f278e0ba3c2e7abc611b93cdf91874,1,1,299985000000,299985.000000000000
2023-12-01,44,1530517420,c3d2c7815755564fd0783d4f88427517d12cc576,3,3,269984128594,269984.128594000000
2023-12-01,45,1595266657,f5213a6a2f0890321712520b8048d9886c1a9900,4,4,265180000000,265180.000000000000
2023-12-01,46,1813233248,09d8872cfe6cf4a4f2a4060fe31cd5135f86b927,1,1,259191934073,259191.934073000000
2023-12-01,47,1821754476,e70efb845905de9a93929189f00278d16fe50f06,1,1,250000000000,250000.000000000000
2023-12-01,48,1823550453,fcdcab4b4edfe039bc57e53fb51b217a83026e0f,1,1,250000000000,250000.000000000000
2023-12-01,49,1821065716,2b37f738abd0277e172d0ea68b2f9d106b8d9f6a,1,1,250000000000,250000.000000000000
2023-12-01,50,1828425707,f29fbc073b0951092a2e96311a925840d832f7c8,1,1,249999000000,249999.000000000000
2023-12-01,51,1821285087,c2c68ca40c7eace477bea810353beccdb14c37f8,1,1,214039298910,214039.298910000000
2023-12-01,52,1824752526,8f70601d1ef0a19fc1e09a807b3da6b9dd17b833,1,1,200000000000,200000.000000000000
2023-12-01,53,1827401731,1a66c345a8ed99afaad470644eb2c9658d80f884,1,1,200000000000,200000.000000000000
2023-12-01,54,1836425924,8116bdb53eb80ea882aba66bc163d19890593c4a,1,1,199992370000,199992.370000000000
2023-12-01,55,723301388,98e3e6f1886875dcbf4793020189285ca8d84e76,2,2,188641356489,188641.356489000000
2023-12-01,56,599583642,16f037a3ddf53da1b047a926e1833219f0a8e1fc,1,1,151678356585,151678.356585000000
2023-12-01,57,1836417659,bd577a5245c5e635f4338ad30da54c20f13e78ec,1,1,150000000000,150000.000000000000
2023-12-01,58,1821276043,e4023fb23cecd4a25e29fd117ae62da0a6157dc5,1,1,150000000000,150000.000000000000
2023-12-01,59,1836407578,e20ba7399fd7c126f214a031260548027c5b5e67,1,1,142632000000,142632.000000000000
2023-12-01,60,1737224004,462c07090a65d96128502ffd37e0786aa03df885,5,5,113469352188,113469.352188000000
2023-12-01,61,1400908025,e1a5317484a6831b80e6d0b0d57e737460d398b5,5,5,107301324234,107301.324234000000
2023-12-01,62,1824934382,bd745fb93f2b7f3ce02ec19e7f9e6fbb4e200903,1,1,104385770000,104385.770000000000
2023-12-01,63,1820637155,1f499119fa2cdd0bb97c39bb1517078d472bf031,2,2,96405280000,96405.280000000000
2023-12-01,64,1813447771,9fc268fcceb69ace7c9d11bd98efc7d9f7830ced,1,1,88000000000,88000.000000000000
2023-12-01,65,1805763895,a03400e098f4421b34a3a44a1b4e571419517687,6,6,87215911659,87215.911659000000
2023-12-01,66,773614196,e2ba0833f1fba2788020930335e89aa0e60a7015,2,2,87017954160,87017.954160000000
2023-12-01,67,657736540,eb2cafb6ea9def8084842558ad1242bbf7fcac2b,1,1,70299193944,70299.193944000000
2023-12-01,68,6653100,6d7ac63aaa7ba8925dcb3e44be6355261dcf688f,1,1,46465483179,46465.483179000000
2023-12-01,69,1608907747,035e79ed46655f55c7cee91b4e49d87bc1c170c5,93,93,45113629527,45113.629527000000
2023-12-01,70,86372871,0d0707963952f2fba59dd06f2b425ace40b492fe,1,1,42623990000,42623.990000000000
2023-12-01,71,1715056166,fd9af20d2752c7ff81eb0dc144554dd42cf66172,2,2,33328540000,33328.540000000000
2023-12-01,72,1035778035,11d67fa925877813b744abc0917900c2b1d6eb81,1,1,32956928657,32956.928657000000
2023-12-01,73,1816217937,6295cf28894e6fa657fa037e2d52aea098306189,12,12,31645010000,31645.010000000000
2023-12-01,74,1620937750,d7c53fc2166fbea9a196702949ad0327aab2842a,2,2,24379650000,24379.650000000000
2023-12-01,75,581937484,4334703b0b74e2045926f82f4158a103fce1df4f,1,1,21719098468,21719.098468000000
2023-12-01,76,1761993762,38d1d0f8088491f0cbdba356e427819e7c009169,6,6,20446720000,20446.720000000000
2023-12-01,77,1787868116,4a63c864da454c66f301798ce501b4f846b6d98c,2,2,20356980000,20356.980000000000
2023-12-01,78,818011585,ebc18d25d8122da21f73a6bcb78971671f21f6ff,2,2,19921398234,19921.398234000000
2023-12-01,79,1802635564,082ee11246f2323bdb326e722a22b052b660e45b,13,13,17470150000,17470.150000000000
2023-12-01,80,913198303,49cea801a24b2a289d0ff5ab524e20e04e11c121,1,1,16483410000,16483.410000000000
2023-12-01,81,1576054646,f4fc984870cff3fbe0dc37c1330c55572cfcfa11,3,3,15790560000,15790.560000000000
2023-12-01,82,995735629,08d37639b437d450a08cf20b957c2be752fb0bad,20,20,15588510000,15588.510000000000
2023-12-01,83,1747465512,ea14c187d97cb61aa35acca490c361a5ce7b4ace,3,3,14012771513,14012.771513000000
2023-12-01,84,1825307005,51f6f9af44bc61c68717f0000cb936149e6bcfa5,1,1,13675381900,13675.381900000000
2023-12-01,85,1499954399,de289d05edb7ec04da2ff683cec8736e20befee0,2,2,13434374979,13434.374979000000
2023-12-01,86,1818330743,6d5f403b27b2580a8a9caa91af98a806f37b4656,3,3,13420000000,13420.000000000000
2023-12-01,87,1808679014,ba22c4b631fd43ea66ecd6891912d41c55eb7bfc,1,1,11713080000,11713.080000000000
2023-12-01,88,1811827180,cdfe976b0b85bffaf84dea2c9b23a86d26032491,2,2,11386200000,11386.200000000000
2023-12-01,89,1595763263,770ae12062c61c4d4f81bdd9ac26faa22d08e4e9,3,3,11340691984,11340.691984000000
2023-12-01,90,1795805366,cd3719429197a702ca00d7f7ef62c73542d80ff8,3,3,10421620000,10421.620000000000
2023-12-01,91,1817266153,05f241ae8363451d991852dd78ee5c23ac88eb3f,1,1,9993530000,9993.5300000000000000
2023-12-01,92,1689944483,dc019854dadbb32a760f1b46e7095b70200e5f03,2,2,9984671531,9984.6715310000000000
2023-12-01,93,1258748949,bfcd86e36d947a9103a7d4a95d178a432723d6ad,1,1,9000000000,9000.0000000000000000
2023-12-01,94,1072831845,e62a0212b06d82e99f40c96744b7c9da4c241867,1,1,9000000000,9000.0000000000000000
2023-12-01,95,1827959619,310cc7d68d23ab8649d029894503faf90876688b,1,1,9000000000,9000.0000000000000000
2023-12-01,96,1820241550,1d2784b0e2aa4f1327177ac4f097ba3a5b28ebfc,1,1,8711640000,8711.6400000000000000
2023-12-01,97,1667958693,0d8edf829cdb857d374501f01c638b1f60fba5e0,5,5,8000000000,8000.0000000000000000
2023-12-01,98,564896051,c555347d2b369b074be94fe6f7ae9ab43966b884,6,6,7459520000,7459.5200000000000000
2023-12-01,99,456512580,4418306dd976fc4d39a92438540f5b07e935fe38,4,4,7033625040,7033.6250400000000000
2023-12-01,100,1481484478,d84b4436b6aba0fa348c5cf35b4682448e94724a,1,1,6987127520,6987.1275200000000000
2024-01-01,1,1701243476,3244612a2dc0f9bc92898cc4ee6a8907f8a6f092,53,53,27607627782000,27607627.782000000000
2024-01-01,2,824896256,ad6eaa735d9df3d7696fd03984379dae02ed8862,9,9,15683341270037,15683341.270037000000
2024-01-01,3,1670031783,a6cefc0ffd2d1cd24568507a7a0174f1fba8d774,27,27,15276701411720,15276701.411720000000
2024-01-01,4,1577514928,5ff25a228464be7516c4ed8644803292acefdad9,3,3,6005112729378,6005112.729378000000
2024-01-01,5,1511697381,72b2c54c7f83fa9cdb023131a95d96b1adec3126,12,12,5252613066854,5252613.066854000000
2024-01-01,6,1656242057,dde0d6e90bfb74f1dc8ea070cfd0c0180c03ad16,1,1,4999500000000,4999500.000000000000
2024-01-01,7,867025189,4c0132f885ac02cd0fb555d17db8946b0c10edd8,1,1,4026223614994,4026223.614994000000
2024-01-01,8,1779575752,8e9ab8dc112bba32b05c26d7afc4ae6bae39517b,3,3,3526623549852,3526623.549852000000
2024-01-01,9,1861795825,b13f3b00be83427d22abbf54348228bc924233f1,1,1,2723574867168,2723574.867168000000
2024-01-01,10,1642228075,264bd8291fae1d75db2c5f573b07faa6715997b5,174,174,2691942860000,2691942.860000000000
2024-01-01,11,1416751466,50f532de14c0821cae807be938027b458ab23e17,3,3,2000100000000,2000100.000000000000
2024-01-01,12,1557456534,6724c7ad21046f6c0d2491ae66ee4913d949fb76,1,1,1799995000000,1799995.000000000000
2024-01-01,13,1833514310,616a31c37a3af589a0a3f500c5aceb3e994e5a63,1,1,1521070244697,1521070.244697000000
2024-01-01,14,1885039869,ceae5c99311b73b71d23f37839bf0f4e0fab2d6d,1,1,1065071396382,1065071.396382000000
2024-01-01,15,1103461242,07b6c7bc3d7dc0f36133b542ea51aa7ac560e974,3,3,1000100000000,1000100.000000000000
2024-01-01,16,1860737550,983b5db9bb16f464fbc530d48fa55254f24e1bcd,1,1,999995000000,999995.000000000000
2024-01-01,17,1745721634,45cd6e72ac7d669135dc738316b6c70cef6065fd,15,15,707099130000,707099.130000000000
2024-01-01,18,1608683642,2bcb6bc69991802124f04a1114ee487ff3fad197,616,616,608000597590,608000.597590000000
2024-01-01,19,636421822,55f6f152a2c8c1777e35b1cc4af7fc2d53b94539,2,2,548435541632,548435.541632000000
2024-01-01,20,1864150230,0cbb58393ac96be8d90372cf4962a59b5d467437,1,1,500240600421,500240.600421000000
2024-01-01,21,1867368555,f511b7d15498af7a6adbb5cf8872049f0765c108,1,1,500230556813,500230.556813000000
2024-01-01,22,1825739369,65310abbb93b7f59a1cb628738358607f89bb869,2,2,500096780165,500096.780165000000
2024-01-01,23,788400782,25953c127efd1e15f4d2be82b753d49b12d626d7,1,1,500000000000,500000.000000000000
2024-01-01,24,1649712274,e22ea5b777f20ffb64e1516661ace5c4e9a1f23d,1,1,499677000000,499677.000000000000
2024-01-01,25,1875874143,61977230d5e546eefc3ea7cf98dade888fbb97f7,1,1,473944276233,473944.276233000000
2024-01-01,26,1664041946,c12e2672e65217285dee6a01e1374024be81c1cc,2,2,373959868406,373959.868406000000
2024-01-01,27,1864917096,b3bc7b99f00eb651f9ebeceaeab6bb2fa2d09de7,1,1,300000000000,300000.000000000000
2024-01-01,28,991437337,2f0a7c95bc6cdd5f082cf2edb70107784c4a6f43,1,1,289994016874,289994.016874000000
2024-01-01,29,1867350317,f24a6561a8a4557319c64f902ee615e16fccc3b7,1,1,251000000000,251000.000000000000
2024-01-01,30,1850883600,0a98ce77794ffcc167ab7496f255215ff21136fe,1,1,249990000000,249990.000000000000
2024-01-01,31,1864147199,7bd112d497f280e6ec4a8d2785314113fdbea880,1,1,216013466746,216013.466746000000
2024-01-01,32,1859929883,9ab5dd19c1e56c2e5530b02709f1333417c57466,1,1,202992000000,202992.000000000000
2024-01-01,33,230193981,46340b20830761efd32832a74d7169b29feb9758,5,5,201716540000,201716.540000000000
2024-01-01,34,1870332584,2d0311a0f3c02d5162e24135bb1c257a9acc52e2,1,1,200000000000,200000.000000000000
2024-01-01,35,1877229821,dda5dc111d0a8c88518994c78ece9c9fa4d27abf,1,1,200000000000,200000.000000000000
2024-01-01,36,657736540,eb2cafb6ea9def8084842558ad1242bbf7fcac2b,1,1,160166416307,160166.416307000000
2024-01-01,37,1731494269,2f12d6257c695b1671d2d66adf81a681342fdc4f,3,3,149989420000,149989.420000000000
2024-01-01,38,617374470,b1ee8ddfcfaa0b9e028e1d005e59c89957870c10,2,2,130808663030,130808.663030000000
2024-01-01,39,760444945,c441424302f32b0f68f8d4a604bf3e7c01a5372b,1,1,120473473934,120473.473934000000
2024-01-01,40,1859586024,abd92e011882afb0af5d71cdb05176bd17741684,1,1,120000000000,120000.000000000000
2024-01-01,41,599583642,16f037a3ddf53da1b047a926e1833219f0a8e1fc,2,2,114138797851,114138.797851000000
2024-01-01,42,1858747199,16c06e462f34d4482a7f13a417fe57aa46263083,1,1,100001000000,100001.000000000000
2024-01-01,43,1753026782,96c0a88a0670b89c8ce2faaedd02debe1e3a3207,1,1,99997296045,99997.296045000000
2024-01-01,44,723301388,98e3e6f1886875dcbf4793020189285ca8d84e76,2,2,87527628941,87527.628941000000
2024-01-01,45,388125677,b72ed8401892466ea8af528c1af1d0524bc5e105,3,3,84303532256,84303.532256000000
2024-01-01,46,1764601375,58edf78281334335effa23101bbe3371b6a36a51,4,4,79945396856,79945.396856000000
2024-01-01,47,86372871,0d0707963952f2fba59dd06f2b425ace40b492fe,2,2,76694580000,76694.580000000000
2024-01-01,48,1865175667,f173e9d342de933be804c165aa068fa910b9f647,1,1,64796357600,64796.357600000000
2024-01-01,49,1876867860,d67a81a15b9fc5fd0a35d3e3221bc06dbf4335cb,1,1,60010000000,60010.000000000000
2024-01-01,50,1608907747,035e79ed46655f55c7cee91b4e49d87bc1c170c5,157,157,53201717051,53201.717051000000
2024-01-01,51,934041598,402904e954aebee2e78b7b09595393cf05571333,1,1,43513256313,43513.256313000000
2024-01-01,52,1483772585,1980475c3a279935ca611c9a41f17974ebc2e050,1,1,42046787892,42046.787892000000
2024-01-01,53,995246165,58d3d0aac31b61471fb38676556569f46b3519d2,1,1,37953333199,37953.333199000000
2024-01-01,54,1670452611,7553b2737fa9ccfc4a48bfc5384d48b171bb0da3,24,24,37215000000,37215.000000000000
2024-01-01,55,756105954,041444823fccc290c8f5b4a2c7c5fe12c19282aa,3,3,35451808163,35451.808163000000
2024-01-01,56,1258748949,bfcd86e36d947a9103a7d4a95d178a432723d6ad,2,2,35283101489,35283.101489000000
2024-01-01,57,680445285,16ccc86bbafbe6c9a2482bb7f6b867797b853ccb,1,1,33795307127,33795.307127000000
2024-01-01,58,1737224004,462c07090a65d96128502ffd37e0786aa03df885,1,1,30300662842,30300.662842000000
2024-01-01,59,1003890185,9d8b70e496676f4c02a4cf95a1a6687fa9b0b52a,1,1,30006254829,30006.254829000000
2024-01-01,60,901452347,ade9e51c9e23d64e538a7a38656b78ab6bcc349e,3,3,28719286712,28719.286712000000
2024-01-01,61,1038513937,2b62a8e64d074a93990d616db307a1c652fea2b5,1,1,26715060364,26715.060364000000
2024-01-01,62,1845096263,e693727b5fc5ffed2da268fa89b55daa42a4825c,2,2,26434710000,26434.710000000000
2024-01-01,63,302428207,3e3672b23eb22946a31263d2d178bf0fb1f4bbfd,2,2,23250083339,23250.083339000000
2024-01-01,64,928413146,23999e1f0f8ede77787d9323e7b16a17e18315ae,3,3,22878883813,22878.883813000000
2024-01-01,65,608735951,db611d682cb1ad72fcbacd944a8a6e2606a6d158,1,1,22089176500,22089.176500000000
2024-01-01,66,1021954374,77f71e7a42255b358130010b043a295eaf8ca6b4,1,1,20388000000,20388.000000000000
2024-01-01,67,1839633565,e68a0f37068d436b1922899ee0985d931e0c577f,2,2,19985220000,19985.220000000000
2024-01-01,68,781065121,f212ce21a97dbe30999a4c2b309d278bccbb686a,1,1,19983035429,19983.035429000000
2024-01-01,69,1863392925,1e0143181429b6330889ff5a6e92a6c0a4ef7c44,5,5,19542200000,19542.200000000000
2024-01-01,70,926307646,6182e37bf12c3ca367d859b42ac2d2da5bd35bde,2,2,18744501427,18744.501427000000
2024-01-01,71,1783664842,270d924d8feaa5803eeb1be8218f6dce5655d283,14,14,17849650000,17849.650000000000
2024-01-01,72,1646078313,a7b624e458c693576bf0a66d7f6d4a0a2d4a4ba9,2,2,17512530646,17512.530646000000
2024-01-01,73,956878505,ea3d9b4743e20ce41777149a16e4ec97185d1487,21,21,17222470000,17222.470000000000
2024-01-01,74,1400908025,e1a5317484a6831b80e6d0b0d57e737460d398b5,2,2,17093949246,17093.949246000000
2024-01-01,75,995735629,08d37639b437d450a08cf20b957c2be752fb0bad,21,21,15938681729,15938.681729000000
2024-01-01,76,1824420769,7afb88e8b24d4a2727d56c180dd86f914d55a4ed,39,39,15520000000,15520.000000000000
2024-01-01,77,830230857,7d86cf1c8227528e6636ee8e350e8cc48e1fc024,1,1,15227283575,15227.283575000000
2024-01-01,78,1761993762,38d1d0f8088491f0cbdba356e427819e7c009169,6,6,13648730000,13648.730000000000
2024-01-01,79,1802635564,082ee11246f2323bdb326e722a22b052b660e45b,7,7,13518000000,13518.000000000000
2024-01-01,80,785674035,4e06ea07ac8649c35b856301f26cc65db3465684,1,1,13351781999,13351.781999000000
2024-01-01,81,840110785,71df067d1d2df5291278b7c660fd37d9b6272b4c,1,1,13188876488,13188.876488000000
2024-01-01,82,1164643187,2d5c27cafca134e942482ce4316f46e31f6808e4,1,1,13003715414,13003.715414000000
2024-01-01,83,1849759899,ab70a9fb25a3663c9521840225c30c5f56abec77,8,8,12899400000,12899.400000000000
2024-01-01,84,1862691448,5499ad915ed242b2ff86f8d169e525b8b0224b6d,14,14,12542250000,12542.250000000000
2024-01-01,85,974714370,e50074856d95f6011ac34d7088273a2a02e2ffe7,1,1,9997040000,9997.0400000000000000
2024-01-01,86,1680874705,1b54048fc3250965be4ca341b03797d1251c124e,1,1,9997000000,9997.0000000000000000
2024-01-01,87,1871065814,41304bafbf1b34ad6c68aeb8cc819692f4b2f738,1,1,9993410000,9993.4100000000000000
2024-01-01,88,1535146069,3eec15c174c14f7feb79f9e22f6f1270662a87f0,1,1,9993183509,9993.1835090000000000
2024-01-01,89,1851892682,5f189e027cc7961b64638e60010dcb22293f11c6,1,1,9900000000,9900.0000000000000000
2024-01-01,90,1455460364,17cbb81bdf8568806367d8b90f2a20622b8962b5,1,1,9776575699,9776.5756990000000000
2024-01-01,91,1341832890,3641692b2df809ca8588142f70dce8cd181c78bd,2,2,9732023500,9732.0235000000000000
2024-01-01,92,1872358083,483f87ff07a32650ab173ab2968fb32ae092b9e8,1,1,9690781969,9690.7819690000000000
2024-01-01,93,1864687444,8d0276596e934794aa68b31b064ad375bbe4fa43,5,5,9339543115,9339.5431150000000000
2024-01-01,94,977584509,5c5267a02593366f681365ec057e2c5099fa6f88,2,2,8630000000,8630.0000000000000000
2024-01-01,95,1870191244,401bdffd79117409bb1aa287e35ad88db5f56870,8,8,8527590000,8527.5900000000000000
2024-01-01,96,988139284,eb14ceeceea938c7d4df296eb474dea8de321057,3,3,8054080000,8054.0800000000000000
2024-01-01,97,1831968862,a6b5da3d5684ef7c809a664db9668085fd3eb479,7,7,7794390000,7794.3900000000000000
2024-01-01,98,1092496664,956e7e641f02b35a102ae4d90558f3c7f8c7d383,1,1,7672334290,7672.3342900000000000
2024-01-01,99,1848804794,e27e7e8cace21152a89cd99e1709b9df60b84edd,9,9,7375498789,7375.4987890000000000
2024-01-01,100,1862673735,d0fdfbbc5c3cf53a1fccfc4962909e80a2a1fd93,2,2,7370990000,7370.9900000000000000
2024-02-01,1,1701243476,3244612a2dc0f9bc92898cc4ee6a8907f8a6f092,45,45,53060840738000,53060840.738000000000
2024-02-01,2,657287047,4f4f1c4118b2cc4fdb692b3073321c591ed1ae89,23,23,11865814000000,11865814.000000000000
2024-02-01,3,1908557390,149463398d8ecc45eef14765fbe0951ee358401c,2,2,10000000000000,10000000.000000000000
2024-02-01,4,1020588055,7e4b4dc22111b84594d9b7707a8dcffd793d477a,1,1,5000000000000,5000000.000000000000
2024-02-01,5,1885200974,01820d92f8f86947ca0454789172ad60e05817fa,1,1,4998000000000,4998000.000000000000
2024-02-01,6,824896256,ad6eaa735d9df3d7696fd03984379dae02ed8862,18,18,4783830940786,4783830.940786000000
2024-02-01,7,1511697381,72b2c54c7f83fa9cdb023131a95d96b1adec3126,2,2,2504205565567,2504205.565567000000
2024-02-01,8,1645870965,8dc7aad988e8795898c9a82a7a7fa93fee942516,11,11,2145805000000,2145805.000000000000
2024-02-01,9,1833514310,616a31c37a3af589a0a3f500c5aceb3e994e5a63,2,2,1500000000000,1500000.000000000000
2024-02-01,10,1670031783,a6cefc0ffd2d1cd24568507a7a0174f1fba8d774,2,2,1281979520000,1281979.520000000000
2024-02-01,11,1825739369,65310abbb93b7f59a1cb628738358607f89bb869,2,2,1005575775644,1005575.775644000000
2024-02-01,12,1416751466,50f532de14c0821cae807be938027b458ab23e17,1,1,1000000000000,1000000.000000000000
2024-02-01,13,1054066679,0cd48303fc2020e9f6087151d5ffda920ac6f173,5,5,800000000000,800000.000000000000
2024-02-01,14,644919854,9e2cecaa997354b01888cf2f43946ae446bc1c34,3,3,787399481295,787399.481295000000
2024-02-01,15,1885039869,ceae5c99311b73b71d23f37839bf0f4e0fab2d6d,1,1,735661318334,735661.318334000000
2024-02-01,16,1608683642,2bcb6bc69991802124f04a1114ee487ff3fad197,857,857,707168035149,707168.035149000000
2024-02-01,17,1557456534,6724c7ad21046f6c0d2491ae66ee4913d949fb76,1,1,701963000000,701963.000000000000
2024-02-01,18,1642228075,264bd8291fae1d75db2c5f573b07faa6715997b5,104,104,665202040000,665202.040000000000
2024-02-01,19,1895466880,4d6476a24071185fe54f7036a60fcaa2a8fc9a80,1,1,500267021474,500267.021474000000
2024-02-01,20,759041535,bdfa4f4492dd7b7cf211209c4791af8d52bf5c50,3,3,500018850145,500018.850145000000
2024-02-01,21,1895416039,4629651b820ea5d9d3d265e3ba9e94858b1f4ad5,1,1,499000000000,499000.000000000000
2024-02-01,22,1895477327,83c6a367c5cce105a797af0fe7fec2123ba89461,1,1,411816976506,411816.976506000000
2024-02-01,23,1888849051,9e4185aebdf7a7fab87a73b165fa9267a02eea2f,1,1,400000000000,400000.000000000000
2024-02-01,24,1908075278,968c62c47076c2a089c63261c8681f2488c0fce5,1,1,396605914442,396605.914442000000
2024-02-01,25,1263345545,c4e866cf9dfa2c1b827c671dee36365f8189a6b0,2,2,349057606354,349057.606354000000
2024-02-01,26,1627567421,ee23dc9140e42a6684ded0ba209d000756276198,3,3,340000000000,340000.000000000000
2024-02-01,27,1793312572,3e55457808fb552a7f1989d68c9daf5d3a51c027,1,1,300134558089,300134.558089000000
2024-02-01,28,1901684687,f4bc2cd090d09defe68222c57a876e02f8f447a5,1,1,300000000000,300000.000000000000
2024-02-01,29,1911119560,c810a154b1982aca62ed0fe850d0ed11a9e72ae5,1,1,300000000000,300000.000000000000
2024-02-01,30,1898949997,b0ab4aa559bfcbd4ed0ee3954ad36e1f4f5ae98c,1,1,276675288225,276675.288225000000
2024-02-01,31,760444945,c441424302f32b0f68f8d4a604bf3e7c01a5372b,1,1,258087475625,258087.475625000000
2024-02-01,32,1908717628,9caa4c6ca5269f232a789ed680635dca4b465e8f,1,1,257890366127,257890.366127000000
2024-02-01,33,1899944294,28cdcc3be9f1fb08cefbcbfb51b155143dce56fc,1,1,250005000000,250005.000000000000
2024-02-01,34,1901808962,ee2c6d0e519bf89b0cfceead85c6b2298600f213,1,1,244847257951,244847.257951000000
2024-02-01,35,1906404004,cd05759e28ffc029db604147d8aadb4ccac7aecb,2,2,235840060000,235840.060000000000
2024-02-01,36,1745721634,45cd6e72ac7d669135dc738316b6c70cef6065fd,5,5,201659820000,201659.820000000000
2024-02-01,37,1904801503,13109927e5d7252ddb20c1ac3db3c70abe85e847,2,2,200100303362,200100.303362000000
2024-02-01,38,1228287019,aec5d0ca46f6fd4c0b82a6e838816631419781c0,2,2,200000000000,200000.000000000000
2024-02-01,39,1419704192,23727b54163f63cffdd8b7769e0ecb13df253b4e,1,1,200000000000,200000.000000000000
2024-02-01,40,1912581194,9649e51d9fdec643a5fc2cc105cacdfd6fe4e50c,1,1,200000000000,200000.000000000000
2024-02-01,41,1774043620,69873461b8f29f3a3d35449e2173040e0aa1571d,1,1,199599269123,199599.269123000000
2024-02-01,42,1730401276,2c231563564e7161c32e43bf74f43839cb256412,3,3,188966889309,188966.889309000000
2024-02-01,43,1490339181,a49a74005eef89c132de13b3fc064a73335ac2fb,1,1,188260714990,188260.714990000000
2024-02-01,44,833089842,8cdd5b195f0b0922ced3a8feafa80ede9ebe0299,3,3,171297480544,171297.480544000000
2024-02-01,45,1049815327,3dc606ce9cca12196917a3267a8ae7008e018958,2,2,168000000000,168000.000000000000
2024-02-01,46,1801099854,9932337f43bc069e95815c4c1297e9754e9fde7f,3,3,152000000000,152000.000000000000
2024-02-01,47,1918100845,5016fc6979b5e903b7c0ead9d7aca689e2c8c7a0,1,1,150000000000,150000.000000000000
2024-02-01,48,545436186,d8d6ffe342210057bf4dcc31da28d006f253cef0,1,1,143182770000,143182.770000000000
2024-02-01,49,1907692591,6a4e665b368ee8d8485c3c2578a08580293cc01f,1,1,135000000000,135000.000000000000
2024-02-01,50,1078533,1e0cabef79e70ddaca8859e9a33b306de1a368f9,5,5,131700000000,131700.000000000000
2024-02-01,51,1899135656,8ba1d8b5daa9d00e6ff411f426779501f3c4de09,1,1,129995094000,129995.094000000000
2024-02-01,52,320163232,41bc7d0687e6cea57fa26da78379dfdc5627c56d,2,2,125095689768,125095.689768000000
2024-02-01,53,952065794,cb07c29168a3e8e9a8b309b2d85a66d4e2bf9c12,1,1,124400000000,124400.000000000000
2024-02-01,54,1687220346,31f4ee28f2fb544e54a981eaa9a7a4eac7b9a07b,1,1,118219614148,118219.614148000000
2024-02-01,55,882940793,f89d7b9c864f589bbf53a82105107622b35eaa40,3,3,100192000000,100192.000000000000
2024-02-01,56,1521470932,70e76a2090170a1ce5bb7324830f08b32eb2c0a3,1,1,100000000000,100000.000000000000
2024-02-01,57,1382248467,cc771952fde840e30c6802734e5ad20479c2959f,3,3,75930888031,75930.888031000000
2024-02-01,58,1731001058,bf8080a3fe79bf5e13f28bb743aec11442365db0,1,1,75081657773,75081.657773000000
2024-02-01,59,252538156,05cdb1526f6e224e02919a4c018d9784ea25eb3d,8,8,73799020536,73799.020536000000
2024-02-01,60,1038513937,2b62a8e64d074a93990d616db307a1c652fea2b5,2,2,66519268262,66519.268262000000
2024-02-01,61,1440560338,16a619b22b9746b229e152f6fb82dbfb41ad9c23,2,2,65286697200,65286.697200000000
2024-02-01,62,1258748949,bfcd86e36d947a9103a7d4a95d178a432723d6ad,12,12,62354500858,62354.500858000000
2024-02-01,63,1887676141,4449a285af42ac216208d9e4bdb3a26ea98bc070,1,1,62071940000,62071.940000000000
2024-02-01,64,1605914454,bd8b192d2081b77e148095c08dcc719e61c2d826,5,5,61400000000,61400.000000000000
2024-02-01,65,1285492329,3faeec8ead4b00c10d7baf9715d6269edb4ba94d,2,2,61353363240,61353.363240000000
2024-02-01,66,602922095,564b31fe75510a1adb311aece4faa63346ed142c,1,1,60000000000,60000.000000000000
2024-02-01,67,1752121226,2066dfe1a870db4c0e37b3df9f688792a241589d,2,2,60000000000,60000.000000000000
2024-02-01,68,985449333,9475f727c4d8aeb41ba326e86491ef301c8f127f,1,1,60000000000,60000.000000000000
2024-02-01,69,1608907747,035e79ed46655f55c7cee91b4e49d87bc1c170c5,161,161,58608525664,58608.525664000000
2024-02-01,70,784575673,aac0aa431c237c2c0b5f041c8e59b3f1a43ac78f,1,1,57630627877,57630.627877000000
2024-02-01,71,698517856,ff2779e68e24b725c625f514acb36736a23391e8,1,1,50000000000,50000.000000000000
2024-02-01,72,723301388,98e3e6f1886875dcbf4793020189285ca8d84e76,1,1,50000000000,50000.000000000000
2024-02-01,73,1764601375,58edf78281334335effa23101bbe3371b6a36a51,1,1,49992080000,49992.080000000000
2024-02-01,74,1677113507,226d224b46b271f812ace8881a46a7a948219dd0,1,1,49950000000,49950.000000000000
2024-02-01,75,716433392,40f0ba0268c0d6684e7891350ae8cddcbe265cd4,4,4,47500000000,47500.000000000000
2024-02-01,76,1845096263,e693727b5fc5ffed2da268fa89b55daa42a4825c,1,1,46330020000,46330.020000000000
2024-02-01,77,1483772585,1980475c3a279935ca611c9a41f17974ebc2e050,1,1,42730794856,42730.794856000000
2024-02-01,78,934041598,402904e954aebee2e78b7b09595393cf05571333,1,1,41815152855,41815.152855000000
2024-02-01,79,179547123,314c0695273ba259bb60074f2c92c67ac7ae6d40,2,2,40499296302,40499.296302000000
2024-02-01,80,1680874705,1b54048fc3250965be4ca341b03797d1251c124e,5,5,39720970000,39720.970000000000
2024-02-01,81,1306890369,61c2c2c5a6a3c06b9b6a63ae87ca20c98cb3bfec,3,3,35000000000,35000.000000000000
2024-02-01,82,441272158,d9fc24ce4a909047eb368aec53d7ce93bb729dd9,2,2,35000000000,35000.000000000000
2024-02-01,83,1905628863,7359a4669a52d074bece1358f5c804729d2150c0,5,5,34923573400,34923.573400000000
2024-02-01,84,1579900505,8502364af38056997ab74ab5f0e8a05b910107f0,1,1,33747254699,33747.254699000000
2024-02-01,85,1082867792,572372831a9d6b2e3ee8fa284505599e6125fea9,1,1,27601241441,27601.241441000000
2024-02-01,86,1846166928,1d58a6e2378fbae2c2798580dcc967e6f0e51597,5,5,26200000000,26200.000000000000
2024-02-01,87,388125677,b72ed8401892466ea8af528c1af1d0524bc5e105,1,1,25516565952,25516.565952000000
2024-02-01,88,1164643187,2d5c27cafca134e942482ce4316f46e31f6808e4,1,1,25075951136,25075.951136000000
2024-02-01,89,1825787061,258dad67c46898fbc1b26380dbfe07d1876f9629,2,2,24915694135,24915.694135000000
2024-02-01,90,797816289,f83043ab7bed88f3d15d2bdd97ee249422c1038a,6,6,24000000000,24000.000000000000
2024-02-01,91,756105954,041444823fccc290c8f5b4a2c7c5fe12c19282aa,2,2,23793948627,23793.948627000000
2024-02-01,92,1795805366,cd3719429197a702ca00d7f7ef62c73542d80ff8,7,7,21981460000,21981.460000000000
2024-02-01,93,1021954374,77f71e7a42255b358130010b043a295eaf8ca6b4,1,1,21980591307,21980.591307000000
2024-02-01,94,1825307005,51f6f9af44bc61c68717f0000cb936149e6bcfa5,2,2,20147724205,20147.724205000000
2024-02-01,95,1392760793,f27e4ebda7b140722b0eb0f4564729c3e8b16e6d,1,1,20000000000,20000.000000000000
2024-02-01,96,1439018217,f6e6c83ee7db137ed8dadd5d7bbc6b38220a6602,1,1,20000000000,20000.000000000000
2024-02-01,97,1257246872,945f3d14433e22a3880284944073815c308e0c72,4,4,20000000000,20000.000000000000
2024-02-01,98,1903768890,74f85e82a6d333f066d73f4f6b5a6db26b3488aa,4,4,19905000000,19905.000000000000
2024-02-01,99,956878505,ea3d9b4743e20ce41777149a16e4ec97185d1487,20,20,19758870000,19758.870000000000
2024-02-01,100,1849790825,80774fc0da0224372d5c6deea382a7a3b3129ed4,6,6,18929360000,18929.360000000000
2024-03-01,1,1908557390,149463398d8ecc45eef14765fbe0951ee358401c,3,3,95000000000000,95000000.000000000000
2024-03-01,2,1701243476,3244612a2dc0f9bc92898cc4ee6a8907f8a6f092,23,23,31377368150000,31377368.150000000000
2024-03-01,3,1925220314,babb07bbe931c4d7d1c9886396c566b9955c7340,5,5,30218729800000,30218729.800000000000
2024-03-01,4,657287047,4f4f1c4118b2cc4fdb692b3073321c591ed1ae89,20,20,11511032000000,11511032.000000000000
2024-03-01,5,1885200974,01820d92f8f86947ca0454789172ad60e05817fa,2,2,10002001000000,10002001.000000000000
2024-03-01,6,1645870965,8dc7aad988e8795898c9a82a7a7fa93fee942516,10,10,2647689523620,2647689.523620000000
2024-03-01,7,1020588055,7e4b4dc22111b84594d9b7707a8dcffd793d477a,3,3,2000000000000,2000000.000000000000
2024-03-01,8,1911524367,4c53d78cdef0134c44f49daa1352023c5aca80dd,3,3,1505526806700,1505526.806700000000
2024-03-01,9,1733985732,7ca60bb9a4e5b5ab39316853ac56077f1dbfc83f,11,11,1475065322879,1475065.322879000000
2024-03-01,10,824896256,ad6eaa735d9df3d7696fd03984379dae02ed8862,5,5,1393792772689,1393792.772689000000
2024-03-01,11,1054066679,0cd48303fc2020e9f6087151d5ffda920ac6f173,5,5,1203094793322,1203094.793322000000
2024-03-01,12,1164293919,64563fa9a7734a4826a67e118ac09938b37ef74c,5,5,1160386476823,1160386.476823000000
2024-03-01,13,1833514310,616a31c37a3af589a0a3f500c5aceb3e994e5a63,2,2,1095780633709,1095780.633709000000
2024-03-01,14,1490339181,a49a74005eef89c132de13b3fc064a73335ac2fb,8,8,1018764442607,1018764.442607000000
2024-03-01,15,1653828913,70b659de9d99a8a9f39207208beb30212ebb3758,1,1,1000000000000,1000000.000000000000
2024-03-01,16,1608683642,2bcb6bc69991802124f04a1114ee487ff3fad197,791,791,902486278545,902486.278545000000
2024-03-01,17,320163232,41bc7d0687e6cea57fa26da78379dfdc5627c56d,9,9,875256857117,875256.857117000000
2024-03-01,18,1642228075,264bd8291fae1d75db2c5f573b07faa6715997b5,50,50,792342960000,792342.960000000000
2024-03-01,19,1946982400,3a09c40f8f7b93c8c7e09a5422e56dfe7c7d2794,599,599,651461600584,651461.600584000000
2024-03-01,20,644064143,a9f6f345122b7fbfa08795b6579f0f803d1db8f6,2,2,547236873958,547236.873958000000
2024-03-01,21,1078533,1e0cabef79e70ddaca8859e9a33b306de1a368f9,3,3,517435920218,517435.920218000000
2024-03-01,22,1959558877,532e6a8b6c20432a9c79105039fd63ce85b9faa7,1,1,500460534092,500460.534092000000
2024-03-01,23,1951080626,a942665f65347ff45f3388ad59de4dcb127b55a9,1,1,500205509883,500205.509883000000
2024-03-01,24,1921783917,4f9f637cd4c42b738cc45a1ba85ae9bf3e51599c,1,1,500020000000,500020.000000000000
2024-03-01,25,709085182,60a6d69802239e8678f35cf3cff8af6d64ab4088,1,1,500000000000,500000.000000000000
2024-03-01,26,1825739369,65310abbb93b7f59a1cb628738358607f89bb869,1,1,500000000000,500000.000000000000
2024-03-01,27,1411531115,6b764ab1f7a5f0983713960588ed674b26874331,2,2,495000000000,495000.000000000000
2024-03-01,28,5056812,10feb6f3111197336bc64ad3d0a123f22719d58a,3,3,475357140413,475357.140413000000
2024-03-01,29,1955640877,73bcfd6417255f9f8f63f2296edfd8fbee4ebac2,1,1,472598938108,472598.938108000000
2024-03-01,30,1364937755,4c60936479880f64db31ab85c09cbf2628b93e90,5,5,412169882119,412169.882119000000
2024-03-01,31,1379167147,2d3ab86ab1b1902fcfacd6e83d335524bed37040,3,3,400000000000,400000.000000000000
2024-03-01,32,1943957221,961f33519f4a3a4fe1a09dcdcb94d3f055823e01,2,2,400000000000,400000.000000000000
2024-03-01,33,1822418344,3808ed452be1e6b81f18315b413e1860e68e0994,1,1,390000000000,390000.000000000000
2024-03-01,34,1924555216,895d4c8bdcb6c5c163c3a05d7e4cf721544590cc,1,1,368115775173,368115.775173000000
2024-03-01,35,1793332991,9e990c8dc9768f959b5abf7910f5fd3b965ccf24,1,1,365492156640,365492.156640000000
2024-03-01,36,893044962,ee9536e8aea9384f1a8ddf655a7e9ee4579a160f,2,2,348573678773,348573.678773000000
2024-03-01,37,1319132729,cb9055fc2a8f0f27041dc238574100a22df0c15e,5,5,344617737082,344617.737082000000
2024-03-01,38,1925920663,c60e80d2ac47492ecf604e56b7633eee196403f6,1,1,331935882289,331935.882289000000
2024-03-01,39,585924157,54dea0d442c3254419382f0b5fc5d245eb241569,4,4,312667680924,312667.680924000000
2024-03-01,40,1793312572,3e55457808fb552a7f1989d68c9daf5d3a51c027,1,1,301018913574,301018.913574000000
2024-03-01,41,1699393258,08b47948323fb573902b71c73b57168d148c2eb6,3,3,284184388573,284184.388573000000
2024-03-01,42,1406255039,3b8e1903ed6d4da2c7f88422b72c4b182570293c,3,3,281236022160,281236.022160000000
2024-03-01,43,1507833200,e32e3bd2ec560513cab4757564ca50d13caf9f7f,1,1,280000000000,280000.000000000000
2024-03-01,44,1396800710,7c1af1a78661990f70332a3c8aa75193a53d7b36,8,8,277406204018,277406.204018000000
2024-03-01,45,320954524,74aea9791a0074fa6a239d54b3be22f50ae83968,2,2,275895994865,275895.994865000000
2024-03-01,46,1727791009,08df0743db992e8d0840f502f8ffe45c36f4a636,2,2,270000000000,270000.000000000000
2024-03-01,47,1933716642,eed5492b82a8364b923c92d47e373412d6cc2043,1,1,266000000000,266000.000000000000
2024-03-01,48,333465152,38484f74afed5fb86b6fa3517e7ff91ceeb6ae7e,4,4,260000000000,260000.000000000000
2024-03-01,49,1093724693,eb3e088cf8469bf11772ba76e94ff073579e7043,3,3,253390811674,253390.811674000000
2024-03-01,50,1015076284,c6f01a275879a57165f62bf67b779f8cf1e94411,3,3,250000000000,250000.000000000000
2024-03-01,51,1930180686,eb290b4a8ac45b97958e3a0718aac57916004f72,1,1,250000000000,250000.000000000000
2024-03-01,52,546792932,c03b420ca87ddf9b6e3c538643b5be9b546e1bdd,4,4,250000000000,250000.000000000000
2024-03-01,53,1925978220,d82905fb8856b6ee7680ab90ba32739b570db78b,1,1,249984000000,249984.000000000000
2024-03-01,54,1568973275,35d61a0648b972b3eb2686e36dcabaeff92b155b,5,5,246427551061,246427.551061000000
2024-03-01,55,1887676141,4449a285af42ac216208d9e4bdb3a26ea98bc070,2,2,242864980000,242864.980000000000
2024-03-01,56,579082000,1a31c94f97c649bc2a8adbceb54d1f4a075be4b1,3,3,237982580000,237982.580000000000
2024-03-01,57,784575673,aac0aa431c237c2c0b5f041c8e59b3f1a43ac78f,1,1,230513432376,230513.432376000000
2024-03-01,58,442897664,42ecdd47265e5412973de30b074f9b944a1d8453,2,2,220000000000,220000.000000000000
2024-03-01,59,1824269047,39ce77dd77f78ff165b19ac51450536b1a3761d1,8,8,219006034814,219006.034814000000
2024-03-01,60,1955574926,f81a1da670f9d80887c24c3e783c4d7884cabcd2,1,1,207524585714,207524.585714000000
2024-03-01,61,6174350,61e16a261b4b5f89a3d6d102d13feae40646cd4c,3,3,205000000000,205000.000000000000
2024-03-01,62,1948995660,f9cb2124e95418c0e135771acbddc2d60d7df6ea,1,1,200249624824,200249.624824000000
2024-03-01,63,252166369,6286b9f080d27f860f6b4bb0226f8ef06cc9f2fc,3,3,200200000000,200200.000000000000
2024-03-01,64,1198111142,8fb1f3529913048dc50b25c33b2372decc389dd1,1,1,200000000000,200000.000000000000
2024-03-01,65,759041535,bdfa4f4492dd7b7cf211209c4791af8d52bf5c50,1,1,200000000000,200000.000000000000
2024-03-01,66,1924958422,a51c766fda427c5c0b396d96bbb7318ab19cd089,1,1,200000000000,200000.000000000000
2024-03-01,67,755241215,1adb67a4c80a760579378624714dc01b89e69549,2,2,199891654296,199891.654296000000
2024-03-01,68,1750955863,f993830ab51486bb6092ddcf83f8488d34b5bc02,2,2,196444344710,196444.344710000000
2024-03-01,69,1691943483,791476e30b6ddb8d2ad967f4773506d1b6710059,3,3,193000000000,193000.000000000000
2024-03-01,70,1943413107,0e98e281ecd00470da947af1e6384e5656bc48a2,1,1,190117324907,190117.324907000000
2024-03-01,71,1608694010,87ce0f5047339a71a67ff7f6c0f5b58be86888e4,1,1,188146890000,188146.890000000000
2024-03-01,72,956578958,fb6174f863f3012a07b6daf859d875999924b450,12,12,184640000000,184640.000000000000
2024-03-01,73,1687220346,31f4ee28f2fb544e54a981eaa9a7a4eac7b9a07b,1,1,180281218620,180281.218620000000
2024-03-01,74,840110785,71df067d1d2df5291278b7c660fd37d9b6272b4c,3,3,179834620281,179834.620281000000
2024-03-01,75,1194314779,2a48d3be1b3603af83ff5f72df5b14b8cfd37164,2,2,170000000000,170000.000000000000
2024-03-01,76,732911744,c255e0a1be0a4b7b8bf5ebe8d0aba162cf75bae2,2,2,160083247341,160083.247341000000
2024-03-01,77,900728651,3523481702186c04740e50396d0e1c807ce36c57,1,1,160000000000,160000.000000000000
2024-03-01,78,1928644957,a157fa4fcba223e527126837a86855809d1f93de,1,1,156000000000,156000.000000000000
2024-03-01,79,1610767228,e3796d0eeb5f07f5c555244812489c96baef9069,1,1,153956052929,153956.052929000000
2024-03-01,80,1731001058,bf8080a3fe79bf5e13f28bb743aec11442365db0,1,1,150159785448,150159.785448000000
2024-03-01,81,1924565895,55b400003d1bfb70ef662e952a8d9d89baac4ee9,1,1,150000000000,150000.000000000000
2024-03-01,82,661999043,01010f15548310bfa5756d32e7e8a19cc4b86ecc,1,1,150000000000,150000.000000000000
2024-03-01,83,1258748949,bfcd86e36d947a9103a7d4a95d178a432723d6ad,22,22,147857465869,147857.465869000000
2024-03-01,84,1521470932,70e76a2090170a1ce5bb7324830f08b32eb2c0a3,1,1,125000000000,125000.000000000000
2024-03-01,85,1257246872,945f3d14433e22a3880284944073815c308e0c72,4,4,121433021754,121433.021754000000
2024-03-01,86,1731384346,8a53e6a76c7dec306b8197927debe604b009f1ed,3,3,120836234983,120836.234983000000
2024-03-01,87,1892844843,8c0a4f64426ad7c61f76e013c7c4766a25fe6500,3,3,113147155893,113147.155893000000
2024-03-01,88,1960940370,0d209346d61293f1c98d5884c2d82a9b96a08e80,1,1,110408065871,110408.065871000000
2024-03-01,89,1171998439,af0fdd39e5d92499b0ed9f68693da99c0ec1e92e,1,1,105092959411,105092.959411000000
2024-03-01,90,830169944,774bb9306df1cd921eb842b1388c78f75e6ef79f,2,2,103468648920,103468.648920000000
2024-03-01,91,1924835143,8cc0ec0c8d3d733756eb12567920d848e7eef4e3,1,1,101000000000,101000.000000000000
2024-03-01,92,1107024247,488b99c4a94bb0027791e8e0eeb421187ec9a487,1,1,100028842008,100028.842008000000
2024-03-01,93,1397245732,efef171df3d8864c2d8705768096fd5a0eb2b247,1,1,100000000000,100000.000000000000
2024-03-01,94,1511697381,72b2c54c7f83fa9cdb023131a95d96b1adec3126,1,1,99995000000,99995.000000000000
2024-03-01,95,1955580458,bbe0a9ea2dc9adaac0ffef29bacf421c8c8bb0c1,1,1,99000000000,99000.000000000000
2024-03-01,96,1091498134,27bc8e0c0fb83a79a96f6eed073cd8ad9911db3a,1,1,97370479755,97370.479755000000
2024-03-01,97,1382248467,cc771952fde840e30c6802734e5ad20479c2959f,2,2,96141798723,96141.798723000000
2024-03-01,98,469330483,9bfb3c8f18137e4a8dc3656aa160ee6c9b17befd,3,3,87885000000,87885.000000000000
2024-03-01,99,601400695,e24286adfc053f76888aa51d9a94f6c1519b4cba,2,2,85000000000,85000.000000000000
2024-03-01,100,1187749637,d25e79ac0933bcbe2dfa4a3424deba11f5c33f55,1,1,84933140193,84933.140193000000
2024-04-01,1,1994706200,330a11c4f60c3ea07311487ef76c62d953b069b8,3,3,100000100500000,100000100.500000000000
2024-04-01,2,1908622474,95766ab09eee4d3992b45eda955f8ef93fd24913,55,55,8837666921524,8837666.921524000000
2024-04-01,3,1701243476,3244612a2dc0f9bc92898cc4ee6a8907f8a6f092,16,16,7993481420000,7993481.420000000000
2024-04-01,4,1511697381,72b2c54c7f83fa9cdb023131a95d96b1adec3126,22,22,6734824310800,6734824.310800000000
2024-04-01,5,657287047,4f4f1c4118b2cc4fdb692b3073321c591ed1ae89,11,11,6200823000000,6200823.000000000000
2024-04-01,6,1656242057,dde0d6e90bfb74f1dc8ea070cfd0c0180c03ad16,1,1,5999995680000,5999995.680000000000
2024-04-01,7,1020588055,7e4b4dc22111b84594d9b7707a8dcffd793d477a,1,1,5000000000000,5000000.000000000000
2024-04-01,8,1892844843,8c0a4f64426ad7c61f76e013c7c4766a25fe6500,4,4,4541010273585,4541010.273585000000
2024-04-01,9,1853993311,92e5b9e1fc0dc25477b821cbc5f8b59f8ad87a58,1,1,3000000000000,3000000.000000000000
2024-04-01,10,1946982400,3a09c40f8f7b93c8c7e09a5422e56dfe7c7d2794,1674,1674,1330280472084,1330280.472084000000
2024-04-01,11,1982846125,a77a6420547b3020d446f91a951cec3f6fff82f8,1,1,1000000000000,1000000.000000000000
2024-04-01,12,1973254249,6511cd01f3d2acdc08f6d9ebd268ead089e5285d,2,2,999994770000,999994.770000000000
2024-04-01,13,1642228075,264bd8291fae1d75db2c5f573b07faa6715997b5,269,269,921392793580,921392.793580000000
2024-04-01,14,1732504705,a2d1c3d0d603d6f9de6e757bcd1fcdb6ede930d8,10,10,850000000000,850000.000000000000
2024-04-01,15,824896256,ad6eaa735d9df3d7696fd03984379dae02ed8862,2,2,700000000000,700000.000000000000
2024-04-01,16,1649712274,e22ea5b777f20ffb64e1516661ace5c4e9a1f23d,1,1,561003458000,561003.458000000000
2024-04-01,17,1984443617,7947fc992aa1c6c07e46ecb39d287376451c195c,1,1,500513514954,500513.514954000000
2024-04-01,18,1984440971,ef5f7b1613bb1d88dce387fe9d630856d3ba58da,1,1,500513514954,500513.514954000000
2024-04-01,19,1977707230,b16f0a1765e6d22d82d6d8a3f3ea181ba5140921,1,1,500311052086,500311.052086000000
2024-04-01,20,1627698959,f2b26fdc5fa96094b3ed26dcb89c520cb63ccfea,1,1,500000000000,500000.000000000000
2024-04-01,21,784575673,aac0aa431c237c2c0b5f041c8e59b3f1a43ac78f,1,1,461465212196,461465.212196000000
2024-04-01,22,1948995660,f9cb2124e95418c0e135771acbddc2d60d7df6ea,1,1,400269384138,400269.384138000000
2024-04-01,23,1122320602,906b89c8b896ac490879dc1b1d4d62ff0f7cecf6,2,2,389038454488,389038.454488000000
2024-04-01,24,1171998439,af0fdd39e5d92499b0ed9f68693da99c0ec1e92e,1,1,352004306494,352004.306494000000
2024-04-01,25,1670031783,a6cefc0ffd2d1cd24568507a7a0174f1fba8d774,1,1,330090080000,330090.080000000000
2024-04-01,26,1498252331,f8587bfb4d3e0b31029efa09d595ee6179ddfeaa,1,1,321609700115,321609.700115000000
2024-04-01,27,1984442429,e181e7444d7f11e204a0bf68d3812792bf3c692c,1,1,321022466218,321022.466218000000
2024-04-01,28,1419704192,23727b54163f63cffdd8b7769e0ecb13df253b4e,2,2,302984639763,302984.639763000000
2024-04-01,29,1908717628,9caa4c6ca5269f232a789ed680635dca4b465e8f,1,1,291992928298,291992.928298000000
2024-04-01,30,1822418344,3808ed452be1e6b81f18315b413e1860e68e0994,1,1,290636708605,290636.708605000000
2024-04-01,31,1507833200,e32e3bd2ec560513cab4757564ca50d13caf9f7f,1,1,281480007393,281480.007393000000
2024-04-01,32,546792932,c03b420ca87ddf9b6e3c538643b5be9b546e1bdd,5,5,273055000000,273055.000000000000
2024-04-01,33,1959118249,01b7e73cdad95d407e8696e04194a75f19744801,3,3,249886449850,249886.449850000000
2024-04-01,34,2936121,b5fb1a63da629c39687d917f4a9bbb49a4e283af,1,1,246082370637,246082.370637000000
2024-04-01,35,1364937755,4c60936479880f64db31ab85c09cbf2628b93e90,3,3,242787852210,242787.852210000000
2024-04-01,36,1608694010,87ce0f5047339a71a67ff7f6c0f5b58be86888e4,4,4,229995760000,229995.760000000000
2024-04-01,37,1521470932,70e76a2090170a1ce5bb7324830f08b32eb2c0a3,2,2,226294326345,226294.326345000000
2024-04-01,38,1093724693,eb3e088cf8469bf11772ba76e94ff073579e7043,5,5,221148916537,221148.916537000000
2024-04-01,39,1776552733,8274f500543bc1dcf06c62d99436f47ecf9c9589,4,4,200400000000,200400.000000000000
2024-04-01,40,1965324183,01097efe8e622909e2b5c08774e25a97a2344c57,1,1,200000000000,200000.000000000000
2024-04-01,41,1975907953,194cf33645fdda04031c99b234b3fd9a658deb7f,1,1,200000000000,200000.000000000000
2024-04-01,42,1994541281,50c38e6122cdcd1ac7988c3778a0b6874b944eb8,1,1,200000000000,200000.000000000000
2024-04-01,43,1049815327,3dc606ce9cca12196917a3267a8ae7008e018958,3,3,200000000000,200000.000000000000
2024-04-01,44,1983693129,5a698a716ba11db9fb2f400e2755fad97d9132cc,1,1,199998000000,199998.000000000000
2024-04-01,45,1964850181,8ffefe0659f2b0c97aa47673d12db4838f048de8,1,1,199994800000,199994.800000000000
2024-04-01,46,1575356074,873525b1b479431bd713d59897218bfdc341c0cf,2,2,199796020262,199796.020262000000
2024-04-01,47,1078533,1e0cabef79e70ddaca8859e9a33b306de1a368f9,2,2,196688623539,196688.623539000000
2024-04-01,48,1691943483,791476e30b6ddb8d2ad967f4773506d1b6710059,2,2,194434774961,194434.774961000000
2024-04-01,49,1943413107,0e98e281ecd00470da947af1e6384e5656bc48a2,1,1,180938196991,180938.196991000000
2024-04-01,50,1966711899,ca093d1588c410b32ef5b530570bc5efaba52452,1,1,180356018058,180356.018058000000
2024-04-01,51,1918100845,5016fc6979b5e903b7c0ead9d7aca689e2c8c7a0,2,2,172377567302,172377.567302000000
2024-04-01,52,726399,9378d3e602415bf52065696b98aee47b235f60c3,2,2,170000000000,170000.000000000000
2024-04-01,53,1946975868,92164cd938aff4d97ea2111dc24720dc77bdf226,597,597,167544452679,167544.452679000000
2024-04-01,54,1955574926,f81a1da670f9d80887c24c3e783c4d7884cabcd2,1,1,155047014898,155047.014898000000
2024-04-01,55,661999043,01010f15548310bfa5756d32e7e8a19cc4b86ecc,1,1,151634385997,151634.385997000000
2024-04-01,56,953974671,9dd7d26c9f58fc873a5ce8e4b08393279c8efaa0,2,2,151548395180,151548.395180000000
2024-04-01,57,1956374036,f78a0cbb381046de7557cc95d5248d7f5f3a9b44,1,1,150626280000,150626.280000000000
2024-04-01,58,1382248467,cc771952fde840e30c6802734e5ad20479c2959f,3,3,150173895329,150173.895329000000
2024-04-01,59,1912381892,88f4b55061ef7be6f88e3d28458b6a61cf34e56c,1,1,149996570000,149996.570000000000
2024-04-01,60,732911744,c255e0a1be0a4b7b8bf5ebe8d0aba162cf75bae2,2,2,132605037509,132605.037509000000
2024-04-01,61,1834172185,5176cdf1f3147d097da827c3f55a3b6b64b5dbfd,1,1,124943134450,124943.134450000000
2024-04-01,62,9988114,71f12a5b0e60d2ff8a87fd34e7dcff3c10c914b0,1,1,120000000000,120000.000000000000
2024-04-01,63,1938294562,e49cf4b0e57b5130ceb1eaac8d2e2c0a06c92462,1,1,115000000000,115000.000000000000
2024-04-01,64,1962127479,7da982df2f7375a60e13df59d1b70bbc7e40fb8d,3,3,110020508210,110020.508210000000
2024-04-01,65,1731001058,bf8080a3fe79bf5e13f28bb743aec11442365db0,1,1,103827840687,103827.840687000000
2024-04-01,66,1727787450,8ac06fa95effd94644d7fda1d550bdc401977077,1,1,101023860487,101023.860487000000
2024-04-01,67,557910015,13ca2cf84365bd2daffd4a7e364ea11388607c37,4,4,100000000000,100000.000000000000
2024-04-01,68,1943957221,961f33519f4a3a4fe1a09dcdcb94d3f055823e01,1,1,100000000000,100000.000000000000
2024-04-01,69,1967699296,87d7fcd968783387da09d2a24a44b1790b4c8c22,1,1,100000000000,100000.000000000000
2024-04-01,70,1978153364,444245f6db14744170896d2081625b78a20e61ba,1,1,99993000000,99993.000000000000
2024-04-01,71,830169944,774bb9306df1cd921eb842b1388c78f75e6ef79f,3,3,94526846872,94526.846872000000
2024-04-01,72,1107024247,488b99c4a94bb0027791e8e0eeb421187ec9a487,1,1,90387528942,90387.528942000000
2024-04-01,73,1187749637,d25e79ac0933bcbe2dfa4a3424deba11f5c33f55,1,1,85081479455,85081.479455000000
2024-04-01,74,187918628,1cdde20fd300c95427819be44a4fdc8c537361f1,1,1,82000000000,82000.000000000000
2024-04-01,75,1993364482,91f48064b1484a34f6a0aad087d93beb2cd22d7d,2,2,81451945054,81451.945054000000
2024-04-01,76,956578958,fb6174f863f3012a07b6daf859d875999924b450,12,12,80666589654,80666.589654000000
2024-04-01,77,1907620096,e85905d209c1ff09673b58479acea46b854d332b,1,1,80066970000,80066.970000000000
2024-04-01,78,1279999839,0ce211c30671df38d7b3e31819ae8594769b714d,2,2,80000000000,80000.000000000000
2024-04-01,79,1711060360,dbc9e41d5e083884f2cb172bb3a17ab09a528101,1,1,79750359532,79750.359532000000
2024-04-01,80,1911524367,4c53d78cdef0134c44f49daa1352023c5aca80dd,3,3,78319533298,78319.533298000000
2024-04-01,81,469330483,9bfb3c8f18137e4a8dc3656aa160ee6c9b17befd,2,2,75219000000,75219.000000000000
2024-04-01,82,1969537025,4fb42d2a4a4034d973adaea913bcacb5cd07e262,1,1,75100000000,75100.000000000000
2024-04-01,83,1200068765,6c3ef2549d0cc3a2cc2af56e47a0b64745338eea,1,1,73733897148,73733.897148000000
2024-04-01,84,1840203915,2d7eff75a938e20c41311845898643185b1edacd,1,1,70000000000,70000.000000000000
2024-04-01,85,1653828913,70b659de9d99a8a9f39207208beb30212ebb3758,1,1,70000000000,70000.000000000000
2024-04-01,86,1679831754,6339e01e4db75efe22531f8602d3179f9f51c20d,3,3,69816000000,69816.000000000000
2024-04-01,87,356411763,1a776c84d64ecada985c968c3589b3c8615a1e7c,1,1,68978434254,68978.434254000000
2024-04-01,88,759041535,bdfa4f4492dd7b7cf211209c4791af8d52bf5c50,1,1,65199082800,65199.082800000000
2024-04-01,89,1964111161,1dc2aea3ede1fb754dc2c1dba30c1e1f68246ae0,1,1,60200000000,60200.000000000000
2024-04-01,90,965503855,299b3082b260d445ee32c3511102d0e3fb41cef0,1,1,55000000000,55000.000000000000
2024-04-01,91,1875449431,d0002c648cca8dee2f2b8d70d542ccde8ad6ec03,1,1,52439943925,52439.943925000000
2024-04-01,92,1825307005,51f6f9af44bc61c68717f0000cb936149e6bcfa5,8,8,51332150000,51332.150000000000
2024-04-01,93,1944100364,9a5dc73039a2db94b2dc79827311113f10ed48f6,1,1,50886088439,50886.088439000000
2024-04-01,94,937220081,e6ec6a55e387bfb0028e205819de81394869f436,1,1,50586636895,50586.636895000000
2024-04-01,95,1278162490,d59228cea6d813012c58a3e74c7dcfe5dcaa137e,1,1,50206188718,50206.188718000000
2024-04-01,96,1299912647,4e5004bbef96a4793bbf40fc73736e5349333f43,1,1,50000000000,50000.000000000000
2024-04-01,97,688390142,845240fa48162edc51ed52a126ad8b0cbc2c4e75,1,1,49400000000,49400.000000000000
2024-04-01,98,1946898127,b12a9d1bae6a2220936734792390f5ee5cc8a3e6,2,2,46193447553,46193.447553000000
2024-04-01,99,1995849854,a4fa5cd32f7ceb2a8af69a829a2faaaf268a6493,1,1,43816310000,43816.310000000000
2024-04-01,100,1258748949,bfcd86e36d947a9103a7d4a95d178a432723d6ad,4,4,42726343797,42726.343797000000
2024-05-01,1,1020588055,7e4b4dc22111b84594d9b7707a8dcffd793d477a,2,2,7000000000000,7000000.000000000000
2024-05-01,2,1627698959,f2b26fdc5fa96094b3ed26dcb89c520cb63ccfea,2,2,5500000000000,5500000.000000000000
2024-05-01,3,1416751466,50f532de14c0821cae807be938027b458ab23e17,2,2,2000000000000,2000000.000000000000
2024-05-01,4,2037639441,ca26b818b5347ee07d3d486e000e6f61a52a888c,1,1,1600000000000,1600000.000000000000
2024-05-01,5,1511697381,72b2c54c7f83fa9cdb023131a95d96b1adec3126,5,5,1449537561500,1449537.561500000000
2024-05-01,6,1608694010,87ce0f5047339a71a67ff7f6c0f5b58be86888e4,14,14,1162985450000,1162985.450000000000
2024-05-01,7,1833514310,616a31c37a3af589a0a3f500c5aceb3e994e5a63,2,2,1137127082305,1137127.082305000000
2024-05-01,8,2027408785,6ea2fbbe965b00e0125097c6192707b5b9120054,1,1,1000000000000,1000000.000000000000
2024-05-01,9,1642228075,264bd8291fae1d75db2c5f573b07faa6715997b5,580,580,691973700000,691973.700000000000
2024-05-01,10,893044962,ee9536e8aea9384f1a8ddf655a7e9ee4579a160f,3,3,600000000000,600000.000000000000
2024-05-01,11,1946982400,3a09c40f8f7b93c8c7e09a5422e56dfe7c7d2794,638,638,599405972489,599405.972489000000
2024-05-01,12,1122320602,906b89c8b896ac490879dc1b1d4d62ff0f7cecf6,5,5,587829951365,587829.951365000000
2024-05-01,13,996303049,9b1c0a061efa8e07b7a120d78fd800e9ee11167d,6,6,517000000000,517000.000000000000
2024-05-01,14,1701243476,3244612a2dc0f9bc92898cc4ee6a8907f8a6f092,3,3,509004510000,509004.510000000000
2024-05-01,15,2038208088,63a4247fd6c6d3632c6cde04bdb84b20d0545767,1,1,500529454601,500529.454601000000
2024-05-01,16,2038548395,f2fb0846425e688a63768b5eaaa3e4a64967e64d,1,1,500130976200,500130.976200000000
2024-05-01,17,2038235533,959a23c28be9bddfdb9bd736d9cab4e2434187ca,1,1,500130976200,500130.976200000000
2024-05-01,18,2038578047,9018057012d0a440186cc39d344297e66c510826,1,1,478917818425,478917.818425000000
2024-05-01,19,2022026652,76cee20c4018fe5b4160c334aba3241271752d56,1,1,471162562341,471162.562341000000
2024-05-01,20,1822418344,3808ed452be1e6b81f18315b413e1860e68e0994,5,5,414254067229,414254.067229000000
2024-05-01,21,1994326972,45d637dc29e1821283f9709f5f3e0a1d8a0adff6,2,2,389995320000,389995.320000000000
2024-05-01,22,1793332991,9e990c8dc9768f959b5abf7910f5fd3b965ccf24,1,1,368542446602,368542.446602000000
2024-05-01,23,1529629580,817e34c3bffddf8183cc421db4615f44999f555e,1,1,304049279669,304049.279669000000
2024-05-01,24,1049815327,3dc606ce9cca12196917a3267a8ae7008e018958,1,1,250000000000,250000.000000000000
2024-05-01,25,2010552195,bbc39fda6dc616d7d0b103ce0df9eb0a9d97d185,2,2,221760000000,221760.000000000000
2024-05-01,26,1228287019,aec5d0ca46f6fd4c0b82a6e838816631419781c0,3,3,203967162722,203967.162722000000
2024-05-01,27,2025680305,e57f72cf2d8f74ec01ebb152061816539bb17e39,1,1,200000000000,200000.000000000000
2024-05-01,28,2030866158,c7f12393df8d89896c15baf110df82745df7383d,1,1,200000000000,200000.000000000000
2024-05-01,29,2036473299,21ef41591778ed9fd964b35b03efe5aea8bc2471,1,1,200000000000,200000.000000000000
2024-05-01,30,2029136555,70b347ddaae1c1f5e9962de485de035ca1b5d46b,1,1,200000000000,200000.000000000000
2024-05-01,31,2017782802,bb165559b8249be7a5e0190ff00e25106b1066a5,1,1,200000000000,200000.000000000000
2024-05-01,32,922217202,a52b2b3a918effe74f02ffa3c166742af0b36ea7,1,1,185232876017,185232.876017000000
2024-05-01,33,953974671,9dd7d26c9f58fc873a5ce8e4b08393279c8efaa0,7,7,172834497078,172834.497078000000
2024-05-01,34,1776615152,f9423c9e0b8a54c225ba856ece2f204b550034d4,3,3,166200000000,166200.000000000000
2024-05-01,35,1198111142,8fb1f3529913048dc50b25c33b2372decc389dd1,7,7,151454413542,151454.413542000000
2024-05-01,36,1550153471,7fe4b2632f5ae6d930677d662af26bc0a06672b3,2,2,151418661877,151418.661877000000
2024-05-01,37,1871610893,0e7f7ab04b33955502cf0959b9ff4afc74dd92aa,1,1,150040280964,150040.280964000000
2024-05-01,38,659377938,e51d165a9a4cde13fc6b3e076f40df80d0fc884b,1,1,150000000000,150000.000000000000
2024-05-01,39,557910015,13ca2cf84365bd2daffd4a7e364ea11388607c37,7,7,150000000000,150000.000000000000
2024-05-01,40,1887676141,4449a285af42ac216208d9e4bdb3a26ea98bc070,1,1,149731590000,149731.590000000000
2024-05-01,41,1670031783,a6cefc0ffd2d1cd24568507a7a0174f1fba8d774,3,3,148990000000,148990.000000000000
2024-05-01,42,1515302,8c6c8c306fbcea9330e9dd6c18b8659bdf2445a4,1,1,134607355765,134607.355765000000
2024-05-01,43,1993364482,91f48064b1484a34f6a0aad087d93beb2cd22d7d,3,3,120657594055,120657.594055000000
2024-05-01,44,977996078,a2507c9284654df0ccc419becd458637b3eefc80,1,1,119774899626,119774.899626000000
2024-05-01,45,1679831754,6339e01e4db75efe22531f8602d3179f9f51c20d,7,7,119685603817,119685.603817000000
2024-05-01,46,1732504705,a2d1c3d0d603d6f9de6e757bcd1fcdb6ede930d8,2,2,110000000000,110000.000000000000
2024-05-01,47,2031462567,1ed2584074b802929c7d94ca43459ac9b074141d,2,2,105840742489,105840.742489000000
2024-05-01,48,2018551324,2963c38297e7ad7f35d4c4460b71a381637ff1df,1,1,104685766842,104685.766842000000
2024-05-01,49,1671680869,f0b394bb98ab8cf09b06700274d71b78ceb128d8,1,1,100167000000,100167.000000000000
2024-05-01,50,1994711108,fa13df83e398c15318d62cf54bf0efb2a7e75442,2,2,100027472857,100027.472857000000
2024-05-01,51,1908622474,95766ab09eee4d3992b45eda955f8ef93fd24913,1,1,100010199369,100010.199369000000
2024-05-01,52,2022137640,6f55ba411800e7c5669db94dbccfdf1412d6c1e7,1,1,100000000000,100000.000000000000
2024-05-01,53,2021838897,8b53d1e17d6ab9751b215def4ca690bb1bad5033,1,1,100000000000,100000.000000000000
2024-05-01,54,2004318895,9d9d2a4766113474863a192e97b276f45210fb7c,1,1,99997400000,99997.400000000000
2024-05-01,55,1078533,1e0cabef79e70ddaca8859e9a33b306de1a368f9,2,2,99000000000,99000.000000000000
2024-05-01,56,2006992412,c1114d1f83273377d54041f76d19e6019e9c0277,1,1,98915437690,98915.437690000000
2024-05-01,57,1911524367,4c53d78cdef0134c44f49daa1352023c5aca80dd,2,2,91599107576,91599.107576000000
2024-05-01,58,1921833520,807af2539414fc50e111bf625d6e34aa8c007e38,2,2,90000000000,90000.000000000000
2024-05-01,59,1865175667,f173e9d342de933be804c165aa068fa910b9f647,2,2,85885475216,85885.475216000000
2024-05-01,60,2031561030,caf2f02bc435e20b55d4865f8dc46b4b26965c21,7,7,85025731761,85025.731761000000
2024-05-01,61,1605914454,bd8b192d2081b77e148095c08dcc719e61c2d826,9,9,82719088369,82719.088369000000
2024-05-01,62,1024762134,57622d4c4be22ab9ad3da104dc281d738e6f5b6a,2,2,82382309664,82382.309664000000
2024-05-01,63,192994796,a5cd3bc3f3d34b3a716111643e19db88bfa649c7,2,2,80554604265,80554.604265000000
2024-05-01,64,1907620096,e85905d209c1ff09673b58479acea46b854d332b,1,1,80088890000,80088.890000000000
2024-05-01,65,1411531115,6b764ab1f7a5f0983713960588ed674b26874331,2,2,80000000000,80000.000000000000
2024-05-01,66,1892844843,8c0a4f64426ad7c61f76e013c7c4766a25fe6500,4,4,78363134511,78363.134511000000
2024-05-01,67,1653828913,70b659de9d99a8a9f39207208beb30212ebb3758,2,2,75000000000,75000.000000000000
2024-05-01,68,1485145305,6636f7d26e2543b10fe29d94697699929b5a0ab5,2,2,74558514365,74558.514365000000
2024-05-01,69,2011695279,46910c270199ead403d1e20f813be300fd4b9dfe,1,1,74240000000,74240.000000000000
2024-05-01,70,1093724693,eb3e088cf8469bf11772ba76e94ff073579e7043,1,1,74076362400,74076.362400000000
2024-05-01,71,2010542144,9594c7f358db61203bae063a5542ee7b0f18a26c,1,1,74000000000,74000.000000000000
2024-05-01,72,1767023581,25d35cf9a863d5b552c23bbdc1a2fb41d93d83cb,5,5,71260573158,71260.573158000000
2024-05-01,73,1714879497,88829bba0a86614bdeec583043bd84e1fdf9486e,4,4,66560260000,66560.260000000000
2024-05-01,74,732911744,c255e0a1be0a4b7b8bf5ebe8d0aba162cf75bae2,1,1,65378755114,65378.755114000000
2024-05-01,75,1829931135,660ad4b5a74130a4796b4d54bc6750ae93c86e6c,1,1,62500000000,62500.000000000000
2024-05-01,76,1825307005,51f6f9af44bc61c68717f0000cb936149e6bcfa5,8,8,61242310000,61242.310000000000
2024-05-01,77,1654850432,dd62115f601daebccfdd2aeed834513d8dc2f4e2,1,1,60006438811,60006.438811000000
2024-05-01,78,1994714516,dd85744136893a6104e1a9161f5d08496f583383,10,10,58300000000,58300.000000000000
2024-05-01,79,1946975868,92164cd938aff4d97ea2111dc24720dc77bdf226,190,190,56356601520,56356.601520000000
2024-05-01,80,979719746,1821f4c3d20c28dac9bca886180e46de8987ecf5,1,1,55103915689,55103.915689000000
2024-05-01,81,338989621,ea9cbf465ff3e8a01ef0f9374b6eb2869bad08c2,2,2,52000000000,52000.000000000000
2024-05-01,82,1931493969,6cc517884f0482fc9a13cf30ac212b56643dc4e8,9,9,51415077507,51415.077507000000
2024-05-01,83,1931317029,cb65c048db155d1d9ac81c14e64a29b6e4295659,6,6,50496750000,50496.750000000000
2024-05-01,84,1779454268,2e30e6b08675f709c3ff20b9a77456a24f046ccf,2,2,50247576600,50247.576600000000
2024-05-01,85,785780839,d682fb159a2cbc47de97a046d76391ddae104988,1,1,50212590310,50212.590310000000
2024-05-01,86,1569645789,beb69e7ac7f59bdb79b89fc94ed862c6b39f3c00,1,1,50025626152,50025.626152000000
2024-05-01,87,356411763,1a776c84d64ecada985c968c3589b3c8615a1e7c,1,1,50018567945,50018.567945000000
2024-05-01,88,1610347218,ebe2eb875eccfb50a99675420f58174ddf564cf7,1,1,50000000000,50000.000000000000
2024-05-01,89,1481484478,d84b4436b6aba0fa348c5cf35b4682448e94724a,1,1,49987956070,49987.956070000000
2024-05-01,90,1233670170,da5e1fe535f4e35c639b778f252ec928e45907f3,2,2,49909547886,49909.547886000000
2024-05-01,91,1570888321,41d7e3da4678ac1f5b7f607c9f6f2140b87adc7c,3,3,48237000000,48237.000000000000
2024-05-01,92,1968230563,8ff530b701deb2199d9f2d459219dfcf0df91c01,22,22,47693139999,47693.139999000000
2024-05-01,93,1912206300,69a4f85e8660a8cdbf8c30b87c9609cd34501f99,1,1,47277194871,47277.194871000000
2024-05-01,94,1214521926,b0ba33566bd35bcb80738810b2868dc1ddd1f0e9,1,1,45595428305,45595.428305000000
2024-05-01,95,1948299532,617eb09d7869de4ea8a9768c5c657ff7c2d80f97,2,2,41856210126,41856.210126000000
2024-05-01,96,990841651,42a1ef5ffdaf134eb958814e443db9c244375c8f,2,2,41693487249,41693.487249000000
2024-05-01,97,1849030604,0ed2cc2a14df153149b7a18e0055faf5ebd0e273,1,1,40622260395,40622.260395000000
2024-05-01,98,164198466,0e7518b332f469a6a2f59e690f225cef5157cca9,1,1,40041322756,40041.322756000000
2024-05-01,99,2003221395,8a47b71e9224e3e6bb6064717be1d4a04ea343e1,1,1,39996070000,39996.070000000000
2024-05-01,100,6653100,6d7ac63aaa7ba8925dcb3e44be6355261dcf688f,1,1,38969200444,38969.200444000000
2024-06-01,1,1557456534,6724c7ad21046f6c0d2491ae66ee4913d949fb76,13,13,48255967950000,48255967.950000000000
2024-06-01,2,2019661305,14768308d93b19ffc57cc9531cc011a7ae3d6328,18,18,12255505000000,12255505.000000000000
2024-06-01,3,1701243476,3244612a2dc0f9bc92898cc4ee6a8907f8a6f092,3,3,5249997000000,5249997.000000000000
2024-06-01,4,1885200974,01820d92f8f86947ca0454789172ad60e05817fa,2,2,5000000000000,5000000.000000000000
2024-06-01,5,2073425678,8c253bd96b99a23c2675cde67ea6fa3b2a84b900,16,16,3200000000198,3200000.000198000000
2024-06-01,6,2043485672,86cf6feedcdf573a9f934feda2129c4743b5e9ef,4,4,2754282990062,2754282.990062000000
2024-06-01,7,1965295080,45c720842b18b8aa1b5e8d2ec26f704156cc0b20,7,7,1812203880000,1812203.880000000000
2024-06-01,8,2045975079,dbffc0500a9b65d5d3dbda628d520018f26fa411,1,1,1800000000000,1800000.000000000000
2024-06-01,9,1946982400,3a09c40f8f7b93c8c7e09a5422e56dfe7c7d2794,1266,1266,1725932112977,1725932.112977000000
2024-06-01,10,1670031783,a6cefc0ffd2d1cd24568507a7a0174f1fba8d774,2,2,1375872240000,1375872.240000000000
2024-06-01,11,1608694010,87ce0f5047339a71a67ff7f6c0f5b58be86888e4,8,8,804976470000,804976.470000000000
2024-06-01,12,1822418344,3808ed452be1e6b81f18315b413e1860e68e0994,3,3,759473501178,759473.501178000000
2024-06-01,13,2076471256,2565ea4cf8ce4a39b13ce64559919e6ba002e7c7,8,8,700000000000,700000.000000000000
2024-06-01,14,1642228075,264bd8291fae1d75db2c5f573b07faa6715997b5,289,289,590313640000,590313.640000000000
2024-06-01,15,1664041946,c12e2672e65217285dee6a01e1374024be81c1cc,1,1,587234656008,587234.656008000000
2024-06-01,16,2046009259,46de2db88e2383bfbe98ab82deccc0a4f83e64e8,1,1,500425952311,500425.952311000000
2024-06-01,17,2046016389,a7e2825c03ca0d0c715adb88ea120678fc94b901,1,1,500425952311,500425.952311000000
2024-06-01,18,2046024153,d2ebf190e7c72dc77a8a9d6b21e8a4bc3bb69ff2,1,1,500425952311,500425.952311000000
2024-06-01,19,2047200661,671bbf7ca28251de1de2435d6c336280096ed449,1,1,500425952311,500425.952311000000
2024-06-01,20,2047228951,010bb94fe396d561fee23ee20ac3ece055a5ca3b,1,1,500424668480,500424.668480000000
2024-06-01,21,2047206001,c5aba510cf5e8f7d406b4f1a9e90d27df899ee69,1,1,500393318355,500393.318355000000
2024-06-01,22,2046953546,e26bdb2044c737b93d43e95c46df7abe2d846c6d,1,1,500393318355,500393.318355000000
2024-06-01,23,2046965080,f1fe0fc523a12c9f9135867b9169928f3069f039,1,1,500393318355,500393.318355000000
2024-06-01,24,2046018834,b5a73578ac3696bb156159c1d19c59d385dd9911,1,1,500336526447,500336.526447000000
2024-06-01,25,1908622474,95766ab09eee4d3992b45eda955f8ef93fd24913,3,3,373081013694,373081.013694000000
2024-06-01,26,9988114,71f12a5b0e60d2ff8a87fd34e7dcff3c10c914b0,2,2,335000000000,335000.000000000000
2024-06-01,27,990831186,8905cf3b70a9fdee93a3ca3055b90cab7ef90c90,6,6,303115746382,303115.746382000000
2024-06-01,28,2072879911,5453098043bda15b4251a4704fb0cf7ac313804f,1,1,299995000000,299995.000000000000
2024-06-01,29,1648432241,665020ed773606de174195132526880e32513eb1,2,2,294700480000,294700.480000000000
2024-06-01,30,1779454268,2e30e6b08675f709c3ff20b9a77456a24f046ccf,5,5,277432400306,277432.400306000000
2024-06-01,31,1573814235,cd2ad3da7f46aa60f9df3aadb6b64307b2c739e0,4,4,275000000000,275000.000000000000
2024-06-01,32,1258748949,bfcd86e36d947a9103a7d4a95d178a432723d6ad,5,5,270906794692,270906.794692000000
2024-06-01,33,739826022,d1abe4c71bc6ed7056908c65f23091ccd8c28310,2,2,233439791844,233439.791844000000
2024-06-01,34,1198111142,8fb1f3529913048dc50b25c33b2372decc389dd1,3,3,224832471622,224832.471622000000
2024-06-01,35,893044962,ee9536e8aea9384f1a8ddf655a7e9ee4579a160f,2,2,215000000000,215000.000000000000
2024-06-01,36,1946975868,92164cd938aff4d97ea2111dc24720dc77bdf226,440,440,175157273383,175157.273383000000
2024-06-01,37,726399,9378d3e602415bf52065696b98aee47b235f60c3,1,1,172415955638,172415.955638000000
2024-06-01,38,1485145305,6636f7d26e2543b10fe29d94697699929b5a0ab5,3,3,162359704762,162359.704762000000
2024-06-01,39,1732504705,a2d1c3d0d603d6f9de6e757bcd1fcdb6ede930d8,2,2,150000000000,150000.000000000000
2024-06-01,40,1610347218,ebe2eb875eccfb50a99675420f58174ddf564cf7,3,3,144999998344,144999.998344000000
2024-06-01,41,1911524367,4c53d78cdef0134c44f49daa1352023c5aca80dd,3,3,135154535516,135154.535516000000
2024-06-01,42,1550153471,7fe4b2632f5ae6d930677d662af26bc0a06672b3,1,1,133979664849,133979.664849000000
2024-06-01,43,1994714516,dd85744136893a6104e1a9161f5d08496f583383,10,9,133249000000,133249.000000000000
2024-06-01,44,2060895027,70fc82e54caf98e1248a8a1f28096b15479030c3,1,1,118590126202,118590.126202000000
2024-06-01,45,1955574926,f81a1da670f9d80887c24c3e783c4d7884cabcd2,2,2,118388136750,118388.136750000000
2024-06-01,46,1961401946,cb7b4b6f1d56c80703be0ddb8d9f86dfa36bdc0e,25,25,108668040400,108668.040400000000
2024-06-01,47,252166369,6286b9f080d27f860f6b4bb0226f8ef06cc9f2fc,1,1,101703965790,101703.965790000000
2024-06-01,48,883358873,6a99dadc216a83adb0191c264a1774e82fd31aff,3,3,100420397129,100420.397129000000
2024-06-01,49,922217202,a52b2b3a918effe74f02ffa3c166742af0b36ea7,1,1,100200000000,100200.000000000000
2024-06-01,50,864980928,7ea2bfbadd5bc500166482f7949e4d7f44f9d4ef,1,1,100095219323,100095.219323000000
2024-06-01,51,2076479858,57c1a03e0fc34a3a4dd7236eb5936aeb67f6aae7,2,2,100000000000,100000.000000000000
2024-06-01,52,1917652390,e5ebcde141e98c23c150bc350b72c23fdcb747c1,1,1,100000000000,100000.000000000000
2024-06-01,53,2076425760,089ad9015d0dcbd0eefed38bb89e61c88b5f0dd7,1,1,99933193814,99933.193814000000
2024-06-01,54,1812735599,e4516477adacc6682cf18069475f676a5b5667f9,1,1,99860021866,99860.021866000000
2024-06-01,55,1215057640,14f47866385d534d477113c071b5ac8e766e8ea7,1,1,97654210794,97654.210794000000
2024-06-01,56,1572766240,936c2a2128662c562663721eed63744336ea0ee0,2,2,96000000000,96000.000000000000
2024-06-01,57,1654850432,dd62115f601daebccfdd2aeed834513d8dc2f4e2,1,1,95143113014,95143.113014000000
2024-06-01,58,557910015,13ca2cf84365bd2daffd4a7e364ea11388607c37,3,3,94983283630,94983.283630000000
2024-06-01,59,1530078937,77b0dcf2d4defc1f2ab5431ab59fe7b46dc0ef6d,1,1,88443955968,88443.955968000000
2024-06-01,60,10779931,4282890ff9661a51ea367aeddf341c6f6395d4e1,1,1,85945495325,85945.495325000000
2024-06-01,61,1194314779,2a48d3be1b3603af83ff5f72df5b14b8cfd37164,4,4,82003607502,82003.607502000000
2024-06-01,62,1968230563,8ff530b701deb2199d9f2d459219dfcf0df91c01,19,19,80645782999,80645.782999000000
2024-06-01,63,1907620096,e85905d209c1ff09673b58479acea46b854d332b,1,1,80120820000,80120.820000000000
2024-06-01,64,1024762134,57622d4c4be22ab9ad3da104dc281d738e6f5b6a,1,1,77031447074,77031.447074000000
2024-06-01,65,1967594630,11e62d33d895ec7659f2e0bb62f0c5ac9f7e9323,2,2,70000000000,70000.000000000000
2024-06-01,66,2031561030,caf2f02bc435e20b55d4865f8dc46b4b26965c21,4,4,58664572164,58664.572164000000
2024-06-01,67,2063939148,8fd6eaff01d388470fc7dd0955897eb2f2ed51ce,1,1,50000000000,50000.000000000000
2024-06-01,68,2053905122,212e62646be027d96e2fd13b5869781bc1fff7c0,1,1,50000000000,50000.000000000000
2024-06-01,69,1233670170,da5e1fe535f4e35c639b778f252ec928e45907f3,7,7,49261462915,49261.462915000000
2024-06-01,70,1122320602,906b89c8b896ac490879dc1b1d4d62ff0f7cecf6,3,3,45000000000,45000.000000000000
2024-06-01,71,1102247695,359b0ceb2dabcbb6588645de3b480c8203aa5b76,1,1,40339259695,40339.259695000000
2024-06-01,72,192994796,a5cd3bc3f3d34b3a716111643e19db88bfa649c7,1,1,40306107905,40306.107905000000
2024-06-01,73,2042194300,26216d7eda34ae84259956da54c49a8078b0cf62,5,5,40000000000,40000.000000000000
2024-06-01,74,1492582263,a71b444cb0711738818c5bdcb6e0266148c30fb7,3,3,40000000000,40000.000000000000
2024-06-01,75,1948299532,617eb09d7869de4ea8a9768c5c657ff7c2d80f97,1,1,39341961654,39341.961654000000
2024-06-01,76,164198466,0e7518b332f469a6a2f59e690f225cef5157cca9,2,2,38990247949,38990.247949000000
2024-06-01,77,1986672226,7dc41767ec1bef791f114aa5eaceca129d3bbd06,2,2,35553480000,35553.480000000000
2024-06-01,78,259467639,36cc7b13029b5dee4034745fb4f24034f3f2ffc6,1,1,35362294421,35362.294421000000
2024-06-01,79,2050194142,65fb10a795a5af4e0e87c44a321fdfdd08d2b43c,1,1,35000000000,35000.000000000000
2024-06-01,80,2031941447,803db1b0533e0cf68d87d139dc5f9771c9dc20b4,22,22,33048160000,33048.160000000000
2024-06-01,81,1887824374,19d0a121931da01df5691e368d039c082d04fb11,7,7,29752000000,29752.000000000000
2024-06-01,82,1825307005,51f6f9af44bc61c68717f0000cb936149e6bcfa5,4,4,29187420000,29187.420000000000
2024-06-01,83,2058978353,19bfbcc8f59dfc72d8d960e0c3e2c273b7cffe2d,1,1,28200000000,28200.000000000000
2024-06-01,84,1957964890,2fddebe76d712de60d81a9ccdd6b475e96a08cf0,3,3,28000000000,28000.000000000000
2024-06-01,85,2046109856,bb737506b87daec48a15583dbe156ae27865ae62,2,2,27000000000,27000.000000000000
2024-06-01,86,1918988663,8f44524fe5fa0c0e746dcb2ba9045125da96a165,3,3,26110960000,26110.960000000000
2024-06-01,87,1382248467,cc771952fde840e30c6802734e5ad20479c2959f,2,2,25500000000,25500.000000000000
2024-06-01,88,1078533,1e0cabef79e70ddaca8859e9a33b306de1a368f9,3,3,25000000000,25000.000000000000
2024-06-01,89,849991188,17e6cb1ed2ba6e3449b67ad95e1fb4b4c8c1b6e4,2,2,24939348458,24939.348458000000
2024-06-01,90,2051714706,0f7a65e4f7053e9db8ff692800e371c40b9a4f19,9,9,24101010000,24101.010000000000
2024-06-01,91,1569645789,beb69e7ac7f59bdb79b89fc94ed862c6b39f3c00,1,1,24067712681,24067.712681000000
2024-06-01,92,2048316339,9da9c173f4c59a855a89e3fd7c4ca5b2c9dc6135,3,3,24009522149,24009.522149000000
2024-06-01,93,1931493969,6cc517884f0482fc9a13cf30ac212b56643dc4e8,4,4,23984700000,23984.700000000000
2024-06-01,94,2062702965,233ae30dee0019748342ffcadb430c7a379afec0,16,16,23730950000,23730.950000000000
2024-06-01,95,1920201078,29c2b5a457bdef049374a27b4763549c332669c5,11,11,21519680000,21519.680000000000
2024-06-01,96,1709915076,68c6cf7a28d3d1152d1a7e0ebad23dea3bc3d70c,4,4,20757848432,20757.848432000000
2024-06-01,97,1747032642,69f5ef7b3f5bc2777e11a3042d8db692760ca43b,2,2,20067984702,20067.984702000000
2024-06-01,98,1943448413,ec87cb17d0f183f1e38c5517df153a358f54ae2d,1,1,20000000000,20000.000000000000
2024-06-01,99,2069750409,d7f69d7bca363e59eb38b7fd98b040bff293ddba,1,1,20000000000,20000.000000000000
2024-06-01,100,10715014,00227dd82fae1220bdac630297753bb2cb4e8ddd,1,1,20000000000,20000.000000000000
2024-07-01,1,917002944,cffad3200574698b78f32232aa9d63eabd290703,1,1,39000000000000,39000000.000000000000
2024-07-01,2,1557456534,6724c7ad21046f6c0d2491ae66ee4913d949fb76,14,14,33810277850000,33810277.850000000000
2024-07-01,3,2078566235,85b0798233e1564fc169d4a511e81ba5f7202951,34,34,24817178854799,24817178.854799000000
2024-07-01,4,1552959565,b262f75dbbff55f14e2a50e2d9d751e213c81ed0,4,4,24700067000000,24700067.000000000000
2024-07-01,5,2019661305,14768308d93b19ffc57cc9531cc011a7ae3d6328,20,20,23923965442765,23923965.442765000000
2024-07-01,6,1908557390,149463398d8ecc45eef14765fbe0951ee358401c,7,7,21064065810114,21064065.810114000000
2024-07-01,7,750929270,ceb69f6342ece283b2f5c9088ff249b5d0ae66ea,1,1,17301473520000,17301473.520000000000
2024-07-01,8,1627698959,f2b26fdc5fa96094b3ed26dcb89c520cb63ccfea,3,3,15697316116669,15697316.116669000000
2024-07-01,9,2010058256,24e7bfd1454e7bdd59d945745aa3f6040c71d260,4,4,13852620280000,13852620.280000000000
2024-07-01,10,1851090349,e0b3b016fc9f6f87cd809d973896d9fd34b8de13,8,8,7299921000000,7299921.000000000000
2024-07-01,11,1416751466,50f532de14c0821cae807be938027b458ab23e17,5,5,5499993000000,5499993.000000000000
2024-07-01,12,2087474276,598dd0ff4c47423d0ced5b7f630ea9547d62d73b,2,2,3010975230164,3010975.230164000000
2024-07-01,13,2100562446,50fc9731dace42caa45d166bff404bbb7464bf21,3,3,3000061440000,3000061.440000000000
2024-07-01,14,1946982400,3a09c40f8f7b93c8c7e09a5422e56dfe7c7d2794,1447,1447,2325008921912,2325008.921912000000
2024-07-01,15,824896256,ad6eaa735d9df3d7696fd03984379dae02ed8862,5,5,2219441273404,2219441.273404000000
2024-07-01,16,1877493213,3af4a49c8e2fcaf33fd3389543b80d320fcc9091,3,3,2177091634492,2177091.634492000000
2024-07-01,17,1860454071,ca6d701c1665bfb9eaed95bea2706a322e34393a,2,2,2000000000000,2000000.000000000000
2024-07-01,18,2076471256,2565ea4cf8ce4a39b13ce64559919e6ba002e7c7,4,4,1768447357158,1768447.357158000000
2024-07-01,19,2097221890,0b448d322cf8ee41e89d1254c75801f792b6c595,1,1,1533218403111,1533218.403111000000
2024-07-01,20,1608694010,87ce0f5047339a71a67ff7f6c0f5b58be86888e4,10,10,1265868650000,1265868.650000000000
2024-07-01,21,1627695093,2b864b44fdc8b009394c3201b5ccfef991d8ad16,1,1,1073781760000,1073781.760000000000
2024-07-01,22,2105418322,405ec97f50aff8bf086d4d783c1a416da44debf3,2,2,999385650000,999385.650000000000
2024-07-01,23,1521522967,11c34d9c67162dd21273e8844c831f7b182026a6,6,6,810000000000,810000.000000000000
2024-07-01,24,1701243476,3244612a2dc0f9bc92898cc4ee6a8907f8a6f092,2,2,649997080000,649997.080000000000
2024-07-01,25,1411531115,6b764ab1f7a5f0983713960588ed674b26874331,3,3,641298324824,641298.324824000000
2024-07-01,26,1690157830,b9fdf953a975ca5f12ffedea4f5259c75ce2ebcf,2,2,610961695317,610961.695317000000
2024-07-01,27,2043485672,86cf6feedcdf573a9f934feda2129c4743b5e9ef,1,1,590955668916,590955.668916000000
2024-07-01,28,2047254715,05d00e79c5175f7bdf53d472ce3f34f5271b511a,1,1,500336526447,500336.526447000000
2024-07-01,29,2079746185,9e8045d58ce6b2a1948c53053e07d0e18d6f7e9e,3,3,500000000000,500000.000000000000
2024-07-01,30,759041535,bdfa4f4492dd7b7cf211209c4791af8d52bf5c50,5,5,450213567656,450213.567656000000
2024-07-01,31,2096789602,dfb36a4362ca5a3acfebd2ba7d54c9e1d4c69016,2,2,400293683404,400293.683404000000
2024-07-01,32,1964853392,54b21fbba2c36f50f03be1478a5d7e983ffac1bc,4,4,376377881532,376377.881532000000
2024-07-01,33,1657700560,c5bd7138680faa7bf3e6415944eecc074ced419f,4,4,368300940776,368300.940776000000
2024-07-01,34,9988114,71f12a5b0e60d2ff8a87fd34e7dcff3c10c914b0,2,2,337531685275,337531.685275000000
2024-07-01,35,2105357466,35f25077e7b1c67a697ae055a7dff269e9a70d9e,1,1,278632703228,278632.703228000000
2024-07-01,36,2068754123,b8de9d8bf4a936e58bb285a22a6e6e99182a7777,2,2,271668836512,271668.836512000000
2024-07-01,37,333465152,38484f74afed5fb86b6fa3517e7ff91ceeb6ae7e,4,4,267678718004,267678.718004000000
2024-07-01,38,1258748949,bfcd86e36d947a9103a7d4a95d178a432723d6ad,6,6,260511917546,260511.917546000000
2024-07-01,39,1511697381,72b2c54c7f83fa9cdb023131a95d96b1adec3126,2,2,253121941100,253121.941100000000
2024-07-01,40,442897664,42ecdd47265e5412973de30b074f9b944a1d8453,3,3,250035695156,250035.695156000000
2024-07-01,41,1642228075,264bd8291fae1d75db2c5f573b07faa6715997b5,195,195,246861955238,246861.955238000000
2024-07-01,42,1946975868,92164cd938aff4d97ea2111dc24720dc77bdf226,653,653,246639376135,246639.376135000000
2024-07-01,43,1776552733,8274f500543bc1dcf06c62d99436f47ecf9c9589,3,3,205314389856,205314.389856000000
2024-07-01,44,318531832,e867cc15f6d6839d1e479041fda51ffc6db764e6,2,2,201211329103,201211.329103000000
2024-07-01,45,893044962,ee9536e8aea9384f1a8ddf655a7e9ee4579a160f,1,1,200164519128,200164.519128000000
2024-07-01,46,2082855109,2ce9efff290734dc77e4148ad54b2bc68420e117,1,1,199999000000,199999.000000000000
2024-07-01,47,1776615152,f9423c9e0b8a54c225ba856ece2f204b550034d4,2,2,184493269157,184493.269157000000
2024-07-01,48,1752119764,a0d3d47dde707a0bb9bff66eb008339a91c5a15b,3,3,166986388815,166986.388815000000
2024-07-01,49,1929870291,e4acc2c563f0fc5c4de7411314100096f0b59abe,8,8,163813547168,163813.547168000000
2024-07-01,50,1752107905,44e4af343f56f001a3c783f98a10653fc55343e7,4,4,155268514775,155268.514775000000
2024-07-01,51,1439018217,f6e6c83ee7db137ed8dadd5d7bbc6b38220a6602,2,2,154952551200,154952.551200000000
2024-07-01,52,2107972118,bd69d65ebcaafb389f56946cde7f279cf43c370e,1,1,149250000000,149250.000000000000
2024-07-01,53,557910015,13ca2cf84365bd2daffd4a7e364ea11388607c37,4,4,148013807314,148013.807314000000
2024-07-01,54,1572766240,936c2a2128662c562663721eed63744336ea0ee0,7,7,139163320734,139163.320734000000
2024-07-01,55,1794435815,d04439f9310416a2519c14457257715c773067fe,3,3,136636724780,136636.724780000000
2024-07-01,56,1886697081,d648f38199f7858a7b6d073ca322bc8e7d4c710f,95,95,135086150000,135086.150000000000
2024-07-01,57,1627567421,ee23dc9140e42a6684ded0ba209d000756276198,1,1,123952995248,123952.995248000000
2024-07-01,58,760444945,c441424302f32b0f68f8d4a604bf3e7c01a5372b,2,2,120082766466,120082.766466000000
2024-07-01,59,1709915076,68c6cf7a28d3d1152d1a7e0ebad23dea3bc3d70c,4,4,117669834462,117669.834462000000
2024-07-01,60,1954346336,ebde91d75621db4a03342095937214ec07663c93,2,2,110043178442,110043.178442000000
2024-07-01,61,693148160,159584c7f2a479fe24801199f2861feb734e8efe,3,3,106738951600,106738.951600000000
2024-07-01,62,715373174,57bf3b0f29e37619623994071c9e12091919675c,1,1,101372485706,101372.485706000000
2024-07-01,63,2083131223,d8d47496512676369e757f0fb22c1fed01296004,1,1,100487000000,100487.000000000000
2024-07-01,64,1919228723,c8084f0227d4f857ec9d48c481abc040ec4a4f1f,2,2,100171329061,100171.329061000000
2024-07-01,65,2114161461,673aeef7099323a49ad7edded13a458661a60f95,1,1,99850636719,99850.636719000000
2024-07-01,66,1968230563,8ff530b701deb2199d9f2d459219dfcf0df91c01,22,22,99448580000,99448.580000000000
2024-07-01,67,9959019,96e3e323966713a1f56dbb5d5bfabb28b2e4b428,1,1,99250874139,99250.874139000000
2024-07-01,68,2050606668,511771c400290af39f9c0da785461ec976bcaf44,12,12,95971220000,95971.220000000000
2024-07-01,69,1432227981,b5aac1724b5d56cdc779245caf2a3553ae2f910a,6,6,88884246443,88884.246443000000
2024-07-01,70,1961401946,cb7b4b6f1d56c80703be0ddb8d9f86dfa36bdc0e,12,12,88000000000,88000.000000000000
2024-07-01,71,2090925901,465d7f907a7c232bcb6a4880f59a95c9919c266b,9,9,80000000000,80000.000000000000
2024-07-01,72,1911524367,4c53d78cdef0134c44f49daa1352023c5aca80dd,2,2,77473234730,77473.234730000000
2024-07-01,73,588260846,eff5e888b6ab3be117d3ea69c6f730d5275335dd,2,2,76892453343,76892.453343000000
2024-07-01,74,2041213248,65d2f4e61f9a33e89252e10f69dcc480f276db65,1,1,75036893192,75036.893192000000
2024-07-01,75,922217202,a52b2b3a918effe74f02ffa3c166742af0b36ea7,1,1,74985630848,74985.630848000000
2024-07-01,76,2031549269,ed3bf2f8b6f3b00abe19d279549754426d17bb9d,1,1,71608364130,71608.364130000000
2024-07-01,77,2099766751,b5373dd5da81f52b48b1acb70f8f265533c90edb,25,25,71536880000,71536.880000000000
2024-07-01,78,1006461073,8d7c908a9123f891924a55c58f0086e1be47baba,3,3,70000054591,70000.054591000000
2024-07-01,79,1194314779,2a48d3be1b3603af83ff5f72df5b14b8cfd37164,4,3,65000000000,65000.000000000000
2024-07-01,80,1752121226,2066dfe1a870db4c0e37b3df9f688792a241589d,2,2,62097309121,62097.309121000000
2024-07-01,81,1122320602,906b89c8b896ac490879dc1b1d4d62ff0f7cecf6,3,3,60500000000,60500.000000000000
2024-07-01,82,2064863710,4ff84dc54e9aa2cd0375d96d847fbae1e11925de,2,2,60033501466,60033.501466000000
2024-07-01,83,992914518,d0b8dfcf9da999db981a60a8da6584e8e52b757c,2,2,57079672237,57079.672237000000
2024-07-01,84,1015076284,c6f01a275879a57165f62bf67b779f8cf1e94411,1,1,53696749612,53696.749612000000
2024-07-01,85,1921833520,807af2539414fc50e111bf625d6e34aa8c007e38,1,1,52000000000,52000.000000000000
2024-07-01,86,2004749157,3c40f77420fffa1264042b0ed18687113cbeb0d7,2,2,50645000000,50645.000000000000
2024-07-01,87,1805763895,a03400e098f4421b34a3a44a1b4e571419517687,1,1,50171000000,50171.000000000000
2024-07-01,88,230193981,46340b20830761efd32832a74d7169b29feb9758,1,1,50027277547,50027.277547000000
2024-07-01,89,1907620096,e85905d209c1ff09673b58479acea46b854d332b,1,1,50010070000,50010.070000000000
2024-07-01,90,1383496501,6d1b0ba383cd362f180ccfe01733b19260ca2459,2,2,50005003921,50005.003921000000
2024-07-01,91,2106206457,aea2aa3809467f62e53803fd0fcf389846db20f1,1,1,50000000000,50000.000000000000
2024-07-01,92,2096781389,5268b83eb8c4e04d9bcc9ae01412773425e75056,1,1,50000000000,50000.000000000000
2024-07-01,93,1993550551,fd7c4fe1af2d353ec6f4c88cfbb476b134e117c9,2,2,47000000000,47000.000000000000
2024-07-01,94,2105610852,e1e3c88ff1e57e1b8ba136b73ba1b4bb41eff418,1,1,46112000000,46112.000000000000
2024-07-01,95,1967699296,87d7fcd968783387da09d2a24a44b1790b4c8c22,3,3,44900709133,44900.709133000000
2024-07-01,96,2093595398,177a07737b01d1529a1f3e475f7cdfcb826550c8,5,5,43414200000,43414.200000000000
2024-07-01,97,953974671,9dd7d26c9f58fc873a5ce8e4b08393279c8efaa0,1,1,39755462242,39755.462242000000
2024-07-01,98,2073257507,da837853909d480a98ea23e95304fd0a692e1c84,8,8,39392650000,39392.650000000000
2024-07-01,99,2101572854,901b451a4c740d42fc00e33f61145842501be0dd,2,2,35763231588,35763.231588000000
2024-07-01,100,1994714516,dd85744136893a6104e1a9161f5d08496f583383,3,3,35553737796,35553.737796000000
2024-08-01,1,1908557390,149463398d8ecc45eef14765fbe0951ee358401c,14,14,107529311154995,107529311.1549950000
2024-08-01,2,2105357466,35f25077e7b1c67a697ae055a7dff269e9a70d9e,9,9,28824602086342,28824602.086342000000
2024-08-01,3,1511697381,72b2c54c7f83fa9cdb023131a95d96b1adec3126,11,11,19218471137720,19218471.137720000000
2024-08-01,4,1557456534,6724c7ad21046f6c0d2491ae66ee4913d949fb76,2,2,12940093320000,12940093.320000000000
2024-08-01,5,1416751466,50f532de14c0821cae807be938027b458ab23e17,13,13,7500002000000,7500002.000000000000
2024-08-01,6,1877493213,3af4a49c8e2fcaf33fd3389543b80d320fcc9091,5,5,5001816038467,5001816.038467000000
2024-08-01,7,2143969016,d0cf0ee8cd506bd3b99f7b3845d258a0ebfdd114,1,1,5000000000000,5000000.000000000000
2024-08-01,8,2139115339,7f2123443bea420bf8bd6ce5215e0494e9f979e3,1,1,4999998840000,4999998.840000000000
2024-08-01,9,2143895947,dd2a7f62a077db45b5e9c5501d2cd015690df94e,1,1,4999996558783,4999996.558783000000
2024-08-01,10,-1589981,4a9864a3dc821dc02a82ca7f728b9d9689c0b646,1,1,4523624000000,4523624.000000000000
2024-08-01,11,2137041784,9e9f72637b738bd6df94416d168edb14ea10c18e,1,1,3999998490000,3999998.490000000000
2024-08-01,12,1701243476,3244612a2dc0f9bc92898cc4ee6a8907f8a6f092,4,4,3799997120000,3799997.120000000000
2024-08-01,13,2091865112,cc44c15dd283dbd375f0022e64914cc786ce3b30,13,13,3428080240620,3428080.240620000000
2024-08-01,14,2127752722,24a4632b6f58bd67bc6ffec8ffae682ecf5b26df,1,1,2999998600000,2999998.600000000000
2024-08-01,15,2138346107,f19a328ec0c6f0d14375d6634e08edefd7f596a3,1,1,2999998520000,2999998.520000000000
2024-08-01,16,2137064198,e2fe65ee306804a040508f9436dcd6c4742fe503,1,1,2999998500000,2999998.500000000000
2024-08-01,17,2140730785,3059f4664c8c7ad270f2afa58cfbf5392369b53d,1,1,2999995312696,2999995.312696000000
2024-08-01,18,2144093011,3c4c6dc82c7861e8c47543a22484ef694fdd6e26,1,1,2999986735599,2999986.735599000000
2024-08-01,19,2138414871,6eb3324b997a0013995e6c08d581c92f88b53cfa,1,1,2999984000000,2999984.000000000000
2024-08-01,20,1946982400,3a09c40f8f7b93c8c7e09a5422e56dfe7c7d2794,1088,1088,2662403421512,2662403.421512000000
2024-08-01,21,2134916475,8cf03fe504597846705c49644ba7c8bc5dc4efdc,1,1,2000002237000,2000002.237000000000
2024-08-01,22,2131269042,8d34492f0f49ee1072577e291644cde059a63535,1,1,2000002000000,2000002.000000000000
2024-08-01,23,2139058821,484eda9487eb4bc0a07aee05063194c43bece730,1,1,2000000000000,2000000.000000000000
2024-08-01,24,1153,36b0ca172da5a33201efdc398acf9dde8f29d69a,1,1,2000000000000,2000000.000000000000
2024-08-01,25,2138165483,a75d27a96a01361edee1b060bd6222777b5f1f5d,1,1,2000000000000,2000000.000000000000
2024-08-01,26,2139062806,64ab3d5a3753b679857b626496dd34288b8ebb05,1,1,2000000000000,2000000.000000000000
2024-08-01,27,2135913432,51041db8f32a3ae107a8695348b0db1933ee77c2,1,1,2000000000000,2000000.000000000000
2024-08-01,28,2136250402,590a0c36491fe17a10528a9e58b50281c0271875,1,1,2000000000000,2000000.000000000000
2024-08-01,29,2134748546,871adf8338cdaca5a71bb7a81d24efcebedad841,1,1,1999999162200,1999999.162200000000
2024-08-01,30,2138239485,cdad3a12e23141469f74606fd05648c25d224bcc,1,1,1999998541000,1999998.541000000000
2024-08-01,31,2138339556,6c5b4602361b59f2fb23b229a29426160795dd1e,1,1,1999998520000,1999998.520000000000
2024-08-01,32,2130224732,f763b96cc6437ac204e75c54278cfc5f525ed194,1,1,1999998490000,1999998.490000000000
2024-08-01,33,2127166122,f7eae041e837e086e2aaba29b32c4bec617e0046,1,1,1999995000000,1999995.000000000000
2024-08-01,34,2139140010,30edb60f4dfd4c82f0689d74bca14be987ae2238,1,1,1999965417914,1999965.417914000000
2024-08-01,35,1104780653,ee91da19b5202b49ea919b4886e2d8ef9e024662,8,8,1827930020326,1827930.020326000000
2024-08-01,36,1950033074,de4a931d33b77b8b6a3d414cef5a6615667d190e,1,1,1740000000000,1740000.000000000000
2024-08-01,37,2078566235,85b0798233e1564fc169d4a511e81ba5f7202951,3,3,1719186070000,1719186.070000000000
2024-08-01,38,1713817142,dd053b6237db0424e967c45fa6ed03ad727d8039,3,3,1692581865431,1692581.865431000000
2024-08-01,39,230193981,46340b20830761efd32832a74d7169b29feb9758,6,6,1642480002029,1642480.002029000000
2024-08-01,40,2144189518,492402ee6782189208e61f42f106d7b244a2e79d,1,1,1599992000000,1599992.000000000000
2024-08-01,41,924208855,67e022256e5de118994476a621d709d658b65f04,6,6,1500118327914,1500118.327914000000
2024-08-01,42,2127696897,0558e1f13573dabeefb1ad94dc3461b491944da9,1,1,1500000000000,1500000.000000000000
2024-08-01,43,2144268005,e929b7f64beaa57e33e3c6f9f98136ed85e913bd,1,1,1500000000000,1500000.000000000000
2024-08-01,44,2129252084,6343c3ec0c37b028ee3b33c23f8132d6078e1de9,2,2,1485205010000,1485205.010000000000
2024-08-01,45,2131639372,edefce1a0ea926657376ebc47b1b8c3a60305823,2,2,1270356466397,1270356.466397000000
2024-08-01,46,839887091,a5cce50b52eba6c30be3f18def74a98472ff3f3d,4,4,1240010024666,1240010.024666000000
2024-08-01,47,2134010660,697df49d10c429adde4d9afef9e6f238ef6c1d3a,1,1,1239998560000,1239998.560000000000
2024-08-01,48,2137138183,e919a2a73b43a0a790e3a36a3dfa2fbd06aeec13,1,1,1100000000000,1100000.000000000000
2024-08-01,49,2076479858,57c1a03e0fc34a3a4dd7236eb5936aeb67f6aae7,4,4,1056826199019,1056826.199019000000
2024-08-01,50,2144232180,e79d061f5680fc4b28b8c0e0b35c06978fdecdd3,1,1,1050987125500,1050987.125500000000
2024-08-01,51,2019661305,14768308d93b19ffc57cc9531cc011a7ae3d6328,2,2,1000980000000,1000980.000000000000
2024-08-01,52,1460276114,ee45528c53a65db1cd31da6e3cb483df265fbd9c,5,5,1000861480527,1000861.480527000000
2024-08-01,53,2132587115,b0d8b858e427f68779588eb06cc4ca013fe74006,1,1,1000001000000,1000001.000000000000
2024-08-01,54,2131201480,2083c823ade9c092bae5ff392971e5d4d6078754,1,1,1000000110000,1000000.110000000000
2024-08-01,55,2135852665,6943de88e84e9a6e7e342e9b704dc079ca554e35,1,1,1000000000000,1000000.000000000000
2024-08-01,56,2132445189,0b7a4aae5e8394e499e853457e9f5c11f0880c9f,1,1,1000000000000,1000000.000000000000
2024-08-01,57,2134721685,0a3fe641428a8868a059585655156d3e0088c21c,1,1,1000000000000,1000000.000000000000
2024-08-01,58,2131474247,0a2c68fad35886fe1159e0621af2b57fe225715b,1,1,1000000000000,1000000.000000000000
2024-08-01,59,2135571801,6280b8955a7b5f663df88cbd6e493223104565f5,1,1,1000000000000,1000000.000000000000
2024-08-01,60,2136748453,fd25943ed442ed3a5f0ebd5970b283da08265666,1,1,1000000000000,1000000.000000000000
2024-08-01,61,2130799119,f391276b84fe3ede2b0089bf7111e2f26166c14f,1,1,1000000000000,1000000.000000000000
2024-08-01,62,2133153066,867eb6bb18b2ce3bbd34a49e24820e171fe4d500,1,1,1000000000000,1000000.000000000000
2024-08-01,63,2132888760,772d5dfdceee75ce08c7feaf05d6141e8693cfd9,1,1,1000000000000,1000000.000000000000
2024-08-01,64,2127624153,564066e05b0d1de9c223c6451fd5e601bb0c8a95,1,1,1000000000000,1000000.000000000000
2024-08-01,65,2134892879,db36b7f7ef1d1dbbf7444ddff99d0cdcf0756357,1,1,999999208600,999999.208600000000
2024-08-01,66,2127757440,b51d560d66bcb59f5e7cf161ad1a0e792edf844a,1,1,999998600000,999998.600000000000
2024-08-01,67,2130029059,8a1d94d54c5b3a3b586491e8859b09b0fbc8cde5,1,1,999998440000,999998.440000000000
2024-08-01,68,2129931778,2c0bc5f81cc3413278e7e74d02653a5609ea5731,1,1,999998440000,999998.440000000000
2024-08-01,69,2127643084,a1833b8a413114e2440be78839c1ee31e5bd6061,1,1,999995000000,999995.000000000000
2024-08-01,70,2138200646,d41027ce348f9ddb1709b595cbf3b051b4f0ea20,1,1,999882420000,999882.420000000000
2024-08-01,71,2134969442,9f6cdea4dee7e7e4e34abe8b48b98ec62d6954f2,1,1,997268171500,997268.171500000000
2024-08-01,72,1608694010,87ce0f5047339a71a67ff7f6c0f5b58be86888e4,6,6,909861360000,909861.360000000000
2024-08-01,73,1550153471,7fe4b2632f5ae6d930677d662af26bc0a06672b3,1,1,860413806627,860413.806627000000
2024-08-01,74,1122320602,906b89c8b896ac490879dc1b1d4d62ff0f7cecf6,7,7,764573493528,764573.493528000000
2024-08-01,75,2130186038,a3041d3e494f8a6ed906a4ec15341a8ca3170caf,1,1,650000000000,650000.000000000000
2024-08-01,76,2141494928,f1c27377f93757f1d10208a15dd1a0797286ac4e,1,1,599818600000,599818.600000000000
2024-08-01,77,882940793,f89d7b9c864f589bbf53a82105107622b35eaa40,2,2,589286508246,589286.508246000000
2024-08-01,78,1385821618,6adbddcf2f4c0e8a34d3ae80362a54ed27b50194,3,3,575017020424,575017.020424000000
2024-08-01,79,1642228075,264bd8291fae1d75db2c5f573b07faa6715997b5,138,138,555123070000,555123.070000000000
2024-08-01,80,2065140742,943699090c395e8759beff3539767d200930177d,1,1,500445113148,500445.113148000000
2024-08-01,81,2124311980,3ba0bbf6317467c8da8d0022c42a02de13218f6e,1,1,500316412907,500316.412907000000
2024-08-01,82,2072944101,61f2421f173ac54ba940bf1649bdd4eec52e20f4,1,1,500279246920,500279.246920000000
2024-08-01,83,2127147310,a9f25c7c476068c7febd896290e3e4f74c4a0ab0,1,1,500242236350,500242.236350000000
2024-08-01,84,2127207144,4d87b97d6db3657afd7d5ccdc607fb8f52be77e4,1,1,500176821759,500176.821759000000
2024-08-01,85,2127739210,cc645611135ae15e73ce6fa1987cc5e2d2114199,1,1,500176821759,500176.821759000000
2024-08-01,86,2127729225,78f78520a961c9b49f2fed7bac8717a5273daecc,1,1,500176821759,500176.821759000000
2024-08-01,87,2127722501,be1d43b18381f2c03f5f2c0be39a942b8daf9cb9,1,1,500176821759,500176.821759000000
2024-08-01,88,2127720657,44a6d43821581683d3f43fadd524ec75d2685257,1,1,500176821759,500176.821759000000
2024-08-01,89,2127717240,6e993224ea4e17fba4a0a6e97894f5b3d2bb8a09,1,1,500176821759,500176.821759000000
2024-08-01,90,2129965052,c3e97b2dc46181febb3741e2fe2597b569340419,1,1,500166376593,500166.376593000000
2024-08-01,91,2127719868,520ca37e8898a47fd6924c71cbf0dd0962c6ea77,1,1,500151828539,500151.828539000000
2024-08-01,92,2130139940,0facd240ec63980c52d8e0a2fffe5519acce4e33,1,1,500150560423,500150.560423000000
2024-08-01,93,2130229820,26aec4a47ca785c206618debd748fb133a20e84f,1,1,500150560423,500150.560423000000
2024-08-01,94,2135008764,40a22ec96a3fea2473b07b3a98f00315cd396a09,1,1,500130511207,500130.511207000000
2024-08-01,95,2135085364,a075507ff91676b8e1a3b699bbb82dcea209f7be,1,1,500126303797,500126.303797000000
2024-08-01,96,2134996521,07d9909982dce01dcdc3b089309139d754b19a7c,1,1,500124158923,500124.158923000000
2024-08-01,97,2134985485,149fbcfd1e66276a42cfeead8d52919b9147383e,1,1,500124158923,500124.158923000000
2024-08-01,98,2131042802,7fee247820824c682ee0f9e8ecc910f0d4050f2a,1,1,500121095471,500121.095471000000
2024-08-01,99,2131032452,8fcb2e9a99635f70cdcd7194ea6753d6e6a8f9d0,1,1,500121095471,500121.095471000000
2024-08-01,100,2131059597,fed7018005fb2d77925571c4f049e5ed91be2a49,1,1,500121095471,500121.095471000000
2024-09-01,1,2105357466,35f25077e7b1c67a697ae055a7dff269e9a70d9e,24,24,57297740098556,57297740.098556000000
2024-09-01,2,1701243476,3244612a2dc0f9bc92898cc4ee6a8907f8a6f092,29,29,38972977829300,38972977.829300000000
2024-09-01,3,2019661305,14768308d93b19ffc57cc9531cc011a7ae3d6328,48,48,31795045233645,31795045.233645000000
2024-09-01,4,2144637251,7f9b19c676bd972302111f089593cf4aee250ce4,13,13,26298529864072,26298529.864072000000
2024-09-01,5,824896256,ad6eaa735d9df3d7696fd03984379dae02ed8862,12,12,11067938666345,11067938.666345000000
2024-09-01,6,1908557390,149463398d8ecc45eef14765fbe0951ee358401c,1,1,5000000000000,5000000.000000000000
2024-09-01,7,2087474276,598dd0ff4c47423d0ced5b7f630ea9547d62d73b,1,1,4999999000000,4999999.000000000000
2024-09-01,8,1950033074,de4a931d33b77b8b6a3d414cef5a6615667d190e,3,3,4284270456116,4284270.456116000000
2024-09-01,9,1946982400,3a09c40f8f7b93c8c7e09a5422e56dfe7c7d2794,725,725,1800084609342,1800084.609342000000
2024-09-01,10,1153711585,8fd589aa8bfa402156a6d1ad323fec0ecee50d9d,2,2,1300000000000,1300000.000000000000
2024-09-01,11,-30823512,40bc2934c848b91def7e9dcf91b404734d4e3a8a,1,1,1299867000000,1299867.000000000000
2024-09-01,12,1698984512,b61bb0c3f4afc30b1d8dbcb8767c0e38c4829322,2,2,1120814877400,1120814.877400000000
2024-09-01,13,-30834006,c1f905d4a33a7df37be0c32820e8649a56f13814,1,1,1000000000000,1000000.000000000000
2024-09-01,14,-26169570,4bc1fdb3afdc5cba2d7895af8662f81d1c8a0c75,1,1,979000000000,979000.000000000000
2024-09-01,15,2147362623,c4ee0723da9e4e2e27e33c6abd71cb137c86eeda,4,4,646265931533,646265.931533000000
2024-09-01,16,-6710482,fd57c36337dcd3f86ffb242d5129e33621fbb257,2,2,569942057132,569942.057132000000
2024-09-01,17,-35554228,8b8bee21806c3ab65c14a60fc23d8b37d938fb09,1,1,550000000000,550000.000000000000
2024-09-01,18,-16254951,570ff89b061c1569772e8b1e629a072e55f85b9c,1,1,500138981921,500138.981921000000
2024-09-01,19,-26203033,47f7103506c19fc63037c336671b6c79fffcdd9f,1,1,500138981921,500138.981921000000
2024-09-01,20,-30867331,d764cc9cbec18f17d3b41b8df9e5a5a573178b75,1,1,500103315743,500103.315743000000
2024-09-01,21,-30858850,64ff404503bc08acf3c1bc74c37ad55c154bf555,1,1,500101810226,500101.810226000000
2024-09-01,22,-26220113,e06703d4d35ad24ba1a50d02137a05a920434f36,1,1,500101810226,500101.810226000000
2024-09-01,23,-30855727,97ce84a708fbcce4f4dacab9dc1082796d21d590,1,1,500101810226,500101.810226000000
2024-09-01,24,-30873598,8af7bb312e0867bd2801314ad87ab09f42beeb48,1,1,500101810226,500101.810226000000
2024-09-01,25,-30876363,ea12f578c810648458effdb3d16cba142afff8f3,1,1,500101810226,500101.810226000000
2024-09-01,26,-7523031,2126d7325e106d2fbe0062cd02986433abd6d741,1,1,500077865924,500077.865924000000
2024-09-01,27,-1668736,b2a1f289328f9ac7bd3ca89944db3076bc19ff6f,1,1,500075008900,500075.008900000000
2024-09-01,28,-1693233,9a7dd0efb0a3d813fe77837877a9212eb1c67fa6,1,1,500064453607,500064.453607000000
2024-09-01,29,-1660024,6f30824d01224c85f78debf4d5df50a9ff04a0da,1,1,500064453607,500064.453607000000
2024-09-01,30,-1665360,de9ed6e5b1aa1b851e9b7b7e61318790bfe2841e,1,1,500064453607,500064.453607000000
2024-09-01,31,-1672046,be386df92a14710837758823dd0d8f4fb9c6b843,1,1,500064453607,500064.453607000000
2024-09-01,32,-1672603,01db1d452f2a60494fa735bb4cff254b146eacd8,1,1,500064453607,500064.453607000000
2024-09-01,33,2145397562,541bcfbb7c4fe5d2fc4ae7785c4cf15e75e6c808,1,1,500064453607,500064.453607000000
2024-09-01,34,-1676501,9831d8980cd0fb512fff4005ef65f56ef1299cc4,1,1,500064453607,500064.453607000000
2024-09-01,35,-1691111,60eac52c4a27e7de28352c8dba8b9846de057a96,1,1,500064453607,500064.453607000000
2024-09-01,36,-1658877,5f4d0ebf4af8cd0bdb2c1c9b7d207969381fcb31,1,1,500064453607,500064.453607000000
2024-09-01,37,-7527936,8489023a88aa88d4bd41713ed8e4e9dc48c34f4f,1,1,500019610619,500019.610619000000
2024-09-01,38,2145418251,7aaab243b5b0b0ba5b98cd600824750144ea451d,1,1,500005023300,500005.023300000000
2024-09-01,39,2145398379,9e8f4d799e5d71b38c0e2dad8473ba7bf57ffb1d,1,1,500005023300,500005.023300000000
2024-09-01,40,2145418289,763828d0d5f34350185ccf1d436e2e3c1b834405,1,1,500005023300,500005.023300000000
2024-09-01,41,2145401402,9f944932b97ef451d9bb6097c1636f4d3794fe15,1,1,500005023300,500005.023300000000
2024-09-01,42,-6284646,4b5a6c36d34c8eeb7fac835e18446f3130b20526,1,1,490433217608,490433.217608000000
2024-09-01,43,996303049,9b1c0a061efa8e07b7a120d78fd800e9ee11167d,2,2,489833059347,489833.059347000000
2024-09-01,44,1642228075,264bd8291fae1d75db2c5f573b07faa6715997b5,221,221,483807704988,483807.704988000000
2024-09-01,45,-8842076,aed6cb0a016b686e2e645d675bba43d76bc6d77c,7,5,450310384688,450310.384688000000
2024-09-01,46,1098424427,5bb2719f3282ec4ea21dc2d8d790c9ea6581f3d7,1,1,412281008459,412281.008459000000
2024-09-01,47,2120137241,707149a109c72aba60158b8e67170ddd00f6bc7a,2,2,401697727023,401697.727023000000
2024-09-01,48,-16198106,5dd8a468b3e9ca43fceabf540a862fa68dfa5fe1,1,1,400000000000,400000.000000000000
2024-09-01,49,2105561694,1da0d480df75d7f2d91b14bdea217cb39c000c0a,2,2,360758500000,360758.500000000000
2024-09-01,50,785780839,d682fb159a2cbc47de97a046d76391ddae104988,5,5,352648082258,352648.082258000000
2024-09-01,51,1993293668,810e1b6bbf3d74252af568bb28f3cf84f2450dda,1,1,340754918989,340754.918989000000
2024-09-01,52,1078533,1e0cabef79e70ddaca8859e9a33b306de1a368f9,4,4,339313455921,339313.455921000000
2024-09-01,53,-30326943,59b3c451a0b08572d57b2bff2f530730de747573,1,1,300000000000,300000.000000000000
2024-09-01,54,1648432241,665020ed773606de174195132526880e32513eb1,1,1,299313982944,299313.982944000000
2024-09-01,55,1727791009,08df0743db992e8d0840f502f8ffe45c36f4a636,3,3,299086587041,299086.587041000000
2024-09-01,56,1608694010,87ce0f5047339a71a67ff7f6c0f5b58be86888e4,2,2,281949598978,281949.598978000000
2024-09-01,57,546792932,c03b420ca87ddf9b6e3c538643b5be9b546e1bdd,5,5,279900200000,279900.200000000000
2024-09-01,58,2145208715,3cf1b79c63db6957de4c3e4137a8111fc98045a8,3,3,256228550000,256228.550000000000
2024-09-01,59,-28973408,8ccae62caaec4e96fb42b05ff6428d4eb4faecbf,1,1,250241589980,250241.589980000000
2024-09-01,60,1798215613,42a285ab44114ee4d76054056e4c7c78ae01befb,1,1,236000240000,236000.240000000000
2024-09-01,61,1730401276,2c231563564e7161c32e43bf74f43839cb256412,3,3,207479918474,207479.918474000000
2024-09-01,62,1943413107,0e98e281ecd00470da947af1e6384e5656bc48a2,2,2,204957705580,204957.705580000000
2024-09-01,63,2025680305,e57f72cf2d8f74ec01ebb152061816539bb17e39,1,1,204644334756,204644.334756000000
2024-09-01,64,1529629580,817e34c3bffddf8183cc421db4615f44999f555e,1,1,199967343050,199967.343050000000
2024-09-01,65,1174850403,7b7d80c40415f744864f051b806b466e2fbb8e68,1,1,199918023598,199918.023598000000
2024-09-01,66,1855554619,addb38203d5cc95b46aa690f94cb12fece0f9e8e,2,2,195076731612,195076.731612000000
2024-09-01,67,1908622474,95766ab09eee4d3992b45eda955f8ef93fd24913,2,2,194572251284,194572.251284000000
2024-09-01,68,-33527796,c8323c3f4f51e0af76966c8bbb0852f863cd1d0a,1,1,170000000000,170000.000000000000
2024-09-01,69,1801099854,9932337f43bc069e95815c4c1297e9754e9fde7f,4,4,158965672455,158965.672455000000
2024-09-01,70,1946975868,92164cd938aff4d97ea2111dc24720dc77bdf226,352,352,155109639761,155109.639761000000
2024-09-01,71,1736302120,709eeb993291da595cab6c737204bf3af9e094b9,1,1,153176644871,153176.644871000000
2024-09-01,72,2090925901,465d7f907a7c232bcb6a4880f59a95c9919c266b,15,15,140500000000,140500.000000000000
2024-09-01,73,2050606668,511771c400290af39f9c0da785461ec976bcaf44,7,7,131663620000,131663.620000000000
2024-09-01,74,1968230563,8ff530b701deb2199d9f2d459219dfcf0df91c01,20,20,126545350000,126545.350000000000
2024-09-01,75,1714879497,88829bba0a86614bdeec583043bd84e1fdf9486e,4,4,126266230000,126266.230000000000
2024-09-01,76,1731384346,8a53e6a76c7dec306b8197927debe604b009f1ed,4,4,126227170800,126227.170800000000
2024-09-01,77,896553832,a5866c754e42679d152e4eb33ce1163215ae1435,1,1,126014414776,126014.414776000000
2024-09-01,78,-20687533,57fde47b5973a1b503cc0f1eac487ae12138ac47,1,1,125000000000,125000.000000000000
2024-09-01,79,2099766751,b5373dd5da81f52b48b1acb70f8f265533c90edb,56,56,124819930000,124819.930000000000
2024-09-01,80,2070160409,1816d2153d12e0b847411b979c6a8a4a59dd37b7,1,1,120000000000,120000.000000000000
2024-09-01,81,1631396484,fef3fce25db2c1a7933b99cef105d201caf1a25c,2,2,119992712344,119992.712344000000
2024-09-01,82,1313306864,97b9d2102a9a65a26e1ee82d59e42d1b73b68689,3,3,112077794778,112077.794778000000
2024-09-01,83,609200427,12c846eff24615a170e40a0db9c2ec35900b8f19,3,3,104936159224,104936.159224000000
2024-09-01,84,2096686288,80787af194c33b74a811f5e5c549316269d7ee1a,7,7,102819170726,102819.170726000000
2024-09-01,85,1277117992,a05e21550eb86462388783047da318d2de20bbda,2,2,102003203689,102003.203689000000
2024-09-01,86,230193981,46340b20830761efd32832a74d7169b29feb9758,1,1,101954153549,101954.153549000000
2024-09-01,87,-7195057,53106deebe67455c0da039a30cb9a99193ba6924,2,2,100008170000,100008.170000000000
2024-09-01,88,-20463072,a9ab8155a368db7e4e4433e2bef8dad988dc4b80,2,2,99997018117,99997.018117000000
2024-09-01,89,2071453415,7b8e047dfa4b27314c6a7ea5067e356f38666089,1,1,99991993594,99991.993594000000
2024-09-01,90,1569645789,beb69e7ac7f59bdb79b89fc94ed862c6b39f3c00,1,1,99988403239,99988.403239000000
2024-09-01,91,868600462,4cfbc67571fd5960b080f68d364a825ff3d37c19,1,1,92135331823,92135.331823000000
2024-09-01,92,1382248467,cc771952fde840e30c6802734e5ad20479c2959f,4,4,89086056554,89086.056554000000
2024-09-01,93,-8661900,3bf2052d200e7475e64248803a3e15384d2a4c84,5,5,88884713113,88884.713113000000
2024-09-01,94,-10307339,2b590185e6b9f7374a85e10ecd26c31df3348b90,7,7,82497000000,82497.000000000000
2024-09-01,95,858206135,6a435e3fd842b76b266208ccbf96febf143d39ed,1,1,80024937399,80024.937399000000
2024-09-01,96,1929870291,e4acc2c563f0fc5c4de7411314100096f0b59abe,1,1,80010928267,80010.928267000000
2024-09-01,97,2071039603,887b3dc159a3cfe248c9040f35d5608d3b0e8bac,1,1,74995998399,74995.998399000000
2024-09-01,98,1654850432,dd62115f601daebccfdd2aeed834513d8dc2f4e2,2,2,73154629807,73154.629807000000
2024-09-01,99,1503055255,6d3b90747dbf5883bf88ff7eb5fcc86f408b5409,1,1,70958626631,70958.626631000000
2024-09-01,100,-27588336,cfc14fa81226074036622976d95897ff84b58d66,1,1,70618200749,70618.200749000000
2024-10-01,1,2105357466,35f25077e7b1c67a697ae055a7dff269e9a70d9e,24,24,132097000092642,132097000.0926420000
2024-10-01,2,1908557390,149463398d8ecc45eef14765fbe0951ee358401c,4,4,41098208311018,41098208.311018000000
2024-10-01,3,1701243476,3244612a2dc0f9bc92898cc4ee6a8907f8a6f092,27,27,39449995090000,39449995.090000000000
2024-10-01,4,2019661305,14768308d93b19ffc57cc9531cc011a7ae3d6328,57,57,34970526436083,34970526.436083000000
2024-10-01,5,1557456534,6724c7ad21046f6c0d2491ae66ee4913d949fb76,5,5,16831329486625,16831329.486625000000
2024-10-01,6,2010058256,24e7bfd1454e7bdd59d945745aa3f6040c71d260,2,2,10075731768088,10075731.768088000000
2024-10-01,7,1627698959,f2b26fdc5fa96094b3ed26dcb89c520cb63ccfea,1,1,10000000000000,10000000.000000000000
2024-10-01,8,2091002363,c1e9022628f8ec6b894335c6044226abd0baa292,2,2,9999811453831,9999811.453831000000
2024-10-01,9,-42393363,a4ec98bbf7da31dec204b72bf6c1b7d23f1001e6,3,3,4773157242440,4773157.242440000000
2024-10-01,10,824896256,ad6eaa735d9df3d7696fd03984379dae02ed8862,10,10,4628790635780,4628790.635780000000
2024-10-01,11,2078566235,85b0798233e1564fc169d4a511e81ba5f7202951,5,5,3848206370906,3848206.370906000000
2024-10-01,12,1908622474,95766ab09eee4d3992b45eda955f8ef93fd24913,19,19,3754671610981,3754671.610981000000
2024-10-01,13,839887091,a5cce50b52eba6c30be3f18def74a98472ff3f3d,9,9,2829790137091,2829790.137091000000
2024-10-01,14,1946982400,3a09c40f8f7b93c8c7e09a5422e56dfe7c7d2794,839,839,1748337387550,1748337.387550000000
2024-10-01,15,1423230696,bb226555fbb98850273b10b0cf55ad2f99966d20,5,5,1129104805819,1129104.805819000000
2024-10-01,16,-43458324,3c8b70c1832cc665c3c9ac164c9124dc919b72c7,2,2,1100001000000,1100001.000000000000
2024-10-01,17,702146262,2bebca90e8676c9e1bb5d51e35cf47e5555d40cc,3,3,1074097514568,1074097.514568000000
2024-10-01,18,-66738184,1ba7c400877e65dc7664590911a363e0b0bf5f4f,2,2,1013789930000,1013789.930000000000
2024-10-01,19,1670031783,a6cefc0ffd2d1cd24568507a7a0174f1fba8d774,2,2,1001932467433,1001932.467433000000
2024-10-01,20,924208855,67e022256e5de118994476a621d709d658b65f04,8,8,1001194930000,1001194.930000000000
2024-10-01,21,-70397665,d3683162000d322b764fed709680732aa268d5f1,1,1,999998770000,999998.770000000000
2024-10-01,22,1608694010,87ce0f5047339a71a67ff7f6c0f5b58be86888e4,5,5,871870460000,871870.460000000000
2024-10-01,23,1950033074,de4a931d33b77b8b6a3d414cef5a6615667d190e,1,1,850000000000,850000.000000000000
2024-10-01,24,1642228075,264bd8291fae1d75db2c5f573b07faa6715997b5,324,324,837231990000,837231.990000000000
2024-10-01,25,721968149,ebf6c10b74747f73abe5c22c6599b0e05fcd1c31,3,3,789927034019,789927.034019000000
2024-10-01,26,1938061703,7a58a92de0ae212ca6981f6e1228c8de91e2f8ae,3,3,680300000000,680300.000000000000
2024-10-01,27,1798215613,42a285ab44114ee4d76054056e4c7c78ae01befb,1,1,589998000000,589998.000000000000
2024-10-01,28,-32359389,03385ed68330fe6aa9c0198a5936f1c6c416434f,1,1,500320838692,500320.838692000000
2024-10-01,29,-57430694,48c45b6b3020ce5f7bf30ac635e3519c2e29e202,1,1,500167800000,500167.800000000000
2024-10-01,30,-39953448,aba20a616a173084d44587f70c82b695cd63dae0,1,1,500162697073,500162.697073000000
2024-10-01,31,-40642711,5ea7be2932f3a4c446f88500652aee46202ba016,1,1,500153136337,500153.136337000000
2024-10-01,32,-35577871,28281399c1ce65ee75e8c44f5bd32db137e833a3,1,1,500136868805,500136.868805000000
2024-10-01,33,-44770531,1c7d3f23c4bc68c426c7bf7b841b99912be60166,1,1,500131948811,500131.948811000000
2024-10-01,34,-40566599,d4573144375d933983d5b668c28901ecb12551d0,1,1,500000000000,500000.000000000000
2024-10-01,35,1918746918,6eb361f4b3a8484ec835e7ea96ac845cb2b6314b,1,1,500000000000,500000.000000000000
2024-10-01,36,-44735342,1c30cc67c3fac68f215b5395d37e8d912124f0ab,1,1,499998613802,499998.613802000000
2024-10-01,37,761703222,a23f54e0bb57a6114d831c080823f5fe2616cf98,1,1,499997240000,499997.240000000000
2024-10-01,38,-57455843,92a67a34172fb91fa87ffabec239584a13414606,1,1,473077995608,473077.995608000000
2024-10-01,39,1078533,1e0cabef79e70ddaca8859e9a33b306de1a368f9,5,5,443746704047,443746.704047000000
2024-10-01,40,1679330583,381812ea0ab537f8d8f4a21a138674c0227e9526,2,2,383325876169,383325.876169000000
2024-10-01,41,2090925901,465d7f907a7c232bcb6a4880f59a95c9919c266b,24,24,357700000000,357700.000000000000
2024-10-01,42,2131639372,edefce1a0ea926657376ebc47b1b8c3a60305823,2,2,352879000000,352879.000000000000
2024-10-01,43,2073610948,0893432da801d03a2bc2f39df9dfaea7a5cc5bdc,1,1,341120250324,341120.250324000000
2024-10-01,44,2045188785,a90296b8447138a876b36211da957474ce7bffad,3,3,312000000000,312000.000000000000
2024-10-01,45,813988487,85ac420773116e916e9671cb4ac1059635606cf2,3,3,300725080000,300725.080000000000
2024-10-01,46,652777954,9a83da4aff68643c5215ac6383cc026d90800262,5,5,298977000000,298977.000000000000
2024-10-01,47,1946975868,92164cd938aff4d97ea2111dc24720dc77bdf226,394,394,274439558005,274439.558005000000
2024-10-01,48,2122510944,a3d994c947109749f55da98aec43f88a38844250,1,1,250678272200,250678.272200000000
2024-10-01,49,2105561694,1da0d480df75d7f2d91b14bdea217cb39c000c0a,2,2,250000000000,250000.000000000000
2024-10-01,50,609200427,12c846eff24615a170e40a0db9c2ec35900b8f19,2,2,210402627271,210402.627271000000
2024-10-01,51,-40588402,892caf8eebe7d35c0f60b7383cc2bc24a7265860,1,1,208952000000,208952.000000000000
2024-10-01,52,-7195057,53106deebe67455c0da039a30cb9a99193ba6924,1,1,200000000000,200000.000000000000
2024-10-01,53,721949062,f369e7f75c2ac4edcf93f511294310383635b4bd,1,1,188474300000,188474.300000000000
2024-10-01,54,900728651,3523481702186c04740e50396d0e1c807ce36c57,3,3,168012664841,168012.664841000000
2024-10-01,55,1825307005,51f6f9af44bc61c68717f0000cb936149e6bcfa5,1,1,167254996393,167254.996393000000
2024-10-01,56,1968230563,8ff530b701deb2199d9f2d459219dfcf0df91c01,22,22,165560969999,165560.969999000000
2024-10-01,57,831350957,1164ce0bd345e28ac72ee6212ea4ecf560d88a4f,3,3,147000000000,147000.000000000000
2024-10-01,58,750929270,ceb69f6342ece283b2f5c9088ff249b5d0ae66ea,2,2,120010000000,120010.000000000000
2024-10-01,59,1382248467,cc771952fde840e30c6802734e5ad20479c2959f,3,3,116950451544,116950.451544000000
2024-10-01,60,1849030604,0ed2cc2a14df153149b7a18e0055faf5ebd0e273,2,2,111531804078,111531.804078000000
2024-10-01,61,2083803437,c58aaf264fd377c511898f69296a409a474050cf,8,8,103959430000,103959.430000000000
2024-10-01,62,1774733309,2c32f530ea48407ab3236790fb24693d12ae007b,1,1,100050000000,100050.000000000000
2024-10-01,63,2132782342,2efbb7d33c3ede51f7b082bd44abfd1c17318efe,1,1,100000000000,100000.000000000000
2024-10-01,64,-56377529,3222254a0f5e36680d7363fad496283d8703656e,2,2,99600000000,99600.000000000000
2024-10-01,65,-31274823,99f64ae12259e33c9a0750f1775a0fb5f2da9e36,2,2,99185471625,99185.471625000000
2024-10-01,66,-15770598,7fbdbdab59c94341578da20d625c2767a4fd693e,28,28,93300000000,93300.000000000000
2024-10-01,67,1698984512,b61bb0c3f4afc30b1d8dbcb8767c0e38c4829322,1,1,92137081200,92137.081200000000
2024-10-01,68,2129252084,6343c3ec0c37b028ee3b33c23f8132d6078e1de9,1,1,92136800000,92136.800000000000
2024-10-01,69,-50761859,7285d03fdc67f7f5b1fa7b6b14aefde16e47cece,13,13,88093431550,88093.431550000000
2024-10-01,70,602922095,564b31fe75510a1adb311aece4faa63346ed142c,2,2,83386664453,83386.664453000000
2024-10-01,71,2099766751,b5373dd5da81f52b48b1acb70f8f265533c90edb,54,54,80072560000,80072.560000000000
2024-10-01,72,1949315164,4fa2b394436efa33b82c0937f5cce8044602c0ea,2,2,77684907909,77684.907909000000
2024-10-01,73,-55299048,bbb90a300754f034d83dc3e92a68dd294f85e31b,23,23,72168250000,72168.250000000000
2024-10-01,74,-30694643,aafef9faa164cffcb1592c3940b9c003c7ec8190,13,13,71712027264,71712.027264000000
2024-10-01,75,-10515873,637454a3307eb81118e8c7cd87ef07d50c4af30d,21,21,67595186718,67595.186718000000
2024-10-01,76,2050606668,511771c400290af39f9c0da785461ec976bcaf44,18,18,66137480000,66137.480000000000
2024-10-01,77,2096686288,80787af194c33b74a811f5e5c549316269d7ee1a,5,5,63995452584,63995.452584000000
2024-10-01,78,2136574900,0439f5e80f5f0d25fe262f41520417d221bed581,9,9,55731192696,55731.192696000000
2024-10-01,79,-49561585,ef84103dd7a055e2bde462c9c5797234bab420eb,2,2,53048448500,53048.448500000000
2024-10-01,80,922217202,a52b2b3a918effe74f02ffa3c166742af0b36ea7,1,1,52702572342,52702.572342000000
2024-10-01,81,-65676739,4d701c9cc43bba3713b50d7ace4f7e08ffdf8494,1,1,45624480000,45624.480000000000
2024-10-01,82,1184311542,e61efa1d66700bed6445971493c9ce0fb1da3af8,2,2,43425099016,43425.099016000000
2024-10-01,83,1715476664,18f4e22162b4d50f0bdb756adb55e1db0368e398,1,1,40601000000,40601.000000000000
2024-10-01,84,2147416896,500d037a664e614812ccdc42bae29b68fb4b2f46,16,16,40418077060,40418.077060000000
2024-10-01,85,868600462,4cfbc67571fd5960b080f68d364a825ff3d37c19,1,1,38700095014,38700.095014000000
2024-10-01,86,-54158479,64401dd5bea9ed0d076e1abff5521c51571b7e56,33,33,37508070000,37508.070000000000
2024-10-01,87,-75235845,52e24191721239cee207015be9d34d047a5c23ed,1,1,37410720000,37410.720000000000
2024-10-01,88,1313306864,97b9d2102a9a65a26e1ee82d59e42d1b73b68689,1,1,36990132045,36990.132045000000
2024-10-01,89,1170634193,cf79f0050b958eec49ae6c64d11fe708cf54f1c2,2,2,35408872630,35408.872630000000
2024-10-01,90,-10307339,2b590185e6b9f7374a85e10ecd26c31df3348b90,2,2,34700000000,34700.000000000000
2024-10-01,91,1655572816,5a3373afed952034c50556a70067650156979507,1,1,34332091353,34332.091353000000
2024-10-01,92,1986672226,7dc41767ec1bef791f114aa5eaceca129d3bbd06,1,1,32279990000,32279.990000000000
2024-10-01,93,1773775441,9c6f28d7a2eb03dc82adc254ea57226b1295ce1d,5,5,30576990000,30576.990000000000
2024-10-01,94,1934957273,253e505ad13622c5af2c5149fb45b43a03caa40a,1,1,29971547439,29971.547439000000
2024-10-01,95,2109957449,74548187e10374c9099dddb5b2472234d42abfb8,1,1,29543494433,29543.494433000000
2024-10-01,96,1911524367,4c53d78cdef0134c44f49daa1352023c5aca80dd,1,1,29008378362,29008.378362000000
2024-10-01,97,-26921046,34e89dee1c891a3f167114c710f40ca066f46258,7,7,28893220000,28893.220000000000
2024-10-01,98,-55170975,3a6a8109b1fb298f92cb888217267d946f800e35,8,8,26900000000,26900.000000000000
2024-10-01,99,-49285954,3db19e81ed99ea168f88503a868bbd3894021432,2,2,26790000000,26790.000000000000
2024-10-01,100,2096897896,5008b832bb684080c5965c6a484ba75950be54d3,3,3,26100000000,26100.000000000000
2024-11-01,1,2010058256,24e7bfd1454e7bdd59d945745aa3f6040c71d260,1,1,28821459000000,28821459.000000000000
2024-11-01,2,2105357466,35f25077e7b1c67a697ae055a7dff269e9a70d9e,2,2,25719524510000,25719524.510000000000
2024-11-01,3,-84657944,50f94a8d8af75510184697ea5642d72bf829a77a,1,1,21300000000000,21300000.000000000000
2024-11-01,4,839887091,a5cce50b52eba6c30be3f18def74a98472ff3f3d,97,97,20425672145524,20425672.145524000000
2024-11-01,5,1627698959,f2b26fdc5fa96094b3ed26dcb89c520cb63ccfea,2,2,20000000000000,20000000.000000000000
2024-11-01,6,1701243476,3244612a2dc0f9bc92898cc4ee6a8907f8a6f092,15,15,16193913735600,16193913.735600000000
2024-11-01,7,2019661305,14768308d93b19ffc57cc9531cc011a7ae3d6328,16,16,6975533000000,6975533.000000000000
2024-11-01,8,824896256,ad6eaa735d9df3d7696fd03984379dae02ed8862,11,11,5698662779474,5698662.779474000000
2024-11-01,9,-84687883,2fd250c6ba87ae0515b0e20337bfd6dc5dab5cb6,1,1,4000392787766,4000392.787766000000
2024-11-01,10,-84677671,a4f0fde47ad42b23a48ff97c434202d2f80bd54d,1,1,4000392787766,4000392.787766000000
2024-11-01,11,-84671222,ec36a624f6ec683d20a73854cbf3d29e6c8e7893,1,1,4000392787766,4000392.787766000000
2024-11-01,12,2128205098,2c43a0c66729192d4b25209929b5feb53b6bedec,36,36,2874865108596,2874865.108596000000
2024-11-01,13,1642228075,264bd8291fae1d75db2c5f573b07faa6715997b5,193,193,2787624790000,2787624.790000000000
2024-11-01,14,-84690148,9ca0b051951efef998129443113af118f5b3adff,1,1,2508821650826,2508821.650826000000
2024-11-01,15,1877493213,3af4a49c8e2fcaf33fd3389543b80d320fcc9091,3,3,2316642868962,2316642.868962000000
2024-11-01,16,2106463634,2250a4987636cf3789ed68fe8da2adfd48a97baf,4,4,2000610093212,2000610.093212000000
2024-11-01,17,1798215613,42a285ab44114ee4d76054056e4c7c78ae01befb,2,2,1541422940000,1541422.940000000000
2024-11-01,18,1714879497,88829bba0a86614bdeec583043bd84e1fdf9486e,27,27,1526673710000,1526673.710000000000
2024-11-01,19,1608694010,87ce0f5047339a71a67ff7f6c0f5b58be86888e4,8,8,1487874930000,1487874.930000000000
2024-11-01,20,2091002363,c1e9022628f8ec6b894335c6044226abd0baa292,1,1,1389113940000,1389113.940000000000
2024-11-01,21,1104780653,ee91da19b5202b49ea919b4886e2d8ef9e024662,5,5,1186563459838,1186563.459838000000
2024-11-01,22,-102457666,2bf872abb058964f3c072599c0e596334c7fc445,1,1,1000000000000,1000000.000000000000
2024-11-01,23,-86027032,d88d33f65dde5f8c81189088c065d773c9314155,1,1,1000000000000,1000000.000000000000
2024-11-01,24,-110142542,b3fac7dd0978dd7856b974e6046a767b76520ea1,1,1,1000000000000,1000000.000000000000
2024-11-01,25,2078566235,85b0798233e1564fc169d4a511e81ba5f7202951,1,1,951994619054,951994.619054000000
2024-11-01,26,5056812,10feb6f3111197336bc64ad3d0a123f22719d58a,1,1,759999054464,759999.054464000000
2024-11-01,27,581135653,8d1b878509562fe8c097536e6e8da5bdeed05d1b,4,4,750160000000,750160.000000000000
2024-11-01,28,1917652390,e5ebcde141e98c23c150bc350b72c23fdcb747c1,2,2,601059984440,601059.984440000000
2024-11-01,29,948177696,d1a992417a0abffa632cbde4da9f5dcf85caa858,2,2,524451894020,524451.894020000000
2024-11-01,30,546792932,c03b420ca87ddf9b6e3c538643b5be9b546e1bdd,5,5,510000000000,510000.000000000000
2024-11-01,31,-67453580,e851db40525243a0c935a79cbaf00a14bb24587e,1,1,500209151251,500209.151251000000
2024-11-01,32,-97802352,9c0f173b56aa0333a3afbe1743c2c88fff7db25b,1,1,500052466004,500052.466004000000
2024-11-01,33,-84677561,e6ed7b735303b91160221aceabd108d35cab1eec,1,1,500049098470,500049.098470000000
2024-11-01,34,-84668350,378c76c0657595f9db9e21a140007fda6aac1916,1,1,500049098470,500049.098470000000
2024-11-01,35,-84664570,f7d6e7467693a66f1023fb5630008479fd8e5b31,1,1,500049098470,500049.098470000000
2024-11-01,36,-84663980,5fe14dccbb23b5c4bae13b7afd818fca51ff4b44,1,1,500049098470,500049.098470000000
2024-11-01,37,-84657423,b4a36ecde0a90a6a5780d0e663ff456b8909b1af,1,1,500049098470,500049.098470000000
2024-11-01,38,-84656882,8d0d80d4b5d41fbcac28753e3aa4bcf9e71ec633,1,1,500049098470,500049.098470000000
2024-11-01,39,-84667754,25b29eca6a9ea107902af4c16be4413dce8d91f1,1,1,500049098470,500049.098470000000
2024-11-01,40,-84684226,2fefe46968468bf4ad5553ff79a6fcb9cc86789d,1,1,500049098470,500049.098470000000
2024-11-01,41,-84679833,5051707247d1e164571212295bbdc1533003653d,1,1,500049098470,500049.098470000000
2024-11-01,42,-84685480,0fa3146885349a5f5ab126f9094375da283a4086,1,1,500049098470,500049.098470000000
2024-11-01,43,-84678419,567e2c28164b93efd1ce3e5f7200bd4a55d63bed,1,1,500049098470,500049.098470000000
2024-11-01,44,-84677750,9a8953714790232335331d433dae761ea138a2ca,1,1,500049098470,500049.098470000000
2024-11-01,45,-72270338,07674a2cf3cd65feabbb3b62469106be2f514f9e,1,1,500049098470,500049.098470000000
2024-11-01,46,-84614851,ccacf3f4a982d1b5540a12be82ac71e29b2539b3,1,1,500049098470,500049.098470000000
2024-11-01,47,-85102174,c089ddb3ec10d149da0027cbcc0829f0fb2c411a,1,1,500024673217,500024.673217000000
2024-11-01,48,-85116128,2a745b221f5699812a80bff35faef678c3474d44,1,1,500024673217,500024.673217000000
2024-11-01,49,-85132439,9c7074513bdb4d1a0d971631271d0763d140f473,1,1,500024673217,500024.673217000000
2024-11-01,50,-85141169,734fbd513da8709604f04ea966df564ffc18bf04,1,1,500024673217,500024.673217000000
2024-11-01,51,-85106362,4484d04a22f5a4cce942842b27174870feb1819a,1,1,500024673217,500024.673217000000
2024-11-01,52,-85698805,41cb6b2e0559bbbf7c67bb9dc17ae31c3677ab50,1,1,500013575318,500013.575318000000
2024-11-01,53,-85691503,143dd9c5fcd37d0fe6b91a00798b8f7a29e7603c,1,1,500013575318,500013.575318000000
2024-11-01,54,-86059030,7d2e2305770b87780b4a4f12287d4ef6ba0aa0b0,1,1,500009365325,500009.365325000000
2024-11-01,55,-85700901,ce120ee1c3a35c03e9f7c26f03e2374ecd9bb2e7,1,1,500009365325,500009.365325000000
2024-11-01,56,-93788452,a5115d69ff6716c168a88537a99dcc31dafcfb34,1,1,500005302906,500005.302906000000
2024-11-01,57,-102508672,50690c9ae9f07fb05f6da019faae589e07ae5330,1,1,500005010550,500005.010550000000
2024-11-01,58,-100076103,145a918fca71dbe7fbb003189a00a345ff1e2a49,1,1,500005010550,500005.010550000000
2024-11-01,59,-100018089,a1ac7e827b719a97cf44b0ab9e8029b02672bccd,1,1,500000000000,500000.000000000000
2024-11-01,60,-86044278,b5c055c25cff294a997f9b625c04774c4095fa25,1,1,494347073515,494347.073515000000
2024-11-01,61,2131639372,edefce1a0ea926657376ebc47b1b8c3a60305823,2,2,488637555268,488637.555268000000
2024-11-01,62,-70525809,a89ba7f3468fb553acdf3c87fd04c972997476c7,1,1,481863889941,481863.889941000000
2024-11-01,63,2096686288,80787af194c33b74a811f5e5c549316269d7ee1a,8,8,464148450789,464148.450789000000
2024-11-01,64,893044962,ee9536e8aea9384f1a8ddf655a7e9ee4579a160f,1,1,447056613695,447056.613695000000
2024-11-01,65,-98892073,f186792f09daad72d18a2b8e30387d1f9f944ae1,1,1,400000000000,400000.000000000000
2024-11-01,66,-7195057,53106deebe67455c0da039a30cb9a99193ba6924,1,1,400000000000,400000.000000000000
2024-11-01,67,1550153471,7fe4b2632f5ae6d930677d662af26bc0a06672b3,1,1,342779271661,342779.271661000000
2024-11-01,68,2076479858,57c1a03e0fc34a3a4dd7236eb5936aeb67f6aae7,3,3,300000711018,300000.711018000000
2024-11-01,69,1946982400,3a09c40f8f7b93c8c7e09a5422e56dfe7c7d2794,160,160,292241978410,292241.978410000000
2024-11-01,70,-84682411,25f4375ef0c34b19da1911a00d31bcc05fe5bc2d,1,1,282409215312,282409.215312000000
2024-11-01,71,1492582263,a71b444cb0711738818c5bdcb6e0266148c30fb7,3,3,241186763830,241186.763830000000
2024-11-01,72,-85135205,8c0b0ea299cace94fb7f5a960489ed3086b89383,1,1,240811405376,240811.405376000000
2024-11-01,73,-78787509,b208ad3866b16674b8ec8084ff186148d324a940,19,19,224415890000,224415.890000000000
2024-11-01,74,571301911,9d269caf80970c7e854c99db8b0c20868825546b,1,1,200000000000,200000.000000000000
2024-11-01,75,1938061703,7a58a92de0ae212ca6981f6e1228c8de91e2f8ae,4,4,192258727003,192258.727003000000
2024-11-01,76,1968230563,8ff530b701deb2199d9f2d459219dfcf0df91c01,19,19,188897780000,188897.780000000000
2024-11-01,77,1897247207,4a4e392290a382c9d2754e5dca8581ea1893db5d,1,1,185000000000,185000.000000000000
2024-11-01,78,1892844843,8c0a4f64426ad7c61f76e013c7c4766a25fe6500,2,2,180000361587,180000.361587000000
2024-11-01,79,1698984512,b61bb0c3f4afc30b1d8dbcb8767c0e38c4829322,1,1,178994710200,178994.710200000000
2024-11-01,80,9961727,849b5e5116f1c3e8adeb8ef85562233cce4c696b,2,2,175000000000,175000.000000000000
2024-11-01,81,1825307005,51f6f9af44bc61c68717f0000cb936149e6bcfa5,19,19,152599826985,152599.826985000000
2024-11-01,82,1683198988,cc8cf53648899b5dac6e0074b4da0057c7d887e1,2,2,151694846115,151694.846115000000
2024-11-01,83,1776211779,e159205b333475c7c40a0907b7313c486f07189d,1,1,148965803037,148965.803037000000
2024-11-01,84,2099766751,b5373dd5da81f52b48b1acb70f8f265533c90edb,73,73,144184570000,144184.570000000000
2024-11-01,85,1648432241,665020ed773606de174195132526880e32513eb1,1,1,139127400000,139127.400000000000
2024-11-01,86,1375616,31d173ea66fa8fba38b3ddb798c1c1098f3ae8c5,1,1,133107060934,133107.060934000000
2024-11-01,87,838213493,988cdf597ac3095868a943ff82980bb83fd291e3,1,1,127958711540,127958.711540000000
2024-11-01,88,-19540940,bac5548ab9fe2fda704a39d59fe1a39554788ff0,85,85,118255000000,118255.000000000000
2024-11-01,89,652777954,9a83da4aff68643c5215ac6383cc026d90800262,1,1,100085000000,100085.000000000000
2024-11-01,90,-105548430,71c1cb5c36605e1b83e8c4d21677c7747e070a26,1,1,99016543159,99016.543159000000
2024-11-01,91,494081559,dd84ce1adcb3a4908db61a1dfa3353c3974c5a2b,1,1,95713910000,95713.910000000000
2024-11-01,92,2145208715,3cf1b79c63db6957de4c3e4137a8111fc98045a8,1,1,94841490000,94841.490000000000
2024-11-01,93,2096984859,34a852a9446f2c138631d629b371995d93475f5b,1,1,94136170222,94136.170222000000
2024-11-01,94,1954378070,e5f9a0a808432041917bd800a81657ecda69bbe2,2,2,80000000000,80000.000000000000
2024-11-01,95,-97237125,7ba1d6a1187108fe69bb360edae6d47284ef5be3,1,1,77286329014,77286.329014000000
2024-11-01,96,831350957,1164ce0bd345e28ac72ee6212ea4ecf560d88a4f,2,2,74360090901,74360.090901000000
2024-11-01,97,1170634193,cf79f0050b958eec49ae6c64d11fe708cf54f1c2,4,4,71022575216,71022.575216000000
2024-11-01,98,922217202,a52b2b3a918effe74f02ffa3c166742af0b36ea7,1,1,70600616505,70600.616505000000
2024-11-01,99,1946975868,92164cd938aff4d97ea2111dc24720dc77bdf226,110,110,63126532837,63126.532837000000
2024-11-01,100,896303336,5f8e0020c3164fb7eb170d7345672f6948ca0ff4,2,2,59488896902,59488.896902000000
2024-12-01,1,1627698959,f2b26fdc5fa96094b3ed26dcb89c520cb63ccfea,2,2,40000000000000,40000000.000000000000
2024-12-01,2,824896256,ad6eaa735d9df3d7696fd03984379dae02ed8862,11,11,35496993370370,35496993.370370000000
2024-12-01,3,839887091,a5cce50b52eba6c30be3f18def74a98472ff3f3d,42,42,11583934153055,11583934.153055000000
2024-12-01,4,1701243476,3244612a2dc0f9bc92898cc4ee6a8907f8a6f092,8,8,10849981149000,10849981.149000000000
2024-12-01,5,-127716086,8b97983ebc60f826e29ab9bdbce828c81e8aa34b,9,9,6100878032755,6100878.032755000000
2024-12-01,6,1642228075,264bd8291fae1d75db2c5f573b07faa6715997b5,150,150,3947224590000,3947224.590000000000
2024-12-01,7,1938061703,7a58a92de0ae212ca6981f6e1228c8de91e2f8ae,18,18,3801307495962,3801307.495962000000
2024-12-01,8,-20887590,19c1607ade1c633b3b97e388be5c84e69242dc99,2,2,2651893390400,2651893.390400000000
2024-12-01,9,1829590492,ff4353feb26196f42eb37f137d3459d5e4bcfd24,1,1,2048367598026,2048367.598026000000
2024-12-01,10,-125253210,49b782de757293bcdb3a7b3e856937b927f0dfa0,1,1,2000000000000,2000000.000000000000
2024-12-01,11,1608694010,87ce0f5047339a71a67ff7f6c0f5b58be86888e4,11,11,1761738520000,1761738.520000000000
2024-12-01,12,-141246907,429f7b45ed2856bd85c59cc9a4a742087c510644,1,1,1450000000000,1450000.000000000000
2024-12-01,13,546792932,c03b420ca87ddf9b6e3c538643b5be9b546e1bdd,9,9,1111425530354,1111425.530354000000
2024-12-01,14,2109828759,f8116b3dbea89f6db0dd03cbd1b654e0a3803031,5,5,1034348000000,1034348.000000000000
2024-12-01,15,-128324020,554f28240763eebea0abfd064832af4e22a89f06,1,1,1000002090000,1000002.090000000000
2024-12-01,16,-119584852,68d1839c1fe16ef65dded426e8c54c6e191fa71a,1,1,1000000000000,1000000.000000000000
2024-12-01,17,-127238380,948f7ae5752c32bdca7af2252b01544b08340bc6,1,1,999993840000,999993.840000000000
2024-12-01,18,2045188785,a90296b8447138a876b36211da957474ce7bffad,3,3,999301940000,999301.940000000000
2024-12-01,19,1145636204,cdc8bbc2c740e44e9231dc3a8842800aa2433d18,1,1,702858871580,702858.871580000000
2024-12-01,20,1714879497,88829bba0a86614bdeec583043bd84e1fdf9486e,10,10,567193785595,567193.785595000000
2024-12-01,21,1638631700,ac638f849a6b8d2734cd11d1978bb7e9fb7a7fbe,1,1,550000000000,550000.000000000000
2024-12-01,22,-121768910,6d57daeeeb5d80c79eaa38f738e5377dc3a0fa48,1,1,530057690000,530057.690000000000
2024-12-01,23,-127323866,c0699032d2216f78cda5949aea3c69437903e30a,1,1,500186557681,500186.557681000000
2024-12-01,24,-128365640,9e0645dff83b927ba318606488f82df15964c790,1,1,500186557681,500186.557681000000
2024-12-01,25,-110163798,4e408fd756b939c91b252ae7086024a26a8a8d4e,1,1,500175917322,500175.917322000000
2024-12-01,26,-127319938,66a9078d91233ede176608ad7505e9532653bf26,1,1,500149873810,500149.873810000000
2024-12-01,27,-128360726,b4b32dc0330e0d4576b82ddf1e8d73ef66bddd9a,1,1,500125327706,500125.327706000000
2024-12-01,28,-104776014,0e7b5961ed5277678c66d06f201bfa14b5ca126d,1,1,500109113256,500109.113256000000
2024-12-01,29,-129959534,21784bf2c9015ccda0c31c332989a3f2e96b4f51,1,1,500056088341,500056.088341000000
2024-12-01,30,-119665910,db28bfc9afe459f96868af7664cea05a2eda1cb9,1,1,500040677609,500040.677609000000
2024-12-01,31,-111324561,bd08d34ac7e7c61f287403fa34ba63909bc4a13a,1,1,500040677609,500040.677609000000
2024-12-01,32,-102491241,174b9d453c859b945a3a7f81c03cd565ddd05d67,1,1,500034364861,500034.364861000000
2024-12-01,33,-119647502,6077a71c21fb9c9dce9025d7bdc3a263ac2a3146,1,1,500027792144,500027.792144000000
2024-12-01,34,-125306552,f1a15b01e7bf2dcccf9470e325cdba47970868fc,1,1,500027792144,500027.792144000000
2024-12-01,35,-125327961,24c99bd83deef9c14d59d5a8c1e8c95825062958,1,1,500027792144,500027.792144000000
2024-12-01,36,-125328403,c8619b09f518b0d7090d9051f4ffac0137ca42b0,1,1,500027792144,500027.792144000000
2024-12-01,37,-130152169,ee95c8d83ceda50e734b21db426edf1269d065f8,1,1,500025276477,500025.276477000000
2024-12-01,38,-125332936,3de507b367db197eaff6a6446eebeac01dfacee9,1,1,500012768376,500012.768376000000
2024-12-01,39,-130122271,42cfa2c4eda51eac5c9a6ce7423b3267b73db563,1,1,500000000000,500000.000000000000
2024-12-01,40,-138363652,2b1df8696b2ffffd86c6278ee52b60741445471c,1,1,490541189658,490541.189658000000
2024-12-01,41,-126304463,cdacfa804fb8f20c251e87659474a809207fbaf5,1,1,481218124688,481218.124688000000
2024-12-01,42,-48509034,baa89a36c36fbd046c1494bd7e979f6eb63c3401,2,2,330000000000,330000.000000000000
2024-12-01,43,119679338,40e652fe0ec7329dc80282a6db8f03253046efde,3,3,301250778108,301250.778108000000
2024-12-01,44,2096686288,80787af194c33b74a811f5e5c549316269d7ee1a,18,18,258478392807,258478.392807000000
2024-12-01,45,1521522967,11c34d9c67162dd21273e8844c831f7b182026a6,1,1,251420708773,251420.708773000000
2024-12-01,46,-122995501,ace7d554bbf71768e0e1e660988a424eb197e19e,2,2,250000000000,250000.000000000000
2024-12-01,47,609199762,e76d4f0b98755b704053940cb035ce0a1ad36160,1,1,250000000000,250000.000000000000
2024-12-01,48,1104780653,ee91da19b5202b49ea919b4886e2d8ef9e024662,1,1,242494731605,242494.731605000000
2024-12-01,49,571301911,9d269caf80970c7e854c99db8b0c20868825546b,1,1,213973697600,213973.697600000000
2024-12-01,50,2128205098,2c43a0c66729192d4b25209929b5feb53b6bedec,3,3,209990498434,209990.498434000000
2024-12-01,51,1787827591,2800499530a8e5872e08bd7a2dfa6be26c13c0a4,1,1,208298297819,208298.297819000000
2024-12-01,52,-119238781,6be3f33979f21154457da14eb894804bb969d67b,2,2,203091934203,203091.934203000000
2024-12-01,53,1974278510,196ff5bdef0adb23cec2ac6429f01c67774bd4f3,1,1,200100000000,200100.000000000000
2024-12-01,54,-141566427,48546b846f7ead9f112a36a3083b8a068d7bee49,1,1,200000000000,200000.000000000000
2024-12-01,55,1698984512,b61bb0c3f4afc30b1d8dbcb8767c0e38c4829322,1,1,183956129200,183956.129200000000
2024-12-01,56,1550153471,7fe4b2632f5ae6d930677d662af26bc0a06672b3,1,1,177958064014,177958.064014000000
2024-12-01,57,760444945,c441424302f32b0f68f8d4a604bf3e7c01a5372b,1,1,174592408940,174592.408940000000
2024-12-01,58,43506437,6cc5f688a315f3dc28a7781717a9a798a59fda7b,2,2,169602889244,169602.889244000000
2024-12-01,59,1917652390,e5ebcde141e98c23c150bc350b72c23fdcb747c1,1,1,152631415481,152631.415481000000
2024-12-01,60,-78787509,b208ad3866b16674b8ec8084ff186148d324a940,13,13,147262000000,147262.000000000000
2024-12-01,61,-105558005,bbd426ca2c3454560816ee555c8c93eedc16a43a,4,3,145885029458,145885.029458000000
2024-12-01,62,1968230563,8ff530b701deb2199d9f2d459219dfcf0df91c01,22,22,141633440000,141633.440000000000
2024-12-01,63,1648432241,665020ed773606de174195132526880e32513eb1,1,1,134926970000,134926.970000000000
2024-12-01,64,2068215945,e82687f5d4566225000d079182f41d45e910b7fb,10,8,134496399041,134496.399041000000
2024-12-01,65,-118382545,b19650708cfc7f79e1b37fca3e2b54fbc5b829b5,1,1,118000000000,118000.000000000000
2024-12-01,66,1503103039,591753cfdd48143cc4c6db39258ee15920eccae7,2,2,102232445880,102232.445880000000
2024-12-01,67,-119625474,265aefd659041e13133b2f2d423f92646b4522cb,1,1,101725000000,101725.000000000000
2024-12-01,68,1805763895,a03400e098f4421b34a3a44a1b4e571419517687,2,2,100201000000,100201.000000000000
2024-12-01,69,-134466664,e83a0dddb936d384c4a6206a5254b305e0f98b4d,1,1,100152349800,100152.349800000000
2024-12-01,70,-137148029,4fff7c51e8e93a2478a35232e4431aeaebb1e457,3,3,100020695968,100020.695968000000
2024-12-01,71,-123344462,651c6338503416d3238782f6560ef26b4aae54b1,3,3,100001000000,100001.000000000000
2024-12-01,72,-137418496,ca9b4399de91a9cf9c29b7ed04c6fa4915ad9173,1,1,99981362100,99981.362100000000
2024-12-01,73,-103804495,65274b96144bdb758d41defc2dc929fae2757059,41,41,94677880000,94677.880000000000
2024-12-01,74,-143817062,e13d1aee1629b79e997c26ae35499225f3c0f88d,1,1,89128110000,89128.110000000000
2024-12-01,75,1893202983,29ed2d47a4a80dcc44a91ff69a376ddbabd64ebd,1,1,85008729083,85008.729083000000
2024-12-01,76,1901410580,75abf5811428192628720d298e34d21d8c118391,1,1,74987344935,74987.344935000000
2024-12-01,77,-148714915,0bb2f8c26420bccc4256b1de875185c937304dc2,1,1,74987286660,74987.286660000000
2024-12-01,78,1432227981,b5aac1724b5d56cdc779245caf2a3553ae2f910a,3,3,71088900401,71088.900401000000
2024-12-01,79,-19540940,bac5548ab9fe2fda704a39d59fe1a39554788ff0,26,26,70600000000,70600.000000000000
2024-12-01,80,-98987921,cb445b71d49554191596324e29a4e2ce9a985cdc,25,25,69945880000,69945.880000000000
2024-12-01,81,1098424427,5bb2719f3282ec4ea21dc2d8d790c9ea6581f3d7,1,1,68420776916,68420.776916000000
2024-12-01,82,911638636,91b7f6b94554cf9e1dc041d9a15f5bec30b71166,3,3,64204032235,64204.032235000000
2024-12-01,83,-8661900,3bf2052d200e7475e64248803a3e15384d2a4c84,5,2,60102090726,60102.090726000000
2024-12-01,84,2053937868,491c9d7306d5b52d1eed7f93c5ef3a67f059558c,3,3,55581070000,55581.070000000000
2024-12-01,85,-10806270,5fd02ca2148151ea2f3ded1b9cd518a2eb4c88b1,21,21,51872490179,51872.490179000000
2024-12-01,86,-138502310,a2e4d705c0aa894b540810f5365636b9232944d1,1,1,49325230000,49325.230000000000
2024-12-01,87,-139106077,080ad406da5526fbe694a2fb7fba9d40585a318e,1,1,42141110000,42141.110000000000
2024-12-01,88,1891054178,55d2ee728640be0586c5f45a1586e8a15adc3d0d,3,3,40100223937,40100.223937000000
2024-12-01,89,-128306288,184e1b79ae0e0d6f9e6a365647eb2d4e45282574,1,1,38347396789,38347.396789000000
2024-12-01,90,-117004354,9bca0e53ca3aeef385c2650449701919324da50e,34,34,38316750000,38316.750000000000
2024-12-01,91,675846808,1112770b24396db6fd45a9548fd14c95b068ec21,3,3,38098411345,38098.411345000000
2024-12-01,92,-117944409,cf683660ec0fcd674cda9aad3cccdf67c370e0ca,37,37,36771436966,36771.436966000000
2024-12-01,93,9961727,849b5e5116f1c3e8adeb8ef85562233cce4c696b,4,4,34000000000,34000.000000000000
2024-12-01,94,2089510883,154b00c8a03bce50c2fbdfb45062f88d507aa34a,20,20,33207000000,33207.000000000000
2024-12-01,95,-140618317,238c6bbf4fe1fe2f42ca4a4977943312ff32cec3,1,1,32790920000,32790.920000000000
2024-12-01,96,-113993549,ba5ace6718c43266e23e80cafe7e2f438efa04d3,2,2,31586823000,31586.823000000000
2024-12-01,97,-140670474,b9a00a579acc135c0c6465778794232b3c8b84f2,1,1,31580490000,31580.490000000000
2024-12-01,98,1899966986,c7be26aba75daba73d9f4c202a16fb5ca7abc238,1,1,30003292377,30003.292377000000
2024-12-01,99,1840203915,2d7eff75a938e20c41311845898643185b1edacd,1,1,30000000000,30000.000000000000
2024-12-01,100,-119494998,2cc15441d9b2f0a82904142d684b590e536a7933,1,1,30000000000,30000.000000000000
2025-01-01,1,1701243476,3244612a2dc0f9bc92898cc4ee6a8907f8a6f092,18,18,18930048382000,18930048.382000000000
2025-01-01,2,1642228075,264bd8291fae1d75db2c5f573b07faa6715997b5,198,198,5163583365796,5163583.365796000000
2025-01-01,3,1698984512,b61bb0c3f4afc30b1d8dbcb8767c0e38c4829322,11,11,3775780872040,3775780.872040000000
2025-01-01,4,-127716086,8b97983ebc60f826e29ab9bdbce828c81e8aa34b,10,10,3231324940773,3231324.940773000000
2025-01-01,5,824896256,ad6eaa735d9df3d7696fd03984379dae02ed8862,6,6,2389298632069,2389298.632069000000
2025-01-01,6,839887091,a5cce50b52eba6c30be3f18def74a98472ff3f3d,8,8,2349981373855,2349981.373855000000
2025-01-01,7,2105561694,1da0d480df75d7f2d91b14bdea217cb39c000c0a,2,2,1547290810000,1547290.810000000000
2025-01-01,8,1939364348,05a30c71871a43693b6fa244d94fde840ec5e519,11,11,1192184564490,1192184.564490000000
2025-01-01,9,-183030901,9d427b189edf672b851647c4115f8284b817e551,1,1,1009005000000,1009005.000000000000
2025-01-01,10,-190992436,1072f140db6d7f49bbc361cc2abe0cf663ec4a4e,1,1,1000000000000,1000000.000000000000
2025-01-01,11,-189667587,1ba1c6873c240d32d9420b7788dc9139c89e1596,1,1,999997573244,999997.573244000000
2025-01-01,12,823058913,272c39c82ca9f10e5338a6ee75927cfe00c82e2c,2,2,760050155923,760050.155923000000
2025-01-01,13,-116940640,f4dc338b1b1184f84a461f0bb2f974fc90a81456,2,2,683500000000,683500.000000000000
2025-01-01,14,-187417919,fc6328f7ffffdd43d781c55afa16e71d82a4d50d,1,1,600000000000,600000.000000000000
2025-01-01,15,1638631700,ac638f849a6b8d2734cd11d1978bb7e9fb7a7fbe,2,2,553888072859,553888.072859000000
2025-01-01,16,922217202,a52b2b3a918effe74f02ffa3c166742af0b36ea7,1,1,530387037586,530387.037586000000
2025-01-01,17,-163951314,e4cc9d1843a7470b5acd9cab92033d35206fb9a1,1,1,500355895993,500355.895993000000
2025-01-01,18,-180369484,50493247f9cb1c51215155b7586fff7b1bc3e9d4,1,1,500333607839,500333.607839000000
2025-01-01,19,-141248437,2837c266495446ed4b01985ec13b69668c2c138b,1,1,500254929662,500254.929662000000
2025-01-01,20,-140651989,1d4613bb0ccc11ea6f0863c3a6fcb7ef29617cac,1,1,500254929662,500254.929662000000
2025-01-01,21,-141279485,da73f83e33d492036b6ba7653a567646986eea88,1,1,500254929662,500254.929662000000
2025-01-01,22,-180886054,b78891ef8c6dd0f1fa42ac48c98d0342ed8ebf41,1,1,500109075989,500109.075989000000
2025-01-01,23,-183081797,9d30288782f698f1216639cd474f4bc80b6bee50,1,1,500109075989,500109.075989000000
2025-01-01,24,-183070819,9e7b5f0f6f49aa5ac4a0cfca315e67e86152c612,1,1,500105198978,500105.198978000000
2025-01-01,25,-187511996,beefcceb30550a8366536ba50f39b5bcfea8acd4,1,1,500096765373,500096.765373000000
2025-01-01,26,-189695252,8e9570db6481e12bf1e95c232fead21eb5fbe601,1,1,500096765373,500096.765373000000
2025-01-01,27,-189698053,475b2527094aaf629beb3713ef9f3d622f8ea30c,1,1,500062962627,500062.962627000000
2025-01-01,28,-191053948,475e25508f2261949bcc877f45dea240fa7c379d,1,1,500049930585,500049.930585000000
2025-01-01,29,-190949788,20edb13f2874141ae4b6fc91ffdb319760abd718,1,1,500049930585,500049.930585000000
2025-01-01,30,-163404325,f13e4cb5752aa564afd55c61cb12e572866b8fdd,1,1,500019519461,500019.519461000000
2025-01-01,31,-163333347,7f8205a1cf6c4d693fd3c149dd75491541c51e96,1,1,500000000000,500000.000000000000
2025-01-01,32,1984132617,5f5fee81e063579a41b85403b020106645290cf4,1,1,499987197927,499987.197927000000
2025-01-01,33,-141282399,0b91119283a2e3a528ebd5c51c35c78a697e261c,1,1,473961398224,473961.398224000000
2025-01-01,34,1608694010,87ce0f5047339a71a67ff7f6c0f5b58be86888e4,5,5,451968130000,451968.130000000000
2025-01-01,35,92904642,233f1d0c0abb1eca410b6e1e7d2560cfd32b07b2,1,1,420000000000,420000.000000000000
2025-01-01,36,-31860478,f108b43716d37fbed9707edb01f751983e6bf102,1,1,400000000000,400000.000000000000
2025-01-01,37,1550153471,7fe4b2632f5ae6d930677d662af26bc0a06672b3,1,1,399929953903,399929.953903000000
2025-01-01,38,-133306857,c5be3c16c74ed368121a9e921a6ac842887ea50d,3,3,299863585778,299863.585778000000
2025-01-01,39,-142238495,37fb47b86279a8eceea5821fa4bb7f8229cc05e6,12,12,261998000000,261998.000000000000
2025-01-01,40,2096686288,80787af194c33b74a811f5e5c549316269d7ee1a,15,15,250055741569,250055.741569000000
2025-01-01,41,-138074366,5f58c795def173e3b4c8d760d2af1bcaaa5fdc2d,1,1,235000000000,235000.000000000000
2025-01-01,42,1560096395,80e8da5e535fd7b55eca133767fd1ab665a946f3,2,2,202949668440,202949.668440000000
2025-01-01,43,1208814034,86aef245207e2f93fba083d51852c91a7e711eb6,1,1,200600362998,200600.362998000000
2025-01-01,44,-123344462,651c6338503416d3238782f6560ef26b4aae54b1,1,1,199999000000,199999.000000000000
2025-01-01,45,1521522967,11c34d9c67162dd21273e8844c831f7b182026a6,1,1,186253345355,186253.345355000000
2025-01-01,46,1049815327,3dc606ce9cca12196917a3267a8ae7008e018958,1,1,175000000000,175000.000000000000
2025-01-01,47,546792932,c03b420ca87ddf9b6e3c538643b5be9b546e1bdd,8,8,174999999998,174999.999998000000
2025-01-01,48,-48509034,baa89a36c36fbd046c1494bd7e979f6eb63c3401,2,2,165676073503,165676.073503000000
2025-01-01,49,230193981,46340b20830761efd32832a74d7169b29feb9758,2,2,159732994023,159732.994023000000
2025-01-01,50,661547769,743d7b30661d65b41960bf6b5d1bb93cf7972a73,4,4,155569362559,155569.362559000000
2025-01-01,51,1714879497,88829bba0a86614bdeec583043bd84e1fdf9486e,4,4,152044270000,152044.270000000000
2025-01-01,52,1643304916,ed96e247655361031aee6514cd1b89c7141b59d5,1,1,149866824327,149866.824327000000
2025-01-01,53,1732504705,a2d1c3d0d603d6f9de6e757bcd1fcdb6ede930d8,2,2,144624090749,144624.090749000000
2025-01-01,54,545436186,d8d6ffe342210057bf4dcc31da28d006f253cef0,2,2,130100000000,130100.000000000000
2025-01-01,55,1648432241,665020ed773606de174195132526880e32513eb1,1,1,125822860000,125822.860000000000
2025-01-01,56,1923845365,be30bb9dadfd0ec64d641110a69fa6681d6294f4,1,1,120073776444,120073.776444000000
2025-01-01,57,461188356,6de1d63281a9a4796c52c8f38a528ee2cb6bacb4,2,2,117000000000,117000.000000000000
2025-01-01,58,1243229146,ca86f95eaba61198e4b540f39c6472335cef15fe,13,13,108900000000,108900.000000000000
2025-01-01,59,-103804495,65274b96144bdb758d41defc2dc929fae2757059,35,35,105448010000,105448.010000000000
2025-01-01,60,2109828759,f8116b3dbea89f6db0dd03cbd1b654e0a3803031,1,1,100038355231,100038.355231000000
2025-01-01,61,889015235,96977d15ee849bcbb23ea88f0517e1e4faad81d4,2,2,100028829433,100028.829433000000
2025-01-01,62,1460685931,98657c61eaf1bbf56ec870d7e3c1ae5f41f1b8c8,5,5,100000000000,100000.000000000000
2025-01-01,63,-175159960,464a9933407475429a63af2554e722054c243536,1,1,98512300000,98512.300000000000
2025-01-01,64,-117004354,9bca0e53ca3aeef385c2650449701919324da50e,42,42,94407616690,94407.616690000000
2025-01-01,65,1432227981,b5aac1724b5d56cdc779245caf2a3553ae2f910a,4,4,91350778634,91350.778634000000
2025-01-01,66,-179069734,5b8c487545483bc627b268a505f8febf2f898f77,1,1,90019990000,90019.990000000000
2025-01-01,67,-185304441,67e3ddc1f81a823284633ce93df234bbee697e7f,1,1,88116340000,88116.340000000000
2025-01-01,68,1289163641,4c9b43a5952a4944c3984ec81ac168bcd5ad2744,1,1,83318081101,83318.081101000000
2025-01-01,69,-180732640,aeb4850bdc87e0552c03fffbb8244cd5cb7671c0,1,1,76591210000,76591.210000000000
2025-01-01,70,1901410580,75abf5811428192628720d298e34d21d8c118391,1,1,75044387448,75044.387448000000
2025-01-01,71,-178184283,89c0d0886864d5a91e41a46b1e0cdeaafaefa8b9,2,2,71161710000,71161.710000000000
2025-01-01,72,-119570210,84b4e2c4f7c236b2d946204b22d71efebd28b544,1,1,70334671162,70334.671162000000
2025-01-01,73,-191946719,1fead726846a6206e4c1575e094db372c2bd54f7,2,2,67833670000,67833.670000000000
2025-01-01,74,1576198436,ca74f404e0c7bfa35b13b511097df966d5a65597,1,1,63417861029,63417.861029000000
2025-01-01,75,533700876,e5350e927b904fdb4d2af55c566e269bb3df1941,2,2,60724842504,60724.842504000000
2025-01-01,76,1978899679,17507072c2ee8bd8f6debd38d048c8a1887b39d4,3,3,60221157467,60221.157467000000
2025-01-01,77,-86147402,7dcf77dac7856f59e2fd33a41093aae5d519090a,22,22,60176210000,60176.210000000000
2025-01-01,78,-10806270,5fd02ca2148151ea2f3ded1b9cd518a2eb4c88b1,28,28,59922319051,59922.319051000000
2025-01-01,79,-194501104,8f9eda81460e44227b6dade9ba0712a6cb4dfef3,1,1,57185183100,57185.183100000000
2025-01-01,80,-162515885,8398b63838d49e6cb19855e5458a96a557317b7e,1,1,53025550000,53025.550000000000
2025-01-01,81,2100562446,50fc9731dace42caa45d166bff404bbb7464bf21,1,1,53000000000,53000.000000000000
2025-01-01,82,-193288879,2527e196a2f74720019a7e17641fd31197da42f2,2,2,52191573300,52191.573300000000
2025-01-01,83,-37137691,c2b8b3f0e0f835f82d9cc0def864fbaf7b9eb9de,9,9,50907430000,50907.430000000000
2025-01-01,84,1805763895,a03400e098f4421b34a3a44a1b4e571419517687,1,1,50025000000,50025.000000000000
2025-01-01,85,1078533,1e0cabef79e70ddaca8859e9a33b306de1a368f9,1,1,50000000000,50000.000000000000
2025-01-01,86,-128306288,184e1b79ae0e0d6f9e6a365647eb2d4e45282574,1,1,50000000000,50000.000000000000
2025-01-01,87,-17582150,37f6bf6559d25cd03cb8d3a4d68fc908702a0d2b,2,2,49985950000,49985.950000000000
2025-01-01,88,-189568753,d8fbe64e2527eec3924d88e694b9f35515a39f0d,1,1,47542290000,47542.290000000000
2025-01-01,89,9988114,71f12a5b0e60d2ff8a87fd34e7dcff3c10c914b0,1,1,47185273634,47185.273634000000
2025-01-01,90,-133742439,677f2df3e96150e251b21fee4532482f161944ac,17,11,46111460000,46111.460000000000
2025-01-01,91,-132712915,fe571bb879f465327849102aad381e9595184ca0,3,3,44087844509,44087.844509000000
2025-01-01,92,-186632136,8d0fb8298ca450f33d5c5f37e4b73035ab765315,2,2,41601490000,41601.490000000000
2025-01-01,93,-190301627,95995be21fc877f24544eea0325bcdff74765f7a,2,2,41281040000,41281.040000000000
2025-01-01,94,1774733309,2c32f530ea48407ab3236790fb24693d12ae007b,2,2,36970000000,36970.000000000000
2025-01-01,95,-182495745,5c9b9eafa8e3b0062efc0da13b9224e46f14c337,2,2,36913790000,36913.790000000000
2025-01-01,96,-159685539,cc6b2569b6bf2827f8fed3fb43f0cdb1d20f3cc6,14,14,36295830000,36295.830000000000
2025-01-01,97,1408344861,2d36a0131e3c90628230ae9199943be91d26836d,1,1,36083727623,36083.727623000000
2025-01-01,98,-84652300,dcb96609a6ebd0dd83e874ed72d74a1a5452e5d0,2,2,35000000000,35000.000000000000
2025-01-01,99,906631457,56311eecf9141d6135fc5a60f7de7145da6b61e3,2,2,34904514394,34904.514394000000
2025-01-01,100,-56723925,f6f5151d25a7a30e9c0462adde51def1a526e954,1,1,32992017852,32992.017852000000
2025-02-01,1,1642228075,264bd8291fae1d75db2c5f573b07faa6715997b5,743,743,89696510027602,89696510.027602000000
2025-02-01,2,-220036366,39fcb9d35beb58939619a4b27b83edece23fce50,1,1,49800000000000,49800000.000000000000
2025-02-01,3,839887091,a5cce50b52eba6c30be3f18def74a98472ff3f3d,153,153,40056883061376,40056883.061376000000
2025-02-01,4,1701243476,3244612a2dc0f9bc92898cc4ee6a8907f8a6f092,17,17,29949990840000,29949990.840000000000
2025-02-01,5,-3197481,603816c3c509007cf9265acf85df5927c49d6da4,32,32,28336025536805,28336025.536805000000
2025-02-01,6,930444523,3519ee4d387150f230baca90f5c50e9d296164c6,108,108,21199088060875,21199088.060875000000
2025-02-01,7,824896256,ad6eaa735d9df3d7696fd03984379dae02ed8862,25,25,20486293000000,20486293.000000000000
2025-02-01,8,1943309025,9071bfe89d0880edc21e977f3837b5503200f11d,184,183,14276020053275,14276020.053275000000
2025-02-01,9,1231067748,f28e1b06e00e8774c612e31ab3ac35d5a720085f,3,3,14009990235119,14009990.235119000000
2025-02-01,10,866510438,4bb7f4c3d47c4b431cb0658f44287d52006fb506,3,3,12816371229036,12816371.229036000000
2025-02-01,11,1966848499,96fc07d730b514d5318eddd94289578d4545505e,16,16,12423043816685,12423043.816685000000
2025-02-01,12,1984319186,6025ad293fcfda90c2d152a3c120a472441a3693,8,8,6850514056363,6850514.056363000000
2025-02-01,13,1423230696,bb226555fbb98850273b10b0cf55ad2f99966d20,8,8,6126604731424,6126604.731424000000
2025-02-01,14,2087938568,405f9b83eb1f5dc43329ca90e58337d1ae022543,18,18,5267856815852,5267856.815852000000
2025-02-01,15,1965241174,f991acd672d5b344afcb29931af6401ed32e2691,4,4,5063233524408,5063233.524408000000
2025-02-01,16,1922436897,198b6f2515ad7d39543916ca24c3a1a8bcc282ba,8,8,4565407348517,4565407.348517000000
2025-02-01,17,1804318336,a8c18057c5aaaaff6000d28a057a6994b2e09bfb,2,2,4246704992233,4246704.992233000000
2025-02-01,18,1984132617,5f5fee81e063579a41b85403b020106645290cf4,8,8,4098767658121,4098767.658121000000
2025-02-01,19,-220090411,ed20df1aacf3158304893d14e63114024d9b3277,1,1,4000323917828,4000323.917828000000
2025-02-01,20,-220096880,98e99f399bebbfb2639d9321c0ddf62292f669a4,1,1,4000323917828,4000323.917828000000
2025-02-01,21,-220119233,3239fc7dca824efa8985f2346e3aadcc6fc51c22,1,1,4000323917828,4000323.917828000000
2025-02-01,22,-220091741,1a4f2f8942f136de74ecdceac9033ea89038a519,1,1,4000323917828,4000323.917828000000
2025-02-01,23,-220096523,b4adb7354da06e100fd5ebacc30f6abcafb7bf6e,1,1,4000323917828,4000323.917828000000
2025-02-01,24,-220116441,fa8d29f8577195af51def35a01f3e92922c263df,1,1,4000323917828,4000323.917828000000
2025-02-01,25,-220111176,57b3af404e971f73de8952a8bf097d8f65f51ebc,1,1,4000323917828,4000323.917828000000
2025-02-01,26,-220110885,34e3cb24437b2473ba1f442c7914c415d0c8ae0f,1,1,4000323917828,4000323.917828000000
2025-02-01,27,-220092797,9531e3a5c2185f2398207558a4fbe6fa65124fdb,1,1,4000323917828,4000323.917828000000
2025-02-01,28,-220089875,4a369033987831d3569ca2aed04b4ebdafdbeb44,1,1,4000323917828,4000323.917828000000
2025-02-01,29,-220109391,17b28d0d0402dc6b343919328ab751bbc1e9aa24,1,1,4000323917828,4000323.917828000000
2025-02-01,30,1452193919,a87a233e8a7d8951ff790a2e39738086cb5f71b7,2,2,3796160112131,3796160.112131000000
2025-02-01,31,1036539257,1be3d6c73e7af74a0ab818c4a95bd72f058f320a,3,3,3787501495953,3787501.495953000000
2025-02-01,32,2006915183,f7d7072951c613e410342f0b651d259fc6839240,9,9,3565565579240,3565565.579240000000
2025-02-01,33,1877493213,3af4a49c8e2fcaf33fd3389543b80d320fcc9091,3,3,3483765273637,3483765.273637000000
2025-02-01,34,-55706866,a9998828191448f2bc20b335b776d434d86f7668,21,21,3441734687178,3441734.687178000000
2025-02-01,35,1968477945,c7b640db892c3429c2a0f9817101881e75ddf192,6,6,3302084911093,3302084.911093000000
2025-02-01,36,497816519,b4fb31e7b1471a8e52dd1e962a281a732ead59c1,1,1,3300603222764,3300603.222764000000
2025-02-01,37,-218392677,c637facba69d9082e5062111a044af0669a2f9b8,1,1,3000000000000,3000000.000000000000
2025-02-01,38,2117633678,a9ed0db00e5c29e7e18a55db159ea33fb5fea60a,2,2,2999948865916,2999948.865916000000
2025-02-01,39,1959562336,f8e88a385bdeb243dbbf6db2d3876f0ea123c9ce,4,4,2915009010888,2915009.010888000000
2025-02-01,40,1698984512,b61bb0c3f4afc30b1d8dbcb8767c0e38c4829322,17,17,2517537598026,2517537.598026000000
2025-02-01,41,1713817142,dd053b6237db0424e967c45fa6ed03ad727d8039,4,4,2499995980000,2499995.980000000000
2025-02-01,42,1669482910,f078969e55cabf9ae3f26afeb5ec627b4430f19e,3,3,2398750208005,2398750.208005000000
2025-02-01,43,2056386871,2ae08196c5323f5cd1a792de2124914ff4704e03,2,2,2339445882212,2339445.882212000000
2025-02-01,44,-127716086,8b97983ebc60f826e29ab9bdbce828c81e8aa34b,6,6,2057942860603,2057942.860603000000
2025-02-01,45,-218931886,bc734f210df22b5da9f4f557e15731408bc60bbb,1,1,2000000000000,2000000.000000000000
2025-02-01,46,-202554112,a8f392eb8349da636eed33de3fbd19235eac08d1,1,1,1999998350000,1999998.350000000000
2025-02-01,47,531407942,5ec6abff9bb4c673f63d077a962a29945f744857,3,3,1998714969442,1998714.969442000000
2025-02-01,48,-221897212,992957c5211bade3a58096b3c6987b98942706d3,1,1,1998313258243,1998313.258243000000
2025-02-01,49,-221701520,63e4046f5fd40819b6242727da7316da77ffc923,1,1,1959995207839,1959995.207839000000
2025-02-01,50,608648476,2326d4fb2737666dda96bd6314e3d4418246cfe8,2,2,1750647734603,1750647.734603000000
2025-02-01,51,546792932,c03b420ca87ddf9b6e3c538643b5be9b546e1bdd,5,5,1700002137798,1700002.137798000000
2025-02-01,52,1388736716,ee5bcbd8ce33348bb4753da9c372c76c18d29141,26,26,1687035437823,1687035.437823000000
2025-02-01,53,494081559,dd84ce1adcb3a4908db61a1dfa3353c3974c5a2b,9,9,1630112270888,1630112.270888000000
2025-02-01,54,-217205991,f197ada3215d05f7fea55723f0560af31985562e,1,1,1500000000000,1500000.000000000000
2025-02-01,55,2078593672,0177cbd79ff38beb8313de0e5d35465f82ecc640,1,1,1499211759729,1499211.759729000000
2025-02-01,56,-217209578,75cd5949658b1589250783eb31c8ec4505b50c62,1,1,1498970000000,1498970.000000000000
2025-02-01,57,1939364348,05a30c71871a43693b6fa244d94fde840ec5e519,12,12,1492738695296,1492738.695296000000
2025-02-01,58,-177914333,ad58ae5dbc928021fb6e9daba2602b3c4a2eb7ab,2,2,1389037749664,1389037.749664000000
2025-02-01,59,-197071354,ca57f523799d5d458619084b845e7f6805192d9e,1,1,1299160316691,1299160.316691000000
2025-02-01,60,1707667532,1f9b1b84fe59fce1dba1ac2542c725bf23215f22,5,5,1291706219845,1291706.219845000000
2025-02-01,61,1712565812,8a25d8c9fa8c7a726137f2d618d85cbc2c083f78,1,1,1284762438011,1284762.438011000000
2025-02-01,62,1608694010,87ce0f5047339a71a67ff7f6c0f5b58be86888e4,7,7,1163963670000,1163963.670000000000
2025-02-01,63,-222039576,ab07b89cf8cef1bca788802faaf1c8d847390308,4,4,1147709624499,1147709.624499000000
2025-02-01,64,-134462642,d97ebcca50b354e03ed5c5dcd7a7cc3a9861d307,11,11,1114781124257,1114781.124257000000
2025-02-01,65,-210070449,c7c7fbe3a719369d1a6bdb5e1eea1c1598b8a8c3,1,1,1100000000000,1100000.000000000000
2025-02-01,66,-216704104,057c091fc84daeb6bbd3c01252f298cb2bedc3f1,1,1,1100000000000,1100000.000000000000
2025-02-01,67,-181460516,9ee0ba5d51265d37a447840b6cffb77b79ac0fb5,2,2,1020255281653,1020255.281653000000
2025-02-01,68,-206875868,cdc95d59a195cce5db4f4676a6161425e18aef46,1,1,1000000000000,1000000.000000000000
2025-02-01,69,-217096547,414eb834d2c089811edb078ef53f3c77beeb03a6,1,1,1000000000000,1000000.000000000000
2025-02-01,70,-206507138,69c0665a21d821acf190b3a2cdc02cfdacdd602c,1,1,1000000000000,1000000.000000000000
2025-02-01,71,-212590049,7116c51147f50cbae7614b994fc5b087290f7ee2,1,1,1000000000000,1000000.000000000000
2025-02-01,72,-213960133,b95895023097d91aaf54d7f09053089f60cc3b67,1,1,1000000000000,1000000.000000000000
2025-02-01,73,-207351806,6894c246a8b7a745e6f4bcaa9cac027a4b8a29d5,1,1,1000000000000,1000000.000000000000
2025-02-01,74,-204453004,d88368269348c937ebbf2dac18773470afab58af,1,1,1000000000000,1000000.000000000000
2025-02-01,75,-230454738,0d54bf70e6e4e29467af420850fed337fb9c7eaa,1,1,999999310000,999999.310000000000
2025-02-01,76,-216070406,9cc1c2499438331e3db3be105793f6b2fff5526a,1,1,999999000000,999999.000000000000
2025-02-01,77,-210116044,b51acedacf0e41c9d348b029d67ed3321b991a0e,1,1,999998490000,999998.490000000000
2025-02-01,78,-208816080,ce2dc7eea078a3a4caacd0882a5f00cfc0da7b65,1,1,999998460000,999998.460000000000
2025-02-01,79,2131193458,9dbb4c06357c3e9d92737d78f1a5d541b63ec7ee,4,4,998272721985,998272.721985000000
2025-02-01,80,932187140,bd7170971505828f17a48f0177f9203da7b57d14,1,1,997489266807,997489.266807000000
2025-02-01,81,1202540036,2c5e6d0ff7617ba8cf87339ee0cf02d46d2d8cf0,2,2,980885705093,980885.705093000000
2025-02-01,82,-223726232,8f1d4c62ae8598131b6062dc684e81ab390890bc,3,3,929712486299,929712.486299000000
2025-02-01,83,1880529712,8f68f44a9b808bbe8cf39f421932cc94c379e24c,4,4,911010394347,911010.394347000000
2025-02-01,84,2100562446,50fc9731dace42caa45d166bff404bbb7464bf21,2,2,910000019999,910000.019999000000
2025-02-01,85,-204179609,f1888ddbeab47110239afcd2eb3c301590532674,2,2,902180006120,902180.006120000000
2025-02-01,86,-220118706,8e8c41993b571c1402077f2c48a7622061922742,1,1,868904310708,868904.310708000000
2025-02-01,87,1053556910,705d5657f5a07558ca9208f5b7e4e2ae9c4c7004,1,1,852276150224,852276.150224000000
2025-02-01,88,-137324202,d7583e3cf08bbcab66f1242195227bbf9f865fda,2,2,826379350327,826379.350327000000
2025-02-01,89,1882649318,e307c2cd540085870f3f98e5adb6e3666be0b9d8,3,3,754063881667,754063.881667000000
2025-02-01,90,797763383,17ec9d8fb1c40532101adf98af7a7e37a8aa6ebe,6,6,747495081693,747495.081693000000
2025-02-01,91,2105797844,f82273ffe429e04831279840d8df7200506cd39f,2,2,730000000000,730000.000000000000
2025-02-01,92,2114161461,673aeef7099323a49ad7edded13a458661a60f95,1,1,702260575002,702260.575002000000
2025-02-01,93,588135314,34b2e4cc56b7160d86951310b7351e7983842a9a,3,3,693428144170,693428.144170000000
2025-02-01,94,36004177,f35e261393f9705e10b378c6785582b2a5a71094,1,1,656919648912,656919.648912000000
2025-02-01,95,2096686288,80787af194c33b74a811f5e5c549316269d7ee1a,13,13,640682257572,640682.257572000000
2025-02-01,96,1751411879,9ec1f2b052b4534b387c73c69b3e87324c1c7b21,1,1,600050000000,600050.000000000000
2025-02-01,97,-202015896,1497cacbf7ef40f1a45ccc04d516d066dfd80ad3,1,1,600000000000,600000.000000000000
2025-02-01,98,-205062337,dafee026eaa6019ae1fbaa8abf44156ac5187ba6,2,2,599311939853,599311.939853000000
2025-02-01,99,-196849771,2bd35a2a63605dde40da0829b4eed1e39c3094b2,6,6,593910023602,593910.023602000000
2025-02-01,100,-211373599,3d91b367716c26f1cdc875cbfb1d03c11e855344,3,3,587357960000,587357.960000000000
2025-03-01,1,1642228075,264bd8291fae1d75db2c5f573b07faa6715997b5,608,608,32535252128580,32535252.128580000000
2025-03-01,2,-258690175,1c0acbaf48502204cf1e71e31d66427966493b02,11,11,27500096895000,27500096.895000000000
2025-03-01,3,1701243476,3244612a2dc0f9bc92898cc4ee6a8907f8a6f092,19,19,22753771690000,22753771.690000000000
2025-03-01,4,1231067748,f28e1b06e00e8774c612e31ab3ac35d5a720085f,4,4,20000000000000,20000000.000000000000
2025-03-01,5,930444523,3519ee4d387150f230baca90f5c50e9d296164c6,64,64,17476422306916,17476422.306916000000
2025-03-01,6,2027659310,b99a2c4c1c4f1fc27150681b740396f6ce1cbcf5,4,4,15601000000000,15601000.000000000000
2025-03-01,7,824896256,ad6eaa735d9df3d7696fd03984379dae02ed8862,19,19,14919998760000,14919998.760000000000
2025-03-01,8,1943309025,9071bfe89d0880edc21e977f3837b5503200f11d,131,131,14773777513809,14773777.513809000000
2025-03-01,9,-266960099,88c1f35892833026ac4c8a5cf184230bb370cc8e,6,6,10133369855000,10133369.855000000000
2025-03-01,10,1973459980,ed0c6079229e2d407672a117c22b62064f4a4312,3,3,8000191822000,8000191.822000000000
2025-03-01,11,-3197481,603816c3c509007cf9265acf85df5927c49d6da4,9,9,7786098000000,7786098.000000000000
2025-03-01,12,839887091,a5cce50b52eba6c30be3f18def74a98472ff3f3d,28,28,7376275897306,7376275.897306000000
2025-03-01,13,-216591180,0bad8b7592ec0b7aac5ff970aa5833077900eb02,4,4,6380578528319,6380578.528319000000
2025-03-01,14,866510438,4bb7f4c3d47c4b431cb0658f44287d52006fb506,1,1,5007196980000,5007196.980000000000
2025-03-01,15,-247866525,8d4d699abf3044306008c6bea8e78632f999c281,2,2,4870071963437,4870071.963437000000
2025-03-01,16,1786235719,6859da14835424957a1e6b397d8026b1d9ff7e1e,3,3,3284298000000,3284298.000000000000
2025-03-01,17,1550153471,7fe4b2632f5ae6d930677d662af26bc0a06672b3,3,3,3185439616871,3185439.616871000000
2025-03-01,18,494081559,dd84ce1adcb3a4908db61a1dfa3353c3974c5a2b,18,18,3042411786621,3042411.786621000000
2025-03-01,19,1145636204,cdc8bbc2c740e44e9231dc3a8842800aa2433d18,3,3,2731932292822,2731932.292822000000
2025-03-01,20,1891548680,c65236e35c1e0dc9e2044f6f38c9c3497e95ffa2,3,3,2598490781897,2598490.781897000000
2025-03-01,21,1452193919,a87a233e8a7d8951ff790a2e39738086cb5f71b7,1,1,2414796100740,2414796.100740000000
2025-03-01,22,2056386871,2ae08196c5323f5cd1a792de2124914ff4704e03,4,4,2284277724526,2284277.724526000000
2025-03-01,23,1965241174,f991acd672d5b344afcb29931af6401ed32e2691,4,4,2244728329399,2244728.329399000000
2025-03-01,24,2119729236,81ebde24453b8e40454616579ea79c79a197699d,4,4,2001238130968,2001238.130968000000
2025-03-01,25,-262854093,cfafa858efcc4de7c57bb80f70e1ae1c96b624c8,1,1,2000000000000,2000000.000000000000
2025-03-01,26,-236416648,2516388f45990a9bcc96d6bb7987fb3db35a22f2,1,1,2000000000000,2000000.000000000000
2025-03-01,27,1877493213,3af4a49c8e2fcaf33fd3389543b80d320fcc9091,1,1,1999999000000,1999999.000000000000
2025-03-01,28,-214477440,1160b596d13a3c90fe7577e1b142d0b522e02649,18,18,1977275706145,1977275.706145000000
2025-03-01,29,2021368700,d4fb8777b51fcf2ab468619e97b27fd49e672fc0,7,7,1846172180259,1846172.180259000000
2025-03-01,30,-223995103,0a176fb92578fa62d1072c2d36a78cc7c4fd1515,13,13,1751181292957,1751181.292957000000
2025-03-01,31,1939579108,7dd75f3c7016dd27aeeb29470ae997e8e60f6734,2,2,1723308092952,1723308.092952000000
2025-03-01,32,1775038838,6ed3c871ac6aae698a9d6e547a5f54873b091e18,4,4,1718133590057,1718133.590057000000
2025-03-01,33,1945479885,a09e0041853cc8008f87cd333852e092136ffacb,3,3,1650742473414,1650742.473414000000
2025-03-01,34,1978899679,17507072c2ee8bd8f6debd38d048c8a1887b39d4,6,6,1587966538866,1587966.538866000000
2025-03-01,35,-197071354,ca57f523799d5d458619084b845e7f6805192d9e,1,1,1566454224087,1566454.224087000000
2025-03-01,36,2061462101,99b0dc0a0f75645e5bb6c75e1a3c10c430c0ef07,2,2,1531542845558,1531542.845558000000
2025-03-01,37,-178742084,798991c85b448447cb69b609ae0141d003294bf9,2,2,1500897311209,1500897.311209000000
2025-03-01,38,1959562336,f8e88a385bdeb243dbbf6db2d3876f0ea123c9ce,2,2,1498814809876,1498814.809876000000
2025-03-01,39,588135314,34b2e4cc56b7160d86951310b7351e7983842a9a,7,7,1465685191944,1465685.191944000000
2025-03-01,40,1159572996,8174b025f8ab32708a85d036ce9e74a5b21727f7,1,1,1339190463510,1339190.463510000000
2025-03-01,41,1919884698,6a700795b88d16995adba6e4139f120b2544b39e,7,7,1310991094274,1310991.094274000000
2025-03-01,42,2105561694,1da0d480df75d7f2d91b14bdea217cb39c000c0a,3,3,1307066080249,1307066.080249000000
2025-03-01,43,-177914333,ad58ae5dbc928021fb6e9daba2602b3c4a2eb7ab,2,2,1264172564504,1264172.564504000000
2025-03-01,44,1619634369,51a04fc0b977d4d453c60f70d43119a3023a3543,1,1,1249238335648,1249238.335648000000
2025-03-01,45,1984132617,5f5fee81e063579a41b85403b020106645290cf4,5,5,1149860955697,1149860.955697000000
2025-03-01,46,-127716086,8b97983ebc60f826e29ab9bdbce828c81e8aa34b,4,4,1104034912219,1104034.912219000000
2025-03-01,47,2131193458,9dbb4c06357c3e9d92737d78f1a5d541b63ec7ee,4,4,1020660226552,1020660.226552000000
2025-03-01,48,1020616060,51a26f6e9a0cf503308d29ad12effd4282672402,3,3,1020442678220,1020442.678220000000
2025-03-01,49,-172195026,28399cd15292dc7e2ed47a8b122b1da9231c3b40,1,1,1013414832245,1013414.832245000000
2025-03-01,50,721770846,32324e483e2892771314ba6bdf12374b5282a417,10,10,1000661308244,1000661.308244000000
2025-03-01,51,-265715310,819e1c0825e758da16b6141d0a05617fc482ee59,1,1,1000000000000,1000000.000000000000
2025-03-01,52,-259075869,63755cdf706f367bed3a8cb67073c048287a3490,1,1,1000000000000,1000000.000000000000
2025-03-01,53,-255658391,9199803b3283d548f02b128a49e68bcde78b139f,1,1,1000000000000,1000000.000000000000
2025-03-01,54,1707667532,1f9b1b84fe59fce1dba1ac2542c725bf23215f22,1,1,992820307312,992820.307312000000
2025-03-01,55,1411451674,f9ce24afbb1fe432478ffad1014ae3bc30de2d82,2,2,969292663924,969292.663924000000
2025-03-01,56,-213227419,a7fb007ee39c1881a831a7e6295e5e92929cbde2,10,10,964942460579,964942.460579000000
2025-03-01,57,-204179609,f1888ddbeab47110239afcd2eb3c301590532674,1,1,946206709737,946206.709737000000
2025-03-01,58,1880529712,8f68f44a9b808bbe8cf39f421932cc94c379e24c,3,3,930754355329,930754.355329000000
2025-03-01,59,1887570885,80f0604943d6b121a34cca07124b6b3dd1bfdfad,2,2,911221951817,911221.951817000000
2025-03-01,60,-160552311,bfb73157ca57c3a90488470bd3cde68693a3ce85,3,3,901463601601,901463.601601000000
2025-03-01,61,2109828759,f8116b3dbea89f6db0dd03cbd1b654e0a3803031,7,7,894265897083,894265.897083000000
2025-03-01,62,1702895706,f3bccd7af9286627d1f7efb8658d0828c348de43,38,38,886056466020,886056.466020000000
2025-03-01,63,-113578926,3a79d23a95c04b442b02370678fcc52cdd41cbd0,16,16,873541472741,873541.472741000000
2025-03-01,64,2044936409,7d75b4c4ef6deb5e182f1014b0399ec9b74c9028,2,2,837253188404,837253.188404000000
2025-03-01,65,2126720686,00236feeac26ef92552e3981096350d136084c64,2,2,799946294365,799946.294365000000
2025-03-01,66,-265701288,cb7d749938866b383f690b6120ab6459f9e76f4d,16,16,778399240000,778399.240000000000
2025-03-01,67,-142571692,3b448daf3c92bf70437fff42a8d610889d64d47c,8,8,774627515531,774627.515531000000
2025-03-01,68,-223726232,8f1d4c62ae8598131b6062dc684e81ab390890bc,2,2,755133287129,755133.287129000000
2025-03-01,69,-265690655,1343af9922554dd3c8fd392324fc3f1d6fae8407,14,14,750196470900,750196.470900000000
2025-03-01,70,1608694010,87ce0f5047339a71a67ff7f6c0f5b58be86888e4,5,5,731954440000,731954.440000000000
2025-03-01,71,-65593981,7737a4c18b0ae9ef9f9f04c6ee2be2400fd836aa,2,2,719688041490,719688.041490000000
2025-03-01,72,-116940640,f4dc338b1b1184f84a461f0bb2f974fc90a81456,2,2,689995184231,689995.184231000000
2025-03-01,73,1698984512,b61bb0c3f4afc30b1d8dbcb8767c0e38c4829322,6,6,670997608200,670997.608200000000
2025-03-01,74,-211373599,3d91b367716c26f1cdc875cbfb1d03c11e855344,2,2,666612870000,666612.870000000000
2025-03-01,75,606463731,ed78afd8acba4b56703c4c0ac6cdfa6b7433c1aa,10,10,659392718616,659392.718616000000
2025-03-01,76,-265725684,cae8b24dee683282f143ecedea7a77459550dda7,13,13,618687943700,618687.943700000000
2025-03-01,77,1571746146,2f2ad3e2c160d3de9503bb63b864ee8358cc5050,2,2,604958575474,604958.575474000000
2025-03-01,78,-104699333,7f9e4e2ef9e4da30524405d894fe12997eda81e4,2,2,600444378528,600444.378528000000
2025-03-01,79,1876744214,249de9abb54bf9896fc414a493abb1eb50fff952,5,5,593880939987,593880.939987000000
2025-03-01,80,-203774245,3876b307077e445f800d311a64e9dce5f7cb5162,9,9,576115064069,576115.064069000000
2025-03-01,81,1883463015,fddf263e3cd2b3f48acf03ec997edb9ebecc8d9f,6,6,565244166493,565244.166493000000
2025-03-01,82,-138968013,5019651b7f680d5a8b03a4f0b7e7c35b07959966,1,1,553397717147,553397.717147000000
2025-03-01,83,-262663644,b102b73033615be7028110f4eaeaadc7e825ab94,12,12,551183817000,551183.817000000000
2025-03-01,84,2123428204,c6562f7bf533a9645c7ee0d060d82783ff68b2bd,1,1,522825280697,522825.280697000000
2025-03-01,85,1736882706,7ee046888bb8ce437aaffe7a78f64ab9b9386969,3,3,507242771380,507242.771380000000
2025-03-01,86,2077305998,f7cb79d787e0fe2b20e5cf7ed06986712d8008a9,1,1,500399706106,500399.706106000000
2025-03-01,87,-230493790,d0c82097a52a4f4a129f2a2059c7d987081e71c0,1,1,500378406566,500378.406566000000
2025-03-01,88,-227612796,0f67673e8d1d968cddff184c588542ccce264de3,1,1,500378406566,500378.406566000000
2025-03-01,89,-236467196,8f1bf8fd4db91d12490ad7443d86bd2f2628ce09,1,1,500265033160,500265.033160000000
2025-03-01,90,-236441996,84a88d73708cfb0eb656dda80c44aff4bd6bdbac,1,1,500249902189,500249.902189000000
2025-03-01,91,-230489548,7703630ac78c1640f000e5d6a3c8a1f14535e0d2,1,1,500249902189,500249.902189000000
2025-03-01,92,-236426997,dce50237afb747bacd55b680695d2ef34d6543b0,1,1,500249902189,500249.902189000000
2025-03-01,93,-236446518,a852b810d35a2e2fdd731e23c0836b6403f4f421,1,1,500249902189,500249.902189000000
2025-03-01,94,-259192071,2d10e7fa0da3571b38d1fd5d93baf3852f2212c6,1,1,500152969084,500152.969084000000
2025-03-01,95,-255695830,e64776ef5d0c62aaada5102fa6c8335f7716e5a1,1,1,500119798696,500119.798696000000
2025-03-01,96,-259195505,f88b59a937f75e1e2ec3155f28b6ea0560e7a7b1,1,1,500119798696,500119.798696000000
2025-03-01,97,-238736422,6a049d8ea87ea5aad86539be1a195027f443c1d4,1,1,500112437578,500112.437578000000
2025-03-01,98,-262900871,fdb4b302e9592dcb039dbaf17e77674176de5c0a,1,1,500092166936,500092.166936000000
2025-03-01,99,-262898007,7b1a7c9481734e3d6118d8a666e035b80ca5e94d,1,1,500092166936,500092.166936000000
2025-03-01,100,-262874875,e70efd63caaed06684b3c34d5b1f8770244cadda,1,1,500092166936,500092.166936000000
2025-04-01,1,-266960099,88c1f35892833026ac4c8a5cf184230bb370cc8e,12,12,147021085012400,147021085.0124000000
2025-04-01,2,2027659310,b99a2c4c1c4f1fc27150681b740396f6ce1cbcf5,2,2,15510991374395,15510991.374395000000
2025-04-01,3,-229505902,baa8f73befc06df041bbd53d601e9ed2b4ef940f,3,3,15050000000000,15050000.000000000000
2025-04-01,4,930444523,3519ee4d387150f230baca90f5c50e9d296164c6,93,93,14040703909175,14040703.909175000000
2025-04-01,5,1642228075,264bd8291fae1d75db2c5f573b07faa6715997b5,877,877,10191799559785,10191799.559785000000
2025-04-01,6,2056386871,2ae08196c5323f5cd1a792de2124914ff4704e03,6,6,8395921164410,8395921.164410000000
2025-04-01,7,1943309025,9071bfe89d0880edc21e977f3837b5503200f11d,62,62,7609716325831,7609716.325831000000
2025-04-01,8,531407942,5ec6abff9bb4c673f63d077a962a29945f744857,23,23,7584789742834,7584789.742834000000
2025-04-01,9,588135314,34b2e4cc56b7160d86951310b7351e7983842a9a,9,9,7006009639170,7006009.639170000000
2025-04-01,10,1891548680,c65236e35c1e0dc9e2044f6f38c9c3497e95ffa2,4,4,5028622189532,5028622.189532000000
2025-04-01,11,2119729236,81ebde24453b8e40454616579ea79c79a197699d,34,34,4892043607322,4892043.607322000000
2025-04-01,12,824896256,ad6eaa735d9df3d7696fd03984379dae02ed8862,7,7,4501331000000,4501331.000000000000
2025-04-01,13,1786235719,6859da14835424957a1e6b397d8026b1d9ff7e1e,1,1,4440486000000,4440486.000000000000
2025-04-01,14,2078593672,0177cbd79ff38beb8313de0e5d35465f82ecc640,40,40,4251573760951,4251573.760951000000
2025-04-01,15,-258690175,1c0acbaf48502204cf1e71e31d66427966493b02,4,4,3499998920000,3499998.920000000000
2025-04-01,16,1597043377,abb4f79430002534df3f62e964d62659a010ef3c,27,27,3494584123372,3494584.123372000000
2025-04-01,17,2126720686,00236feeac26ef92552e3981096350d136084c64,29,29,3244489129007,3244489.129007000000
2025-04-01,18,1036539257,1be3d6c73e7af74a0ab818c4a95bd72f058f320a,3,3,2842106959332,2842106.959332000000
2025-04-01,19,-178742084,798991c85b448447cb69b609ae0141d003294bf9,3,3,2558399795986,2558399.795986000000
2025-04-01,20,1880529712,8f68f44a9b808bbe8cf39f421932cc94c379e24c,3,3,2398814626863,2398814.626863000000
2025-04-01,21,1145636204,cdc8bbc2c740e44e9231dc3a8842800aa2433d18,2,2,2150725748385,2150725.748385000000
2025-04-01,22,1550153471,7fe4b2632f5ae6d930677d662af26bc0a06672b3,2,2,1988195028371,1988195.028371000000
2025-04-01,23,-223726232,8f1d4c62ae8598131b6062dc684e81ab390890bc,10,10,1755361902858,1755361.902858000000
2025-04-01,24,-235678658,6413c5b40e1f170e2eddfa35b16fbc374e7f7d10,2,2,1681052446334,1681052.446334000000
2025-04-01,25,-172195026,28399cd15292dc7e2ed47a8b122b1da9231c3b40,5,5,1576828118884,1576828.118884000000
2025-04-01,26,-284593212,529ec6bf658fb1e2050a56e7873c035cff1d6b49,1,1,1500000659999,1500000.659999000000
2025-04-01,27,1074624233,57f038835c729c0e009d4ef0e48c6ccf810c6efd,1,1,1500000000000,1500000.000000000000
2025-04-01,28,1442769424,d5644e7a75ba7834d307358da250b751b5374702,1,1,1500000000000,1500000.000000000000
2025-04-01,29,1411451674,f9ce24afbb1fe432478ffad1014ae3bc30de2d82,1,1,1496317818102,1496317.818102000000
2025-04-01,30,1825739369,65310abbb93b7f59a1cb628738358607f89bb869,1,1,1478019937065,1478019.937065000000
2025-04-01,31,1882649318,e307c2cd540085870f3f98e5adb6e3666be0b9d8,1,1,1398048815336,1398048.815336000000
2025-04-01,32,979541893,26e547a9f3fd90e49a9a85a91001ca3f7ba2c81d,3,3,1342844705604,1342844.705604000000
2025-04-01,33,932187140,bd7170971505828f17a48f0177f9203da7b57d14,1,1,1267264131147,1267264.131147000000
2025-04-01,34,1263345545,c4e866cf9dfa2c1b827c671dee36365f8189a6b0,8,8,1168544195132,1168544.195132000000
2025-04-01,35,2096686288,80787af194c33b74a811f5e5c549316269d7ee1a,14,14,1109411924107,1109411.924107000000
2025-04-01,36,1020616060,51a26f6e9a0cf503308d29ad12effd4282672402,6,6,1019297246884,1019297.246884000000
2025-04-01,37,-113578926,3a79d23a95c04b442b02370678fcc52cdd41cbd0,11,11,1017058908526,1017058.908526000000
2025-04-01,38,-308424312,38cd0585af87ecf0ca445ae40c5337f5868afd4e,1,1,1000000000000,1000000.000000000000
2025-04-01,39,-164866731,55a963a29f8a478ef4acad1c7628c2bf65c5c89d,1,1,908724711414,908724.711414000000
2025-04-01,40,-236317071,7a9e7a2453cc940b112d668656404a8ffea8cb98,2,2,888869370196,888869.370196000000
2025-04-01,41,-75132631,968d2857b6f22e78de086d4710ecdff0563bdc15,1,1,866194693667,866194.693667000000
2025-04-01,42,-142571692,3b448daf3c92bf70437fff42a8d610889d64d47c,4,4,832626977043,832626.977043000000
2025-04-01,43,-221897212,992957c5211bade3a58096b3c6987b98942706d3,1,1,799621559934,799621.559934000000
2025-04-01,44,2021368700,d4fb8777b51fcf2ab468619e97b27fd49e672fc0,3,3,794984804611,794984.804611000000
2025-04-01,45,1984132617,5f5fee81e063579a41b85403b020106645290cf4,1,1,749823086082,749823.086082000000
2025-04-01,46,-31860478,f108b43716d37fbed9707edb01f751983e6bf102,3,3,714140360037,714140.360037000000
2025-04-01,47,-231379437,9a4d3d0a0c34269d393c0184114e8a2575348abc,1,1,699999780000,699999.780000000000
2025-04-01,48,1978899679,17507072c2ee8bd8f6debd38d048c8a1887b39d4,2,2,684881069415,684881.069415000000
2025-04-01,49,1631082531,2424618d727e17a38cad7d531dfc90540dcdb566,5,5,668305558751,668305.558751000000
2025-04-01,50,1560785123,0a009741192aa0bffe53b376e000ce7435f00012,3,3,610074303773,610074.303773000000
2025-04-01,51,-215249457,81633c1357ddb25d8625efb2cad26a60988475bf,1,1,600000000000,600000.000000000000
2025-04-01,52,2105797844,f82273ffe429e04831279840d8df7200506cd39f,2,2,563148655256,563148.655256000000
2025-04-01,53,-203774245,3876b307077e445f800d311a64e9dce5f7cb5162,8,8,550881419494,550881.419494000000
2025-04-01,54,312042503,793491fe4a7b25eee0065e484a52c7a0dfd8c0d9,2,2,550115918334,550115.918334000000
2025-04-01,55,-92524341,d480bb579f61edf044d0e86e33cb72310c816d6a,1,1,542468239252,542468.239252000000
2025-04-01,56,1608694010,87ce0f5047339a71a67ff7f6c0f5b58be86888e4,4,4,539982850000,539982.850000000000
2025-04-01,57,-221950885,727d1c03ff814b67b76c16b6731ab29ee3af533b,1,1,522368053151,522368.053151000000
2025-04-01,58,758783231,84d0f74d21a89f86b67e9a38d8559d0b4e10f12d,5,5,502637103075,502637.103075000000
2025-04-01,59,-288862235,82f25064ba1b9d96bae02f41b5cf0070a7ed7e80,1,1,500160702383,500160.702383000000
2025-04-01,60,-284894416,cb14b4e8297c7e023a11b169b80ae03ad6fc97b4,1,1,500150129264,500150.129264000000
2025-04-01,61,-292228986,7158e643af99a3a388baee8c812c9129f320d74e,1,1,500108976896,500108.976896000000
2025-04-01,62,-294237746,14b21eb12747edf248e83ce179d7c4a6f9ae8e51,1,1,500105559380,500105.559380000000
2025-04-01,63,-290525882,9407967bb894213afd0cc9e364581f8200dbce73,1,1,500099786410,500099.786410000000
2025-04-01,64,-268184441,f719b4372025a4111840cc13b7a537cf5c256969,1,1,500091363491,500091.363491000000
2025-04-01,65,-284644750,f9ab37f6d7c82a549847abdf25338033b5d89d30,1,1,500071936648,500071.936648000000
2025-04-01,66,-284575329,38f3cb1ebbb222adf38d848a4f3c6d9a04ca4849,1,1,500071936648,500071.936648000000
2025-04-01,67,-284664732,0b02c081f397bfe2c98bc271e3792fac59aaf58f,1,1,500071936648,500071.936648000000
2025-04-01,68,-265730952,6cf93146636ade08086eac907da30a2669890cf1,1,1,500025726873,500025.726873000000
2025-04-01,69,-265744392,dae9425778555fc4dff84c6c6f2a9a6a0e76fb68,1,1,500001237503,500001.237503000000
2025-04-01,70,-276279402,bb7e5f646c71b46a9a38ff689a2b8859c93d5831,1,1,500000000000,500000.000000000000
2025-04-01,71,2100562446,50fc9731dace42caa45d166bff404bbb7464bf21,1,1,499999690000,499999.690000000000
2025-04-01,72,-222039576,ab07b89cf8cef1bca788802faaf1c8d847390308,5,5,493256948506,493256.948506000000
2025-04-01,73,-284660197,fa5e161be05d871cc964db728712b1ad679c8526,1,1,484842683612,484842.683612000000
2025-04-01,74,1881083710,2115e25b3661d26f521e2dcd18b0e495108c3791,1,1,483571081424,483571.081424000000
2025-04-01,75,-137324202,d7583e3cf08bbcab66f1242195227bbf9f865fda,1,1,482931388705,482931.388705000000
2025-04-01,76,721770846,32324e483e2892771314ba6bdf12374b5282a417,4,4,447082368593,447082.368593000000
2025-04-01,77,731614070,120680a60f98eae167f8a17667e877935fa2db90,1,1,445886014289,445886.014289000000
2025-04-01,78,1919884698,6a700795b88d16995adba6e4139f120b2544b39e,1,1,432164218588,432164.218588000000
2025-04-01,79,1145954013,7aaf6b8506f030f0dac415d03c87e89dc891eeed,6,6,412264160739,412264.160739000000
2025-04-01,80,-288828649,cee81cc734de3e1dd855a0bcd6f6db923101eb79,1,1,400000000000,400000.000000000000
2025-04-01,81,1702895706,f3bccd7af9286627d1f7efb8658d0828c348de43,22,22,390923812302,390923.812302000000
2025-04-01,82,-253899969,9bc34ded927e0f336c5c81e15a900461a0608863,5,5,378169024756,378169.024756000000
2025-04-01,83,-232235374,25b8ac0f8975e3831aaef5fdebad709024b9067c,1,1,365427581121,365427.581121000000
2025-04-01,84,-282540646,29940573b41b6315339e3da689f6e90b711f34a7,4,4,360377357423,360377.357423000000
2025-04-01,85,883006450,a0f2e2f7b3ab58e3e52b74f08d94ae52778d46df,1,1,356811879950,356811.879950000000
2025-04-01,86,1696497482,3f51ad2d5ff5b2fc5ace0da7002dc364a3001e32,4,4,353475046347,353475.046347000000
2025-04-01,87,1543661985,549afbc2b0c348f5136f029779a5c0c0b4801f8b,3,3,350036859335,350036.859335000000
2025-04-01,88,-195245704,cc672f58ff323f608e435cdb71e31fc6e2ca3782,1,1,343493000000,343493.000000000000
2025-04-01,89,2107026550,2a8080d9abf0249e0079c82b468a6de7e73857cc,1,1,341959554925,341959.554925000000
2025-04-01,90,-47094179,cea458ef8d2cb23a47443cce3eeb1f20492669c5,9,9,329832545117,329832.545117000000
2025-04-01,91,-264696774,e815d47a440c9941169723ae4e10bdd239e43512,1,1,303917006913,303917.006913000000
2025-04-01,92,-253420457,91546cc623a95fdfad62e9df8590dee69b771702,5,5,300705565626,300705.565626000000
2025-04-01,93,-128995625,4a726b10f3c1cf68484a403fc8067b85e21ec718,6,6,292878299000,292878.299000000000
2025-04-01,94,-257285577,73b966fccac6c19ef06c7977d17575d353c779e9,1,1,283455504079,283455.504079000000
2025-04-01,95,-251344160,807266ebfbf9010af0d56502044e7a68d332f161,1,1,279117239463,279117.239463000000
2025-04-01,96,-272392684,4b465417dff1de61dcb24bfe67e45a21b2a3364f,16,16,270556078700,270556.078700000000
2025-04-01,97,1825307005,51f6f9af44bc61c68717f0000cb936149e6bcfa5,4,4,267835514800,267835.514800000000
2025-04-01,98,1883463015,fddf263e3cd2b3f48acf03ec997edb9ebecc8d9f,2,2,267377632872,267377.632872000000
2025-04-01,99,1992400943,4b9896987782528b76f8ed54b1a518c4e75d063b,9,9,267058090000,267058.090000000000
2025-04-01,100,-182479598,12ec2db504936f335767d805860bc8489ccc2f31,1,1,265377933021,265377.933021000000
2025-05-01,1,1642228075,264bd8291fae1d75db2c5f573b07faa6715997b5,830,830,18888018068433,18888018.068433000000
2025-05-01,2,-216358515,e7a56e5a4ea979bb24e746daf0d25d17af188c4d,25,25,14989197934989,14989197.934989000000
2025-05-01,3,2056386871,2ae08196c5323f5cd1a792de2124914ff4704e03,9,9,13546795185080,13546795.185080000000
2025-05-01,4,-277975136,0db79c0770e1c647b8bb76d94c22420faa7ac181,11,11,9996591119480,9996591.119480000000
2025-05-01,5,-317124610,1b23fe057e195f3519dceeb9f892b77129822f9a,19,19,8861130797073,8861130.797073000000
2025-05-01,6,930444523,3519ee4d387150f230baca90f5c50e9d296164c6,79,79,8661522192061,8661522.192061000000
2025-05-01,7,-325351352,3a3efab82f096b49b5791d2a712c4d5eadb29d1c,95,95,8393509000000,8393509.000000000000
2025-05-01,8,1597043377,abb4f79430002534df3f62e964d62659a010ef3c,54,54,8092060934368,8092060.934368000000
2025-05-01,9,-319785822,dde947cda89411dd3d41fc53523025658434d7b3,20,20,7550564131738,7550564.131738000000
2025-05-01,10,2043916173,a4856c19b69df7dd3b6f3b1513cabf010b772af8,8,8,5575337198200,5575337.198200000000
2025-05-01,11,1669482910,f078969e55cabf9ae3f26afeb5ec627b4430f19e,4,4,5552046320922,5552046.320922000000
2025-05-01,12,-335225132,9eb891da0e35488346d39d41bed182c03b842595,45,45,4400986710511,4400986.710511000000
2025-05-01,13,531407942,5ec6abff9bb4c673f63d077a962a29945f744857,4,4,4247789930703,4247789.930703000000
2025-05-01,14,-303899638,94f865fa8c41390456ad871db88b0c3b2ced574e,1,1,4000844475046,4000844.475046000000
2025-05-01,15,-303892856,4d9cf81f02c8291e7ddf152199f35031d085be87,1,1,4000062204967,4000062.204967000000
2025-05-01,16,-308476615,aee0e53a525db3dd50a3b74e55fed5bca9c182b6,1,1,4000000003600,4000000.003600000000
2025-05-01,17,-328597155,955c0dcd042a50789c8812f2fa6def8d20de5250,1,1,4000000003600,4000000.003600000000
2025-05-01,18,-329796313,5d8b9bafc8132bcfefc4d49873884c4164aaa02d,1,1,4000000003600,4000000.003600000000
2025-05-01,19,1957945035,596af0a1c99f5e86ff9506b4ff1fb83782fad115,19,19,3912305641864,3912305.641864000000
2025-05-01,20,1973242205,a8a29bc8816e19d2b41cdaae48bd602180b0ff3e,5,5,3588089408853,3588089.408853000000
2025-05-01,21,588135314,34b2e4cc56b7160d86951310b7351e7983842a9a,4,4,3376015152871,3376015.152871000000
2025-05-01,22,1462711356,b1d72dd9cd988c727b160886b864ee0004965c8a,13,13,3201477436149,3201477.436149000000
2025-05-01,23,1318280235,c30b67a08e962b40f1fa0a4c1052c118ac0a61c6,7,7,2995471190980,2995471.190980000000
2025-05-01,24,1968477945,c7b640db892c3429c2a0f9817101881e75ddf192,1,1,2795272204882,2795272.204882000000
2025-05-01,25,1865603223,048aec9db462dadb5a493873aa37c231440dc698,4,1,2410616814786,2410616.814786000000
2025-05-01,26,497816519,b4fb31e7b1471a8e52dd1e962a281a732ead59c1,4,4,2010743923467,2010743.923467000000
2025-05-01,27,1628019543,1e48f1007fa133f643941d58cb6b080dc621e773,1,1,1777430878958,1777430.878958000000
2025-05-01,28,-177914333,ad58ae5dbc928021fb6e9daba2602b3c4a2eb7ab,2,2,1608979973561,1608979.973561000000
2025-05-01,29,1442769424,d5644e7a75ba7834d307358da250b751b5374702,1,1,1604523101918,1604523.101918000000
2025-05-01,30,1074624233,57f038835c729c0e009d4ef0e48c6ccf810c6efd,1,1,1604523100418,1604523.100418000000
2025-05-01,31,1943309025,9071bfe89d0880edc21e977f3837b5503200f11d,14,14,1560373047893,1560373.047893000000
2025-05-01,32,-216583633,45a5aea03e5a6dbc6f46a708562250c83afc4fc4,8,8,1516219037180,1516219.037180000000
2025-05-01,33,1448598673,172c6e8b7ed15f7487c5cf73c224e07e848aa439,1,1,1162331056916,1162331.056916000000
2025-05-01,34,-315951911,fa932bba93116870e4b82b6890cb754077759c49,2,2,1101158100000,1101158.100000000000
2025-05-01,35,1053556910,705d5657f5a07558ca9208f5b7e4e2ae9c4c7004,1,1,1077151218470,1077151.218470000000
2025-05-01,36,2096686288,80787af194c33b74a811f5e5c549316269d7ee1a,42,42,1042468759425,1042468.759425000000
2025-05-01,37,-326172831,bd03c23d83019d7bd9e38ffd2811ce755427af14,1,1,1001094066338,1001094.066338000000
2025-05-01,38,-236317071,7a9e7a2453cc940b112d668656404a8ffea8cb98,1,1,999999509621,999999.509621000000
2025-05-01,39,-128997832,c1d023141ad6935f81e5286e577768b75c9ff8eb,1,1,989505000000,989505.000000000000
2025-05-01,40,1608694010,87ce0f5047339a71a67ff7f6c0f5b58be86888e4,5,5,907976350000,907976.350000000000
2025-05-01,41,-281504925,ab903362a197ee76b1b0af45bfa86e997c848789,5,5,797129914103,797129.914103000000
2025-05-01,42,-334513524,f1849a96da3e13074869853a626ab7f1e57f9f74,15,5,770971840000,770971.840000000000
2025-05-01,43,1036539257,1be3d6c73e7af74a0ab818c4a95bd72f058f320a,1,1,759093144941,759093.144941000000
2025-05-01,44,1881090579,76be51aa94fb1c9632107349aab0488d878e4395,2,2,704124195311,704124.195311000000
2025-05-01,45,-47094179,cea458ef8d2cb23a47443cce3eeb1f20492669c5,8,8,652123387105,652123.387105000000
2025-05-01,46,-317905972,67628d31dd047a471a0817e4598aed3ced5477ac,1,1,618150386970,618150.386970000000
2025-05-01,47,1912307344,6d42aab8b4efd1ad0c5454a040b59ae3c99440b5,1,1,600217971625,600217.971625000000
2025-05-01,48,1702895706,f3bccd7af9286627d1f7efb8658d0828c348de43,26,26,546774699361,546774.699361000000
2025-05-01,49,1184743239,3de2616fd986168d4ef592acd95758727b25458b,1,1,542192253724,542192.253724000000
2025-05-01,50,1978899679,17507072c2ee8bd8f6debd38d048c8a1887b39d4,3,3,526991724002,526991.724002000000
2025-05-01,51,873030932,4b0aba5b8501f215c2c13cc7ce4ef857d5a4f67c,1,1,510777127714,510777.127714000000
2025-05-01,52,-303880087,9dc6e6efd8d79615bd19c5447a0606c01a4c220b,1,1,500105559380,500105.559380000000
2025-05-01,53,-303883100,65e69de35f33a289e163a93c6b5b49f842f76be5,1,1,500105559380,500105.559380000000
2025-05-01,54,-303889306,4dad57c741849d915331889c2f2fef5655b836d6,1,1,500105559380,500105.559380000000
2025-05-01,55,-303890868,3a3cf3eba2de629a00392a0e9c5e91f9b5690fef,1,1,500105559380,500105.559380000000
2025-05-01,56,-303893572,6a27a103775a04f47a8e2f514fe23ba35268f20c,1,1,500105559380,500105.559380000000
2025-05-01,57,-303894346,194605aa76fa1cabae22c7f2e9a0c4f88a7cf885,1,1,500105559380,500105.559380000000
2025-05-01,58,-303903341,39039231d772cd8ef6e23b5c3caa50c81261f16d,1,1,500105559380,500105.559380000000
2025-05-01,59,-303910006,03a82b0f62a6f91a463338f83ecac74795af9526,1,1,500105559380,500105.559380000000
2025-05-01,60,-303910956,ab43a4e0aad51ab83988990d2e8d95594dd98e22,1,1,500105559380,500105.559380000000
2025-05-01,61,-303911342,706f04a3b0c6348a429133134631ffb4dca138c4,1,1,500105559380,500105.559380000000
2025-05-01,62,-303911725,a4e849b50d7c885b01a07643d9f10166207796c8,1,1,500105559380,500105.559380000000
2025-05-01,63,-303912928,5c92457d3f3a9d73a1c9ff10e4a10484e7165a86,1,1,500105559380,500105.559380000000
2025-05-01,64,-303917455,720829fe3b99f526cbb3740c5b690552b73eb301,1,1,500105559380,500105.559380000000
2025-05-01,65,-303907375,b5a0d7db5bdd91df374e566d55dc30342ea41504,1,1,500102141877,500102.141877000000
2025-05-01,66,-307231013,3bb1778e56b65d641d35003e743ba38a381a426e,1,1,500067049640,500067.049640000000
2025-05-01,67,-328586047,b46c38ca9e3f2e45903b4a2c044b7c5381ac4eaa,1,1,500000000450,500000.000450000000
2025-05-01,68,-329815046,6f11bc3d45c3d6054c3a59eb417a8f60a794ab16,1,1,500000000450,500000.000450000000
2025-05-01,69,-343315640,094319e285d0c44743ef1ee836751704cbffe776,1,1,500000000450,500000.000450000000
2025-05-01,70,-321651914,c36f3341f5de2a94d952cc2268e5b8676bdbe07f,1,1,500000000450,500000.000450000000
2025-05-01,71,-343802664,4acbcb3d0e0daae68cafc69e2b009b394287d7fb,1,1,500000000450,500000.000450000000
2025-05-01,72,-343863437,2e1c9b63f17fe76e24341c9680955dac811f5de4,1,1,500000000450,500000.000450000000
2025-05-01,73,-330690778,fea423e5137379cd8d6145beb2fb983fbfdbc185,1,1,500000000450,500000.000450000000
2025-05-01,74,-330701934,0275114e2b1c39d7b8808d8c6a1f33ab1bf157b1,1,1,500000000450,500000.000450000000
2025-05-01,75,-330702833,e7a2c8cdec4ebebe340c2d6ac07bcc7e4243ff98,1,1,500000000450,500000.000450000000
2025-05-01,76,-330708656,971512beb9afde207a2eef9adeb19b4d152443c8,1,1,500000000450,500000.000450000000
2025-05-01,77,-330712853,fa0d6f86840c20bf2612fcb8a739de298e2cbf8c,1,1,500000000450,500000.000450000000
2025-05-01,78,-344274280,ded830953cd81ff39afc5a84087fe24b1edd7540,1,1,500000000450,500000.000450000000
2025-05-01,79,-331562198,c4c5f311699aadfb16c79f9c35b2baf1c029a7f9,1,1,500000000450,500000.000450000000
2025-05-01,80,-331568216,6f089eff9d665eae4543656ed31cb0988f51c0cb,1,1,500000000450,500000.000450000000
2025-05-01,81,-331571719,41a8ab4081c0c8de2d418ffc1f2b0817dec00b4f,1,1,500000000450,500000.000450000000
2025-05-01,82,-331571897,c835e032580fddcf1ec317a9ae623bffad8055ef,1,1,500000000450,500000.000450000000
2025-05-01,83,-331574876,9ef80f1a799b36091de487369757be815847470d,1,1,500000000450,500000.000450000000
2025-05-01,84,-331575607,27d30a7718b9d84bc4ce3fc7f6413f92843dfa38,1,1,500000000450,500000.000450000000
2025-05-01,85,-331576942,66b72e5c935291fdd266e6b9563ae9e082e21266,1,1,500000000450,500000.000450000000
2025-05-01,86,-331583035,59e313c3c0bec32fccfed78e02a0960395612116,1,1,500000000450,500000.000450000000
2025-05-01,87,-331586014,24a6b7dd46b94b99463e8b74dde32997c0fd4ede,1,1,500000000450,500000.000450000000
2025-05-01,88,-331596047,b33b4984ed519d62d5a712991e6147b0b6b75557,1,1,500000000450,500000.000450000000
2025-05-01,89,-331598417,2fb3527e1b4fec1d40d3114e004edad3884dca64,1,1,500000000450,500000.000450000000
2025-05-01,90,-319591859,db83a97cc643db5489eacc9c4dce456ad6d6cf86,1,1,500000000450,500000.000450000000
2025-05-01,91,-319599293,9732735f7dc4ac4ac1d4de10e8c6c66cd1145148,1,1,500000000450,500000.000450000000
2025-05-01,92,-319605444,85d942d0742e266a9a47d156c95cf78bbc5904df,1,1,500000000450,500000.000450000000
2025-05-01,93,-319791204,13401349a9b0958b9e98869edae8dee9b8963124,1,1,500000000450,500000.000450000000
2025-05-01,94,-326203113,4088a14ad34ee3887605e91f835181fc4c50ffc3,1,1,500000000450,500000.000450000000
2025-05-01,95,-326202160,401cd94220cf38dcc53211b8f04f02c5defef397,1,1,500000000450,500000.000450000000
2025-05-01,96,-328521151,9031eedfb0fe6bb967bc74dbd5c144c91258b5a0,1,1,500000000450,500000.000450000000
2025-05-01,97,-334976982,7c901e846a1827cda810416c4d9e7c4cc9dad77e,1,1,500000000450,500000.000450000000
2025-05-01,98,-325526953,60388b0ba0a60e0a33b95b69093ac694efdf5f8c,1,1,500000000450,500000.000450000000
2025-05-01,99,-328622906,1a83d5f8ffc58d4523072dc49f3e4392ed564e44,1,1,500000000450,500000.000450000000
2025-05-01,100,-328591526,f40dfa2ee13350a585847ca0c2a852f09dc46899,1,1,500000000450,500000.000450000000
2025-06-01,1,-229505902,baa8f73befc06df041bbd53d601e9ed2b4ef940f,3,3,15000000000000,15000000.000000000000
2025-06-01,2,1597043377,abb4f79430002534df3f62e964d62659a010ef3c,90,90,10891369258577,10891369.258577000000
2025-06-01,3,1943309025,9071bfe89d0880edc21e977f3837b5503200f11d,48,48,5446543942795,5446543.942795000000
2025-06-01,4,-317124610,1b23fe057e195f3519dceeb9f892b77129822f9a,9,9,5138913289406,5138913.289406000000
2025-06-01,5,-277975136,0db79c0770e1c647b8bb76d94c22420faa7ac181,5,5,4997589998761,4997589.998761000000
2025-06-01,6,-340448060,fa287f8e69cee45a14d753d609c86eb1a852254d,1,1,4000000003600,4000000.003600000000
2025-06-01,7,-331578670,fb8e1ed875c8f838868fa26f21bcc1e6bc1c216c,1,1,4000000003600,4000000.003600000000
2025-06-01,8,-342008132,93a6e6eb06a72fe38df01c241011abd5a1ba64d9,1,1,4000000003600,4000000.003600000000
2025-06-01,9,-325351352,3a3efab82f096b49b5791d2a712c4d5eadb29d1c,40,40,3718000000000,3718000.000000000000
2025-06-01,10,-335225132,9eb891da0e35488346d39d41bed182c03b842595,30,30,2820778750372,2820778.750372000000
2025-06-01,11,1318496439,49e96e255ba418d08e66c35b588e2f2f3766e1d0,1,1,2416709770008,2416709.770008000000
2025-06-01,12,2056386871,2ae08196c5323f5cd1a792de2124914ff4704e03,2,2,2054952577675,2054952.577675000000
2025-06-01,13,1881090579,76be51aa94fb1c9632107349aab0488d878e4395,2,2,1705330692470,1705330.692470000000
2025-06-01,14,1642228075,264bd8291fae1d75db2c5f573b07faa6715997b5,746,746,1700705115840,1700705.115840000000
2025-06-01,15,-258650369,1b5b2c15b5627e140a47dcf41e794bcb47b5833b,2,2,1700000000000,1700000.000000000000
2025-06-01,16,-334513524,f1849a96da3e13074869853a626ab7f1e57f9f74,13,7,1503965880000,1503965.880000000000
2025-06-01,17,-123344462,651c6338503416d3238782f6560ef26b4aae54b1,3,3,1419154840000,1419154.840000000000
2025-06-01,18,-311962041,6811742721dcce83942739d44e40f140b5bcee37,1,1,1243062000000,1243062.000000000000
2025-06-01,19,-216358515,e7a56e5a4ea979bb24e746daf0d25d17af188c4d,2,2,1070014459760,1070014.459760000000
2025-06-01,20,-16106928,e9bb74fe148e41ff9f0a4cae504005015ee6919d,6,6,1010100574246,1010100.574246000000
2025-06-01,21,1148060116,3d3eb99c278c7a50d8cf5fe7ebf0ad69066fb7d1,1,1,1000549846551,1000549.846551000000
2025-06-01,22,924208855,67e022256e5de118994476a621d709d658b65f04,10,10,906086090000,906086.090000000000
2025-06-01,23,1145954013,7aaf6b8506f030f0dac415d03c87e89dc891eeed,26,26,869965441279,869965.441279000000
2025-06-01,24,1702895706,f3bccd7af9286627d1f7efb8658d0828c348de43,41,41,800897347796,800897.347796000000
2025-06-01,25,-372022612,bb9d0927bbb7019ee75e1c4e2a57dbd2556b1d9a,1,1,784136000000,784136.000000000000
2025-06-01,26,1371176518,b38a90f14b24ae81ec0b8f1373694f5b59811d8a,3,3,649675999500,649675.999500000000
2025-06-01,27,-360518434,32e64336f7d7a6b17e6b70d693fdf717af38101a,1,1,600000000000,600000.000000000000
2025-06-01,28,2018506735,557a920cde393bfb47f54c9dbdf50d5a72eded80,1,1,558668954756,558668.954756000000
2025-06-01,29,-197003393,87bc19221b0e0e60d63400852da36469b0f6a4eb,1,1,532309840000,532309.840000000000
2025-06-01,30,1880529712,8f68f44a9b808bbe8cf39f421932cc94c379e24c,1,1,523059828571,523059.828571000000
2025-06-01,31,-375953104,b1eb35eaf9e1d61c3e026ebd1eb7337e604a18cb,2,2,512866648120,512866.648120000000
2025-06-01,32,-385938256,7bdf6db8771f00a1808c5767ff7df0b484acb29c,1,1,500000000450,500000.000450000000
2025-06-01,33,-383334626,28bba3bf28639e280d05228f53080dba99e6aa45,1,1,500000000450,500000.000450000000
2025-06-01,34,-383345111,99b62c0a6953e4f4d49c778ee804ced31b552692,1,1,500000000450,500000.000450000000
2025-06-01,35,-383367900,9024535ed3955cf9bf6c8a4c5e585720404d1aa0,1,1,500000000450,500000.000450000000
2025-06-01,36,-383394311,1f8036ed664a3cd3fda1257965944cef50527a23,1,1,500000000450,500000.000450000000
2025-06-01,37,-383313349,237fd6764c9be9a2ede9e6c6092a472f7541408b,1,1,500000000450,500000.000450000000
2025-06-01,38,-383289339,b7abf78a0b7516a545489ac3b26bf19aa5e1e469,1,1,500000000450,500000.000450000000
2025-06-01,39,-383286303,f9fc8b55971e67020c6535a7f0652b3d8c7c5351,1,1,500000000450,500000.000450000000
2025-06-01,40,-367719511,546bfcfd6b981f923fc018a79f3dd84e328c16af,1,1,500000000450,500000.000450000000
2025-06-01,41,-384753662,8f29a3dc105d369646dd9c88d4e30c3b858a8735,1,1,500000000450,500000.000450000000
2025-06-01,42,-366977933,e94c8e95ef816cbf716c4a31bd4009630c09b3be,1,1,500000000450,500000.000450000000
2025-06-01,43,-385897752,95a4f7c2163c0a198a3af974f7d7d1484c64a3ee,1,1,500000000450,500000.000450000000
2025-06-01,44,-385911787,36282aee16bbfa12f2ca0616a6031a3b0c95d3ee,1,1,500000000450,500000.000450000000
2025-06-01,45,-385912257,781f011351817f9f72592bc43718f46802e38fa8,1,1,500000000450,500000.000450000000
2025-06-01,46,-385916850,ec370b0e0a533dab9a689a955b51a2f42d206816,1,1,500000000450,500000.000450000000
2025-06-01,47,-385921435,ba3d9814121c49fce09f18e081aaf6574c4968ff,1,1,500000000450,500000.000450000000
2025-06-01,48,-385923677,febd51753ddcbfef56385ca5e2e40d071c4558cc,1,1,500000000450,500000.000450000000
2025-06-01,49,-385926441,ce358be289f367889ef7704d0beef94ff05edb74,1,1,500000000450,500000.000450000000
2025-06-01,50,-385933394,3ac2f8f2056c0a71f6e6dc298e230fd0122484a7,1,1,500000000450,500000.000450000000
2025-06-01,51,-374746281,489737689c52922e93ec3a70be26347acaa68e24,1,1,500000000450,500000.000450000000
2025-06-01,52,-385938544,16d78171b6467e85e170949305192267427eed04,1,1,500000000450,500000.000450000000
2025-06-01,53,-385940417,de2d710439b46706f72a66f3e26dd48821472852,1,1,500000000450,500000.000450000000
2025-06-01,54,-371184150,91caa88c6d9885e33d9c8a9848ca1c9ec594f90a,1,1,500000000450,500000.000450000000
2025-06-01,55,-371199318,530f3ef95fb91a63179308a570d7005532bc49af,1,1,500000000450,500000.000450000000
2025-06-01,56,-371218050,9af73ed58b7fd1f4333b889022ed7993c06496ee,1,1,500000000450,500000.000450000000
2025-06-01,57,-371228053,4394fbb7a74f784ffa72261679eba0a211fa24f2,1,1,500000000450,500000.000450000000
2025-06-01,58,-371247090,454ac9509aed39fd9ab2e6fdac50d55e014e9b05,1,1,500000000450,500000.000450000000
2025-06-01,59,-371251017,ea28445cf6e5f89af69b1eaeb69308f41aeed3fe,1,1,500000000450,500000.000450000000
2025-06-01,60,-379516234,d4c0f81fffde225361edd600ed7e19b12b5ea9a7,1,1,500000000450,500000.000450000000
2025-06-01,61,-371266599,afac44f80945ad5cfbadcb68339b131e2ac702f0,1,1,500000000450,500000.000450000000
2025-06-01,62,-346854861,19ad904df14fd70f3cc1494f7912f2eac9a5d46a,1,1,500000000450,500000.000450000000
2025-06-01,63,-379425913,cb1ab9b22f91744ef096080be077fc1875991c53,1,1,500000000450,500000.000450000000
2025-06-01,64,-371267040,82b5f71f6112ee524f12a5448f807eb49ff106e6,1,1,500000000450,500000.000450000000
2025-06-01,65,-347054695,4989cda627ab876097e144fa0d26ce762ee98a08,1,1,500000000450,500000.000450000000
2025-06-01,66,-347428563,cf1b01d692e4cff235dddef521f2c891e275ab5d,1,1,500000000450,500000.000450000000
2025-06-01,67,-347429095,ad43524861900e00eec1970cfee03f598f3e61bb,1,1,500000000450,500000.000450000000
2025-06-01,68,-347429198,3b48bc5cd6878870123c78fec86de24757cedb9d,1,1,500000000450,500000.000450000000
2025-06-01,69,-347433001,ec32d24fa3bbbf6adf59a0279e7316c949b411b2,1,1,500000000450,500000.000450000000
2025-06-01,70,-347434088,d8316fb507372e7712890e9c8aa2e67e224fa4ef,1,1,500000000450,500000.000450000000
2025-06-01,71,-347434688,8be7c0f10e76a418e9b9e67829e979f5aa468bd9,1,1,500000000450,500000.000450000000
2025-06-01,72,-347439989,f45990128ee70f51708bbe3f6e6f2a0eab3f0f10,1,1,500000000450,500000.000450000000
2025-06-01,73,-364229006,b2e38419a2503a4c255970463f5a02bdd20ba41c,1,1,500000000450,500000.000450000000
2025-06-01,74,-347443918,c00bdecdb2ac5231e85253ec132fc4b12930a06c,1,1,500000000450,500000.000450000000
2025-06-01,75,-347444736,085e5803ed2fd017e5f97fe4fe2a4f4d65c736ab,1,1,500000000450,500000.000450000000
2025-06-01,76,-347445064,d8978bb439c0e85108e0e2abf08a81de99b827d9,1,1,500000000450,500000.000450000000
2025-06-01,77,-364215915,d7d3508cd2ccc31c57589b9da06d3925a69e29f6,1,1,500000000450,500000.000450000000
2025-06-01,78,-372094576,10218b9048f9e56d5e7b0a38e5de645f7412dbad,1,1,500000000450,500000.000450000000
2025-06-01,79,-372111489,5be26604f959cff0969e792ef75b5d3e1e6181c3,1,1,500000000450,500000.000450000000
2025-06-01,80,-378903312,af1c57483a711b099a4ce11b10ab9aceec58f4c2,1,1,500000000450,500000.000450000000
2025-06-01,81,-347445220,ebaaa3c307487766c32108d9ecf183581634584e,1,1,500000000450,500000.000450000000
2025-06-01,82,-347448164,f9d5facffd2376be3687702ff53a09d40a477fd8,1,1,500000000450,500000.000450000000
2025-06-01,83,-347453563,77867e854390cdfbf203b0bf4b375099f1858da6,1,1,500000000450,500000.000450000000
2025-06-01,84,-363914135,098f4f670122804c618a1efc494498c331a818c8,1,1,500000000450,500000.000450000000
2025-06-01,85,-347459065,1bafe32bdf4ed2ecc76732f81d9a4aa8c1228a2e,1,1,500000000450,500000.000450000000
2025-06-01,86,-373578455,83f0393cbe092c130655e84dea06b3e3b3f4f705,1,1,500000000450,500000.000450000000
2025-06-01,87,-373590186,673edcd453f12a9a2e8b7f87a57871b8b45e8cc4,1,1,500000000450,500000.000450000000
2025-06-01,88,-376490068,31251875a3f275b20ccd34b85cc51c361933973a,1,1,500000000450,500000.000450000000
2025-06-01,89,-373590265,613b60034fbedc1d614ea4539488a13bb38a0cc5,1,1,500000000450,500000.000450000000
2025-06-01,90,-373597361,03a7a34adba2415f44fbe3a7244cd1909cea2efb,1,1,500000000450,500000.000450000000
2025-06-01,91,-358360707,caf5b5991a18f1348ec2f9af8e35eb56058673a7,1,1,500000000450,500000.000450000000
2025-06-01,92,-373602829,aa6d8f697c9934a4f0df4fd129a6656a42a032f0,1,1,500000000450,500000.000450000000
2025-06-01,93,-373607840,14316c7616ca044003cb0687645168b3246f9e12,1,1,500000000450,500000.000450000000
2025-06-01,94,-359201840,a1ed2cce1086eeeacfbcc871ff4ae7cb0d9b268b,1,1,500000000450,500000.000450000000
2025-06-01,95,-383329405,3fe423bb5e9da04b716bdcf4a52e5a45de6eaff4,1,1,500000000450,500000.000450000000
2025-06-01,96,-391030679,4c61a7ade8c7b50cd4cbacd2aa63f5f651949f73,1,1,500000000450,500000.000450000000
2025-06-01,97,-391030986,396fa106837eeadb047325729321178359b9915c,1,1,500000000450,500000.000450000000
2025-06-01,98,-391099160,a820e19727bf7504e72547bbf6689a25b3ee7902,1,1,500000000450,500000.000450000000
2025-06-01,99,-360596963,e434df6d043ed10860afb83f502c5318a13ca4fc,1,1,500000000450,500000.000450000000
2025-06-01,100,-140030477,901ecaaa2cfe196fd40dad18f00bbd78849fe794,3,3,499911716000,499911.716000000000
2025-07-01,1,-229505902,baa8f73befc06df041bbd53d601e9ed2b4ef940f,9,9,45000000000000,45000000.000000000000
2025-07-01,2,-403103731,e90035774731cc269884312f37502f9fb6f9dcd5,2,2,20005149441567,20005149.441567000000
2025-07-01,3,1642228075,264bd8291fae1d75db2c5f573b07faa6715997b5,1063,1063,15334385053452,15334385.053452000000
2025-07-01,4,1877493213,3af4a49c8e2fcaf33fd3389543b80d320fcc9091,10,10,10778912850000,10778912.850000000000
2025-07-01,5,2027659310,b99a2c4c1c4f1fc27150681b740396f6ce1cbcf5,1,1,5040224924514,5040224.924514000000
2025-07-01,6,-447697721,27d828bcc4e9af5476d93c297d4359447f4f260f,1,1,4723103709728,4723103.709728000000
2025-07-01,7,-404298350,1ecc30df42095fbb89088b6f60f21e2f9fed09ad,1,1,4000000003600,4000000.003600000000
2025-07-01,8,-403148012,dd6258c53ab342ca8418092c4a814d4a057c0470,1,1,4000000003600,4000000.003600000000
2025-07-01,9,-403134326,5593f461fc52090dcb64f25daa7e6afc0188dfee,1,1,4000000003600,4000000.003600000000
2025-07-01,10,-371259672,1b0e4fa7dfa2a46d2aebc99a23c55d264b114f27,1,1,4000000003600,4000000.003600000000
2025-07-01,11,-352604147,8a5c36c436baccb45811203d00553a293803801d,1,1,4000000003600,4000000.003600000000
2025-07-01,12,-388450528,3c506ba0540a97313486e73532b83bd8cbd6fcd0,1,1,4000000003600,4000000.003600000000
2025-07-01,13,-277975136,0db79c0770e1c647b8bb76d94c22420faa7ac181,3,3,3105477494414,3105477.494414000000
2025-07-01,14,1943309025,9071bfe89d0880edc21e977f3837b5503200f11d,26,26,3068727361025,3068727.361025000000
2025-07-01,15,-334513524,f1849a96da3e13074869853a626ab7f1e57f9f74,14,8,2120947320000,2120947.320000000000
2025-07-01,16,-447267593,c351876bde1580fe8aee3f1a0108f373d0fb21e0,6,3,2100000000000,2100000.000000000000
2025-07-01,17,-317124610,1b23fe057e195f3519dceeb9f892b77129822f9a,7,7,1868809402210,1868809.402210000000
2025-07-01,18,1452193919,a87a233e8a7d8951ff790a2e39738086cb5f71b7,1,1,1779335116311,1779335.116311000000
2025-07-01,19,1597043377,abb4f79430002534df3f62e964d62659a010ef3c,11,11,1735173311709,1735173.311709000000
2025-07-01,20,-317332011,3063c5907faa10c01b242181aa689beb23d2bd65,1,1,1371198000000,1371198.000000000000
2025-07-01,21,-308424312,38cd0585af87ecf0ca445ae40c5337f5868afd4e,3,3,1263054700000,1263054.700000000000
2025-07-01,22,-380639371,129d32396f0a8cb03b53209310034fcd78b4eb9b,1,1,1200000000000,1200000.000000000000
2025-07-01,23,1507833200,e32e3bd2ec560513cab4757564ca50d13caf9f7f,1,1,1100000000000,1100000.000000000000
2025-07-01,24,2056386871,2ae08196c5323f5cd1a792de2124914ff4704e03,2,2,1060315228330,1060315.228330000000
2025-07-01,25,1966848499,96fc07d730b514d5318eddd94289578d4545505e,1,1,1002215845779,1002215.845779000000
2025-07-01,26,1661527015,defdffbafbb518d84bf0f10647f8cd1927e87bbb,2,2,1000000000000,1000000.000000000000
2025-07-01,27,-325351352,3a3efab82f096b49b5791d2a712c4d5eadb29d1c,19,19,985000000000,985000.000000000000
2025-07-01,28,-120117814,7a7316a0d71b083dfec776186b4b1058df98e2ff,4,4,899985387572,899985.387572000000
2025-07-01,29,2096686288,80787af194c33b74a811f5e5c549316269d7ee1a,19,19,841152317159,841152.317159000000
2025-07-01,30,-399385573,2d0735e4f8b5b094d07374ce5d35eb48768c843f,2,2,835298700000,835298.700000000000
2025-07-01,31,1698984512,b61bb0c3f4afc30b1d8dbcb8767c0e38c4829322,8,8,833803590100,833803.590100000000
2025-07-01,32,-418569490,f62a0ca231b52e764f1ecac7b4502feb43c3381a,16,16,636742772654,636742.772654000000
2025-07-01,33,-242877257,c93d036c58c83811a82fb98feed8cac7a942a110,3,3,607358042325,607358.042325000000
2025-07-01,34,1978899679,17507072c2ee8bd8f6debd38d048c8a1887b39d4,2,2,604079263390,604079.263390000000
2025-07-01,35,559198149,6a5dbf2fb5206ec8192620810c3edb6d5e62b188,1,1,598012887910,598012.887910000000
2025-07-01,36,1346014421,51e53ee413dd31a153734f99d38fd729dd7ca11c,8,8,543002704500,543002.704500000000
2025-07-01,37,-375953104,b1eb35eaf9e1d61c3e026ebd1eb7337e604a18cb,4,4,537041455029,537041.455029000000
2025-07-01,38,-140030477,901ecaaa2cfe196fd40dad18f00bbd78849fe794,1,1,513366880000,513366.880000000000
2025-07-01,39,-335225132,9eb891da0e35488346d39d41bed182c03b842595,2,2,504605908803,504605.908803000000
2025-07-01,40,-404302139,01111407375e170297772af3268cf41d9f7ff41b,1,1,500000000450,500000.000450000000
2025-07-01,41,-404298909,5852ab9391d4a8f907e862e0ec89b9ec5ca823d9,1,1,500000000450,500000.000450000000
2025-07-01,42,-403177680,97d95792e148c4548bde5f7088000621eb57f6d0,1,1,500000000450,500000.000450000000
2025-07-01,43,-448630723,17fdacc7d2ba4a1147a1aae702a66fe06f2a766b,1,1,500000000450,500000.000450000000
2025-07-01,44,-403176494,4fc1ccc9271bf9286336c42a572e000b29bd9434,1,1,500000000450,500000.000450000000
2025-07-01,45,-448613812,7ad2e4d1d2d0d9db3d63b68623b3e8582c571434,1,1,500000000450,500000.000450000000
2025-07-01,46,-448590051,06444b34831e968938afd5bd2aca2889597ac633,1,1,500000000450,500000.000450000000
2025-07-01,47,-448586712,70dc273dab436ff8eb6a33f5e8e32f2e5c4e5ccb,1,1,500000000450,500000.000450000000
2025-07-01,48,-403173700,b4866ee5bc40c199e504253ef20b1cb055e0a5f5,1,1,500000000450,500000.000450000000
2025-07-01,49,-448574517,13855eb42d943b2317b15906fe77893d53c5966e,1,1,500000000450,500000.000450000000
2025-07-01,50,-448570743,96aac741f215b48b6569c08f9ebdf3cbf6271888,1,1,500000000450,500000.000450000000
2025-07-01,51,-448565235,b35cd6147e06b0a0bce261624b369ea403a94278,1,1,500000000450,500000.000450000000
2025-07-01,52,-448560935,02145e6f513630c98e6937f69e136c56556beed5,1,1,500000000450,500000.000450000000
2025-07-01,53,-448531836,432b2f648ae9afe7be8191b8871c87557b81f0a8,1,1,500000000450,500000.000450000000
2025-07-01,54,-448515986,423810376fb5b48baf12a306685b8bfdbc03d220,1,1,500000000450,500000.000450000000
2025-07-01,55,-403173112,8819a1287d413b3985ce1edac536a90fc646ae59,1,1,500000000450,500000.000450000000
2025-07-01,56,-403169484,e87d065bd9bbfca68fecea0c4806c6ef1aaa0e5a,1,1,500000000450,500000.000450000000
2025-07-01,57,-403167180,391724a4378ae4f2e18d6da6236e3158d975bf9f,1,1,500000000450,500000.000450000000
2025-07-01,58,-403143069,b7a78b7562600c2ad4cd4b2ae1a4a2984bb5853a,1,1,500000000450,500000.000450000000
2025-07-01,59,-403141438,196fd4fba09000ced0bfcb174145c4f4a5d80606,1,1,500000000450,500000.000450000000
2025-07-01,60,-403133536,3623984e4640b121767a17962bb71c74b0a3f799,1,1,500000000450,500000.000450000000
2025-07-01,61,-448213599,a863f0e9941775ed851fb84631c5175554b8751a,1,1,500000000450,500000.000450000000
2025-07-01,62,-403131985,7fa7b5414b443c3355bdd3752be5134104fe8db9,1,1,500000000450,500000.000450000000
2025-07-01,63,-402728349,cdf242ab30085e2309cc14ebcb97be2f21a22813,1,1,500000000450,500000.000450000000
2025-07-01,64,-402727262,437975e51bd8e726ad01003224a045fbe91742b3,1,1,500000000450,500000.000450000000
2025-07-01,65,-402719450,4577daa8d62dadd540e4f676d6d839f9a6004532,1,1,500000000450,500000.000450000000
2025-07-01,66,-402714232,00359de3af47de260a213ae48be55a39cf0cd8d2,1,1,500000000450,500000.000450000000
2025-07-01,67,-402704745,eb56ee8f24c40759d42160f733b7cd8b5df8c79e,1,1,500000000450,500000.000450000000
2025-07-01,68,-447771958,ec67f484c900dc8f35deff3da2a1534b5455d4ce,1,1,500000000450,500000.000450000000
2025-07-01,69,-447766855,35b371c826df52eeab07b5656690f9aa6202a977,1,1,500000000450,500000.000450000000
2025-07-01,70,-447762341,eaaabaa320cf8a1befcf9470f77fe512888e8b15,1,1,500000000450,500000.000450000000
2025-07-01,71,-447760170,7330ecce9663919c69b702cb26dd28d01ad9051d,1,1,500000000450,500000.000450000000
2025-07-01,72,-447756000,7ac2e3f2008acc2b0345322a1c95436863789955,1,1,500000000450,500000.000450000000
2025-07-01,73,-447751604,0fbd9c606b61fdbffc137dffc1d33bbd8e17a541,1,1,500000000450,500000.000450000000
2025-07-01,74,-447749434,872b95ca74306df18ce76de8b4b34a90208b6cb3,1,1,500000000450,500000.000450000000
2025-07-01,75,-447740863,34c7ac26b605dafa021a08eceee0a8ffc1f76946,1,1,500000000450,500000.000450000000
2025-07-01,76,-447733653,f6e3ebe8cb2fa05f2bfc5f4da0e4ab5f3696d91f,1,1,500000000450,500000.000450000000
2025-07-01,77,-402686302,aff0ef05d13298cf176f2c847838ece0d578fa64,1,1,500000000450,500000.000450000000
2025-07-01,78,-402677037,f050660b9634ef519ad424690369162f503e849c,1,1,500000000450,500000.000450000000
2025-07-01,79,-402668572,e18d9dddcc0cd112b86413be398c75e03fa16dfa,1,1,500000000450,500000.000450000000
2025-07-01,80,-404290148,ce1abf9e323298ee38a5c299ff04078250e1864c,1,1,500000000450,500000.000450000000
2025-07-01,81,-448643880,fc2e5e184b1401783cbb745d81f782a8a31b68c7,1,1,500000000450,500000.000450000000
2025-07-01,82,-448761894,9072d1cfcaaa7d7a2b9165937d8f944cc7483f1e,1,1,500000000450,500000.000450000000
2025-07-01,83,-448730599,4f075c345b51947cfaa3560d49933f1d18da601c,1,1,500000000450,500000.000450000000
2025-07-01,84,-448732338,275fa27de91dca998e155dd649a2c7e99a11f768,1,1,500000000450,500000.000450000000
2025-07-01,85,-448775116,831e298706cfe08da203d6ffae63e9bfb78a5793,1,1,500000000450,500000.000450000000
2025-07-01,86,-414370061,f9fceb5d037a377f0c44eea35253238b2c882c1b,1,1,500000000450,500000.000450000000
2025-07-01,87,-414369649,d9b5fff599b53a2216faf23669633011679a410b,1,1,500000000450,500000.000450000000
2025-07-01,88,-414362941,e079cc6ef5e3b89252c2adab10b4eddc367182c9,1,1,500000000450,500000.000450000000
2025-07-01,89,-414357751,814e36daf4c5e99279478284c3047a86f1a8a018,1,1,500000000450,500000.000450000000
2025-07-01,90,-414355925,400175c7099f7612f4f4de3e3dfef8c3ea0f7e29,1,1,500000000450,500000.000450000000
2025-07-01,91,-414340900,4b85cf59f9882442da90e229198f01f75da967fd,1,1,500000000450,500000.000450000000
2025-07-01,92,-414268145,9b54a7ee1f8f57e360be5f04c194b1a3dba89987,1,1,500000000450,500000.000450000000
2025-07-01,93,-414251953,0804931dd45030a5323f2adaf25a33a4e52824a6,1,1,500000000450,500000.000450000000
2025-07-01,94,-414235933,cb7d026d42a3a3e084a0efdb97f84dcf719717b7,1,1,500000000450,500000.000450000000
2025-07-01,95,-414234420,e624e366f5cf6688b4887c486a86e0a8ada5c392,1,1,500000000450,500000.000450000000
2025-07-01,96,-414220656,6a8b2ebde011abd19beb77c00b062567b201fd71,1,1,500000000450,500000.000450000000
2025-07-01,97,-414205104,c709b88389a5af726cd5a0fcbc0b6ff348e89c88,1,1,500000000450,500000.000450000000
2025-07-01,98,-412188939,bcb0f0e10b3dfee89aeb676dd28665a4c04a4beb,1,1,500000000450,500000.000450000000
2025-07-01,99,-411249336,b02f04b00b625c380b51e90253567048ea27231a,1,1,500000000450,500000.000450000000
2025-07-01,100,-407004564,5a7600bc9ad340201fcd278c62ab8b828bf61b56,1,1,500000000450,500000.000450000000
2025-08-01,1,-3197481,603816c3c509007cf9265acf85df5927c49d6da4,66,66,59602953175034,59602953.175034000000
2025-08-01,2,1642228075,264bd8291fae1d75db2c5f573b07faa6715997b5,1154,1154,50072179770782,50072179.770782000000
2025-08-01,3,-317124610,1b23fe057e195f3519dceeb9f892b77129822f9a,11,11,9891298815232,9891298.815232000000
2025-08-01,4,-491204141,3fe5b0eb4aa807c7d62008015d0afdaf50539b34,5,5,8300000000000,8300000.000000000000
2025-08-01,5,1797925792,ddf725d2ebd795748dd8c6b700b7c98d1dfb8ce5,7,7,8000000000000,8000000.000000000000
2025-08-01,6,-229505902,baa8f73befc06df041bbd53d601e9ed2b4ef940f,1,1,5000000000000,5000000.000000000000
2025-08-01,7,-423446595,dc0b52703497fad59c20ae6e8bf37b51079bed17,1,1,4000000003600,4000000.003600000000
2025-08-01,8,-423451096,bc3f5c6c9246e935799e72326476e9d0169d1511,1,1,4000000003600,4000000.003600000000
2025-08-01,9,1711477038,9f6fed26339789725b0751f57aeac23367ceee57,2,2,3758597660546,3758597.660546000000
2025-08-01,10,2094248035,df2609ec3d2e07a79d2e25e52960e75250bd9aaa,3,3,3306500000000,3306500.000000000000
2025-08-01,11,1242296813,121df6cf9d35c240aa191dc045e24b4f4ef4fa5b,2,2,2800266000000,2800266.000000000000
2025-08-01,12,-325351352,3a3efab82f096b49b5791d2a712c4d5eadb29d1c,45,45,2771000000000,2771000.000000000000
2025-08-01,13,-433651002,645c0aee150e4093513e26ad6c21d804f2aa7ebc,2,2,2653333229923,2653333.229923000000
2025-08-01,14,1482766825,c91fc9dd7f1bb6ec429eddb577b9ace6236b2147,10,10,2609169000000,2609169.000000000000
2025-08-01,15,1661527015,defdffbafbb518d84bf0f10647f8cd1927e87bbb,9,9,2386838430538,2386838.430538000000
2025-08-01,16,1483810949,c0c597d4234bf1ed01cff725302fefc1010577ba,8,8,2219665000000,2219665.000000000000
2025-08-01,17,920019020,51470680d9ab003a53a81fe7bcd9f3f85ad84069,21,21,2154245449324,2154245.449324000000
2025-08-01,18,-120117814,7a7316a0d71b083dfec776186b4b1058df98e2ff,9,9,2053735466401,2053735.466401000000
2025-08-01,19,-335225132,9eb891da0e35488346d39d41bed182c03b842595,8,8,2011222436931,2011222.436931000000
2025-08-01,20,-399385573,2d0735e4f8b5b094d07374ce5d35eb48768c843f,11,11,1982790515206,1982790.515206000000
2025-08-01,21,-447267593,c351876bde1580fe8aee3f1a0108f373d0fb21e0,5,2,1900450530000,1900450.530000000000
2025-08-01,22,-431755983,b9ee87ff31444364d8b4398afa5103de76e13981,5,5,1870098281223,1870098.281223000000
2025-08-01,23,924208855,67e022256e5de118994476a621d709d658b65f04,2,2,1800000000000,1800000.000000000000
2025-08-01,24,2056386871,2ae08196c5323f5cd1a792de2124914ff4704e03,4,4,1587413592668,1587413.592668000000
2025-08-01,25,-308424312,38cd0585af87ecf0ca445ae40c5337f5868afd4e,5,5,1570000000000,1570000.000000000000
2025-08-01,26,-334513524,f1849a96da3e13074869853a626ab7f1e57f9f74,13,7,1532963080000,1532963.080000000000
2025-08-01,27,856773726,500bea59133e20dc63b7e88913b30348494b84ba,4,4,1496973716859,1496973.716859000000
2025-08-01,28,971414909,bd73cf5baf12f120ee3f6c4ad82df9a12649e578,8,8,1414207101952,1414207.101952000000
2025-08-01,29,-380639371,129d32396f0a8cb03b53209310034fcd78b4eb9b,4,4,1369686157151,1369686.157151000000
2025-08-01,30,1698984512,b61bb0c3f4afc30b1d8dbcb8767c0e38c4829322,16,16,1353419039300,1353419.039300000000
2025-08-01,31,-415680252,4f900024c8cf3dec13db7eb0519f720b996d7476,10,10,1319177023183,1319177.023183000000
2025-08-01,32,1978659784,25737a8df1bbdc84ce7669fc044ba9fd300453b3,8,8,1263934327337,1263934.327337000000
2025-08-01,33,1145954013,7aaf6b8506f030f0dac415d03c87e89dc891eeed,18,18,1207892101434,1207892.101434000000
2025-08-01,34,74677,1fda9690926f064981306af601631420dd76c8c1,10,10,1185088888930,1185088.888930000000
2025-08-01,35,1857710538,9279737f23ea2c30820b61eba072002a405a526f,5,5,1091830857314,1091830.857314000000
2025-08-01,36,494081559,dd84ce1adcb3a4908db61a1dfa3353c3974c5a2b,7,7,1000000022299,1000000.022299000000
2025-08-01,37,1712565812,8a25d8c9fa8c7a726137f2d618d85cbc2c083f78,1,1,1000000000000,1000000.000000000000
2025-08-01,38,1291818202,1582b06d8c4b6c5990e2ba951d88a88363dab891,48,48,958332021301,958332.021301000000
2025-08-01,39,1503055255,6d3b90747dbf5883bf88ff7eb5fcc86f408b5409,5,5,857060513819,857060.513819000000
2025-08-01,40,1943309025,9071bfe89d0880edc21e977f3837b5503200f11d,6,6,721906347292,721906.347292000000
2025-08-01,41,2096686288,80787af194c33b74a811f5e5c549316269d7ee1a,20,20,701757068886,701757.068886000000
2025-08-01,42,1957945035,596af0a1c99f5e86ff9506b4ff1fb83782fad115,3,3,627950738837,627950.738837000000
2025-08-01,43,-37457134,a913b7666d2b554c6bacd3c4f4875dade813baba,5,5,594560116815,594560.116815000000
2025-08-01,44,1971391204,f843ea92e5f0ea3d87adbf80927c799e02147c9a,2,2,551184600283,551184.600283000000
2025-08-01,45,-186829681,764d63adb804c3ef8dd51a80bebbe1f26d420025,6,6,510893718718,510893.718718000000
2025-08-01,46,1912307344,6d42aab8b4efd1ad0c5454a040b59ae3c99440b5,2,2,500096406058,500096.406058000000
2025-08-01,47,-485662596,3679ba3216ea47b3069af6fe220d5bf017cb61d1,1,1,500000000450,500000.000450000000
2025-08-01,48,-462282719,57162c7787e40de49b02ed44a93cc9ce7e6f90da,1,1,500000000450,500000.000450000000
2025-08-01,49,-448774228,c6c6772525de1cc9a364c7f7eff61a4b51b21e6e,1,1,500000000450,500000.000450000000
2025-08-01,50,-448762525,e26998814a5098b614e0325cf7e14a37038003b7,1,1,500000000450,500000.000450000000
2025-08-01,51,-477913417,febeeb9ed80b4acec6d125f0ac1a4218792ca8ac,1,1,500000000450,500000.000450000000
2025-08-01,52,-481042491,ad69c0e0bc6176ab83291df2e6493906dc2e7e2b,1,1,500000000450,500000.000450000000
2025-08-01,53,-448761276,3520bab24673fb6b7c2a65cca320cf852a7e80dd,1,1,500000000450,500000.000450000000
2025-08-01,54,-448743789,4cb2eec3423fd84df9f59c1aa3182d37aa534d3b,1,1,500000000450,500000.000450000000
2025-08-01,55,-462280957,4c052baf96d14912cbc36016b16f8a5458782c04,1,1,500000000450,500000.000450000000
2025-08-01,56,-448736482,4b21ceca8a6e7849b8245735767063ff6ce0edf3,1,1,500000000450,500000.000450000000
2025-08-01,57,-462285945,8be2d10e0a029016b4a1a4446cc12753524bcda1,1,1,500000000450,500000.000450000000
2025-08-01,58,-491252410,0ce3060ea2e4dcdadb3fb480c53b21e190f14cce,1,1,500000000450,500000.000450000000
2025-08-01,59,-498781297,42c4ad8b2eadd06a01efe43631b0ef08c05f61f5,1,1,500000000450,500000.000450000000
2025-08-01,60,-462278075,7e151e44d1344b634bd50ac7fcd49929f49267d1,1,1,500000000450,500000.000450000000
2025-08-01,61,-491162777,7106927f30d7b8510437aba8ba6fcb15f98dbbe3,1,1,500000000450,500000.000450000000
2025-08-01,62,-475830653,842366d5aab68e9d1c879bde9407580b28346e0c,1,1,500000000450,500000.000450000000
2025-08-01,63,-462273092,1ce711f40c028a6a63d292a0dd56b5ebbcd4c10b,1,1,500000000450,500000.000450000000
2025-08-01,64,-462269555,43cd70072792407415a1600d67ab6455f8b62323,1,1,500000000450,500000.000450000000
2025-08-01,65,-489538315,2c8b4fba3b3706827c96f3e4ccbc0d1442dcd074,1,1,500000000450,500000.000450000000
2025-08-01,66,-462293326,5a067732489f587eb93bc98978594cf41b877f45,1,1,500000000450,500000.000450000000
2025-08-01,67,-462294629,adba26ea6aaaa00ccf2d9272ab2ecd69e43a34ec,1,1,500000000450,500000.000450000000
2025-08-01,68,-462259867,2193e37c3c8f3c0a8cfa03898a61f393f5984269,1,1,500000000450,500000.000450000000
2025-08-01,69,-462298690,f3581b13679a821fdab017a709acbdc4bedb7532,1,1,500000000450,500000.000450000000
2025-08-01,70,-462303222,574f0708fa744e7f00469d596ff0ee45eb194594,1,1,500000000450,500000.000450000000
2025-08-01,71,-462303503,d06c007fbe85ef8a25c33126c1480872dfc8535e,1,1,500000000450,500000.000450000000
2025-08-01,72,-462317405,a768053ae3dbac45001a71fbc4f87a2a9b244aff,1,1,500000000450,500000.000450000000
2025-08-01,73,-462317858,f11312dd9eb43cebe21854ad808fda74048a4a41,1,1,500000000450,500000.000450000000
2025-08-01,74,-474511678,0ade3ec3b71e3e431f9753f3d970d40cbf17ce97,1,1,500000000450,500000.000450000000
2025-08-01,75,-474492774,cbe624e40a592e62177b1ab71b627107949a2602,1,1,500000000450,500000.000450000000
2025-08-01,76,-462326843,dcc17c120eaba0842a840e53147326cdb22021b4,1,1,500000000450,500000.000450000000
2025-08-01,77,-462329982,e840701646048f037d3a21515f8ce5dc85c1fbc2,1,1,500000000450,500000.000450000000
2025-08-01,78,-452261130,af3736c4f792e4449363f23dfc4c4118d08dae37,1,1,500000000450,500000.000450000000
2025-08-01,79,-250526946,f50411f3ab97616969cfeaa347759bf3455777d2,1,1,500000000000,500000.000000000000
2025-08-01,80,-224594756,29e41cc559255070725f54a2c39259935e7ee362,1,1,499999900000,499999.900000000000
2025-08-01,81,-479010891,efae2a4e3e0597e31c3202ee72950562213d8137,1,1,499982097585,499982.097585000000
2025-08-01,82,-451951685,343910418bbbb8d8649ad3577c54b5033ac7fafe,1,1,499455932119,499455.932119000000
2025-08-01,83,-487869491,287aacc71a44ae4a0a99fe5bb25afc62c1062f4d,1,1,494681020408,494681.020408000000
2025-08-01,84,-496235146,d4de5ca4eb330e3b31cf1564b783280ac1b6b6af,1,1,482395387453,482395.387453000000
2025-08-01,85,930444523,3519ee4d387150f230baca90f5c50e9d296164c6,5,5,481535568778,481535.568778000000
2025-08-01,86,-476585881,e105cc1f46abbc2df8db789ae694066336072386,1,1,480712743374,480712.743374000000
2025-08-01,87,-495916457,66581faa05835e18f7267fd1a0c6daa4c47455a1,1,1,480669428669,480669.428669000000
2025-08-01,88,-454283711,b33bb4b96f716a432164dec90dbcb1aa5b36c244,1,1,476048983960,476048.983960000000
2025-08-01,89,-484471344,3bba0a6b6647159ce777ae79861d1a97486c5742,2,2,448596897730,448596.897730000000
2025-08-01,90,1416151190,3096d872e1fcc96e5e55f43411971d49bb137b9b,6,6,416884996877,416884.996877000000
2025-08-01,91,531030073,3ffba13e5e713cc435271a1c4a50ffcfa835f9d4,1,1,400000000000,400000.000000000000
2025-08-01,92,-268390134,ac009ee5bb212a17ceb9fc68553d54a18248ecb0,2,2,400000000000,400000.000000000000
2025-08-01,93,-375953104,b1eb35eaf9e1d61c3e026ebd1eb7337e604a18cb,1,1,399945000000,399945.000000000000
2025-08-01,94,1388736716,ee5bcbd8ce33348bb4753da9c372c76c18d29141,7,7,379943897663,379943.897663000000
2025-08-01,95,-286743526,e33fae378ab2eb2b8e82cc57a8f503b02a6f0498,4,4,320501176978,320501.176978000000
2025-08-01,96,-400850471,f3892bf9c33935d4227900fd1ecab4e1057b2a5b,2,2,316480160609,316480.160609000000
2025-08-01,97,655581146,19e0c4c43c3f08baebdc4fc4c4c7a58ab02bc18f,1,1,300000695631,300000.695631000000
2025-08-01,98,4395050,84abd78727950aa776f7939102f51df6b166ab84,1,1,300000000000,300000.000000000000
2025-08-01,99,-140030477,901ecaaa2cfe196fd40dad18f00bbd78849fe794,1,1,299957350000,299957.350000000000
2025-08-01,100,-358853416,fe2c9cf7b9cc9b30ffbe7bbace48ebdf3520ae36,2,2,280547512443,280547.512443000000
2025-09-01,1,1642228075,264bd8291fae1d75db2c5f573b07faa6715997b5,2142,2142,309072165406646,309072165.4066460000
2025-09-01,2,-3197481,603816c3c509007cf9265acf85df5927c49d6da4,176,176,176133420116582,176133420.1165820000
2025-09-01,3,839887091,a5cce50b52eba6c30be3f18def74a98472ff3f3d,318,318,93873685426630,93873685.426630000000
2025-09-01,4,-503878525,05ab9caac4c091d73299e58aa33fb7d15d98d895,199,199,61980102831289,61980102.831289000000
2025-09-01,5,-229505902,baa8f73befc06df041bbd53d601e9ed2b4ef940f,6,6,30000000000000,30000000.000000000000
2025-09-01,6,-473838567,65cfbe9fc553026ff4d1af52b9d12c30168a0428,160,160,29046621886459,29046621.886459000000
2025-09-01,7,-139031532,1be45fef92c4e2538fecd150757ed62b7b3757d7,2,2,25574221926584,25574221.926584000000
2025-09-01,8,1993009088,a354212f4dac8f5a740cd9c692e52f5c622d258c,93,93,24558448478341,24558448.478341000000
2025-09-01,9,-72723724,88dd31594d8653c30c41c63a6d9f17d3be328a05,5,5,20000047926026,20000047.926026000000
2025-09-01,10,-277975136,0db79c0770e1c647b8bb76d94c22420faa7ac181,4,4,19490401692482,19490401.692482000000
2025-09-01,11,-37457134,a913b7666d2b554c6bacd3c4f4875dade813baba,76,76,16993273320000,16993273.320000000000
2025-09-01,12,2094248035,df2609ec3d2e07a79d2e25e52960e75250bd9aaa,7,7,12027800000000,12027800.000000000000
2025-09-01,13,1912307344,6d42aab8b4efd1ad0c5454a040b59ae3c99440b5,27,27,9778789261015,9778789.261015000000
2025-09-01,14,-537220818,7d0ca3df5c219c36ca7f102648fc1b081e727269,18,18,8149018553789,8149018.553789000000
2025-09-01,15,-57430841,2d2419e6252729121c70285b045da2557128a131,12,12,7700625129711,7700625.129711000000
2025-09-01,16,-542577481,7c0f5861f7ebd94fa614383cc6ff733372fcf7eb,31,31,7643966901421,7643966.901421000000
2025-09-01,17,-260007265,1dff1e9968222aa6c66bf402bac2c3fe5ed13f76,2,2,7500000000000,7500000.000000000000
2025-09-01,18,2137894645,f276d10b388e00b8a04b1362f66c6e2aad8a1960,11,11,6393853523653,6393853.523653000000
2025-09-01,19,-579135007,127d002d4ab4ac82deadf8b19f2b91ac0f1b88e0,2,2,5363610170000,5363610.170000000000
2025-09-01,20,856773726,500bea59133e20dc63b7e88913b30348494b84ba,18,18,5245015921963,5245015.921963000000
2025-09-01,21,-564002604,7bd760c112ccd49360067f4a328067d2f9a08626,1,1,4997115062896,4997115.062896000000
2025-09-01,22,-308424312,38cd0585af87ecf0ca445ae40c5337f5868afd4e,8,8,4191000000000,4191000.000000000000
2025-09-01,23,1966848499,96fc07d730b514d5318eddd94289578d4545505e,11,9,4060012040000,4060012.040000000000
2025-09-01,24,-474307877,3f79442d8909d2163191d3ae835e165efddedf46,8,8,4025009627713,4025009.627713000000
2025-09-01,25,-575320646,c1b846c3651e13ba869cde25b195c6e526a1b570,1,1,4000498225260,4000498.225260000000
2025-09-01,26,-550064918,00388ef2d47d44955da0c2a4932ce0412322d016,1,1,4000000003600,4000000.003600000000
2025-09-01,27,-562318619,7bfbe3c5d66278f72dfdc63d28841dc26e6b3c3a,1,1,4000000003600,4000000.003600000000
2025-09-01,28,-548612098,ee4f7dd7f521d7f36c8cebe868a50786d0c83f6f,1,1,4000000003600,4000000.003600000000
2025-09-01,29,-542540845,42c1db19bd0d91acb3b210c11ecdcfc227dcbce6,1,1,4000000003600,4000000.003600000000
2025-09-01,30,-557281021,35888515bb4ea2987cd2a8de9e56c0c477b19bd3,1,1,4000000003600,4000000.003600000000
2025-09-01,31,-495346738,60d2a6e5a7733df17f9f193208548512ca490d34,1,1,4000000003600,4000000.003600000000
2025-09-01,32,-448637810,6db95ef3a7f1fd1036a851fca91d6a4cba743437,1,1,4000000003600,4000000.003600000000
2025-09-01,33,-554340168,9690e499c4f9595f1f91acc2bf73ac18765f7519,1,1,4000000003600,4000000.003600000000
2025-09-01,34,-564069447,c0d77485d2ca10ea7f7f08d5c962f5e09e495f53,1,1,4000000003600,4000000.003600000000
2025-09-01,35,-428068230,f1d4d90e42de8a69b41ea266be191c23f6863e43,1,1,4000000003600,4000000.003600000000
2025-09-01,36,-538741231,bf8659979793d52901e9023c9edf1963c80895bc,1,1,4000000003600,4000000.003600000000
2025-09-01,37,-553956922,87be26aa9628e611d59703b1d6fcdd245393efd9,1,1,4000000003600,4000000.003600000000
2025-09-01,38,-538727698,9731ef50618f2884a279a3872328f1b3fc4aeebe,1,1,4000000003600,4000000.003600000000
2025-09-01,39,-451955035,9cfbd1b96bbdc8257b765951db0fac86ed8cf81f,1,1,4000000003600,4000000.003600000000
2025-09-01,40,-575349244,39f1d955acee1801be4a94b3cfc52f0fbf7ad572,1,1,4000000003600,4000000.003600000000
2025-09-01,41,-553859488,a6e5139cd9434df7bd2afe89bb2d93d68f193646,1,1,3998279483097,3998279.483097000000
2025-09-01,42,693984602,c9f9f6cfd655417acb8d1bb00fe77ad9a6d9ca81,6,6,3497070000000,3497070.000000000000
2025-09-01,43,930444523,3519ee4d387150f230baca90f5c50e9d296164c6,33,33,3285251037301,3285251.037301000000
2025-09-01,44,1482766825,c91fc9dd7f1bb6ec429eddb577b9ace6236b2147,9,9,3256189721306,3256189.721306000000
2025-09-01,45,-554301691,c8530d9c183c5f91cbacb398a9e2b6905aab7ca4,1,1,2998627625906,2998627.625906000000
2025-09-01,46,-255872456,ae9746a85f7e08cbfd08db00edf9b6c21f592fec,1,1,2961987000000,2961987.000000000000
2025-09-01,47,-250526946,f50411f3ab97616969cfeaa347759bf3455777d2,4,4,2801559480552,2801559.480552000000
2025-09-01,48,1936629844,bccbc9fc2d1d9e9abd0ca132be816bd4f6051b86,8,8,2775202288514,2775202.288514000000
2025-09-01,49,-207644557,1e5b1efd99c89d39b59b28a19e6b42bbeb98433b,33,33,2480000000000,2480000.000000000000
2025-09-01,50,554877045,cfcce06af0ee209dfa340247199057fe619c98c9,4,4,2402160000000,2402160.000000000000
2025-09-01,51,-277079831,79720266dec914247424aeb0f06b8fa5b3ec073e,5,5,2269482989149,2269482.989149000000
2025-09-01,52,-559319506,6cc60a0b57bc882a0471980d0e2d4ad7ddf3c4bd,2,2,2040000000000,2040000.000000000000
2025-09-01,53,-538678632,fc0539d019482d311c161ae3b756cdccdec45e87,3,3,2020001000000,2020001.000000000000
2025-09-01,54,-575591085,e20e101bc8bb0fb0efe41e38ef9114e79c44e68b,1,1,2000030606540,2000030.606540000000
2025-09-01,55,1799999026,32b24247cbce7c17b0017a2159a9fa481f401b16,2,2,2000000000000,2000000.000000000000
2025-09-01,56,1839362061,fe99cc4664a939f826dbeb545c1aad4c89ee737a,1,1,2000000000000,2000000.000000000000
2025-09-01,57,-572389674,6030f3cec963ec5aea067d866006eb97dfcc8a27,1,1,1999402020070,1999402.020070000000
2025-09-01,58,-552386203,2d2c26abd019c8078068e86cd7ae901f9f950368,1,1,1999313849549,1999313.849549000000
2025-09-01,59,-351286330,81871b8738cb6c82611f3fc5e09896945cc95539,4,4,1893146109929,1893146.109929000000
2025-09-01,60,2056386871,2ae08196c5323f5cd1a792de2124914ff4704e03,2,2,1838496876978,1838496.876978000000
2025-09-01,61,-471318087,c574566c67b3f1b161eb823adab4efbc19f1d6ed,2,2,1751730020269,1751730.020269000000
2025-09-01,62,-575321087,cea5b2a834627c07fdde279cb836ff9eec72d9c0,1,1,1500075095460,1500075.095460000000
2025-09-01,63,-575391682,5a842e71f93714cbf012fa46f8199e8eb10cb431,1,1,1500043825203,1500043.825203000000
2025-09-01,64,-193423370,b774e533db1b7edfa7b180f5fc43fbbc3b71772c,12,10,1486649296667,1486649.296667000000
2025-09-01,65,-253420457,91546cc623a95fdfad62e9df8590dee69b771702,12,12,1463854968005,1463854.968005000000
2025-09-01,66,2009434318,76181f35532e555268c54152f808c3dc8987446a,8,8,1445041292837,1445041.292837000000
2025-09-01,67,531030073,3ffba13e5e713cc435271a1c4a50ffcfa835f9d4,3,3,1400000000001,1400000.000001000000
2025-09-01,68,-375953104,b1eb35eaf9e1d61c3e026ebd1eb7337e604a18cb,9,9,1211725254051,1211725.254051000000
2025-09-01,69,-441845817,e7cd2fa44cce16e70867338f7b9fd60ad3b9d4b5,2,2,1209907989211,1209907.989211000000
2025-09-01,70,1936561258,194739827ec57303912831eca0fc46ca83f48fdf,8,8,1148512510000,1148512.510000000000
2025-09-01,71,-575332972,0b304a5b05138786a53f61eb52bbfb7be1b34c89,1,1,1100002177590,1100002.177590000000
2025-09-01,72,-317124610,1b23fe057e195f3519dceeb9f892b77129822f9a,3,3,1040533279430,1040533.279430000000
2025-09-01,73,-146107132,f18bb1ad16af5919768055c27d5ab8714f80de93,3,3,1030301362109,1030301.362109000000
2025-09-01,74,-577421624,3cd2ad35f8e18633df1832e706e86ebd95e02522,1,1,1000516478340,1000516.478340000000
2025-09-01,75,947148607,aea6291cb48d9675b120f74e2f0b0de01db47a00,1,1,999990000000,999990.000000000000
2025-09-01,76,-207929788,ded856bbf36a3dcd070c40bb2c8d966ec727c1a9,1,1,981270807168,981270.807168000000
2025-09-01,77,1875449431,d0002c648cca8dee2f2b8d70d542ccde8ad6ec03,4,4,972649424995,972649.424995000000
2025-09-01,78,-350625852,d383165100047d9b3691eebcbb490f481f6ada2c,4,4,969347295615,969347.295615000000
2025-09-01,79,-242877257,c93d036c58c83811a82fb98feed8cac7a942a110,2,2,901000169107,901000.169107000000
2025-09-01,80,-228574078,89e0ac18e6ea8a36a7642ccf75783ee86d5c179b,3,3,899938050668,899938.050668000000
2025-09-01,81,1978659784,25737a8df1bbdc84ce7669fc044ba9fd300453b3,3,3,878515823664,878515.823664000000
2025-09-01,82,-490397454,7f38d5697742eb9424014c1fd9d15eaadce32f21,6,6,874191740000,874191.740000000000
2025-09-01,83,1978899679,17507072c2ee8bd8f6debd38d048c8a1887b39d4,2,2,854633685859,854633.685859000000
2025-09-01,84,494081559,dd84ce1adcb3a4908db61a1dfa3353c3974c5a2b,11,11,850470609154,850470.609154000000
2025-09-01,85,1745721634,45cd6e72ac7d669135dc738316b6c70cef6065fd,15,15,806073270000,806073.270000000000
2025-09-01,86,-165391020,d13df9e3c6bc539df10ff4a0b90167754ecc2d41,8,8,805866565703,805866.565703000000
2025-09-01,87,1623589562,7dffa9a1b85f3d8e4c76b407319ab7eb3a89c382,4,4,786136264386,786136.264386000000
2025-09-01,88,-123461720,05904930cae1e9a48c055f4a8a83480ba7fc6abf,11,11,773500000000,773500.000000000000
2025-09-01,89,-484471344,3bba0a6b6647159ce777ae79861d1a97486c5742,2,2,770230160000,770230.160000000000
2025-09-01,90,-231603279,488c7fc9a277781363d7f90ff04f334e226b2e27,17,17,763052000000,763052.000000000000
2025-09-01,91,946763721,7552bcd1d045eabcb304d34f0574a9e3c7c8f9f1,7,7,760470806000,760470.806000000000
2025-09-01,92,1145954013,7aaf6b8506f030f0dac415d03c87e89dc891eeed,8,8,725003205394,725003.205394000000
2025-09-01,93,1291818202,1582b06d8c4b6c5990e2ba951d88a88363dab891,62,62,703015095886,703015.095886000000
2025-09-01,94,-244600569,a988f520b9a2af4132392ce732f5eee2884cb7c9,5,5,640280568952,640280.568952000000
2025-09-01,95,-399385573,2d0735e4f8b5b094d07374ce5d35eb48768c843f,3,3,604144400000,604144.400000000000
2025-09-01,96,-522953334,57432b468086f1295c9868e011be1614ece4594b,1,1,600450000000,600450.000000000000
2025-09-01,97,-516364738,91e905c8514ef379c5ce8d03f94ceea74e6e4661,1,1,600000000000,600000.000000000000
2025-09-01,98,1163666795,90bb846133da113d9ffd42f4eeb01be668bf781b,2,2,600000000000,600000.000000000000
2025-09-01,99,451591113,327b9dee1830f8201efa751fd96f7b1ad0b300a1,5,5,572063833508,572063.833508000000
2025-09-01,100,-400850471,f3892bf9c33935d4227900fd1ecab4e1057b2a5b,2,2,561069867258,561069.867258000000
2025-10-01,1,-229505902,baa8f73befc06df041bbd53d601e9ed2b4ef940f,16,16,79000000000000,79000000.000000000000
2025-10-01,2,-317332011,3063c5907faa10c01b242181aa689beb23d2bd65,8,8,69998956158812,69998956.158812000000
2025-10-01,3,1839362061,fe99cc4664a939f826dbeb545c1aad4c89ee737a,36,36,56491205674351,56491205.674351000000
2025-10-01,4,-3197481,603816c3c509007cf9265acf85df5927c49d6da4,18,18,46018465990000,46018465.990000000000
2025-10-01,5,-277975136,0db79c0770e1c647b8bb76d94c22420faa7ac181,8,8,36709750980777,36709750.980777000000
2025-10-01,6,-139031532,1be45fef92c4e2538fecd150757ed62b7b3757d7,18,18,34817582982733,34817582.982733000000
2025-10-01,7,1642228075,264bd8291fae1d75db2c5f573b07faa6715997b5,1671,1671,34182031877465,34182031.877465000000
2025-10-01,8,-133873401,b66f376f3699c8e87c115de85575be49ae29a20c,33,33,26383275688379,26383275.688379000000
2025-10-01,9,2094248035,df2609ec3d2e07a79d2e25e52960e75250bd9aaa,11,11,22486344076513,22486344.076513000000
2025-10-01,10,839887091,a5cce50b52eba6c30be3f18def74a98472ff3f3d,132,131,21231474159641,21231474.159641000000
2025-10-01,11,-342803034,95d78ee506c616e88adb7b6e4517f40c888d6b78,20,20,20700500487620,20700500.487620000000
2025-10-01,12,2119729236,81ebde24453b8e40454616579ea79c79a197699d,24,24,20512105177106,20512105.177106000000
2025-10-01,13,1547215877,9c0a628ffac8c01eae0f646d4ca364778abc342f,8,8,20299374602028,20299374.602028000000
2025-10-01,14,-441845817,e7cd2fa44cce16e70867338f7b9fd60ad3b9d4b5,41,41,18825497817901,18825497.817901000000
2025-10-01,15,1877493213,3af4a49c8e2fcaf33fd3389543b80d320fcc9091,17,17,18756488000005,18756488.000005000000
2025-10-01,16,1912307344,6d42aab8b4efd1ad0c5454a040b59ae3c99440b5,13,13,18023419523405,18023419.523405000000
2025-10-01,17,-37457134,a913b7666d2b554c6bacd3c4f4875dade813baba,72,72,17948204503000,17948204.503000000000
2025-10-01,18,-581734394,2ac7908bd818982373f45fe1e5a6fb3c676fee1d,7,7,17387355136276,17387355.136276000000
2025-10-01,19,-503878525,05ab9caac4c091d73299e58aa33fb7d15d98d895,54,54,16379713156363,16379713.156363000000
2025-10-01,20,856773726,500bea59133e20dc63b7e88913b30348494b84ba,22,22,11398919742502,11398919.742502000000
2025-10-01,21,-113751618,43911ee0012cdabf825d1ffe3a3e372c9d477618,13,13,11398601744975,11398601.744975000000
2025-10-01,22,1966848499,96fc07d730b514d5318eddd94289578d4545505e,9,9,11055305570000,11055305.570000000000
2025-10-01,23,-277985325,50b82f42d51d875b1bfdd946ad27aee2a6b1ab41,3,3,10009703264471,10009703.264471000000
2025-10-01,24,2027659310,b99a2c4c1c4f1fc27150681b740396f6ce1cbcf5,1,1,10000000000000,10000000.000000000000
2025-10-01,25,1881090579,76be51aa94fb1c9632107349aab0488d878e4395,3,3,9817481081532,9817481.081532000000
2025-10-01,26,1797925792,ddf725d2ebd795748dd8c6b700b7c98d1dfb8ce5,6,6,8500319911221,8500319.911221000000
2025-10-01,27,-363984600,4352cc849b33a936ad93bb109afdec1c89653b4f,3,3,8200000000000,8200000.000000000000
2025-10-01,28,1153711585,8fd589aa8bfa402156a6d1ad323fec0ecee50d9d,2,2,8000008924399,8000008.924399000000
2025-10-01,29,1852864911,26ad4f84cd20102c4a7fb9d14bd2661a0d66f96d,12,12,6998359085100,6998359.085100000000
2025-10-01,30,-473838567,65cfbe9fc553026ff4d1af52b9d12c30168a0428,29,29,6972093253330,6972093.253330000000
2025-10-01,31,1490667904,e506b89e12b573e4408a84eaa0a79697bb2800a1,11,11,6902572412922,6902572.412922000000
2025-10-01,32,1965241174,f991acd672d5b344afcb29931af6401ed32e2691,9,9,6022227092190,6022227.092190000000
2025-10-01,33,-574997141,e8a9693002d1397ca7a0ee11c2ab2ed6932d2966,38,38,5887729403484,5887729.403484000000
2025-10-01,34,1483772585,1980475c3a279935ca611c9a41f17974ebc2e050,3,3,5735009552467,5735009.552467000000
2025-10-01,35,-260007265,1dff1e9968222aa6c66bf402bac2c3fe5ed13f76,5,5,5499523897980,5499523.897980000000
2025-10-01,36,2137894645,f276d10b388e00b8a04b1362f66c6e2aad8a1960,11,11,5425409000000,5425409.000000000000
2025-10-01,37,-121339891,6cce05b9b1f7e2b5990556b9faebd742adc16d11,2,2,5172386130880,5172386.130880000000
2025-10-01,38,866510438,4bb7f4c3d47c4b431cb0658f44287d52006fb506,2,2,5000000076501,5000000.076501000000
2025-10-01,39,849833446,1778767436111ec0adb10f9ba4f51a329d0e7770,2,2,4969631847268,4969631.847268000000
2025-10-01,40,-247866525,8d4d699abf3044306008c6bea8e78632f999c281,2,2,4949672031240,4949672.031240000000
2025-10-01,41,-555769460,86ae1a407dc9091970f7d998839aa819d793e578,13,13,4669251882595,4669251.882595000000
2025-10-01,42,-207644557,1e5b1efd99c89d39b59b28a19e6b42bbeb98433b,43,43,4625771273634,4625771.273634000000
2025-10-01,43,-317124610,1b23fe057e195f3519dceeb9f892b77129822f9a,8,8,4596929011840,4596929.011840000000
2025-10-01,44,1946898127,b12a9d1bae6a2220936734792390f5ee5cc8a3e6,14,14,4046059827062,4046059.827062000000
2025-10-01,45,-580723710,8daf2dcb1e0c59c619e5bb3e01f17c85f5d504c4,1,1,4000000003600,4000000.003600000000
2025-10-01,46,-593903551,e1d96b6cf8c669cb73994aac74a8c5e1c2d043ea,1,1,4000000003600,4000000.003600000000
2025-10-01,47,-575349682,ba0e432a8a345b444abceeea0721e6d613efc6f8,1,1,4000000003600,4000000.003600000000
2025-10-01,48,-575715483,52a42312b8127a8a1a7775beed96c049cca83e2c,1,1,4000000003600,4000000.003600000000
2025-10-01,49,-614365441,dde27e501402c26efd499e1cde9d933fe765e3be,1,1,4000000003600,4000000.003600000000
2025-10-01,50,-594209840,bf23522f26fdc8594fb1252a23b6fab0c1417faf,1,1,4000000003600,4000000.003600000000
2025-10-01,51,-614165893,102f718ddfccfc0568ad65ccec3f360fefe0d0a3,1,1,4000000003600,4000000.003600000000
2025-10-01,52,-603718658,e5ef6121e90722bfaf114de37df21eaf001e265d,1,1,4000000003600,4000000.003600000000
2025-10-01,53,-578914010,61375fc3f21b6833b28079cbc9bf56e54f2be59c,1,1,4000000003600,4000000.003600000000
2025-10-01,54,-603706695,63843d84a7c63dd54034fc3cd1c797ade0ffa69e,1,1,4000000003600,4000000.003600000000
2025-10-01,55,-242877257,c93d036c58c83811a82fb98feed8cac7a942a110,14,14,3984261757248,3984261.757248000000
2025-10-01,56,-74577215,c749a5b4bc339a097fcf0d93662e84d1b44e19bc,5,5,3750078708563,3750078.708563000000
2025-10-01,57,-85484796,363d1bc97415b2f12ea731df20d480d3c0d80b9e,14,14,3524989428802,3524989.428802000000
2025-10-01,58,-538678632,fc0539d019482d311c161ae3b756cdccdec45e87,15,15,3511780000000,3511780.000000000000
2025-10-01,59,-474307877,3f79442d8909d2163191d3ae835e165efddedf46,5,5,3509529342466,3509529.342466000000
2025-10-01,60,-385063920,d964c9742093e4333d5be8f9eb5eac02ba153d54,29,29,3417192882875,3417192.882875000000
2025-10-01,61,1647511868,fd81b27d9796a1ba7d7171ea70010c9befb2a62a,5,5,3364350769339,3364350.769339000000
2025-10-01,62,1646177773,d283691dcd0316b80b59edf2e36214662fc1c9ba,9,9,3348976574734,3348976.574734000000
2025-10-01,63,-433401137,d6c757043e7d59088969b188923c62fa960afe9b,5,5,3220692588385,3220692.588385000000
2025-10-01,64,1610509651,2312171890250347dbf1b082bdf7950504909e92,13,13,3068365927642,3068365.927642000000
2025-10-01,65,-590954114,e4fd77b63b5650c3a4f7bc114d045577b8ece0f7,1,1,3001072652899,3001072.652899000000
2025-10-01,66,-593805138,05b9bab94024a8f65b3da011be538c82774ed3b8,1,1,3000635944676,3000635.944676000000
2025-10-01,67,-579135007,127d002d4ab4ac82deadf8b19f2b91ac0f1b88e0,2,2,3000000000000,3000000.000000000000
2025-10-01,68,1661974710,e09348c518c51671a54fce1f16a1d55ede6c7c58,10,10,2800133500000,2800133.500000000000
2025-10-01,69,1984769456,fb43d7ef79eb5a3475002d0f9da7ffc34f86d2ae,9,9,2750136689661,2750136.689661000000
2025-10-01,70,-620776426,ce8fd51c2183c1c0252deb6a906385899e37c1dd,1,1,2749997780000,2749997.780000000000
2025-10-01,71,1284217395,7ef216afdf22d1b336169a0c4bb7b5a531d1e528,11,11,2664804141183,2664804.141183000000
2025-10-01,72,2056386871,2ae08196c5323f5cd1a792de2124914ff4704e03,3,3,2645899153078,2645899.153078000000
2025-10-01,73,693984602,c9f9f6cfd655417acb8d1bb00fe77ad9a6d9ca81,3,3,2525209291698,2525209.291698000000
2025-10-01,74,1830331099,440888714a6afed60ff44e9975a96e6a36f7fac4,4,4,2449575391514,2449575.391514000000
2025-10-01,75,-236317071,7a9e7a2453cc940b112d668656404a8ffea8cb98,4,4,2409215505722,2409215.505722000000
2025-10-01,76,-308424312,38cd0585af87ecf0ca445ae40c5337f5868afd4e,2,2,2300000000000,2300000.000000000000
2025-10-01,77,-72723724,88dd31594d8653c30c41c63a6d9f17d3be328a05,1,1,2300000000000,2300000.000000000000
2025-10-01,78,-352901898,a4a1ae640df6625d28aa87740a32bff7e15437e1,4,4,2200721949167,2200721.949167000000
2025-10-01,79,1775038838,6ed3c871ac6aae698a9d6e547a5f54873b091e18,20,20,2078774687147,2078774.687147000000
2025-10-01,80,-209992747,f3175f028845f4570d0fb1643765f5de24400e86,3,3,2000223434824,2000223.434824000000
2025-10-01,81,-255872456,ae9746a85f7e08cbfd08db00edf9b6c21f592fec,2,2,2000000940000,2000000.940000000000
2025-10-01,82,-317056195,56e75e42cded046dbf2265e1d95b7f6ba7d06784,1,1,1999282436935,1999282.436935000000
2025-10-01,83,-617808171,28355886a65848488cf0a3646fca395db0a762b1,1,1,1941896976973,1941896.976973000000
2025-10-01,84,1197381652,6833df4e1edb361a04491349833c83a4868abcda,5,5,1874116602352,1874116.602352000000
2025-10-01,85,-404618850,fb69341ecbd2fb8f1af70b201dc6fd596d720784,11,11,1871371395056,1871371.395056000000
2025-10-01,86,1098424427,5bb2719f3282ec4ea21dc2d8d790c9ea6581f3d7,2,2,1816423617262,1816423.617262000000
2025-10-01,87,2000590980,53312047e47b53ef49962befd9236526fdda4505,2,2,1800000000000,1800000.000000000000
2025-10-01,88,-493234263,8c2527051d0e98ad09211749fafbe1aa590c01b3,5,5,1697991213460,1697991.213460000000
2025-10-01,89,-542577481,7c0f5861f7ebd94fa614383cc6ff733372fcf7eb,30,30,1683626893700,1683626.893700000000
2025-10-01,90,-315951911,fa932bba93116870e4b82b6890cb754077759c49,2,2,1650002900000,1650002.900000000000
2025-10-01,91,-375953104,b1eb35eaf9e1d61c3e026ebd1eb7337e604a18cb,12,12,1627682132626,1627682.132626000000
2025-10-01,92,-462258969,87d60740eb767992fbf5dc857f869eb76e81d55c,19,19,1613947712902,1613947.712902000000
2025-10-01,93,1035156510,48b63725b0111c1bd9f36d777fe5cd5c3a3e9454,5,5,1587383613861,1587383.613861000000
2025-10-01,94,-120117814,7a7316a0d71b083dfec776186b4b1058df98e2ff,6,6,1519855032258,1519855.032258000000
2025-10-01,95,-429019311,83288c634b07d471ec32cae1997b15d8d5f9a7a0,3,3,1502034152472,1502034.152472000000
2025-10-01,96,-111862714,aaa47f5d0a4274f20d75820f2b70b4c34086aab1,1,1,1499687937716,1499687.937716000000
2025-10-01,97,-599631578,3a2711c8d2c3a350c7b5c5a1b0094580419684cc,1,1,1477274042540,1477274.042540000000
2025-10-01,98,792247571,72b7448f470d07222dbf038407cd69cc380683f3,3,3,1468408109166,1468408.109166000000
2025-10-01,99,1939579108,7dd75f3c7016dd27aeeb29470ae997e8e60f6734,5,5,1451293191662,1451293.191662000000
2025-10-01,100,1242296813,121df6cf9d35c240aa191dc045e24b4f4ef4fa5b,2,2,1411354072989,1411354.072989000000
2025-11-01,1,-229505902,baa8f73befc06df041bbd53d601e9ed2b4ef940f,70,70,345500000000000,345500000.0000000000
2025-11-01,2,-635730634,8947a39966c333df00a8581cd6523457bdf36842,297,297,106754080323118,106754080.3231180000
2025-11-01,3,-585856191,cbbc7edb043c18a0bd898ccf2d91089e42cefe8d,765,765,101820554567739,101820554.5677390000
2025-11-01,4,-163088482,7cd0b7ed790f626ef1bd42db63b5ebeb5970c912,5,5,94330000000000,94330000.000000000000
2025-11-01,5,-636458699,b080fb18286080dec011040abad111ebb4a9cf5a,207,207,75354649447228,75354649.447228000000
2025-11-01,6,-573209523,a427def3f920f718a89e5ab473c79c065ab10ef4,20,20,72417537556904,72417537.556904000000
2025-11-01,7,2027659310,b99a2c4c1c4f1fc27150681b740396f6ce1cbcf5,3,3,66000311725282,66000311.725282000000
2025-11-01,8,-363984600,4352cc849b33a936ad93bb109afdec1c89653b4f,12,12,65529422784205,65529422.784205000000
2025-11-01,9,-139031532,1be45fef92c4e2538fecd150757ed62b7b3757d7,12,12,64160732437070,64160732.437070000000
2025-11-01,10,1153711585,8fd589aa8bfa402156a6d1ad323fec0ecee50d9d,6,6,52999997251219,52999997.251219000000
2025-11-01,11,1965241174,f991acd672d5b344afcb29931af6401ed32e2691,59,56,45701349042223,45701349.042223000000
2025-11-01,12,2094248035,df2609ec3d2e07a79d2e25e52960e75250bd9aaa,24,24,40791334521209,40791334.521209000000
2025-11-01,13,-677558932,6c8e3b9670330430ed9928c5c2288fd9a2f2c1b4,100,100,38782123703310,38782123.703310000000
2025-11-01,14,736007061,b81a0e6c38c3fec8a171cfe9631f60127a0c5bfd,113,45,37446370188816,37446370.188816000000
2025-11-01,15,2119729236,81ebde24453b8e40454616579ea79c79a197699d,42,42,35272806065558,35272806.065558000000
2025-11-01,16,839887091,a5cce50b52eba6c30be3f18def74a98472ff3f3d,268,257,29798424724741,29798424.724741000000
2025-11-01,17,-642538315,0e22a3e2224c1509670bad30337d5817257da547,79,79,29589631143689,29589631.143689000000
2025-11-01,18,497816519,b4fb31e7b1471a8e52dd1e962a281a732ead59c1,24,23,27207041453954,27207041.453954000000
2025-11-01,19,-317332011,3063c5907faa10c01b242181aa689beb23d2bd65,10,10,27035355760182,27035355.760182000000
2025-11-01,20,-659719577,8e6db92f047069d57250b65a9177561ab4ba2cc9,228,228,21200981520931,21200981.520931000000
2025-11-01,21,1797925792,ddf725d2ebd795748dd8c6b700b7c98d1dfb8ce5,9,9,15912990311622,15912990.311622000000
2025-11-01,22,-170181361,293d14c72452bf619581a355bbfec76c767d71a0,3,3,15011798319984,15011798.319984000000
2025-11-01,23,-350625852,d383165100047d9b3691eebcbb490f481f6ada2c,27,27,14444992976144,14444992.976144000000
2025-11-01,24,-72723724,88dd31594d8653c30c41c63a6d9f17d3be328a05,6,6,14000000011035,14000000.011035000000
2025-11-01,25,-642837335,32fc600dcafd4c978354cc82a40213b643a2f2c6,26,21,13538965903162,13538965.903162000000
2025-11-01,26,-432618367,68e7e72938db36a5cbbca7b52c71dbbaadfb8264,25,25,12851117735613,12851117.735613000000
2025-11-01,27,1775038838,6ed3c871ac6aae698a9d6e547a5f54873b091e18,47,45,12434923018305,12434923.018305000000
2025-11-01,28,-155850848,3290b7e095e756ee0fa9f51c4087c9f6546ee4fb,2,2,11752629785557,11752629.785557000000
2025-11-01,29,-342803034,95d78ee506c616e88adb7b6e4517f40c888d6b78,6,6,11319596193798,11319596.193798000000
2025-11-01,30,-643637804,5f78886bdc2d217c98acc7b5ecb77259b2589c7e,25,25,10933934839054,10933934.839054000000
2025-11-01,31,-503878525,05ab9caac4c091d73299e58aa33fb7d15d98d895,78,78,10368376003451,10368376.003451000000
2025-11-01,32,1877493213,3af4a49c8e2fcaf33fd3389543b80d320fcc9091,6,5,9588865560000,9588865.560000000000
2025-11-01,33,743824907,dd8e2dd11d38b3e27ad4d7349a61b5c2b5af427a,11,11,9425811394467,9425811.394467000000
2025-11-01,34,1642228075,264bd8291fae1d75db2c5f573b07faa6715997b5,1532,1532,9053702877580,9053702.877580000000
2025-11-01,35,-260007265,1dff1e9968222aa6c66bf402bac2c3fe5ed13f76,13,13,9036409836070,9036409.836070000000
2025-11-01,36,-37457134,a913b7666d2b554c6bacd3c4f4875dade813baba,67,65,8308310622000,8308310.622000000000
2025-11-01,37,1839362061,fe99cc4664a939f826dbeb545c1aad4c89ee737a,8,8,7632234523926,7632234.523926000000
2025-11-01,38,-643252609,029cd954c38838b2731cb5618e5c950ed4766956,12,12,7481044677364,7481044.677364000000
2025-11-01,39,-668740183,746ac9c4dc33e6db4e32bb9fe10596166a2300b5,1,1,7116963649292,7116963.649292000000
2025-11-01,40,1799999026,32b24247cbce7c17b0017a2159a9fa481f401b16,6,6,7000028000000,7000028.000000000000
2025-11-01,41,-113751618,43911ee0012cdabf825d1ffe3a3e372c9d477618,6,6,6724708367456,6724708.367456000000
2025-11-01,42,-277975136,0db79c0770e1c647b8bb76d94c22420faa7ac181,17,17,6493302536519,6493302.536519000000
2025-11-01,43,-398717390,45551cbfbff4086b25cf2a47b9c4dee7689ad1b3,21,18,6397286147580,6397286.147580000000
2025-11-01,44,-317124610,1b23fe057e195f3519dceeb9f892b77129822f9a,10,10,5851960923071,5851960.923071000000
2025-11-01,45,1535629643,4624cb6d50edfe9e4471dbf34b63af2dbd2173b0,2,2,5251755663011,5251755.663011000000
2025-11-01,46,1787827591,2800499530a8e5872e08bd7a2dfa6be26c13c0a4,21,21,5118132650000,5118132.650000000000
2025-11-01,47,1858654853,61ad82d4466437d4cc250a0ceffbcbd7e07b8f96,1,1,5000000000000,5000000.000000000000
2025-11-01,48,1483810949,c0c597d4234bf1ed01cff725302fefc1010577ba,9,9,4906083831089,4906083.831089000000
2025-11-01,49,-441845817,e7cd2fa44cce16e70867338f7b9fd60ad3b9d4b5,19,19,4634699868072,4634699.868072000000
2025-11-01,50,-643645070,813d1bb109572bc23c40cff5ee53789955dac91b,6,6,4533540568874,4533540.568874000000
2025-11-01,51,-642802895,7c9063122c01837fe83da2521056e10c9b6dd129,10,10,3787922623169,3787922.623169000000
2025-11-01,52,1852864911,26ad4f84cd20102c4a7fb9d14bd2661a0d66f96d,2,2,3549860166250,3549860.166250000000
2025-11-01,53,-85484796,363d1bc97415b2f12ea731df20d480d3c0d80b9e,17,17,3544129336345,3544129.336345000000
2025-11-01,54,1787467554,ba15e9b644685cb845af18a738abd40c6bcd78ed,3,3,3418225111579,3418225.111579000000
2025-11-01,55,-559319506,6cc60a0b57bc882a0471980d0e2d4ad7ddf3c4bd,6,6,3309014876992,3309014.876992000000
2025-11-01,56,-74577215,c749a5b4bc339a097fcf0d93662e84d1b44e19bc,4,4,3257717411902,3257717.411902000000
2025-11-01,57,-317056195,56e75e42cded046dbf2265e1d95b7f6ba7d06784,6,6,3168825270121,3168825.270121000000
2025-11-01,58,-458545124,515cc41a9b9a0e040082d027b72230ecdf0b41a1,3,3,2999874514000,2999874.514000000000
2025-11-01,59,-3197481,603816c3c509007cf9265acf85df5927c49d6da4,2,2,2993995420000,2993995.420000000000
2025-11-01,60,-385063920,d964c9742093e4333d5be8f9eb5eac02ba153d54,23,23,2712686584312,2712686.584312000000
2025-11-01,61,-419494535,50174919350fd2944439ba719488b78ec4be9357,4,4,2701595477023,2701595.477023000000
2025-11-01,62,-380639371,129d32396f0a8cb03b53209310034fcd78b4eb9b,5,5,2676044181604,2676044.181604000000
2025-11-01,63,1366903635,e4bbe2f185fb37effc311c190d0db2ec8eb46893,8,8,2515605395209,2515605.395209000000
2025-11-01,64,-305325739,55b2c8d9d150cc65b0eff6d18306c2881800750d,2,2,2500000000000,2500000.000000000000
2025-11-01,65,-449454886,caab6ff98989fdd4f47e7db6152e6fb47994ec1e,8,8,2458419076801,2458419.076801000000
2025-11-01,66,9626278,cc3cf78f55b8a351e6cc84b7a565b9cc53273359,2,2,2454279680338,2454279.680338000000
2025-11-01,67,-480077840,aba006250ad11975b6f68da78b97f961ca46c48a,2,2,2240786346927,2240786.346927000000
2025-11-01,68,-643670424,1174482713197f03c1d0d23094f5b3eb1ab7e3aa,4,4,2239864568817,2239864.568817000000
2025-11-01,69,-247866525,8d4d699abf3044306008c6bea8e78632f999c281,1,1,2228409773584,2228409.773584000000
2025-11-01,70,-642145652,09f3151c6c5e0a74ed220ee7753e436195c8c7bd,26,26,2206623723644,2206623.723644000000
2025-11-01,71,1265824236,42270424918609bd60e1d3e12d7bcea1b9ec3513,5,5,2203202824640,2203202.824640000000
2025-11-01,72,1179973026,38a564a38be5dfb6ef2ab765da1e4397d03c2d62,7,7,2190216167348,2190216.167348000000
2025-11-01,73,1284217395,7ef216afdf22d1b336169a0c4bb7b5a531d1e528,4,4,2133353730067,2133353.730067000000
2025-11-01,74,1450693022,c40ca9847255a1b89ac50ee08555ec150a1e23a1,4,4,2099638897295,2099638.897295000000
2025-11-01,75,-538678632,fc0539d019482d311c161ae3b756cdccdec45e87,15,15,2063074000000,2063074.000000000000
2025-11-01,76,-661523479,a4a90c550348ce253ade51036f8aebc552446a5f,1,1,2000000001800,2000000.001800000000
2025-11-01,77,-645215308,842292b1560a800db933511ca112c979b998a424,1,1,1999161468815,1999161.468815000000
2025-11-01,78,-351286330,81871b8738cb6c82611f3fc5e09896945cc95539,6,6,1900702155144,1900702.155144000000
2025-11-01,79,-629016489,7c901246a0e2b0c455aced598b9b37c02dca95b0,2,2,1865609400133,1865609.400133000000
2025-11-01,80,531030073,3ffba13e5e713cc435271a1c4a50ffcfa835f9d4,4,4,1810880966260,1810880.966260000000
2025-11-01,81,-207644557,1e5b1efd99c89d39b59b28a19e6b42bbeb98433b,5,5,1808808758568,1808808.758568000000
2025-11-01,82,1242296813,121df6cf9d35c240aa191dc045e24b4f4ef4fa5b,1,1,1808508056043,1808508.056043000000
2025-11-01,83,2021368700,d4fb8777b51fcf2ab468619e97b27fd49e672fc0,4,4,1770592728763,1770592.728763000000
2025-11-01,84,-192519721,3c1bf7d29100acf8fe8c48ac3ed144388ad470a9,7,7,1752840713828,1752840.713828000000
2025-11-01,85,-316975484,03ba48a8f6360c25c93fdc40f7b2971e6f758077,3,3,1741535738580,1741535.738580000000
2025-11-01,86,-484471344,3bba0a6b6647159ce777ae79861d1a97486c5742,10,10,1702555430000,1702555.430000000000
2025-11-01,87,1324716155,5285415710d4024ee95025ff7ce86d869491548b,4,4,1643713153436,1643713.153436000000
2025-11-01,88,1166506911,4be62b7de5f4544d35300bf7de9114e997c5c5e1,1,1,1610550795300,1610550.795300000000
2025-11-01,89,-637811691,b2e0a660ea47119bd1f5ffbed83f5932375d0622,5,5,1600157275321,1600157.275321000000
2025-11-01,90,1588368820,ec83f8f9d37caf8ffc47d1bdaf74e36f3ba7eb11,1,1,1505782171497,1505782.171497000000
2025-11-01,91,914722038,a0894a415c4f246ce95bae718849579c099cc1d2,3,3,1488207357940,1488207.357940000000
2025-11-01,92,1382140219,ae2586e76c8a4d8dc1ff3d9ab70bec760ae143c2,17,17,1457741234510,1457741.234510000000
2025-11-01,93,1936561258,194739827ec57303912831eca0fc46ca83f48fdf,6,6,1417951294240,1417951.294240000000
2025-11-01,94,-616534799,ee3ef747c81f3b1deec7423c225a92ce9b6c3004,1,1,1377137731342,1377137.731342000000
2025-11-01,95,-325351352,3a3efab82f096b49b5791d2a712c4d5eadb29d1c,37,37,1321000000000,1321000.000000000000
2025-11-01,96,1647511868,fd81b27d9796a1ba7d7171ea70010c9befb2a62a,12,12,1313057363766,1313057.363766000000
2025-11-01,97,2040600470,01d7266d668ab1f53ae50b53f882c74f9fa18499,16,16,1300035480155,1300035.480155000000
2025-11-01,98,554877045,cfcce06af0ee209dfa340247199057fe619c98c9,2,2,1294305031507,1294305.031507000000
2025-11-01,99,-608924004,59f5ef3606c4a5c29caaba124ce6a2a153bc3286,3,3,1285901710759,1285901.710759000000
2025-11-01,100,1499200861,67e424725002c3b560cd2585f13281bd5a5fc61a,4,4,1277684336601,1277684.336601000000
2025-12-01,1,-701620296,56957e411ea83a0b4a0689c1fb0d1e5ea0d20149,13,13,1019202907557479,1019202907.5574790000
2025-12-01,2,-229505902,baa8f73befc06df041bbd53d601e9ed2b4ef940f,46,46,230000000000000,230000000.0000000000
2025-12-01,3,-585856191,cbbc7edb043c18a0bd898ccf2d91089e42cefe8d,790,790,160607536516598,160607536.5165980000
2025-12-01,4,-163088482,7cd0b7ed790f626ef1bd42db63b5ebeb5970c912,6,6,139016411280724,139016411.2807240000
2025-12-01,5,-677558932,6c8e3b9670330430ed9928c5c2288fd9a2f2c1b4,219,219,91409185276930,91409185.276930000000
2025-12-01,6,-659719577,8e6db92f047069d57250b65a9177561ab4ba2cc9,630,630,85878683793396,85878683.793396000000
2025-12-01,7,-635730634,8947a39966c333df00a8581cd6523457bdf36842,194,194,75812584505780,75812584.505780000000
2025-12-01,8,736007061,b81a0e6c38c3fec8a171cfe9631f60127a0c5bfd,114,45,69369585562150,69369585.562150000000
2025-12-01,9,497816519,b4fb31e7b1471a8e52dd1e962a281a732ead59c1,24,23,46071256175507,46071256.175507000000
2025-12-01,10,1020588055,7e4b4dc22111b84594d9b7707a8dcffd793d477a,4,4,40376617688538,40376617.688538000000
2025-12-01,11,-573209523,a427def3f920f718a89e5ab473c79c065ab10ef4,6,6,37788279935149,37788279.935149000000
2025-12-01,12,2027659310,b99a2c4c1c4f1fc27150681b740396f6ce1cbcf5,4,4,34100001511703,34100001.511703000000
2025-12-01,13,-636458699,b080fb18286080dec011040abad111ebb4a9cf5a,97,97,33192050904433,33192050.904433000000
2025-12-01,14,-317332011,3063c5907faa10c01b242181aa689beb23d2bd65,61,61,31512123763364,31512123.763364000000
2025-12-01,15,1965241174,f991acd672d5b344afcb29931af6401ed32e2691,12,12,30197164853067,30197164.853067000000
2025-12-01,16,-215249457,81633c1357ddb25d8625efb2cad26a60988475bf,10,8,24914897204594,24914897.204594000000
2025-12-01,17,1853993311,92e5b9e1fc0dc25477b821cbc5f8b59f8ad87a58,1,1,18861540846599,18861540.846599000000
2025-12-01,18,-341977189,1024f785724fe08902438761b288eff3ae41048a,26,5,15666777769239,15666777.769239000000
2025-12-01,19,2119729236,81ebde24453b8e40454616579ea79c79a197699d,17,17,15397504433670,15397504.433670000000
2025-12-01,20,-719221313,bfc51ec4e8c546364f58cf2f63e17e4db98d2743,6,6,14992985408331,14992985.408331000000
2025-12-01,21,-607341344,815f5bb257e88b67216a344c7c83a3ea4ee74748,6,6,13375948297240,13375948.297240000000
2025-12-01,22,-253899969,9bc34ded927e0f336c5c81e15a900461a0608863,137,137,13324129928513,13324129.928513000000
2025-12-01,23,-503878525,05ab9caac4c091d73299e58aa33fb7d15d98d895,81,81,13091089142346,13091089.142346000000
2025-12-01,24,-586545741,68230e37b83fd2b586b51f3e58f6ed4a0689a4af,106,106,12499459422368,12499459.422368000000
2025-12-01,25,-599637025,e837770fc477522360cf620bc15ba34cb9e4a6d0,19,19,11142565161724,11142565.161724000000
2025-12-01,26,-642538315,0e22a3e2224c1509670bad30337d5817257da547,34,34,10451332085826,10451332.085826000000
2025-12-01,27,1153711585,8fd589aa8bfa402156a6d1ad323fec0ecee50d9d,2,2,10148697699428,10148697.699428000000
2025-12-01,28,-363984600,4352cc849b33a936ad93bb109afdec1c89653b4f,1,1,10000000042527,10000000.042527000000
2025-12-01,29,1642228075,264bd8291fae1d75db2c5f573b07faa6715997b5,1832,1832,9838141562483,9838141.562483000000
2025-12-01,30,1775038838,6ed3c871ac6aae698a9d6e547a5f54873b091e18,107,101,9419270833406,9419270.833406000000
2025-12-01,31,-719114798,971b34b997843b82051b3e781d6a6d5a21bbdda0,24,24,9340830054623,9340830.054623000000
2025-12-01,32,-538678632,fc0539d019482d311c161ae3b756cdccdec45e87,17,17,8882680290000,8882680.290000000000
2025-12-01,33,-432618367,68e7e72938db36a5cbbca7b52c71dbbaadfb8264,7,7,8590980090884,8590980.090884000000
2025-12-01,34,-579116636,d6f4c413639f46c9564efe0c8790ce0b957de427,1,1,8428399492241,8428399.492241000000
2025-12-01,35,-467173258,fce2da58e1207e6436bcdf9e55415a93a7f0b495,16,16,7487146152303,7487146.152303000000
2025-12-01,36,743824907,dd8e2dd11d38b3e27ad4d7349a61b5c2b5af427a,5,5,7300000000000,7300000.000000000000
2025-12-01,37,1979050065,2410c7fa21a6e6fa980618cb143e697198846d8d,2,2,6999430324386,6999430.324386000000
2025-12-01,38,-433401137,d6c757043e7d59088969b188923c62fa960afe9b,6,6,6978463128439,6978463.128439000000
2025-12-01,39,-186134385,a7218a037f3713c0ce03a1caa3c471a95880e608,3,3,6674988935075,6674988.935075000000
2025-12-01,40,-569796106,8fee409f8f772667add2a2ccfb8c5182a7349ce9,6,6,6189690346870,6189690.346870000000
2025-12-01,41,-37457134,a913b7666d2b554c6bacd3c4f4875dade813baba,26,26,6081298100000,6081298.100000000000
2025-12-01,42,-137324202,d7583e3cf08bbcab66f1242195227bbf9f865fda,7,7,5724268787923,5724268.787923000000
2025-12-01,43,-210419851,fa3b068b287e7d6b95a75cca21cdc2f31653c962,2,2,5564552876670,5564552.876670000000
2025-12-01,44,-542577481,7c0f5861f7ebd94fa614383cc6ff733372fcf7eb,102,102,5536180809710,5536180.809710000000
2025-12-01,45,-3197481,603816c3c509007cf9265acf85df5927c49d6da4,1,1,4994216000000,4994216.000000000000
2025-12-01,46,-617808171,28355886a65848488cf0a3646fca395db0a762b1,2,2,4604386834266,4604386.834266000000
2025-12-01,47,-643637804,5f78886bdc2d217c98acc7b5ecb77259b2589c7e,10,10,4282402337047,4282402.337047000000
2025-12-01,48,1711477038,9f6fed26339789725b0751f57aeac23367ceee57,6,6,4102923170819,4102923.170819000000
2025-12-01,49,-419494535,50174919350fd2944439ba719488b78ec4be9357,18,18,4019403993578,4019403.993578000000
2025-12-01,50,-709767206,bd5bdbfc7267871fd8d2db8a10c7a924662a9b80,2,2,3789739600000,3789739.600000000000
2025-12-01,51,-350625852,d383165100047d9b3691eebcbb490f481f6ada2c,7,7,3493933065874,3493933.065874000000
2025-12-01,52,839887091,a5cce50b52eba6c30be3f18def74a98472ff3f3d,17,17,3352834884890,3352834.884890000000
2025-12-01,53,-685903081,c108a6b3376b5a8ba3500fc18fb02caaf1d6f788,22,22,3341232657712,3341232.657712000000
2025-12-01,54,1428617396,b1e037aa54e1f3bc096e1c09791ac27fe388aba8,4,4,3290027341186,3290027.341186000000
2025-12-01,55,-295339722,970d2b755bbd5680dfe30ff206497d5bcdede7e2,25,25,3245092345325,3245092.345325000000
2025-12-01,56,-484471344,3bba0a6b6647159ce777ae79861d1a97486c5742,17,14,3196530100000,3196530.100000000000
2025-12-01,57,-637811691,b2e0a660ea47119bd1f5ffbed83f5932375d0622,15,15,3098519197308,3098519.197308000000
2025-12-01,58,-635936787,a65f3391fe2645c9808642b207abe41be9280903,15,15,2553042628376,2553042.628376000000
2025-12-01,59,-643645070,813d1bb109572bc23c40cff5ee53789955dac91b,2,2,2432277972544,2432277.972544000000
2025-12-01,60,-361257833,c6877a65349b0fa45cc61a267ee682c7abf2b369,1,1,2386159532595,2386159.532595000000
2025-12-01,61,-676898600,ec92023d10bf14edb3f003b5aeaf280dc76fb099,1,1,2379000000000,2379000.000000000000
2025-12-01,62,-385063920,d964c9742093e4333d5be8f9eb5eac02ba153d54,20,20,2232742255340,2232742.255340000000
2025-12-01,63,1838825925,f833603a864d2d36ce8bf0b9451ffd468b8df376,1,1,2150736965180,2150736.965180000000
2025-12-01,64,-236317071,7a9e7a2453cc940b112d668656404a8ffea8cb98,6,6,2093913627260,2093913.627260000000
2025-12-01,65,-661523479,a4a90c550348ce253ade51036f8aebc552446a5f,1,1,2000000001800,2000000.001800000000
2025-12-01,66,-643670424,1174482713197f03c1d0d23094f5b3eb1ab7e3aa,1,1,2000000001800,2000000.001800000000
2025-12-01,67,-256359901,bf7f5a0a14803f41b22981031cc549245c0ea692,8,8,1900000000000,1900000.000000000000
2025-12-01,68,-643252609,029cd954c38838b2731cb5618e5c950ed4766956,1,1,1895968220222,1895968.220222000000
2025-12-01,69,-23485336,efa1f042422e9c3538c99ea3fa21b86214acf11a,5,5,1792296124735,1792296.124735000000
2025-12-01,70,554877045,cfcce06af0ee209dfa340247199057fe619c98c9,9,9,1780323695523,1780323.695523000000
2025-12-01,71,-645877692,a8dbcdb0290000c810c72fc00018f600b0272d87,6,6,1574320904320,1574320.904320000000
2025-12-01,72,-194004641,29f9a97de93ba4c8257c315f81ae3c4a72d06d15,4,4,1551916936087,1551916.936087000000
2025-12-01,73,1912307344,6d42aab8b4efd1ad0c5454a040b59ae3c99440b5,1,1,1500203828816,1500203.828816000000
2025-12-01,74,-526204901,9e4f836df4a81721499ce67ea3512bbce03c1a92,7,7,1483438103300,1483438.103300000000
2025-12-01,75,1388736716,ee5bcbd8ce33348bb4753da9c372c76c18d29141,11,11,1439320460681,1439320.460681000000
2025-12-01,76,-192519721,3c1bf7d29100acf8fe8c48ac3ed144388ad470a9,2,2,1352271118838,1352271.118838000000
2025-12-01,77,-325351352,3a3efab82f096b49b5791d2a712c4d5eadb29d1c,40,40,1221000000000,1221000.000000000000
2025-12-01,78,-133873401,b66f376f3699c8e87c115de85575be49ae29a20c,1,1,1200319349253,1200319.349253000000
2025-12-01,79,-236169719,ff52fc331812c959293891ccdc37404d903f5479,20,14,1199975193242,1199975.193242000000
2025-12-01,80,-612221106,27db63bc2ea03c1e6dc171ce9ef38987c3a5a5c3,3,3,1088917069904,1088917.069904000000
2025-12-01,81,1893425180,653107ab73641b7b15469d33a56a8c5abd9a8006,4,4,1034650461739,1034650.461739000000
2025-12-01,82,-317124610,1b23fe057e195f3519dceeb9f892b77129822f9a,1,1,1001435000000,1001435.000000000000
2025-12-01,83,1166904309,800623d31753f05461a72b6cd4f2b85c6f8ac87f,12,11,996122424712,996122.424712000000
2025-12-01,84,693984602,c9f9f6cfd655417acb8d1bb00fe77ad9a6d9ca81,1,1,988087713540,988087.713540000000
2025-12-01,85,1787467554,ba15e9b644685cb845af18a738abd40c6bcd78ed,2,2,973804794336,973804.794336000000
2025-12-01,86,-420683833,7bfe49b61add6cdeb544d8a32e4d4451b7d02ce6,19,19,950111680632,950111.680632000000
2025-12-01,87,-300447047,a2a1a8c7e25afc1eac866aadad37567427b93413,16,16,933439319998,933439.319998000000
2025-12-01,88,-335201167,785766b309e0929ae925b7ee3d49591fe2ceef06,4,4,820946578271,820946.578271000000
2025-12-01,89,-619293530,dcc3105086be44fac0fde08d14bbbc2fd9527e77,3,3,800015941000,800015.941000000000
2025-12-01,90,-437281372,733fdc395b7e39b46181e5ee7b26d29ec85e2a16,2,2,750000000000,750000.000000000000
2025-12-01,91,-295954447,4199559fbffc5265e96d8ef191a0a676d6af0549,4,4,750000000000,750000.000000000000
2025-12-01,92,-131279397,6efc48b8b6222924fa6ea95d174af5518b761177,4,4,719789845542,719789.845542000000
2025-12-01,93,1575620,73e47e110dd251bd6449381724f2bb51c11b14bc,10,10,704877818504,704877.818504000000
2025-12-01,94,-67180234,43a0667b6f5b90e012a9900cea3361f6164e46fa,2,2,695896242549,695896.242549000000
2025-12-01,95,-623876112,0f09373dc206e4dcb43b865e7b473a407bd09a92,1,1,685640841664,685640.841664000000
2025-12-01,96,-228574078,89e0ac18e6ea8a36a7642ccf75783ee86d5c179b,4,4,676212465181,676212.465181000000
2025-12-01,97,-665613332,523f02eb15cd9a7033a2831802cfb868194307bb,1,1,675841128280,675841.128280000000
2025-12-01,98,1787827591,2800499530a8e5872e08bd7a2dfa6be26c13c0a4,3,3,668091020000,668091.020000000000
2025-12-01,99,230193981,46340b20830761efd32832a74d7169b29feb9758,15,15,652276860000,652276.860000000000
2025-12-01,100,-17262927,a994295e2e3598460c959b4a9d91c763fd5c3827,2,2,649030116030,649030.116030000000
2026-01-01,1,-229505902,baa8f73befc06df041bbd53d601e9ed2b4ef940f,95,95,475000000000000,475000000.0000000000
2026-01-01,2,-585856191,cbbc7edb043c18a0bd898ccf2d91089e42cefe8d,1787,1787,460590483576579,460590483.5765790000
2026-01-01,3,-659719577,8e6db92f047069d57250b65a9177561ab4ba2cc9,890,890,242540069135826,242540069.1358260000
2026-01-01,4,-677558932,6c8e3b9670330430ed9928c5c2288fd9a2f2c1b4,414,414,193237682548436,193237682.5484360000
2026-01-01,5,-635730634,8947a39966c333df00a8581cd6523457bdf36842,311,311,135718160066158,135718160.0661580000
2026-01-01,6,-636458699,b080fb18286080dec011040abad111ebb4a9cf5a,148,148,58104484998613,58104484.998613000000
2026-01-01,7,-342722525,289c204b35859bfb924b9c0759a4fe80f610671c,98,98,52365794724971,52365794.724971000000
2026-01-01,8,-774318017,af8f66a7cbd629179c65042187035628dff72af9,21,21,40105599740000,40105599.740000000000
2026-01-01,9,2027659310,b99a2c4c1c4f1fc27150681b740396f6ce1cbcf5,8,8,36053434418016,36053434.418016000000
2026-01-01,10,1720641488,5b0cfdeb19867336c47d90f23412b68e738f3697,323,323,31036470405450,31036470.405450000000
2026-01-01,11,-574997141,e8a9693002d1397ca7a0ee11c2ab2ed6932d2966,176,176,27042378873660,27042378.873660000000
2026-01-01,12,-804485243,b0218d4995a511e422a7e095215124599fa202da,10,10,22898715880000,22898715.880000000000
2026-01-01,13,-599637025,e837770fc477522360cf620bc15ba34cb9e4a6d0,13,13,21885057708391,21885057.708391000000
2026-01-01,14,-569796106,8fee409f8f772667add2a2ccfb8c5182a7349ce9,29,28,21747991742671,21747991.742671000000
2026-01-01,15,-138136881,7bee8d37fba61a6251a08b957d502c56e2a50fab,8,8,21155638407663,21155638.407663000000
2026-01-01,16,-637811691,b2e0a660ea47119bd1f5ffbed83f5932375d0622,79,79,21000763171777,21000763.171777000000
2026-01-01,17,-642538315,0e22a3e2224c1509670bad30337d5817257da547,51,51,20942775154323,20942775.154323000000
2026-01-01,18,-3197481,603816c3c509007cf9265acf85df5927c49d6da4,6,6,19868055887364,19868055.887364000000
2026-01-01,19,-617808171,28355886a65848488cf0a3646fca395db0a762b1,5,5,17609089495457,17609089.495457000000
2026-01-01,20,2119729236,81ebde24453b8e40454616579ea79c79a197699d,18,18,16773651156164,16773651.156164000000
2026-01-01,21,1229206051,a3127a78a632a992b92420676763b637c9b47c10,174,174,16734130255941,16734130.255941000000
2026-01-01,22,-782070773,b0f8c20b849886cad270d705acc39739c0683f64,9,9,16153166102009,16153166.102009000000
2026-01-01,23,1103453348,ae96e864851b763b562d0f34605b0ab47969ff71,24,24,15902340155753,15902340.155753000000
2026-01-01,24,-441845817,e7cd2fa44cce16e70867338f7b9fd60ad3b9d4b5,41,41,15713369000000,15713369.000000000000
2026-01-01,25,-361257833,c6877a65349b0fa45cc61a267ee682c7abf2b369,8,8,15067686401151,15067686.401151000000
2026-01-01,26,-137324202,d7583e3cf08bbcab66f1242195227bbf9f865fda,17,17,14588730417329,14588730.417329000000
2026-01-01,27,-804322259,6ef9653b5e705aad12386d25094fc4f95b50f773,3,3,14344040262316,14344040.262316000000
2026-01-01,28,-432618367,68e7e72938db36a5cbbca7b52c71dbbaadfb8264,3,3,14340871237338,14340871.237338000000
2026-01-01,29,-719114798,971b34b997843b82051b3e781d6a6d5a21bbdda0,18,18,13546654244577,13546654.244577000000
2026-01-01,30,-820586337,00821f4a88a5b6ed7fd31969f778f0a444fe83c3,111,111,13249853202370,13249853.202370000000
2026-01-01,31,-363984600,4352cc849b33a936ad93bb109afdec1c89653b4f,2,2,12000000006250,12000000.006250000000
2026-01-01,32,-757799553,e2c3e9cfd77d294da4a2a614742edd3e62e4ed16,122,122,11709415276521,11709415.276521000000
2026-01-01,33,-643637804,5f78886bdc2d217c98acc7b5ecb77259b2589c7e,30,30,11649417876418,11649417.876418000000
2026-01-01,34,2056386871,2ae08196c5323f5cd1a792de2124914ff4704e03,5,5,11174149763926,11174149.763926000000
2026-01-01,35,-449469067,29b4002507220fad2e80a616ca83f28b97fc5738,17,17,10506301418321,10506301.418321000000
2026-01-01,36,1153711585,8fd589aa8bfa402156a6d1ad323fec0ecee50d9d,3,3,10182997669904,10182997.669904000000
2026-01-01,37,-813541155,29924d5bcbc612dc93ee18635a2ff6d1e145d826,4,4,10001359125691,10001359.125691000000
2026-01-01,38,2094248035,df2609ec3d2e07a79d2e25e52960e75250bd9aaa,6,6,9750000001310,9750000.001310000000
2026-01-01,39,-648032534,d95fcec75f70dc6a342a71750d7035501f57619d,5,5,9184798533479,9184798.533479000000
2026-01-01,40,992914518,d0b8dfcf9da999db981a60a8da6584e8e52b757c,9,9,9025999383045,9025999.383045000000
2026-01-01,41,-253899969,9bc34ded927e0f336c5c81e15a900461a0608863,89,89,8899639735392,8899639.735392000000
2026-01-01,42,-519715998,b00fe7a3e0eaa061de1f74af0d48de97c244f58d,21,21,8183974349336,8183974.349336000000
2026-01-01,43,-467173258,fce2da58e1207e6436bcdf9e55415a93a7f0b495,8,8,7532787481103,7532787.481103000000
2026-01-01,44,497816519,b4fb31e7b1471a8e52dd1e962a281a732ead59c1,26,26,7329473490562,7329473.490562000000
2026-01-01,45,-643645070,813d1bb109572bc23c40cff5ee53789955dac91b,21,21,7245408867406,7245408.867406000000
2026-01-01,46,-350625852,d383165100047d9b3691eebcbb490f481f6ada2c,13,13,7099599177500,7099599.177500000000
2026-01-01,47,1964734501,8b5bbcb3050dec144e64f6f255af44e8e243590b,12,12,6792017869758,6792017.869758000000
2026-01-01,48,-766570905,c5c6a81189207d2012c89d2494ce1f040b09281e,11,11,6200010000000,6200010.000000000000
2026-01-01,49,-790892217,d734d8c031a0ef6c966c6cd95d8ed4e66c12ed1b,7,7,5997735174294,5997735.174294000000
2026-01-01,50,2021368700,d4fb8777b51fcf2ab468619e97b27fd49e672fc0,19,19,5659337522655,5659337.522655000000
2026-01-01,51,-643670424,1174482713197f03c1d0d23094f5b3eb1ab7e3aa,15,15,5321203582776,5321203.582776000000
2026-01-01,52,-700308080,9f1a1479191af103ff82fead23e950b6b3b2bd1a,3,3,5005353595785,5005353.595785000000
2026-01-01,53,-776723275,f7e548a1b6b16ef8d1d6273debd826d3b9290c21,10,10,4863312499352,4863312.499352000000
2026-01-01,54,1881090579,76be51aa94fb1c9632107349aab0488d878e4395,3,3,4746664075034,4746664.075034000000
2026-01-01,55,-419494535,50174919350fd2944439ba719488b78ec4be9357,30,30,4525677028382,4525677.028382000000
2026-01-01,56,1893425180,653107ab73641b7b15469d33a56a8c5abd9a8006,4,4,4428035721992,4428035.721992000000
2026-01-01,57,856773726,500bea59133e20dc63b7e88913b30348494b84ba,9,9,4395880847287,4395880.847287000000
2026-01-01,58,1428617396,b1e037aa54e1f3bc096e1c09791ac27fe388aba8,4,4,4270705640341,4270705.640341000000
2026-01-01,59,-766596758,23b0e0065730bcd0f1e990406d68915a0cd6c4bb,12,12,4150220000000,4150220.000000000000
2026-01-01,60,-824318579,5a80395a6773684b6faa03873493fda2f3ddf44e,2,2,4000009109144,4000009.109144000000
2026-01-01,61,-753106517,be2721574648eb52d31a9a7b46b1c9c5015809b2,2,2,4000000003000,4000000.003000000000
2026-01-01,62,-792171468,f6f51b843c3b6e75cf70109494dc1f0d4e304dda,3,3,3961674345145,3961674.345145000000
2026-01-01,63,534916779,3b15cec2d922ab0ef74688bcc1056461049f89cb,16,16,3947367514596,3947367.514596000000
2026-01-01,64,1543661985,549afbc2b0c348f5136f029779a5c0c0b4801f8b,10,10,3818339603164,3818339.603164000000
2026-01-01,65,1483772585,1980475c3a279935ca611c9a41f17974ebc2e050,5,5,3808176837972,3808176.837972000000
2026-01-01,66,2046525548,c560bc4a6e6f7b48e3c4876acc822da87b692578,12,12,3601474168588,3601474.168588000000
2026-01-01,67,-661523479,a4a90c550348ce253ade51036f8aebc552446a5f,14,14,3527288342372,3527288.342372000000
2026-01-01,68,-317332011,3063c5907faa10c01b242181aa689beb23d2bd65,8,8,3517567700736,3517567.700736000000
2026-01-01,69,-760139282,022f5d1d8bfb0fc8f5cd233dcd1b66727ee490ee,15,15,3443666252458,3443666.252458000000
2026-01-01,70,-242877257,c93d036c58c83811a82fb98feed8cac7a942a110,10,10,3412715672306,3412715.672306000000
2026-01-01,71,-655593340,1c4609e0995a7225599cf3c81353786614c06889,3,3,3400000000000,3400000.000000000000
2026-01-01,72,-676898600,ec92023d10bf14edb3f003b5aeaf280dc76fb099,9,9,3396000000000,3396000.000000000000
2026-01-01,73,-736236626,604579ff478f4364ed403e324b51c7820346d6d6,13,13,3240212200000,3240212.200000000000
2026-01-01,74,-453013105,82fcfffe80d80365a5f2f42a6ea87d1e815bec4c,33,31,3159928864096,3159928.864096000000
2026-01-01,75,-538678632,fc0539d019482d311c161ae3b756cdccdec45e87,19,19,3115286000000,3115286.000000000000
2026-01-01,76,-133873401,b66f376f3699c8e87c115de85575be49ae29a20c,2,2,3000256169814,3000256.169814000000
2026-01-01,77,1231067748,f28e1b06e00e8774c612e31ab3ac35d5a720085f,3,3,2980227089836,2980227.089836000000
2026-01-01,78,-629016489,7c901246a0e2b0c455aced598b9b37c02dca95b0,5,5,2976882092737,2976882.092737000000
2026-01-01,79,-207644557,1e5b1efd99c89d39b59b28a19e6b42bbeb98433b,8,8,2871135017724,2871135.017724000000
2026-01-01,80,-433401137,d6c757043e7d59088969b188923c62fa960afe9b,3,3,2789255182682,2789255.182682000000
2026-01-01,81,-503878525,05ab9caac4c091d73299e58aa33fb7d15d98d895,10,10,2576841090402,2576841.090402000000
2026-01-01,82,-305325739,55b2c8d9d150cc65b0eff6d18306c2881800750d,2,2,2518870576970,2518870.576970000000
2026-01-01,83,-207331552,7c9665c5acd51402f2f2d4034a5489df72658ed7,2,2,2513979474234,2513979.474234000000
2026-01-01,84,-755428301,0c3de5d897de35dcf1e758a104f6de6ea7bb13a9,4,4,2509418086212,2509418.086212000000
2026-01-01,85,-665613332,523f02eb15cd9a7033a2831802cfb868194307bb,6,6,2451204333908,2451204.333908000000
2026-01-01,86,-484471344,3bba0a6b6647159ce777ae79861d1a97486c5742,6,6,2367135700000,2367135.700000000000
2026-01-01,87,1642228075,264bd8291fae1d75db2c5f573b07faa6715997b5,2122,2122,2315565139938,2315565.139938000000
2026-01-01,88,1635698892,ea77ccff4472123b6956457f86fe45680b8e01af,3,3,2055732718325,2055732.718325000000
2026-01-01,89,-554664311,c57b65cedbe1d2b3580e87907ffd3903095b2db0,31,31,2030407950999,2030407.950999000000
2026-01-01,90,47982257,8484fbedae4e9b2e26df44b92cd5f81b71c8150e,3,3,2000780589204,2000780.589204000000
2026-01-01,91,-650041484,be0ca442d6b7d81e0faa7dbfd09331019f893f89,3,3,2000401745709,2000401.745709000000
2026-01-01,92,-768398831,afbb1a7e9ddef38d9bc4a220e702b18dacaa2a62,2,2,2000010000000,2000010.000000000000
2026-01-01,93,-709771569,91cb00ed2eacc6266a2d06453b15564cccacd0a3,6,6,2000000001800,2000000.001800000000
2026-01-01,94,-804479508,6be38cac53fff1941b625d4e092fc309c7ff4abe,1,1,1999999772649,1999999.772649000000
2026-01-01,95,-647505163,57c294fbf23033b7a9794841e932a3a8363aef71,18,18,1990884239692,1990884.239692000000
2026-01-01,96,-416063974,08fc74f337c5287a67c38169ee95c3a6ae6aa7d4,2,2,1942650873051,1942650.873051000000
2026-01-01,97,-724417240,71affce891c199d1e5aaa26fa2504268db8cdc58,6,6,1903658651384,1903658.651384000000
2026-01-01,98,-215249457,81633c1357ddb25d8625efb2cad26a60988475bf,12,12,1889271980000,1889271.980000000000
2026-01-01,99,-769267282,3a6fb4fab64e8fa018d1b27226cb609e4b1feade,6,6,1751362739053,1751362.739053000000
2026-01-01,100,-767875153,d3d6786aeab1054eccd88ea89bca2051f4e54477,4,4,1603951752174,1603951.752174000000
2026-02-01,1,-229505902,baa8f73befc06df041bbd53d601e9ed2b4ef940f,112,112,560000000200000,560000000.2000000000
2026-02-01,2,-867607855,e08ef1448bc2382969f552b2f9a5b4d570bac428,1920,1920,311901148114981,311901148.1149810000
2026-02-01,3,-677558932,6c8e3b9670330430ed9928c5c2288fd9a2f2c1b4,562,562,239147330856352,239147330.8563520000
2026-02-01,4,-635730634,8947a39966c333df00a8581cd6523457bdf36842,471,471,195106057960077,195106057.9600770000
2026-02-01,5,-585856191,cbbc7edb043c18a0bd898ccf2d91089e42cefe8d,670,670,167674142287065,167674142.2870650000
2026-02-01,6,-360053456,2570faf7c8a0da87d3f123b35cc722ec3fcc3e08,3,3,149999999954840,149999999.9548400000
2026-02-01,7,-636458699,b080fb18286080dec011040abad111ebb4a9cf5a,202,202,74752216585520,74752216.585520000000
2026-02-01,8,-369144132,b8734a14fbd4aa2d44e6aa830405ffc861ba313c,7,7,51499925000000,51499925.000000000000
2026-02-01,9,-574997141,e8a9693002d1397ca7a0ee11c2ab2ed6932d2966,294,294,47966956845924,47966956.845924000000
2026-02-01,10,-617808171,28355886a65848488cf0a3646fca395db0a762b1,7,7,36984601032495,36984601.032495000000
2026-02-01,11,-637811691,b2e0a660ea47119bd1f5ffbed83f5932375d0622,108,108,34947092382148,34947092.382148000000
2026-02-01,12,-317332011,3063c5907faa10c01b242181aa689beb23d2bd65,40,40,31913078422399,31913078.422399000000
2026-02-01,13,-163088482,7cd0b7ed790f626ef1bd42db63b5ebeb5970c912,1,1,30000000000000,30000000.000000000000
2026-02-01,14,2119729236,81ebde24453b8e40454616579ea79c79a197699d,28,28,27790877682681,27790877.682681000000
2026-02-01,15,-642538315,0e22a3e2224c1509670bad30337d5817257da547,60,60,27157848878985,27157848.878985000000
2026-02-01,16,-659719577,8e6db92f047069d57250b65a9177561ab4ba2cc9,148,148,27006944332298,27006944.332298000000
2026-02-01,17,-342722525,289c204b35859bfb924b9c0759a4fe80f610671c,96,96,25620240793019,25620240.793019000000
2026-02-01,18,-3197481,603816c3c509007cf9265acf85df5927c49d6da4,9,9,24431327710000,24431327.710000000000
2026-02-01,19,-118743904,887fd380c1e4cc28e119917015fe7fb0062c5d67,4,4,24000041141451,24000041.141451000000
2026-02-01,20,-432618367,68e7e72938db36a5cbbca7b52c71dbbaadfb8264,12,12,23738115293267,23738115.293267000000
2026-02-01,21,-804322259,6ef9653b5e705aad12386d25094fc4f95b50f773,8,8,23460930093207,23460930.093207000000
2026-02-01,22,-629798092,1c934e8029d17920e697e3eb214014806576983f,10,10,23306050749593,23306050.749593000000
2026-02-01,23,-1454016,026346aa00bcbfdbfa2f8f87ec963d2939018bdd,14,14,20329123732916,20329123.732916000000
2026-02-01,24,-857186113,1e75a0dcd6da47d6ef1cf51e53974a07d3b6dfcf,6,6,19991019718863,19991019.718863000000
2026-02-01,25,-643637804,5f78886bdc2d217c98acc7b5ecb77259b2589c7e,43,43,17843898029127,17843898.029127000000
2026-02-01,26,-645432737,7a27f9586d0895f045b80b3fb1d9d6ef4d54e9bc,55,55,16767944660388,16767944.660388000000
2026-02-01,27,-363984600,4352cc849b33a936ad93bb109afdec1c89653b4f,2,2,16567917461515,16567917.461515000000
2026-02-01,28,2094248035,df2609ec3d2e07a79d2e25e52960e75250bd9aaa,11,11,16500000014020,16500000.014020000000
2026-02-01,29,1647511868,fd81b27d9796a1ba7d7171ea70010c9befb2a62a,10,10,16351045653319,16351045.653319000000
2026-02-01,30,-63424798,9d140511245337b4cd94cccdf7b1871d587eade8,3,3,15624021762646,15624021.762646000000
2026-02-01,31,-685903081,c108a6b3376b5a8ba3500fc18fb02caaf1d6f788,61,61,15320482441596,15320482.441596000000
2026-02-01,32,-759807297,4d10afa025fb11e0bb4f1d7fb97a9284092e91fa,3,3,15000000000000,15000000.000000000000
2026-02-01,33,1797925792,ddf725d2ebd795748dd8c6b700b7c98d1dfb8ce5,13,13,13211252505397,13211252.505397000000
2026-02-01,34,-128991789,920eefbcf1f5756109952e6ff6da1cab950c64d7,3,3,12810000000000,12810000.000000000000
2026-02-01,35,-611138270,211b7210dbec6eeefec4872672fe5f4f94bc04dc,140,140,12580095461713,12580095.461713000000
2026-02-01,36,1961991994,7d5bb9874bb1747d7489bdf6eb4de04ce339221a,2,2,12139050429683,12139050.429683000000
2026-02-01,37,-361257833,c6877a65349b0fa45cc61a267ee682c7abf2b369,8,8,11962365880120,11962365.880120000000
2026-02-01,38,-581734394,2ac7908bd818982373f45fe1e5a6fb3c676fee1d,5,5,11408769992477,11408769.992477000000
2026-02-01,39,1912307344,6d42aab8b4efd1ad0c5454a040b59ae3c99440b5,43,37,11101547388192,11101547.388192000000
2026-02-01,40,-782070773,b0f8c20b849886cad270d705acc39739c0683f64,10,10,10910131592207,10910131.592207000000
2026-02-01,41,1642228075,264bd8291fae1d75db2c5f573b07faa6715997b5,2431,2431,10833067706730,10833067.706730000000
2026-02-01,42,1852626357,bae837e30183fecba40878eff116ba085637c887,2,2,10558793169916,10558793.169916000000
2026-02-01,43,-607341344,815f5bb257e88b67216a344c7c83a3ea4ee74748,11,11,10555181766380,10555181.766380000000
2026-02-01,44,-385063920,d964c9742093e4333d5be8f9eb5eac02ba153d54,52,52,9554564861883,9554564.861883000000
2026-02-01,45,-314502537,19087cd19b4202ffc40e5b4432b107b33b3c4569,11,11,9339597406960,9339597.406960000000
2026-02-01,46,-92524341,d480bb579f61edf044d0e86e33cb72310c816d6a,15,15,9302823779993,9302823.779993000000
2026-02-01,47,-8552324,6559eb070ec5f3b6cd278f5d43433bee724b55bb,1,1,9065120718472,9065120.718472000000
2026-02-01,48,1839362061,fe99cc4664a939f826dbeb545c1aad4c89ee737a,6,6,9045092585829,9045092.585829000000
2026-02-01,49,-449469067,29b4002507220fad2e80a616ca83f28b97fc5738,21,21,8851714038887,8851714.038887000000
2026-02-01,50,-856760828,f8817119ef4c2de0b53f8a10918230db22ca3d61,57,57,8474124558852,8474124.558852000000
2026-02-01,51,-776930797,7b59d2447211b663280287e73e9b3240af3b952d,52,52,8448287142536,8448287.142536000000
2026-02-01,52,704271853,9772fedc43123a6efbd1965617d0e079de2689e4,7,7,8443900000043,8443900.000043000000
2026-02-01,53,-643645070,813d1bb109572bc23c40cff5ee53789955dac91b,19,19,8246465192374,8246465.192374000000
2026-02-01,54,-736236626,604579ff478f4364ed403e324b51c7820346d6d6,42,42,8045850500110,8045850.500110000000
2026-02-01,55,-285967951,a67963e047cf23aa96a178f434f678a6a3a537e9,2,2,8000000000000,8000000.000000000000
2026-02-01,56,-790892217,d734d8c031a0ef6c966c6cd95d8ed4e66c12ed1b,21,21,7854104645648,7854104.645648000000
2026-02-01,57,-138136881,7bee8d37fba61a6251a08b957d502c56e2a50fab,1,1,7777777000000,7777777.000000000000
2026-02-01,58,1428617396,b1e037aa54e1f3bc096e1c09791ac27fe388aba8,5,5,7415770434130,7415770.434130000000
2026-02-01,59,-645492709,2660e4df56da5b5a2f4111a33977f98f33e68b43,8,8,6857351000000,6857351.000000000000
2026-02-01,60,-700308080,9f1a1479191af103ff82fead23e950b6b3b2bd1a,7,7,6274188208302,6274188.208302000000
2026-02-01,61,-207331552,7c9665c5acd51402f2f2d4034a5489df72658ed7,4,4,6193369968488,6193369.968488000000
2026-02-01,62,-310466500,75466bcbc0d76b65301e68301d071f39bec66064,1,1,6092465000000,6092465.000000000000
2026-02-01,63,1720641488,5b0cfdeb19867336c47d90f23412b68e738f3697,59,59,5650550066267,5650550.066267000000
2026-02-01,64,-519715998,b00fe7a3e0eaa061de1f74af0d48de97c244f58d,16,16,5612328340758,5612328.340758000000
2026-02-01,65,-236317071,7a9e7a2453cc940b112d668656404a8ffea8cb98,3,3,5599395411827,5599395.411827000000
2026-02-01,66,-799416872,9e03dd6e0648c52c6601cf44ed875d38d72534cc,29,26,5098569155674,5098569.155674000000
2026-02-01,67,-643670424,1174482713197f03c1d0d23094f5b3eb1ab7e3aa,12,12,5094915436340,5094915.436340000000
2026-02-01,68,-872137875,7ac458f91bc6a0bab9c1caca85f14ec704ec8bbf,2,2,5000050000002,5000050.000002000000
2026-02-01,69,-856177097,222230946ef588913be82dc449bfe959c3f82069,1,1,5000000002000,5000000.002000000000
2026-02-01,70,-137324202,d7583e3cf08bbcab66f1242195227bbf9f865fda,3,3,4787577683344,4787577.683344000000
2026-02-01,71,-866569066,b6cbe8b123392ef6aa72897bb85bd6515d2e8db7,2,2,4513863167885,4513863.167885000000
2026-02-01,72,-757799553,e2c3e9cfd77d294da4a2a614742edd3e62e4ed16,47,47,4510190362714,4510190.362714000000
2026-02-01,73,-719114798,971b34b997843b82051b3e781d6a6d5a21bbdda0,2,2,4423618085932,4423618.085932000000
2026-02-01,74,-133873401,b66f376f3699c8e87c115de85575be49ae29a20c,3,3,4400563339098,4400563.339098000000
2026-02-01,75,-897011711,741862aa91a855c068665950a124de4962e22d52,1,1,4268521699395,4268521.699395000000
2026-02-01,76,1483772585,1980475c3a279935ca611c9a41f17974ebc2e050,6,6,4202360000000,4202360.000000000000
2026-02-01,77,-892382934,e99f4b84db56e50ab7c2e8cf8a0ed846b6c17fad,1,1,4175972999120,4175972.999120000000
2026-02-01,78,-232242889,5988e42443d8bb5a8ad4155589f886e8fea755d5,3,3,4000001613840,4000001.613840000000
2026-02-01,79,-813541155,29924d5bcbc612dc93ee18635a2ff6d1e145d826,4,4,4000000000000,4000000.000000000000
2026-02-01,80,1374949264,e3ec8563551f049da5fc973472a7fb04cb940d08,51,51,3975634104571,3975634.104571000000
2026-02-01,81,839887091,a5cce50b52eba6c30be3f18def74a98472ff3f3d,15,15,3910985416040,3910985.416040000000
2026-02-01,82,1573299661,424ffe585300c61f7a92afba971315d0b15c529b,5,5,3829751831801,3829751.831801000000
2026-02-01,83,-754618173,8b41013f5f0e23f5444d4a7927da0e567f50cdd7,8,8,3749029564146,3749029.564146000000
2026-02-01,84,1229206051,a3127a78a632a992b92420676763b637c9b47c10,38,38,3653627357092,3653627.357092000000
2026-02-01,85,1635698892,ea77ccff4472123b6956457f86fe45680b8e01af,4,4,3622073971542,3622073.971542000000
2026-02-01,86,-820586337,00821f4a88a5b6ed7fd31969f778f0a444fe83c3,32,32,3549102965816,3549102.965816000000
2026-02-01,87,-663631058,50ffd61edfa097407143cc64f7156f715d0e0239,5,5,3454789693119,3454789.693119000000
2026-02-01,88,-642802895,7c9063122c01837fe83da2521056e10c9b6dd129,3,3,3447155479622,3447155.479622000000
2026-02-01,89,1881090579,76be51aa94fb1c9632107349aab0488d878e4395,9,9,3384371583791,3384371.583791000000
2026-02-01,90,-290454342,abf61900c7e21afddc0e36d49f16f49e016ecea9,3,3,3188228588496,3188228.588496000000
2026-02-01,91,-441845817,e7cd2fa44cce16e70867338f7b9fd60ad3b9d4b5,41,41,3149210000000,3149210.000000000000
2026-02-01,92,39072331,f2df969f59b2c86e4b230da88918cdebcfc4ccbc,6,6,3099114214349,3099114.214349000000
2026-02-01,93,1547215877,9c0a628ffac8c01eae0f646d4ca364778abc342f,2,2,3063577879210,3063577.879210000000
2026-02-01,94,859037635,d3e0d660d8fab05b34ccb7fe7681628d9a46c675,4,4,3048703591815,3048703.591815000000
2026-02-01,95,1382140219,ae2586e76c8a4d8dc1ff3d9ab70bec760ae143c2,28,28,3026702443465,3026702.443465000000
2026-02-01,96,1804238161,41493259ada007ea557a49aa7a1a12ba1f7c8188,3,3,3010660874453,3010660.874453000000
2026-02-01,97,1654850432,dd62115f601daebccfdd2aeed834513d8dc2f4e2,3,3,3006981813862,3006981.813862000000
2026-02-01,98,-538678632,fc0539d019482d311c161ae3b756cdccdec45e87,10,10,3005000000000,3005000.000000000000
2026-02-01,99,-617232109,5846ac5619d2a762751b1663d86a402085505765,5,5,2999931772736,2999931.772736000000
2026-02-01,100,-746528677,352f3a205a117763ec2dc3351122a2c540b473be,1,1,2935852308800,2935852.308800000000
2026-03-01,1,-677558932,6c8e3b9670330430ed9928c5c2288fd9a2f2c1b4,147,147,182392318969700,182392318.9697000000
2026-03-01,2,-635730634,8947a39966c333df00a8581cd6523457bdf36842,104,104,128570079955050,128570079.9550500000
2026-03-01,3,-856760828,f8817119ef4c2de0b53f8a10918230db22ca3d61,448,448,120725460800332,120725460.8003320000
2026-03-01,4,-163088482,7cd0b7ed790f626ef1bd42db63b5ebeb5970c912,2,2,116120928762966,116120928.7629660000
2026-03-01,5,-700308080,9f1a1479191af103ff82fead23e950b6b3b2bd1a,50,50,99683072647958,99683072.647958000000
2026-03-01,6,-229505902,baa8f73befc06df041bbd53d601e9ed2b4ef940f,19,19,95000000025000,95000000.025000000000
2026-03-01,7,-128991789,920eefbcf1f5756109952e6ff6da1cab950c64d7,13,13,88373124213520,88373124.213520000000
2026-03-01,8,-342722525,289c204b35859bfb924b9c0759a4fe80f610671c,112,112,52105029687915,52105029.687915000000
2026-03-01,9,-804322259,6ef9653b5e705aad12386d25094fc4f95b50f773,11,11,52013065464915,52013065.464915000000
2026-03-01,10,-369144132,b8734a14fbd4aa2d44e6aa830405ffc861ba313c,3,3,51339777000000,51339777.000000000000
2026-03-01,11,-909135750,3feaa7483fcfba130e68b41369dd78ff30465459,5,5,50000010000000,50000010.000000000000
2026-03-01,12,-428452031,1fcc47ee0f19ca0f07f8b987f0ad32ac204c03a7,2,2,50000000000000,50000000.000000000000
2026-03-01,13,-636458699,b080fb18286080dec011040abad111ebb4a9cf5a,83,83,49908223656193,49908223.656193000000
2026-03-01,14,-975291427,9cd956e3f67d9c4c133d660683da39a047e75a0f,90,90,43320111541880,43320111.541880000000
2026-03-01,15,-975195025,d801032afca7e1a568b862d7015b911c2a00d419,127,127,43213477890094,43213477.890094000000
2026-03-01,16,-940235131,caa34203d2b5a695474db4b0f9c3f3837875b898,59,59,42072996977889,42072996.977889000000
2026-03-01,17,-236317071,7a9e7a2453cc940b112d668656404a8ffea8cb98,16,16,40320495670068,40320495.670068000000
2026-03-01,18,-385063920,d964c9742093e4333d5be8f9eb5eac02ba153d54,204,204,38915212802582,38915212.802582000000
2026-03-01,19,-265787615,e397a2646f132389364a87ab602bc29a9dcf2459,7,7,30002501378868,30002501.378868000000
2026-03-01,20,704271853,9772fedc43123a6efbd1965617d0e079de2689e4,32,32,29005130460214,29005130.460214000000
2026-03-01,21,-706099958,ed41a12ea862f31df054e9bd3af1dd59486c6029,10,10,27536557561656,27536557.561656000000
2026-03-01,22,-766596758,23b0e0065730bcd0f1e990406d68915a0cd6c4bb,7,7,25036551846819,25036551.846819000000
2026-03-01,23,-985250510,c3a4253ba5b8db0023b17f06e9130d999550754f,9,9,25000000024923,25000000.024923000000
2026-03-01,24,-994325945,46dd03c96a64db7bc16f2addcb584b27044a219a,1,1,23156721810000,23156721.810000000000
2026-03-01,25,-629016489,7c901246a0e2b0c455aced598b9b37c02dca95b0,12,12,22948057769257,22948057.769257000000
2026-03-01,26,1153711585,8fd589aa8bfa402156a6d1ad323fec0ecee50d9d,2,2,22606237262192,22606237.262192000000
2026-03-01,27,-985211491,9f8f9bf0b21404e7e2b2162bf9b3c9387fcb29f6,1,1,21970173553430,21970173.553430000000
2026-03-01,28,-363984600,4352cc849b33a936ad93bb109afdec1c89653b4f,11,11,21312003430279,21312003.430279000000
2026-03-01,29,-985149883,ba9e439ff9963bfd14f6083a0fe9c8e2241c73ea,1,1,21250612000000,21250612.000000000000
2026-03-01,30,2094248035,df2609ec3d2e07a79d2e25e52960e75250bd9aaa,5,5,21239396977709,21239396.977709000000
2026-03-01,31,1912307344,6d42aab8b4efd1ad0c5454a040b59ae3c99440b5,54,53,20802154189500,20802154.189500000000
2026-03-01,32,-441845817,e7cd2fa44cce16e70867338f7b9fd60ad3b9d4b5,97,97,20569888684459,20569888.684459000000
2026-03-01,33,-642538315,0e22a3e2224c1509670bad30337d5817257da547,30,30,20011116902067,20011116.902067000000
2026-03-01,34,-637811691,b2e0a660ea47119bd1f5ffbed83f5932375d0622,77,77,17651654219986,17651654.219986000000
2026-03-01,35,-433401137,d6c757043e7d59088969b188923c62fa960afe9b,17,17,17611221526809,17611221.526809000000
2026-03-01,36,-574997141,e8a9693002d1397ca7a0ee11c2ab2ed6932d2966,140,140,17087967834977,17087967.834977000000
2026-03-01,37,-954598818,921a6336690b37c88d334e53e69d9c5135858826,31,31,16848764937420,16848764.937420000000
2026-03-01,38,-643637804,5f78886bdc2d217c98acc7b5ecb77259b2589c7e,19,19,14030324774175,14030324.774175000000
2026-03-01,39,-617808171,28355886a65848488cf0a3646fca395db0a762b1,4,4,13763379242678,13763379.242678000000
2026-03-01,40,-519715998,b00fe7a3e0eaa061de1f74af0d48de97c244f58d,12,12,12532554430871,12532554.430871000000
2026-03-01,41,1647511868,fd81b27d9796a1ba7d7171ea70010c9befb2a62a,93,93,11822354020049,11822354.020049000000
2026-03-01,42,-597393443,502d222e8e4daef69032f55f0c1a999effd78fb3,4,4,11108695838628,11108695.838628000000
2026-03-01,43,-643645070,813d1bb109572bc23c40cff5ee53789955dac91b,20,20,10877984397963,10877984.397963000000
2026-03-01,44,1139110505,ab961d7c42bbcd454a54b342bd191a8f090219e6,3,3,10484371535558,10484371.535558000000
2026-03-01,45,-631208163,933adedd85824da75ec8a334a7907e69e7c02833,4,4,10431539324753,10431539.324753000000
2026-03-01,46,-361257833,c6877a65349b0fa45cc61a267ee682c7abf2b369,3,3,10428438044197,10428438.044197000000
2026-03-01,47,1720641488,5b0cfdeb19867336c47d90f23412b68e738f3697,108,108,10371407504972,10371407.504972000000
2026-03-01,48,1231067748,f28e1b06e00e8774c612e31ab3ac35d5a720085f,2,2,10002338164443,10002338.164443000000
2026-03-01,49,-985407333,86b4dd5ee47e728f1528809631be8f5578c14bc9,1,1,10000000003000,10000000.003000000000
2026-03-01,50,-994212678,a122687285dc5012141055a801045f069112e7c6,2,2,10000000000000,10000000.000000000000
2026-03-01,51,-776930797,7b59d2447211b663280287e73e9b3240af3b952d,91,91,9910934516818,9910934.516818000000
2026-03-01,52,-425593706,ea2ac5b2708c3a6d956e1397d5f7ed80f60dc5fc,2,2,9903433563035,9903433.563035000000
2026-03-01,53,1964734501,8b5bbcb3050dec144e64f6f255af44e8e243590b,6,6,9657525217408,9657525.217408000000
2026-03-01,54,-232242889,5988e42443d8bb5a8ad4155589f886e8fea755d5,2,2,9613381810074,9613381.810074000000
2026-03-01,55,1947683049,b3abe0777aa9685941e54744e704378b4b33eeaa,4,4,9369024832598,9369024.832598000000
2026-03-01,56,-123658148,a9d90f0eb0993390bd02a2c50cee658ebd01b48e,6,6,9032916687081,9032916.687081000000
2026-03-01,57,-643670424,1174482713197f03c1d0d23094f5b3eb1ab7e3aa,11,11,8844659747707,8844659.747707000000
2026-03-01,58,1365177245,473d3a2005499301dc353afa9d0c9c5980b5188c,8,8,8772977432053,8772977.432053000000
2026-03-01,59,-1454016,026346aa00bcbfdbfa2f8f87ec963d2939018bdd,5,5,8103439928480,8103439.928480000000
2026-03-01,60,1770439799,80dca3125961abd9d6e6b62b488fa3c6d6cfff2e,2,2,8094832939144,8094832.939144000000
2026-03-01,61,-661523479,a4a90c550348ce253ade51036f8aebc552446a5f,11,11,7573489815953,7573489.815953000000
2026-03-01,62,-852926222,8added25f8cce417c1e19aad91fb6ddcb9917d2c,12,12,7251779523415,7251779.523415000000
2026-03-01,63,-790892217,d734d8c031a0ef6c966c6cd95d8ed4e66c12ed1b,14,14,7124715715847,7124715.715847000000
2026-03-01,64,-972250801,b8b827eafb19df6737935b3b3f6bef855d2f8e84,6,6,7100778270868,7100778.270868000000
2026-03-01,65,-359466258,0daf132c5554fd7d5eb422585426af557d8847e0,3,3,7010471066797,7010471.066797000000
2026-03-01,66,-576611691,9082126715cad42793c89b5bd60691834cbb7900,84,84,7009887989787,7009887.989787000000
2026-03-01,67,-754618173,8b41013f5f0e23f5444d4a7927da0e567f50cdd7,2,2,6438385968457,6438385.968457000000
2026-03-01,68,-655593340,1c4609e0995a7225599cf3c81353786614c06889,9,9,6432708163274,6432708.163274000000
2026-03-01,69,-285967951,a67963e047cf23aa96a178f434f678a6a3a537e9,1,1,6000000000000,6000000.000000000000
2026-03-01,70,-491204141,3fe5b0eb4aa807c7d62008015d0afdaf50539b34,5,5,5751653642394,5751653.642394000000
2026-03-01,71,-676898600,ec92023d10bf14edb3f003b5aeaf280dc76fb099,6,6,5750028979275,5750028.979275000000
2026-03-01,72,-133873401,b66f376f3699c8e87c115de85575be49ae29a20c,55,54,5499837757207,5499837.757207000000
2026-03-01,73,-867607855,e08ef1448bc2382969f552b2f9a5b4d570bac428,33,33,5460709090504,5460709.090504000000
2026-03-01,74,-656986816,0eba29fcc8c9156673e4c8566ff9cafd5d48895b,1,1,5215169131456,5215169.131456000000
2026-03-01,75,1956495059,b42b010f248ae49c3234b54796ef888c0ed12c47,6,6,5133589229006,5133589.229006000000
2026-03-01,76,-882897618,e1a848d3dc58859917c31927929e55afdddcf183,1,1,5087817990508,5087817.990508000000
2026-03-01,77,-255872456,ae9746a85f7e08cbfd08db00edf9b6c21f592fec,2,2,5016056790859,5016056.790859000000
2026-03-01,78,-927759954,84c10f13d0e988131d69113953a1815a0c9c9622,1,1,5001171360349,5001171.360349000000
2026-03-01,79,-138136881,7bee8d37fba61a6251a08b957d502c56e2a50fab,1,1,5000000000000,5000000.000000000000
2026-03-01,80,849833446,1778767436111ec0adb10f9ba4f51a329d0e7770,1,1,4999958467383,4999958.467383000000
2026-03-01,81,992914518,d0b8dfcf9da999db981a60a8da6584e8e52b757c,5,5,4987205885114,4987205.885114000000
2026-03-01,82,-569796106,8fee409f8f772667add2a2ccfb8c5182a7349ce9,2,2,4953229292015,4953229.292015000000
2026-03-01,83,-659719577,8e6db92f047069d57250b65a9177561ab4ba2cc9,49,49,4900007928518,4900007.928518000000
2026-03-01,84,-538678632,fc0539d019482d311c161ae3b756cdccdec45e87,22,22,4828319000000,4828319.000000000000
2026-03-01,85,-665613332,523f02eb15cd9a7033a2831802cfb868194307bb,6,6,4787752333361,4787752.333361000000
2026-03-01,86,-709771569,91cb00ed2eacc6266a2d06453b15564cccacd0a3,6,6,4727111805013,4727111.805013000000
2026-03-01,87,-663631058,50ffd61edfa097407143cc64f7156f715d0e0239,4,4,4427734738291,4427734.738291000000
2026-03-01,88,39072331,f2df969f59b2c86e4b230da88918cdebcfc4ccbc,5,5,4306284973020,4306284.973020000000
2026-03-01,89,-938381946,7e3d129af6920b9cb0bbab5a63a890a56980ebbd,44,44,4236320125937,4236320.125937000000
2026-03-01,90,2040011648,4017737dd8c6d70f9f3fc90f6035a2321f99bcf3,6,6,4172116560375,4172116.560375000000
2026-03-01,91,-607341344,815f5bb257e88b67216a344c7c83a3ea4ee74748,6,6,4095445075589,4095445.075589000000
2026-03-01,92,1946898127,b12a9d1bae6a2220936734792390f5ee5cc8a3e6,15,15,4048383782650,4048383.782650000000
2026-03-01,93,-536438338,af9b98d2acde5f13eaeaeb0101273cdfa86dcc95,3,3,4000648658333,4000648.658333000000
2026-03-01,94,-723876264,84c0c3757ecbfaf4f08b3268e25e597daeb797a5,2,2,3958227462846,3958227.462846000000
2026-03-01,95,-559955635,cc164ff64020120289bbd72e8efcf43c90a6498c,1,1,3820563879620,3820563.879620000000
2026-03-01,96,-970287947,dc19c3860e04e1e5b2a14af26dbad4765f882171,13,13,3815740850834,3815740.850834000000
2026-03-01,97,-695967150,e6d0ca9844f4c079e6e732f396ef3b9f98a2dac8,1,1,3800000000000,3800000.000000000000
2026-03-01,98,1450693022,c40ca9847255a1b89ac50ee08555ec150a1e23a1,4,4,3676470674064,3676470.674064000000
2026-03-01,99,-698833480,1f14bb1f7a5a9233d7eff4dae8bd8b2b03f3d069,8,8,3670641462326,3670641.462326000000
2026-03-01,100,1382140219,ae2586e76c8a4d8dc1ff3d9ab70bec760ae143c2,24,24,3659343029667,3659343.029667000000
2026-04-01,1,-229505902,baa8f73befc06df041bbd53d601e9ed2b4ef940f,38,38,190000000000000,190000000.0000000000
2026-04-01,2,-342722525,289c204b35859bfb924b9c0759a4fe80f610671c,93,93,113604033010374,113604033.0103740000
2026-04-01,3,-677558932,6c8e3b9670330430ed9928c5c2288fd9a2f2c1b4,185,185,104684586014898,104684586.0148980000
2026-04-01,4,-1011454050,08e2c112d8d89700382c94cc3118c142cff417f5,3,3,100134468060299,100134468.060299000000
2026-04-01,5,-1021406873,8911097a4554b1a3a31739917c02131c966b61ce,1,1,100000000000000,100000000.000000000000
2026-04-01,6,-635730634,8947a39966c333df00a8581cd6523457bdf36842,132,132,81767739558622,81767739.558622000000
2026-04-01,7,-138136881,7bee8d37fba61a6251a08b957d502c56e2a50fab,14,14,75655171875103,75655171.875103000000
2026-04-01,8,-432618367,68e7e72938db36a5cbbca7b52c71dbbaadfb8264,25,25,73160126284420,73160126.284420000000
2026-04-01,9,-317332011,3063c5907faa10c01b242181aa689beb23d2bd65,32,32,70843026378332,70843026.378332000000
2026-04-01,10,-597393443,502d222e8e4daef69032f55f0c1a999effd78fb3,32,32,67574987147138,67574987.147138000000
2026-04-01,11,736007061,b81a0e6c38c3fec8a171cfe9631f60127a0c5bfd,113,75,66893616910433,66893616.910433000000
2026-04-01,12,-236317071,7a9e7a2453cc940b112d668656404a8ffea8cb98,12,12,66023101538851,66023101.538851000000
2026-04-01,13,-1067776980,8058f48a1b6b469044703319a7047a08cb197856,1,1,64800000000000,64800000.000000000000
2026-04-01,14,1153711585,8fd589aa8bfa402156a6d1ad323fec0ecee50d9d,5,5,60205685635838,60205685.635838000000
2026-04-01,15,-363984600,4352cc849b33a936ad93bb109afdec1c89653b4f,10,10,52485160202344,52485160.202344000000
2026-04-01,16,-215249457,81633c1357ddb25d8625efb2cad26a60988475bf,31,31,50975523263548,50975523.263548000000
2026-04-01,17,-428452031,1fcc47ee0f19ca0f07f8b987f0ad32ac204c03a7,1,1,50000000000000,50000000.000000000000
2026-04-01,18,-636458699,b080fb18286080dec011040abad111ebb4a9cf5a,74,74,49496853658623,49496853.658623000000
2026-04-01,19,-631572087,015cc48cc8bc37d80aaff4e43061dbaf94192308,11,11,47354819421959,47354819.421959000000
2026-04-01,20,2119729236,81ebde24453b8e40454616579ea79c79a197699d,39,39,46733013774794,46733013.774794000000
2026-04-01,21,1912307344,6d42aab8b4efd1ad0c5454a040b59ae3c99440b5,85,85,45620310629034,45620310.629034000000
2026-04-01,22,704271853,9772fedc43123a6efbd1965617d0e079de2689e4,57,56,44708060573139,44708060.573139000000
2026-04-01,23,-637811691,b2e0a660ea47119bd1f5ffbed83f5932375d0622,139,139,42012745865908,42012745.865908000000
2026-04-01,24,-159802318,c468315a2df54f9c076bd5cfe5002ba211f74ca6,7,7,41559411734886,41559411.734886000000
2026-04-01,25,-617808171,28355886a65848488cf0a3646fca395db0a762b1,7,7,40060687598120,40060687.598120000000
2026-04-01,26,1877493213,3af4a49c8e2fcaf33fd3389543b80d320fcc9091,27,27,31543921674915,31543921.674915000000
2026-04-01,27,-642538315,0e22a3e2224c1509670bad30337d5817257da547,29,29,31297716390623,31297716.390623000000
2026-04-01,28,-985250510,c3a4253ba5b8db0023b17f06e9130d999550754f,5,5,30091498194975,30091498.194975000000
2026-04-01,29,-994534921,a56da9bb528fedf8379b02e95fbbdad34d45846f,11,11,27942864765880,27942864.765880000000
2026-04-01,30,-1034697596,22e313d786be55c5ab2620dbccc1634e598cbc44,30,30,27456865868472,27456865.868472000000
2026-04-01,31,1752098036,691cb02bf62a0bb2397bfae9a55f7380d415fff2,10,10,27369921784330,27369921.784330000000
2026-04-01,32,-1034593735,882f3c41bc6eaf6f657169b32fc0b565b23ec850,1,1,26440000000000,26440000.000000000000
2026-04-01,33,-265787615,e397a2646f132389364a87ab602bc29a9dcf2459,6,6,25032474283616,25032474.283616000000
2026-04-01,34,-1067734486,933f6ea627894fe20ef564fb29a4dcec40c7c394,1,1,25000000022500,25000000.022500000000
2026-04-01,35,-940279107,bc32b4eb08555db1a864e13821ee28f84249f03b,2,2,25000000022500,25000000.022500000000
2026-04-01,36,-629016489,7c901246a0e2b0c455aced598b9b37c02dca95b0,3,3,25000000022500,25000000.022500000000
2026-04-01,37,-1077633141,5bd75f955af9e7b39270fdf6c4c4c56bde8efe2b,1,1,24550000000000,24550000.000000000000
2026-04-01,38,-385063920,d964c9742093e4333d5be8f9eb5eac02ba153d54,115,115,23937080646292,23937080.646292000000
2026-04-01,39,-643637804,5f78886bdc2d217c98acc7b5ecb77259b2589c7e,16,16,23204903707287,23204903.707287000000
2026-04-01,40,-361257833,c6877a65349b0fa45cc61a267ee682c7abf2b369,8,8,22081947199101,22081947.199101000000
2026-04-01,41,-359466258,0daf132c5554fd7d5eb422585426af557d8847e0,15,15,21205445379638,21205445.379638000000
2026-04-01,42,1642228075,264bd8291fae1d75db2c5f573b07faa6715997b5,2015,2015,21168102948884,21168102.948884000000
2026-04-01,43,-1021454547,58a04dd6b368e043ed0cb7a1560483ab22136675,36,36,20992587520086,20992587.520086000000
2026-04-01,44,1947683049,b3abe0777aa9685941e54744e704378b4b33eeaa,8,8,20897805211617,20897805.211617000000
2026-04-01,45,-1067645651,b584cb2a265f737cf2c04d631585b8d0d56bf7c4,1,1,20000000000000,20000000.000000000000
2026-04-01,46,-1057900399,bb1e79dff76a23afabb43dabb4677ffbd50a2282,1,1,20000000000000,20000000.000000000000
2026-04-01,47,-626887373,b907d8ffd28be854a75580adebc2af4063d0dd92,17,17,19579620891329,19579620.891329000000
2026-04-01,48,-441845817,e7cd2fa44cce16e70867338f7b9fd60ad3b9d4b5,59,59,18342842756698,18342842.756698000000
2026-04-01,49,-137324202,d7583e3cf08bbcab66f1242195227bbf9f865fda,10,10,18188012886012,18188012.886012000000
2026-04-01,50,1966848499,96fc07d730b514d5318eddd94289578d4545505e,15,15,17982251444593,17982251.444593000000
2026-04-01,51,-852926222,8added25f8cce417c1e19aad91fb6ddcb9917d2c,18,18,17856439832907,17856439.832907000000
2026-04-01,52,-643645070,813d1bb109572bc23c40cff5ee53789955dac91b,22,22,17485473545327,17485473.545327000000
2026-04-01,53,-700308080,9f1a1479191af103ff82fead23e950b6b3b2bd1a,9,9,17416753856861,17416753.856861000000
2026-04-01,54,-790892217,d734d8c031a0ef6c966c6cd95d8ed4e66c12ed1b,17,17,16644661179074,16644661.179074000000
2026-04-01,55,-1082079568,2068e5eb7f61fc8b05804c4fa8488e18df5b3000,2,2,16500000000500,16500000.000500000000
2026-04-01,56,1775038838,6ed3c871ac6aae698a9d6e547a5f54873b091e18,33,33,16498697847518,16498697.847518000000
2026-04-01,57,497816519,b4fb31e7b1471a8e52dd1e962a281a732ead59c1,2,2,16389739037789,16389739.037789000000
2026-04-01,58,-643670424,1174482713197f03c1d0d23094f5b3eb1ab7e3aa,14,14,16000000014400,16000000.014400000000
2026-04-01,59,-661523479,a4a90c550348ce253ade51036f8aebc552446a5f,20,20,16000000014400,16000000.014400000000
2026-04-01,60,-607341344,815f5bb257e88b67216a344c7c83a3ea4ee74748,9,9,15840274709007,15840274.709007000000
2026-04-01,61,-665613332,523f02eb15cd9a7033a2831802cfb868194307bb,20,20,15258640085902,15258640.085902000000
2026-04-01,62,-1036817279,4ceb496c6f4b409b26e7d7278ffbaabeb4530cce,1,1,15112674327000,15112674.327000000000
2026-04-01,63,-1036833988,95d4ac64cf5cf820a6775938998fc4be79cfebaa,1,1,14915095528378,14915095.528378000000
2026-04-01,64,-574997141,e8a9693002d1397ca7a0ee11c2ab2ed6932d2966,87,87,14834967191478,14834967.191478000000
2026-04-01,65,2137894645,f276d10b388e00b8a04b1362f66c6e2aad8a1960,16,16,14121407935750,14121407.935750000000
2026-04-01,66,-709771569,91cb00ed2eacc6266a2d06453b15564cccacd0a3,16,16,14069453208251,14069453.208251000000
2026-04-01,67,-536438338,af9b98d2acde5f13eaeaeb0101273cdfa86dcc95,7,7,14003133697594,14003133.697594000000
2026-04-01,68,-320568637,42715ba91deda3c692b9f540cee2fbb4dae78bbb,13,13,13845589382179,13845589.382179000000
2026-04-01,69,-719114798,971b34b997843b82051b3e781d6a6d5a21bbdda0,14,14,13004858452772,13004858.452772000000
2026-04-01,70,-1020414576,d1e122ed9400bd2528bb19503d89fe0fc9b4b5d8,1,1,13000000000000,13000000.000000000000
2026-04-01,71,1881090579,76be51aa94fb1c9632107349aab0488d878e4395,12,12,12537366892893,12537366.892893000000
2026-04-01,72,1522788511,fe7f55df1f6c9a5932393f61a2a3b0fee67176eb,4,4,12530151269017,12530151.269017000000
2026-04-01,73,-1020430506,5d5952905e8401f9345009ea4a36ca2e9ebf548f,1,1,12282059416204,12282059.416204000000
2026-04-01,74,-202115712,e8d8bb57edf69e4daf806ba60bf2658c81eb91db,11,11,12002916967640,12002916.967640000000
2026-04-01,75,-1067685569,5dd6d1a7f1a02bd80e2124e5f13deda35580851d,1,1,12000000000000,12000000.000000000000
2026-04-01,76,-131279397,6efc48b8b6222924fa6ea95d174af5518b761177,15,15,11973548023096,11973548.023096000000
2026-04-01,77,-581734394,2ac7908bd818982373f45fe1e5a6fb3c676fee1d,1,1,11967003941651,11967003.941651000000
2026-04-01,78,-519715998,b00fe7a3e0eaa061de1f74af0d48de97c244f58d,8,8,11641604677176,11641604.677176000000
2026-04-01,79,1318496439,49e96e255ba418d08e66c35b588e2f2f3766e1d0,4,4,11531847209386,11531847.209386000000
2026-04-01,80,-92524341,d480bb579f61edf044d0e86e33cb72310c816d6a,19,19,11462343262682,11462343.262682000000
2026-04-01,81,-538678632,fc0539d019482d311c161ae3b756cdccdec45e87,32,32,10509017000000,10509017.000000000000
2026-04-01,82,-113620579,00c04ae980a41825fcb505797d394090295b5813,12,12,10371735547030,10371735.547030000000
2026-04-01,83,-85484796,363d1bc97415b2f12ea731df20d480d3c0d80b9e,12,12,10338098034708,10338098.034708000000
2026-04-01,84,-706099958,ed41a12ea862f31df054e9bd3af1dd59486c6029,9,9,8614486630288,8614486.630288000000
2026-04-01,85,-652430204,8fd2d835bc5705d2578e81a05f822b4b90c12ac7,20,20,8273476623968,8273476.623968000000
2026-04-01,86,-3197481,603816c3c509007cf9265acf85df5927c49d6da4,2,2,7974526503675,7974526.503675000000
2026-04-01,87,-843186413,cf0a12cbd8088fc5f84ad431e71787157041cd69,2,2,7924587874018,7924587.874018000000
2026-04-01,88,-766596758,23b0e0065730bcd0f1e990406d68915a0cd6c4bb,15,15,7739231360000,7739231.360000000000
2026-04-01,89,-782070773,b0f8c20b849886cad270d705acc39739c0683f64,7,7,7693378323076,7693378.323076000000
2026-04-01,90,-569796106,8fee409f8f772667add2a2ccfb8c5182a7349ce9,4,4,7628950204798,7628950.204798000000
2026-04-01,91,-494340121,faa1faf7c1ba2d18bb440020ca158a7f4d2bdd27,3,3,7000672566145,7000672.566145000000
2026-04-01,92,-573209523,a427def3f920f718a89e5ab473c79c065ab10ef4,2,2,6867305014887,6867305.014887000000
2026-04-01,93,-526186941,2a691723fa94b2e38c1cda37dc64c7298f73378d,19,19,6789627188084,6789627.188084000000
2026-04-01,94,-663631058,50ffd61edfa097407143cc64f7156f715d0e0239,10,10,6311568226990,6311568.226990000000
2026-04-01,95,-792171468,f6f51b843c3b6e75cf70109494dc1f0d4e304dda,2,2,6178318695263,6178318.695263000000
2026-04-01,96,-419494535,50174919350fd2944439ba719488b78ec4be9357,18,18,6065058829681,6065058.829681000000
2026-04-01,97,1821346740,fe681735ac7f6a171f221bfc7ca2c344a98fba73,7,7,6017043007948,6017043.007948000000
2026-04-01,98,-1067734849,0ff3616ea99436d2438ce242e97d4cc1577473e7,1,1,5965034912097,5965034.912097000000
2026-04-01,99,2105416652,18e204a8fc0f1366b481cab3ccaff20db45bfc76,3,3,5959493557437,5959493.557437000000
2026-04-01,100,-629798092,1c934e8029d17920e697e3eb214014806576983f,8,8,5799081796739,5799081.796739000000
2026-05-01,1,736007061,b81a0e6c38c3fec8a171cfe9631f60127a0c5bfd,107,43,118715883545586,118715883.5455860000
2026-05-01,2,-236317071,7a9e7a2453cc940b112d668656404a8ffea8cb98,21,21,80278349109266,80278349.109266000000
2026-05-01,3,-229505902,baa8f73befc06df041bbd53d601e9ed2b4ef940f,15,15,75000000000000,75000000.000000000000
2026-05-01,4,1752098036,691cb02bf62a0bb2397bfae9a55f7380d415fff2,18,18,61691829581908,61691829.581908000000
2026-05-01,5,1775038838,6ed3c871ac6aae698a9d6e547a5f54873b091e18,27,27,50549490934795,50549490.934795000000
2026-05-01,6,-677558932,6c8e3b9670330430ed9928c5c2288fd9a2f2c1b4,84,84,49964052188729,49964052.188729000000
2026-05-01,7,-432618367,68e7e72938db36a5cbbca7b52c71dbbaadfb8264,13,13,49022338218848,49022338.218848000000
2026-05-01,8,-700308080,9f1a1479191af103ff82fead23e950b6b3b2bd1a,23,23,43464552445604,43464552.445604000000
2026-05-01,9,-342722525,289c204b35859bfb924b9c0759a4fe80f610671c,34,34,42199454358007,42199454.358007000000
2026-05-01,10,-635730634,8947a39966c333df00a8581cd6523457bdf36842,46,46,36953669498648,36953669.498648000000
2026-05-01,11,-138136881,7bee8d37fba61a6251a08b957d502c56e2a50fab,20,20,36597890729281,36597890.729281000000
2026-05-01,12,2119729236,81ebde24453b8e40454616579ea79c79a197699d,20,20,36128115310251,36128115.310251000000
2026-05-01,13,-626887373,b907d8ffd28be854a75580adebc2af4063d0dd92,33,33,34457228526065,34457228.526065000000
2026-05-01,14,-645007186,075d4f9d704b64182ada92a64570a6ad9b9473d1,24,2,34200000000000,34200000.000000000000
2026-05-01,15,-215249457,81633c1357ddb25d8625efb2cad26a60988475bf,16,16,32867192990513,32867192.990513000000
2026-05-01,16,2137894645,f276d10b388e00b8a04b1362f66c6e2aad8a1960,52,52,29892788855096,29892788.855096000000
2026-05-01,17,-636458699,b080fb18286080dec011040abad111ebb4a9cf5a,46,46,26850154077485,26850154.077485000000
2026-05-01,18,-597393443,502d222e8e4daef69032f55f0c1a999effd78fb3,7,7,25206107882662,25206107.882662000000
2026-05-01,19,1947683049,b3abe0777aa9685941e54744e704378b4b33eeaa,18,18,24614143497673,24614143.497673000000
2026-05-01,20,-1155348617,2cde60ea63d335e6c92656020142c48a19deecdd,1,1,24440000000000,24440000.000000000000
2026-05-01,21,1912307344,6d42aab8b4efd1ad0c5454a040b59ae3c99440b5,53,52,22299889534081,22299889.534081000000
2026-05-01,22,-573209523,a427def3f920f718a89e5ab473c79c065ab10ef4,5,5,22272014203113,22272014.203113000000
2026-05-01,23,-536438338,af9b98d2acde5f13eaeaeb0101273cdfa86dcc95,4,4,22004778986658,22004778.986658000000
2026-05-01,24,1877493213,3af4a49c8e2fcaf33fd3389543b80d320fcc9091,31,31,21869663385931,21869663.385931000000
2026-05-01,25,-1116594935,b40fed246b14343d04a0622acd2daafdf61fd3d9,39,39,21728287816019,21728287.816019000000
2026-05-01,26,-361257833,c6877a65349b0fa45cc61a267ee682c7abf2b369,6,6,18635392863346,18635392.863346000000
2026-05-01,27,-1028414743,0da4b40b77ce15390641a82964aff7cdb2bb00b0,146,146,17763396074388,17763396.074388000000
2026-05-01,28,-637811691,b2e0a660ea47119bd1f5ffbed83f5932375d0622,49,49,17009302254988,17009302.254988000000
2026-05-01,29,-607341344,815f5bb257e88b67216a344c7c83a3ea4ee74748,9,9,16974177489393,16974177.489393000000
2026-05-01,30,-519715998,b00fe7a3e0eaa061de1f74af0d48de97c244f58d,15,15,16717021187476,16717021.187476000000
2026-05-01,31,-642538315,0e22a3e2224c1509670bad30337d5817257da547,29,29,16654746114310,16654746.114310000000
2026-05-01,32,-385472235,a33e1f748754d2d624638ab335100d92fcbe62a2,19,19,15988933841459,15988933.841459000000
2026-05-01,33,-918511470,70ac345ab736ce145e0d4b5deced7a8bcb0e4033,18,18,15979636916586,15979636.916586000000
2026-05-01,34,-1098603736,34458393db74fb7739430a7fe6e379cceeec10d9,2,2,14997297968719,14997297.968719000000
2026-05-01,35,-994212678,a122687285dc5012141055a801045f069112e7c6,10,10,14231603297594,14231603.297594000000
2026-05-01,36,-285967951,a67963e047cf23aa96a178f434f678a6a3a537e9,9,9,14065091195135,14065091.195135000000
2026-05-01,37,-1118352963,937d4577041878598c00278e981a601b6d5cb462,1,1,13953938730270,13953938.730270000000
2026-05-01,38,-320568637,42715ba91deda3c692b9f540cee2fbb4dae78bbb,7,7,13217753809774,13217753.809774000000
2026-05-01,39,-385063920,d964c9742093e4333d5be8f9eb5eac02ba153d54,59,59,13184418517152,13184418.517152000000
2026-05-01,40,-131279397,6efc48b8b6222924fa6ea95d174af5518b761177,15,15,12733446540763,12733446.540763000000
2026-05-01,41,-317332011,3063c5907faa10c01b242181aa689beb23d2bd65,38,38,12535881781356,12535881.781356000000
2026-05-01,42,-784742880,8714d57fbbdbd202b10cafdf562996a2ed961e13,3,3,12204045698429,12204045.698429000000
2026-05-01,43,-574997141,e8a9693002d1397ca7a0ee11c2ab2ed6932d2966,64,64,12149572530862,12149572.530862000000
2026-05-01,44,-85484796,363d1bc97415b2f12ea731df20d480d3c0d80b9e,13,13,11828070035729,11828070.035729000000
2026-05-01,45,-1117393502,3a9305c5ed78a9e0461a3d969293dd741e8b124c,14,14,11568678281219,11568678.281219000000
2026-05-01,46,-1082079568,2068e5eb7f61fc8b05804c4fa8488e18df5b3000,1,1,11464338482570,11464338.482570000000
2026-05-01,47,-994534921,a56da9bb528fedf8379b02e95fbbdad34d45846f,10,10,11395698357023,11395698.357023000000
2026-05-01,48,-319387392,db9e930f11d56ca3657910c9fc539bc5c8aaa0c3,12,12,10323188099749,10323188.099749000000
2026-05-01,49,704271853,9772fedc43123a6efbd1965617d0e079de2689e4,12,12,9963047852312,9963047.852312000000
2026-05-01,50,-526186941,2a691723fa94b2e38c1cda37dc64c7298f73378d,14,14,9851239809130,9851239.809130000000
2026-05-01,51,-631572087,015cc48cc8bc37d80aaff4e43061dbaf94192308,1,1,9071202559925,9071202.559925000000
2026-05-01,52,-186134385,a7218a037f3713c0ce03a1caa3c471a95880e608,2,2,8750425759461,8750425.759461000000
2026-05-01,53,-1122403315,d6161eecc6b5d89115a408f19f27edad54766495,4,4,8644637873220,8644637.873220000000
2026-05-01,54,-643637804,5f78886bdc2d217c98acc7b5ecb77259b2589c7e,19,19,8368089729257,8368089.729257000000
2026-05-01,55,917002944,cffad3200574698b78f32232aa9d63eabd290703,2,2,8000000000000,8000000.000000000000
2026-05-01,56,1603443352,842fab064cdc9dc0715cd4bdca5756f7d347efee,81,81,7999642599906,7999642.599906000000
2026-05-01,57,-17262927,a994295e2e3598460c959b4a9d91c763fd5c3827,3,3,7221008694225,7221008.694225000000
2026-05-01,58,1929645575,063adacc01db782093d0310bf3d5755d2adec424,31,31,7180082436200,7180082.436200000000
2026-05-01,59,-419494535,50174919350fd2944439ba719488b78ec4be9357,20,20,6988273226363,6988273.226363000000
2026-05-01,60,1839362061,fe99cc4664a939f826dbeb545c1aad4c89ee737a,8,8,6838640024653,6838640.024653000000
2026-05-01,61,-92524341,d480bb579f61edf044d0e86e33cb72310c816d6a,14,14,6779821476831,6779821.476831000000
2026-05-01,62,-359466258,0daf132c5554fd7d5eb422585426af557d8847e0,6,6,6505550815499,6505550.815499000000
2026-05-01,63,-1034697596,22e313d786be55c5ab2620dbccc1634e598cbc44,8,8,6152789418559,6152789.418559000000
2026-05-01,64,-113751618,43911ee0012cdabf825d1ffe3a3e372c9d477618,11,11,6014457151027,6014457.151027000000
2026-05-01,65,-314784948,432861922cf8d3a1aa74bfdcf780149ddcf228c5,7,7,5941816290632,5941816.290632000000
2026-05-01,66,-757799553,e2c3e9cfd77d294da4a2a614742edd3e62e4ed16,59,59,5664273666207,5664273.666207000000
2026-05-01,67,-210419851,fa3b068b287e7d6b95a75cca21cdc2f31653c962,2,2,5647043947962,5647043.947962000000
2026-05-01,68,-643645070,813d1bb109572bc23c40cff5ee53789955dac91b,7,7,5620000005058,5620000.005058000000
2026-05-01,69,-538678632,fc0539d019482d311c161ae3b756cdccdec45e87,37,37,5502445000000,5502445.000000000000
2026-05-01,70,-1118368099,6b2b1b60ec0046a303a0d7961a13bc2dbf571530,1,1,5162976121025,5162976.121025000000
2026-05-01,71,-851347536,7158bc38b52db0a8bdeab69d347cd2c3de92cf76,8,8,5089474862210,5089474.862210000000
2026-05-01,72,-848650400,c095b764e0c30bf8aedb8f70d3f16dbb4f0d7516,10,10,5080000000180,5080000.000180000000
2026-05-01,73,-1029977198,2154d98c2c07a2d834eb561e84d5be14499a0a0b,6,6,5020251657614,5020251.657614000000
2026-05-01,74,-1118376553,6a60bc82719824e77047964dae61cfe809c226b0,1,1,4999999375896,4999999.375896000000
2026-05-01,75,-1138526545,50567d71f7d5e4023d47fb66cc5d1b3967e79fbc,1,1,4995999048674,4995999.048674000000
2026-05-01,76,-1155109339,06420f316c4390d1c48fe00cfb7b397a20ddbab4,18,18,4875569899054,4875569.899054000000
2026-05-01,77,-790892217,d734d8c031a0ef6c966c6cd95d8ed4e66c12ed1b,12,12,4805883286304,4805883.286304000000
2026-05-01,78,-242877257,c93d036c58c83811a82fb98feed8cac7a942a110,8,8,4324500898783,4324500.898783000000
2026-05-01,79,-198223899,b7210a359cd2034126b8b2c8b95e748f04fffa38,6,6,4258721077049,4258721.077049000000
2026-05-01,80,-659719577,8e6db92f047069d57250b65a9177561ab4ba2cc9,42,42,4199497955815,4199497.955815000000
2026-05-01,81,-123658148,a9d90f0eb0993390bd02a2c50cee658ebd01b48e,7,7,4103409780487,4103409.780487000000
2026-05-01,82,-433401137,d6c757043e7d59088969b188923c62fa960afe9b,12,12,4010023709368,4010023.709368000000
2026-05-01,83,-1021454547,58a04dd6b368e043ed0cb7a1560483ab22136675,1,1,4007412511781,4007412.511781000000
2026-05-01,84,-661523479,a4a90c550348ce253ade51036f8aebc552446a5f,3,3,4000000003600,4000000.003600000000
2026-05-01,85,-665613332,523f02eb15cd9a7033a2831802cfb868194307bb,6,6,4000000003600,4000000.003600000000
2026-05-01,86,-643670424,1174482713197f03c1d0d23094f5b3eb1ab7e3aa,9,9,3728085198570,3728085.198570000000
2026-05-01,87,-441845817,e7cd2fa44cce16e70867338f7b9fd60ad3b9d4b5,8,8,3727007670313,3727007.670313000000
2026-05-01,88,-674861889,e4d48e3c603300d1ea28cb2a48baa4e95c34b7f8,4,4,3701159629220,3701159.629220000000
2026-05-01,89,-985471894,a8c81c9ad7b27a26c8f831e2ca28bfdf2319017a,5,5,3700000000000,3700000.000000000000
2026-05-01,90,1374949264,e3ec8563551f049da5fc973472a7fb04cb940d08,36,36,3668961155241,3668961.155241000000
2026-05-01,91,-1095061576,a8b35a430e99713026f394af7c7b36add56b7703,62,62,3653458990164,3653458.990164000000
2026-05-01,92,-1102446578,e1066ffcb6951bed71c1870c62b3759270510be5,10,10,3556045346505,3556045.346505000000
2026-05-01,93,-767875153,d3d6786aeab1054eccd88ea89bca2051f4e54477,9,9,3533983708140,3533983.708140000000
2026-05-01,94,-123538240,8c2aeccef3b3634d039c96993577f80d3278fee8,1,1,3524265625475,3524265.625475000000
2026-05-01,95,1953146767,65859153491f44e2226ca6ae37347c855158a4fb,2,2,3506725159560,3506725.159560000000
2026-05-01,96,-569796106,8fee409f8f772667add2a2ccfb8c5182a7349ce9,6,6,3502837840366,3502837.840366000000
2026-05-01,97,-1122373075,eacba6ac9a3da896565a3420a77a057cb3efe9fc,1,1,3499623027125,3499623.027125000000
2026-05-01,98,-1095794382,667a974589d2cfcf00ddad12f555892d0e1a0282,1,1,3499207892872,3499207.892872000000
2026-05-01,99,-709771569,91cb00ed2eacc6266a2d06453b15564cccacd0a3,7,7,3498526558386,3498526.558386000000
2026-05-01,100,-448377381,415117b76d282789fee118fba8ff7923fcebd72e,2,2,3490228340640,3490228.340640000000
2026-06-01,1,-229505902,baa8f73befc06df041bbd53d601e9ed2b4ef940f,22,22,110000000000000,110000000.0000000000
2026-06-01,2,-677558932,6c8e3b9670330430ed9928c5c2288fd9a2f2c1b4,117,117,63163079363276,63163079.363276000000
2026-06-01,3,736007061,b81a0e6c38c3fec8a171cfe9631f60127a0c5bfd,88,54,60342140483485,60342140.483485000000
2026-06-01,4,-138136881,7bee8d37fba61a6251a08b957d502c56e2a50fab,28,28,57819161782205,57819161.782205000000
2026-06-01,5,-607341344,815f5bb257e88b67216a344c7c83a3ea4ee74748,17,15,53950733739360,53950733.739360000000
2026-06-01,6,-606672456,f50623b782fb0c7cd3966b20f6ecb7d791a36ec6,3,3,50000000000000,50000000.000000000000
2026-06-01,7,1912307344,6d42aab8b4efd1ad0c5454a040b59ae3c99440b5,86,86,44898701222543,44898701.222543000000
2026-06-01,8,-637811691,b2e0a660ea47119bd1f5ffbed83f5932375d0622,122,122,44536029311726,44536029.311726000000
2026-06-01,9,-635730634,8947a39966c333df00a8581cd6523457bdf36842,70,70,41693941651963,41693941.651963000000
2026-06-01,10,-215249457,81633c1357ddb25d8625efb2cad26a60988475bf,17,17,32220016595425,32220016.595425000000
2026-06-01,11,1752098036,691cb02bf62a0bb2397bfae9a55f7380d415fff2,9,9,27459555797757,27459555.797757000000
2026-06-01,12,-1241819057,7af21007a50945432bc5c380ec25468402638f9d,1,1,26059531050000,26059531.050000000000
2026-06-01,13,-636458699,b080fb18286080dec011040abad111ebb4a9cf5a,33,33,24634222535865,24634222.535865000000
2026-06-01,14,-159802318,c468315a2df54f9c076bd5cfe5002ba211f74ca6,10,10,24198113324331,24198113.324331000000
2026-06-01,15,2137894645,f276d10b388e00b8a04b1362f66c6e2aad8a1960,48,48,16843175333730,16843175.333730000000
2026-06-01,16,1947683049,b3abe0777aa9685941e54744e704378b4b33eeaa,28,28,16090604727906,16090604.727906000000
2026-06-01,17,-385063920,d964c9742093e4333d5be8f9eb5eac02ba153d54,64,64,15988578365342,15988578.365342000000
2026-06-01,18,704271853,9772fedc43123a6efbd1965617d0e079de2689e4,19,19,15623617242833,15623617.242833000000
2026-06-01,19,-1039756340,2e3dc205e5687e02eb4bea4f657c9572a83490e5,7,7,13200270715183,13200270.715183000000
2026-06-01,20,-854469832,3b6aee126473ecf13b83b530a518a649eae95644,100,100,13183231944021,13183231.944021000000
2026-06-01,21,-626887373,b907d8ffd28be854a75580adebc2af4063d0dd92,13,13,12794990129125,12794990.129125000000
2026-06-01,22,-519715998,b00fe7a3e0eaa061de1f74af0d48de97c244f58d,8,8,12340582199465,12340582.199465000000
2026-06-01,23,-643637804,5f78886bdc2d217c98acc7b5ecb77259b2589c7e,20,20,11482785803661,11482785.803661000000
2026-06-01,24,-972250801,b8b827eafb19df6737935b3b3f6bef855d2f8e84,12,12,10721610784953,10721610.784953000000
2026-06-01,25,-784742880,8714d57fbbdbd202b10cafdf562996a2ed961e13,14,14,10540522412774,10540522.412774000000
2026-06-01,26,-994212678,a122687285dc5012141055a801045f069112e7c6,3,3,9559903143275,9559903.143275000000
2026-06-01,27,888917056,6a73204db71f8e054bf9a0680b02ae96f700b595,8,8,8479976858197,8479976.858197000000
2026-06-01,28,-1190968302,fa7f885146dbf122f0ed14196c1fe74b39c1005d,25,25,8335680316907,8335680.316907000000
2026-06-01,29,-994534921,a56da9bb528fedf8379b02e95fbbdad34d45846f,10,10,8278766354785,8278766.354785000000
2026-06-01,30,-137324202,d7583e3cf08bbcab66f1242195227bbf9f865fda,10,10,8174616589562,8174616.589562000000
2026-06-01,31,-659719577,8e6db92f047069d57250b65a9177561ab4ba2cc9,80,80,8000354000000,8000354.000000000000
2026-06-01,32,1689043048,fab10aa58bf87a3499bd5b603af8c442fc48cbac,14,13,6794500229192,6794500.229192000000
2026-06-01,33,-1028414743,0da4b40b77ce15390641a82964aff7cdb2bb00b0,46,46,6534870453830,6534870.453830000000
2026-06-01,34,2119729236,81ebde24453b8e40454616579ea79c79a197699d,9,9,6311128560190,6311128.560190000000
2026-06-01,35,-1193597401,ddcd0d178587cf11529067ada8189abecd39cdd1,2,2,6049531436610,6049531.436610000000
2026-06-01,36,-559319506,6cc60a0b57bc882a0471980d0e2d4ad7ddf3c4bd,10,10,5793414593892,5793414.593892000000
2026-06-01,37,-643645070,813d1bb109572bc23c40cff5ee53789955dac91b,8,8,5603303018206,5603303.018206000000
2026-06-01,38,-359466258,0daf132c5554fd7d5eb422585426af557d8847e0,3,3,5493131134365,5493131.134365000000
2026-06-01,39,-385472235,a33e1f748754d2d624638ab335100d92fcbe62a2,9,9,5370024077179,5370024.077179000000
2026-06-01,40,-632837643,6aa5563fc358c84e44cc03d65abca969ca7a9768,25,25,5001744373995,5001744.373995000000
2026-06-01,41,-1067732776,5087a7f6566d626f875db7f46796e44dc52f4739,25,25,4868459567844,4868459.567844000000
2026-06-01,42,-766596758,23b0e0065730bcd0f1e990406d68915a0cd6c4bb,61,61,4864358820174,4864358.820174000000
2026-06-01,43,-782070773,b0f8c20b849886cad270d705acc39739c0683f64,13,13,4801651671493,4801651.671493000000
2026-06-01,44,-236317071,7a9e7a2453cc940b112d668656404a8ffea8cb98,6,6,4597160104498,4597160.104498000000
2026-06-01,45,966734347,6c76e681cbc01b283677cb5255587c22a29780f0,13,13,4560569594980,4560569.594980000000
2026-06-01,46,-642538315,0e22a3e2224c1509670bad30337d5817257da547,9,9,4332347294730,4332347.294730000000
2026-06-01,47,-320568637,42715ba91deda3c692b9f540cee2fbb4dae78bbb,4,4,4077798690522,4077798.690522000000
2026-06-01,48,-700308080,9f1a1479191af103ff82fead23e950b6b3b2bd1a,6,6,4029607003977,4029607.003977000000
2026-06-01,49,-643670424,1174482713197f03c1d0d23094f5b3eb1ab7e3aa,2,2,4000000003600,4000000.003600000000
2026-06-01,50,-1015823227,8f1a3f3ac0ed6e504fe9af53ff1d8c5759e20f45,16,16,3960075872717,3960075.872717000000
2026-06-01,51,-538678632,fc0539d019482d311c161ae3b756cdccdec45e87,37,37,3955155000000,3955155.000000000000
2026-06-01,52,-1034697596,22e313d786be55c5ab2620dbccc1634e598cbc44,1,1,3691812064783,3691812.064783000000
2026-06-01,53,-1140273406,0370046d62e8ee03d4f7773868fa67028f561f6b,7,7,3615636269373,3615636.269373000000
2026-06-01,54,-448377381,415117b76d282789fee118fba8ff7923fcebd72e,8,8,3494525291598,3494525.291598000000
2026-06-01,55,-314784948,432861922cf8d3a1aa74bfdcf780149ddcf228c5,5,5,3370000000000,3370000.000000000000
2026-06-01,56,1231067748,f28e1b06e00e8774c612e31ab3ac35d5a720085f,4,4,3239997973068,3239997.973068000000
2026-06-01,57,-314502537,19087cd19b4202ffc40e5b4432b107b33b3c4569,8,8,3175336715817,3175336.715817000000
2026-06-01,58,-315769510,26c373a3186c8b0e6cc3816ac1ac0c424294d085,25,25,3170952796007,3170952.796007000000
2026-06-01,59,-433401137,d6c757043e7d59088969b188923c62fa960afe9b,7,7,2902732821114,2902732.821114000000
2026-06-01,60,-709771569,91cb00ed2eacc6266a2d06453b15564cccacd0a3,4,4,2807106133975,2807106.133975000000
2026-06-01,61,1695726495,c6dd9976066f3364b4d6a72cd4f1fa0468327aa7,8,8,2805960956206,2805960.956206000000
2026-06-01,62,-356278846,e4637833f5513524d0b9337a75963619034fbb23,6,6,2630000000000,2630000.000000000000
2026-06-01,63,-1120236877,0b6ea7dd18440bb656bc418be5c7736bd032960d,1,1,2511084845541,2511084.845541000000
2026-06-01,64,-1177984994,802c379b878639e0c9d0fe1fd94dec80ee25a60a,1,1,2498441939750,2498441.939750000000
2026-06-01,65,946763721,7552bcd1d045eabcb304d34f0574a9e3c7c8f9f1,42,41,2401649006280,2401649.006280000000
2026-06-01,66,-342722525,289c204b35859bfb924b9c0759a4fe80f610671c,28,28,2339318620971,2339318.620971000000
2026-06-01,67,-118803081,09c2f460c925a00967a7daeef7af9f8e0a5032b2,2,2,2301756047771,2301756.047771000000
2026-06-01,68,-1178624214,a40fb4ae2f66ee7482eaf65551ce4591616e7b5c,1,1,2299932675037,2299932.675037000000
2026-06-01,69,-1095061576,a8b35a430e99713026f394af7c7b36add56b7703,32,32,2291652451959,2291652.451959000000
2026-06-01,70,-1107377367,d04aeef352932fbdc00a42605434384865dacbe1,14,14,2273784100025,2273784.100025000000
2026-06-01,71,-918511470,70ac345ab736ce145e0d4b5deced7a8bcb0e4033,7,7,2224567574701,2224567.574701000000
2026-06-01,72,-985392996,50fe5b3092dec443a0f641ccef83d6bd7603e6b7,4,4,2185815540328,2185815.540328000000
2026-06-01,73,-553650818,31e05be59dc01ccff708dc6151e8a327a7b69af9,4,4,2100987480000,2100987.480000000000
2026-06-01,74,1642228075,264bd8291fae1d75db2c5f573b07faa6715997b5,4557,4557,2009691491145,2009691.491145000000
2026-06-01,75,-788850801,014c2b6c66bdc59b20478e6407d3b436479406a8,1,1,2008655421592,2008655.421592000000
2026-06-01,76,-665613332,523f02eb15cd9a7033a2831802cfb868194307bb,3,3,2000000001800,2000000.001800000000
2026-06-01,77,-1190580664,01b25fe5546226722b8fdefaf5fc0514b152428d,1,1,1999245988195,1999245.988195000000
2026-06-01,78,-504873133,ceab5ce8be2852f28be1d9b9ad49e3dce867cd69,4,4,1926000002399,1926000.002399000000
2026-06-01,79,1877493213,3af4a49c8e2fcaf33fd3389543b80d320fcc9091,2,2,1843403353390,1843403.353390000000
2026-06-01,80,-617210079,d0eecad4b46ecde3c72e15e06e969cac9601f817,2,2,1828635532363,1828635.532363000000
2026-06-01,81,1119720003,44f505daca14a802248d6b5d577689461ded987c,22,22,1815005696676,1815005.696676000000
2026-06-01,82,-848650400,c095b764e0c30bf8aedb8f70d3f16dbb4f0d7516,8,8,1716300672678,1716300.672678000000
2026-06-01,83,-821521848,a25b313a928499d54722c636b064a9f230270c1a,4,4,1702488460956,1702488.460956000000
2026-06-01,84,-674852586,4a3605ea1c29e6b249f1e390566aadeb2745436f,3,3,1688198275392,1688198.275392000000
2026-06-01,85,1143691579,3be3a8613dc18554a73773a5bfb8e9819d360dc0,1,1,1682225346217,1682225.346217000000
2026-06-01,86,-1101297516,ecc692198f2c97702092f9f7e9e95b2f25e6a6e8,8,8,1672041844763,1672041.844763000000
2026-06-01,87,-179827151,0ccb1da137fbe2ae1e622670d2e6a66d342248b0,6,6,1665354692038,1665354.692038000000
2026-06-01,88,-807471868,5fdcd2b66866473c94c2cb27d2125a2e75082ca4,15,15,1649830318853,1649830.318853000000
2026-06-01,89,1460568626,a58627a29bb59743ce1d781b1072c59bb1dda86d,1,1,1611360016722,1611360.016722000000
2026-06-01,90,-663631058,50ffd61edfa097407143cc64f7156f715d0e0239,5,5,1610782383632,1610782.383632000000
2026-06-01,91,-820586337,00821f4a88a5b6ed7fd31969f778f0a444fe83c3,16,16,1578897051208,1578897.051208000000
2026-06-01,92,-1152812654,c3c14cddabba96e414b095606f3bdc0f530b6786,5,5,1524053886560,1524053.886560000000
2026-06-01,93,-332685914,87384eb93e1096210c58049706a9e2bbf8355055,1,1,1522127470949,1522127.470949000000
2026-06-01,94,-1102446578,e1066ffcb6951bed71c1870c62b3759270510be5,15,15,1506977811805,1506977.811805000000
2026-06-01,95,-202115712,e8d8bb57edf69e4daf806ba60bf2658c81eb91db,3,3,1453750345677,1453750.345677000000
2026-06-01,96,-994096539,4f87de7d21aef48090958f7342e1f69dff790545,2,2,1452380499007,1452380.499007000000
2026-06-01,97,-805037190,8c379dda8598d671898b6f1ed3983b43e99508b9,13,13,1447972189615,1447972.189615000000
2026-06-01,98,-503878525,05ab9caac4c091d73299e58aa33fb7d15d98d895,15,15,1440146239987,1440146.239987000000
2026-06-01,99,-499084709,edf22671919a871470dff70303c1ce69062deb60,2,2,1438351230216,1438351.230216000000
2026-06-01,100,1929645575,063adacc01db782093d0310bf3d5755d2adec424,12,12,1394207772349,1394207.772349000000
