month,user_rank,address_id,address,outgoing_transfer_count,outgoing_transaction_count,raw_outgoing_volume,outgoing_volume
2023-08-01,1,1704637310,643ea0885875a77bf8dc3e0f3ead866a125276b1,63,63,91448523867,91448.523867000000
2023-08-01,2,1693791230,3208684f96458c540eb08f6f01b9e9afb2b7d4f0,2,2,11147622885,11147.622885000000
2023-08-01,3,1381791786,1111111254eeb25477b68fb85ed929f73a960582,4,4,8973648388,8973.6483880000000000
2023-08-01,4,1193569077,0000005c7dc69d405f09aaadca29068d4f88cde8,1,1,8517566710,8517.5667100000000000
2023-08-01,5,1689899032,f313d711d71eb9a607b4a61a827a9e32a7846621,29,29,8026647981,8026.6479810000000000
2023-08-01,6,1581116853,0000cd00001700b10049dfc947103e00e1c62683,2,2,6802881284,6802.8812840000000000
2023-08-01,7,284418621,424e9cc4c00ad160c3f36b5471514a6c36a8d73e,12,8,6101297332,6101.2973320000000000
2023-08-01,8,616036061,74de5d4fcbf63e00296fd95d33236b9794016631,18,18,4828277426,4828.2774260000000000
2023-08-01,9,893398926,def171fe48cf0115b1d80b88dc8eab59176fee57,6,6,4000515419,4000.5154190000000000
2023-08-01,10,1456474257,6131b5fae19ea4f9d964eac0408e4408b66337b5,1,1,3240000000,3240.0000000000000000
2023-08-01,11,1649682258,36bdb4dffbb24118356ac2537b097acf96620110,1,1,3000000000,3000.0000000000000000
2023-08-01,12,807897371,81231357a913ec6e1f3afbce8e662632c1c8eee5,5,3,1977185760,1977.1857600000000000
2023-08-01,13,1587123400,a7ca2c8673bcfa5a26d8ceec2887f2cc2b0db22a,5,5,1849309265,1849.3092650000000000
2023-08-01,14,1599183471,f010f628531045ab8b95ba21db636dc956294281,3,3,1118414499,1118.4144990000000000
2023-08-01,15,793928860,c36442b4a4522e871399cd717abdd847ab11fe88,1,1,1084660355,1084.6603550000000000
2023-08-01,16,1235298661,08780fb7e580e492c1935bee4fa5920b94aa95da,1,1,996326844,996.3268440000000000
2023-08-01,17,1608787768,ad3b67bca8935cb510c8d18bd45f0b94f54a968f,1,1,945368746,945.3687460000000000
2023-08-01,18,1698941327,ccfb9f127101a1f2ead0b5d9c33466824fb70d17,3,3,862297236,862.2972360000000000
2023-08-01,19,1703836594,d3f5c377a8506af29aeafbc90d1e5c6534f197b4,26,26,686830007,686.8300070000000000
2023-08-01,20,1713798436,61fa2c947e523f9abfb8d7e2903a5d5218c119a7,1,1,426714042,426.7140420000000000
2023-08-01,21,1707047336,bfae239193cacc7f18ef890a94ac18b193e54628,1,1,386000000,386.0000000000000000
2023-08-01,22,1604162154,23ebcd701fd92867235aeb0174b7c444b9b2b3ad,1,1,174967943,174.9679430000000000
2023-08-01,23,1040331336,3ea1e7a221cd07e5bcde6f347be483f05bc672c7,1,1,172390590,172.3905900000000000
2023-08-01,24,973058060,f72c0967574025091ff001d41536a1adc2eb9a69,1,1,78201360,78.2013600000000000
2023-08-01,25,754516583,2edf4c3d0bb1443450106ae76facb9770977f88a,1,1,27750000,27.7500000000000000
2023-08-01,26,1703026290,4a4d2410c3d4cfa8dd0d275bedefbd2f7b61ba2e,78,78,25840139,25.8401390000000000
2023-08-01,27,1061799871,72e93123e8b5d168246739cdc45360ea11209364,2,2,15120000,15.1200000000000000
2023-08-01,28,624785311,0000000000007f150bd6f54c40a34d7c3d5e9f56,11,11,2974605,2.9746050000000000
2023-08-01,29,1507268757,6b75d8af000000e20b7a7ddf000ba900b4009a80,13,12,1801800,1.8018000000000000
2023-08-01,30,1499367580,b048ed71007ade3b3172bc6d95781833ffa3aac5,1,1,979780,0.97978000000000000000
2023-08-01,31,1703074991,a8b1a6acc942b8266f987c4b0cdf625e3479a26b,2,2,826214,0.82621400000000000000
2023-08-01,32,564758743,fbd86e3ae673f1466d01cbd2d42c2b582c3b30a3,10,10,259994,0.25999400000000000000
2023-08-01,33,1565357010,ba3f5c056500ce033e9d74494b820d495efcf19d,2,2,223655,0.22365500000000000000
2023-08-01,34,1147225003,46f48d8e912527124c76e86378e378b643cb14c7,15,15,187017,0.18701700000000000000
2023-08-01,35,1559772233,493f461aead031cee2027f1b95370a692611acb9,6,6,123051,0.12305100000000000000
2023-08-01,36,1298459092,00000000a991c429ee2ec6df19d40fe0c80088b8,4,4,84016,0.08401600000000000000
2023-08-01,37,1497259859,93419d28248d289360942763e7170ccb724564d1,1,1,60162,0.06016200000000000000
2023-08-01,38,1497157069,9db7378614d8d9d7149c4ee4763f88c38f9b1517,1,1,60162,0.06016200000000000000
2023-08-01,39,1669627740,815808d9cd7fa75c7a7fbb19c7fe60a5295104e5,1,1,55711,0.05571100000000000000
2023-08-01,40,838126646,5173709f2ef8c4a120a12681843f46ab5fd7784e,2,2,43877,0.04387700000000000000
2023-08-01,41,1089103433,e8c060f8052e07423f71d445277c61ac5138a2e5,2,2,34564,0.03456400000000000000
2023-08-01,42,1633358609,1fdb319cc1be16ff75ef84e408b0bc1594dd4d3c,1,1,967,0.00096700000000000000
2023-09-01,1,1723592854,13394005c1012e708fce1eb974f1130fdc73a5ce,63,63,2291651012009,2291651.012009000000
2023-09-01,2,1723640441,c30c8b862f7de6ba5d7eaeb113c78ec6b5ded04b,43,43,1813114571516,1813114.571516000000
2023-09-01,3,1691461785,53facee52e897740b140f5304e9cd9dc6238d735,19,19,1334036948370,1334036.948370000000
2023-09-01,4,1723049279,857110b5f8efd66cc3762abb935315630ac770b5,27,27,1278168712824,1278168.712824000000
2023-09-01,5,1148072878,271fbe8ab7f1fb262f81c77ea5303f03da9d3d6a,21,21,1102982075523,1102982.075523000000
2023-09-01,6,1734350848,f0d4c12a5768d806021f80a262b4d39d26c58b8d,3,3,1010344245223,1010344.245223000000
2023-09-01,7,1681990948,49bc3cec1fb7978746f742a4e485d0d601831cea,1,1,499999296483,499999.296483000000
2023-09-01,8,893398926,def171fe48cf0115b1d80b88dc8eab59176fee57,17,16,341143132628,341143.132628000000
2023-09-01,9,1693791230,3208684f96458c540eb08f6f01b9e9afb2b7d4f0,7,6,321905125745,321905.125745000000
2023-09-01,10,1298780168,24902aa0cf0000a08c0ea0b003b0c0bf600000e0,9,9,229709602021,229709.602021000000
2023-09-01,11,1565357010,ba3f5c056500ce033e9d74494b820d495efcf19d,4,4,193359976020,193359.976020000000
2023-09-01,12,881197687,9008d19f58aabd9ed0d60971565aa8510560ab41,6,6,188908073346,188908.073346000000
2023-09-01,13,1586835333,1d40b1d27287fefd61509e3e014b67739737a9bf,1,1,160185554701,160185.554701000000
2023-09-01,14,30616,1522900b6dafac587d499a862861c0869be6e428,10,10,153464599631,153464.599631000000
2023-09-01,15,238879,a73ca4943355c8185d4c263a67c9ff1045b9263c,6,6,153350000000,153350.000000000000
2023-09-01,16,1507268757,6b75d8af000000e20b7a7ddf000ba900b4009a80,3,3,117952255185,117952.255185000000
2023-09-01,17,1704177582,00000000003d71e9fc20fdeb46fb86afbbee4772,1,1,104405040113,104405.040113000000
2023-09-01,18,1742888369,e37e799d5077682fa0a244d46e5649f71457bd09,1,1,100007884496,100007.884496000000
2023-09-01,19,1236869593,e4000004000bd8006e00720000d27d1fa000d43e,2,2,77128930419,77128.930419000000
2023-09-01,20,1235298661,08780fb7e580e492c1935bee4fa5920b94aa95da,6,6,52821049783,52821.049783000000
2023-09-01,21,1704637310,643ea0885875a77bf8dc3e0f3ead866a125276b1,46,46,50847914076,50847.914076000000
2023-09-01,22,1713798436,61fa2c947e523f9abfb8d7e2903a5d5218c119a7,7,7,36924940678,36924.940678000000
2023-09-01,23,1559772233,493f461aead031cee2027f1b95370a692611acb9,1,1,28273844255,28273.844255000000
2023-09-01,24,1381791786,1111111254eeb25477b68fb85ed929f73a960582,1,1,19965907135,19965.907135000000
2023-09-01,25,587399330,d0b53c43d3e0b58909c38487aa0c3af7dfa2d8c0,2,2,19965907135,19965.907135000000
2023-09-01,26,1608787768,ad3b67bca8935cb510c8d18bd45f0b94f54a968f,2,2,15457549690,15457.549690000000
2023-09-01,27,1736729451,539aa397a61c8933f0e813df9802a5d4da653ad4,3,3,12679162646,12679.162646000000
2023-09-01,28,546716445,22f9dcf4647084d6c31b2765f6910cd85c178c18,5,5,5448752582,5448.7525820000000000
2023-09-01,29,418842056,d6d29ce0996f3be82f171af75c64ecd61549112a,1,1,4996008605,4996.0086050000000000
2023-09-01,30,616036061,74de5d4fcbf63e00296fd95d33236b9794016631,18,18,4958859502,4958.8595020000000000
2023-09-01,31,1703836594,d3f5c377a8506af29aeafbc90d1e5c6534f197b4,3,3,4162048343,4162.0483430000000000
2023-09-01,32,284418621,424e9cc4c00ad160c3f36b5471514a6c36a8d73e,3,2,3056006072,3056.0060720000000000
2023-09-01,33,793928860,c36442b4a4522e871399cd717abdd847ab11fe88,1,1,3056006072,3056.0060720000000000
2023-09-01,34,1591422262,17d74a9f9ca8cda60d2bd2a8e600b16800264534,1,1,2749525810,2749.5258100000000000
2023-09-01,35,1250544290,a9d1e08c7793af67e9d92fe308d5697fb81d3e43,2,2,2519079029,2519.0790290000000000
2023-09-01,36,623965315,89b537d4e0de035303dc1bdae18394f7a6c15c36,1,1,2493762527,2493.7625270000000000
2023-09-01,37,1736732058,ff4469f951c05529513f5fec4464cb10d2230be3,2,2,2114625397,2114.6253970000000000
2023-09-01,38,1551191841,556b9306565093c855aea9ae92a594704c2cd59e,1,1,1999999999,1999.9999990000000000
2023-09-01,39,1722888525,c1e894613a404a49c4200fce3f7d3f29918d2b93,1,1,1601663461,1601.6634610000000000
2023-09-01,40,975471267,de9ed1da42fe0d84456c6c091d12ad96d0c19bfc,1,1,1365257228,1365.2572280000000000
2023-09-01,41,1427662229,99a58482bd75cbab83b27ec03ca68ff489b5788f,2,2,1248611797,1248.6117970000000000
2023-09-01,42,1105932400,00000000009726632680fb29d3f7a9734e3010e2,1,1,630227145,630.2271450000000000
2023-09-01,43,1339820529,b0bababe78a9be0810fadf99dd2ed31ed12568be,1,1,624305586,624.3055860000000000
2023-09-01,44,1581116853,0000cd00001700b10049dfc947103e00e1c62683,4,4,480160403,480.1604030000000000
2023-09-01,45,1689899032,f313d711d71eb9a607b4a61a827a9e32a7846621,8,8,355517534,355.5175340000000000
2023-09-01,46,1587876465,bb629718b5ad1a333ef3ef45ad3c52d6123b6e43,3,3,298973259,298.9732590000000000
2023-09-01,47,1659306080,d1b47490209ccb7a806e8a45d9479490c040abf4,3,3,298973259,298.9732590000000000
2023-09-01,48,1571964588,ed5632790c6a9a1a8033d96c2415747f068fa234,1,1,200000000,200.0000000000000000
2023-09-01,49,1707047336,bfae239193cacc7f18ef890a94ac18b193e54628,3,3,143680000,143.6800000000000000
2023-09-01,50,1108152238,cf4b833dfe310d988447581baa7c5ee30c13d97a,4,4,130770000,130.7700000000000000
2023-09-01,51,603684678,b9deabd7fa80f628a4cbf35afa435a67e8d01744,4,4,130770000,130.7700000000000000
2023-09-01,52,840272948,e66b31678d6c16e9ebf358268a790b763c133750,1,1,128555969,128.5559690000000000
2023-09-01,53,1267414067,f5da6a596b505903972734c897095391c11abc0b,2,2,115000000,115.0000000000000000
2023-09-01,54,1475740312,48ec5560bfd59b95859965cce48cc244cfdf6b0c,2,2,109530000,109.5300000000000000
2023-09-01,55,1526126162,2f2dd99235cb728fc79af575f1325eaa270f0c99,1,1,82827641,82.8276410000000000
2023-09-01,56,1499339893,471d69f435df6464f3c3e655093040d81926927c,2,2,80080047,80.0800470000000000
2023-09-01,57,1734788990,a3ffaa78e626956360ebf4b0c2515e389f898001,1,1,51930000,51.9300000000000000
2023-09-01,58,1703026290,4a4d2410c3d4cfa8dd0d275bedefbd2f7b61ba2e,2,2,7977413,7.9774130000000000
2023-09-01,59,1587123400,a7ca2c8673bcfa5a26d8ceec2887f2cc2b0db22a,1,1,18082,0.01808200000000000000
2023-10-01,1,1723592854,13394005c1012e708fce1eb974f1130fdc73a5ce,63,63,1553544085277,1553544.085277000000
2023-10-01,2,1723049279,857110b5f8efd66cc3762abb935315630ac770b5,41,41,1218650284644,1218650.284644000000
2023-10-01,3,1742888369,e37e799d5077682fa0a244d46e5649f71457bd09,20,18,952191738885,952191.738885000000
2023-10-01,4,1691461785,53facee52e897740b140f5304e9cd9dc6238d735,15,15,932464572196,932464.572196000000
2023-10-01,5,1235298661,08780fb7e580e492c1935bee4fa5920b94aa95da,12,12,889907812082,889907.812082000000
2023-10-01,6,1713798436,61fa2c947e523f9abfb8d7e2903a5d5218c119a7,10,10,797676339667,797676.339667000000
2023-10-01,7,881197687,9008d19f58aabd9ed0d60971565aa8510560ab41,11,11,581268426406,581268.426406000000
2023-10-01,8,1723640441,c30c8b862f7de6ba5d7eaeb113c78ec6b5ded04b,46,46,527834971246,527834.971246000000
2023-10-01,9,30616,1522900b6dafac587d499a862861c0869be6e428,12,12,474761916353,474761.916353000000
2023-10-01,10,1750697644,085a393044b24217b3e099654bb97f01d1563b62,1,1,417199625156,417199.625156000000
2023-10-01,11,1750160248,d178255f0e2d284560ada3fcf89348d83c6dad54,4,4,368025000000,368025.000000000000
2023-10-01,12,1293526256,0000000000a84d1a9b0063a910315c7ffa9cd248,3,3,357132752827,357132.752827000000
2023-10-01,13,1734350848,f0d4c12a5768d806021f80a262b4d39d26c58b8d,3,3,328273033795,328273.033795000000
2023-10-01,14,893398926,def171fe48cf0115b1d80b88dc8eab59176fee57,12,7,302470173465,302470.173465000000
2023-10-01,15,1736732058,ff4469f951c05529513f5fec4464cb10d2230be3,14,14,194227637941,194227.637941000000
2023-10-01,16,1742905584,8d8404f8cca4c8834ca3cab1e54887ae47724bee,3,2,144219227121,144219.227121000000
2023-10-01,17,1507268757,6b75d8af000000e20b7a7ddf000ba900b4009a80,8,8,137622996502,137622.996502000000
2023-10-01,18,1751549422,aa4cf5eea72fd54c215071e6cd816f29699da023,2,2,117454340096,117454.340096000000
2023-10-01,19,238879,a73ca4943355c8185d4c263a67c9ff1045b9263c,1,1,105594000000,105594.000000000000
2023-10-01,20,1736729451,539aa397a61c8933f0e813df9802a5d4da653ad4,6,6,87921927041,87921.927041000000
2023-10-01,21,1720940447,966899c0d1e00c63aa635a2a19aa0d4ff7744bd6,2,2,86868277781,86868.277781000000
2023-10-01,22,587399330,d0b53c43d3e0b58909c38487aa0c3af7dfa2d8c0,6,6,71350410660,71350.410660000000
2023-10-01,23,1742906964,5f515f6c524b18ca30f7783fb58dd4be2e9904ec,1,1,61662321924,61662.321924000000
2023-10-01,24,1773713904,7d2b63a9ab475397d9c247468803f25cf6523b76,6,6,52504927414,52504.927414000000
2023-10-01,25,1608787768,ad3b67bca8935cb510c8d18bd45f0b94f54a968f,7,7,50993879246,50993.879246000000
2023-10-01,26,1250544290,a9d1e08c7793af67e9d92fe308d5697fb81d3e43,9,7,50380175091,50380.175091000000
2023-10-01,27,1298780168,24902aa0cf0000a08c0ea0b003b0c0bf600000e0,2,2,44139702981,44139.702981000000
2023-10-01,28,1730742669,7e15eb462cdc67cf92af1f7102465a8f8c784874,8,8,43083337820,43083.337820000000
2023-10-01,29,1655943848,2c6a3cd97c6283b95ac8c5a4459ebb0d5fd404f4,1,1,30154141289,30154.141289000000
2023-10-01,30,1642109620,af9b571e36543be67fbcc979f6d52a2dbb2e2c56,2,2,27675962087,27675.962087000000
2023-10-01,31,1508550857,880783ab569ce65336948a535812e86d93fad2ec,1,1,27446065497,27446.065497000000
2023-10-01,32,1236869593,e4000004000bd8006e00720000d27d1fa000d43e,3,3,26601114372,26601.114372000000
2023-10-01,33,1551191841,556b9306565093c855aea9ae92a594704c2cd59e,4,4,26239655991,26239.655991000000
2023-10-01,34,1427662229,99a58482bd75cbab83b27ec03ca68ff489b5788f,4,4,20032828868,20032.828868000000
2023-10-01,35,1490507434,00000000009e50a7ddb7a7b0e2ee6604fd120e49,1,1,16359404032,16359.404032000000
2023-10-01,36,616036061,74de5d4fcbf63e00296fd95d33236b9794016631,43,43,12293779879,12293.779879000000
2023-10-01,37,1766050915,b2f72662ed42067ccce278f8462a0215b6adcabb,2,2,10991145352,10991.145352000000
2023-10-01,38,1748144629,4b298f807e0449c6eb0320773dc4d3fb1bdf7b25,1,1,6396707692,6396.7076920000000000
2023-10-01,39,418842056,d6d29ce0996f3be82f171af75c64ecd61549112a,1,1,4999653783,4999.6537830000000000
2023-10-01,40,1381791786,1111111254eeb25477b68fb85ed929f73a960582,2,2,3830857391,3830.8573910000000000
2023-10-01,41,1703836594,d3f5c377a8506af29aeafbc90d1e5c6534f197b4,2,2,3056406453,3056.4064530000000000
2023-10-01,42,766896,d05955436368c9659b7a1bdf8f0427ca8c193b11,3,3,1716100000,1716.1000000000000000
2023-10-01,43,546716445,22f9dcf4647084d6c31b2765f6910cd85c178c18,12,12,1642073141,1642.0731410000000000
2023-10-01,44,968003125,1111111254fb6c44bac0bed2854e76f90643097d,1,1,1328462101,1328.4621010000000000
2023-10-01,45,1750687277,8d9da0e95b337770ddf626d70a8c24db727eb8a8,6,6,1047000000,1047.0000000000000000
2023-10-01,46,1704637310,643ea0885875a77bf8dc3e0f3ead866a125276b1,26,26,575948844,575.9488440000000000
2023-10-01,47,1493321637,483536fbef61d80b498ab6604891200352d1c581,1,1,431536206,431.5362060000000000
2023-10-01,48,923710456,6908c23476d3c8aa59994662e95b40414b396bf0,1,1,250000000,250.0000000000000000
2023-10-01,49,1202265990,f80d200ebcf1a789b73f2e703282c29c4384a5dc,1,1,250000000,250.0000000000000000
2023-10-01,50,1732510365,c79856394798d2cf483d06394bbd409e88c4f237,1,1,212695679,212.6956790000000000
2023-10-01,51,1677704887,1a7db09d22ea51eed95c15b48edf19857d734c58,1,1,206527249,206.5272490000000000
2023-10-01,52,1707047336,bfae239193cacc7f18ef890a94ac18b193e54628,1,1,200000000,200.0000000000000000
2023-10-01,53,1350069544,ad854616e67959d7f8f8ff481740d0f2621329d5,1,1,179860000,179.8600000000000000
2023-10-01,54,1768021348,04402e0152a3bdea37801adf99c1ac645213a1d4,1,1,96860000,96.8600000000000000
2023-10-01,55,1178474621,03f911aedc25c770e701b8f563e8102cfacd62c0,1,1,78579188,78.5791880000000000
2023-10-01,56,1604162154,23ebcd701fd92867235aeb0174b7c444b9b2b3ad,1,1,55613218,55.6132180000000000
2023-10-01,57,1129471871,5acf3bdfbd75422a2d6dc0bc8701dc40893b05bc,1,1,50000000,50.0000000000000000
2023-10-01,58,1083019398,3e0ae1a222b443ebec2d02cf946000a07d131d5a,1,1,50000000,50.0000000000000000
2023-10-01,59,1082115044,50d78ff04f8a2f51be477b4507f4522d2b689219,1,1,50000000,50.0000000000000000
2023-10-01,60,1364872031,1231deb6f5749ef6ce6943a275a1d3e7486f4eae,1,1,47010000,47.0100000000000000
2023-10-01,61,1689899032,f313d711d71eb9a607b4a61a827a9e32a7846621,3,3,30374117,30.3741170000000000
2023-10-01,62,1655230173,27032369ae29cee0e60d5880dba6dc81ee060706,1,1,18400000,18.4000000000000000
2023-10-01,63,1558555146,0ebcf70f7e25d21338e92de2cdd1656aacd14fab,1,1,15732203,15.7322030000000000
2023-10-01,64,1218814844,7e6eb2123463ca93bd0ef64bbcdde8db16d77c42,1,1,11000000,11.0000000000000000
2023-10-01,65,1750340947,f8310edb3cb0cf95b3b3e12a1ba9124dbe011d4e,2,2,2000000,2.0000000000000000
2023-10-01,66,1703026290,4a4d2410c3d4cfa8dd0d275bedefbd2f7b61ba2e,1,1,1506240,1.5062400000000000
2023-10-01,67,1587123400,a7ca2c8673bcfa5a26d8ceec2887f2cc2b0db22a,1,1,213378,0.21337800000000000000
2023-11-01,1,1812567515,1cb8dba9f7ad8e87b228d1f3739a164feef2b206,2,2,2375000000000,2375000.000000000000
2023-11-01,2,1723640441,c30c8b862f7de6ba5d7eaeb113c78ec6b5ded04b,46,46,1611226317434,1611226.317434000000
2023-11-01,3,1507268757,6b75d8af000000e20b7a7ddf000ba900b4009a80,5,4,1385852990755,1385852.990755000000
2023-11-01,4,1723592854,13394005c1012e708fce1eb974f1130fdc73a5ce,39,39,1317078823624,1317078.823624000000
2023-11-01,5,1723049279,857110b5f8efd66cc3762abb935315630ac770b5,31,31,1074079045608,1074079.045608000000
2023-11-01,6,1691461785,53facee52e897740b140f5304e9cd9dc6238d735,7,7,560335790542,560335.790542000000
2023-11-01,7,1490507434,00000000009e50a7ddb7a7b0e2ee6604fd120e49,7,7,234796566016,234796.566016000000
2023-11-01,8,1713798436,61fa2c947e523f9abfb8d7e2903a5d5218c119a7,3,3,174871039367,174871.039367000000
2023-11-01,9,1742888369,e37e799d5077682fa0a244d46e5649f71457bd09,13,13,154654739066,154654.739066000000
2023-11-01,10,1381791786,1111111254eeb25477b68fb85ed929f73a960582,2,2,140299516190,140299.516190000000
2023-11-01,11,1298780168,24902aa0cf0000a08c0ea0b003b0c0bf600000e0,3,3,127385791455,127385.791455000000
2023-11-01,12,968106717,3d019cfecd722b76807dd2fad24376306d179277,8,8,115555685420,115555.685420000000
2023-11-01,13,1676938618,7d075840895353f4e58822d80d48e581349dccb4,3,3,115145562420,115145.562420000000
2023-11-01,14,881197687,9008d19f58aabd9ed0d60971565aa8510560ab41,15,15,109135952371,109135.952371000000
2023-11-01,15,981493252,b90c03a69f8986cd2a6da4e8cb3fc13bcd8ac76b,4,4,108996123000,108996.123000000000
2023-11-01,16,1427662229,99a58482bd75cbab83b27ec03ca68ff489b5788f,2,2,104479850085,104479.850085000000
2023-11-01,17,1704177582,00000000003d71e9fc20fdeb46fb86afbbee4772,1,1,97477146776,97477.146776000000
2023-11-01,18,1250544290,a9d1e08c7793af67e9d92fe308d5697fb81d3e43,6,4,88787729357,88787.729357000000
2023-11-01,19,1608787768,ad3b67bca8935cb510c8d18bd45f0b94f54a968f,7,6,77495557849,77495.557849000000
2023-11-01,20,1751549422,aa4cf5eea72fd54c215071e6cd816f29699da023,2,2,70322421760,70322.421760000000
2023-11-01,21,1809496021,399c1262cc6cf5d664308da549c74f9f3cbd68fe,2,2,65370558933,65370.558933000000
2023-11-01,22,981441305,8d501afb7dd7dada424b8c1f331b5909e44a043f,3,3,58891123000,58891.123000000000
2023-11-01,23,587399330,d0b53c43d3e0b58909c38487aa0c3af7dfa2d8c0,1,1,55026200752,55026.200752000000
2023-11-01,24,1809613945,100ae042ef0ea159ecc3513e9a378ff21f3829ba,2,2,50000000000,50000.000000000000
2023-11-01,25,1809710770,f394287268a530968b8769c84f890a3cb9034790,2,2,50000000000,50000.000000000000
2023-11-01,26,616036061,74de5d4fcbf63e00296fd95d33236b9794016631,59,59,47649984557,47649.984557000000
2023-11-01,27,981434510,756d64dc5edb56740fc617628dc832ddbcfd373c,1,1,45000000000,45000.000000000000
2023-11-01,28,1809730810,baf3046279c5a2d02abf0a105984460a9f4f2bfe,1,1,45000000000,45000.000000000000
2023-11-01,29,1766050915,b2f72662ed42067ccce278f8462a0215b6adcabb,1,1,31896831888,31896.831888000000
2023-11-01,30,1736729451,539aa397a61c8933f0e813df9802a5d4da653ad4,1,1,26515522517,26515.522517000000
2023-11-01,31,1236869593,e4000004000bd8006e00720000d27d1fa000d43e,1,1,25704850796,25704.850796000000
2023-11-01,32,1655943848,2c6a3cd97c6283b95ac8c5a4459ebb0d5fd404f4,1,1,19949843178,19949.843178000000
2023-11-01,33,1507624254,d1742b3c4fbb096990c8950fa635aec75b30781a,1,1,19929977812,19929.977812000000
2023-11-01,34,1736732058,ff4469f951c05529513f5fec4464cb10d2230be3,2,2,19394337358,19394.337358000000
2023-11-01,35,1773713904,7d2b63a9ab475397d9c247468803f25cf6523b76,1,1,18807053953,18807.053953000000
2023-11-01,36,1801938123,ea1160a0919431a25fc4e56169a204026a80081c,4,4,11010000000,11010.000000000000
2023-11-01,37,1810905835,c147917d83a5fbff464c464d407f01ecb3fe0a9e,2,2,9998756640,9998.7566400000000000
2023-11-01,38,546716445,22f9dcf4647084d6c31b2765f6910cd85c178c18,7,7,6659012053,6659.0120530000000000
2023-11-01,39,1758490243,97c1a26482099363cb055f0f3ca1d6057fe55447,1,1,6035865052,6035.8650520000000000
2023-11-01,40,1727576896,5550d13389bb70f45fcef58f19f6b6e87f6e747d,1,1,5150476206,5150.4762060000000000
2023-11-01,41,1734350848,f0d4c12a5768d806021f80a262b4d39d26c58b8d,1,1,4996280000,4996.2800000000000000
2023-11-01,42,1704637310,643ea0885875a77bf8dc3e0f3ead866a125276b1,23,23,2535420885,2535.4208850000000000
2023-11-01,43,284418621,424e9cc4c00ad160c3f36b5471514a6c36a8d73e,1,1,2106922224,2106.9222240000000000
2023-11-01,44,1728729509,f081470f5c6fbccf48cc4e5b82dd926409dcdd67,2,2,1730518711,1730.5187110000000000
2023-11-01,45,1587123400,a7ca2c8673bcfa5a26d8ceec2887f2cc2b0db22a,1,1,1000000000,1000.0000000000000000
2023-11-01,46,1698941327,ccfb9f127101a1f2ead0b5d9c33466824fb70d17,2,2,975007649,975.0076490000000000
2023-11-01,47,893398926,def171fe48cf0115b1d80b88dc8eab59176fee57,1,1,737308938,737.3089380000000000
2023-11-01,48,793928860,c36442b4a4522e871399cd717abdd847ab11fe88,1,1,737308938,737.3089380000000000
2023-11-01,49,1707047336,bfae239193cacc7f18ef890a94ac18b193e54628,4,4,600740000,600.7400000000000000
2023-11-01,50,923710456,6908c23476d3c8aa59994662e95b40414b396bf0,6,6,533000000,533.0000000000000000
2023-11-01,51,768659384,bdd95abe8a7694ccd77143376b0fbea183e6a740,1,1,497480000,497.4800000000000000
2023-11-01,52,1350069544,ad854616e67959d7f8f8ff481740d0f2621329d5,3,3,400460000,400.4600000000000000
2023-11-01,53,1791950934,b1e9c64d93d0e72e66b8df6ae735ba1cb409508f,1,1,400000000,400.0000000000000000
2023-11-01,54,973760311,a14ea77bb57487f73459f06a5ad85f509492fec3,1,1,400000000,400.0000000000000000
2023-11-01,55,968219385,69865aba49538be591947f02a717a902c1ab5ab4,2,2,300000000,300.0000000000000000
2023-11-01,56,528978434,dcfac7ec9cd4e5b2ac06267bb30ba6ae650f18fa,2,2,245560000,245.5600000000000000
2023-11-01,57,1703836594,d3f5c377a8506af29aeafbc90d1e5c6534f197b4,1,1,237698711,237.6987110000000000
2023-11-01,58,1705059543,e45d59d016f97996b35227935da0e0e2ab0071d3,2,2,203000000,203.0000000000000000
2023-11-01,59,1714464780,2cfb090d55e35cd1a8e8cde1d6fb2121a64f1ed7,1,1,189867334,189.8673340000000000
2023-11-01,60,1617089366,6dcf403a88610bf26d28e11157399ed2a2ea52e8,2,2,183000000,183.0000000000000000
2023-11-01,61,1697656319,489959696f836c5837abf58d20f7a05aebcf45e8,2,2,183000000,183.0000000000000000
2023-11-01,62,1781280714,5532b9f613351aedee3c839f7b1d456c09a47750,1,1,166110000,166.1100000000000000
2023-11-01,63,30616,1522900b6dafac587d499a862861c0869be6e428,1,1,164104935,164.1049350000000000
2023-11-01,64,1631890939,f19ce9af96f2fe922b6b56260ffc8ef29b7ad9b4,2,2,131000000,131.0000000000000000
2023-11-01,65,1469229523,83df225af78a36b6ce64635a7920791633e2f01f,1,1,80000000,80.0000000000000000
2023-11-01,66,1766532532,c27d980b71d5978f8b6de9e1ba01ed001d8760d3,1,1,76390000,76.3900000000000000
2023-11-01,67,1393699454,8bfbaed0fa0bcad3c04948969a025fa6eb5f19e1,1,1,50000000,50.0000000000000000
2023-11-01,68,1614472800,cf624bc77f9cf171015bb70ae41061249df8124f,2,2,30123000,30.1230000000000000
2023-11-01,69,1808854152,ce015174d8f7721f9aa39d55996a5edf084a39d5,1,1,30001067,30.0010670000000000
2023-11-01,70,867588846,4a14347083b80e5216ca31350a2d21702ac3650d,2,2,25538600,25.5386000000000000
2023-11-01,71,1793430423,a4dbb0c53b8366d2383deb38c117a4e74868b583,1,1,25000000,25.0000000000000000
2023-11-01,72,1475740312,48ec5560bfd59b95859965cce48cc244cfdf6b0c,1,1,23320000,23.3200000000000000
2023-11-01,73,1796626223,39de7193a0ad14f79a8d33e8cebb9d79b07999bb,1,1,20000000,20.0000000000000000
2023-11-01,74,1083213797,d71bb3b066f09b091131d74691fce24f876120a6,2,2,12000000,12.0000000000000000
2023-11-01,75,1082115044,50d78ff04f8a2f51be477b4507f4522d2b689219,1,1,12000000,12.0000000000000000
2023-11-01,76,1538579841,151dc9a8b2e792ec8125d733dd36210e81595589,1,1,12000000,12.0000000000000000
2023-11-01,77,1796564005,22e416431f26f6fb06291a540b77745d28510c7e,2,2,10200000,10.2000000000000000
2023-11-01,78,1130969293,58a525184b5ce60b76d60f72fd06d6a5ef52a965,2,2,10000000,10.0000000000000000
2023-11-01,79,1131023290,494a9ebc87da900bc1ad73764e8c8f334a8ccd40,1,1,10000000,10.0000000000000000
2023-11-01,80,875242585,28a396f5bcbc3021268d9b4867ebe6fd762bde3a,2,2,2000000,2.0000000000000000
2023-11-01,81,75795325,969d96825eebc717e8019f0b8c481fb34f231f8d,1,1,1000000,1.00000000000000000000
2023-11-01,82,1803181960,13d25ba0f934d376f47ae3cbbf7eb3a0602a8296,1,1,2420,0.00242000000000000000
2023-12-01,1,739542908,e25a329d385f77df5d4ed56265babe2b99a5436e,1,1,12615128190000,12615128.190000000000
2023-12-01,2,1809613945,100ae042ef0ea159ecc3513e9a378ff21f3829ba,8,8,6140298088159,6140298.088159000000
2023-12-01,3,1809710770,f394287268a530968b8769c84f890a3cb9034790,5,5,4600000000000,4600000.000000000000
2023-12-01,4,1809816558,7f030dded85c2672a84b3b33528f57babbdcf7e4,94,94,4091156275139,4091156.275139000000
2023-12-01,5,1826656789,09313c221d00cfc677dc6919d5e26d6359c644af,19,19,4034558421902,4034558.421902000000
2023-12-01,6,1250544290,a9d1e08c7793af67e9d92fe308d5697fb81d3e43,92,92,3672015701873,3672015.701873000000
2023-12-01,7,1826648817,f511adda6d08b23e044b3eaf5de3694c24eb3c98,12,12,2527117468253,2527117.468253000000
2023-12-01,8,897164624,b1748c79709f4ba2dd82834b8c82d4a505003f27,4,4,2076279050530,2076279.050530000000
2023-12-01,9,1827116042,289e12d331b82158b7508a63886761908826200e,1,1,1499999999163,1499999.999163000000
2023-12-01,10,1723592854,13394005c1012e708fce1eb974f1130fdc73a5ce,45,45,936195831552,936195.831552000000
2023-12-01,11,1723640441,c30c8b862f7de6ba5d7eaeb113c78ec6b5ded04b,45,45,717027468400,717027.468400000000
2023-12-01,12,1820442983,0c73a29d266c3e2551ea7d2f11b4c958583dab25,5,5,505191367196,505191.367196000000
2023-12-01,13,1825164022,5a0ece49ec2d04468aff988d92f52c8bea5fd91a,4,4,505067166092,505067.166092000000
2023-12-01,14,1436507141,000b30cccc05f85c45349a6f462c681542c0afe4,2,2,500108660000,500108.660000000000
2023-12-01,15,1723049279,857110b5f8efd66cc3762abb935315630ac770b5,14,14,437712258394,437712.258394000000
2023-12-01,16,1559772233,493f461aead031cee2027f1b95370a692611acb9,5,5,423247532483,423247.532483000000
2023-12-01,17,1713798436,61fa2c947e523f9abfb8d7e2903a5d5218c119a7,8,8,321880099582,321880.099582000000
2023-12-01,18,1298780168,24902aa0cf0000a08c0ea0b003b0c0bf600000e0,7,7,290067692855,290067.692855000000
2023-12-01,19,1758490243,97c1a26482099363cb055f0f3ca1d6057fe55447,3,3,252982363422,252982.363422000000
2023-12-01,20,1490507434,00000000009e50a7ddb7a7b0e2ee6604fd120e49,10,10,241818652623,241818.652623000000
2023-12-01,21,1742888369,e37e799d5077682fa0a244d46e5649f71457bd09,35,31,196223008190,196223.008190000000
2023-12-01,22,1734350848,f0d4c12a5768d806021f80a262b4d39d26c58b8d,7,7,178191702810,178191.702810000000
2023-12-01,23,881197687,9008d19f58aabd9ed0d60971565aa8510560ab41,14,14,161056616630,161056.616630000000
2023-12-01,24,1796899608,38cd88d8763f79d104d4bf3eeae23b13ec762ef2,7,7,147020000000,147020.000000000000
2023-12-01,25,1586960633,0b8a49d816cc709b6eadb09498030ae3416b66dc,4,4,141037890849,141037.890849000000
2023-12-01,26,893398926,def171fe48cf0115b1d80b88dc8eab59176fee57,5,5,133872888192,133872.888192000000
2023-12-01,27,1826550933,7f137d1d8d20ba54004ba358e9c229da26fa3fa9,7,7,128583107230,128583.107230000000
2023-12-01,28,1634103248,f4d34d7fdd2ed5d57c6f583237bb038fc3839d17,1,1,114239106355,114239.106355000000
2023-12-01,29,616036061,74de5d4fcbf63e00296fd95d33236b9794016631,130,130,112716774911,112716.774911000000
2023-12-01,30,1608787768,ad3b67bca8935cb510c8d18bd45f0b94f54a968f,5,5,107442462794,107442.462794000000
2023-12-01,31,1838286184,660000c7feae0027f565680000005c683400e700,1,1,88389329957,88389.329957000000
2023-12-01,32,128493721,48858fb8b087c945685aa879d73139a5a278688d,2,2,87215911659,87215.911659000000
2023-12-01,33,1742905584,8d8404f8cca4c8834ca3cab1e54887ae47724bee,3,3,80022082802,80022.082802000000
2023-12-01,34,1821575581,7b7cba43df4295c468969b737523c2b09364fea4,33,33,71725763443,71725.763443000000
2023-12-01,35,1843247582,a5588f7cdf560811710a2d82d3c9c99769db1dcb,3,3,67714234534,67714.234534000000
2023-12-01,36,30616,1522900b6dafac587d499a862861c0869be6e428,10,10,54482254819,54482.254819000000
2023-12-01,37,1750160248,d178255f0e2d284560ada3fcf89348d83c6dad54,1,1,50000000000,50000.000000000000
2023-12-01,38,1691461785,53facee52e897740b140f5304e9cd9dc6238d735,1,1,47707768831,47707.768831000000
2023-12-01,39,1655943848,2c6a3cd97c6283b95ac8c5a4459ebb0d5fd404f4,1,1,45591183329,45591.183329000000
2023-12-01,40,1820888201,aa0f1c54ab1208a956e7ae3a0a46e1247ed68731,1,1,37540525523,37540.525523000000
2023-12-01,41,867588846,4a14347083b80e5216ca31350a2d21702ac3650d,3,3,33680540000,33680.540000000000
2023-12-01,42,546716445,22f9dcf4647084d6c31b2765f6910cd85c178c18,36,35,29494612997,29494.612997000000
2023-12-01,43,1708004890,00fc00900000002c00be4ef8f49c000211000c43,1,1,29022647839,29022.647839000000
2023-12-01,44,1834704688,581e3fdfcaf71187f149b6592a2af18980b9d4a8,2,1,20459431074,20459.431074000000
2023-12-01,45,587668773,7c050b98d55fa5b2c7dd8b8ec8570bfa55dd044e,1,1,16684136594,16684.136594000000
2023-12-01,46,1235298661,08780fb7e580e492c1935bee4fa5920b94aa95da,1,1,15462898499,15462.898499000000
2023-12-01,47,1742906964,5f515f6c524b18ca30f7783fb58dd4be2e9904ec,1,1,8000000000,8000.0000000000000000
2023-12-01,48,1381791786,1111111254eeb25477b68fb85ed929f73a960582,2,2,7989648550,7989.6485500000000000
2023-12-01,49,1801938123,ea1160a0919431a25fc4e56169a204026a80081c,3,3,6935000000,6935.0000000000000000
2023-12-01,50,1704637310,643ea0885875a77bf8dc3e0f3ead866a125276b1,46,46,6359528512,6359.5285120000000000
2023-12-01,51,1105932400,00000000009726632680fb29d3f7a9734e3010e2,12,12,6131842500,6131.8425000000000000
2023-12-01,52,1813066710,1e1e5861cf5a3562c0c496099cf045a1c4debfef,1,1,6012439689,6012.4396890000000000
2023-12-01,53,591052941,3549a9fe87d6ad80f21591984b57a7dd34ae4473,1,1,4993140000,4993.1400000000000000
2023-12-01,54,1766050915,b2f72662ed42067ccce278f8462a0215b6adcabb,1,1,4756946711,4756.9467110000000000
2023-12-01,55,1821526542,5c91ee4da2803ee4078ae7812392bbfc25e93701,95,8,3800000000,3800.0000000000000000
2023-12-01,56,758083161,5c31a4688e2fe79d9006d55596ead8df79046399,1,1,3237261640,3237.2616400000000000
2023-12-01,57,1846265163,e35b803b05afcd75a9e5fd345f54de09f93d8c9a,1,1,2757563473,2757.5634730000000000
2023-12-01,58,1178474621,03f911aedc25c770e701b8f563e8102cfacd62c0,2,2,1790540000,1790.5400000000000000
2023-12-01,59,1668259697,562f019e21eff3dba7401a569fdc7676abfa4bc6,1,1,1684000000,1684.0000000000000000
2023-12-01,60,1773713904,7d2b63a9ab475397d9c247468803f25cf6523b76,5,5,1654108856,1654.1088560000000000
2023-12-01,61,528728,602db92a1e87d211f4a8289cc135f9f5d9d49886,2,2,1210650000,1210.6500000000000000
2023-12-01,62,1734256459,9a47f3289794e9bbc6a3c571f6d96ad4e7baed16,3,3,1112808289,1112.8082890000000000
2023-12-01,63,645110817,ecb456ea5365865ebab8a2661b0c503410e9b347,1,1,1082606914,1082.6069140000000000
2023-12-01,64,1508166501,90b4508e8f91523e5c8854ea73afd8c22d8c27b7,1,1,1082606914,1082.6069140000000000
2023-12-01,65,1364872031,1231deb6f5749ef6ce6943a275a1d3e7486f4eae,1,1,957808289,957.8082890000000000
2023-12-01,66,589423273,b683a2056526162c4771d363204af41ea8c1ec52,1,1,917500000,917.5000000000000000
2023-12-01,67,1707047336,bfae239193cacc7f18ef890a94ac18b193e54628,6,6,636440000,636.4400000000000000
2023-12-01,68,1736729451,539aa397a61c8933f0e813df9802a5d4da653ad4,2,2,603604123,603.6041230000000000
2023-12-01,69,1507268757,6b75d8af000000e20b7a7ddf000ba900b4009a80,2,2,540204863,540.2048630000000000
2023-12-01,70,528978434,dcfac7ec9cd4e5b2ac06267bb30ba6ae650f18fa,3,3,467840000,467.8400000000000000
2023-12-01,71,739207226,7cc4e967242e1cad92152d47ae0bb9169e97d553,5,4,274285483,274.2854830000000000
2023-12-01,72,1847665005,7179696c53883f609da19a4ee570b67794ddcea4,2,2,165400000,165.4000000000000000
2023-12-01,73,1727576896,5550d13389bb70f45fcef58f19f6b6e87f6e747d,1,1,160000000,160.0000000000000000
2023-12-01,74,1535693651,3a23f943181408eac424116af7b7790c94cb97a5,2,2,155000000,155.0000000000000000
2023-12-01,75,1350069544,ad854616e67959d7f8f8ff481740d0f2621329d5,1,1,103078800,103.0788000000000000
2023-12-01,76,1837931839,0808765c15da3b010a9af096f10fc335b80cee0f,1,1,100000000,100.0000000000000000
2023-12-01,77,1809763357,2616008a42a8ebf9bf8d49a06eee9cb239d2d70c,1,1,95000000,95.0000000000000000
2023-12-01,78,970289801,55ae0fe453e6502753b3c9e4a8462d53f398d84d,2,2,63575000,63.5750000000000000
2023-12-01,79,908376869,f143db60a0b1cbb8076b786eb6635b93f18db744,1,1,51450000,51.4500000000000000
2023-12-01,80,1821671758,f8d390f23b06d420daa629d3b6a9a24bd27c1ef3,2,2,47156821,47.1568210000000000
2023-12-01,81,1841801718,4c074bd0c7dbbb34676f8aa1b7bd4d86aafa8740,1,1,46140000,46.1400000000000000
2023-12-01,82,901633303,8dd988e0df6030e28be38cad90e346c422f36a2c,1,1,40000000,40.0000000000000000
2023-12-01,83,1780434575,a9c0cded336699547aac4f9de5a11ada979bc59a,1,1,40000000,40.0000000000000000
2023-12-01,84,1478795382,4fd39c9e151e50580779bd04b1f7ecc310079fd3,1,1,40000000,40.0000000000000000
2023-12-01,85,901299737,d90d5105c889a9f9b06570b8bd1cbcbfea6c7b33,1,1,40000000,40.0000000000000000
2023-12-01,86,1533284607,7b2e3fc7510d1a51b3bef735f985446589219354,1,1,40000000,40.0000000000000000
2023-12-01,87,834710263,794c94f1b5e455c1dba27bb28c6085db0fe544f9,1,1,40000000,40.0000000000000000
2023-12-01,88,656641598,0040daac32d83c78546ae36da42a496b28ab09e1,1,1,40000000,40.0000000000000000
2023-12-01,89,733269264,eae59890f7787b05d0c6375651cd59920afb0576,1,1,40000000,40.0000000000000000
2023-12-01,90,978774167,c0c385e74c47e19302be184af3379fc21fbf079b,1,1,40000000,40.0000000000000000
2023-12-01,91,903155934,d1842d4a0fddb7ff4c66999fe72bdfd629a16de5,1,1,40000000,40.0000000000000000
2023-12-01,92,32027036,1db6ad3344f1ae0a495b28b031b80cddd99f2fd0,1,1,33750000,33.7500000000000000
2023-12-01,93,760351249,6b466c24b0651d52995a66d3e653398c308a4e96,2,1,24875000,24.8750000000000000
2023-12-01,94,1826969777,0a9dfd4c7da45d90dd1e2b7b90149e103e87719c,1,1,16320000,16.3200000000000000
2023-12-01,95,1697648335,7cab1aa9f61c206daaf462f01ab3a40e6d46d598,1,1,16320000,16.3200000000000000
2023-12-01,96,850021619,415440ab37de55bbfcca3a897933f8168935c43a,1,1,15925000,15.9250000000000000
2023-12-01,97,936147403,f60b9e8ae59bbf2c592403610c4711251da7fdb4,1,1,8575000,8.5750000000000000
2023-12-01,98,828034425,92a93805eef9e123a1668562a382da5d0ad1f2a5,1,1,8575000,8.5750000000000000
2024-01-01,1,897164624,b1748c79709f4ba2dd82834b8c82d4a505003f27,4,4,24080541209470,24080541.209470000000
2024-01-01,2,1809613945,100ae042ef0ea159ecc3513e9a378ff21f3829ba,5,5,17999999993674,17999999.993674000000
2024-01-01,3,1858022750,3e55d70ad00e0a1d6aca921b574d5a7c8cd0ef0f,3,3,14000000000000,14000000.000000000000
2024-01-01,4,1809710770,f394287268a530968b8769c84f890a3cb9034790,1,1,11000000000000,11000000.000000000000
2024-01-01,5,1821671758,f8d390f23b06d420daa629d3b6a9a24bd27c1ef3,25,22,10349874489343,10349874.489343000000
2024-01-01,6,1843247582,a5588f7cdf560811710a2d82d3c9c99769db1dcb,41,41,6714165868874,6714165.868874000000
2024-01-01,7,1843987934,383e6b4437b59fff47b619cba855ca29342a8559,30,29,5414713713111,5414713.713111000000
2024-01-01,8,1870864134,f43a49088d0b9f9c4f4da8bbbe99ac8c030782f1,1,1,4999999995229,4999999.995229000000
2024-01-01,9,1809958908,dfebf09498249bfaf3690c12179c78774d7c5ad3,12,12,4244289000000,4244289.000000000000
2024-01-01,10,1859064702,004b8414137c1f56709d1850982e3e5e639a6f82,1,1,4026223614994,4026223.614994000000
2024-01-01,11,1859153220,c060844ae4af50c40871fb71fdc2226e3dee4822,5,5,3551514605990,3551514.605990000000
2024-01-01,12,1559772233,493f461aead031cee2027f1b95370a692611acb9,26,26,3507189156555,3507189.156555000000
2024-01-01,13,1734350848,f0d4c12a5768d806021f80a262b4d39d26c58b8d,22,22,3303459186458,3303459.186458000000
2024-01-01,14,1826550933,7f137d1d8d20ba54004ba358e9c229da26fa3fa9,20,19,2688400979133,2688400.979133000000
2024-01-01,15,1859146355,2927c7279d6316971606aa02fec529021b30dfac,5,5,2255078530299,2255078.530299000000
2024-01-01,16,1436507141,000b30cccc05f85c45349a6f462c681542c0afe4,2,2,2244690550603,2244690.550603000000
2024-01-01,17,1557385949,6a1fac6b3466e29421f70d6eaa91a0de0f627ea2,4,4,2017338814314,2017338.814314000000
2024-01-01,18,1298780168,24902aa0cf0000a08c0ea0b003b0c0bf600000e0,13,13,1232607542211,1232607.542211000000
2024-01-01,19,1691461785,53facee52e897740b140f5304e9cd9dc6238d735,8,8,1046503599758,1046503.599758000000
2024-01-01,20,1859182991,bdbdae4bae984ee09d3439df18a1d3adaa9a01a2,5,5,1007275190630,1007275.190630000000
2024-01-01,21,1875092315,cd985a923abfdd8af325e8bbabecf18050ea9ff2,1,1,1000000000000,1000000.000000000000
2024-01-01,22,1879365120,936bb3f36f412a24ff946aa6006537e8af42ae84,1,1,999999998328,999999.998328000000
2024-01-01,23,1723592854,13394005c1012e708fce1eb974f1130fdc73a5ce,83,73,910188239997,910188.239997000000
2024-01-01,24,1852340564,625e92624bc2d88619accc1788365a69767f6200,11,11,631854733543,631854.733543000000
2024-01-01,25,1809816558,7f030dded85c2672a84b3b33528f57babbdcf7e4,13,13,520330180054,520330.180054000000
2024-01-01,26,1859148081,c7c2ac66eef2d1b829d0f6c7d1425f2909490e5c,3,3,502954655492,502954.655492000000
2024-01-01,27,1867791368,961c896b69bbeb5d557567a83e22e2879321ed36,1,1,499677000000,499677.000000000000
2024-01-01,28,1820442983,0c73a29d266c3e2551ea7d2f11b4c958583dab25,4,4,498871534077,498871.534077000000
2024-01-01,29,1754223178,64545160d28fd0e309277c02d6d73b3923cc4bfa,1,1,495724743654,495724.743654000000
2024-01-01,30,1796899608,38cd88d8763f79d104d4bf3eeae23b13ec762ef2,13,11,443837151499,443837.151499000000
2024-01-01,31,1723640441,c30c8b862f7de6ba5d7eaeb113c78ec6b5ded04b,56,56,442087971054,442087.971054000000
2024-01-01,32,1869530097,fed97ecc13c740666cbc59679a38b7b8f574df78,1,1,422211768311,422211.768311000000
2024-01-01,33,1758490243,97c1a26482099363cb055f0f3ca1d6057fe55447,2,2,393020208279,393020.208279000000
2024-01-01,34,881197687,9008d19f58aabd9ed0d60971565aa8510560ab41,31,30,374448539360,374448.539360000000
2024-01-01,35,1742888369,e37e799d5077682fa0a244d46e5649f71457bd09,43,40,316845769878,316845.769878000000
2024-01-01,36,1250544290,a9d1e08c7793af67e9d92fe308d5697fb81d3e43,7,7,242515060054,242515.060054000000
2024-01-01,37,1723049279,857110b5f8efd66cc3762abb935315630ac770b5,10,10,204913584567,204913.584567000000
2024-01-01,38,616036061,74de5d4fcbf63e00296fd95d33236b9794016631,242,242,181283945375,181283.945375000000
2024-01-01,39,1713798436,61fa2c947e523f9abfb8d7e2903a5d5218c119a7,12,10,166477867554,166477.867554000000
2024-01-01,40,1857410734,0ddc6f9ce13b985dfd730b8048014b342d1b54f7,1,1,141438971782,141438.971782000000
2024-01-01,41,1578697507,0000000895cb182e6f983eb4d8b4e0aa0b31ae4c,3,3,127987185424,127987.185424000000
2024-01-01,42,1862203346,ee9d9c3c61dc34c5c9738cc3f6df5702b73bd740,20,20,126636142854,126636.142854000000
2024-01-01,43,1381791786,1111111254eeb25477b68fb85ed929f73a960582,6,6,113700073405,113700.073405000000
2024-01-01,44,893398926,def171fe48cf0115b1d80b88dc8eab59176fee57,10,10,111281385382,111281.385382000000
2024-01-01,45,1235298661,08780fb7e580e492c1935bee4fa5920b94aa95da,1,1,110052574198,110052.574198000000
2024-01-01,46,1716037594,63942e31e98f1833a234077f47880a66136a2d1e,1,1,105521280000,105521.280000000000
2024-01-01,47,696811095,f930ebbd05ef8b25b1797b9b2109ddc9b0d43063,1,1,99694739758,99694.739758000000
2024-01-01,48,1715865298,adfbfd06633eb92fc9b58b3152fe92b0a24eb1ff,2,2,99087812392,99087.812392000000
2024-01-01,49,1714749373,0000000a3fc396b89e4c11841b39d9dff85a5d05,2,2,99087812392,99087.812392000000
2024-01-01,50,1768809176,abe7640e4e58457c15f1ca8182bc883322aedc20,1,1,93320635455,93320.635455000000
2024-01-01,51,1821575581,7b7cba43df4295c468969b737523c2b09364fea4,33,33,56354199999,56354.199999000000
2024-01-01,52,546716445,22f9dcf4647084d6c31b2765f6910cd85c178c18,48,48,49649407952,49649.407952000000
2024-01-01,53,1490507434,00000000009e50a7ddb7a7b0e2ee6604fd120e49,9,9,49648569712,49648.569712000000
2024-01-01,54,867588846,4a14347083b80e5216ca31350a2d21702ac3650d,9,9,39081940000,39081.940000000000
2024-01-01,55,1862811914,85d81ee851d36423a5784cd3cb6f1a1193cb5978,10,10,34768921416,34768.921416000000
2024-01-01,56,934876971,378ba9b73309be80bf4c2c027aad799766a7ed5a,5,5,27112247520,27112.247520000000
2024-01-01,57,1826656789,09313c221d00cfc677dc6919d5e26d6359c644af,15,15,25322405565,25322.405565000000
2024-01-01,58,1508550857,880783ab569ce65336948a535812e86d93fad2ec,1,1,17432345451,17432.345451000000
2024-01-01,59,1236869593,e4000004000bd8006e00720000d27d1fa000d43e,1,1,17259096816,17259.096816000000
2024-01-01,60,1742905584,8d8404f8cca4c8834ca3cab1e54887ae47724bee,2,2,17093949246,17093.949246000000
2024-01-01,61,1608787768,ad3b67bca8935cb510c8d18bd45f0b94f54a968f,1,1,17093949245,17093.949245000000
2024-01-01,62,1821526542,5c91ee4da2803ee4078ae7812392bbfc25e93701,4,3,14184750000,14184.750000000000
2024-01-01,63,1826648817,f511adda6d08b23e044b3eaf5de3694c24eb3c98,9,9,14178940143,14178.940143000000
2024-01-01,64,1364872031,1231deb6f5749ef6ce6943a275a1d3e7486f4eae,11,11,11931630000,11931.630000000000
2024-01-01,65,840272948,e66b31678d6c16e9ebf358268a790b763c133750,4,4,10331279711,10331.279711000000
2024-01-01,66,1795511025,2c10f2e3c2eaa722b78dbd9f7661ee22520554e6,1,1,10304551101,10304.551101000000
2024-01-01,67,1704637310,643ea0885875a77bf8dc3e0f3ead866a125276b1,46,46,8316216742,8316.2167420000000000
2024-01-01,68,1131742166,1104b4df568fa7af90b1bed1d78a2f71e748dc8a,1,1,7770375668,7770.3756680000000000
2024-01-01,69,1156371748,96c68d861ada016ed98c30c810879f9df7c64154,1,1,7770375668,7770.3756680000000000
2024-01-01,70,1876437623,d07422b67e58f452cd2d60bd4a040605729f3f71,3,3,7200473104,7200.4731040000000000
2024-01-01,71,1587123400,a7ca2c8673bcfa5a26d8ceec2887f2cc2b0db22a,12,12,7104289611,7104.2896110000000000
2024-01-01,72,1769905522,f13e938d7a1214ae438761941bc0c651405e68a4,2,1,5871634615,5871.6346150000000000
2024-01-01,73,1497459936,73eb240a06f0e0747c698a219462059be6aaccc8,1,1,5328431403,5328.4314030000000000
2024-01-01,74,1766050915,b2f72662ed42067ccce278f8462a0215b6adcabb,1,1,4586367218,4586.3672180000000000
2024-01-01,75,1780434575,a9c0cded336699547aac4f9de5a11ada979bc59a,1,1,4386000000,4386.0000000000000000
2024-01-01,76,1833663066,f621fb08bbe51af70e7e0f4ea63496894166ff7f,2,2,3990700000,3990.7000000000000000
2024-01-01,77,1871770960,5b8f8939a600a087c9884b425e95ed41b60b23a7,3,3,3896311684,3896.3116840000000000
2024-01-01,78,1734256459,9a47f3289794e9bbc6a3c571f6d96ad4e7baed16,6,6,3654570000,3654.5700000000000000
2024-01-01,79,1825164022,5a0ece49ec2d04468aff988d92f52c8bea5fd91a,2,2,3138247910,3138.2479100000000000
2024-01-01,80,1851140606,9da75997624c697444958aded6790bfca96af19a,16,16,2789772854,2789.7728540000000000
2024-01-01,81,1535693651,3a23f943181408eac424116af7b7790c94cb97a5,4,4,2657020000,2657.0200000000000000
2024-01-01,82,1728729509,f081470f5c6fbccf48cc4e5b82dd926409dcdd67,6,6,2540938372,2540.9383720000000000
2024-01-01,83,1507268757,6b75d8af000000e20b7a7ddf000ba900b4009a80,8,8,2538320656,2538.3206560000000000
2024-01-01,84,1883003572,daa19f38d3f5efab963dfefecee60aaddaf89145,4,4,2150270099,2150.2700990000000000
2024-01-01,85,1499339893,471d69f435df6464f3c3e655093040d81926927c,3,3,2138281950,2138.2819500000000000
2024-01-01,86,1875689936,4150e628125611514f524e7eaea1200482c36863,2,2,2093136999,2093.1369990000000000
2024-01-01,87,1696446561,00000047bb99ea4d791bb749d970de71ee0b1a34,1,1,1994000000,1994.0000000000000000
2024-01-01,88,1699868061,ba445823018a83ed48a04a30cfbbeb4b70ceedad,1,1,1994000000,1994.0000000000000000
2024-01-01,89,1736729451,539aa397a61c8933f0e813df9802a5d4da653ad4,1,1,1675762641,1675.7626410000000000
2024-01-01,90,1836144182,8d27c03fa77f30af3dce552dde5babf65d14861f,2,2,1508273534,1508.2735340000000000
2024-01-01,91,1478795382,4fd39c9e151e50580779bd04b1f7ecc310079fd3,1,1,1121400000,1121.4000000000000000
2024-01-01,92,1105932400,00000000009726632680fb29d3f7a9734e3010e2,12,12,1120515000,1120.5150000000000000
2024-01-01,93,30616,1522900b6dafac587d499a862861c0869be6e428,6,6,1073696567,1073.6965670000000000
2024-01-01,94,1875597252,08a5aca7e297ea3ef3daa9876200f1dd25ebdfcb,1,1,956887384,956.8873840000000000
2024-01-01,95,1056458973,646dd8d94e1e46d24f649d343655f34a4d63d886,1,1,747222218,747.2222180000000000
2024-01-01,96,1866219021,8cfeae4e0d8b526361380daad3640b3d29b1c134,1,1,688650000,688.6500000000000000
2024-01-01,97,1475740312,48ec5560bfd59b95859965cce48cc244cfdf6b0c,1,1,683650000,683.6500000000000000
2024-01-01,98,589423273,b683a2056526162c4771d363204af41ea8c1ec52,1,1,632640000,632.6400000000000000
2024-01-01,99,929472383,33e626727b9ecf64e09f600a1e0f5adde266a0df,2,1,624000000,624.0000000000000000
2024-01-01,100,978735079,63f30f629fb3421f0784d060839f2a0c0d3b32eb,1,1,595449564,595.4495640000000000
2024-02-01,1,1809958908,dfebf09498249bfaf3690c12179c78774d7c5ad3,46,46,47472845379986,47472845.379986000000
2024-02-01,2,1809613945,100ae042ef0ea159ecc3513e9a378ff21f3829ba,11,11,44015450101529,44015450.101529000000
2024-02-01,3,1809710770,f394287268a530968b8769c84f890a3cb9034790,9,9,44000000000000,44000000.000000000000
2024-02-01,4,1843987934,383e6b4437b59fff47b619cba855ca29342a8559,51,51,7793899593395,7793899.593395000000
2024-02-01,5,1734350848,f0d4c12a5768d806021f80a262b4d39d26c58b8d,46,46,5147938011577,5147938.011577000000
2024-02-01,6,1899839451,0c0d01abf3e6adfca0989ebba9d6e85dd58eab1e,43,43,3554162273219,3554162.273219000000
2024-02-01,7,1742888369,e37e799d5077682fa0a244d46e5649f71457bd09,73,68,3478529015746,3478529.015746000000
2024-02-01,8,1843247582,a5588f7cdf560811710a2d82d3c9c99769db1dcb,18,18,3475699365475,3475699.365475000000
2024-02-01,9,1723592854,13394005c1012e708fce1eb974f1130fdc73a5ce,99,84,3080181472457,3080181.472457000000
2024-02-01,10,1691461785,53facee52e897740b140f5304e9cd9dc6238d735,11,11,3075959937716,3075959.937716000000
2024-02-01,11,1559772233,493f461aead031cee2027f1b95370a692611acb9,17,17,2175755378036,2175755.378036000000
2024-02-01,12,893398926,def171fe48cf0115b1d80b88dc8eab59176fee57,118,59,2024697600284,2024697.600284000000
2024-02-01,13,1852340564,625e92624bc2d88619accc1788365a69767f6200,32,31,2019109611800,2019109.611800000000
2024-02-01,14,1908319891,67798813e393c6cbabec1c4c3af940987e1c6d50,2,2,1988555961093,1988555.961093000000
2024-02-01,15,1908164069,27420f75ffc24caba14b5eab06e4e4a8afaac26e,2,2,1988555961093,1988555.961093000000
2024-02-01,16,1908299298,f4be98578cfdf8c2b9f411d023109194ab67b68d,2,2,1988555961093,1988555.961093000000
2024-02-01,17,1795511025,2c10f2e3c2eaa722b78dbd9f7661ee22520554e6,16,15,1578601693780,1578601.693780000000
2024-02-01,18,1893386897,beef02e5e13584ab96848af90261f0c8ee04722a,21,19,1356757737903,1356757.737903000000
2024-02-01,19,881197687,9008d19f58aabd9ed0d60971565aa8510560ab41,38,36,1292786990533,1292786.990533000000
2024-02-01,20,1723640441,c30c8b862f7de6ba5d7eaeb113c78ec6b5ded04b,70,70,1261832375022,1261832.375022000000
2024-02-01,21,1809761444,4cfdd060289c1051a4a7208461cf2e0af84dc1df,1,1,1229700435777,1229700.435777000000
2024-02-01,22,1751877668,8761e0370f94f68db8eaa731f4fc581f6ad0bd68,71,36,1189165866907,1189165.866907000000
2024-02-01,23,1844716471,bbbbbbbbbb9cc5e90e3b3af64bdaf62c37eeffcb,19,15,1145180802935,1145180.802935000000
2024-02-01,24,1490507434,00000000009e50a7ddb7a7b0e2ee6604fd120e49,31,29,1128152650693,1128152.650693000000
2024-02-01,25,1860171395,44ac1031d245d965fe5f016da9ba643cd79f95f3,4,4,789996164702,789996.164702000000
2024-02-01,26,1713798436,61fa2c947e523f9abfb8d7e2903a5d5218c119a7,22,21,588773933864,588773.933864000000
2024-02-01,27,1298780168,24902aa0cf0000a08c0ea0b003b0c0bf600000e0,6,6,588095772954,588095.772954000000
2024-02-01,28,1796899608,38cd88d8763f79d104d4bf3eeae23b13ec762ef2,12,10,581741630000,581741.630000000000
2024-02-01,29,753081174,989b3c9f5bc4189dfaee8efac99f9638d39fc45d,5,5,557197843360,557197.843360000000
2024-02-01,30,1436507141,000b30cccc05f85c45349a6f462c681542c0afe4,2,2,517251613169,517251.613169000000
2024-02-01,31,1859148081,c7c2ac66eef2d1b829d0f6c7d1425f2909490e5c,2,2,515098572366,515098.572366000000
2024-02-01,32,1695003380,e20cd9377c204a27952f8b41075f0b8bd1ceec3d,2,2,495251055216,495251.055216000000
2024-02-01,33,1854330493,a7995f71aa11525db02fc2473c37dee5dbf55107,9,9,477908372500,477908.372500000000
2024-02-01,34,1826550933,7f137d1d8d20ba54004ba358e9c229da26fa3fa9,6,6,475551781507,475551.781507000000
2024-02-01,35,1909973984,9e10f9fb6f0d32b350cee2618662243d4f24c64a,11,11,452730081618,452730.081618000000
2024-02-01,36,1862203346,ee9d9c3c61dc34c5c9738cc3f6df5702b73bd740,17,17,411634109126,411634.109126000000
2024-02-01,37,1216424171,f569e3920aa165c5a42dc88f6ef5cf986810fd89,2,2,365000000000,365000.000000000000
2024-02-01,38,1381791786,1111111254eeb25477b68fb85ed929f73a960582,4,4,355540234145,355540.234145000000
2024-02-01,39,1507268757,6b75d8af000000e20b7a7ddf000ba900b4009a80,4,4,338825655670,338825.655670000000
2024-02-01,40,1859146355,2927c7279d6316971606aa02fec529021b30dfac,5,5,300614882272,300614.882272000000
2024-02-01,41,1766050915,b2f72662ed42067ccce278f8462a0215b6adcabb,1,1,257890366127,257890.366127000000
2024-02-01,42,1901003526,948589d850721ec78bdcb8359dd4a8e16feb0f31,3,3,240050000000,240050.000000000000
2024-02-01,43,1857410734,0ddc6f9ce13b985dfd730b8048014b342d1b54f7,1,1,226289132249,226289.132249000000
2024-02-01,44,1911778548,e07a16358aa878cbda2d49a88e5106871e0db307,3,3,219471075225,219471.075225000000
2024-02-01,45,616036061,74de5d4fcbf63e00296fd95d33236b9794016631,154,154,211935926415,211935.926415000000
2024-02-01,46,1892644409,3ad1e95e1bb50370774fd9d07fd7aa317d0bb11e,10,10,201184542774,201184.542774000000
2024-02-01,47,743243994,e0019d15f39ec9e8007acd7ca0776dd90eb3d333,2,2,196591120211,196591.120211000000
2024-02-01,48,1862811914,85d81ee851d36423a5784cd3cb6f1a1193cb5978,17,17,182966235207,182966.235207000000
2024-02-01,49,1608787768,ad3b67bca8935cb510c8d18bd45f0b94f54a968f,3,3,169984216169,169984.216169000000
2024-02-01,50,1890720681,3face0004bc1003b9d0672e7b23134cb80115fb6,2,2,145532212729,145532.212729000000
2024-02-01,51,1758490243,97c1a26482099363cb055f0f3ca1d6057fe55447,1,1,129799105677,129799.105677000000
2024-02-01,52,867588846,4a14347083b80e5216ca31350a2d21702ac3650d,20,20,127927242200,127927.242200000000
2024-02-01,53,1859064702,004b8414137c1f56709d1850982e3e5e639a6f82,1,1,127308589454,127308.589454000000
2024-02-01,54,1809816558,7f030dded85c2672a84b3b33528f57babbdcf7e4,3,3,113470568121,113470.568121000000
2024-02-01,55,1250544290,a9d1e08c7793af67e9d92fe308d5697fb81d3e43,3,3,113470568121,113470.568121000000
2024-02-01,56,1690547691,028abc03ce5f8ed61174512f8635929cc5bb7116,1,1,110052574198,110052.574198000000
2024-02-01,57,897164624,b1748c79709f4ba2dd82834b8c82d4a505003f27,2,2,109664780000,109664.780000000000
2024-02-01,58,875811526,9e2b6378ee8ad2a4a95fe481d63caba8fb0ebbf9,1,1,101283388672,101283.388672000000
2024-02-01,59,1501208559,b634316e06cc0b358437cbadd4dc94f1d3a92b3b,1,1,99983079135,99983.079135000000
2024-02-01,60,1728729509,f081470f5c6fbccf48cc4e5b82dd926409dcdd67,11,7,85740927514,85740.927514000000
2024-02-01,61,1859153220,c060844ae4af50c40871fb71fdc2226e3dee4822,6,6,59906979763,59906.979763000000
2024-02-01,62,1235298661,08780fb7e580e492c1935bee4fa5920b94aa95da,2,2,51929876067,51929.876067000000
2024-02-01,63,1742906964,5f515f6c524b18ca30f7783fb58dd4be2e9904ec,1,1,44145000000,44145.000000000000
2024-02-01,64,1889321886,5ed5dd65ab0dc1bccc44eedaa40680c231faaa9f,1,1,43689053823,43689.053823000000
2024-02-01,65,1918872401,f66987ecf7ccdb357910fe2937c6a49ffd9793c7,1,1,41047384654,41047.384654000000
2024-02-01,66,1801938123,ea1160a0919431a25fc4e56169a204026a80081c,7,7,34581640000,34581.640000000000
2024-02-01,67,1856160176,0096913d68a000311266250f0000000000e04c00,1,1,34165404672,34165.404672000000
2024-02-01,68,1364872031,1231deb6f5749ef6ce6943a275a1d3e7486f4eae,13,12,33943653432,33943.653432000000
2024-02-01,69,824789610,2a578a939bdc5486fa8c4f0ef865b71cca03ab7a,1,1,30000000000,30000.000000000000
2024-02-01,70,1668098627,02e7b8511831b1b02d9018215a0f8f500ea5c6b3,2,2,26267586559,26267.586559000000
2024-02-01,71,1900521722,d4aca86a68534c44e408bda2fac5f52729b0503a,2,1,20000000000,20000.000000000000
2024-02-01,72,1827636254,0aedebf012847dfe8b87054cbe2154b0488a9068,1,1,19981239968,19981.239968000000
2024-02-01,73,546716445,22f9dcf4647084d6c31b2765f6910cd85c178c18,27,27,19020695633,19020.695633000000
2024-02-01,74,1236869593,e4000004000bd8006e00720000d27d1fa000d43e,1,1,17589097319,17589.097319000000
2024-02-01,75,1734256459,9a47f3289794e9bbc6a3c571f6d96ad4e7baed16,6,6,16900310000,16900.310000000000
2024-02-01,76,1704637310,643ea0885875a77bf8dc3e0f3ead866a125276b1,31,31,16126894286,16126.894286000000
2024-02-01,77,1587123400,a7ca2c8673bcfa5a26d8ceec2887f2cc2b0db22a,10,10,15906477874,15906.477874000000
2024-02-01,78,1438093425,a88800cd213da5ae406ce248380802bd53b47647,1,1,14932900808,14932.900808000000
2024-02-01,79,1876437623,d07422b67e58f452cd2d60bd4a040605729f3f71,6,6,13297401202,13297.401202000000
2024-02-01,80,1859182991,bdbdae4bae984ee09d3439df18a1d3adaa9a01a2,1,1,12029720275,12029.720275000000
2024-02-01,81,1900875890,8610b38fd4c206835e94066b475096b52f98d181,1,1,11370057921,11370.057921000000
2024-02-01,82,1648514559,9b63849e325ff0fb820dd6853e0bfa0fb3073b88,2,2,10200097251,10200.097251000000
2024-02-01,83,1477239634,ac6a9e9ca65d4bcbea3e59c4c40128052bcc8882,1,1,10030546944,10030.5469440000000000
2024-02-01,84,1871770960,5b8f8939a600a087c9884b425e95ed41b60b23a7,4,4,9765318370,9765.3183700000000000
2024-02-01,85,1847223268,b5f6322163f71d0733767cc0ea219422de51b5c9,1,1,9600000000,9600.0000000000000000
2024-02-01,86,1867791368,961c896b69bbeb5d557567a83e22e2879321ed36,1,1,8514684109,8514.6841090000000000
2024-02-01,87,659150445,df7d0d3d199706f5b937d6763174a2c73fa75b00,3,3,8500000000,8500.0000000000000000
2024-02-01,88,1769905522,f13e938d7a1214ae438761941bc0c651405e68a4,2,1,5871634615,5871.6346150000000000
2024-02-01,89,1871818982,03b8ff23cfccd4c7259bacce2c68c50f89109646,2,2,5179880000,5179.8800000000000000
2024-02-01,90,1875689936,4150e628125611514f524e7eaea1200482c36863,1,1,5008103420,5008.1034200000000000
2024-02-01,91,1663246624,cf5540fffcdc3d510b18bfca6d2b9987b0772559,2,2,4541921725,4541.9217250000000000
2024-02-01,92,1714749373,0000000a3fc396b89e4c11841b39d9dff85a5d05,1,1,4136385078,4136.3850780000000000
2024-02-01,93,1578697507,0000000895cb182e6f983eb4d8b4e0aa0b31ae4c,1,1,4136385078,4136.3850780000000000
2024-02-01,94,1917260251,19d230a7692920fc0546e36976998462551e1232,1,1,4080043608,4080.0436080000000000
2024-02-01,95,1729292693,cd5bcc6287e8cf443a1548ea4dcad7ea48d67465,1,1,4000000000,4000.0000000000000000
2024-02-01,96,1903771794,ff292312d2f617fdcbdc788f15d13bfa818044f6,1,1,3958642871,3958.6428710000000000
2024-02-01,97,1875597252,08a5aca7e297ea3ef3daa9876200f1dd25ebdfcb,2,2,3662643468,3662.6434680000000000
2024-02-01,98,1851140606,9da75997624c697444958aded6790bfca96af19a,14,14,3398560839,3398.5608390000000000
2024-02-01,99,934876971,378ba9b73309be80bf4c2c027aad799766a7ed5a,1,1,3122279577,3122.2795770000000000
2024-02-01,100,1901216862,08adab693abdded60d1e896bfa40af56d5aef85a,2,2,3071352465,3071.3524650000000000
2024-03-01,1,1809613945,100ae042ef0ea159ecc3513e9a378ff21f3829ba,13,13,35568279625603,35568279.625603000000
2024-03-01,2,1809710770,f394287268a530968b8769c84f890a3cb9034790,10,10,33551195630000,33551195.630000000000
2024-03-01,3,1809958908,dfebf09498249bfaf3690c12179c78774d7c5ad3,28,28,32771160922689,32771160.922689000000
2024-03-01,4,1843987934,383e6b4437b59fff47b619cba855ca29342a8559,154,149,17494707543889,17494707.543889000000
2024-03-01,5,1734350848,f0d4c12a5768d806021f80a262b4d39d26c58b8d,156,156,13964042945545,13964042.945545000000
2024-03-01,6,1490507434,00000000009e50a7ddb7a7b0e2ee6604fd120e49,142,135,10350555781442,10350555.781442000000
2024-03-01,7,1843247582,a5588f7cdf560811710a2d82d3c9c99769db1dcb,64,60,7407303323918,7407303.323918000000
2024-03-01,8,1852340564,625e92624bc2d88619accc1788365a69767f6200,85,83,6433732602648,6433732.602648000000
2024-03-01,9,1742888369,e37e799d5077682fa0a244d46e5649f71457bd09,156,149,4030612267195,4030612.267195000000
2024-03-01,10,1691461785,53facee52e897740b140f5304e9cd9dc6238d735,17,17,3838349644305,3838349.644305000000
2024-03-01,11,1893386897,beef02e5e13584ab96848af90261f0c8ee04722a,17,14,3246636438745,3246636.438745000000
2024-03-01,12,1889321886,5ed5dd65ab0dc1bccc44eedaa40680c231faaa9f,15,15,2374870848451,2374870.848451000000
2024-03-01,13,1909973984,9e10f9fb6f0d32b350cee2618662243d4f24c64a,28,28,2295768435042,2295768.435042000000
2024-03-01,14,1854330493,a7995f71aa11525db02fc2473c37dee5dbf55107,9,8,2231160951431,2231160.951431000000
2024-03-01,15,1957253096,a2de569a586cf9ae3f0094b0967035cb6b30990f,1,1,1999999997074,1999999.997074000000
2024-03-01,16,881197687,9008d19f58aabd9ed0d60971565aa8510560ab41,67,65,1913630450217,1913630.450217000000
2024-03-01,17,1844716471,bbbbbbbbbb9cc5e90e3b3af64bdaf62c37eeffcb,12,10,1513555352319,1513555.352319000000
2024-03-01,18,1559772233,493f461aead031cee2027f1b95370a692611acb9,3,3,1336945929286,1336945.929286000000
2024-03-01,19,1946790021,d6982da59f1d26476e259559508f4135135cf9b8,33,33,1126235122210,1126235.122210000000
2024-03-01,20,1298780168,24902aa0cf0000a08c0ea0b003b0c0bf600000e0,10,10,1085433206424,1085433.206424000000
2024-03-01,21,1859146355,2927c7279d6316971606aa02fec529021b30dfac,2,2,1049071794248,1049071.794248000000
2024-03-01,22,1436507141,000b30cccc05f85c45349a6f462c681542c0afe4,1,1,1027996916770,1027996.916770000000
2024-03-01,23,1899839451,0c0d01abf3e6adfca0989ebba9d6e85dd58eab1e,28,28,930501042752,930501.042752000000
2024-03-01,24,1728729509,f081470f5c6fbccf48cc4e5b82dd926409dcdd67,19,16,928714533044,928714.533044000000
2024-03-01,25,1860171395,44ac1031d245d965fe5f016da9ba643cd79f95f3,7,7,928632416867,928632.416867000000
2024-03-01,26,1948744133,a8376f53391a041c8236a232f7f019ea76eed86d,11,11,921569825289,921569.825289000000
2024-03-01,27,1911778548,e07a16358aa878cbda2d49a88e5106871e0db307,12,12,746733288479,746733.288479000000
2024-03-01,28,1796899608,38cd88d8763f79d104d4bf3eeae23b13ec762ef2,19,13,741549000000,741549.000000000000
2024-03-01,29,1892644409,3ad1e95e1bb50370774fd9d07fd7aa317d0bb11e,12,12,634963891189,634963.891189000000
2024-03-01,30,1928858741,e2eac6a8eb39f2793d273bf9f2f82ddd01e2a3fc,1,1,567683663313,567683.663313000000
2024-03-01,31,1216424171,f569e3920aa165c5a42dc88f6ef5cf986810fd89,26,26,541800329237,541800.329237000000
2024-03-01,32,1859148081,c7c2ac66eef2d1b829d0f6c7d1425f2909490e5c,2,2,529406661403,529406.661403000000
2024-03-01,33,1900373004,ef484de8c07b6e2d732a92b5f78e81b38f99f95e,6,6,484388819690,484388.819690000000
2024-03-01,34,1723049279,857110b5f8efd66cc3762abb935315630ac770b5,25,25,435725480860,435725.480860000000
2024-03-01,35,1501208559,b634316e06cc0b358437cbadd4dc94f1d3a92b3b,4,4,415318045718,415318.045718000000
2024-03-01,36,1795511025,2c10f2e3c2eaa722b78dbd9f7661ee22520554e6,4,4,368559887719,368559.887719000000
2024-03-01,37,1716037594,63942e31e98f1833a234077f47880a66136a2d1e,2,2,345393600000,345393.600000000000
2024-03-01,38,616036061,74de5d4fcbf63e00296fd95d33236b9794016631,152,152,338858840283,338858.840283000000
2024-03-01,39,1759870951,bb8f69fc5696e66d8b22f981f4833f3354d52e62,2,2,283709341906,283709.341906000000
2024-03-01,40,1723592854,13394005c1012e708fce1eb974f1130fdc73a5ce,84,83,257825306243,257825.306243000000
2024-03-01,41,1713798436,61fa2c947e523f9abfb8d7e2903a5d5218c119a7,29,29,254391368799,254391.368799000000
2024-03-01,42,893398926,def171fe48cf0115b1d80b88dc8eab59176fee57,40,33,252592077880,252592.077880000000
2024-03-01,43,1862203346,ee9d9c3c61dc34c5c9738cc3f6df5702b73bd740,3,3,247250000000,247250.000000000000
2024-03-01,44,1920382040,56c526b0159a258887e0d79ec3a80dfb940d0cd7,8,8,241183237090,241183.237090000000
2024-03-01,45,1837038044,874d26f8f5dd55ee1a4167c49965b991c1c9530a,4,4,241045793015,241045.793015000000
2024-03-01,46,934876971,378ba9b73309be80bf4c2c027aad799766a7ed5a,13,13,219277917965,219277.917965000000
2024-03-01,47,1906739959,d86bb04a308a15fb41754d366199206cc9146af7,9,9,184934077461,184934.077461000000
2024-03-01,48,1381791786,1111111254eeb25477b68fb85ed929f73a960582,14,14,162957921342,162957.921342000000
2024-03-01,49,1862811914,85d81ee851d36423a5784cd3cb6f1a1193cb5978,11,11,135096408046,135096.408046000000
2024-03-01,50,1608787768,ad3b67bca8935cb510c8d18bd45f0b94f54a968f,12,11,105423162542,105423.162542000000
2024-03-01,51,669015832,13388bdf4a45fc505278b999a88ef2f29dfc8ffc,1,1,100000000000,100000.000000000000
2024-03-01,52,243240055,5e2289f8ee186bcf5ed0063493257259eb0fe66b,2,1,100000000000,100000.000000000000
2024-03-01,53,1131071572,9d5df30f475cea915b1ed4c0cca59255c897b61b,2,2,99996571702,99996.571702000000
2024-03-01,54,1714536896,02dcc3438bb7e46f6bf671c72e98d503c0bce520,1,1,99750000000,99750.000000000000
2024-03-01,55,1742905584,8d8404f8cca4c8834ca3cab1e54887ae47724bee,5,5,86021768721,86021.768721000000
2024-03-01,56,1352509614,f0198efbd69e1e59152c681095eece4935c9c76d,5,5,84604869054,84604.869054000000
2024-03-01,57,824789610,2a578a939bdc5486fa8c4f0ef865b71cca03ab7a,1,1,80000000000,80000.000000000000
2024-03-01,58,1202652847,35a398425d9f1029021a92bc3d2557d42c8588d7,4,3,57964236193,57964.236193000000
2024-03-01,59,598100352,ecded8b1c603cf21299835f1dfbe37f10f2a29af,3,3,56011122021,56011.122021000000
2024-03-01,60,1742906964,5f515f6c524b18ca30f7783fb58dd4be2e9904ec,2,2,55185755713,55185.755713000000
2024-03-01,61,1668098627,02e7b8511831b1b02d9018215a0f8f500ea5c6b3,12,12,54448653518,54448.653518000000
2024-03-01,62,1754223178,64545160d28fd0e309277c02d6d73b3923cc4bfa,2,2,44874477066,44874.477066000000
2024-03-01,63,458908818,65736a137cd4629454bb0226704deec0aef5aded,2,2,41250000000,41250.000000000000
2024-03-01,64,1809816558,7f030dded85c2672a84b3b33528f57babbdcf7e4,1,1,36572371834,36572.371834000000
2024-03-01,65,1250544290,a9d1e08c7793af67e9d92fe308d5697fb81d3e43,1,1,36572371834,36572.371834000000
2024-03-01,66,1780434575,a9c0cded336699547aac4f9de5a11ada979bc59a,6,6,35272729636,35272.729636000000
2024-03-01,67,1859182991,bdbdae4bae984ee09d3439df18a1d3adaa9a01a2,1,1,35074190678,35074.190678000000
2024-03-01,68,1438093425,a88800cd213da5ae406ce248380802bd53b47647,3,3,31921730909,31921.730909000000
2024-03-01,69,1042815271,fbb8776298d34f64950f45ac7ba943b45794c39b,2,2,30000000000,30000.000000000000
2024-03-01,70,1131742166,1104b4df568fa7af90b1bed1d78a2f71e748dc8a,2,2,29072059467,29072.059467000000
2024-03-01,71,1156371748,96c68d861ada016ed98c30c810879f9df7c64154,2,2,29072059467,29072.059467000000
2024-03-01,72,1751877668,8761e0370f94f68db8eaa731f4fc581f6ad0bd68,9,5,27541537299,27541.537299000000
2024-03-01,73,867588846,4a14347083b80e5216ca31350a2d21702ac3650d,11,11,25491109600,25491.109600000000
2024-03-01,74,1908299298,f4be98578cfdf8c2b9f411d023109194ab67b68d,1,1,23361499311,23361.499311000000
2024-03-01,75,1770402788,73012eecbb5c07cac9d0c7ed207596556482a5e8,2,2,20894610000,20894.610000000000
2024-03-01,76,1183034645,cc2ca22aaefe22a0144a0260731a40a725affff0,1,1,20000000000,20000.000000000000
2024-03-01,77,1306133598,073be86d6cf0a64acf4a67e302d021a2dd4bba02,1,1,19991427203,19991.427203000000
2024-03-01,78,1847223268,b5f6322163f71d0733767cc0ea219422de51b5c9,2,2,19200000000,19200.000000000000
2024-03-01,79,1933477073,2272b9a1ce6503f9428e4179ebcdc2690ef28469,1,1,19200000000,19200.000000000000
2024-03-01,80,1364872031,1231deb6f5749ef6ce6943a275a1d3e7486f4eae,2,2,17000000000,17000.000000000000
2024-03-01,81,1867791368,961c896b69bbeb5d557567a83e22e2879321ed36,1,1,14718876457,14718.876457000000
2024-03-01,82,456549574,b657f5426cf1236c9d3ac419f5940a88860b5f7e,3,3,14000000000,14000.000000000000
2024-03-01,83,1930253086,2e3a2af5654960d762510caeb30d354a2d9bf864,1,1,12001000000,12001.000000000000
2024-03-01,84,1936603621,17124ef4af81e58f7be47b9613a23c363877ace0,1,1,10231534027,10231.534027000000
2024-03-01,85,1924567474,0a0f9f59073c54876735c30022062ffafc7bfbf8,1,1,10107968308,10107.968308000000
2024-03-01,86,1636575522,69460570c93f9de5e2edbc3052bf10125f0ca22d,2,2,10000000000,10000.0000000000000000
2024-03-01,87,659150445,df7d0d3d199706f5b937d6763174a2c73fa75b00,1,1,10000000000,10000.0000000000000000
2024-03-01,88,1871770960,5b8f8939a600a087c9884b425e95ed41b60b23a7,1,1,8671287183,8671.2871830000000000
2024-03-01,89,1703836594,d3f5c377a8506af29aeafbc90d1e5c6534f197b4,15,15,8548038661,8548.0386610000000000
2024-03-01,90,1596992783,7d32c90762e22379235fc311fdb16fab399ed40a,1,1,8510582264,8510.5822640000000000
2024-03-01,91,546716445,22f9dcf4647084d6c31b2765f6910cd85c178c18,29,29,8221869524,8221.8695240000000000
2024-03-01,92,1875689936,4150e628125611514f524e7eaea1200482c36863,1,1,7302072982,7302.0729820000000000
2024-03-01,93,965698396,fa1d68310bf761264a9295c4bce48c356ec9922a,2,2,7000000000,7000.0000000000000000
2024-03-01,94,1958322260,63d76e860c6c9cc9231895b5a8831cf711ca8780,1,1,6852464502,6852.4645020000000000
2024-03-01,95,1875597252,08a5aca7e297ea3ef3daa9876200f1dd25ebdfcb,1,1,5858015737,5858.0157370000000000
2024-03-01,96,712532713,e656b33e4306908a1752787ffcaf16ef13a200a6,1,1,5300000000,5300.0000000000000000
2024-03-01,97,1526126162,2f2dd99235cb728fc79af575f1325eaa270f0c99,3,3,5030786136,5030.7861360000000000
2024-03-01,98,765147013,df15ddb8a27e689f3b43d60c3bf13c3f312d388a,1,1,5000632593,5000.6325930000000000
2024-03-01,99,1801938123,ea1160a0919431a25fc4e56169a204026a80081c,1,1,3763130000,3763.1300000000000000
2024-03-01,100,1507624254,d1742b3c4fbb096990c8950fa635aec75b30781a,1,1,3535136931,3535.1369310000000000
2024-04-01,1,1843987934,383e6b4437b59fff47b619cba855ca29342a8559,717,694,72468565691129,72468565.691129000000
2024-04-01,2,1946790021,d6982da59f1d26476e259559508f4135135cf9b8,542,532,44506486461918,44506486.461918000000
2024-04-01,3,1843247582,a5588f7cdf560811710a2d82d3c9c99769db1dcb,167,160,40736859373787,40736859.373787000000
2024-04-01,4,1490507434,00000000009e50a7ddb7a7b0e2ee6604fd120e49,553,497,37083603730383,37083603.730383000000
2024-04-01,5,1889321886,5ed5dd65ab0dc1bccc44eedaa40680c231faaa9f,259,259,33537949568725,33537949.568725000000
2024-04-01,6,1734350848,f0d4c12a5768d806021f80a262b4d39d26c58b8d,136,136,18312606522133,18312606.522133000000
2024-04-01,7,1966320127,e08d97e151473a848c3d9ca3f323cb720472d015,105,99,9983549798057,9983549.798057000000
2024-04-01,8,1691461785,53facee52e897740b140f5304e9cd9dc6238d735,65,65,8228857038330,8228857.038330000000
2024-04-01,9,1809958908,dfebf09498249bfaf3690c12179c78774d7c5ad3,17,17,8193481030000,8193481.030000000000
2024-04-01,10,1893386897,beef02e5e13584ab96848af90261f0c8ee04722a,95,34,7258335337938,7258335.337938000000
2024-04-01,11,1844716471,bbbbbbbbbb9cc5e90e3b3af64bdaf62c37eeffcb,77,64,7220181442609,7220181.442609000000
2024-04-01,12,1742888369,e37e799d5077682fa0a244d46e5649f71457bd09,248,222,6422827734732,6422827.734732000000
2024-04-01,13,1900373004,ef484de8c07b6e2d732a92b5f78e81b38f99f95e,37,37,6105631968128,6105631.968128000000
2024-04-01,14,1948744133,a8376f53391a041c8236a232f7f019ea76eed86d,62,59,5855456057327,5855456.057327000000
2024-04-01,15,1298780168,24902aa0cf0000a08c0ea0b003b0c0bf600000e0,55,55,5289730582058,5289730.582058000000
2024-04-01,16,1973175350,22a956c4755d8c4294b358dc346e74250e175622,57,57,5023357223010,5023357.223010000000
2024-04-01,17,1973235910,4095f064b8d3c3548a3bebfd0bbfd04750e30077,22,21,4401029507519,4401029.507519000000
2024-04-01,18,1809613945,100ae042ef0ea159ecc3513e9a378ff21f3829ba,2,2,4309567069766,4309567.069766000000
2024-04-01,19,1992085581,83cc8e82eb43b5bf61693c725bdce0d9a03ff518,1,1,4299791675498,4299791.675498000000
2024-04-01,20,598100352,ecded8b1c603cf21299835f1dfbe37f10f2a29af,72,72,4095138010842,4095138.010842000000
2024-04-01,21,881197687,9008d19f58aabd9ed0d60971565aa8510560ab41,87,86,4073276783162,4073276.783162000000
2024-04-01,22,1852340564,625e92624bc2d88619accc1788365a69767f6200,83,81,3243808757180,3243808.757180000000
2024-04-01,23,1754223178,64545160d28fd0e309277c02d6d73b3923cc4bfa,29,29,2876775441395,2876775.441395000000
2024-04-01,24,1786687062,286774e88f83a6829ad2e8c36114e06aaf7dcf3e,32,32,2261701967779,2261701.967779000000
2024-04-01,25,1728729509,f081470f5c6fbccf48cc4e5b82dd926409dcdd67,31,29,2065063625633,2065063.625633000000
2024-04-01,26,1758490243,97c1a26482099363cb055f0f3ca1d6057fe55447,13,13,1471718611152,1471718.611152000000
2024-04-01,27,1890720681,3face0004bc1003b9d0672e7b23134cb80115fb6,5,5,1379072838360,1379072.838360000000
2024-04-01,28,1898867659,8ce45e650ab17b6ca0dd6071f7c2b5c69b5b42b2,4,4,1360320562509,1360320.562509000000
2024-04-01,29,1993547774,6a50353e2b7f2f96a7c5680c51b9f32565b04195,4,4,1289460528896,1289460.528896000000
2024-04-01,30,1909973984,9e10f9fb6f0d32b350cee2618662243d4f24c64a,18,18,1215578185498,1215578.185498000000
2024-04-01,31,1381791786,1111111254eeb25477b68fb85ed929f73a960582,32,32,1036840516657,1036840.516657000000
2024-04-01,32,1960104435,1576b2d7ef15a2ebe9c22c8765dd9c1efea8797b,13,13,1018830009972,1018830.009972000000
2024-04-01,33,1866760884,675d37489a7a64c051d0204e5c72a469f6558a47,9,9,1018412017535,1018412.017535000000
2024-04-01,34,1966376393,50f02612ea1f79a84ef72d6912a5452f40a88edd,4,4,665802452437,665802.452437000000
2024-04-01,35,1742905584,8d8404f8cca4c8834ca3cab1e54887ae47724bee,12,12,647427608117,647427.608117000000
2024-04-01,36,1818512079,7d585b0e27bbb3d981b7757115ec11f47c476994,16,7,601283918757,601283.918757000000
2024-04-01,37,1859146355,2927c7279d6316971606aa02fec529021b30dfac,3,3,589498991277,589498.991277000000
2024-04-01,38,1436507141,000b30cccc05f85c45349a6f462c681542c0afe4,1,1,575213560158,575213.560158000000
2024-04-01,39,1796899608,38cd88d8763f79d104d4bf3eeae23b13ec762ef2,13,12,529629529999,529629.529999000000
2024-04-01,40,1608787768,ad3b67bca8935cb510c8d18bd45f0b94f54a968f,10,10,514486479828,514486.479828000000
2024-04-01,41,1720313142,6980a47bee930a4584b09ee79ebe46484fbdbdd0,4,4,502684053416,502684.053416000000
2024-04-01,42,1862203346,ee9d9c3c61dc34c5c9738cc3f6df5702b73bd740,4,4,461155000000,461155.000000000000
2024-04-01,43,1957675805,8ddbbcc0999f396237b6534ac600ebb0d8618c99,4,4,382243065561,382243.065561000000
2024-04-01,44,1723592854,13394005c1012e708fce1eb974f1130fdc73a5ce,135,135,299251714433,299251.714433000000
2024-04-01,45,1216424171,f569e3920aa165c5a42dc88f6ef5cf986810fd89,2,2,277419537723,277419.537723000000
2024-04-01,46,1293526256,0000000000a84d1a9b0063a910315c7ffa9cd248,6,6,275325569873,275325.569873000000
2024-04-01,47,1795511025,2c10f2e3c2eaa722b78dbd9f7661ee22520554e6,4,4,223213290391,223213.290391000000
2024-04-01,48,1723049279,857110b5f8efd66cc3762abb935315630ac770b5,26,26,204456317726,204456.317726000000
2024-04-01,49,616036061,74de5d4fcbf63e00296fd95d33236b9794016631,233,233,204080097819,204080.097819000000
2024-04-01,50,753081174,989b3c9f5bc4189dfaee8efac99f9638d39fc45d,1,1,199722814854,199722.814854000000
2024-04-01,51,1884803641,1f6bf8a40514268cdd6b2d03f883bee4887a98db,2,2,197092930599,197092.930599000000
2024-04-01,52,1859064702,004b8414137c1f56709d1850982e3e5e639a6f82,6,6,187034557541,187034.557541000000
2024-04-01,53,1862811914,85d81ee851d36423a5784cd3cb6f1a1193cb5978,21,21,179374203844,179374.203844000000
2024-04-01,54,1911778548,e07a16358aa878cbda2d49a88e5106871e0db307,2,2,179265497266,179265.497266000000
2024-04-01,55,1899839451,0c0d01abf3e6adfca0989ebba9d6e85dd58eab1e,13,13,167595825994,167595.825994000000
2024-04-01,56,1906739959,d86bb04a308a15fb41754d366199206cc9146af7,2,2,165240486459,165240.486459000000
2024-04-01,57,1946572279,167f6e958a1a082e33c75fab66bd511016e51340,3,3,163758799974,163758.799974000000
2024-04-01,58,1829943937,a6381631e0634e97e23a80a3c57f9582aa959e16,7,5,146898136398,146898.136398000000
2024-04-01,59,780095558,ba12222222228d8ba445958a75a0704d566bf2c8,7,7,118840144046,118840.144046000000
2024-04-01,60,10438761,fd8a63085804dcb95417fe33f9e49253522c68dd,1,1,110287063012,110287.063012000000
2024-04-01,61,893398926,def171fe48cf0115b1d80b88dc8eab59176fee57,32,29,104765342950,104765.342950000000
2024-04-01,62,1236869593,e4000004000bd8006e00720000d27d1fa000d43e,1,1,100623085474,100623.085474000000
2024-04-01,63,1967811305,b86f32b648f4a17fc7c67bf29735c20c566e5a0c,1,1,80066971478,80066.971478000000
2024-04-01,64,1751877668,8761e0370f94f68db8eaa731f4fc581f6ad0bd68,21,18,78064437525,78064.437525000000
2024-04-01,65,1438093425,a88800cd213da5ae406ce248380802bd53b47647,3,3,74160996963,74160.996963000000
2024-04-01,66,1899934735,111111125421ca6dc452d289314280a0f8842a65,1,1,70000000000,70000.000000000000
2024-04-01,67,1713798436,61fa2c947e523f9abfb8d7e2903a5d5218c119a7,29,27,64852532036,64852.532036000000
2024-04-01,68,867588846,4a14347083b80e5216ca31350a2d21702ac3650d,29,29,61179535700,61179.535700000000
2024-04-01,69,897164624,b1748c79709f4ba2dd82834b8c82d4a505003f27,1,1,57998840000,57998.840000000000
2024-04-01,70,1953913546,9a25fbdc22a1bab60bc66108734deb15ac9579ee,1,1,52724023800,52724.023800000000
2024-04-01,71,1695003380,e20cd9377c204a27952f8b41075f0b8bd1ceec3d,1,1,44262372820,44262.372820000000
2024-04-01,72,1967726203,1281ef8ed356857b7fab7e1f85fc53efa99d5585,8,8,39255200000,39255.200000000000
2024-04-01,73,1994483581,2ea5fdb806138243d75484c2fd1a8de697ef3664,6,6,38878248951,38878.248951000000
2024-04-01,74,1770402788,73012eecbb5c07cac9d0c7ed207596556482a5e8,5,5,33709221404,33709.221404000000
2024-04-01,75,1663246624,cf5540fffcdc3d510b18bfca6d2b9987b0772559,1,1,27303036181,27303.036181000000
2024-04-01,76,1092095416,57d3a9c205da12cc8fae2887a7ba573127106209,2,2,20059092755,20059.092755000000
2024-04-01,77,1703836594,d3f5c377a8506af29aeafbc90d1e5c6534f197b4,41,41,19677009366,19677.009366000000
2024-04-01,78,1668098627,02e7b8511831b1b02d9018215a0f8f500ea5c6b3,8,8,19608137652,19608.137652000000
2024-04-01,79,1935876431,eb9c1dbd95dcf5190e6d31ba94f89593d48990be,2,2,19230769230,19230.769230000000
2024-04-01,80,1821330606,b5dc0a1c9fc1cf334e0d81d773638a277c2ead7d,1,1,15471300030,15471.300030000000
2024-04-01,81,1966047155,2334991f3c1ec09ef86cf0ca292d64eef08cefda,4,4,14694150000,14694.150000000000
2024-04-01,82,1964889328,08b14fdc11f45611e2835102744b6d10d64dd707,6,6,14041550000,14041.550000000000
2024-04-01,83,1949525650,63e988f4b30245f9f4ee898531e0be3fee20b170,2,2,13534459183,13534.459183000000
2024-04-01,84,1780434575,a9c0cded336699547aac4f9de5a11ada979bc59a,5,5,12840130000,12840.130000000000
2024-04-01,85,1364872031,1231deb6f5749ef6ce6943a275a1d3e7486f4eae,9,9,11643020052,11643.020052000000
2024-04-01,86,1976087764,29f2eebda7f58f6076dee46a1dcc662305e0a412,3,3,11281040000,11281.040000000000
2024-04-01,87,1871770960,5b8f8939a600a087c9884b425e95ed41b60b23a7,2,2,10569848786,10569.848786000000
2024-04-01,88,1742906964,5f515f6c524b18ca30f7783fb58dd4be2e9904ec,1,1,10000000000,10000.0000000000000000
2024-04-01,89,1042815271,fbb8776298d34f64950f45ac7ba943b45794c39b,1,1,10000000000,10000.0000000000000000
2024-04-01,90,1654963820,e00fe722e5be7ad45b1a16066e431e47df476cec,2,1,9995000000,9995.0000000000000000
2024-04-01,91,2001965717,08a62ec76bbd85a1cec8a275ce6e00989992e64d,1,1,9775394268,9775.3942680000000000
2024-04-01,92,1892129071,33c1b770f81b0858cc4c73abb7e1ab216bb33c0e,3,3,9714096313,9714.0963130000000000
2024-04-01,93,1499339893,471d69f435df6464f3c3e655093040d81926927c,11,11,9512490000,9512.4900000000000000
2024-04-01,94,1908299298,f4be98578cfdf8c2b9f411d023109194ab67b68d,1,1,9065827551,9065.8275510000000000
2024-04-01,95,1507268757,6b75d8af000000e20b7a7ddf000ba900b4009a80,1,1,8890792852,8890.7928520000000000
2024-04-01,96,1859148081,c7c2ac66eef2d1b829d0f6c7d1425f2909490e5c,1,1,8620968366,8620.9683660000000000
2024-04-01,97,546716445,22f9dcf4647084d6c31b2765f6910cd85c178c18,30,30,7375399629,7375.3996290000000000
2024-04-01,98,1734256459,9a47f3289794e9bbc6a3c571f6d96ad4e7baed16,6,6,7278103160,7278.1031600000000000
2024-04-01,99,645110817,ecb456ea5365865ebab8a2661b0c503410e9b347,3,3,7100771599,7100.7715990000000000
2024-04-01,100,1508166501,90b4508e8f91523e5c8854ea73afd8c22d8c27b7,3,3,7100771599,7100.7715990000000000
2024-05-01,1,1843987934,383e6b4437b59fff47b619cba855ca29342a8559,435,371,35351666892694,35351666.892694000000
2024-05-01,2,1843247582,a5588f7cdf560811710a2d82d3c9c99769db1dcb,166,156,29871162768595,29871162.768595000000
2024-05-01,3,881197687,9008d19f58aabd9ed0d60971565aa8510560ab41,88,84,20885967222003,20885967.222003000000
2024-05-01,4,1734350848,f0d4c12a5768d806021f80a262b4d39d26c58b8d,153,153,19765933439503,19765933.439503000000
2024-05-01,5,897164624,b1748c79709f4ba2dd82834b8c82d4a505003f27,7,7,16540683250763,16540683.250763000000
2024-05-01,6,1893386897,beef02e5e13584ab96848af90261f0c8ee04722a,55,19,15184862426242,15184862.426242000000
2024-05-01,7,1742888369,e37e799d5077682fa0a244d46e5649f71457bd09,212,202,10977935827470,10977935.827470000000
2024-05-01,8,1490507434,00000000009e50a7ddb7a7b0e2ee6604fd120e49,165,144,9871834138421,9871834.138421000000
2024-05-01,9,1844716471,bbbbbbbbbb9cc5e90e3b3af64bdaf62c37eeffcb,33,21,8252401072444,8252401.072444000000
2024-05-01,10,1973235910,4095f064b8d3c3548a3bebfd0bbfd04750e30077,8,8,7793255408357,7793255.408357000000
2024-05-01,11,1728729509,f081470f5c6fbccf48cc4e5b82dd926409dcdd67,46,44,5557208575434,5557208.575434000000
2024-05-01,12,1960104435,1576b2d7ef15a2ebe9c22c8765dd9c1efea8797b,26,26,5234537102829,5234537.102829000000
2024-05-01,13,1866760884,675d37489a7a64c051d0204e5c72a469f6558a47,25,25,5195547134563,5195547.134563000000
2024-05-01,14,1900373004,ef484de8c07b6e2d732a92b5f78e81b38f99f95e,50,49,5173872100552,5173872.100552000000
2024-05-01,15,1507268757,6b75d8af000000e20b7a7ddf000ba900b4009a80,46,46,4308649318105,4308649.318105000000
2024-05-01,16,1381791786,1111111254eeb25477b68fb85ed929f73a960582,33,33,4030068049907,4030068.049907000000
2024-05-01,17,1993558358,5036e6d1019bf07589574446c2b3f57b8feb895f,16,16,3841924552750,3841924.552750000000
2024-05-01,18,1986186108,08c6f91e2b681faf5e17227f2a44c307b3c1364c,9,9,3820480000000,3820480.000000000000
2024-05-01,19,1852340564,625e92624bc2d88619accc1788365a69767f6200,65,63,1785801234493,1785801.234493000000
2024-05-01,20,1948744133,a8376f53391a041c8236a232f7f019ea76eed86d,21,21,1653384886851,1653384.886851000000
2024-05-01,21,1298780168,24902aa0cf0000a08c0ea0b003b0c0bf600000e0,22,22,1555981713163,1555981.713163000000
2024-05-01,22,1946790021,d6982da59f1d26476e259559508f4135135cf9b8,67,66,1431249570384,1431249.570384000000
2024-05-01,23,893398926,def171fe48cf0115b1d80b88dc8eab59176fee57,48,42,1174344509121,1174344.509121000000
2024-05-01,24,1889321886,5ed5dd65ab0dc1bccc44eedaa40680c231faaa9f,6,6,1116121803237,1116121.803237000000
2024-05-01,25,1993547774,6a50353e2b7f2f96a7c5680c51b9f32565b04195,16,16,1092078782509,1092078.782509000000
2024-05-01,26,1293526256,0000000000a84d1a9b0063a910315c7ffa9cd248,24,24,742572570097,742572.570097000000
2024-05-01,27,1899839451,0c0d01abf3e6adfca0989ebba9d6e85dd58eab1e,33,32,689300187221,689300.187221000000
2024-05-01,28,1911778548,e07a16358aa878cbda2d49a88e5106871e0db307,2,2,668347327027,668347.327027000000
2024-05-01,29,1973175350,22a956c4755d8c4294b358dc346e74250e175622,18,18,619198388959,619198.388959000000
2024-05-01,30,1557385949,6a1fac6b3466e29421f70d6eaa91a0de0f627ea2,1,1,618328759082,618328.759082000000
2024-05-01,31,1758490243,97c1a26482099363cb055f0f3ca1d6057fe55447,3,3,523023969512,523023.969512000000
2024-05-01,32,1818512079,7d585b0e27bbb3d981b7757115ec11f47c476994,12,6,515183022785,515183.022785000000
2024-05-01,33,1809958908,dfebf09498249bfaf3690c12179c78774d7c5ad3,3,3,509004510000,509004.510000000000
2024-05-01,34,1796899608,38cd88d8763f79d104d4bf3eeae23b13ec762ef2,12,6,455288500000,455288.500000000000
2024-05-01,35,1890720681,3face0004bc1003b9d0672e7b23134cb80115fb6,13,13,415554206260,415554.206260000000
2024-05-01,36,1862811914,85d81ee851d36423a5784cd3cb6f1a1193cb5978,61,61,410577592092,410577.592092000000
2024-05-01,37,1530621807,f152abda9e4ce8b134ef22dc3c6ace19c4895d82,6,6,400062500000,400062.500000000000
2024-05-01,38,1754223178,64545160d28fd0e309277c02d6d73b3923cc4bfa,9,9,381646874156,381646.874156000000
2024-05-01,39,1862203346,ee9d9c3c61dc34c5c9738cc3f6df5702b73bd740,4,4,314000000000,314000.000000000000
2024-05-01,40,1742905584,8d8404f8cca4c8834ca3cab1e54887ae47724bee,4,4,303561000000,303561.000000000000
2024-05-01,41,1909973984,9e10f9fb6f0d32b350cee2618662243d4f24c64a,14,14,266835831309,266835.831309000000
2024-05-01,42,1860171395,44ac1031d245d965fe5f016da9ba643cd79f95f3,2,2,250055020400,250055.020400000000
2024-05-01,43,1859153220,c060844ae4af50c40871fb71fdc2226e3dee4822,9,9,227413594595,227413.594595000000
2024-05-01,44,1723592854,13394005c1012e708fce1eb974f1130fdc73a5ce,178,178,183288685556,183288.685556000000
2024-05-01,45,1899934735,111111125421ca6dc452d289314280a0f8842a65,10,10,182175178888,182175.178888000000
2024-05-01,46,598100352,ecded8b1c603cf21299835f1dfbe37f10f2a29af,2,2,162842439283,162842.439283000000
2024-05-01,47,2001718448,4ee9775db5c1e73ea170678c109ef079b2ad4811,3,3,161567740692,161567.740692000000
2024-05-01,48,616036061,74de5d4fcbf63e00296fd95d33236b9794016631,212,212,161121491509,161121.491509000000
2024-05-01,49,1742906964,5f515f6c524b18ca30f7783fb58dd4be2e9904ec,4,3,119425386714,119425.386714000000
2024-05-01,50,1949463992,8b1a87076077ede7932d44d8462518ca6feb5c98,1,1,101720513585,101720.513585000000
2024-05-01,51,243240055,5e2289f8ee186bcf5ed0063493257259eb0fe66b,1,1,101307825306,101307.825306000000
2024-05-01,52,145203853,23c0954c4b997c58a1544717de90c8e174ea194c,2,2,89987956070,89987.956070000000
2024-05-01,53,1703836594,d3f5c377a8506af29aeafbc90d1e5c6534f197b4,104,104,86509687768,86509.687768000000
2024-05-01,54,1901003526,948589d850721ec78bdcb8359dd4a8e16feb0f31,1,1,83059946538,83059.946538000000
2024-05-01,55,1608787768,ad3b67bca8935cb510c8d18bd45f0b94f54a968f,9,9,81208415639,81208.415639000000
2024-05-01,56,1723049279,857110b5f8efd66cc3762abb935315630ac770b5,16,16,76015806530,76015.806530000000
2024-05-01,57,867588846,4a14347083b80e5216ca31350a2d21702ac3650d,88,88,74794453700,74794.453700000000
2024-05-01,58,1668023299,adc0a53095a0af87f3aa29fe0715b5c28016364e,3,3,71059031069,71059.031069000000
2024-05-01,59,1829943937,a6381631e0634e97e23a80a3c57f9582aa959e16,4,3,69300237754,69300.237754000000
2024-05-01,60,1713798436,61fa2c947e523f9abfb8d7e2903a5d5218c119a7,29,29,62356604130,62356.604130000000
2024-05-01,61,1859064702,004b8414137c1f56709d1850982e3e5e639a6f82,24,24,61333435975,61333.435975000000
2024-05-01,62,1949560848,d34f59e172cf3915f56c96a3037ac554a7399d77,4,3,54149651756,54149.651756000000
2024-05-01,63,1859148081,c7c2ac66eef2d1b829d0f6c7d1425f2909490e5c,5,5,53082557309,53082.557309000000
2024-05-01,64,2021323406,2e7111ef34d39b36ec84c656b947ca746e495ff6,1,1,50000000000,50000.000000000000
2024-05-01,65,1949562521,85105b7e11c442ca6ff6b4d90d7a439f68376ac4,2,1,48131057833,48131.057833000000
2024-05-01,66,1967726203,1281ef8ed356857b7fab7e1f85fc53efa99d5585,11,11,45566460000,45566.460000000000
2024-05-01,67,1836498420,5cc9400ffb4da168cf271e912f589462c3a00d1f,5,5,44400551123,44400.551123000000
2024-05-01,68,1898867659,8ce45e650ab17b6ca0dd6071f7c2b5c69b5b42b2,4,4,43916581534,43916.581534000000
2024-05-01,69,538514297,6d419054670c947f02a3375473b4952a43e6b9ce,1,1,40550800603,40550.800603000000
2024-05-01,70,2020598735,ecd7eef15713997528896cb5db7ec316db4c2101,6,6,39800000000,39800.000000000000
2024-05-01,71,1877092423,9857a929f9317c593739968f00117204f536dfd6,1,1,38989968266,38989.968266000000
2024-05-01,72,1859146355,2927c7279d6316971606aa02fec529021b30dfac,4,4,37658489581,37658.489581000000
2024-05-01,73,1967811305,b86f32b648f4a17fc7c67bf29735c20c566e5a0c,3,3,33901876981,33901.876981000000
2024-05-01,74,1976087764,29f2eebda7f58f6076dee46a1dcc662305e0a412,10,10,33205320000,33205.320000000000
2024-05-01,75,546716445,22f9dcf4647084d6c31b2765f6910cd85c178c18,72,70,33176514813,33176.514813000000
2024-05-01,76,2023511345,076379f5407d90d31178f3eefcc07dc35eaefd79,9,9,32299388745,32299.388745000000
2024-05-01,77,1908299298,f4be98578cfdf8c2b9f411d023109194ab67b68d,3,3,31834296234,31834.296234000000
2024-05-01,78,1751877668,8761e0370f94f68db8eaa731f4fc581f6ad0bd68,14,9,26826322542,26826.322542000000
2024-05-01,79,1438093425,a88800cd213da5ae406ce248380802bd53b47647,1,1,26190729521,26190.729521000000
2024-05-01,80,1636575522,69460570c93f9de5e2edbc3052bf10125f0ca22d,17,15,21346304860,21346.304860000000
2024-05-01,81,1226284595,b188b1cb84fb0ba13cb9ee1292769f903a9fec59,1,1,20844298651,20844.298651000000
2024-05-01,82,780095558,ba12222222228d8ba445958a75a0704d566bf2c8,2,2,20513522900,20513.522900000000
2024-05-01,83,1780434575,a9c0cded336699547aac4f9de5a11ada979bc59a,8,8,20400370103,20400.370103000000
2024-05-01,84,1364872031,1231deb6f5749ef6ce6943a275a1d3e7486f4eae,20,15,20349154173,20349.154173000000
2024-05-01,85,1499339893,471d69f435df6464f3c3e655093040d81926927c,21,21,20242195545,20242.195545000000
2024-05-01,86,1994560235,7e3de19f01cca63953355126ca3b2071968b8d59,15,14,19996937562,19996.937562000000
2024-05-01,87,1946073357,000000000000232e765d898b5f1b189b5c993f05,1,1,18854247543,18854.247543000000
2024-05-01,88,712532713,e656b33e4306908a1752787ffcaf16ef13a200a6,7,7,17400000000,17400.000000000000
2024-05-01,89,2032628249,3a76efadb580b0ce643bd981ed68653be5391699,3,3,16897970000,16897.970000000000
2024-05-01,90,715265558,519f7709577c94999e4c7cfacb539cacb9edb7b8,2,2,16282718082,16282.718082000000
2024-05-01,91,1668259697,562f019e21eff3dba7401a569fdc7676abfa4bc6,2,2,16000489881,16000.489881000000
2024-05-01,92,1668098627,02e7b8511831b1b02d9018215a0f8f500ea5c6b3,5,5,15848170789,15848.170789000000
2024-05-01,93,1526126162,2f2dd99235cb728fc79af575f1325eaa270f0c99,8,7,15643140000,15643.140000000000
2024-05-01,94,1944541657,5dda1dad9f282369521813e7313947c0eca33420,1,1,15385144391,15385.144391000000
2024-05-01,95,1786687062,286774e88f83a6829ad2e8c36114e06aaf7dcf3e,1,1,15291486999,15291.486999000000
2024-05-01,96,840272948,e66b31678d6c16e9ebf358268a790b763c133750,7,7,15269620738,15269.620738000000
2024-05-01,97,1587123400,a7ca2c8673bcfa5a26d8ceec2887f2cc2b0db22a,11,11,14462242729,14462.242729000000
2024-05-01,98,1971541302,09f7e8515bb5587812a8783a9ff3b3847fe04755,1,1,14384635401,14384.635401000000
2024-05-01,99,1967980412,1137a00796c9f048027ec440d5939c1726a4d7d0,4,4,14366489850,14366.489850000000
2024-05-01,100,1720313142,6980a47bee930a4584b09ee79ebe46484fbdbdd0,1,1,13418998256,13418.998256000000
2024-06-01,1,1843987934,383e6b4437b59fff47b619cba855ca29342a8559,438,385,40801572453307,40801572.453307000000
2024-06-01,2,1843247582,a5588f7cdf560811710a2d82d3c9c99769db1dcb,155,149,33001031740296,33001031.740296000000
2024-06-01,3,1844716471,bbbbbbbbbb9cc5e90e3b3af64bdaf62c37eeffcb,80,36,16519858399990,16519858.399990000000
2024-06-01,4,1734350848,f0d4c12a5768d806021f80a262b4d39d26c58b8d,101,101,14093223523175,14093223.523175000000
2024-06-01,5,1742888369,e37e799d5077682fa0a244d46e5649f71457bd09,190,185,12941710727612,12941710.727612000000
2024-06-01,6,1507268757,6b75d8af000000e20b7a7ddf000ba900b4009a80,72,67,10792767424922,10792767.424922000000
2024-06-01,7,1893386897,beef02e5e13584ab96848af90261f0c8ee04722a,97,36,9528358409990,9528358.409990000000
2024-06-01,8,2044150452,3e33c1e80cf8fd074da6eb408f2059c2a9900c03,5,4,7250001000000,7250001.000000000000
2024-06-01,9,1490507434,00000000009e50a7ddb7a7b0e2ee6604fd120e49,108,106,7006665702261,7006665.702261000000
2024-06-01,10,1852340564,625e92624bc2d88619accc1788365a69767f6200,134,132,6213820608933,6213820.608933000000
2024-06-01,11,1809958908,dfebf09498249bfaf3690c12179c78774d7c5ad3,3,3,5249997000000,5249997.000000000000
2024-06-01,12,1920382040,56c526b0159a258887e0d79ec3a80dfb940d0cd7,3,3,5004108385637,5004108.385637000000
2024-06-01,13,1993558358,5036e6d1019bf07589574446c2b3f57b8feb895f,5,5,4638692368147,4638692.368147000000
2024-06-01,14,1986186108,08c6f91e2b681faf5e17227f2a44c307b3c1364c,2,2,4624864000000,4624864.000000000000
2024-06-01,15,1381791786,1111111254eeb25477b68fb85ed929f73a960582,58,58,4495031320375,4495031.320375000000
2024-06-01,16,881197687,9008d19f58aabd9ed0d60971565aa8510560ab41,77,77,4044950657118,4044950.657118000000
2024-06-01,17,1809613945,100ae042ef0ea159ecc3513e9a378ff21f3829ba,4,4,3845316826672,3845316.826672000000
2024-06-01,18,1809710770,f394287268a530968b8769c84f890a3cb9034790,3,3,3841271416060,3841271.416060000000
2024-06-01,19,1960104435,1576b2d7ef15a2ebe9c22c8765dd9c1efea8797b,24,24,3252777792570,3252777.792570000000
2024-06-01,20,1900373004,ef484de8c07b6e2d732a92b5f78e81b38f99f95e,36,36,2805695657793,2805695.657793000000
2024-06-01,21,1766050915,b2f72662ed42067ccce278f8462a0215b6adcabb,28,25,2703075373316,2703075.373316000000
2024-06-01,22,1993547774,6a50353e2b7f2f96a7c5680c51b9f32565b04195,15,15,2393241421056,2393241.421056000000
2024-06-01,23,1293526256,0000000000a84d1a9b0063a910315c7ffa9cd248,31,24,1923464665713,1923464.665713000000
2024-06-01,24,1298780168,24902aa0cf0000a08c0ea0b003b0c0bf600000e0,15,15,1882746283351,1882746.283351000000
2024-06-01,25,1859146355,2927c7279d6316971606aa02fec529021b30dfac,3,3,1812192993011,1812192.993011000000
2024-06-01,26,1436507141,000b30cccc05f85c45349a6f462c681542c0afe4,1,1,1806505272862,1806505.272862000000
2024-06-01,27,893398926,def171fe48cf0115b1d80b88dc8eab59176fee57,68,47,1745475947633,1745475.947633000000
2024-06-01,28,1728729509,f081470f5c6fbccf48cc4e5b82dd926409dcdd67,40,35,1515932660728,1515932.660728000000
2024-06-01,29,1866760884,675d37489a7a64c051d0204e5c72a469f6558a47,30,28,1213762481047,1213762.481047000000
2024-06-01,30,2020598735,ecd7eef15713997528896cb5db7ec316db4c2101,35,35,1177058116315,1177058.116315000000
2024-06-01,31,1899839451,0c0d01abf3e6adfca0989ebba9d6e85dd58eab1e,35,35,974429368399,974429.368399000000
2024-06-01,32,2055245245,9c27145a914007b20f9e84bd9a79782fee7e91df,3,2,900221869551,900221.869551000000
2024-06-01,33,1703836594,d3f5c377a8506af29aeafbc90d1e5c6534f197b4,144,142,661412623191,661412.623191000000
2024-06-01,34,2000514856,b4b50bfa4c4c90dd25a4cbe695f8124d24ac6474,4,4,609515360805,609515.360805000000
2024-06-01,35,1898867659,8ce45e650ab17b6ca0dd6071f7c2b5c69b5b42b2,6,6,551911309956,551911.309956000000
2024-06-01,36,1966998019,5dbc88f5d1a73959d8ba162fedd1108f19ae1744,2,2,501025006243,501025.006243000000
2024-06-01,37,2002652117,d5d10a1e6127e1a1da975d8070813fe58752a350,2,2,370652745975,370652.745975000000
2024-06-01,38,2046320383,dd2e0d86a45e4ef9bd490c2809e6405720cc357c,103,103,348093733331,348093.733331000000
2024-06-01,39,1751877668,8761e0370f94f68db8eaa731f4fc581f6ad0bd68,33,21,322755852464,322755.852464000000
2024-06-01,40,780095558,ba12222222228d8ba445958a75a0704d566bf2c8,10,10,311123898516,311123.898516000000
2024-06-01,41,1964733324,0a5ea26fdd38cf2acb06dc64198374c337879dab,2,2,300000000000,300000.000000000000
2024-06-01,42,1899934735,111111125421ca6dc452d289314280a0f8842a65,9,9,222828708265,222828.708265000000
2024-06-01,43,867588846,4a14347083b80e5216ca31350a2d21702ac3650d,109,109,216775213269,216775.213269000000
2024-06-01,44,616036061,74de5d4fcbf63e00296fd95d33236b9794016631,234,234,200770636949,200770.636949000000
2024-06-01,45,1860171395,44ac1031d245d965fe5f016da9ba643cd79f95f3,1,1,200000010000,200000.010000000000
2024-06-01,46,1862203346,ee9d9c3c61dc34c5c9738cc3f6df5702b73bd740,3,3,188605171532,188605.171532000000
2024-06-01,47,598100352,ecded8b1c603cf21299835f1dfbe37f10f2a29af,2,2,150000000000,150000.000000000000
2024-06-01,48,1862811914,85d81ee851d36423a5784cd3cb6f1a1193cb5978,54,54,143285535145,143285.535145000000
2024-06-01,49,1911778548,e07a16358aa878cbda2d49a88e5106871e0db307,2,2,138843718926,138843.718926000000
2024-06-01,50,1557385949,6a1fac6b3466e29421f70d6eaa91a0de0f627ea2,1,1,133979664849,133979.664849000000
2024-06-01,51,1689899032,f313d711d71eb9a607b4a61a827a9e32a7846621,66,66,126630577152,126630.577152000000
2024-06-01,52,1973235910,4095f064b8d3c3548a3bebfd0bbfd04750e30077,5,4,113377501533,113377.501533000000
2024-06-01,53,1668098627,02e7b8511831b1b02d9018215a0f8f500ea5c6b3,4,4,112476618301,112476.618301000000
2024-06-01,54,2054943978,6a000f20005980200259b80c5102003040001068,3,3,111604344065,111604.344065000000
2024-06-01,55,1796899608,38cd88d8763f79d104d4bf3eeae23b13ec762ef2,2,2,110105171532,110105.171532000000
2024-06-01,56,1131071572,9d5df30f475cea915b1ed4c0cca59255c897b61b,1,1,104989648944,104989.648944000000
2024-06-01,57,1818512079,7d585b0e27bbb3d981b7757115ec11f47c476994,9,9,100877003341,100877.003341000000
2024-06-01,58,2015829863,dc9c2e95811b183752a1c5893182904d4fa7e781,6,6,99524702995,99524.702995000000
2024-06-01,59,2032628249,3a76efadb580b0ce643bd981ed68653be5391699,11,11,96995460000,96995.460000000000
2024-06-01,60,1723592854,13394005c1012e708fce1eb974f1130fdc73a5ce,73,73,82662621353,82662.621353000000
2024-06-01,61,2020978733,d5e74de4385ef0eb1bb4db05a6a504f04d92e79d,5,5,74129183810,74129.183810000000
2024-06-01,62,1809658138,367c42a6f261ec54ffbecf5f41c226be12a3dca0,2,2,70325416060,70325.416060000000
2024-06-01,63,2043144795,a41d7e8119408a89429c326a377b09afe9148197,1,1,70135416060,70135.416060000000
2024-06-01,64,1168079369,3ff62985913f76b71410752ad609769a809578be,20,20,61144414788,61144.414788000000
2024-06-01,65,1780434575,a9c0cded336699547aac4f9de5a11ada979bc59a,2,2,58132794903,58132.794903000000
2024-06-01,66,1586252096,3fc91a3afd70395cd496c647d5a6cc9d4b2b7fad,68,61,57073487352,57073.487352000000
2024-06-01,67,1668023299,adc0a53095a0af87f3aa29fe0715b5c28016364e,3,3,51320695894,51320.695894000000
2024-06-01,68,1859064702,004b8414137c1f56709d1850982e3e5e639a6f82,16,16,43796836571,43796.836571000000
2024-06-01,69,1946790021,d6982da59f1d26476e259559508f4135135cf9b8,7,7,43576087601,43576.087601000000
2024-06-01,70,1742905584,8d8404f8cca4c8834ca3cab1e54887ae47724bee,3,3,41958194421,41958.194421000000
2024-06-01,71,1966320127,e08d97e151473a848c3d9ca3f323cb720472d015,2,1,41463275179,41463.275179000000
2024-06-01,72,2047182939,28104d4f703ee5b5011cefe106f54efd56f33f95,1,1,41219629031,41219.629031000000
2024-06-01,73,538514297,6d419054670c947f02a3375473b4952a43e6b9ce,1,1,40306107905,40306.107905000000
2024-06-01,74,1859153220,c060844ae4af50c40871fb71fdc2226e3dee4822,13,13,35557752872,35557.752872000000
2024-06-01,75,1944541657,5dda1dad9f282369521813e7313947c0eca33420,4,4,35486599183,35486.599183000000
2024-06-01,76,2010788543,fb00001b342d0093370d0036634600cb4ce68d00,1,1,34841169574,34841.169574000000
2024-06-01,77,1608787768,ad3b67bca8935cb510c8d18bd45f0b94f54a968f,3,3,33933314709,33933.314709000000
2024-06-01,78,546716445,22f9dcf4647084d6c31b2765f6910cd85c178c18,70,70,33865928419,33865.928419000000
2024-06-01,79,1909973984,9e10f9fb6f0d32b350cee2618662243d4f24c64a,9,9,32849968569,32849.968569000000
2024-06-01,80,1742906964,5f515f6c524b18ca30f7783fb58dd4be2e9904ec,2,2,32422741113,32422.741113000000
2024-06-01,81,1723049279,857110b5f8efd66cc3762abb935315630ac770b5,6,6,27772311571,27772.311571000000
2024-06-01,82,1113847572,663dc15d3c1ac63ff12e45ab68fea3f0a883c251,48,48,25859767234,25859.767234000000
2024-06-01,83,2020495803,ce8b947864eb26c2d8a3820cda1355cfbf8470e5,8,8,24986560000,24986.560000000000
2024-06-01,84,1306133598,073be86d6cf0a64acf4a67e302d021a2dd4bba02,1,1,23888717779,23888.717779000000
2024-06-01,85,1890720681,3face0004bc1003b9d0672e7b23134cb80115fb6,3,3,21133310500,21133.310500000000
2024-06-01,86,1364872031,1231deb6f5749ef6ce6943a275a1d3e7486f4eae,11,10,19202310999,19202.310999000000
2024-06-01,87,1994560235,7e3de19f01cca63953355126ca3b2071968b8d59,3,3,19070138766,19070.138766000000
2024-06-01,88,1964765992,b441dea845a1a03a3e7aee81c03662fd9a1b6fda,2,2,17872586433,17872.586433000000
2024-06-01,89,1713798436,61fa2c947e523f9abfb8d7e2903a5d5218c119a7,10,10,17456019031,17456.019031000000
2024-06-01,90,1964797774,19b2d250b98c302ef8c12378b5216736fa952975,9,9,16318710000,16318.710000000000
2024-06-01,91,1859148081,c7c2ac66eef2d1b829d0f6c7d1425f2909490e5c,6,6,15951217364,15951.217364000000
2024-06-01,92,715265558,519f7709577c94999e4c7cfacb539cacb9edb7b8,1,1,14996008317,14996.008317000000
2024-06-01,93,1754223178,64545160d28fd0e309277c02d6d73b3923cc4bfa,2,2,14377676806,14377.676806000000
2024-06-01,94,1526126162,2f2dd99235cb728fc79af575f1325eaa270f0c99,12,12,13777330000,13777.330000000000
2024-06-01,95,1908299298,f4be98578cfdf8c2b9f411d023109194ab67b68d,5,5,13552154559,13552.154559000000
2024-06-01,96,1836498420,5cc9400ffb4da168cf271e912f589462c3a00d1f,1,1,12459122614,12459.122614000000
2024-06-01,97,1636575522,69460570c93f9de5e2edbc3052bf10125f0ca22d,13,13,11921454690,11921.454690000000
2024-06-01,98,1874320729,d129d8c12f0e7aa51157d9e6cc3f7ece2dc84ecd,1,1,10118095219,10118.095219000000
2024-06-01,99,1745351073,00000000063e0e1e06a0fe61e16be8bdec1bea31,1,1,10089912390,10089.9123900000000000
2024-06-01,100,1660026498,00000000ede6d8d217c60f93191c060747324bca,1,1,10089912390,10089.9123900000000000
2024-07-01,1,1809613945,100ae042ef0ea159ecc3513e9a378ff21f3829ba,10,10,65987687032364,65987687.032364000000
2024-07-01,2,1809710770,f394287268a530968b8769c84f890a3cb9034790,9,9,65980151000000,65980151.000000000000
2024-07-01,3,1843987934,383e6b4437b59fff47b619cba855ca29342a8559,412,402,61566257329348,61566257.329348000000
2024-07-01,4,1810097843,dbbab155df620ba681b91a1c23822ac5426074f0,8,8,43700067000000,43700067.000000000000
2024-07-01,5,1766050915,b2f72662ed42067ccce278f8462a0215b6adcabb,64,59,19030967243042,19030967.243042000000
2024-07-01,6,1745593842,00589aebfcc0f139d585721a66d01c4fb25a6a1e,2,2,17000000000000,17000000.000000000000
2024-07-01,7,1899839451,0c0d01abf3e6adfca0989ebba9d6e85dd58eab1e,57,56,15143602979555,15143602.979555000000
2024-07-01,8,1809730810,baf3046279c5a2d02abf0a105984460a9f4f2bfe,2,2,14857702752285,14857702.752285000000
2024-07-01,9,981434510,756d64dc5edb56740fc617628dc832ddbcfd373c,2,2,14857702752285,14857702.752285000000
2024-07-01,10,897164624,b1748c79709f4ba2dd82834b8c82d4a505003f27,4,4,14689771574512,14689771.574512000000
2024-07-01,11,1742888369,e37e799d5077682fa0a244d46e5649f71457bd09,215,208,13748421648285,13748421.648285000000
2024-07-01,12,893398926,def171fe48cf0115b1d80b88dc8eab59176fee57,109,99,13640923604684,13640923.604684000000
2024-07-01,13,1843247582,a5588f7cdf560811710a2d82d3c9c99769db1dcb,190,182,10833670530053,10833670.530053000000
2024-07-01,14,1951745289,1bad8d90b5ce307215f851a047044a731d796bcd,22,22,10279009352982,10279009.352982000000
2024-07-01,15,1809658138,367c42a6f261ec54ffbecf5f41c226be12a3dca0,4,4,9700011000000,9700011.000000000000
2024-07-01,16,1844716471,bbbbbbbbbb9cc5e90e3b3af64bdaf62c37eeffcb,166,80,8752558084454,8752558.084454000000
2024-07-01,17,1851117417,9390e7d8d72a5f5d280d63ad35aff943cc98b01a,31,31,7299921000000,7299921.000000000000
2024-07-01,18,1893386897,beef02e5e13584ab96848af90261f0c8ee04722a,205,79,6004655145612,6004655.145612000000
2024-07-01,19,881197687,9008d19f58aabd9ed0d60971565aa8510560ab41,92,89,5048390579232,5048390.579232000000
2024-07-01,20,2100310027,8ce3c66b4663090980f6ca05ae3bc390d74731e9,6,4,4200398422080,4200398.422080000000
2024-07-01,21,1734350848,f0d4c12a5768d806021f80a262b4d39d26c58b8d,35,35,3516220361780,3516220.361780000000
2024-07-01,22,1490507434,00000000009e50a7ddb7a7b0e2ee6604fd120e49,144,142,3294651923105,3294651.923105000000
2024-07-01,23,1899934735,111111125421ca6dc452d289314280a0f8842a65,25,25,3077352017585,3077352.017585000000
2024-07-01,24,2088341827,16c6521dff6bab339122a0fe25a9116693265353,77,76,3025720317809,3025720.317809000000
2024-07-01,25,2055245245,9c27145a914007b20f9e84bd9a79782fee7e91df,6,4,2939222741005,2939222.741005000000
2024-07-01,26,1809958908,dfebf09498249bfaf3690c12179c78774d7c5ad3,7,7,2869438353404,2869438.353404000000
2024-07-01,27,2020598735,ecd7eef15713997528896cb5db7ec316db4c2101,42,42,2664289610060,2664289.610060000000
2024-07-01,28,598100352,ecded8b1c603cf21299835f1dfbe37f10f2a29af,48,48,2563375042697,2563375.042697000000
2024-07-01,29,1971541302,09f7e8515bb5587812a8783a9ff3b3847fe04755,2,2,2517512928172,2517512.928172000000
2024-07-01,30,1852340564,625e92624bc2d88619accc1788365a69767f6200,102,100,2245611356335,2245611.356335000000
2024-07-01,31,2080679857,a9048585166f4f7c4589ade19567bb538035ed36,15,15,2151508257265,2151508.257265000000
2024-07-01,32,1908299298,f4be98578cfdf8c2b9f411d023109194ab67b68d,1,1,2067764513302,2067764.513302000000
2024-07-01,33,1908319891,67798813e393c6cbabec1c4c3af940987e1c6d50,1,1,2067764513302,2067764.513302000000
2024-07-01,34,1908164069,27420f75ffc24caba14b5eab06e4e4a8afaac26e,2,1,2067764513302,2067764.513302000000
2024-07-01,35,1751877668,8761e0370f94f68db8eaa731f4fc581f6ad0bd68,35,34,2025505348360,2025505.348360000000
2024-07-01,36,1900373004,ef484de8c07b6e2d732a92b5f78e81b38f99f95e,47,47,1752479221208,1752479.221208000000
2024-07-01,37,1526653652,504ebda83b9ef0b846c2f4c439ac091209e80e64,1,1,1533218403111,1533218.403111000000
2024-07-01,38,1989089700,182dbccd5b62686b59dd397b8c57fb00daf82ef5,3,2,1530700355593,1530700.355593000000
2024-07-01,39,1507268757,6b75d8af000000e20b7a7ddf000ba900b4009a80,26,23,1511931838062,1511931.838062000000
2024-07-01,40,2020978733,d5e74de4385ef0eb1bb4db05a6a504f04d92e79d,9,9,1235021600038,1235021.600038000000
2024-07-01,41,1964518323,a642bfdd7a4ec54fcd6f3ad6547209335c89b5aa,1,1,1073781760000,1073781.760000000000
2024-07-01,42,1960104435,1576b2d7ef15a2ebe9c22c8765dd9c1efea8797b,6,6,939264820616,939264.820616000000
2024-07-01,43,2062079110,6482e8fb42130b3cce53096bb035ebe79435e2d4,1,1,562494375000,562494.375000000000
2024-07-01,44,1742905584,8d8404f8cca4c8834ca3cab1e54887ae47724bee,5,4,527580795177,527580.795177000000
2024-07-01,45,1703836594,d3f5c377a8506af29aeafbc90d1e5c6534f197b4,98,98,504281477423,504281.477423000000
2024-07-01,46,867588846,4a14347083b80e5216ca31350a2d21702ac3650d,157,157,456516561100,456516.561100000000
2024-07-01,47,1866760884,675d37489a7a64c051d0204e5c72a469f6558a47,12,11,454923760500,454923.760500000000
2024-07-01,48,2055568391,5f0000d4780a00d2dce0a00004000800cb0e5041,9,9,403760433464,403760.433464000000
2024-07-01,49,1973235910,4095f064b8d3c3548a3bebfd0bbfd04750e30077,18,17,392376858508,392376.858508000000
2024-07-01,50,1293526256,0000000000a84d1a9b0063a910315c7ffa9cd248,20,19,309119998298,309119.998298000000
2024-07-01,51,1381791786,1111111254eeb25477b68fb85ed929f73a960582,37,37,284419306912,284419.306912000000
2024-07-01,52,2046320383,dd2e0d86a45e4ef9bd490c2809e6405720cc357c,112,112,264122728215,264122.728215000000
2024-07-01,53,1723592854,13394005c1012e708fce1eb974f1130fdc73a5ce,261,260,258929299417,258929.299417000000
2024-07-01,54,1993547774,6a50353e2b7f2f96a7c5680c51b9f32565b04195,3,3,252470933504,252470.933504000000
2024-07-01,55,1818512079,7d585b0e27bbb3d981b7757115ec11f47c476994,5,1,243060968785,243060.968785000000
2024-07-01,56,1911778548,e07a16358aa878cbda2d49a88e5106871e0db307,3,3,242851611601,242851.611601000000
2024-07-01,57,1183034645,cc2ca22aaefe22a0144a0260731a40a725affff0,2,2,229913388294,229913.388294000000
2024-07-01,58,1909973984,9e10f9fb6f0d32b350cee2618662243d4f24c64a,18,18,215709746317,215709.746317000000
2024-07-01,59,1728729509,f081470f5c6fbccf48cc4e5b82dd926409dcdd67,9,8,214161570312,214161.570312000000
2024-07-01,60,2075330537,2593154f192f46f65a4a0315a5d77556d5d3d264,1,1,208207739612,208207.739612000000
2024-07-01,61,1958487937,c2b92b6c69e5c3b6b29385c1a17fee906e0ca910,2,1,199572438842,199572.438842000000
2024-07-01,62,1758490243,97c1a26482099363cb055f0f3ca1d6057fe55447,2,2,188149078013,188149.078013000000
2024-07-01,63,1754223178,64545160d28fd0e309277c02d6d73b3923cc4bfa,4,4,187826248604,187826.248604000000
2024-07-01,64,1158000867,8d2783e32bfa9da490427045911206179aae0fbc,1,1,179953779000,179953.779000000000
2024-07-01,65,616036061,74de5d4fcbf63e00296fd95d33236b9794016631,263,263,176439958463,176439.958463000000
2024-07-01,66,2047182939,28104d4f703ee5b5011cefe106f54efd56f33f95,8,6,161564874590,161564.874590000000
2024-07-01,67,1298780168,24902aa0cf0000a08c0ea0b003b0c0bf600000e0,7,7,156166495931,156166.495931000000
2024-07-01,68,1860171395,44ac1031d245d965fe5f016da9ba643cd79f95f3,1,1,156000000000,156000.000000000000
2024-07-01,69,2021291707,3bc1588f8d987c9ed07b3796aa50ccbf10514326,1,1,134719214025,134719.214025000000
2024-07-01,70,1668098627,02e7b8511831b1b02d9018215a0f8f500ea5c6b3,17,17,112939783336,112939.783336000000
2024-07-01,71,2017194351,8fc150007aa3803c6f70629786f5848e337c7e20,3,2,110676546861,110676.546861000000
2024-07-01,72,1963072620,dc450ac6cb72b62460c7120eddb7fd5b3f6c6688,1,1,102080012565,102080.012565000000
2024-07-01,73,1715474201,78f8bd884c3d738b74b420540659c82f392820e0,1,1,100087871072,100087.871072000000
2024-07-01,74,1949525650,63e988f4b30245f9f4ee898531e0be3fee20b170,1,1,99536753873,99536.753873000000
2024-07-01,75,2032628249,3a76efadb580b0ce643bd981ed68653be5391699,8,8,94631320000,94631.320000000000
2024-07-01,76,1016215484,7e768f35e52aae47fea86d1ea7ad05ee263c62ec,2,2,83289830534,83289.830534000000
2024-07-01,77,1281244801,6ee6d00a21cfc60c48fab87214418f37d8dcddd5,2,2,76892453343,76892.453343000000
2024-07-01,78,2112222254,07e594aa718bb872b526e93eed830a8d2a6a1071,1,1,74985630848,74985.630848000000
2024-07-01,79,2106713580,e6b1de575e7e610889ea21024834e120f92033a3,6,5,73463858597,73463.858597000000
2024-07-01,80,1859153220,c060844ae4af50c40871fb71fdc2226e3dee4822,2,2,70449827227,70449.827227000000
2024-07-01,81,1946790021,d6982da59f1d26476e259559508f4135135cf9b8,13,13,59196169890,59196.169890000000
2024-07-01,82,2057696270,88470174477d5ffa56758162781f96a85c62cdb8,1,1,50027277547,50027.277547000000
2024-07-01,83,546716445,22f9dcf4647084d6c31b2765f6910cd85c178c18,96,96,49352541998,49352.541998000000
2024-07-01,84,1821671758,f8d390f23b06d420daa629d3b6a9a24bd27c1ef3,8,8,45600601181,45600.601181000000
2024-07-01,85,1526126162,2f2dd99235cb728fc79af575f1325eaa270f0c99,19,19,38613634970,38613.634970000000
2024-07-01,86,1898867659,8ce45e650ab17b6ca0dd6071f7c2b5c69b5b42b2,2,2,36470705833,36470.705833000000
2024-07-01,87,1663246624,cf5540fffcdc3d510b18bfca6d2b9987b0772559,3,3,35106550992,35106.550992000000
2024-07-01,88,1742906964,5f515f6c524b18ca30f7783fb58dd4be2e9904ec,1,1,35000000000,35000.000000000000
2024-07-01,89,2068491642,0f4a1d7fdf4890be35e71f3e0bbc4a0ec377eca3,2,2,35000000000,35000.000000000000
2024-07-01,90,2064748630,eea2f31dc2b624c691d4c37f96bbc606c7b2cdec,2,2,34626926616,34626.926616000000
2024-07-01,91,1865910293,ee0ea80525bcec175bb4df71c7424ace92910931,1,1,34320946676,34320.946676000000
2024-07-01,92,1949482770,c351e45db65d68585e180795537563d33b3716e7,2,2,33766887432,33766.887432000000
2024-07-01,93,1812958409,22ce84a7f86662b78e49c6ec9e51d60fdde7b70a,12,12,32478429110,32478.429110000000
2024-07-01,94,2006374223,608b156f93eee38e068a15c89e60f0e45eb71d23,2,1,31584316394,31584.316394000000
2024-07-01,95,2054943978,6a000f20005980200259b80c5102003040001068,5,4,30583137135,30583.137135000000
2024-07-01,96,1321009916,5b9effdcbd65946f2b143725dc244563248aa4ee,1,1,29998926621,29998.926621000000
2024-07-01,97,1780434575,a9c0cded336699547aac4f9de5a11ada979bc59a,3,3,26156988447,26156.988447000000
2024-07-01,98,659150445,df7d0d3d199706f5b937d6763174a2c73fa75b00,1,1,24552202653,24552.202653000000
2024-07-01,99,1364872031,1231deb6f5749ef6ce6943a275a1d3e7486f4eae,18,14,22787490000,22787.490000000000
2024-07-01,100,1608787768,ad3b67bca8935cb510c8d18bd45f0b94f54a968f,1,1,19985665683,19985.665683000000
2024-08-01,1,1843987934,383e6b4437b59fff47b619cba855ca29342a8559,417,408,47591437888580,47591437.888580000000
2024-08-01,2,1742888369,e37e799d5077682fa0a244d46e5649f71457bd09,339,332,30297441648316,30297441.648316000000
2024-08-01,3,1844716471,bbbbbbbbbb9cc5e90e3b3af64bdaf62c37eeffcb,70,33,12815375975602,12815375.975602000000
2024-08-01,4,1745593842,00589aebfcc0f139d585721a66d01c4fb25a6a1e,2,2,10000001000000,10000001.000000000000
2024-08-01,5,1712209604,fbdfc31a8719e06c5d6a09d08892f00cec737756,2,2,10000001000000,10000001.000000000000
2024-08-01,6,1893386897,beef02e5e13584ab96848af90261f0c8ee04722a,62,27,9393993182476,9393993.182476000000
2024-08-01,7,1250544290,a9d1e08c7793af67e9d92fe308d5697fb81d3e43,29,28,8236774042936,8236774.042936000000
2024-08-01,8,2088341827,16c6521dff6bab339122a0fe25a9116693265353,100,97,8099544745849,8099544.745849000000
2024-08-01,9,1766050915,b2f72662ed42067ccce278f8462a0215b6adcabb,38,33,7613138335458,7613138.335458000000
2024-08-01,10,881197687,9008d19f58aabd9ed0d60971565aa8510560ab41,86,83,7281930511740,7281930.511740000000
2024-08-01,11,2100310027,8ce3c66b4663090980f6ca05ae3bc390d74731e9,6,4,7237495778184,7237495.778184000000
2024-08-01,12,1843247582,a5588f7cdf560811710a2d82d3c9c99769db1dcb,152,152,7060612585515,7060612.585515000000
2024-08-01,13,1852340564,625e92624bc2d88619accc1788365a69767f6200,189,185,5186495887205,5186495.887205000000
2024-08-01,14,1899839451,0c0d01abf3e6adfca0989ebba9d6e85dd58eab1e,32,31,4491116704325,4491116.704325000000
2024-08-01,15,1490507434,00000000009e50a7ddb7a7b0e2ee6604fd120e49,216,210,4488333058256,4488333.058256000000
2024-08-01,16,2044150452,3e33c1e80cf8fd074da6eb408f2059c2a9900c03,6,6,4115226427436,4115226.427436000000
2024-08-01,17,1964733324,0a5ea26fdd38cf2acb06dc64198374c337879dab,10,10,4058583950000,4058583.950000000000
2024-08-01,18,1809958908,dfebf09498249bfaf3690c12179c78774d7c5ad3,4,4,3799997120000,3799997.120000000000
2024-08-01,19,1989089700,182dbccd5b62686b59dd397b8c57fb00daf82ef5,7,4,3551117275417,3551117.275417000000
2024-08-01,20,1379405870,34dc124e0ea6e0cdac7605ec3c5153dca17b6ba1,5,5,3196799950000,3196799.950000000000
2024-08-01,21,2085654946,fdb568cc260d089e25507f89b326730fc45e74b5,8,8,3129619902851,3129619.902851000000
2024-08-01,22,1909973984,9e10f9fb6f0d32b350cee2618662243d4f24c64a,25,25,2818555491648,2818555.491648000000
2024-08-01,23,1971541302,09f7e8515bb5587812a8783a9ff3b3847fe04755,4,4,2803613149956,2803613.149956000000
2024-08-01,24,1809613945,100ae042ef0ea159ecc3513e9a378ff21f3829ba,4,4,2117909407170,2117909.407170000000
2024-08-01,25,2020598735,ecd7eef15713997528896cb5db7ec316db4c2101,54,54,1837024605233,1837024.605233000000
2024-08-01,26,893398926,def171fe48cf0115b1d80b88dc8eab59176fee57,60,54,1740823682092,1740823.682092000000
2024-08-01,27,1298780168,24902aa0cf0000a08c0ea0b003b0c0bf600000e0,30,30,1525861451965,1525861.451965000000
2024-08-01,28,528978434,dcfac7ec9cd4e5b2ac06267bb30ba6ae650f18fa,6,6,1500118327914,1500118.327914000000
2024-08-01,29,1911778548,e07a16358aa878cbda2d49a88e5106871e0db307,13,13,1444114480607,1444114.480607000000
2024-08-01,30,1993547774,6a50353e2b7f2f96a7c5680c51b9f32565b04195,16,16,1281919209498,1281919.209498000000
2024-08-01,31,1900373004,ef484de8c07b6e2d732a92b5f78e81b38f99f95e,27,27,1061971952381,1061971.952381000000
2024-08-01,32,1899934735,111111125421ca6dc452d289314280a0f8842a65,12,12,848538904617,848538.904617000000
2024-08-01,33,1973235910,4095f064b8d3c3548a3bebfd0bbfd04750e30077,12,12,824257797080,824257.797080000000
2024-08-01,34,1751877668,8761e0370f94f68db8eaa731f4fc581f6ad0bd68,18,15,749451047723,749451.047723000000
2024-08-01,35,2080679857,a9048585166f4f7c4589ade19567bb538035ed36,8,8,730730182523,730730.182523000000
2024-08-01,36,2000514856,b4b50bfa4c4c90dd25a4cbe695f8124d24ac6474,2,2,520246758926,520246.758926000000
2024-08-01,37,1966758662,d0c75905bae4915495700b66231507df5d7bec66,1,1,498320340709,498320.340709000000
2024-08-01,38,867588846,4a14347083b80e5216ca31350a2d21702ac3650d,222,222,427187043823,427187.043823000000
2024-08-01,39,2106713580,e6b1de575e7e610889ea21024834e120f92033a3,16,14,423066378317,423066.378317000000
2024-08-01,40,1809895134,d59d7a9698eff3e68e0af7e803d4ed35e7ed12d2,2,2,414555320000,414555.320000000000
2024-08-01,41,1642109620,af9b571e36543be67fbcc979f6d52a2dbb2e2c56,1,1,391752602136,391752.602136000000
2024-08-01,42,2020978733,d5e74de4385ef0eb1bb4db05a6a504f04d92e79d,5,5,357672141031,357672.141031000000
2024-08-01,43,2132542836,aa4c9d6e5e349f319abb625aa8dca5f52abea757,124,124,348208992831,348208.992831000000
2024-08-01,44,2011864884,f2b009479e6c5e14d6f26048eaf9a494c8209270,1,1,325000000000,325000.000000000000
2024-08-01,45,616036061,74de5d4fcbf63e00296fd95d33236b9794016631,299,299,321491818242,321491.818242000000
2024-08-01,46,2001718448,4ee9775db5c1e73ea170678c109ef079b2ad4811,7,7,298331525339,298331.525339000000
2024-08-01,47,1958487937,c2b92b6c69e5c3b6b29385c1a17fee906e0ca910,6,3,264475850982,264475.850982000000
2024-08-01,48,1946572279,167f6e958a1a082e33c75fab66bd511016e51340,6,6,230568400795,230568.400795000000
2024-08-01,49,1754223178,64545160d28fd0e309277c02d6d73b3923cc4bfa,4,4,208921460445,208921.460445000000
2024-08-01,50,1703836594,d3f5c377a8506af29aeafbc90d1e5c6534f197b4,58,58,201809342695,201809.342695000000
2024-08-01,51,1723592854,13394005c1012e708fce1eb974f1130fdc73a5ce,201,201,184020200848,184020.200848000000
2024-08-01,52,2046320383,dd2e0d86a45e4ef9bd490c2809e6405720cc357c,73,73,178222523957,178222.523957000000
2024-08-01,53,1668023299,adc0a53095a0af87f3aa29fe0715b5c28016364e,4,4,171831145238,171831.145238000000
2024-08-01,54,875811526,9e2b6378ee8ad2a4a95fe481d63caba8fb0ebbf9,3,3,164734131216,164734.131216000000
2024-08-01,55,1427662229,99a58482bd75cbab83b27ec03ca68ff489b5788f,2,1,161858475960,161858.475960000000
2024-08-01,56,1965581964,dee1e09ea6fde218cb0bf85c77734c6f88049874,2,1,157530632758,157530.632758000000
2024-08-01,57,2047182939,28104d4f703ee5b5011cefe106f54efd56f33f95,11,11,157008480811,157008.480811000000
2024-08-01,58,1949525650,63e988f4b30245f9f4ee898531e0be3fee20b170,6,6,154579064613,154579.064613000000
2024-08-01,59,1728729509,f081470f5c6fbccf48cc4e5b82dd926409dcdd67,11,10,154049567336,154049.567336000000
2024-08-01,60,2075330537,2593154f192f46f65a4a0315a5d77556d5d3d264,3,3,150876417652,150876.417652000000
2024-08-01,61,1668098627,02e7b8511831b1b02d9018215a0f8f500ea5c6b3,13,12,147923020042,147923.020042000000
2024-08-01,62,2017194351,8fc150007aa3803c6f70629786f5848e337c7e20,7,4,146442273182,146442.273182000000
2024-08-01,63,1381791786,1111111254eeb25477b68fb85ed929f73a960582,39,39,133296781675,133296.781675000000
2024-08-01,64,2127871259,36d82017aaea716bf06383fdcaf8cbe70fa088b1,1,1,133196182505,133196.182505000000
2024-08-01,65,1753800383,3ea64b1c0194524b48f9118462c8e9cd61a243c7,1,1,133196182505,133196.182505000000
2024-08-01,66,2112222254,07e594aa718bb872b526e93eed830a8d2a6a1071,1,1,129904384972,129904.384972000000
2024-08-01,67,1742906964,5f515f6c524b18ca30f7783fb58dd4be2e9904ec,4,4,123606616335,123606.616335000000
2024-08-01,68,2074629227,313d26bf14c4362883cc798d4aa50352fc55c954,1,1,112598838956,112598.838956000000
2024-08-01,69,1613906494,2a3c229069f40fd77f5885ba50d2c7d7987ab02e,1,1,102610508246,102610.508246000000
2024-08-01,70,2021291707,3bc1588f8d987c9ed07b3796aa50ccbf10514326,1,1,90949234784,90949.234784000000
2024-08-01,71,1890720681,3face0004bc1003b9d0672e7b23134cb80115fb6,3,3,86935297673,86935.297673000000
2024-08-01,72,2081260256,03cd656b6559b534700e487166f175eb5cd40e11,1,1,84615570864,84615.570864000000
2024-08-01,73,1720313142,6980a47bee930a4584b09ee79ebe46484fbdbdd0,3,1,66360817931,66360.817931000000
2024-08-01,74,598100352,ecded8b1c603cf21299835f1dfbe37f10f2a29af,6,6,58200739115,58200.739115000000
2024-08-01,75,1898867659,8ce45e650ab17b6ca0dd6071f7c2b5c69b5b42b2,1,1,53225281118,53225.281118000000
2024-08-01,76,1281244801,6ee6d00a21cfc60c48fab87214418f37d8dcddd5,7,6,52405969975,52405.969975000000
2024-08-01,77,546716445,22f9dcf4647084d6c31b2765f6910cd85c178c18,70,70,49351436665,49351.436665000000
2024-08-01,78,1758490243,97c1a26482099363cb055f0f3ca1d6057fe55447,2,2,44069787523,44069.787523000000
2024-08-01,79,2057696270,88470174477d5ffa56758162781f96a85c62cdb8,2,2,40026792029,40026.792029000000
2024-08-01,80,1964765992,b441dea845a1a03a3e7aee81c03662fd9a1b6fda,3,3,39590938613,39590.938613000000
2024-08-01,81,1742905584,8d8404f8cca4c8834ca3cab1e54887ae47724bee,4,3,35734636869,35734.636869000000
2024-08-01,82,1860171395,44ac1031d245d965fe5f016da9ba643cd79f95f3,1,1,34097483098,34097.483098000000
2024-08-01,83,1949560848,d34f59e172cf3915f56c96a3037ac554a7399d77,4,3,29937084355,29937.084355000000
2024-08-01,84,1949562521,85105b7e11c442ca6ff6b4d90d7a439f68376ac4,2,1,28673894908,28673.894908000000
2024-08-01,85,1364872031,1231deb6f5749ef6ce6943a275a1d3e7486f4eae,24,17,28368713159,28368.713159000000
2024-08-01,86,2120857848,1f2f10d1c40777ae1da742455c65828ff36df387,12,12,26479914738,26479.914738000000
2024-08-01,87,1812958409,22ce84a7f86662b78e49c6ec9e51d60fdde7b70a,16,16,26077620000,26077.620000000000
2024-08-01,88,1715474201,78f8bd884c3d738b74b420540659c82f392820e0,1,1,26021300092,26021.300092000000
2024-08-01,89,1648514559,9b63849e325ff0fb820dd6853e0bfa0fb3073b88,1,1,25725298080,25725.298080000000
2024-08-01,90,907551762,41c6beb49d2d471c1f6889c800c6ae92c6d1abb3,1,1,25000000000,25000.000000000000
2024-08-01,91,1831296252,0e464efa2a2d1ddea113ded88a6a2b7b380c1cfe,1,1,24484527877,24484.527877000000
2024-08-01,92,1530950356,ade1e3b40b58e51df923cfbffcfb3502a5b07d1a,7,7,23855121199,23855.121199000000
2024-08-01,93,1874320729,d129d8c12f0e7aa51157d9e6cc3f7ece2dc84ecd,1,1,23517969797,23517.969797000000
2024-08-01,94,1526126162,2f2dd99235cb728fc79af575f1325eaa270f0c99,13,13,22347217976,22347.217976000000
2024-08-01,95,2119266792,890651b3222d5f4164347e97e75a4615ed1ea17c,1,1,19982318873,19982.318873000000
2024-08-01,96,2136052044,2cfc37c3a9fdc103374c2c343c48fef27c646b0a,18,18,17839499191,17839.499191000000
2024-08-01,97,897164624,b1748c79709f4ba2dd82834b8c82d4a505003f27,1,1,16039870000,16039.870000000000
2024-08-01,98,1507268757,6b75d8af000000e20b7a7ddf000ba900b4009a80,6,6,15868926279,15868.926279000000
2024-08-01,99,2055568391,5f0000d4780a00d2dce0a00004000800cb0e5041,4,4,15485270000,15485.270000000000
2024-08-01,100,2061959543,5b93d80da1a359340d1f339fb574bdc56763f995,3,2,11689750849,11689.750849000000
2024-09-01,1,1809613945,100ae042ef0ea159ecc3513e9a378ff21f3829ba,51,51,52001559210912,52001559.210912000000
2024-09-01,2,1809958908,dfebf09498249bfaf3690c12179c78774d7c5ad3,41,41,50040916495645,50040916.495645000000
2024-09-01,3,1843987934,383e6b4437b59fff47b619cba855ca29342a8559,166,164,9619186847258,9619186.847258000000
2024-09-01,4,1844716471,bbbbbbbbbb9cc5e90e3b3af64bdaf62c37eeffcb,54,28,7642464677558,7642464.677558000000
2024-09-01,5,1893386897,beef02e5e13584ab96848af90261f0c8ee04722a,51,21,6617114071616,6617114.071616000000
2024-09-01,6,2088341827,16c6521dff6bab339122a0fe25a9116693265353,52,52,4205177199433,4205177.199433000000
2024-09-01,7,1742888369,e37e799d5077682fa0a244d46e5649f71457bd09,153,150,3211052407044,3211052.407044000000
2024-09-01,8,1964733324,0a5ea26fdd38cf2acb06dc64198374c337879dab,3,3,2904155840000,2904155.840000000000
2024-09-01,9,1843247582,a5588f7cdf560811710a2d82d3c9c99769db1dcb,87,85,2849278250625,2849278.250625000000
2024-09-01,10,1852340564,625e92624bc2d88619accc1788365a69767f6200,64,63,2531499699091,2531499.699091000000
2024-09-01,11,2044150452,3e33c1e80cf8fd074da6eb408f2059c2a9900c03,3,3,2258449126956,2258449.126956000000
2024-09-01,12,1766050915,b2f72662ed42067ccce278f8462a0215b6adcabb,21,20,1559858332677,1559858.332677000000
2024-09-01,13,1379405870,34dc124e0ea6e0cdac7605ec3c5153dca17b6ba1,3,3,1514870640000,1514870.640000000000
2024-09-01,14,1899839451,0c0d01abf3e6adfca0989ebba9d6e85dd58eab1e,33,26,1381933087960,1381933.087960000000
2024-09-01,15,1911778548,e07a16358aa878cbda2d49a88e5106871e0db307,12,12,1276786557737,1276786.557737000000
2024-09-01,16,881197687,9008d19f58aabd9ed0d60971565aa8510560ab41,45,45,1182894202132,1182894.202132000000
2024-09-01,17,1809895134,d59d7a9698eff3e68e0af7e803d4ed35e7ed12d2,2,2,1120814877400,1120814.877400000000
2024-09-01,18,2100310027,8ce3c66b4663090980f6ca05ae3bc390d74731e9,3,2,1047960215611,1047960.215611000000
2024-09-01,19,893398926,def171fe48cf0115b1d80b88dc8eab59176fee57,29,28,1020510295821,1020510.295821000000
2024-09-01,20,1900373004,ef484de8c07b6e2d732a92b5f78e81b38f99f95e,25,25,1005475065458,1005475.065458000000
2024-09-01,21,2120857848,1f2f10d1c40777ae1da742455c65828ff36df387,14,14,920186697324,920186.697324000000
2024-09-01,22,1909973984,9e10f9fb6f0d32b350cee2618662243d4f24c64a,59,59,912412426051,912412.426051000000
2024-09-01,23,2132542836,aa4c9d6e5e349f319abb625aa8dca5f52abea757,156,155,839502753990,839502.753990000000
2024-09-01,24,1490507434,00000000009e50a7ddb7a7b0e2ee6604fd120e49,66,65,815602735151,815602.735151000000
2024-09-01,25,-23527513,ddc25c965443834179438c2eb30e70f34b854a04,4,3,815221816937,815221.816937000000
2024-09-01,26,-23494170,d7852e139a7097e119623de0751ae53a61efb442,12,12,794539204311,794539.204311000000
2024-09-01,27,-17281079,215b0fe61418fc8dde78fd9eb3b75bf706e3a2ed,3,2,554208498936,554208.498936000000
2024-09-01,28,1966998019,5dbc88f5d1a73959d8ba162fedd1108f19ae1744,1,1,550487238579,550487.238579000000
2024-09-01,29,1966758662,d0c75905bae4915495700b66231507df5d7bec66,1,1,499548702789,499548.702789000000
2024-09-01,30,1530950356,ade1e3b40b58e51df923cfbffcfb3502a5b07d1a,44,44,497880565792,497880.565792000000
2024-09-01,31,1973235910,4095f064b8d3c3548a3bebfd0bbfd04750e30077,6,6,444838441793,444838.441793000000
2024-09-01,32,1298780168,24902aa0cf0000a08c0ea0b003b0c0bf600000e0,17,17,440295019499,440295.019499000000
2024-09-01,33,867588846,4a14347083b80e5216ca31350a2d21702ac3650d,223,223,436197316931,436197.316931000000
2024-09-01,34,1728729509,f081470f5c6fbccf48cc4e5b82dd926409dcdd67,10,7,423287560311,423287.560311000000
2024-09-01,35,2068491642,0f4a1d7fdf4890be35e71f3e0bbc4a0ec377eca3,2,1,299313982944,299313.982944000000
2024-09-01,36,1668023299,adc0a53095a0af87f3aa29fe0715b5c28016364e,4,3,286430634674,286430.634674000000
2024-09-01,37,2047182939,28104d4f703ee5b5011cefe106f54efd56f33f95,8,4,284716155390,284716.155390000000
2024-09-01,38,1381791786,1111111254eeb25477b68fb85ed929f73a960582,14,14,275728793602,275728.793602000000
2024-09-01,39,2001718448,4ee9775db5c1e73ea170678c109ef079b2ad4811,7,7,249454038402,249454.038402000000
2024-09-01,40,2075330537,2593154f192f46f65a4a0315a5d77556d5d3d264,4,4,199746499329,199746.499329000000
2024-09-01,41,1993547774,6a50353e2b7f2f96a7c5680c51b9f32565b04195,7,7,190806920515,190806.920515000000
2024-09-01,42,2054943978,6a000f20005980200259b80c5102003040001068,13,12,152977641498,152977.641498000000
2024-09-01,43,2116722715,1d7405df25fd2fe80390da3a696dcfd5120ca9ce,4,4,150103465012,150103.465012000000
2024-09-01,44,616036061,74de5d4fcbf63e00296fd95d33236b9794016631,232,232,137950181400,137950.181400000000
2024-09-01,45,2020598735,ecd7eef15713997528896cb5db7ec316db4c2101,10,10,124416403715,124416.403715000000
2024-09-01,46,2018557174,a8c1c98aaf99a5dfc907d61b892b2ad624901185,5,5,122129396703,122129.396703000000
2024-09-01,47,2046320383,dd2e0d86a45e4ef9bd490c2809e6405720cc357c,102,102,119802648013,119802.648013000000
2024-09-01,48,47725429,16787da38cb083644d63c99d06ce7e68818708d5,3,3,112077595995,112077.595995000000
2024-09-01,49,2015829863,dc9c2e95811b183752a1c5893182904d4fa7e781,2,2,102011333155,102011.333155000000
2024-09-01,50,2057696270,88470174477d5ffa56758162781f96a85c62cdb8,2,2,101954153549,101954.153549000000
2024-09-01,51,2032429985,eb11c37cec344d2017c2f45b893183558e06af08,3,3,101412330000,101412.330000000000
2024-09-01,52,1468424273,8b38324cdf2d500d088a13bd491f5c66cdcb46dc,1,1,99942934503,99942.934503000000
2024-09-01,53,1723592854,13394005c1012e708fce1eb974f1130fdc73a5ce,130,130,95015172311,95015.172311000000
2024-09-01,54,1890720681,3face0004bc1003b9d0672e7b23134cb80115fb6,4,4,75332551586,75332.551586000000
2024-09-01,55,1812958409,22ce84a7f86662b78e49c6ec9e51d60fdde7b70a,16,16,69706120000,69706.120000000000
2024-09-01,56,1526126162,2f2dd99235cb728fc79af575f1325eaa270f0c99,19,19,69009040031,69009.040031000000
2024-09-01,57,1587123400,a7ca2c8673bcfa5a26d8ceec2887f2cc2b0db22a,13,12,67682368158,67682.368158000000
2024-09-01,58,1703836594,d3f5c377a8506af29aeafbc90d1e5c6534f197b4,19,19,62020093475,62020.093475000000
2024-09-01,59,28044966,8b53255ae16e0574cfef2901409a004fffe4fca8,29,29,61268670157,61268.670157000000
2024-09-01,60,-11804467,d03c7dfb28983067f5acd43d0b983a287014ed2d,1,1,56962240146,56962.240146000000
2024-09-01,61,1364872031,1231deb6f5749ef6ce6943a275a1d3e7486f4eae,18,15,56405099154,56405.099154000000
2024-09-01,62,-15964848,225a38bc71102999dd13478bfabd7c4d53f2dc17,30,27,52285289093,52285.289093000000
2024-09-01,63,1754223178,64545160d28fd0e309277c02d6d73b3923cc4bfa,2,2,50363873127,50363.873127000000
2024-09-01,64,1699176572,51c72848c68a965f66fa7a88855f9f7784502a7f,19,11,45120069653,45120.069653000000
2024-09-01,65,1742906964,5f515f6c524b18ca30f7783fb58dd4be2e9904ec,5,5,42600824988,42600.824988000000
2024-09-01,66,546716445,22f9dcf4647084d6c31b2765f6910cd85c178c18,53,53,41239857342,41239.857342000000
2024-09-01,67,1586252096,3fc91a3afd70395cd496c647d5a6cc9d4b2b7fad,51,42,40800801183,40800.801183000000
2024-09-01,68,1762995260,091a64d13566576a4ad1dd4da7d9a915b3ca827e,1,1,40000000000,40000.000000000000
2024-09-01,69,-36375812,2e6ffa05cd6920dcc0d169efce2f4c96e774ecd2,1,1,40000000000,40000.000000000000
2024-09-01,70,1648514559,9b63849e325ff0fb820dd6853e0bfa0fb3073b88,2,2,33962465761,33962.465761000000
2024-09-01,71,2052707583,7ba00d171698d2589917e30314d852eb16d7c7e6,2,2,32057154526,32057.154526000000
2024-09-01,72,1742905584,8d8404f8cca4c8834ca3cab1e54887ae47724bee,4,4,30428009362,30428.009362000000
2024-09-01,73,1696446561,00000047bb99ea4d791bb749d970de71ee0b1a34,14,14,25831453363,25831.453363000000
2024-09-01,74,1699868061,ba445823018a83ed48a04a30cfbbeb4b70ceedad,14,14,25831453363,25831.453363000000
2024-09-01,75,1914493346,e43ca1dee3f0fc1e2df73a0745674545f11a59f5,7,7,25406028399,25406.028399000000
2024-09-01,76,2123621406,ba7a03a37c0799a4182d1c4ca3bf3321f8ba3329,1,1,24745456263,24745.456263000000
2024-09-01,77,1964765992,b441dea845a1a03a3e7aee81c03662fd9a1b6fda,1,1,23673882581,23673.882581000000
2024-09-01,78,2030813289,4f48bc48e6d5cab5b9a1347b7c3112350d6ee7eb,1,1,22995994539,22995.994539000000
2024-09-01,79,1958487937,c2b92b6c69e5c3b6b29385c1a17fee906e0ca910,2,1,22597394938,22597.394938000000
2024-09-01,80,2006374223,608b156f93eee38e068a15c89e60f0e45eb71d23,2,1,22597171896,22597.171896000000
2024-09-01,81,782573277,32cb9fd13af7635cc90d0713a80188b366a28205,1,1,20002817689,20002.817689000000
2024-09-01,82,2122197304,f2614a233c7c3e7f08b1f887ba133a13f1eb2c55,5,5,16538560874,16538.560874000000
2024-09-01,83,2136052044,2cfc37c3a9fdc103374c2c343c48fef27c646b0a,23,23,15661288949,15661.288949000000
2024-09-01,84,2034702912,b300000b72deaeb607a12d5f54773d1c19c7028d,7,7,15173880000,15173.880000000000
2024-09-01,85,-28838201,e46803e65bbaa9b989800c6c21dc872a1dfe3a56,4,4,14492000000,14492.000000000000
2024-09-01,86,1899934735,111111125421ca6dc452d289314280a0f8842a65,5,5,13874190000,13874.190000000000
2024-09-01,87,1964797774,19b2d250b98c302ef8c12378b5216736fa952975,6,6,13523400000,13523.400000000000
2024-09-01,88,1715474201,78f8bd884c3d738b74b420540659c82f392820e0,1,1,12986862059,12986.862059000000
2024-09-01,89,765147013,df15ddb8a27e689f3b43d60c3bf13c3f312d388a,5,5,12462865773,12462.865773000000
2024-09-01,90,1949482770,c351e45db65d68585e180795537563d33b3716e7,2,2,12360053864,12360.053864000000
2024-09-01,91,1178474621,03f911aedc25c770e701b8f563e8102cfacd62c0,8,8,11841574229,11841.574229000000
2024-09-01,92,1989089700,182dbccd5b62686b59dd397b8c57fb00daf82ef5,2,2,11646353043,11646.353043000000
2024-09-01,93,1484425040,689da26ef580e16fe65e997105ae2e9db5308e43,3,3,10027548499,10027.5484990000000000
2024-09-01,94,1113847572,663dc15d3c1ac63ff12e45ab68fea3f0a883c251,2,2,8929893861,8929.8938610000000000
2024-09-01,95,-6353990,a600910b670804230e00a100000d28000ae005c0,6,6,8770261207,8770.2612070000000000
2024-09-01,96,284418621,424e9cc4c00ad160c3f36b5471514a6c36a8d73e,3,3,8696518731,8696.5187310000000000
2024-09-01,97,-14300460,d4bc53434c5e12cb41381a556c3c47e1a86e80e3,4,4,7809513976,7809.5139760000000000
2024-09-01,98,2021323406,2e7111ef34d39b36ec84c656b947ca746e495ff6,1,1,7064411181,7064.4111810000000000
2024-09-01,99,907551762,41c6beb49d2d471c1f6889c800c6ae92c6d1abb3,1,1,6238426855,6238.4268550000000000
2024-09-01,100,-33189512,d6a812d6b9b4610b6e621565604b6f59673078f0,1,1,5013774249,5013.7742490000000000
2024-10-01,1,1809613945,100ae042ef0ea159ecc3513e9a378ff21f3829ba,50,50,46821748733836,46821748.733836000000
2024-10-01,2,1809958908,dfebf09498249bfaf3690c12179c78774d7c5ad3,37,37,44078785725780,44078785.725780000000
2024-10-01,3,1843987934,383e6b4437b59fff47b619cba855ca29342a8559,172,162,21777687218405,21777687.218405000000
2024-10-01,4,1964733324,0a5ea26fdd38cf2acb06dc64198374c337879dab,18,18,14102796420000,14102796.420000000000
2024-10-01,5,1379405870,34dc124e0ea6e0cdac7605ec3c5153dca17b6ba1,24,24,13070442855549,13070442.855549000000
2024-10-01,6,881197687,9008d19f58aabd9ed0d60971565aa8510560ab41,81,72,11534160865876,11534160.865876000000
2024-10-01,7,-73887342,12db556e5313e3954f146339586dbdfe18dc9467,63,58,9961650997957,9961650.997957000000
2024-10-01,8,1843247582,a5588f7cdf560811710a2d82d3c9c99769db1dcb,88,86,7771334280525,7771334.280525000000
2024-10-01,9,2088341827,16c6521dff6bab339122a0fe25a9116693265353,79,79,7276934640713,7276934.640713000000
2024-10-01,10,1909973984,9e10f9fb6f0d32b350cee2618662243d4f24c64a,31,31,4831755752251,4831755.752251000000
2024-10-01,11,1742888369,e37e799d5077682fa0a244d46e5649f71457bd09,109,106,3947771952159,3947771.952159000000
2024-10-01,12,1490507434,00000000009e50a7ddb7a7b0e2ee6604fd120e49,50,48,3688191644598,3688191.644598000000
2024-10-01,13,-61743306,3451b6b219478037a1ac572706627fc2bda1e812,42,41,3304248534532,3304248.534532000000
2024-10-01,14,1844716471,bbbbbbbbbb9cc5e90e3b3af64bdaf62c37eeffcb,149,62,3200704606473,3200704.606473000000
2024-10-01,15,1893386897,beef02e5e13584ab96848af90261f0c8ee04722a,199,58,3181422698600,3181422.698600000000
2024-10-01,16,-23527513,ddc25c965443834179438c2eb30e70f34b854a04,3,2,2961079929350,2961079.929350000000
2024-10-01,17,1766050915,b2f72662ed42067ccce278f8462a0215b6adcabb,21,16,2608066407870,2608066.407870000000
2024-10-01,18,1899839451,0c0d01abf3e6adfca0989ebba9d6e85dd58eab1e,14,14,2370734610049,2370734.610049000000
2024-10-01,19,-68152732,9adc2f87da5fb071e56e768eb5b59cdd39e2ab80,6,4,1468425112898,1468425.112898000000
2024-10-01,20,2018557174,a8c1c98aaf99a5dfc907d61b892b2ad624901185,7,7,1430882954089,1430882.954089000000
2024-10-01,21,2120857848,1f2f10d1c40777ae1da742455c65828ff36df387,8,6,1368283069908,1368283.069908000000
2024-10-01,22,1899934735,111111125421ca6dc452d289314280a0f8842a65,11,11,1108450267933,1108450.267933000000
2024-10-01,23,528978434,dcfac7ec9cd4e5b2ac06267bb30ba6ae650f18fa,8,8,1001194930000,1001194.930000000000
2024-10-01,24,1728729509,f081470f5c6fbccf48cc4e5b82dd926409dcdd67,14,14,889156317659,889156.317659000000
2024-10-01,25,2068491642,0f4a1d7fdf4890be35e71f3e0bbc4a0ec377eca3,6,5,871893573095,871893.573095000000
2024-10-01,26,1852340564,625e92624bc2d88619accc1788365a69767f6200,31,31,827332052674,827332.052674000000
2024-10-01,27,1900373004,ef484de8c07b6e2d732a92b5f78e81b38f99f95e,15,15,718807733709,718807.733709000000
2024-10-01,28,2044150452,3e33c1e80cf8fd074da6eb408f2059c2a9900c03,1,1,700000000000,700000.000000000000
2024-10-01,29,-52898205,b28ca7e465c452ce4252598e0bc96aeba553cf82,5,2,610022357139,610022.357139000000
2024-10-01,30,1608787768,ad3b67bca8935cb510c8d18bd45f0b94f54a968f,3,3,600368914112,600368.914112000000
2024-10-01,31,2020598735,ecd7eef15713997528896cb5db7ec316db4c2101,38,38,503352846145,503352.846145000000
2024-10-01,32,867588846,4a14347083b80e5216ca31350a2d21702ac3650d,219,219,468636690000,468636.690000000000
2024-10-01,33,1298780168,24902aa0cf0000a08c0ea0b003b0c0bf600000e0,5,5,435095823763,435095.823763000000
2024-10-01,34,2046320383,dd2e0d86a45e4ef9bd490c2809e6405720cc357c,98,98,425693061856,425693.061856000000
2024-10-01,35,1381791786,1111111254eeb25477b68fb85ed929f73a960582,11,11,377942929457,377942.929457000000
2024-10-01,36,893398926,def171fe48cf0115b1d80b88dc8eab59176fee57,23,23,373426854187,373426.854187000000
2024-10-01,37,1911778548,e07a16358aa878cbda2d49a88e5106871e0db307,6,6,352723757407,352723.757407000000
2024-10-01,38,-58359050,07db6d3c0bccf748e18108f6143be7e39403af2d,1,1,315486297483,315486.297483000000
2024-10-01,39,2132542836,aa4c9d6e5e349f319abb625aa8dca5f52abea757,90,90,314534101279,314534.101279000000
2024-10-01,40,1758490243,97c1a26482099363cb055f0f3ca1d6057fe55447,2,2,217027094332,217027.094332000000
2024-10-01,41,-23494170,d7852e139a7097e119623de0751ae53a61efb442,10,8,200922778019,200922.778019000000
2024-10-01,42,1754223178,64545160d28fd0e309277c02d6d73b3923cc4bfa,2,2,193045980078,193045.980078000000
2024-10-01,43,2020978733,d5e74de4385ef0eb1bb4db05a6a504f04d92e79d,2,2,190491594660,190491.594660000000
2024-10-01,44,1210458759,33ce69c572a01a6cf8229fd169b3a8aba867507a,3,3,168012664841,168012.664841000000
2024-10-01,45,-41590683,fb2fb49a79df0a82fafcadd24f36e7854e1ce6a2,3,3,167285710848,167285.710848000000
2024-10-01,46,1973235910,4095f064b8d3c3548a3bebfd0bbfd04750e30077,5,5,165925036287,165925.036287000000
2024-10-01,47,2080679857,a9048585166f4f7c4589ade19567bb538035ed36,2,2,165278010084,165278.010084000000
2024-10-01,48,616036061,74de5d4fcbf63e00296fd95d33236b9794016631,222,222,163087092765,163087.092765000000
2024-10-01,49,1526126162,2f2dd99235cb728fc79af575f1325eaa270f0c99,33,32,157121491192,157121.491192000000
2024-10-01,50,2145174805,70bf6634ee8cb27d04478f184b9b8bb13e5f4710,10,10,129166233846,129166.233846000000
2024-10-01,51,1812958409,22ce84a7f86662b78e49c6ec9e51d60fdde7b70a,26,26,116003115695,116003.115695000000
2024-10-01,52,28044966,8b53255ae16e0574cfef2901409a004fffe4fca8,45,45,103806932875,103806.932875000000
2024-10-01,53,1715474201,78f8bd884c3d738b74b420540659c82f392820e0,1,1,100210302567,100210.302567000000
2024-10-01,54,1699868061,ba445823018a83ed48a04a30cfbbeb4b70ceedad,25,25,97744582929,97744.582929000000
2024-10-01,55,1696446561,00000047bb99ea4d791bb749d970de71ee0b1a34,25,25,97744582929,97744.582929000000
2024-10-01,56,765147013,df15ddb8a27e689f3b43d60c3bf13c3f312d388a,12,12,77297235321,77297.235321000000
2024-10-01,57,2034702912,b300000b72deaeb607a12d5f54773d1c19c7028d,32,32,76709042688,76709.042688000000
2024-10-01,58,2062079110,6482e8fb42130b3cce53096bb035ebe79435e2d4,3,3,75841890248,75841.890248000000
2024-10-01,59,1530950356,ade1e3b40b58e51df923cfbffcfb3502a5b07d1a,5,5,52829710000,52829.710000000000
2024-10-01,60,-14300460,d4bc53434c5e12cb41381a556c3c47e1a86e80e3,2,2,51846868480,51846.868480000000
2024-10-01,61,2145165906,12d737470fb3ec6c3deec9b518100bec9d520144,9,9,49369058796,49369.058796000000
2024-10-01,62,1742906964,5f515f6c524b18ca30f7783fb58dd4be2e9904ec,4,3,48416082023,48416.082023000000
2024-10-01,63,2061959543,5b93d80da1a359340d1f339fb574bdc56763f995,2,2,40816560733,40816.560733000000
2024-10-01,64,1699176572,51c72848c68a965f66fa7a88855f9f7784502a7f,77,40,40221351164,40221.351164000000
2024-10-01,65,2106713580,e6b1de575e7e610889ea21024834e120f92033a3,2,2,39613356901,39613.356901000000
2024-10-01,66,1742905584,8d8404f8cca4c8834ca3cab1e54887ae47724bee,1,1,38819616587,38819.616587000000
2024-10-01,67,1723592854,13394005c1012e708fce1eb974f1130fdc73a5ce,73,73,37194652512,37194.652512000000
2024-10-01,68,47725429,16787da38cb083644d63c99d06ce7e68818708d5,1,1,36990000000,36990.000000000000
2024-10-01,69,546716445,22f9dcf4647084d6c31b2765f6910cd85c178c18,48,48,35293472885,35293.472885000000
2024-10-01,70,-15964848,225a38bc71102999dd13478bfabd7c4d53f2dc17,20,18,33856950239,33856.950239000000
2024-10-01,71,-28838201,e46803e65bbaa9b989800c6c21dc872a1dfe3a56,12,12,30560480000,30560.480000000000
2024-10-01,72,1949482770,c351e45db65d68585e180795537563d33b3716e7,1,1,25090419204,25090.419204000000
2024-10-01,73,225269206,3d31da031ad4491c65740e946c9262b0f90a294d,1,1,25090419204,25090.419204000000
2024-10-01,74,1734256459,9a47f3289794e9bbc6a3c571f6d96ad4e7baed16,15,15,23577950000,23577.950000000000
2024-10-01,75,1504659558,b49749b38081fa66c4c2b14486b666d302847eaf,1,1,19989586256,19989.586256000000
2024-10-01,76,1586252096,3fc91a3afd70395cd496c647d5a6cc9d4b2b7fad,83,61,19871822466,19871.822466000000
2024-10-01,77,1364872031,1231deb6f5749ef6ce6943a275a1d3e7486f4eae,12,12,18824532642,18824.532642000000
2024-10-01,78,1668023299,adc0a53095a0af87f3aa29fe0715b5c28016364e,3,3,16286597404,16286.597404000000
2024-10-01,79,2016256973,8c4d6c958c1248e4726b48661923d38d0811db8c,2,1,14280117873,14280.117873000000
2024-10-01,80,1113847572,663dc15d3c1ac63ff12e45ab68fea3f0a883c251,4,4,14265783919,14265.783919000000
2024-10-01,81,1949525650,63e988f4b30245f9f4ee898531e0be3fee20b170,1,1,14244417579,14244.417579000000
2024-10-01,82,1834002496,8d9be977570c721128318294f4eaadfe3db3c7f6,7,7,10926880000,10926.880000000000
2024-10-01,83,1964797774,19b2d250b98c302ef8c12378b5216736fa952975,7,7,10730850000,10730.850000000000
2024-10-01,84,1703836594,d3f5c377a8506af29aeafbc90d1e5c6534f197b4,9,9,10542916466,10542.916466000000
2024-10-01,85,909636474,33699050c7cdb350311d6352fb550a3edc93767d,2,2,9996390000,9996.3900000000000000
2024-10-01,86,1535693651,3a23f943181408eac424116af7b7790c94cb97a5,7,7,7088102660,7088.1026600000000000
2024-10-01,87,1880769512,ea749fd6ba492dbc14c24fe8a3d08769229b896c,6,6,7019710000,7019.7100000000000000
2024-10-01,88,1587123400,a7ca2c8673bcfa5a26d8ceec2887f2cc2b0db22a,10,10,6794840000,6794.8400000000000000
2024-10-01,89,1973175350,22a956c4755d8c4294b358dc346e74250e175622,4,4,6487346078,6487.3460780000000000
2024-10-01,90,1949463992,8b1a87076077ede7932d44d8462518ca6feb5c98,3,3,5988448362,5988.4483620000000000
2024-10-01,91,-15985893,35bb522b102326ea3f1141661df4626c87000e3e,5,5,5300000000,5300.0000000000000000
2024-10-01,92,897164624,b1748c79709f4ba2dd82834b8c82d4a505003f27,1,1,5266540000,5266.5400000000000000
2024-10-01,93,1499339893,471d69f435df6464f3c3e655093040d81926927c,14,14,5068548141,5068.5481410000000000
2024-10-01,94,1762995260,091a64d13566576a4ad1dd4da7d9a915b3ca827e,1,1,5000000000,5000.0000000000000000
2024-10-01,95,2062653320,18b19edb120300ea1b05964c785692bca89a4bfc,2,2,4000880000,4000.8800000000000000
2024-10-01,96,1734350848,f0d4c12a5768d806021f80a262b4d39d26c58b8d,1,1,3626370000,3626.3700000000000000
2024-10-01,97,1736583071,0e67fd506db5c6199c5d2b2b54380deb414e2431,1,1,3626370000,3626.3700000000000000
2024-10-01,98,1178474621,03f911aedc25c770e701b8f563e8102cfacd62c0,5,5,3345227800,3345.2278000000000000
2024-10-01,99,1961694998,473154baf118d1c64775f70dda7df38c3c4725c0,6,6,3043450000,3043.4500000000000000
2024-10-01,100,-6353990,a600910b670804230e00a100000d28000ae005c0,4,4,2550690844,2550.6908440000000000
2024-11-01,1,1843987934,383e6b4437b59fff47b619cba855ca29342a8559,328,319,63212664431126,63212664.431126000000
2024-11-01,2,-73887342,12db556e5313e3954f146339586dbdfe18dc9467,194,190,30218415404150,30218415.404150000000
2024-11-01,3,881197687,9008d19f58aabd9ed0d60971565aa8510560ab41,150,149,24700732301493,24700732.301493000000
2024-11-01,4,1809958908,dfebf09498249bfaf3690c12179c78774d7c5ad3,25,25,21892576515074,21892576.515074000000
2024-11-01,5,1809613945,100ae042ef0ea159ecc3513e9a378ff21f3829ba,34,34,19143259411832,19143259.411832000000
2024-11-01,6,1899839451,0c0d01abf3e6adfca0989ebba9d6e85dd58eab1e,47,47,16370385310188,16370385.310188000000
2024-11-01,7,2088341827,16c6521dff6bab339122a0fe25a9116693265353,128,128,14809811645934,14809811.645934000000
2024-11-01,8,-85491778,36265ccb447d33aa7b4dcf0830b5fcdd91dbd5d1,12,8,13737662036290,13737662.036290000000
2024-11-01,9,1728729509,f081470f5c6fbccf48cc4e5b82dd926409dcdd67,89,85,11694330107358,11694330.107358000000
2024-11-01,10,1843247582,a5588f7cdf560811710a2d82d3c9c99769db1dcb,153,146,11335071666631,11335071.666631000000
2024-11-01,11,1379405870,34dc124e0ea6e0cdac7605ec3c5153dca17b6ba1,19,19,9327449840000,9327449.840000000000
2024-11-01,12,1964733324,0a5ea26fdd38cf2acb06dc64198374c337879dab,12,12,9095683410000,9095683.410000000000
2024-11-01,13,-23527513,ddc25c965443834179438c2eb30e70f34b854a04,16,12,8986592573150,8986592.573150000000
2024-11-01,14,1909973984,9e10f9fb6f0d32b350cee2618662243d4f24c64a,44,44,6275470978232,6275470.978232000000
2024-11-01,15,-68152732,9adc2f87da5fb071e56e768eb5b59cdd39e2ab80,11,8,6107801756753,6107801.756753000000
2024-11-01,16,1490507434,00000000009e50a7ddb7a7b0e2ee6604fd120e49,88,83,5274107092236,5274107.092236000000
2024-11-01,17,-61743306,3451b6b219478037a1ac572706627fc2bda1e812,98,96,5145903163646,5145903.163646000000
2024-11-01,18,2120857848,1f2f10d1c40777ae1da742455c65828ff36df387,10,10,5136857654272,5136857.654272000000
2024-11-01,19,2054943978,6a000f20005980200259b80c5102003040001068,62,62,4473484123126,4473484.123126000000
2024-11-01,20,1844716471,bbbbbbbbbb9cc5e90e3b3af64bdaf62c37eeffcb,80,37,3888801515148,3888801.515148000000
2024-11-01,21,2068491642,0f4a1d7fdf4890be35e71f3e0bbc4a0ec377eca3,24,21,3754652501295,3754652.501295000000
2024-11-01,22,1893386897,beef02e5e13584ab96848af90261f0c8ee04722a,79,30,3039351515148,3039351.515148000000
2024-11-01,23,-103393091,45312ea0eff7e09c83cbe249fa1d7598c4c8cd4e,49,49,2898514565002,2898514.565002000000
2024-11-01,24,1298780168,24902aa0cf0000a08c0ea0b003b0c0bf600000e0,24,24,2765893464883,2765893.464883000000
2024-11-01,25,-39163961,000010036c0190e009a000d0fc3541100a07380a,32,32,2719578823297,2719578.823297000000
2024-11-01,26,2145174805,70bf6634ee8cb27d04478f184b9b8bb13e5f4710,227,220,2567161798509,2567161.798509000000
2024-11-01,27,-81613464,5230dcfeda44e66e1ced1aa8aad4fbbc60dbee78,3,2,2533573062937,2533573.062937000000
2024-11-01,28,1900373004,ef484de8c07b6e2d732a92b5f78e81b38f99f95e,29,29,2345926647777,2345926.647777000000
2024-11-01,29,1911778548,e07a16358aa878cbda2d49a88e5106871e0db307,10,10,2237594278082,2237594.278082000000
2024-11-01,30,-52473322,00c600b30fb0400701010f4b080409018b9006e0,14,11,2193079676243,2193079.676243000000
2024-11-01,31,1699176572,51c72848c68a965f66fa7a88855f9f7784502a7f,104,72,2161190984184,2161190.984184000000
2024-11-01,32,-98857037,41dd2ae109376a3b52d785667566c253d6d07a68,4,3,2060043786374,2060043.786374000000
2024-11-01,33,-58359050,07db6d3c0bccf748e18108f6143be7e39403af2d,6,6,1727348169577,1727348.169577000000
2024-11-01,34,1766050915,b2f72662ed42067ccce278f8462a0215b6adcabb,16,15,1587376271703,1587376.271703000000
2024-11-01,35,1852340564,625e92624bc2d88619accc1788365a69767f6200,62,59,1422134628337,1422134.628337000000
2024-11-01,36,-23494170,d7852e139a7097e119623de0751ae53a61efb442,49,34,1321798927435,1321798.927435000000
2024-11-01,37,2046320383,dd2e0d86a45e4ef9bd490c2809e6405720cc357c,269,269,1065583581403,1065583.581403000000
2024-11-01,38,2001718448,4ee9775db5c1e73ea170678c109ef079b2ad4811,11,11,771674786845,771674.786845000000
2024-11-01,39,-52470775,e009f00e200a090090fc70e02d70b232000c0802,24,18,749100037781,749100.037781000000
2024-11-01,40,1898867659,8ce45e650ab17b6ca0dd6071f7c2b5c69b5b42b2,3,3,742523804392,742523.804392000000
2024-11-01,41,2044150452,3e33c1e80cf8fd074da6eb408f2059c2a9900c03,3,3,700000000000,700000.000000000000
2024-11-01,42,833392821,00000000032962b51589768828ad878876299e14,1,1,670531411024,670531.411024000000
2024-11-01,43,2132542836,aa4c9d6e5e349f319abb625aa8dca5f52abea757,77,75,667581792221,667581.792221000000
2024-11-01,44,2020598735,ecd7eef15713997528896cb5db7ec316db4c2101,27,27,635785566476,635785.566476000000
2024-11-01,45,1973235910,4095f064b8d3c3548a3bebfd0bbfd04750e30077,13,12,619245802445,619245.802445000000
2024-11-01,46,-52898205,b28ca7e465c452ce4252598e0bc96aeba553cf82,5,3,604260913678,604260.913678000000
2024-11-01,47,2106713580,e6b1de575e7e610889ea21024834e120f92033a3,18,13,560872544958,560872.544958000000
2024-11-01,48,-41590683,fb2fb49a79df0a82fafcadd24f36e7854e1ce6a2,5,4,531324100992,531324.100992000000
2024-11-01,49,1899934735,111111125421ca6dc452d289314280a0f8842a65,3,3,506927335157,506927.335157000000
2024-11-01,50,2006970279,0654874eb7f59c6f5b39931fc45dc45337c967c3,2,2,501000000000,501000.000000000000
2024-11-01,51,867588846,4a14347083b80e5216ca31350a2d21702ac3650d,186,186,466400269600,466400.269600000000
2024-11-01,52,1668023299,adc0a53095a0af87f3aa29fe0715b5c28016364e,5,5,425315975860,425315.975860000000
2024-11-01,53,1958487937,c2b92b6c69e5c3b6b29385c1a17fee906e0ca910,4,2,400000000000,400000.000000000000
2024-11-01,54,616036061,74de5d4fcbf63e00296fd95d33236b9794016631,351,351,338511842247,338511.842247000000
2024-11-01,55,2011864884,f2b009479e6c5e14d6f26048eaf9a494c8209270,2,2,334996506338,334996.506338000000
2024-11-01,56,2075330537,2593154f192f46f65a4a0315a5d77556d5d3d264,4,4,317361647553,317361.647553000000
2024-11-01,57,1860171395,44ac1031d245d965fe5f016da9ba643cd79f95f3,1,1,307850000000,307850.000000000000
2024-11-01,58,2131549682,7b852ebc448b3638f971bac2c463db6578634f11,1,1,301059984440,301059.984440000000
2024-11-01,59,920300920,d38b839b70f607b7147c1190e4ec15cd32b06c3e,1,1,250000000000,250000.000000000000
2024-11-01,60,1809895134,d59d7a9698eff3e68e0af7e803d4ed35e7ed12d2,1,1,238551590000,238551.590000000000
2024-11-01,61,-15964848,225a38bc71102999dd13478bfabd7c4d53f2dc17,10,10,223518717364,223518.717364000000
2024-11-01,62,2017194351,8fc150007aa3803c6f70629786f5848e337c7e20,6,2,200000000000,200000.000000000000
2024-11-01,63,1949525650,63e988f4b30245f9f4ee898531e0be3fee20b170,2,2,199393253075,199393.253075000000
2024-11-01,64,1971541302,09f7e8515bb5587812a8783a9ff3b3847fe04755,1,1,170878892037,170878.892037000000
2024-11-01,65,2018557174,a8c1c98aaf99a5dfc907d61b892b2ad624901185,5,5,154051242672,154051.242672000000
2024-11-01,66,-108180297,8e354f07ac2073a38cdc817cb8cebc8cd219ccbd,1,1,132682031360,132682.031360000000
2024-11-01,67,1812958409,22ce84a7f86662b78e49c6ec9e51d60fdde7b70a,28,28,111017798037,111017.798037000000
2024-11-01,68,1879860206,8137690f23c63afc56bd76ee0aaab65d34f7ac93,1,1,109433456379,109433.456379000000
2024-11-01,69,1526126162,2f2dd99235cb728fc79af575f1325eaa270f0c99,21,21,104464942877,104464.942877000000
2024-11-01,70,2047584888,9cde23f1931935d7ed5a37e1a65dac5c2da582fb,1,1,100330051866,100330.051866000000
2024-11-01,71,1723592854,13394005c1012e708fce1eb974f1130fdc73a5ce,128,128,97520889874,97520.889874000000
2024-11-01,72,-39053580,ea8cf32e4ac03acab2babb9028bac5c853e0ce80,1,1,95770372080,95770.372080000000
2024-11-01,73,-81935873,6bb000067005450704003100632eb93ea00c0000,2,2,94963980236,94963.980236000000
2024-11-01,74,-79620546,0000000000bbf5c5fd284e657f01bd000933c96d,2,2,94933247292,94933.247292000000
2024-11-01,75,2146300989,ed0c66f41b1f588f61629ae7be979f004363f8a4,1,1,92582525825,92582.525825000000
2024-11-01,76,-15985893,35bb522b102326ea3f1141661df4626c87000e3e,10,9,88661698477,88661.698477000000
2024-11-01,77,1754223178,64545160d28fd0e309277c02d6d73b3923cc4bfa,1,1,78855031224,78855.031224000000
2024-11-01,78,1352509614,f0198efbd69e1e59152c681095eece4935c9c76d,2,2,72737890720,72737.890720000000
2024-11-01,79,2142620231,265936cb49db9aea4cb0780153f43981b0f003b9,2,2,70000000000,70000.000000000000
2024-11-01,80,1608787768,ad3b67bca8935cb510c8d18bd45f0b94f54a968f,2,2,50238537919,50238.537919000000
2024-11-01,81,1737485398,c696e18e4df0bc3388f3ecc145f1da15824868ba,1,1,41000000000,41000.000000000000
2024-11-01,82,2080679857,a9048585166f4f7c4589ade19567bb538035ed36,1,1,39991263750,39991.263750000000
2024-11-01,83,1587123400,a7ca2c8673bcfa5a26d8ceec2887f2cc2b0db22a,33,33,36487470000,36487.470000000000
2024-11-01,84,1703836594,d3f5c377a8506af29aeafbc90d1e5c6534f197b4,18,18,36426169703,36426.169703000000
2024-11-01,85,-79628324,cde51b16717139891d40a872215d96a5ef38eee0,1,1,33417271276,33417.271276000000
2024-11-01,86,2145165906,12d737470fb3ec6c3deec9b518100bec9d520144,20,20,31257000683,31257.000683000000
2024-11-01,87,2050630089,a2a232974bbc89c272c20a881739048e3de18441,1,1,30000000000,30000.000000000000
2024-11-01,88,1347607317,ff2ca9ccceda2f4eb79f9e4faca533575329d386,1,1,30000000000,30000.000000000000
2024-11-01,89,1586252096,3fc91a3afd70395cd496c647d5a6cc9d4b2b7fad,65,50,26723322498,26723.322498000000
2024-11-01,90,546716445,22f9dcf4647084d6c31b2765f6910cd85c178c18,38,38,25920138330,25920.138330000000
2024-11-01,91,28044966,8b53255ae16e0574cfef2901409a004fffe4fca8,12,12,25324593798,25324.593798000000
2024-11-01,92,1364872031,1231deb6f5749ef6ce6943a275a1d3e7486f4eae,14,10,21579547560,21579.547560000000
2024-11-01,93,1762995260,091a64d13566576a4ad1dd4da7d9a915b3ca827e,1,1,20000000000,20000.000000000000
2024-11-01,94,2034702912,b300000b72deaeb607a12d5f54773d1c19c7028d,23,23,19636760000,19636.760000000000
2024-11-01,95,1696446561,00000047bb99ea4d791bb749d970de71ee0b1a34,15,15,18461628460,18461.628460000000
2024-11-01,96,1699868061,ba445823018a83ed48a04a30cfbbeb4b70ceedad,15,15,18461628460,18461.628460000000
2024-11-01,97,-28838201,e46803e65bbaa9b989800c6c21dc872a1dfe3a56,10,9,17078620000,17078.620000000000
2024-11-01,98,1734256459,9a47f3289794e9bbc6a3c571f6d96ad4e7baed16,5,5,16313670000,16313.670000000000
2024-11-01,99,47725429,16787da38cb083644d63c99d06ce7e68818708d5,1,1,14994960000,14994.960000000000
2024-11-01,100,1381791786,1111111254eeb25477b68fb85ed929f73a960582,9,9,14918059425,14918.059425000000
2024-12-01,1,1809613945,100ae042ef0ea159ecc3513e9a378ff21f3829ba,34,34,50883377099978,50883377.099978000000
2024-12-01,2,1809958908,dfebf09498249bfaf3690c12179c78774d7c5ad3,19,19,46346974519370,46346974.519370000000
2024-12-01,3,1843987934,383e6b4437b59fff47b619cba855ca29342a8559,240,236,39358848509806,39358848.509806000000
2024-12-01,4,881197687,9008d19f58aabd9ed0d60971565aa8510560ab41,132,128,32895603135409,32895603.135409000000
2024-12-01,5,1964733324,0a5ea26fdd38cf2acb06dc64198374c337879dab,11,11,25300265910000,25300265.910000000000
2024-12-01,6,1844716471,bbbbbbbbbb9cc5e90e3b3af64bdaf62c37eeffcb,163,80,20290005037672,20290005.037672000000
2024-12-01,7,1893386897,beef02e5e13584ab96848af90261f0c8ee04722a,145,68,18733400041703,18733400.041703000000
2024-12-01,8,1379405870,34dc124e0ea6e0cdac7605ec3c5153dca17b6ba1,6,6,17798668080000,17798668.080000000000
2024-12-01,9,1627744293,0c92da174a06ed90f383de83505d99f93e2107e1,1,1,15000000000000,15000000.000000000000
2024-12-01,10,833392821,00000000032962b51589768828ad878876299e14,2,2,10285063639924,10285063.639924000000
2024-12-01,11,2044150452,3e33c1e80cf8fd074da6eb408f2059c2a9900c03,8,8,7501597840000,7501597.840000000000
2024-12-01,12,-103393091,45312ea0eff7e09c83cbe249fa1d7598c4c8cd4e,96,96,7311269857253,7311269.857253000000
2024-12-01,13,1899839451,0c0d01abf3e6adfca0989ebba9d6e85dd58eab1e,19,19,6921601041596,6921601.041596000000
2024-12-01,14,1843247582,a5588f7cdf560811710a2d82d3c9c99769db1dcb,99,93,6722585841115,6722585.841115000000
2024-12-01,15,1766050915,b2f72662ed42067ccce278f8462a0215b6adcabb,7,4,6454319728603,6454319.728603000000
2024-12-01,16,1973235910,4095f064b8d3c3548a3bebfd0bbfd04750e30077,23,20,4699110001146,4699110.001146000000
2024-12-01,17,-73887342,12db556e5313e3954f146339586dbdfe18dc9467,41,41,3333772276156,3333772.276156000000
2024-12-01,18,1728729509,f081470f5c6fbccf48cc4e5b82dd926409dcdd67,56,55,3216825838820,3216825.838820000000
2024-12-01,19,2054943978,6a000f20005980200259b80c5102003040001068,50,46,2892319848810,2892319.848810000000
2024-12-01,20,1490507434,00000000009e50a7ddb7a7b0e2ee6604fd120e49,45,41,2473390610004,2473390.610004000000
2024-12-01,21,1699176572,51c72848c68a965f66fa7a88855f9f7784502a7f,115,77,2390733202561,2390733.202561000000
2024-12-01,22,1900373004,ef484de8c07b6e2d732a92b5f78e81b38f99f95e,26,26,2230175033981,2230175.033981000000
2024-12-01,23,-85491778,36265ccb447d33aa7b4dcf0830b5fcdd91dbd5d1,6,4,2075914798032,2075914.798032000000
2024-12-01,24,1852340564,625e92624bc2d88619accc1788365a69767f6200,60,59,2061543333009,2061543.333009000000
2024-12-01,25,1909973984,9e10f9fb6f0d32b350cee2618662243d4f24c64a,19,19,1970697880930,1970697.880930000000
2024-12-01,26,897164624,b1748c79709f4ba2dd82834b8c82d4a505003f27,3,3,1745120251253,1745120.251253000000
2024-12-01,27,2145174805,70bf6634ee8cb27d04478f184b9b8bb13e5f4710,152,147,1683690163170,1683690.163170000000
2024-12-01,28,-61743306,3451b6b219478037a1ac572706627fc2bda1e812,47,45,1541675679344,1541675.679344000000
2024-12-01,29,2120857848,1f2f10d1c40777ae1da742455c65828ff36df387,8,8,1355105598210,1355105.598210000000
2024-12-01,30,1809895134,d59d7a9698eff3e68e0af7e803d4ed35e7ed12d2,5,5,1309441190000,1309441.190000000000
2024-12-01,31,2068491642,0f4a1d7fdf4890be35e71f3e0bbc4a0ec377eca3,8,8,1089052772942,1089052.772942000000
2024-12-01,32,2106713580,e6b1de575e7e610889ea21024834e120f92033a3,13,12,886516491485,886516.491485000000
2024-12-01,33,2046320383,dd2e0d86a45e4ef9bd490c2809e6405720cc357c,159,159,808963136495,808963.136495000000
2024-12-01,34,-23494170,d7852e139a7097e119623de0751ae53a61efb442,19,15,793189855292,793189.855292000000
2024-12-01,35,1381791786,1111111254eeb25477b68fb85ed929f73a960582,6,6,731326859252,731326.859252000000
2024-12-01,36,2020598735,ecd7eef15713997528896cb5db7ec316db4c2101,31,30,687586423783,687586.423783000000
2024-12-01,37,-39163961,000010036c0190e009a000d0fc3541100a07380a,19,19,656011333969,656011.333969000000
2024-12-01,38,2142620231,265936cb49db9aea4cb0780153f43981b0f003b9,5,5,492626185029,492626.185029000000
2024-12-01,39,679975527,7a082f34519306057d644f87c7c95474717b643d,7,7,478905499914,478905.499914000000
2024-12-01,40,785363134,5191bc74f0825c7b15b89215969f69aa22df9d6e,5,5,468894338639,468894.338639000000
2024-12-01,41,-52470775,e009f00e200a090090fc70e02d70b232000c0802,9,6,467665191142,467665.191142000000
2024-12-01,42,1911778548,e07a16358aa878cbda2d49a88e5106871e0db307,5,5,390265989977,390265.989977000000
2024-12-01,43,2088341827,16c6521dff6bab339122a0fe25a9116693265353,8,8,384305529318,384305.529318000000
2024-12-01,44,1899934735,111111125421ca6dc452d289314280a0f8842a65,4,4,355740000000,355740.000000000000
2024-12-01,45,-136048499,81463b0f960f247f704377661ec81c1fd65b5128,7,7,343402592014,343402.592014000000
2024-12-01,46,867588846,4a14347083b80e5216ca31350a2d21702ac3650d,179,179,331519778827,331519.778827000000
2024-12-01,47,-51570345,c1e3d85984c5ffb839e1af9d30604196651f4ffb,2,2,319940283950,319940.283950000000
2024-12-01,48,2017194351,8fc150007aa3803c6f70629786f5848e337c7e20,5,4,307096056870,307096.056870000000
2024-12-01,49,1298780168,24902aa0cf0000a08c0ea0b003b0c0bf600000e0,7,7,298512201065,298512.201065000000
2024-12-01,50,-52898205,b28ca7e465c452ce4252598e0bc96aeba553cf82,8,7,294017156582,294017.156582000000
2024-12-01,51,-121802047,5f1dc84ba060ea3f7429c6a7bbedd9243cf1209b,2,1,279109991938,279109.991938000000
2024-12-01,52,1668023299,adc0a53095a0af87f3aa29fe0715b5c28016364e,3,3,274645589556,274645.589556000000
2024-12-01,53,616036061,74de5d4fcbf63e00296fd95d33236b9794016631,272,272,273828413191,273828.413191000000
2024-12-01,54,2001718448,4ee9775db5c1e73ea170678c109ef079b2ad4811,4,4,269742946683,269742.946683000000
2024-12-01,55,-52473322,00c600b30fb0400701010f4b080409018b9006e0,1,1,252249260850,252249.260850000000
2024-12-01,56,920300920,d38b839b70f607b7147c1190e4ec15cd32b06c3e,1,1,250866752567,250866.752567000000
2024-12-01,57,1860171395,44ac1031d245d965fe5f016da9ba643cd79f95f3,1,1,218506126541,218506.126541000000
2024-12-01,58,2132542836,aa4c9d6e5e349f319abb625aa8dca5f52abea757,69,69,192511119619,192511.119619000000
2024-12-01,59,-108180297,8e354f07ac2073a38cdc817cb8cebc8cd219ccbd,3,3,174099717632,174099.717632000000
2024-12-01,60,1741962330,048060a5d996d20997e80f5b082de8ce5da3f852,1,1,169602889244,169602.889244000000
2024-12-01,61,1949525650,63e988f4b30245f9f4ee898531e0be3fee20b170,1,1,139607903821,139607.903821000000
2024-12-01,62,1703836594,d3f5c377a8506af29aeafbc90d1e5c6534f197b4,14,14,135994670435,135994.670435000000
2024-12-01,63,2018557174,a8c1c98aaf99a5dfc907d61b892b2ad624901185,5,5,134170176895,134170.176895000000
2024-12-01,64,1723592854,13394005c1012e708fce1eb974f1130fdc73a5ce,110,109,124263285436,124263.285436000000
2024-12-01,65,2145165906,12d737470fb3ec6c3deec9b518100bec9d520144,14,14,121751416561,121751.416561000000
2024-12-01,66,-15985893,35bb522b102326ea3f1141661df4626c87000e3e,5,5,115738232837,115738.232837000000
2024-12-01,67,-148073324,5141b82f5ffda4c6fe1e372978f1c5427640a190,20,20,103963390559,103963.390559000000
2024-12-01,68,2122197304,f2614a233c7c3e7f08b1f887ba133a13f1eb2c55,20,18,101819740922,101819.740922000000
2024-12-01,69,1530950356,ade1e3b40b58e51df923cfbffcfb3502a5b07d1a,1,1,101766976287,101766.976287000000
2024-12-01,70,1870179002,ac140648435d03f784879cd789130f22ef588fcd,1,1,100001000000,100001.000000000000
2024-12-01,71,1364872031,1231deb6f5749ef6ce6943a275a1d3e7486f4eae,24,18,92855075166,92855.075166000000
2024-12-01,72,2075330537,2593154f192f46f65a4a0315a5d77556d5d3d264,2,2,91104098202,91104.098202000000
2024-12-01,73,-124381488,9301c94dbf3a25ef8a7b21b273c76f6350adfdbc,1,1,82769442364,82769.442364000000
2024-12-01,74,-81935873,6bb000067005450704003100632eb93ea00c0000,3,3,71088900401,71088.900401000000
2024-12-01,75,-28838201,e46803e65bbaa9b989800c6c21dc872a1dfe3a56,20,18,60704420000,60704.420000000000
2024-12-01,76,1812958409,22ce84a7f86662b78e49c6ec9e51d60fdde7b70a,21,21,51409061811,51409.061811000000
2024-12-01,77,-108266926,7ae5c4cf5cddfbda870a80d021997d8a04f4ff11,1,1,50000000000,50000.000000000000
2024-12-01,78,1715474201,78f8bd884c3d738b74b420540659c82f392820e0,3,3,40917770875,40917.770875000000
2024-12-01,79,-15964848,225a38bc71102999dd13478bfabd7c4d53f2dc17,3,2,37029284796,37029.284796000000
2024-12-01,80,1113847572,663dc15d3c1ac63ff12e45ab68fea3f0a883c251,7,5,32120531551,32120.531551000000
2024-12-01,81,1526126162,2f2dd99235cb728fc79af575f1325eaa270f0c99,15,15,31938222894,31938.222894000000
2024-12-01,82,-153802610,9c15c190a3fea7870b696a881d8aa21439a40def,6,3,30855838084,30855.838084000000
2024-12-01,83,1499339893,471d69f435df6464f3c3e655093040d81926927c,16,16,27199120678,27199.120678000000
2024-12-01,84,1919949845,2a9a8736eab7a426e1d0ee5c1969620c68c20dac,1,1,25540000000,25540.000000000000
2024-12-01,85,1587123400,a7ca2c8673bcfa5a26d8ceec2887f2cc2b0db22a,20,20,24924150000,24924.150000000000
2024-12-01,86,2021323406,2e7111ef34d39b36ec84c656b947ca746e495ff6,1,1,22013104300,22013.104300000000
2024-12-01,87,1586252096,3fc91a3afd70395cd496c647d5a6cc9d4b2b7fad,57,46,21471612218,21471.612218000000
2024-12-01,88,1945642857,a1512ed25d889cf24027ddc6606877e108110e6f,3,3,19987016057,19987.016057000000
2024-12-01,89,1017777495,b902d1130463307232b5195da3271c4848132dae,1,1,17500000000,17500.000000000000
2024-12-01,90,1574735975,000000d40b595b94918a28b27d1e2c66f43a51d3,2,2,15999626085,15999.626085000000
2024-12-01,91,-132303752,03bd055aaa45286465e668ad22adc0320ca00003,2,1,15542662062,15542.662062000000
2024-12-01,92,1699868061,ba445823018a83ed48a04a30cfbbeb4b70ceedad,5,5,14723752005,14723.752005000000
2024-12-01,93,1696446561,00000047bb99ea4d791bb749d970de71ee0b1a34,5,5,14723752005,14723.752005000000
2024-12-01,94,2034702912,b300000b72deaeb607a12d5f54773d1c19c7028d,12,12,13419305968,13419.305968000000
2024-12-01,95,-109884736,3bfe65f217df9ad7358698580aeb47f692241c48,4,2,13136918565,13136.918565000000
2024-12-01,96,765147013,df15ddb8a27e689f3b43d60c3bf13c3f312d388a,1,1,11269413522,11269.413522000000
2024-12-01,97,1111825949,d46803aad5a85caf89d8cee34c63552724e965d2,2,1,9882670000,9882.6700000000000000
2024-12-01,98,1964797774,19b2d250b98c302ef8c12378b5216736fa952975,3,3,9242180000,9242.1800000000000000
2024-12-01,99,1852098400,255c7705e8bb334dfcae438197f7c4297988085a,1,1,8743595270,8743.5952700000000000
2024-12-01,100,-100833991,58de74647f46683d886f8fc12198c2f53f63a7d4,6,6,8693421119,8693.4211190000000000
2025-01-01,1,1843987934,383e6b4437b59fff47b619cba855ca29342a8559,156,154,24866006418873,24866006.418873000000
2025-01-01,2,1809613945,100ae042ef0ea159ecc3513e9a378ff21f3829ba,16,16,22161346593083,22161346.593083000000
2025-01-01,3,1809958908,dfebf09498249bfaf3690c12179c78774d7c5ad3,22,22,21319347014069,21319347.014069000000
2025-01-01,4,881197687,9008d19f58aabd9ed0d60971565aa8510560ab41,119,117,14393973137850,14393973.137850000000
2025-01-01,5,1964733324,0a5ea26fdd38cf2acb06dc64198374c337879dab,3,3,7365046680000,7365046.680000000000
2025-01-01,6,1379405870,34dc124e0ea6e0cdac7605ec3c5153dca17b6ba1,5,5,7365046680000,7365046.680000000000
2025-01-01,7,-167658139,af92e072cb195e7549f18ed99e72800f9203c72d,13,11,6242743744120,6242743.744120000000
2025-01-01,8,1844716471,bbbbbbbbbb9cc5e90e3b3af64bdaf62c37eeffcb,46,28,5789627223207,5789627.223207000000
2025-01-01,9,1893386897,beef02e5e13584ab96848af90261f0c8ee04722a,57,28,5716650458996,5716650.458996000000
2025-01-01,10,1899839451,0c0d01abf3e6adfca0989ebba9d6e85dd58eab1e,19,19,5367766601865,5367766.601865000000
2025-01-01,11,1973235910,4095f064b8d3c3548a3bebfd0bbfd04750e30077,19,19,3807039352209,3807039.352209000000
2025-01-01,12,1809895134,d59d7a9698eff3e68e0af7e803d4ed35e7ed12d2,10,10,3248537960900,3248537.960900000000
2025-01-01,13,1852340564,625e92624bc2d88619accc1788365a69767f6200,63,60,2515852982220,2515852.982220000000
2025-01-01,14,-103393091,45312ea0eff7e09c83cbe249fa1d7598c4c8cd4e,31,31,2232936251191,2232936.251191000000
2025-01-01,15,2100310027,8ce3c66b4663090980f6ca05ae3bc390d74731e9,2,2,2086657506428,2086657.506428000000
2025-01-01,16,1699176572,51c72848c68a965f66fa7a88855f9f7784502a7f,90,62,2027561693422,2027561.693422000000
2025-01-01,17,1766050915,b2f72662ed42067ccce278f8462a0215b6adcabb,1,1,1720319862108,1720319.862108000000
2025-01-01,18,-148073324,5141b82f5ffda4c6fe1e372978f1c5427640a190,140,127,1400468209047,1400468.209047000000
2025-01-01,19,2120857848,1f2f10d1c40777ae1da742455c65828ff36df387,8,8,1254788564361,1254788.564361000000
2025-01-01,20,867588846,4a14347083b80e5216ca31350a2d21702ac3650d,254,254,1153569754880,1153569.754880000000
2025-01-01,21,-109884736,3bfe65f217df9ad7358698580aeb47f692241c48,5,4,1103803467335,1103803.467335000000
2025-01-01,22,1789476113,575cb828332adf5f520033bfe587e08ca4bca0ee,1,1,1024995000000,1024995.000000000000
2025-01-01,23,2054943978,6a000f20005980200259b80c5102003040001068,19,16,932617507146,932617.507146000000
2025-01-01,24,2046320383,dd2e0d86a45e4ef9bd490c2809e6405720cc357c,120,119,923338718372,923338.718372000000
2025-01-01,25,1728729509,f081470f5c6fbccf48cc4e5b82dd926409dcdd67,33,33,898379511376,898379.511376000000
2025-01-01,26,1899934735,111111125421ca6dc452d289314280a0f8842a65,20,20,897557975282,897557.975282000000
2025-01-01,27,-52473322,00c600b30fb0400701010f4b080409018b9006e0,2,2,887562590429,887562.590429000000
2025-01-01,28,1843247582,a5588f7cdf560811710a2d82d3c9c99769db1dcb,25,24,870231303961,870231.303961000000
2025-01-01,29,686826186,f0458f5e6fb9497fbfaf671d9848335b9b897899,7,7,800608473793,800608.473793000000
2025-01-01,30,1557385949,6a1fac6b3466e29421f70d6eaa91a0de0f627ea2,2,2,757480953903,757480.953903000000
2025-01-01,31,2020598735,ecd7eef15713997528896cb5db7ec316db4c2101,40,40,717782795444,717782.795444000000
2025-01-01,32,2145174805,70bf6634ee8cb27d04478f184b9b8bb13e5f4710,50,48,717319160711,717319.160711000000
2025-01-01,33,-151448992,ac956cdf91c41d5f247920ba591fb1b18a8a2982,7,6,703799074582,703799.074582000000
2025-01-01,34,-136048499,81463b0f960f247f704377661ec81c1fd65b5128,15,15,682768794077,682768.794077000000
2025-01-01,35,2088341827,16c6521dff6bab339122a0fe25a9116693265353,6,6,617867275890,617867.275890000000
2025-01-01,36,1663246624,cf5540fffcdc3d510b18bfca6d2b9987b0772559,8,8,522771444373,522771.444373000000
2025-01-01,37,743243994,e0019d15f39ec9e8007acd7ca0776dd90eb3d333,6,6,459544874559,459544.874559000000
2025-01-01,38,-70515148,b8e12daf63314a9baa71b1e39baa4538637bf138,2,2,434000000000,434000.000000000000
2025-01-01,39,-120292250,2bba09866b6f1025258542478c39720a09b728bf,11,7,302520476752,302520.476752000000
2025-01-01,40,-51570345,c1e3d85984c5ffb839e1af9d30604196651f4ffb,1,1,299233958065,299233.958065000000
2025-01-01,41,1490507434,00000000009e50a7ddb7a7b0e2ee6604fd120e49,26,25,298234777943,298234.777943000000
2025-01-01,42,-164367251,6121591077dc6898ffd7216ea1b56cb890b3f84d,6,6,278035381214,278035.381214000000
2025-01-01,43,1608787768,ad3b67bca8935cb510c8d18bd45f0b94f54a968f,8,8,271600362998,271600.362998000000
2025-01-01,44,2068491642,0f4a1d7fdf4890be35e71f3e0bbc4a0ec377eca3,13,12,219329026658,219329.026658000000
2025-01-01,45,2132542836,aa4c9d6e5e349f319abb625aa8dca5f52abea757,67,65,217406142901,217406.142901000000
2025-01-01,46,1870179002,ac140648435d03f784879cd789130f22ef588fcd,1,1,199999000000,199999.000000000000
2025-01-01,47,1723592854,13394005c1012e708fce1eb974f1130fdc73a5ce,138,134,184458341772,184458.341772000000
2025-01-01,48,1364872031,1231deb6f5749ef6ce6943a275a1d3e7486f4eae,46,35,170737656924,170737.656924000000
2025-01-01,49,-90284824,00000688768803bbd44095770895ad27ad6b0d95,9,9,161890947593,161890.947593000000
2025-01-01,50,2142620231,265936cb49db9aea4cb0780153f43981b0f003b9,1,1,161100000000,161100.000000000000
2025-01-01,51,616036061,74de5d4fcbf63e00296fd95d33236b9794016631,222,222,158006890774,158006.890774000000
2025-01-01,52,2057696270,88470174477d5ffa56758162781f96a85c62cdb8,1,1,151300210691,151300.210691000000
2025-01-01,53,1526653652,504ebda83b9ef0b846c2f4c439ac091209e80e64,1,1,149866824327,149866.824327000000
2025-01-01,54,2106713580,e6b1de575e7e610889ea21024834e120f92033a3,6,6,137356069894,137356.069894000000
2025-01-01,55,1741962330,048060a5d996d20997e80f5b082de8ce5da3f852,1,1,135400000000,135400.000000000000
2025-01-01,56,-39163961,000010036c0190e009a000d0fc3541100a07380a,9,9,134285392086,134285.392086000000
2025-01-01,57,2002652117,d5d10a1e6127e1a1da975d8070813fe58752a350,1,1,120031518954,120031.518954000000
2025-01-01,58,1949463992,8b1a87076077ede7932d44d8462518ca6feb5c98,1,1,106176012325,106176.012325000000
2025-01-01,59,2017194351,8fc150007aa3803c6f70629786f5848e337c7e20,1,1,106176012325,106176.012325000000
2025-01-01,60,-164143929,ce80635c560cfaaebf0e742425a4f3648a6ec321,4,4,100000000000,100000.000000000000
2025-01-01,61,1526126162,2f2dd99235cb728fc79af575f1325eaa270f0c99,26,26,89843962611,89843.962611000000
2025-01-01,62,1900373004,ef484de8c07b6e2d732a92b5f78e81b38f99f95e,5,5,86386298339,86386.298339000000
2025-01-01,63,-52898205,b28ca7e465c452ce4252598e0bc96aeba553cf82,4,4,85037162504,85037.162504000000
2025-01-01,64,-23494170,d7852e139a7097e119623de0751ae53a61efb442,7,5,82474537798,82474.537798000000
2025-01-01,65,-165251543,05c45c965a96af8b846cc3025066d5680f31ca52,3,3,79333663854,79333.663854000000
2025-01-01,66,1587123400,a7ca2c8673bcfa5a26d8ceec2887f2cc2b0db22a,37,33,79133080457,79133.080457000000
2025-01-01,67,1298780168,24902aa0cf0000a08c0ea0b003b0c0bf600000e0,2,2,72181957432,72181.957432000000
2025-01-01,68,30616,1522900b6dafac587d499a862861c0869be6e428,2,2,71551916604,71551.916604000000
2025-01-01,69,1381791786,1111111254eeb25477b68fb85ed929f73a960582,10,10,67475882074,67475.882074000000
2025-01-01,70,-81935873,6bb000067005450704003100632eb93ea00c0000,3,3,62942525295,62942.525295000000
2025-01-01,71,1812958409,22ce84a7f86662b78e49c6ec9e51d60fdde7b70a,22,22,61269621911,61269.621911000000
2025-01-01,72,2080679857,a9048585166f4f7c4589ade19567bb538035ed36,4,4,60000000000,60000.000000000000
2025-01-01,73,-52470775,e009f00e200a090090fc70e02d70b232000c0802,4,2,56999507663,56999.507663000000
2025-01-01,74,-153802610,9c15c190a3fea7870b696a881d8aa21439a40def,14,6,55330937449,55330.937449000000
2025-01-01,75,1113847572,663dc15d3c1ac63ff12e45ab68fea3f0a883c251,14,10,53933204974,53933.204974000000
2025-01-01,76,1495245360,9dcd748f840238181c8ee9c13fab196e4ea8b407,1,1,49981431254,49981.431254000000
2025-01-01,77,1703836594,d3f5c377a8506af29aeafbc90d1e5c6534f197b4,14,14,49406144784,49406.144784000000
2025-01-01,78,-110455643,42e213a3ad048e899b89ea8cb11d21bc97b84748,2,2,40505423360,40505.423360000000
2025-01-01,79,2018557174,a8c1c98aaf99a5dfc907d61b892b2ad624901185,1,1,40000000000,40000.000000000000
2025-01-01,80,1911778548,e07a16358aa878cbda2d49a88e5106871e0db307,1,1,38153641166,38153.641166000000
2025-01-01,81,1783310839,4444aaaacdba5580282365e25b16309bd770ce4a,1,1,38153641166,38153.641166000000
2025-01-01,82,-79628324,cde51b16717139891d40a872215d96a5ef38eee0,1,1,37284289054,37284.289054000000
2025-01-01,83,-193113165,b76fc29d0bc8658d6b54e8bd515ee135380f1f82,2,2,36336181198,36336.181198000000
2025-01-01,84,2034702912,b300000b72deaeb607a12d5f54773d1c19c7028d,24,24,36244010000,36244.010000000000
2025-01-01,85,-166778176,e57aecac447dde2330f8c1c8ee3081ffd39e0348,17,12,33882509227,33882.509227000000
2025-01-01,86,-15985893,35bb522b102326ea3f1141661df4626c87000e3e,4,4,33474105986,33474.105986000000
2025-01-01,87,2122197304,f2614a233c7c3e7f08b1f887ba133a13f1eb2c55,22,19,31731238855,31731.238855000000
2025-01-01,88,-83141530,78d0ce01d2a51d9999cd681315ae677cf4a07e4f,1,1,31125643205,31125.643205000000
2025-01-01,89,2001718448,4ee9775db5c1e73ea170678c109ef079b2ad4811,2,2,27866831062,27866.831062000000
2025-01-01,90,-191424623,b51edddd8c47856d81c8681ea71404cec93e92c6,2,2,25040773008,25040.773008000000
2025-01-01,91,-128571804,ba1333333333a1ba1108e8412f11850a5c319ba9,5,5,25006782386,25006.782386000000
2025-01-01,92,1715474201,78f8bd884c3d738b74b420540659c82f392820e0,3,3,19516634148,19516.634148000000
2025-01-01,93,439855721,f7cbe3ed329d4d3297ced3e6f7e3f842225c668a,29,29,19503740000,19503.740000000000
2025-01-01,94,1338576819,d3f64baa732061f8b3626ee44bab354f854877ac,14,7,18800632131,18800.632131000000
2025-01-01,95,1449525209,a1b26f61a9f82ac46d2e156e03cc45720f1a8778,2,2,18139317290,18139.317290000000
2025-01-01,96,1586252096,3fc91a3afd70395cd496c647d5a6cc9d4b2b7fad,61,53,17992023797,17992.023797000000
2025-01-01,97,2100225481,f77f4b89f2080658be59601c23c66897d7f3195d,1,1,15933210000,15933.210000000000
2025-01-01,98,1954751528,bc8552339da68eb65c8b88b414b5854e0e366cfc,3,3,14688945784,14688.945784000000
2025-01-01,99,-28838201,e46803e65bbaa9b989800c6c21dc872a1dfe3a56,9,7,13155680000,13155.680000000000
2025-01-01,100,-187498783,488c67d2de5350cbe06b2d42bb8774e3c7fef20a,2,2,12851979690,12851.979690000000
2025-02-01,1,1843987934,383e6b4437b59fff47b619cba855ca29342a8559,583,572,91471139505096,91471139.505096000000
2025-02-01,2,1699176572,51c72848c68a965f66fa7a88855f9f7784502a7f,874,788,89552459069942,89552459.069942000000
2025-02-01,3,881197687,9008d19f58aabd9ed0d60971565aa8510560ab41,626,553,83267430359395,83267430.359395000000
2025-02-01,4,1809613945,100ae042ef0ea159ecc3513e9a378ff21f3829ba,29,29,52774433130756,52774433.130756000000
2025-02-01,5,1809958908,dfebf09498249bfaf3690c12179c78774d7c5ad3,39,39,49936283840000,49936283.840000000000
2025-02-01,6,-128571804,ba1333333333a1ba1108e8412f11850a5c319ba9,260,259,30910945425957,30910945.425957000000
2025-02-01,7,1899839451,0c0d01abf3e6adfca0989ebba9d6e85dd58eab1e,189,186,23614492251172,23614492.251172000000
2025-02-01,8,-191424623,b51edddd8c47856d81c8681ea71404cec93e92c6,130,130,18626489707458,18626489.707458000000
2025-02-01,9,-148073324,5141b82f5ffda4c6fe1e372978f1c5427640a190,302,281,18151672140578,18151672.140578000000
2025-02-01,10,1766050915,b2f72662ed42067ccce278f8462a0215b6adcabb,9,8,12110085394310,12110085.394310000000
2025-02-01,11,2054943978,6a000f20005980200259b80c5102003040001068,117,105,9917959274493,9917959.274493000000
2025-02-01,12,-167658139,af92e072cb195e7549f18ed99e72800f9203c72d,40,31,9049093054571,9049093.054571000000
2025-02-01,13,1891170422,0591926d5d3b9cc48ae6efb8db68025ddc3adfa5,5,5,9000000000000,9000000.000000000000
2025-02-01,14,2020598735,ecd7eef15713997528896cb5db7ec316db4c2101,215,214,8773690037558,8773690.037558000000
2025-02-01,15,-52473322,00c600b30fb0400701010f4b080409018b9006e0,38,27,7179160628175,7179160.628175000000
2025-02-01,16,-103393091,45312ea0eff7e09c83cbe249fa1d7598c4c8cd4e,64,64,6371858442626,6371858.442626000000
2025-02-01,17,1973235910,4095f064b8d3c3548a3bebfd0bbfd04750e30077,46,44,5515673452352,5515673.452352000000
2025-02-01,18,1852340564,625e92624bc2d88619accc1788365a69767f6200,152,150,4123527609294,4123527.609294000000
2025-02-01,19,1844716471,bbbbbbbbbb9cc5e90e3b3af64bdaf62c37eeffcb,46,27,4000981566115,4000981.566115000000
2025-02-01,20,1893386897,beef02e5e13584ab96848af90261f0c8ee04722a,61,25,3957031232840,3957031.232840000000
2025-02-01,21,2068491642,0f4a1d7fdf4890be35e71f3e0bbc4a0ec377eca3,91,88,3595145628887,3595145.628887000000
2025-02-01,22,867588846,4a14347083b80e5216ca31350a2d21702ac3650d,257,257,3491246407454,3491246.407454000000
2025-02-01,23,2046320383,dd2e0d86a45e4ef9bd490c2809e6405720cc357c,373,370,3436889675590,3436889.675590000000
2025-02-01,24,2106713580,e6b1de575e7e610889ea21024834e120f92033a3,66,60,2897410792465,2897410.792465000000
2025-02-01,25,1071951088,bd6dddc5e55831ae7f4defce030f034a1548c4e7,3,3,2498506327000,2498506.327000000000
2025-02-01,26,2120857848,1f2f10d1c40777ae1da742455c65828ff36df387,66,65,2289047569713,2289047.569713000000
2025-02-01,27,-39163961,000010036c0190e009a000d0fc3541100a07380a,46,46,2140376846801,2140376.846801000000
2025-02-01,28,937057252,5baac7ccda079839c9524b90df81720834fc039f,6,6,1765409263523,1765409.263523000000
2025-02-01,29,-23494170,d7852e139a7097e119623de0751ae53a61efb442,17,12,1560103666958,1560103.666958000000
2025-02-01,30,1809895134,d59d7a9698eff3e68e0af7e803d4ed35e7ed12d2,5,5,1517566218100,1517566.218100000000
2025-02-01,31,-195459043,a0f408a000017007015e0f00320e470d00090a5b,17,12,1374463296540,1374463.296540000000
2025-02-01,32,1490507434,00000000009e50a7ddb7a7b0e2ee6604fd120e49,116,110,1321619196753,1321619.196753000000
2025-02-01,33,-136048499,81463b0f960f247f704377661ec81c1fd65b5128,82,72,1251594291540,1251594.291540000000
2025-02-01,34,1899934735,111111125421ca6dc452d289314280a0f8842a65,17,17,1248204422973,1248204.422973000000
2025-02-01,35,1843247582,a5588f7cdf560811710a2d82d3c9c99769db1dcb,93,92,1142227203693,1142227.203693000000
2025-02-01,36,-61759071,6aa7a8539543210563af6cf575cc5079b194d0c8,12,11,951954489893,951954.489893000000
2025-02-01,37,1668023299,adc0a53095a0af87f3aa29fe0715b5c28016364e,25,24,875861392983,875861.392983000000
2025-02-01,38,-15964848,225a38bc71102999dd13478bfabd7c4d53f2dc17,12,12,839479607411,839479.607411000000
2025-02-01,39,1900373004,ef484de8c07b6e2d732a92b5f78e81b38f99f95e,28,28,604038219228,604038.219228000000
2025-02-01,40,2132542836,aa4c9d6e5e349f319abb625aa8dca5f52abea757,193,183,582675692086,582675.692086000000
2025-02-01,41,-194524076,0d0e364aa7852291883c162b22d6d81f6355428f,104,102,559328503540,559328.503540000000
2025-02-01,42,30616,1522900b6dafac587d499a862861c0869be6e428,5,5,500212303872,500212.303872000000
2025-02-01,43,1750160248,d178255f0e2d284560ada3fcf89348d83c6dad54,1,1,500000000000,500000.000000000000
2025-02-01,44,-107365268,9d6b911199b891c55a93e4bc635bf59e33d002d8,12,12,490419253113,490419.253113000000
2025-02-01,45,1975495582,ec0b8118b52428ab839b23b3201999cc70d647e7,4,4,420131780000,420131.780000000000
2025-02-01,46,2088341827,16c6521dff6bab339122a0fe25a9116693265353,9,9,371933846570,371933.846570000000
2025-02-01,47,-109884736,3bfe65f217df9ad7358698580aeb47f692241c48,2,2,352542882346,352542.882346000000
2025-02-01,48,-120292250,2bba09866b6f1025258542478c39720a09b728bf,19,8,325088021601,325088.021601000000
2025-02-01,49,1428869988,757b69134c233b2b52d1c89cd396091501863354,3,3,306862924436,306862.924436000000
2025-02-01,50,616036061,74de5d4fcbf63e00296fd95d33236b9794016631,278,278,264431160876,264431.160876000000
2025-02-01,51,1298780168,24902aa0cf0000a08c0ea0b003b0c0bf600000e0,20,20,261924050532,261924.050532000000
2025-02-01,52,1723592854,13394005c1012e708fce1eb974f1130fdc73a5ce,282,270,247408342040,247408.342040000000
2025-02-01,53,1728729509,f081470f5c6fbccf48cc4e5b82dd926409dcdd67,50,49,231659481575,231659.481575000000
2025-02-01,54,-164367251,6121591077dc6898ffd7216ea1b56cb890b3f84d,8,8,221291921517,221291.921517000000
2025-02-01,55,-15985893,35bb522b102326ea3f1141661df4626c87000e3e,6,6,215423762194,215423.762194000000
2025-02-01,56,-121000495,3dc9a881fc9cc64730ae52b0ea9c3917ab901e40,2,2,200906071557,200906.071557000000
2025-02-01,57,1757039468,0676ee140902cd4f932f0e9246c334361bfa3e9a,1,1,199843830218,199843.830218000000
2025-02-01,58,1364872031,1231deb6f5749ef6ce6943a275a1d3e7486f4eae,91,62,182875643604,182875.643604000000
2025-02-01,59,-110455643,42e213a3ad048e899b89ea8cb11d21bc97b84748,8,7,156542982788,156542.982788000000
2025-02-01,60,-135551833,464111517a0ab2cd381690ae55474e4b9cb8e8aa,11,8,152356259799,152356.259799000000
2025-02-01,61,1798775211,c446380235892966c4f5146272b77f69c0ae168c,1,1,150327354000,150327.354000000000
2025-02-01,62,-166778176,e57aecac447dde2330f8c1c8ee3081ffd39e0348,47,33,149624654117,149624.654117000000
2025-02-01,63,-191230740,d3f72b3e91c8124dfc1b4273e93594bb00c9be6f,2,2,147001832850,147001.832850000000
2025-02-01,64,2001718448,4ee9775db5c1e73ea170678c109ef079b2ad4811,9,9,140525958454,140525.958454000000
2025-02-01,65,101763630,2dbde759110e511dbc60ba26ac949f3b0f844217,3,3,139550616316,139550.616316000000
2025-02-01,66,1587123400,a7ca2c8673bcfa5a26d8ceec2887f2cc2b0db22a,97,95,135677215408,135677.215408000000
2025-02-01,67,1381791786,1111111254eeb25477b68fb85ed929f73a960582,23,23,127350787154,127350.787154000000
2025-02-01,68,1663246624,cf5540fffcdc3d510b18bfca6d2b9987b0772559,5,5,126992300995,126992.300995000000
2025-02-01,69,897164624,b1748c79709f4ba2dd82834b8c82d4a505003f27,1,1,126631398207,126631.398207000000
2025-02-01,70,608645946,9ce6e6b60c894d1df9bc3d9d6cc969b79fb176b7,2,2,126583057056,126583.057056000000
2025-02-01,71,-200353550,4bb41165a817628992ee40ea8e92f8800f143fbd,1,1,117379010093,117379.010093000000
2025-02-01,72,-79628324,cde51b16717139891d40a872215d96a5ef38eee0,5,5,114289882107,114289.882107000000
2025-02-01,73,-114130009,15392211222b46a0ea85a9a800830486d144848d,10,10,105529502014,105529.502014000000
2025-02-01,74,1922612224,fa92e35e0c5114c224ab7752b62fb3f40dc5f1e2,2,2,101000000000,101000.000000000000
2025-02-01,75,1301743317,ad6452a9b8f10b0fe084c83c396abae96411c761,2,2,100000000000,100000.000000000000
2025-02-01,76,1741962330,048060a5d996d20997e80f5b082de8ce5da3f852,1,1,99998650000,99998.650000000000
2025-02-01,77,1765702511,cf0546f49daeede9ae5e15e4958c32bc146c6d38,1,1,99968121195,99968.121195000000
2025-02-01,78,-51570345,c1e3d85984c5ffb839e1af9d30604196651f4ffb,1,1,99967047601,99967.047601000000
2025-02-01,79,-201998870,9fdc82cfe97c6cb8fe89e23625b4746cbe8cabaf,4,4,96799846044,96799.846044000000
2025-02-01,80,-186006931,688e72142674041f8f6af4c808a4045ca1d6ac82,5,5,90287149079,90287.149079000000
2025-02-01,81,-90284824,00000688768803bbd44095770895ad27ad6b0d95,2,2,89825556851,89825.556851000000
2025-02-01,82,5065858,35c0578375d034b10dc73d8bb4d26f8c1bff0001,1,1,88301065923,88301.065923000000
2025-02-01,83,1860171395,44ac1031d245d965fe5f016da9ba643cd79f95f3,3,3,84021665215,84021.665215000000
2025-02-01,84,649308766,ddad501519d5e2b45f4cf1c6a63cb9c518e39fdc,3,3,74648823313,74648.823313000000
2025-02-01,85,2122436706,410b72ccfeacbb20a31785edaa358d25a07e143d,39,33,72947634963,72947.634963000000
2025-02-01,86,-165251543,05c45c965a96af8b846cc3025066d5680f31ca52,5,5,69099145311,69099.145311000000
2025-02-01,87,-225982425,0fcaf9659ad87d4aa9e608772367d570f07d69a3,2,2,69072508928,69072.508928000000
2025-02-01,88,1608787768,ad3b67bca8935cb510c8d18bd45f0b94f54a968f,2,2,68437658155,68437.658155000000
2025-02-01,89,-226885315,d768d1fe6ef1449a54f9409400fe9d0e4954ea3f,3,3,68091112047,68091.112047000000
2025-02-01,90,893398926,def171fe48cf0115b1d80b88dc8eab59176fee57,9,9,61930201451,61930.201451000000
2025-02-01,91,1526126162,2f2dd99235cb728fc79af575f1325eaa270f0c99,34,34,60392705503,60392.705503000000
2025-02-01,92,1703836594,d3f5c377a8506af29aeafbc90d1e5c6534f197b4,7,7,53871100066,53871.100066000000
2025-02-01,93,439855721,f7cbe3ed329d4d3297ced3e6f7e3f842225c668a,119,119,51440810000,51440.810000000000
2025-02-01,94,2018557174,a8c1c98aaf99a5dfc907d61b892b2ad624901185,6,6,50772717150,50772.717150000000
2025-02-01,95,-48607984,828ae1566824a9835acb6f565e1e9ea22bfb883a,2,2,45453118748,45453.118748000000
2025-02-01,96,2120268538,491d18ce949b293de4eeb335265edb3a0ff53c3d,2,2,39566938088,39566.938088000000
2025-02-01,97,1972942740,9af1b56acb3f0af84be68ce1a5284acc0615fadd,11,11,36233517166,36233.517166000000
2025-02-01,98,1382849642,8493eca71bbe028ce959c760e209e3ad73ecc86c,1,1,35897303900,35897.303900000000
2025-02-01,99,1946073357,000000000000232e765d898b5f1b189b5c993f05,1,1,34426095464,34426.095464000000
2025-02-01,100,1078434100,2d9639114bc042e6e5827e3a70c80cd3a26b60af,2,2,34162293178,34162.293178000000
2025-03-01,1,881197687,9008d19f58aabd9ed0d60971565aa8510560ab41,804,760,96164583445440,96164583.445440000000
2025-03-01,2,1809613945,100ae042ef0ea159ecc3513e9a378ff21f3829ba,48,48,80856214833208,80856214.833208000000
2025-03-01,3,1809958908,dfebf09498249bfaf3690c12179c78774d7c5ad3,50,50,65674267051106,65674267.051106000000
2025-03-01,4,1843987934,383e6b4437b59fff47b619cba855ca29342a8559,692,684,56578279622125,56578279.622125000000
2025-03-01,5,-128571804,ba1333333333a1ba1108e8412f11850a5c319ba9,286,286,34495234177920,34495234.177920000000
2025-03-01,6,1899839451,0c0d01abf3e6adfca0989ebba9d6e85dd58eab1e,265,255,21299054767846,21299054.767846000000
2025-03-01,7,-191424623,b51edddd8c47856d81c8681ea71404cec93e92c6,116,116,18141957051069,18141957.051069000000
2025-03-01,8,1699176572,51c72848c68a965f66fa7a88855f9f7784502a7f,369,290,17526455513065,17526455.513065000000
2025-03-01,9,867588846,4a14347083b80e5216ca31350a2d21702ac3650d,492,492,13127934327380,13127934.327380000000
2025-03-01,10,1809895134,d59d7a9698eff3e68e0af7e803d4ed35e7ed12d2,48,48,12596280177200,12596280.177200000000
2025-03-01,11,1844716471,bbbbbbbbbb9cc5e90e3b3af64bdaf62c37eeffcb,61,40,11899340629376,11899340.629376000000
2025-03-01,12,1893386897,beef02e5e13584ab96848af90261f0c8ee04722a,68,28,11563206216743,11563206.216743000000
2025-03-01,13,-148073324,5141b82f5ffda4c6fe1e372978f1c5427640a190,520,489,9764618420857,9764618.420857000000
2025-03-01,14,1766050915,b2f72662ed42067ccce278f8462a0215b6adcabb,24,20,9050532875556,9050532.875556000000
2025-03-01,15,2068491642,0f4a1d7fdf4890be35e71f3e0bbc4a0ec377eca3,198,179,8835827328549,8835827.328549000000
2025-03-01,16,2046320383,dd2e0d86a45e4ef9bd490c2809e6405720cc357c,562,536,7969898144653,7969898.144653000000
2025-03-01,17,-200353550,4bb41165a817628992ee40ea8e92f8800f143fbd,112,72,6999127837838,6999127.837838000000
2025-03-01,18,1973235910,4095f064b8d3c3548a3bebfd0bbfd04750e30077,59,55,6264597029702,6264597.029702000000
2025-03-01,19,-52473322,00c600b30fb0400701010f4b080409018b9006e0,31,22,5932321076881,5932321.076881000000
2025-03-01,20,2136052044,2cfc37c3a9fdc103374c2c343c48fef27c646b0a,267,248,4601678511883,4601678.511883000000
2025-03-01,21,1852340564,625e92624bc2d88619accc1788365a69767f6200,247,242,4523090447452,4523090.447452000000
2025-03-01,22,2054943978,6a000f20005980200259b80c5102003040001068,63,58,4403902123015,4403902.123015000000
2025-03-01,23,-186006931,688e72142674041f8f6af4c808a4045ca1d6ac82,16,16,3505195599672,3505195.599672000000
2025-03-01,24,-103393091,45312ea0eff7e09c83cbe249fa1d7598c4c8cd4e,59,59,2743402541983,2743402.541983000000
2025-03-01,25,937057252,5baac7ccda079839c9524b90df81720834fc039f,5,5,2624608715906,2624608.715906000000
2025-03-01,26,1723592854,13394005c1012e708fce1eb974f1130fdc73a5ce,622,565,1893725871133,1893725.871133000000
2025-03-01,27,2120857848,1f2f10d1c40777ae1da742455c65828ff36df387,107,103,1715117873099,1715117.873099000000
2025-03-01,28,1490507434,00000000009e50a7ddb7a7b0e2ee6604fd120e49,227,198,1595428009805,1595428.009805000000
2025-03-01,29,1899934735,111111125421ca6dc452d289314280a0f8842a65,19,19,1494905434860,1494905.434860000000
2025-03-01,30,1949525650,63e988f4b30245f9f4ee898531e0be3fee20b170,1,1,1346835494445,1346835.494445000000
2025-03-01,31,881595988,f91ac22dab2f220737398bf129194cf0bc7815b0,1,1,1346835494445,1346835.494445000000
2025-03-01,32,509793644,25854e2a49a6cdaec7f0505b4179834509038549,1,1,1344735200000,1344735.200000000000
2025-03-01,33,-136048499,81463b0f960f247f704377661ec81c1fd65b5128,89,84,1312667159392,1312667.159392000000
2025-03-01,34,-39163961,000010036c0190e009a000d0fc3541100a07380a,50,50,1311585804845,1311585.804845000000
2025-03-01,35,-194524076,0d0e364aa7852291883c162b22d6d81f6355428f,251,247,1257828374844,1257828.374844000000
2025-03-01,36,-110455643,42e213a3ad048e899b89ea8cb11d21bc97b84748,48,32,1238263968284,1238263.968284000000
2025-03-01,37,1908697701,f6d457a20fa643240fb65d65fb8c2275d056de92,5,5,1175636415454,1175636.415454000000
2025-03-01,38,-238137829,b8875c63f71eca8a116664c0a9cd55df549b1c33,4,4,1171294131215,1171294.131215000000
2025-03-01,39,2020598735,ecd7eef15713997528896cb5db7ec316db4c2101,65,65,1079708867516,1079708.867516000000
2025-03-01,40,2132542836,aa4c9d6e5e349f319abb625aa8dca5f52abea757,166,163,1079150794190,1079150.794190000000
2025-03-01,41,-70515148,b8e12daf63314a9baa71b1e39baa4538637bf138,9,9,1017517886085,1017517.886085000000
2025-03-01,42,-269964999,fb2139331532e3ee59777fbbcb14af674f3fd671,32,16,1012473231324,1012473.231324000000
2025-03-01,43,-167658139,af92e072cb195e7549f18ed99e72800f9203c72d,61,40,873202093189,873202.093189000000
2025-03-01,44,1668023299,adc0a53095a0af87f3aa29fe0715b5c28016364e,33,32,839541475019,839541.475019000000
2025-03-01,45,-171271738,313e7ef7d52f5c10ac04ebaa4d33cdc68634c212,9,9,773967359015,773967.359015000000
2025-03-01,46,2000202299,888888888889758f76e7103c6cbf23abbf58f946,9,9,773967359015,773967.359015000000
2025-03-01,47,1723640441,c30c8b862f7de6ba5d7eaeb113c78ec6b5ded04b,94,93,757763280914,757763.280914000000
2025-03-01,48,2018557174,a8c1c98aaf99a5dfc907d61b892b2ad624901185,16,16,697428391591,697428.391591000000
2025-03-01,49,1364872031,1231deb6f5749ef6ce6943a275a1d3e7486f4eae,74,60,670500944365,670500.944365000000
2025-03-01,50,-82412581,16c8bb734f59875f00c4e09f535946e237c8258c,1,1,599389186649,599389.186649000000
2025-03-01,51,1715474201,78f8bd884c3d738b74b420540659c82f392820e0,11,11,467803131662,467803.131662000000
2025-03-01,52,1587123400,a7ca2c8673bcfa5a26d8ceec2887f2cc2b0db22a,270,267,466846667412,466846.667412000000
2025-03-01,53,2106713580,e6b1de575e7e610889ea21024834e120f92033a3,64,54,433408247255,433408.247255000000
2025-03-01,54,-15964848,225a38bc71102999dd13478bfabd7c4d53f2dc17,12,12,414635216574,414635.216574000000
2025-03-01,55,616036061,74de5d4fcbf63e00296fd95d33236b9794016631,510,510,388679131206,388679.131206000000
2025-03-01,56,1966320127,e08d97e151473a848c3d9ca3f323cb720472d015,23,12,383912777642,383912.777642000000
2025-03-01,57,1298780168,24902aa0cf0000a08c0ea0b003b0c0bf600000e0,40,40,356418067995,356418.067995000000
2025-03-01,58,-191230740,d3f72b3e91c8124dfc1b4273e93594bb00c9be6f,4,4,356163486758,356163.486758000000
2025-03-01,59,1910764562,33480527561b0e6fd2b686e1595ea09dd693a4d9,1,1,322485759955,322485.759955000000
2025-03-01,60,1818512079,7d585b0e27bbb3d981b7757115ec11f47c476994,1,1,299975546000,299975.546000000000
2025-03-01,61,-200443619,06cff7088619c7178f5e14f0b119458d08d2f5ef,19,19,292183660837,292183.660837000000
2025-03-01,62,1178912834,03969341cd113fb53b18414673fa24200cafeb66,1,1,289981853682,289981.853682000000
2025-03-01,63,-79628324,cde51b16717139891d40a872215d96a5ef38eee0,28,28,279537204051,279537.204051000000
2025-03-01,64,1757039468,0676ee140902cd4f932f0e9246c334361bfa3e9a,1,1,271391826688,271391.826688000000
2025-03-01,65,1860171395,44ac1031d245d965fe5f016da9ba643cd79f95f3,1,1,257247514563,257247.514563000000
2025-03-01,66,974942776,9dbc5e35a2f1a6dc214bdb7ed7a8c706d77f0a74,3,3,231309916927,231309.916927000000
2025-03-01,67,-61759071,6aa7a8539543210563af6cf575cc5079b194d0c8,20,16,226297526281,226297.526281000000
2025-03-01,68,-100833991,58de74647f46683d886f8fc12198c2f53f63a7d4,6,4,225450861904,225450.861904000000
2025-03-01,69,1885883070,4aa7dce38f9ffa321039a0594147147469ec6d67,1,1,222957742394,222957.742394000000
2025-03-01,70,1526126162,2f2dd99235cb728fc79af575f1325eaa270f0c99,92,92,200905230139,200905.230139000000
2025-03-01,71,1811703066,2de2ee9153e603a5ca98d6fbfde23e00a44a4a12,1,1,199947733260,199947.733260000000
2025-03-01,72,-15985893,35bb522b102326ea3f1141661df4626c87000e3e,15,11,195483677032,195483.677032000000
2025-03-01,73,-135551833,464111517a0ab2cd381690ae55474e4b9cb8e8aa,28,22,194005409376,194005.409376000000
2025-03-01,74,1975495582,ec0b8118b52428ab839b23b3201999cc70d647e7,1,1,180000000000,180000.000000000000
2025-03-01,75,2088341827,16c6521dff6bab339122a0fe25a9116693265353,11,11,176853358201,176853.358201000000
2025-03-01,76,-226885315,d768d1fe6ef1449a54f9409400fe9d0e4954ea3f,11,9,174842936875,174842.936875000000
2025-03-01,77,-193670540,f0570ec48d03171a80ff796dceadf0d385a00004,4,2,164522168120,164522.168120000000
2025-03-01,78,1728729509,f081470f5c6fbccf48cc4e5b82dd926409dcdd67,93,93,160447318288,160447.318288000000
2025-03-01,79,2001718448,4ee9775db5c1e73ea170678c109ef079b2ad4811,10,10,159827785381,159827.785381000000
2025-03-01,80,1843247582,a5588f7cdf560811710a2d82d3c9c99769db1dcb,45,43,151504631720,151504.631720000000
2025-03-01,81,-58359050,07db6d3c0bccf748e18108f6143be7e39403af2d,3,3,144396397443,144396.397443000000
2025-03-01,82,1857410734,0ddc6f9ce13b985dfd730b8048014b342d1b54f7,7,7,143197979803,143197.979803000000
2025-03-01,83,101763630,2dbde759110e511dbc60ba26ac949f3b0f844217,2,2,141257344622,141257.344622000000
2025-03-01,84,1428869988,757b69134c233b2b52d1c89cd396091501863354,1,1,140645068116,140645.068116000000
2025-03-01,85,-114130009,15392211222b46a0ea85a9a800830486d144848d,6,6,137179203642,137179.203642000000
2025-03-01,86,-218266726,058d142398d5adceed6b09849924c59c5980d676,2,2,132877736800,132877.736800000000
2025-03-01,87,1812958409,22ce84a7f86662b78e49c6ec9e51d60fdde7b70a,62,62,128314572633,128314.572633000000
2025-03-01,88,2034702912,b300000b72deaeb607a12d5f54773d1c19c7028d,26,26,124087973462,124087.973462000000
2025-03-01,89,-207618797,91a25ad090166843379d26813bd1b091ea6bedbd,1,1,119265515338,119265.515338000000
2025-03-01,90,-186127490,bd216513d74c8cf14cf4747e6aaa6420ff64ee9e,4,3,109658162217,109658.162217000000
2025-03-01,91,2119266792,890651b3222d5f4164347e97e75a4615ed1ea17c,1,1,100729443281,100729.443281000000
2025-03-01,92,61956882,f9a95708b4c7fc077677c0b4cb0f4c00a69f68c4,2,2,100236953908,100236.953908000000
2025-03-01,93,1765702511,cf0546f49daeede9ae5e15e4958c32bc146c6d38,1,1,99983915186,99983.915186000000
2025-03-01,94,1530621807,f152abda9e4ce8b134ef22dc3c6ace19c4895d82,1,1,99910000000,99910.000000000000
2025-03-01,95,-219732182,85cd07ea01423b1e937929b44e4ad8c40bbb5e71,46,45,89823972260,89823.972260000000
2025-03-01,96,1741962330,048060a5d996d20997e80f5b082de8ce5da3f852,2,2,89412157787,89412.157787000000
2025-03-01,97,2125238339,f00000003d31d4ab730a8e269ae547f8f76996ba,9,9,84491849618,84491.849618000000
2025-03-01,98,875404820,74a86989a33634d6ffbdcfca03d9b46098e960d0,1,1,82317127959,82317.127959000000
2025-03-01,99,-111399962,000000000004444c5dc75cb358380d2e3de08a90,37,37,79119088061,79119.088061000000
2025-03-01,100,1381791786,1111111254eeb25477b68fb85ed929f73a960582,26,26,76982260280,76982.260280000000
2025-04-01,1,881197687,9008d19f58aabd9ed0d60971565aa8510560ab41,709,698,87862782772135,87862782.772135000000
2025-04-01,2,1843987934,383e6b4437b59fff47b619cba855ca29342a8559,411,404,33051892678588,33051892.678588000000
2025-04-01,3,1899839451,0c0d01abf3e6adfca0989ebba9d6e85dd58eab1e,212,205,22009617099851,22009617.099851000000
2025-04-01,4,-128571804,ba1333333333a1ba1108e8412f11850a5c319ba9,162,162,21055759124549,21055759.124549000000
2025-04-01,5,1893386897,beef02e5e13584ab96848af90261f0c8ee04722a,45,26,14970326685786,14970326.685786000000
2025-04-01,6,1844716471,bbbbbbbbbb9cc5e90e3b3af64bdaf62c37eeffcb,41,29,14725292698946,14725292.698946000000
2025-04-01,7,-148073324,5141b82f5ffda4c6fe1e372978f1c5427640a190,508,477,11769517744028,11769517.744028000000
2025-04-01,8,-191424623,b51edddd8c47856d81c8681ea71404cec93e92c6,55,55,10493746070671,10493746.070671000000
2025-04-01,9,1699176572,51c72848c68a965f66fa7a88855f9f7784502a7f,313,224,9790509054226,9790509.054226000000
2025-04-01,10,1809613945,100ae042ef0ea159ecc3513e9a378ff21f3829ba,8,8,9072521271034,9072521.271034000000
2025-04-01,11,1766050915,b2f72662ed42067ccce278f8462a0215b6adcabb,21,12,8892036211243,8892036.211243000000
2025-04-01,12,-186006931,688e72142674041f8f6af4c808a4045ca1d6ac82,16,16,8665494644408,8665494.644408000000
2025-04-01,13,2068491642,0f4a1d7fdf4890be35e71f3e0bbc4a0ec377eca3,199,177,8360880447651,8360880.447651000000
2025-04-01,14,1809958908,dfebf09498249bfaf3690c12179c78774d7c5ad3,11,11,8001329920000,8001329.920000000000
2025-04-01,15,1723592854,13394005c1012e708fce1eb974f1130fdc73a5ce,907,863,6876852704648,6876852.704648000000
2025-04-01,16,-200353550,4bb41165a817628992ee40ea8e92f8800f143fbd,210,167,6837851288321,6837851.288321000000
2025-04-01,17,1973235910,4095f064b8d3c3548a3bebfd0bbfd04750e30077,41,38,6778360143621,6778360.143621000000
2025-04-01,18,1723640441,c30c8b862f7de6ba5d7eaeb113c78ec6b5ded04b,912,864,6448529497456,6448529.497456000000
2025-04-01,19,-167658139,af92e072cb195e7549f18ed99e72800f9203c72d,169,122,6128229142790,6128229.142790000000
2025-04-01,20,1852340564,625e92624bc2d88619accc1788365a69767f6200,207,199,4928010368591,4928010.368591000000
2025-04-01,21,-52473322,00c600b30fb0400701010f4b080409018b9006e0,29,16,3522142185428,3522142.185428000000
2025-04-01,22,-120423127,6b6e531657cdaeaa66b47f69183d249125912ece,2,2,2705844437677,2705844.437677000000
2025-04-01,23,-194524076,0d0e364aa7852291883c162b22d6d81f6355428f,313,309,2662369007553,2662369.007553000000
2025-04-01,24,-196133129,0058faedf76999c0a4a1dcc27dc78e61dd5cc0b9,1,1,2619276021365,2619276.021365000000
2025-04-01,25,-139438563,9e2e6f632340f27233ab5a6e994d7d20cd929d54,2,2,2385955829654,2385955.829654000000
2025-04-01,26,1899934735,111111125421ca6dc452d289314280a0f8842a65,19,19,1713620298921,1713620.298921000000
2025-04-01,27,-103393091,45312ea0eff7e09c83cbe249fa1d7598c4c8cd4e,60,60,1593760184326,1593760.184326000000
2025-04-01,28,867588846,4a14347083b80e5216ca31350a2d21702ac3650d,280,280,1508015977798,1508015.977798000000
2025-04-01,29,2120857848,1f2f10d1c40777ae1da742455c65828ff36df387,52,50,1486760588826,1486760.588826000000
2025-04-01,30,-310445195,d52abafd35289749cb1587b53cdd35ebe718d583,10,6,1380988533842,1380988.533842000000
2025-04-01,31,-191230740,d3f72b3e91c8124dfc1b4273e93594bb00c9be6f,10,10,1289129028027,1289129.028027000000
2025-04-01,32,2136052044,2cfc37c3a9fdc103374c2c343c48fef27c646b0a,67,66,1140968079550,1140968.079550000000
2025-04-01,33,2054943978,6a000f20005980200259b80c5102003040001068,36,33,1082140101620,1082140.101620000000
2025-04-01,34,1809895134,d59d7a9698eff3e68e0af7e803d4ed35e7ed12d2,4,4,983742230000,983742.230000000000
2025-04-01,35,1668023299,adc0a53095a0af87f3aa29fe0715b5c28016364e,20,19,805147857860,805147.857860000000
2025-04-01,36,-136048499,81463b0f960f247f704377661ec81c1fd65b5128,56,53,771006229362,771006.229362000000
2025-04-01,37,2132542836,aa4c9d6e5e349f319abb625aa8dca5f52abea757,46,45,670532189826,670532.189826000000
2025-04-01,38,1885883070,4aa7dce38f9ffa321039a0594147147469ec6d67,2,2,641420082864,641420.082864000000
2025-04-01,39,-109884736,3bfe65f217df9ad7358698580aeb47f692241c48,15,9,626777537361,626777.537361000000
2025-04-01,40,-193670540,f0570ec48d03171a80ff796dceadf0d385a00004,4,2,621576844298,621576.844298000000
2025-04-01,41,1587123400,a7ca2c8673bcfa5a26d8ceec2887f2cc2b0db22a,366,364,608529780775,608529.780775000000
2025-04-01,42,2018557174,a8c1c98aaf99a5dfc907d61b892b2ad624901185,31,31,575956206429,575956.206429000000
2025-04-01,43,2046320383,dd2e0d86a45e4ef9bd490c2809e6405720cc357c,21,21,543363798625,543363.798625000000
2025-04-01,44,-51570345,c1e3d85984c5ffb839e1af9d30604196651f4ffb,7,7,493973498647,493973.498647000000
2025-04-01,45,2106713580,e6b1de575e7e610889ea21024834e120f92033a3,52,42,489513887883,489513.887883000000
2025-04-01,46,1490507434,00000000009e50a7ddb7a7b0e2ee6604fd120e49,99,96,438704340018,438704.340018000000
2025-04-01,47,-15985893,35bb522b102326ea3f1141661df4626c87000e3e,17,13,432789182632,432789.182632000000
2025-04-01,48,616036061,74de5d4fcbf63e00296fd95d33236b9794016631,1115,1115,401147103049,401147.103049000000
2025-04-01,49,1364872031,1231deb6f5749ef6ce6943a275a1d3e7486f4eae,369,230,387729346313,387729.346313000000
2025-04-01,50,-171271738,313e7ef7d52f5c10ac04ebaa4d33cdc68634c212,18,18,383301897173,383301.897173000000
2025-04-01,51,2000202299,888888888889758f76e7103c6cbf23abbf58f946,8,8,378105133903,378105.133903000000
2025-04-01,52,-15964848,225a38bc71102999dd13478bfabd7c4d53f2dc17,9,9,376979611851,376979.611851000000
2025-04-01,53,-269964999,fb2139331532e3ee59777fbbcb14af674f3fd671,54,50,355322632533,355322.632533000000
2025-04-01,54,1898867659,8ce45e650ab17b6ca0dd6071f7c2b5c69b5b42b2,2,2,340067777256,340067.777256000000
2025-04-01,55,937057252,5baac7ccda079839c9524b90df81720834fc039f,1,1,299965108934,299965.108934000000
2025-04-01,56,1910764562,33480527561b0e6fd2b686e1595ea09dd693a4d9,1,1,287101010986,287101.010986000000
2025-04-01,57,-39163961,000010036c0190e009a000d0fc3541100a07380a,29,29,278372984811,278372.984811000000
2025-04-01,58,1812958409,22ce84a7f86662b78e49c6ec9e51d60fdde7b70a,117,117,264759899723,264759.899723000000
2025-04-01,59,2088341827,16c6521dff6bab339122a0fe25a9116693265353,8,8,257132766606,257132.766606000000
2025-04-01,60,-200443619,06cff7088619c7178f5e14f0b119458d08d2f5ef,40,40,240610146363,240610.146363000000
2025-04-01,61,-233507126,a090fc409a9f25bf8e28257d42ef6904590c8984,8,8,238992911008,238992.911008000000
2025-04-01,62,-48607984,828ae1566824a9835acb6f565e1e9ea22bfb883a,4,3,237875493621,237875.493621000000
2025-04-01,63,-210593313,b7f764e44fc01c0b79ea4dee48d1d7664aeeb502,9,8,212659878465,212659.878465000000
2025-04-01,64,872999728,062af5c66b8581176411de7ce09f1f7ed30cac37,3,3,206158389597,206158.389597000000
2025-04-01,65,2001718448,4ee9775db5c1e73ea170678c109ef079b2ad4811,6,6,176065461052,176065.461052000000
2025-04-01,66,-79628324,cde51b16717139891d40a872215d96a5ef38eee0,21,21,174490598034,174490.598034000000
2025-04-01,67,1526126162,2f2dd99235cb728fc79af575f1325eaa270f0c99,91,88,171523606517,171523.606517000000
2025-04-01,68,-164412686,0e70821e7f2159b0bac62dee908ec86e1c7431f6,3,3,163398000000,163398.000000000000
2025-04-01,69,1499339893,471d69f435df6464f3c3e655093040d81926927c,106,106,153817137717,153817.137717000000
2025-04-01,70,-239950818,2d5805a423d6ce771f06972ad4499f120902631a,4,4,152852338727,152852.338727000000
2025-04-01,71,608645946,9ce6e6b60c894d1df9bc3d9d6cc969b79fb176b7,1,1,149601625681,149601.625681000000
2025-04-01,72,-309969137,2141af658ffda533da864dd11b2ffdb8529c8b94,3,1,148633918528,148633.918528000000
2025-04-01,73,-302386811,97e07a5501e0c915c942d5d6d6a17ac4735caf48,2,2,140171310535,140171.310535000000
2025-04-01,74,-248223196,9e836967d37b29066d451d214037244153fa4b61,103,103,139471454009,139471.454009000000
2025-04-01,75,1696446561,00000047bb99ea4d791bb749d970de71ee0b1a34,103,103,139471454009,139471.454009000000
2025-04-01,76,1728729509,f081470f5c6fbccf48cc4e5b82dd926409dcdd67,64,64,126117995678,126117.995678000000
2025-04-01,77,-240770928,d5b42153e5e876004d025dcd8578ca14eec99e63,2,2,118535083957,118535.083957000000
2025-04-01,78,-219732182,85cd07ea01423b1e937929b44e4ad8c40bbb5e71,175,167,114457187077,114457.187077000000
2025-04-01,79,-314014553,76edf8c155a1e0d9b2ad11b04d9671cbc25fee99,3,2,113128625622,113128.625622000000
2025-04-01,80,2034702912,b300000b72deaeb607a12d5f54773d1c19c7028d,64,64,112326195179,112326.195179000000
2025-04-01,81,1301743317,ad6452a9b8f10b0fe084c83c396abae96411c761,2,2,112241611473,112241.611473000000
2025-04-01,82,-313772864,1c4376780c8ce020042c674a44f185109f59b61f,2,2,103536947694,103536.947694000000
2025-04-01,83,1663246624,cf5540fffcdc3d510b18bfca6d2b9987b0772559,5,5,103420676194,103420.676194000000
2025-04-01,84,-307924637,d4e9b0d466789d7f6201442eeccba6a75a552db0,1,1,92007000501,92007.000501000000
2025-04-01,85,-260676639,ebcf37a90bf50e05c99c17995049661cafde92c5,15,15,91976434491,91976.434491000000
2025-04-01,86,1741962330,048060a5d996d20997e80f5b082de8ce5da3f852,4,4,86883871395,86883.871395000000
2025-04-01,87,-194510237,9ed181da6b359c3ee23c1d6912a6b4b0c349a165,35,35,85788664233,85788.664233000000
2025-04-01,88,-110455643,42e213a3ad048e899b89ea8cb11d21bc97b84748,4,3,78375718400,78375.718400000000
2025-04-01,89,1568388070,9106cbf2c882340b23cc40985c05648173e359e7,2,2,75150000000,75150.000000000000
2025-04-01,90,1298780168,24902aa0cf0000a08c0ea0b003b0c0bf600000e0,13,13,73184583438,73184.583438000000
2025-04-01,91,1843247582,a5588f7cdf560811710a2d82d3c9c99769db1dcb,51,46,70082205418,70082.205418000000
2025-04-01,92,28044966,8b53255ae16e0574cfef2901409a004fffe4fca8,40,40,68918440000,68918.440000000000
2025-04-01,93,1381791786,1111111254eeb25477b68fb85ed929f73a960582,32,32,66980695914,66980.695914000000
2025-04-01,94,-195459043,a0f408a000017007015e0f00320e470d00090a5b,8,5,66674491133,66674.491133000000
2025-04-01,95,1877231338,ff9b21c3bfa4bce9b20b55fed56d102ced48b0f6,22,22,65126165570,65126.165570000000
2025-04-01,96,-254185050,6a5efa07ba90c4e218185ad54e099c070b11e386,2,2,56916760348,56916.760348000000
2025-04-01,97,1543101446,6aa981bff95edfea36bdae98c26b274ffcafe8d3,17,17,47589258074,47589.258074000000
2025-04-01,98,1338576819,d3f64baa732061f8b3626ee44bab354f854877ac,60,34,46690483835,46690.483835000000
2025-04-01,99,1250544290,a9d1e08c7793af67e9d92fe308d5697fb81d3e43,11,11,45676259189,45676.259189000000
2025-04-01,100,-297753026,10100dcac00088044067a00d520a0f7900000770,2,2,44000000000,44000.000000000000
2025-05-01,1,881197687,9008d19f58aabd9ed0d60971565aa8510560ab41,586,570,90364771446028,90364771.446028000000
2025-05-01,2,1843987934,383e6b4437b59fff47b619cba855ca29342a8559,323,297,46378812440524,46378812.440524000000
2025-05-01,3,-186006931,688e72142674041f8f6af4c808a4045ca1d6ac82,21,21,36613701429856,36613701.429856000000
2025-05-01,4,2068491642,0f4a1d7fdf4890be35e71f3e0bbc4a0ec377eca3,80,58,30503070086988,30503070.086988000000
2025-05-01,5,-327933105,e983998ee26ce4b42510522d8d9c713dfe448dd1,7,7,25237833876093,25237833.876093000000
2025-05-01,6,-167658139,af92e072cb195e7549f18ed99e72800f9203c72d,106,74,14206310875508,14206310.875508000000
2025-05-01,7,1852340564,625e92624bc2d88619accc1788365a69767f6200,167,157,14004904867559,14004904.867559000000
2025-05-01,8,1899839451,0c0d01abf3e6adfca0989ebba9d6e85dd58eab1e,133,131,8762141282698,8762141.282698000000
2025-05-01,9,1723592854,13394005c1012e708fce1eb974f1130fdc73a5ce,752,734,8710040350766,8710040.350766000000
2025-05-01,10,1723640441,c30c8b862f7de6ba5d7eaeb113c78ec6b5ded04b,847,813,8546871112915,8546871.112915000000
2025-05-01,11,2020598735,ecd7eef15713997528896cb5db7ec316db4c2101,14,12,8273096150335,8273096.150335000000
2025-05-01,12,-52473322,00c600b30fb0400701010f4b080409018b9006e0,21,16,7454896531150,7454896.531150000000
2025-05-01,13,-314014553,76edf8c155a1e0d9b2ad11b04d9671cbc25fee99,65,51,6989343584271,6989343.584271000000
2025-05-01,14,743086225,245cc372c84b3645bf0ffe6538620b04a217988b,1,1,6610425091092,6610425.091092000000
2025-05-01,15,-308439145,5418226af9c8d5d287a78fbbbcd337b86ec07d61,326,324,4321836231287,4321836.231287000000
2025-05-01,16,1809613945,100ae042ef0ea159ecc3513e9a378ff21f3829ba,4,4,3462774642354,3462774.642354000000
2025-05-01,17,1809895134,d59d7a9698eff3e68e0af7e803d4ed35e7ed12d2,11,11,3222014878800,3222014.878800000000
2025-05-01,18,2120857848,1f2f10d1c40777ae1da742455c65828ff36df387,57,54,3195974832833,3195974.832833000000
2025-05-01,19,-297753026,10100dcac00088044067a00d520a0f7900000770,1,1,2795272204882,2795272.204882000000
2025-05-01,20,-323129525,6e4141d33021b52c91c28608403db4a0ffb50ec6,55,48,2781955237488,2781955.237488000000
2025-05-01,21,1891170422,0591926d5d3b9cc48ae6efb8db68025ddc3adfa5,1,1,1993083839974,1993083.839974000000
2025-05-01,22,-103393091,45312ea0eff7e09c83cbe249fa1d7598c4c8cd4e,43,43,1531815155298,1531815.155298000000
2025-05-01,23,-322013691,96779bd998538c42a1193ec0c21d2901b26e6f15,40,28,1446147106940,1446147.106940000000
2025-05-01,24,-200353550,4bb41165a817628992ee40ea8e92f8800f143fbd,40,30,1435417923910,1435417.923910000000
2025-05-01,25,2132542836,aa4c9d6e5e349f319abb625aa8dca5f52abea757,55,55,1416743695988,1416743.695988000000
2025-05-01,26,-128571804,ba1333333333a1ba1108e8412f11850a5c319ba9,65,65,1234028507874,1234028.507874000000
2025-05-01,27,867588846,4a14347083b80e5216ca31350a2d21702ac3650d,345,345,1133855986300,1133855.986300000000
2025-05-01,28,1844716471,bbbbbbbbbb9cc5e90e3b3af64bdaf62c37eeffcb,25,19,1129940706585,1129940.706585000000
2025-05-01,29,-148073324,5141b82f5ffda4c6fe1e372978f1c5427640a190,358,334,1093712479397,1093712.479397000000
2025-05-01,30,-313772864,1c4376780c8ce020042c674a44f185109f59b61f,13,10,1040462731600,1040462.731600000000
2025-05-01,31,-313854467,ca4f620a600b67430665538e33fd39546616916a,23,14,986009409979,986009.409979000000
2025-05-01,32,1457368087,a4fc1516a78bb510b41c18393d113a0a5e7387ab,2,2,975457870799,975457.870799000000
2025-05-01,33,2054943978,6a000f20005980200259b80c5102003040001068,61,55,821981456175,821981.456175000000
2025-05-01,34,1893386897,beef02e5e13584ab96848af90261f0c8ee04722a,15,8,803944648493,803944.648493000000
2025-05-01,35,-136048499,81463b0f960f247f704377661ec81c1fd65b5128,27,26,769771525418,769771.525418000000
2025-05-01,36,-341174562,2c0552e5dcb79b064fd23e358a86810bc5994244,3,2,766543812384,766543.812384000000
2025-05-01,37,1699176572,51c72848c68a965f66fa7a88855f9f7784502a7f,206,124,679769712112,679769.712112000000
2025-05-01,38,-191424623,b51edddd8c47856d81c8681ea71404cec93e92c6,22,22,623126634120,623126.634120000000
2025-05-01,39,-260676639,ebcf37a90bf50e05c99c17995049661cafde92c5,40,40,506940830860,506940.830860000000
2025-05-01,40,1809958908,dfebf09498249bfaf3690c12179c78774d7c5ad3,1,1,500000000000,500000.000000000000
2025-05-01,41,616036061,74de5d4fcbf63e00296fd95d33236b9794016631,1040,1040,493515145984,493515.145984000000
2025-05-01,42,-164422572,fa0e06b54986ad96de87a8c56fea76fbd8d493f8,15,15,434399248479,434399.248479000000
2025-05-01,43,1668023299,adc0a53095a0af87f3aa29fe0715b5c28016364e,21,20,421832257161,421832.257161000000
2025-05-01,44,1530621807,f152abda9e4ce8b134ef22dc3c6ace19c4895d82,2,2,397787335658,397787.335658000000
2025-05-01,45,1587123400,a7ca2c8673bcfa5a26d8ceec2887f2cc2b0db22a,289,287,380667967949,380667.967949000000
2025-05-01,46,-184272706,4347b972898b2fd780adbdaa29b4a5160a9f4fe5,17,10,368512975691,368512.975691000000
2025-05-01,47,1663246624,cf5540fffcdc3d510b18bfca6d2b9987b0772559,5,5,362328229348,362328.229348000000
2025-05-01,48,1535693651,3a23f943181408eac424116af7b7790c94cb97a5,12,12,351971481640,351971.481640000000
2025-05-01,49,1812958409,22ce84a7f86662b78e49c6ec9e51d60fdde7b70a,116,116,347123880190,347123.880190000000
2025-05-01,50,-308441982,d71baacbcb10720b16a63620605cb4b962c47d20,30,30,318861394981,318861.394981000000
2025-05-01,51,-15964848,225a38bc71102999dd13478bfabd7c4d53f2dc17,16,16,291944562965,291944.562965000000
2025-05-01,52,-302386811,97e07a5501e0c915c942d5d6d6a17ac4735caf48,3,2,289427514522,289427.514522000000
2025-05-01,53,1490507434,00000000009e50a7ddb7a7b0e2ee6604fd120e49,55,52,281819226956,281819.226956000000
2025-05-01,54,2062079110,6482e8fb42130b3cce53096bb035ebe79435e2d4,2,2,278330954425,278330.954425000000
2025-05-01,55,-232637266,4a6c312ec70e8747a587ee860a0353cd42be0ae0,16,16,264623250315,264623.250315000000
2025-05-01,56,974942776,9dbc5e35a2f1a6dc214bdb7ed7a8c706d77f0a74,2,2,249399248479,249399.248479000000
2025-05-01,57,-39163961,000010036c0190e009a000d0fc3541100a07380a,24,24,238616407431,238616.407431000000
2025-05-01,58,1499339893,471d69f435df6464f3c3e655093040d81926927c,114,114,237606583332,237606.583332000000
2025-05-01,59,-302926174,3363c34f9986a0a2b58bebc96dd51aa9b74a782a,34,13,231548326819,231548.326819000000
2025-05-01,60,2018557174,a8c1c98aaf99a5dfc907d61b892b2ad624901185,11,11,219765133068,219765.133068000000
2025-05-01,61,-200443619,06cff7088619c7178f5e14f0b119458d08d2f5ef,15,15,218523139926,218523.139926000000
2025-05-01,62,-90284824,00000688768803bbd44095770895ad27ad6b0d95,3,3,206653367776,206653.367776000000
2025-05-01,63,1526126162,2f2dd99235cb728fc79af575f1325eaa270f0c99,128,115,204152317142,204152.317142000000
2025-05-01,64,-254185050,6a5efa07ba90c4e218185ad54e099c070b11e386,3,3,200822950089,200822.950089000000
2025-05-01,65,2001718448,4ee9775db5c1e73ea170678c109ef079b2ad4811,2,2,186855837811,186855.837811000000
2025-05-01,66,1364872031,1231deb6f5749ef6ce6943a275a1d3e7486f4eae,247,150,178652080506,178652.080506000000
2025-05-01,67,-23494170,d7852e139a7097e119623de0751ae53a61efb442,22,20,177905097068,177905.097068000000
2025-05-01,68,1707341856,a10d05e5582abdf37b991d0b1fb5616358fbf3a8,1,1,177392013488,177392.013488000000
2025-05-01,69,872999728,062af5c66b8581176411de7ce09f1f7ed30cac37,6,6,149032776638,149032.776638000000
2025-05-01,70,-153802610,9c15c190a3fea7870b696a881d8aa21439a40def,13,6,145248519577,145248.519577000000
2025-05-01,71,2034702912,b300000b72deaeb607a12d5f54773d1c19c7028d,64,64,142244496580,142244.496580000000
2025-05-01,72,-164412686,0e70821e7f2159b0bac62dee908ec86e1c7431f6,3,3,139000000000,139000.000000000000
2025-05-01,73,2136052044,2cfc37c3a9fdc103374c2c343c48fef27c646b0a,29,29,133284821664,133284.821664000000
2025-05-01,74,-219732182,85cd07ea01423b1e937929b44e4ad8c40bbb5e71,107,101,132935886325,132935.886325000000
2025-05-01,75,-15985893,35bb522b102326ea3f1141661df4626c87000e3e,16,14,129194470223,129194.470223000000
2025-05-01,76,-307234886,12b878f50b9bd15c50f6705751f9a6f0d9179a0f,38,36,119862420000,119862.420000000000
2025-05-01,77,1696446561,00000047bb99ea4d791bb749d970de71ee0b1a34,90,90,119123836977,119123.836977000000
2025-05-01,78,-248223196,9e836967d37b29066d451d214037244153fa4b61,90,90,119123836977,119123.836977000000
2025-05-01,79,-109884736,3bfe65f217df9ad7358698580aeb47f692241c48,4,4,117924409526,117924.409526000000
2025-05-01,80,1860171395,44ac1031d245d965fe5f016da9ba643cd79f95f3,1,1,112001409811,112001.409811000000
2025-05-01,81,1762995260,091a64d13566576a4ad1dd4da7d9a915b3ca827e,1,1,110000000000,110000.000000000000
2025-05-01,82,-307924637,d4e9b0d466789d7f6201442eeccba6a75a552db0,17,17,105364515184,105364.515184000000
2025-05-01,83,-112369744,ad6cea45f98444a922a2b4fe96b8c90f0862d2f4,8,8,98959143486,98959.143486000000
2025-05-01,84,-314548744,850833c63e4214fb6eccc9b45a97232e809a919b,2,2,95862513920,95862.513920000000
2025-05-01,85,-237550007,eeeeee9ec4769a09a76a83c7bc42b185872860ee,19,19,92148043644,92148.043644000000
2025-05-01,86,-79628324,cde51b16717139891d40a872215d96a5ef38eee0,10,10,90688578348,90688.578348000000
2025-05-01,87,1113847572,663dc15d3c1ac63ff12e45ab68fea3f0a883c251,46,46,86548786146,86548.786146000000
2025-05-01,88,2122436706,410b72ccfeacbb20a31785edaa358d25a07e143d,14,8,82919308502,82919.308502000000
2025-05-01,89,-309969137,2141af658ffda533da864dd11b2ffdb8529c8b94,1,1,76303956863,76303.956863000000
2025-05-01,90,1298246639,0a869fe705ecc3986a4d9a77f305fc1667d18d6b,5,3,75862881089,75862.881089000000
2025-05-01,91,1568388070,9106cbf2c882340b23cc40985c05648173e359e7,1,1,72151914200,72151.914200000000
2025-05-01,92,-210593313,b7f764e44fc01c0b79ea4dee48d1d7664aeeb502,2,2,68917996360,68917.996360000000
2025-05-01,93,666585947,970f31ffc1429c75b0bc56c42e92a58198e858cf,2,2,68531319098,68531.319098000000
2025-05-01,94,568682815,0d30ca8dc55d1b5ef9cba4fa504da8341e252cec,1,1,68480710394,68480.710394000000
2025-05-01,95,1949525650,63e988f4b30245f9f4ee898531e0be3fee20b170,4,4,66168000000,66168.000000000000
2025-05-01,96,1229590293,a4af35efa3b56d0c4f864b6484af0c5fcd0b13e2,4,4,66168000000,66168.000000000000
2025-05-01,97,1966320127,e08d97e151473a848c3d9ca3f323cb720472d015,5,5,65740580430,65740.580430000000
2025-05-01,98,1636575522,69460570c93f9de5e2edbc3052bf10125f0ca22d,134,76,64800056309,64800.056309000000
2025-05-01,99,690298176,439b4cc1c405464060db5af91a21bca272ec5f69,6,6,60141500000,60141.500000000000
2025-05-01,100,2061959543,5b93d80da1a359340d1f339fb574bdc56763f995,1,1,57243814413,57243.814413000000
2025-06-01,1,881197687,9008d19f58aabd9ed0d60971565aa8510560ab41,521,504,36264336381840,36264336.381840000000
2025-06-01,2,1843987934,383e6b4437b59fff47b619cba855ca29342a8559,196,193,19306776272263,19306776.272263000000
2025-06-01,3,1852340564,625e92624bc2d88619accc1788365a69767f6200,192,192,12641184506874,12641184.506874000000
2025-06-01,4,1723640441,c30c8b862f7de6ba5d7eaeb113c78ec6b5ded04b,656,627,11500434754011,11500434.754011000000
2025-06-01,5,-322013691,96779bd998538c42a1193ec0c21d2901b26e6f15,168,110,10952849509290,10952849.509290000000
2025-06-01,6,1899839451,0c0d01abf3e6adfca0989ebba9d6e85dd58eab1e,135,128,10862777336031,10862777.336031000000
2025-06-01,7,1723592854,13394005c1012e708fce1eb974f1130fdc73a5ce,746,717,7650196070758,7650196.070758000000
2025-06-01,8,-167658139,af92e072cb195e7549f18ed99e72800f9203c72d,53,46,6223356405018,6223356.405018000000
2025-06-01,9,-323129525,6e4141d33021b52c91c28608403db4a0ffb50ec6,112,107,4892262021612,4892262.021612000000
2025-06-01,10,1668023299,adc0a53095a0af87f3aa29fe0715b5c28016364e,59,52,3697322332937,3697322.332937000000
2025-06-01,11,2120857848,1f2f10d1c40777ae1da742455c65828ff36df387,62,56,3362457157751,3362457.157751000000
2025-06-01,12,528978434,dcfac7ec9cd4e5b2ac06267bb30ba6ae650f18fa,12,12,2606086090000,2606086.090000000000
2025-06-01,13,-39163961,000010036c0190e009a000d0fc3541100a07380a,46,46,2298853655855,2298853.655855000000
2025-06-01,14,-148073324,5141b82f5ffda4c6fe1e372978f1c5427640a190,360,337,1897559456172,1897559.456172000000
2025-06-01,15,1699176572,51c72848c68a965f66fa7a88855f9f7784502a7f,210,136,1844722300171,1844722.300171000000
2025-06-01,16,867588846,4a14347083b80e5216ca31350a2d21702ac3650d,366,366,1662473325714,1662473.325714000000
2025-06-01,17,-313854467,ca4f620a600b67430665538e33fd39546616916a,25,16,1598318272329,1598318.272329000000
2025-06-01,18,-52473322,00c600b30fb0400701010f4b080409018b9006e0,19,10,1546871385294,1546871.385294000000
2025-06-01,19,-341174562,2c0552e5dcb79b064fd23e358a86810bc5994244,4,3,1471784632879,1471784.632879000000
2025-06-01,20,-314014553,76edf8c155a1e0d9b2ad11b04d9671cbc25fee99,25,22,1385708099348,1385708.099348000000
2025-06-01,21,2020598735,ecd7eef15713997528896cb5db7ec316db4c2101,13,13,1378468044971,1378468.044971000000
2025-06-01,22,-103393091,45312ea0eff7e09c83cbe249fa1d7598c4c8cd4e,40,40,1201758509595,1201758.509595000000
2025-06-01,23,-79628324,cde51b16717139891d40a872215d96a5ef38eee0,8,8,1066596646696,1066596.646696000000
2025-06-01,24,1809613945,100ae042ef0ea159ecc3513e9a378ff21f3829ba,2,2,1037783809741,1037783.809741000000
2025-06-01,25,2132542836,aa4c9d6e5e349f319abb625aa8dca5f52abea757,42,42,882698205879,882698.205879000000
2025-06-01,26,-308439145,5418226af9c8d5d287a78fbbbcd337b86ec07d61,200,197,752847346544,752847.346544000000
2025-06-01,27,2088341827,16c6521dff6bab339122a0fe25a9116693265353,9,9,717916310779,717916.310779000000
2025-06-01,28,1844716471,bbbbbbbbbb9cc5e90e3b3af64bdaf62c37eeffcb,21,18,624360035104,624360.035104000000
2025-06-01,29,-232637266,4a6c312ec70e8747a587ee860a0353cd42be0ae0,23,23,602669409615,602669.409615000000
2025-06-01,30,-82412581,16c8bb734f59875f00c4e09f535946e237c8258c,2,2,573337064469,573337.064469000000
2025-06-01,31,1893386897,beef02e5e13584ab96848af90261f0c8ee04722a,19,9,496287195582,496287.195582000000
2025-06-01,32,-379996193,82d88875d64d60cbe9cbea47cb960ae0f04ebd4d,167,165,485636977085,485636.977085000000
2025-06-01,33,-383489807,7882570840a97a490a37bd8db9e1ae39165bfbd6,22,21,468098266999,468098.266999000000
2025-06-01,34,-353310895,6747bcaf9bd5a5f0758cbe08903490e45ddfacb5,28,23,400044646298,400044.646298000000
2025-06-01,35,616036061,74de5d4fcbf63e00296fd95d33236b9794016631,547,547,384723579602,384723.579602000000
2025-06-01,36,1178912834,03969341cd113fb53b18414673fa24200cafeb66,1,1,293696968206,293696.968206000000
2025-06-01,37,1364872031,1231deb6f5749ef6ce6943a275a1d3e7486f4eae,429,271,293181069377,293181.069377000000
2025-06-01,38,-200443619,06cff7088619c7178f5e14f0b119458d08d2f5ef,14,14,288297099814,288297.099814000000
2025-06-01,39,1809816558,7f030dded85c2672a84b3b33528f57babbdcf7e4,6,6,286595910000,286595.910000000000
2025-06-01,40,1715474201,78f8bd884c3d738b74b420540659c82f392820e0,10,10,279647916302,279647.916302000000
2025-06-01,41,2054943978,6a000f20005980200259b80c5102003040001068,28,24,250265888811,250265.888811000000
2025-06-01,42,1490507434,00000000009e50a7ddb7a7b0e2ee6604fd120e49,17,16,248706435829,248706.435829000000
2025-06-01,43,1812958409,22ce84a7f86662b78e49c6ec9e51d60fdde7b70a,106,106,207653648678,207653.648678000000
2025-06-01,44,1975495582,ec0b8118b52428ab839b23b3201999cc70d647e7,1,1,200000000000,200000.000000000000
2025-06-01,45,-315012604,3ced11c610556e5292fbc2e75d68c3899098c14c,225,221,199596842666,199596.842666000000
2025-06-01,46,-186006931,688e72142674041f8f6af4c808a4045ca1d6ac82,4,4,175208991694,175208.991694000000
2025-06-01,47,2034702912,b300000b72deaeb607a12d5f54773d1c19c7028d,63,63,174552383306,174552.383306000000
2025-06-01,48,-344909564,fe6228a3866426e96611ed7a3d0dee918244fcb3,2,2,170000000000,170000.000000000000
2025-06-01,49,1587123400,a7ca2c8673bcfa5a26d8ceec2887f2cc2b0db22a,115,114,167563179609,167563.179609000000
2025-06-01,50,2018557174,a8c1c98aaf99a5dfc907d61b892b2ad624901185,6,6,163781465042,163781.465042000000
2025-06-01,51,1499339893,471d69f435df6464f3c3e655093040d81926927c,97,97,162298545397,162298.545397000000
2025-06-01,52,-331601069,3611b82c7b13e72b26eb0e9be0613bee7a45ac7c,8,8,148307615308,148307.615308000000
2025-06-01,53,2046320383,dd2e0d86a45e4ef9bd490c2809e6405720cc357c,37,35,129715337410,129715.337410000000
2025-06-01,54,1696446561,00000047bb99ea4d791bb749d970de71ee0b1a34,99,99,121681181089,121681.181089000000
2025-06-01,55,-248223196,9e836967d37b29066d451d214037244153fa4b61,99,99,121681181089,121681.181089000000
2025-06-01,56,-172442755,bc0663ef63add180609944c58ba7d4851890ca45,37,37,118433960786,118433.960786000000
2025-06-01,57,1526126162,2f2dd99235cb728fc79af575f1325eaa270f0c99,94,91,116847475441,116847.475441000000
2025-06-01,58,1899934735,111111125421ca6dc452d289314280a0f8842a65,13,13,112997876577,112997.876577000000
2025-06-01,59,-372669702,2face000aed2725515d21e5dea730852e82b38c5,2,2,112834190126,112834.190126000000
2025-06-01,60,-260676639,ebcf37a90bf50e05c99c17995049661cafde92c5,10,10,105980325758,105980.325758000000
2025-06-01,61,-164412686,0e70821e7f2159b0bac62dee908ec86e1c7431f6,3,3,105900000000,105900.000000000000
2025-06-01,62,-15964848,225a38bc71102999dd13478bfabd7c4d53f2dc17,2,2,105317214851,105317.214851000000
2025-06-01,63,-307234886,12b878f50b9bd15c50f6705751f9a6f0d9179a0f,35,35,101957920000,101957.920000000000
2025-06-01,64,-311317772,eb528631afefd84c69a20e6d270adf9bebbd4e38,1,1,100000000000,100000.000000000000
2025-06-01,65,1972205829,c16ab8ac8992e3ffd42e0deefef73bfedf9cb79e,11,10,96029547446,96029.547446000000
2025-06-01,66,2107825880,a1c93d2687f7014aaf588c764e3ce80af016229b,1,1,83784840000,83784.840000000000
2025-06-01,67,-290407200,b52b090837a035f93a84487e5a7d3719c32aa8a9,2,2,80571115723,80571.115723000000
2025-06-01,68,-233507126,a090fc409a9f25bf8e28257d42ef6904590c8984,1,1,75184114908,75184.114908000000
2025-06-01,69,2001718448,4ee9775db5c1e73ea170678c109ef079b2ad4811,1,1,73813547738,73813.547738000000
2025-06-01,70,-350771956,fd0b31d2e955fa55e3fa641fe90e08b677188d35,2,2,71423924228,71423.924228000000
2025-06-01,71,-313772864,1c4376780c8ce020042c674a44f185109f59b61f,7,4,67842809916,67842.809916000000
2025-06-01,72,1636575522,69460570c93f9de5e2edbc3052bf10125f0ca22d,123,65,67163102738,67163.102738000000
2025-06-01,73,-362658947,23fc436d72028d7e4fec71f214d9a00b3da5782b,1,1,66654864469,66654.864469000000
2025-06-01,74,-251041194,509b52749c2991b7472b3ee5876f5e0bca8f2429,31,31,64775608424,64775.608424000000
2025-06-01,75,1113847572,663dc15d3c1ac63ff12e45ab68fea3f0a883c251,52,52,62102783351,62102.783351000000
2025-06-01,76,-110455643,42e213a3ad048e899b89ea8cb11d21bc97b84748,2,2,60049346738,60049.346738000000
2025-06-01,77,-308441982,d71baacbcb10720b16a63620605cb4b962c47d20,48,48,58038988046,58038.988046000000
2025-06-01,78,1381791786,1111111254eeb25477b68fb85ed929f73a960582,27,27,55582976924,55582.976924000000
2025-06-01,79,-316230042,e9e8330a71912f03e54e7d93795acd9a56f070aa,1,1,50000000000,50000.000000000000
2025-06-01,80,238039705,5a08bb7df218649069cd6c218989611c9f8de942,9,9,49100413552,49100.413552000000
2025-06-01,81,-186122954,66a9893cc07d91d95644aedd05d03f95e1dba8af,125,88,48493878137,48493.878137000000
2025-06-01,82,-380013460,13ae7caffd0d83ac90c985f68c7dacc7c69f7b6b,13,13,44709603164,44709.603164000000
2025-06-01,83,1734256459,9a47f3289794e9bbc6a3c571f6d96ad4e7baed16,43,43,44021840018,44021.840018000000
2025-06-01,84,28044966,8b53255ae16e0574cfef2901409a004fffe4fca8,14,14,42707550000,42707.550000000000
2025-06-01,85,-175339681,6307119078556fc8ad77781dfc67df20d75fb4f9,5,5,37847478710,37847.478710000000
2025-06-01,86,-164422572,fa0e06b54986ad96de87a8c56fea76fbd8d493f8,6,6,36436424558,36436.424558000000
2025-06-01,87,1338576819,d3f64baa732061f8b3626ee44bab354f854877ac,41,21,36179112799,36179.112799000000
2025-06-01,88,-193587653,def1fa4cefe67365ba046a7c630d6b885298e210,1,1,35370000000,35370.000000000000
2025-06-01,89,1843247582,a5588f7cdf560811710a2d82d3c9c99769db1dcb,14,13,34683512969,34683.512969000000
2025-06-01,90,2043174998,45ca8f6d7b6cdd13effb1cd06829d1d9273a8913,1,1,34481131945,34481.131945000000
2025-06-01,91,2105845464,55877bd7f2ee37bde55ca4b271a3631f3a7ef121,22,22,31252480907,31252.480907000000
2025-06-01,92,-136053573,9bcd841436ef4f85dacefb1aec772af71619024e,1,1,31066833837,31066.833837000000
2025-06-01,93,-395784604,8ab8bbee2b7d14dd59d72982fb7268d69d0095c8,7,7,28797470000,28797.470000000000
2025-06-01,94,2062079110,6482e8fb42130b3cce53096bb035ebe79435e2d4,1,1,27118727303,27118.727303000000
2025-06-01,95,-90284824,00000688768803bbd44095770895ad27ad6b0d95,2,2,27094219511,27094.219511000000
2025-06-01,96,1535693651,3a23f943181408eac424116af7b7790c94cb97a5,21,20,26801131274,26801.131274000000
2025-06-01,97,1663246624,cf5540fffcdc3d510b18bfca6d2b9987b0772559,1,1,25933268558,25933.268558000000
2025-06-01,98,-358911545,823a72be4a57203ca71c9efe025a609b95f6207e,1,1,25915436583,25915.436583000000
2025-06-01,99,2125238339,f00000003d31d4ab730a8e269ae547f8f76996ba,2,2,25696116975,25696.116975000000
2025-06-01,100,2031114820,cf9997ff3178ee54270735fdc00d4a26730787e0,1,1,24968593846,24968.593846000000
2025-07-01,1,881197687,9008d19f58aabd9ed0d60971565aa8510560ab41,452,433,25745437763843,25745437.763843000000
2025-07-01,2,1843987934,383e6b4437b59fff47b619cba855ca29342a8559,124,124,21725387191791,21725387.191791000000
2025-07-01,3,1723640441,c30c8b862f7de6ba5d7eaeb113c78ec6b5ded04b,1015,1003,18637721642115,18637721.642115000000
2025-07-01,4,1723592854,13394005c1012e708fce1eb974f1130fdc73a5ce,1132,1107,15162765626419,15162765.626419000000
2025-07-01,5,-167658139,af92e072cb195e7549f18ed99e72800f9203c72d,72,54,10804038994092,10804038.994092000000
2025-07-01,6,-148073324,5141b82f5ffda4c6fe1e372978f1c5427640a190,507,445,10606123876450,10606123.876450000000
2025-07-01,7,1899839451,0c0d01abf3e6adfca0989ebba9d6e85dd58eab1e,65,65,8856549896707,8856549.896707000000
2025-07-01,8,1844716471,bbbbbbbbbb9cc5e90e3b3af64bdaf62c37eeffcb,61,47,8097790095808,8097790.095808000000
2025-07-01,9,-232637266,4a6c312ec70e8747a587ee860a0353cd42be0ae0,51,50,7703531973605,7703531.973605000000
2025-07-01,10,1893386897,beef02e5e13584ab96848af90261f0c8ee04722a,49,22,6424208534131,6424208.534131000000
2025-07-01,11,2120857848,1f2f10d1c40777ae1da742455c65828ff36df387,35,33,5393980485468,5393980.485468000000
2025-07-01,12,-370930303,2ad5004c60e16e54d5007c80ce329adde5b51ef5,16,9,4723200641949,4723200.641949000000
2025-07-01,13,1809895134,d59d7a9698eff3e68e0af7e803d4ed35e7ed12d2,36,36,4422344739300,4422344.739300000000
2025-07-01,14,-416311416,a7c624014699a8b537cc4b326eb65f00852ee2a3,17,12,4346672990184,4346672.990184000000
2025-07-01,15,-403967596,df31a70a21a1931e02033dbba7deace6c45cfd0f,984,983,4097277624252,4097277.624252000000
2025-07-01,16,1809613945,100ae042ef0ea159ecc3513e9a378ff21f3829ba,8,8,3936210173058,3936210.173058000000
2025-07-01,17,2054943978,6a000f20005980200259b80c5102003040001068,58,56,3829813809807,3829813.809807000000
2025-07-01,18,-322013691,96779bd998538c42a1193ec0c21d2901b26e6f15,36,24,2822138434114,2822138.434114000000
2025-07-01,19,-239950818,2d5805a423d6ce771f06972ad4499f120902631a,11,11,2725629843741,2725629.843741000000
2025-07-01,20,1852340564,625e92624bc2d88619accc1788365a69767f6200,97,97,2696189791167,2696189.791167000000
2025-07-01,21,-323129525,6e4141d33021b52c91c28608403db4a0ffb50ec6,142,123,2461927679715,2461927.679715000000
2025-07-01,22,-410780608,80f6a8a52a1e187f1ecc26ebdc96d52e34f695ea,8,6,2181977881368,2181977.881368000000
2025-07-01,23,-303667228,f0a12fefa78181a3749474db31d09524fa87b1f7,12,12,2168491866896,2168491.866896000000
2025-07-01,24,1699176572,51c72848c68a965f66fa7a88855f9f7784502a7f,209,129,1933282491892,1933282.491892000000
2025-07-01,25,-52473322,00c600b30fb0400701010f4b080409018b9006e0,4,2,1780323160507,1780323.160507000000
2025-07-01,26,867588846,4a14347083b80e5216ca31350a2d21702ac3650d,351,351,1605313263464,1605313.263464000000
2025-07-01,27,2132542836,aa4c9d6e5e349f319abb625aa8dca5f52abea757,22,21,1492886037816,1492886.037816000000
2025-07-01,28,-232630188,03b5259bd204bfd4a616e5b79b0b786d90c6c38f,33,21,1256046484501,1256046.484501000000
2025-07-01,29,-353310895,6747bcaf9bd5a5f0758cbe08903490e45ddfacb5,27,19,1228384696492,1228384.696492000000
2025-07-01,30,-425653856,3c2b42d9b5f09d52b065c3ff829ad893144a4779,11,6,1204114595865,1204114.595865000000
2025-07-01,31,2020598735,ecd7eef15713997528896cb5db7ec316db4c2101,13,13,953597522833,953597.522833000000
2025-07-01,32,-383489807,7882570840a97a490a37bd8db9e1ae39165bfbd6,36,33,912671543264,912671.543264000000
2025-07-01,33,-362658947,23fc436d72028d7e4fec71f214d9a00b3da5782b,2,1,812285550380,812285.550380000000
2025-07-01,34,-425368390,ba6d84cc7418a9c46133788c04f6a459e1fb669c,8,6,739769913711,739769.913711000000
2025-07-01,35,-195459043,a0f408a000017007015e0f00320e470d00090a5b,26,13,628837186356,628837.186356000000
2025-07-01,36,-403986125,8331f9acce69b02c281f40a00706f758665cce77,30,30,582828216735,582828.216735000000
2025-07-01,37,1899934735,111111125421ca6dc452d289314280a0f8842a65,18,18,558411389995,558411.389995000000
2025-07-01,38,-379996193,82d88875d64d60cbe9cbea47cb960ae0f04ebd4d,122,122,530251766580,530251.766580000000
2025-07-01,39,-311317772,eb528631afefd84c69a20e6d270adf9bebbd4e38,4,4,482000000000,482000.000000000000
2025-07-01,40,2034702912,b300000b72deaeb607a12d5f54773d1c19c7028d,126,126,446757850963,446757.850963000000
2025-07-01,41,1364872031,1231deb6f5749ef6ce6943a275a1d3e7486f4eae,361,224,395845025846,395845.025846000000
2025-07-01,42,-103393091,45312ea0eff7e09c83cbe249fa1d7598c4c8cd4e,17,17,388529903602,388529.903602000000
2025-07-01,43,1945591764,7a4c2448eeb7a0bc297ed47c332d1a528b5a29bc,1,1,370000000000,370000.000000000000
2025-07-01,44,1809816558,7f030dded85c2672a84b3b33528f57babbdcf7e4,7,7,364682522700,364682.522700000000
2025-07-01,45,-405551973,2905d7e4d048d29954f81b02171dd313f457a4a4,132,130,359096370448,359096.370448000000
2025-07-01,46,616036061,74de5d4fcbf63e00296fd95d33236b9794016631,490,490,330806565794,330806.565794000000
2025-07-01,47,1381791786,1111111254eeb25477b68fb85ed929f73a960582,38,38,303341670091,303341.670091000000
2025-07-01,48,-295155165,4fe93ebc4ce6ae4f81601cc7ce7139023919e003,3,3,302932867705,302932.867705000000
2025-07-01,49,-326643083,bedfac7488dccaafdd66d1d7d56349780fe0477e,3,3,302932867705,302932.867705000000
2025-07-01,50,-355864051,720e0cabef0ea2d7d37acfdb2567901d011cba3f,2,2,284238215883,284238.215883000000
2025-07-01,51,2001718448,4ee9775db5c1e73ea170678c109ef079b2ad4811,2,2,280922271136,280922.271136000000
2025-07-01,52,1587123400,a7ca2c8673bcfa5a26d8ceec2887f2cc2b0db22a,244,241,251473521355,251473.521355000000
2025-07-01,53,2046320383,dd2e0d86a45e4ef9bd490c2809e6405720cc357c,26,24,219502729158,219502.729158000000
2025-07-01,54,-15964848,225a38bc71102999dd13478bfabd7c4d53f2dc17,4,4,212580122085,212580.122085000000
2025-07-01,55,1663246624,cf5540fffcdc3d510b18bfca6d2b9987b0772559,7,7,205152919540,205152.919540000000
2025-07-01,56,-23494170,d7852e139a7097e119623de0751ae53a61efb442,20,19,201956252552,201956.252552000000
2025-07-01,57,-391104285,d4f480965d2347d421f1bec7f545682e5ec2151d,5,5,196043071345,196043.071345000000
2025-07-01,58,-313772864,1c4376780c8ce020042c674a44f185109f59b61f,3,2,187697081087,187697.081087000000
2025-07-01,59,-15985893,35bb522b102326ea3f1141661df4626c87000e3e,2,2,180858108526,180858.108526000000
2025-07-01,60,-248223196,9e836967d37b29066d451d214037244153fa4b61,96,96,161673375364,161673.375364000000
2025-07-01,61,1696446561,00000047bb99ea4d791bb749d970de71ee0b1a34,96,96,161673375364,161673.375364000000
2025-07-01,62,1741962330,048060a5d996d20997e80f5b082de8ce5da3f852,1,1,150000000000,150000.000000000000
2025-07-01,63,-200443619,06cff7088619c7178f5e14f0b119458d08d2f5ef,16,16,141833310624,141833.310624000000
2025-07-01,64,-260676639,ebcf37a90bf50e05c99c17995049661cafde92c5,13,13,137980470475,137980.470475000000
2025-07-01,65,-164412686,0e70821e7f2159b0bac62dee908ec86e1c7431f6,3,3,136742007623,136742.007623000000
2025-07-01,66,-432808808,6a0d036796cf16a84c92a2a205d45104494ddc80,1,1,135815719439,135815.719439000000
2025-07-01,67,1812958409,22ce84a7f86662b78e49c6ec9e51d60fdde7b70a,71,71,127401605828,127401.605828000000
2025-07-01,68,-313854467,ca4f620a600b67430665538e33fd39546616916a,4,2,123515147235,123515.147235000000
2025-07-01,69,-390750944,4bab2cb2ed6ee2d564ba5398cab4161d95e58f1b,67,67,120555042771,120555.042771000000
2025-07-01,70,-395784604,8ab8bbee2b7d14dd59d72982fb7268d69d0095c8,34,34,117457630000,117457.630000000000
2025-07-01,71,1499339893,471d69f435df6464f3c3e655093040d81926927c,68,68,110445489879,110445.489879000000
2025-07-01,72,-369746192,0e841149b31e4e8b0dff7e5d5ed4e94d353f56ea,42,42,104140568437,104140.568437000000
2025-07-01,73,-807033,33b41fe18d3a39046ad672f8a0c8c415454f629c,3,3,102950000000,102950.000000000000
2025-07-01,74,-425758511,d0e7095d2958159da843f7908a2f53c43eff142d,1,1,99950000000,99950.000000000000
2025-07-01,75,2097506505,aa301070448385cfaac5913a67b16c4392944a8f,29,29,94342141467,94342.141467000000
2025-07-01,76,-251041194,509b52749c2991b7472b3ee5876f5e0bca8f2429,47,47,94249881462,94249.881462000000
2025-07-01,77,2108216198,ee030ec6f4307411607e55acd08e628ae6655b86,27,27,94220520057,94220.520057000000
2025-07-01,78,238039705,5a08bb7df218649069cd6c218989611c9f8de942,4,4,92782643085,92782.643085000000
2025-07-01,79,2105845464,55877bd7f2ee37bde55ca4b271a3631f3a7ef121,65,65,87411995585,87411.995585000000
2025-07-01,80,-341174562,2c0552e5dcb79b064fd23e358a86810bc5994244,1,1,86872389251,86872.389251000000
2025-07-01,81,1490507434,00000000009e50a7ddb7a7b0e2ee6604fd120e49,14,13,84977674146,84977.674146000000
2025-07-01,82,-315012604,3ced11c610556e5292fbc2e75d68c3899098c14c,43,41,66445813418,66445.813418000000
2025-07-01,83,-254185050,6a5efa07ba90c4e218185ad54e099c070b11e386,3,3,58825526237,58825.526237000000
2025-07-01,84,-186006931,688e72142674041f8f6af4c808a4045ca1d6ac82,4,4,56385779776,56385.779776000000
2025-07-01,85,-164422572,fa0e06b54986ad96de87a8c56fea76fbd8d493f8,6,6,54368062277,54368.062277000000
2025-07-01,86,-136053573,9bcd841436ef4f85dacefb1aec772af71619024e,4,4,51946221987,51946.221987000000
2025-07-01,87,2105644690,9acc2e91f6603c80f21c3e3c4b3462b8494230a8,1,1,50042000000,50042.000000000000
2025-07-01,88,-48607984,828ae1566824a9835acb6f565e1e9ea22bfb883a,1,1,49274022912,49274.022912000000
2025-07-01,89,-186122954,66a9893cc07d91d95644aedd05d03f95e1dba8af,140,97,48500864533,48500.864533000000
2025-07-01,90,-418785806,9055a000df68551827533512e5d82a067858f2cf,2,2,45902481916,45902.481916000000
2025-07-01,91,-39163961,000010036c0190e009a000d0fc3541100a07380a,16,16,43626409992,43626.409992000000
2025-07-01,92,1972205829,c16ab8ac8992e3ffd42e0deefef73bfedf9cb79e,6,6,43191304290,43191.304290000000
2025-07-01,93,-418763531,3ce74b40d57aece9b02d258466eaac0c645232bc,1,1,42749617373,42749.617373000000
2025-07-01,94,-79628324,cde51b16717139891d40a872215d96a5ef38eee0,2,2,42077689366,42077.689366000000
2025-07-01,95,-405694348,b8b5382faf19c4264b0c8b5e826ab9d515612192,2,2,41963094285,41963.094285000000
2025-07-01,96,28044966,8b53255ae16e0574cfef2901409a004fffe4fca8,22,22,41390420000,41390.420000000000
2025-07-01,97,1535693651,3a23f943181408eac424116af7b7790c94cb97a5,56,56,38082089533,38082.089533000000
2025-07-01,98,2018557174,a8c1c98aaf99a5dfc907d61b892b2ad624901185,14,14,37418340545,37418.340545000000
2025-07-01,99,-331601069,3611b82c7b13e72b26eb0e9be0613bee7a45ac7c,4,4,35614646204,35614.646204000000
2025-07-01,100,765147013,df15ddb8a27e689f3b43d60c3bf13c3f312d388a,20,20,35246359182,35246.359182000000
2025-08-01,1,1843987934,383e6b4437b59fff47b619cba855ca29342a8559,334,334,107224123682190,107224123.6821900000
2025-08-01,2,-99619558,1601843c5e9bc251a3272907010afa41fa18347e,123,123,75016389038617,75016389.038617000000
2025-08-01,3,881197687,9008d19f58aabd9ed0d60971565aa8510560ab41,636,622,56257770058997,56257770.058997000000
2025-08-01,4,1809895134,d59d7a9698eff3e68e0af7e803d4ed35e7ed12d2,263,263,33610356895400,33610356.895400000000
2025-08-01,5,1809613945,100ae042ef0ea159ecc3513e9a378ff21f3829ba,30,30,33361680610000,33361680.610000000000
2025-08-01,6,1699176572,51c72848c68a965f66fa7a88855f9f7784502a7f,343,247,18125850180723,18125850.180723000000
2025-08-01,7,1723592854,13394005c1012e708fce1eb974f1130fdc73a5ce,1142,1107,13996059895865,13996059.895865000000
2025-08-01,8,-416311416,a7c624014699a8b537cc4b326eb65f00852ee2a3,119,100,10712969798888,10712969.798888000000
2025-08-01,9,1899839451,0c0d01abf3e6adfca0989ebba9d6e85dd58eab1e,117,117,10588538175188,10588538.175188000000
2025-08-01,10,-323129525,6e4141d33021b52c91c28608403db4a0ffb50ec6,248,228,9633746119730,9633746.119730000000
2025-08-01,11,-148073324,5141b82f5ffda4c6fe1e372978f1c5427640a190,719,622,8511691153361,8511691.153361000000
2025-08-01,12,1723640441,c30c8b862f7de6ba5d7eaeb113c78ec6b5ded04b,1278,1264,6745488452635,6745488.452635000000
2025-08-01,13,-52473322,00c600b30fb0400701010f4b080409018b9006e0,45,36,6534156463494,6534156.463494000000
2025-08-01,14,1892778593,07757d335c644ede3e1d89a30c1234b4b08a82d3,28,28,6492846956447,6492846.956447000000
2025-08-01,15,2054943978,6a000f20005980200259b80c5102003040001068,105,79,6361100227749,6361100.227749000000
2025-08-01,16,-186006931,688e72142674041f8f6af4c808a4045ca1d6ac82,32,32,6183733000668,6183733.000668000000
2025-08-01,17,1844716471,bbbbbbbbbb9cc5e90e3b3af64bdaf62c37eeffcb,52,38,5504459967324,5504459.967324000000
2025-08-01,18,1893386897,beef02e5e13584ab96848af90261f0c8ee04722a,62,33,5285792693000,5285792.693000000000
2025-08-01,19,-167658139,af92e072cb195e7549f18ed99e72800f9203c72d,49,36,4065009033045,4065009.033045000000
2025-08-01,20,2120857848,1f2f10d1c40777ae1da742455c65828ff36df387,63,63,3820958116173,3820958.116173000000
2025-08-01,21,-232637266,4a6c312ec70e8747a587ee860a0353cd42be0ae0,40,37,3739736258474,3739736.258474000000
2025-08-01,22,606012732,ccb8e090fe070945cc0131a075b6e1ea8f208812,15,15,3661977577551,3661977.577551000000
2025-08-01,23,1852340564,625e92624bc2d88619accc1788365a69767f6200,119,119,3175455108268,3175455.108268000000
2025-08-01,24,-341174562,2c0552e5dcb79b064fd23e358a86810bc5994244,21,19,3153096071600,3153096.071600000000
2025-08-01,25,-475095854,10a260e6710beac9fa7515778e6aa7ea66666666,24,24,2854129026783,2854129.026783000000
2025-08-01,26,-478833132,365084b05fa7d5028346bd21d842ed0601bab5b8,22,18,2395273822557,2395273.822557000000
2025-08-01,27,-449367349,0e5891850bb3f03090f03010000806f080040100,75,51,2315601200516,2315601.200516000000
2025-08-01,28,2088341827,16c6521dff6bab339122a0fe25a9116693265353,27,25,2144587613414,2144587.613414000000
2025-08-01,29,1321009916,5b9effdcbd65946f2b143725dc244563248aa4ee,15,15,2045996100926,2045996.100926000000
2025-08-01,30,1668023299,adc0a53095a0af87f3aa29fe0715b5c28016364e,28,28,1945541319910,1945541.319910000000
2025-08-01,31,-353310895,6747bcaf9bd5a5f0758cbe08903490e45ddfacb5,77,66,1929263634452,1929263.634452000000
2025-08-01,32,528978434,dcfac7ec9cd4e5b2ac06267bb30ba6ae650f18fa,11,11,1802447090000,1802447.090000000000
2025-08-01,33,-403967596,df31a70a21a1931e02033dbba7deace6c45cfd0f,928,928,1748996706821,1748996.706821000000
2025-08-01,34,-472847201,779224df1c756b4edd899854f32a53e8c2b2ce5d,42,42,1706822235026,1706822.235026000000
2025-08-01,35,-23494170,d7852e139a7097e119623de0751ae53a61efb442,55,44,1690700023874,1690700.023874000000
2025-08-01,36,867588846,4a14347083b80e5216ca31350a2d21702ac3650d,439,439,1452435973620,1452435.973620000000
2025-08-01,37,-350771956,fd0b31d2e955fa55e3fa641fe90e08b677188d35,7,7,1419193963206,1419193.963206000000
2025-08-01,38,-238137829,b8875c63f71eca8a116664c0a9cd55df549b1c33,4,4,1371181813898,1371181.813898000000
2025-08-01,39,-425368390,ba6d84cc7418a9c46133788c04f6a459e1fb669c,22,16,1259697632209,1259697.632209000000
2025-08-01,40,-103393091,45312ea0eff7e09c83cbe249fa1d7598c4c8cd4e,30,30,1211728055086,1211728.055086000000
2025-08-01,41,-391104285,d4f480965d2347d421f1bec7f545682e5ec2151d,9,9,1132393000000,1132393.000000000000
2025-08-01,42,-15964848,225a38bc71102999dd13478bfabd7c4d53f2dc17,2,2,1040279880000,1040279.880000000000
2025-08-01,43,1899934735,111111125421ca6dc452d289314280a0f8842a65,27,27,978905262513,978905.262513000000
2025-08-01,44,937057252,5baac7ccda079839c9524b90df81720834fc039f,1,1,900000000000,900000.000000000000
2025-08-01,45,2046320383,dd2e0d86a45e4ef9bd490c2809e6405720cc357c,135,133,665801479971,665801.479971000000
2025-08-01,46,595395132,a3e56a7d3c97681d443de712e3d397d8d8d8a077,2,2,620318820873,620318.820873000000
2025-08-01,47,-498640766,1484485f1ba8ff4d88bb1a8e7f131dd6f1910edb,19,14,601574306695,601574.306695000000
2025-08-01,48,-15985893,35bb522b102326ea3f1141661df4626c87000e3e,13,13,570584400216,570584.400216000000
2025-08-01,49,1908536427,1844bf6ce8d1b7457c983474186202974d9906be,9,9,545730790840,545730.790840000000
2025-08-01,50,1587123400,a7ca2c8673bcfa5a26d8ceec2887f2cc2b0db22a,391,388,528092101204,528092.101204000000
2025-08-01,51,2132542836,aa4c9d6e5e349f319abb625aa8dca5f52abea757,16,16,519017844890,519017.844890000000
2025-08-01,52,-480909574,7131e29b5000a3c061457be62ef513f115ea447b,1,1,502000000000,502000.000000000000
2025-08-01,53,-326643083,bedfac7488dccaafdd66d1d7d56349780fe0477e,2,2,494371172533,494371.172533000000
2025-08-01,54,-295155165,4fe93ebc4ce6ae4f81601cc7ce7139023919e003,2,2,494371172533,494371.172533000000
2025-08-01,55,1490507434,00000000009e50a7ddb7a7b0e2ee6604fd120e49,63,60,466463977814,466463.977814000000
2025-08-01,56,2034702912,b300000b72deaeb607a12d5f54773d1c19c7028d,56,54,446490043205,446490.043205000000
2025-08-01,57,2000202299,888888888889758f76e7103c6cbf23abbf58f946,2,2,403065794175,403065.794175000000
2025-08-01,58,1885883070,4aa7dce38f9ffa321039a0594147147469ec6d67,1,1,389937429260,389937.429260000000
2025-08-01,59,1364872031,1231deb6f5749ef6ce6943a275a1d3e7486f4eae,515,273,368464878179,368464.878179000000
2025-08-01,60,1964945801,44b7dee383e419c48d77706c1e36ad8e1b460e19,1,1,364969781263,364969.781263000000
2025-08-01,61,1486487625,c5eb6dfd56a42cf639b230cb59326304ee5c4906,3,3,353680000000,353680.000000000000
2025-08-01,62,-403986125,8331f9acce69b02c281f40a00706f758665cce77,26,26,352088688834,352088.688834000000
2025-08-01,63,616036061,74de5d4fcbf63e00296fd95d33236b9794016631,428,428,292517511983,292517.511983000000
2025-08-01,64,-370795260,982464e3c899c70305ce889ec59184201e5d7a2e,3,3,287229342426,287229.342426000000
2025-08-01,65,-369746192,0e841149b31e4e8b0dff7e5d5ed4e94d353f56ea,95,95,279963291280,279963.291280000000
2025-08-01,66,2142620231,265936cb49db9aea4cb0780153f43981b0f003b9,5,5,277667982126,277667.982126000000
2025-08-01,67,-449445880,b141f554188cf306fde443f6e991949636f80e49,69,69,250155140740,250155.140740000000
2025-08-01,68,-438887604,0c0435519ac226010638a61fd1d1bc652b5434de,6,6,249740632763,249740.632763000000
2025-08-01,69,2105845464,55877bd7f2ee37bde55ca4b271a3631f3a7ef121,52,50,237892020968,237892.020968000000
2025-08-01,70,-39163961,000010036c0190e009a000d0fc3541100a07380a,33,33,223640818693,223640.818693000000
2025-08-01,71,1741962330,048060a5d996d20997e80f5b082de8ce5da3f852,1,1,200000000000,200000.000000000000
2025-08-01,72,-326653551,50d3865a63d52c0a54e4679949647ea752107390,26,20,194056818053,194056.818053000000
2025-08-01,73,-110455643,42e213a3ad048e899b89ea8cb11d21bc97b84748,12,12,188375980642,188375.980642000000
2025-08-01,74,-405551973,2905d7e4d048d29954f81b02171dd313f457a4a4,284,271,179695644461,179695.644461000000
2025-08-01,75,-422193905,89c6340b1a1f4b25d36cd8b063d49045caf3f818,13,13,173339487304,173339.487304000000
2025-08-01,76,1809816558,7f030dded85c2672a84b3b33528f57babbdcf7e4,4,4,162137930000,162137.930000000000
2025-08-01,77,-488480509,81fe240438f0631da32aaf5aba35f8960d2e78c9,13,13,160777400000,160777.400000000000
2025-08-01,78,-383489807,7882570840a97a490a37bd8db9e1ae39165bfbd6,12,12,153871558922,153871.558922000000
2025-08-01,79,2097506505,aa301070448385cfaac5913a67b16c4392944a8f,64,64,149542465652,149542.465652000000
2025-08-01,80,2108216198,ee030ec6f4307411607e55acd08e628ae6655b86,61,61,149537777198,149537.777198000000
2025-08-01,81,-260676639,ebcf37a90bf50e05c99c17995049661cafde92c5,13,13,142073025672,142073.025672000000
2025-08-01,82,-405877820,08fbd3a7950b29d4afc38c438ba1a5e64287ab2f,2,2,129400000000,129400.000000000000
2025-08-01,83,2145174805,70bf6634ee8cb27d04478f184b9b8bb13e5f4710,1,1,127273987849,127273.987849000000
2025-08-01,84,-433117413,811a5b3d7e4fc7e645011b42fd1e1339de715b74,1,1,120500000000,120500.000000000000
2025-08-01,85,-200443619,06cff7088619c7178f5e14f0b119458d08d2f5ef,38,38,119804953312,119804.953312000000
2025-08-01,86,1753800383,3ea64b1c0194524b48f9118462c8e9cd61a243c7,1,1,112005082769,112005.082769000000
2025-08-01,87,644009886,464c71f6c2f760dda6093dcb91c24c39e5d6e18c,1,1,112005082769,112005.082769000000
2025-08-01,88,-458484835,8259ffbd559b48379c5ebd68229f59737018032d,1,1,112005082769,112005.082769000000
2025-08-01,89,28044966,8b53255ae16e0574cfef2901409a004fffe4fca8,66,66,111761380000,111761.380000000000
2025-08-01,90,2125238339,f00000003d31d4ab730a8e269ae547f8f76996ba,3,3,111530013867,111530.013867000000
2025-08-01,91,-248223196,9e836967d37b29066d451d214037244153fa4b61,148,148,111142473509,111142.473509000000
2025-08-01,92,1696446561,00000047bb99ea4d791bb749d970de71ee0b1a34,148,148,111142473509,111142.473509000000
2025-08-01,93,-463951027,7519962cc4b7ed9df6cf1ae82d7310eb70221539,4,4,95200000000,95200.000000000000
2025-08-01,94,-303667228,f0a12fefa78181a3749474db31d09524fa87b1f7,6,6,91854167495,91854.167495000000
2025-08-01,95,-407949695,26567cd520fed0d97a43d6cf7a95cb8c20b6c523,1,1,90518427438,90518.427438000000
2025-08-01,96,2100225481,f77f4b89f2080658be59601c23c66897d7f3195d,2,2,87571736629,87571.736629000000
2025-08-01,97,-186122954,66a9893cc07d91d95644aedd05d03f95e1dba8af,154,111,83861982027,83861.982027000000
2025-08-01,98,1543101446,6aa981bff95edfea36bdae98c26b274ffcafe8d3,4,4,79545254474,79545.254474000000
2025-08-01,99,895209007,12e599006a5f19819cde6fabcebbd8586688c8ac,2,2,79300000000,79300.000000000000
2025-08-01,100,-232630188,03b5259bd204bfd4a616e5b79b0b786d90c6c38f,5,3,70809846038,70809.846038000000
2025-09-01,1,-99619558,1601843c5e9bc251a3272907010afa41fa18347e,1429,1429,446176140587929,446176140.5879290000
2025-09-01,2,-527793138,a632d59b9b804a956bfaa9b48af3a1b74808fc1f,1465,1450,400361906986054,400361906.9860540000
2025-09-01,3,1699176572,51c72848c68a965f66fa7a88855f9f7784502a7f,2274,2245,300655365907231,300655365.9072310000
2025-09-01,4,1843987934,383e6b4437b59fff47b619cba855ca29342a8559,574,572,201080496178470,201080496.1784700000
2025-09-01,5,-39163961,000010036c0190e009a000d0fc3541100a07380a,664,664,184481472079168,184481472.0791680000
2025-09-01,6,881197687,9008d19f58aabd9ed0d60971565aa8510560ab41,761,728,115906923496072,115906923.4960720000
2025-09-01,7,-148073324,5141b82f5ffda4c6fe1e372978f1c5427640a190,770,583,63221337030290,63221337.030290000000
2025-09-01,8,-561793933,63242a4ea82847b20e506b63b0e2e2eff0cc6cb0,277,266,48640031520624,48640031.520624000000
2025-09-01,9,1899839451,0c0d01abf3e6adfca0989ebba9d6e85dd58eab1e,123,119,42367629794627,42367629.794627000000
2025-09-01,10,2120857848,1f2f10d1c40777ae1da742455c65828ff36df387,83,75,34967930592625,34967930.592625000000
2025-09-01,11,-472847201,779224df1c756b4edd899854f32a53e8c2b2ce5d,105,105,29484961422917,29484961.422917000000
2025-09-01,12,-323129525,6e4141d33021b52c91c28608403db4a0ffb50ec6,480,436,27697952041059,27697952.041059000000
2025-09-01,13,-416311416,a7c624014699a8b537cc4b326eb65f00852ee2a3,79,60,21420944359538,21420944.359538000000
2025-09-01,14,-341174562,2c0552e5dcb79b064fd23e358a86810bc5994244,14,10,19339684709476,19339684.709476000000
2025-09-01,15,-103393091,45312ea0eff7e09c83cbe249fa1d7598c4c8cd4e,129,129,15576501324395,15576501.324395000000
2025-09-01,16,-52473322,00c600b30fb0400701010f4b080409018b9006e0,79,45,14573134412195,14573134.412195000000
2025-09-01,17,1809613945,100ae042ef0ea159ecc3513e9a378ff21f3829ba,15,15,13843805687612,13843805.687612000000
2025-09-01,18,-498640766,1484485f1ba8ff4d88bb1a8e7f131dd6f1910edb,81,56,12273404451074,12273404.451074000000
2025-09-01,19,1364872031,1231deb6f5749ef6ce6943a275a1d3e7486f4eae,828,465,11866939168918,11866939.168918000000
2025-09-01,20,1809895134,d59d7a9698eff3e68e0af7e803d4ed35e7ed12d2,32,32,11807148000000,11807148.000000000000
2025-09-01,21,-167658139,af92e072cb195e7549f18ed99e72800f9203c72d,13,12,11526681142867,11526681.142867000000
2025-09-01,22,2054943978,6a000f20005980200259b80c5102003040001068,141,127,11425335439760,11425335.439760000000
2025-09-01,23,1723592854,13394005c1012e708fce1eb974f1130fdc73a5ce,868,849,10777335446095,10777335.446095000000
2025-09-01,24,1723640441,c30c8b862f7de6ba5d7eaeb113c78ec6b5ded04b,1091,1066,8643395223738,8643395.223738000000
2025-09-01,25,2047894743,86aa8cbd3752104ed4da624be502a3b192239cd6,24,24,7397372953330,7397372.953330000000
2025-09-01,26,-186006931,688e72142674041f8f6af4c808a4045ca1d6ac82,40,40,7034153775885,7034153.775885000000
2025-09-01,27,1668023299,adc0a53095a0af87f3aa29fe0715b5c28016364e,8,5,6376305530243,6376305.530243000000
2025-09-01,28,1852340564,625e92624bc2d88619accc1788365a69767f6200,181,180,5632972473115,5632972.473115000000
2025-09-01,29,-151820401,67884a150a4bc42f05dc1c57c0b389f3648daf53,28,28,5062590908347,5062590.908347000000
2025-09-01,30,1809658138,367c42a6f261ec54ffbecf5f41c226be12a3dca0,22,22,5042107000000,5042107.000000000000
2025-09-01,31,1490507434,00000000009e50a7ddb7a7b0e2ee6604fd120e49,113,101,4766066611739,4766066.611739000000
2025-09-01,32,606012732,ccb8e090fe070945cc0131a075b6e1ea8f208812,9,9,3830946797805,3830946.797805000000
2025-09-01,33,2088341827,16c6521dff6bab339122a0fe25a9116693265353,54,38,3542121742738,3542121.742738000000
2025-09-01,34,1844716471,bbbbbbbbbb9cc5e90e3b3af64bdaf62c37eeffcb,102,90,2918065750904,2918065.750904000000
2025-09-01,35,1893386897,beef02e5e13584ab96848af90261f0c8ee04722a,76,61,2507356194915,2507356.194915000000
2025-09-01,36,-232637266,4a6c312ec70e8747a587ee860a0353cd42be0ae0,40,38,2478580023618,2478580.023618000000
2025-09-01,37,2020598735,ecd7eef15713997528896cb5db7ec316db4c2101,19,17,2291068337944,2291068.337944000000
2025-09-01,38,1892778593,07757d335c644ede3e1d89a30c1234b4b08a82d3,15,15,2275630329554,2275630.329554000000
2025-09-01,39,2145174805,70bf6634ee8cb27d04478f184b9b8bb13e5f4710,14,13,2203302938041,2203302.938041000000
2025-09-01,40,-403967596,df31a70a21a1931e02033dbba7deace6c45cfd0f,272,271,2062853186137,2062853.186137000000
2025-09-01,41,1321009916,5b9effdcbd65946f2b143725dc244563248aa4ee,19,19,1875130861983,1875130.861983000000
2025-09-01,42,-407949695,26567cd520fed0d97a43d6cf7a95cb8c20b6c523,18,18,1558463139783,1558463.139783000000
2025-09-01,43,1809816558,7f030dded85c2672a84b3b33528f57babbdcf7e4,23,23,1289329616224,1289329.616224000000
2025-09-01,44,867588846,4a14347083b80e5216ca31350a2d21702ac3650d,574,574,1218752154374,1218752.154374000000
2025-09-01,45,1250544290,a9d1e08c7793af67e9d92fe308d5697fb81d3e43,59,57,1102931098366,1102931.098366000000
2025-09-01,46,-478833132,365084b05fa7d5028346bd21d842ed0601bab5b8,49,42,1036898412603,1036898.412603000000
2025-09-01,47,2043144795,a41d7e8119408a89429c326a377b09afe9148197,1,1,999990000000,999990.000000000000
2025-09-01,48,-425368390,ba6d84cc7418a9c46133788c04f6a459e1fb669c,16,10,896644212579,896644.212579000000
2025-09-01,49,-475095854,10a260e6710beac9fa7515778e6aa7ea66666666,7,7,882270073638,882270.073638000000
2025-09-01,50,-549879787,bf060fe5b35aefbb80041e313510294e501b5e38,11,8,858669475398,858669.475398000000
2025-09-01,51,2000202299,888888888889758f76e7103c6cbf23abbf58f946,4,4,814460709675,814460.709675000000
2025-09-01,52,2034702912,b300000b72deaeb607a12d5f54773d1c19c7028d,92,92,647953821071,647953.821071000000
2025-09-01,53,-551300976,41ec9106c79f7b33eb642140444296b9deaab818,4,4,599255764475,599255.764475000000
2025-09-01,54,-521963982,7bade31621e8a7bd3795633501f167f81718f0f8,5,5,477000000000,477000.000000000000
2025-09-01,55,-311317772,eb528631afefd84c69a20e6d270adf9bebbd4e38,3,3,458687380173,458687.380173000000
2025-09-01,56,-391104285,d4f480965d2347d421f1bec7f545682e5ec2151d,26,26,415639229384,415639.229384000000
2025-09-01,57,937057252,5baac7ccda079839c9524b90df81720834fc039f,2,2,400000000000,400000.000000000000
2025-09-01,58,-362658947,23fc436d72028d7e4fec71f214d9a00b3da5782b,6,4,375985572307,375985.572307000000
2025-09-01,59,-116986961,26261d5fc06de4d39f253d05a58e62b48750aa6d,3,3,373794204763,373794.204763000000
2025-09-01,60,1966320127,e08d97e151473a848c3d9ca3f323cb720472d015,26,26,358057307973,358057.307973000000
2025-09-01,61,-449367349,0e5891850bb3f03090f03010000806f080040100,42,28,314348630855,314348.630855000000
2025-09-01,62,-473317170,d07c4f45bc9b389d286cb094f97bb6ba45f4bb30,266,265,313008759123,313008.759123000000
2025-09-01,63,-432808808,6a0d036796cf16a84c92a2a205d45104494ddc80,5,3,281946891268,281946.891268000000
2025-09-01,64,1920382040,56c526b0159a258887e0d79ec3a80dfb940d0cd7,17,17,270110821308,270110.821308000000
2025-09-01,65,-61759071,6aa7a8539543210563af6cf575cc5079b194d0c8,6,5,250133000000,250133.000000000000
2025-09-01,66,1401880372,04b8fdffda5eea5ddc12f30f1cd7fc9bf01ca6a3,4,4,249826534649,249826.534649000000
2025-09-01,67,1329970747,f50be075ec9eb719ff2a40f4d061b91e51306bce,7,6,245010000000,245010.000000000000
2025-09-01,68,10438761,fd8a63085804dcb95417fe33f9e49253522c68dd,1,1,242225304461,242225.304461000000
2025-09-01,69,616036061,74de5d4fcbf63e00296fd95d33236b9794016631,565,565,223196868837,223196.868837000000
2025-09-01,70,-326653551,50d3865a63d52c0a54e4679949647ea752107390,26,24,206372510058,206372.510058000000
2025-09-01,71,-90284824,00000688768803bbd44095770895ad27ad6b0d95,9,9,205422711983,205422.711983000000
2025-09-01,72,-200443619,06cff7088619c7178f5e14f0b119458d08d2f5ef,24,23,202274965599,202274.965599000000
2025-09-01,73,1608787768,ad3b67bca8935cb510c8d18bd45f0b94f54a968f,7,7,201386286862,201386.286862000000
2025-09-01,74,-449445880,b141f554188cf306fde443f6e991949636f80e49,67,67,194249142325,194249.142325000000
2025-09-01,75,1587123400,a7ca2c8673bcfa5a26d8ceec2887f2cc2b0db22a,207,194,183659025171,183659.025171000000
2025-09-01,76,-534254029,3b0aa7d38bf3c103bf02d1de2e37568cbed3d6e8,318,308,180313795268,180313.795268000000
2025-09-01,77,-23494170,d7852e139a7097e119623de0751ae53a61efb442,36,25,179586576094,179586.576094000000
2025-09-01,78,-191230740,d3f72b3e91c8124dfc1b4273e93594bb00c9be6f,3,3,178682601227,178682.601227000000
2025-09-01,79,-369746192,0e841149b31e4e8b0dff7e5d5ed4e94d353f56ea,92,92,172083772656,172083.772656000000
2025-09-01,80,-422193905,89c6340b1a1f4b25d36cd8b063d49045caf3f818,30,30,167913898980,167913.898980000000
2025-09-01,81,2097506505,aa301070448385cfaac5913a67b16c4392944a8f,59,59,152669053404,152669.053404000000
2025-09-01,82,427728462,1888f423af963cb12258f2ea51282c1ae0b7ca5c,1,1,151255426473,151255.426473000000
2025-09-01,83,2046320383,dd2e0d86a45e4ef9bd490c2809e6405720cc357c,39,39,148182179000,148182.179000000000
2025-09-01,84,-489977622,8d8f598c1739e518b871815dd1f20ea3c169c360,73,73,145115301191,145115.301191000000
2025-09-01,85,2108216198,ee030ec6f4307411607e55acd08e628ae6655b86,57,57,143295114024,143295.114024000000
2025-09-01,86,-353310895,6747bcaf9bd5a5f0758cbe08903490e45ddfacb5,39,39,142904750759,142904.750759000000
2025-09-01,87,-248223196,9e836967d37b29066d451d214037244153fa4b61,194,194,142818815871,142818.815871000000
2025-09-01,88,1696446561,00000047bb99ea4d791bb749d970de71ee0b1a34,194,194,142818815871,142818.815871000000
2025-09-01,89,-15985893,35bb522b102326ea3f1141661df4626c87000e3e,19,18,138966486580,138966.486580000000
2025-09-01,90,-164422572,fa0e06b54986ad96de87a8c56fea76fbd8d493f8,6,6,137248700000,137248.700000000000
2025-09-01,91,-469179222,68d1e02fc9cbfc4fd54b20e851850516a46b45f9,86,45,134772567070,134772.567070000000
2025-09-01,92,1113847572,663dc15d3c1ac63ff12e45ab68fea3f0a883c251,28,28,132506488668,132506.488668000000
2025-09-01,93,1899934735,111111125421ca6dc452d289314280a0f8842a65,47,47,131992872481,131992.872481000000
2025-09-01,94,2105644690,9acc2e91f6603c80f21c3e3c4b3462b8494230a8,6,6,121010000000,121010.000000000000
2025-09-01,95,-381547691,f5042e6ffac5a625d4e7848e0b01373d8eb9e222,62,62,115159497007,115159.497007000000
2025-09-01,96,-42182896,e0f3329b8594fc226127300abd9bafa5b44b522e,2,2,115000000000,115000.000000000000
2025-09-01,97,-509612453,9e35b84ce2abbe295f6f1753217271a599011c76,1,1,114000000000,114000.000000000000
2025-09-01,98,-372669702,2face000aed2725515d21e5dea730852e82b38c5,4,4,102637612587,102637.612587000000
2025-09-01,99,2001718448,4ee9775db5c1e73ea170678c109ef079b2ad4811,1,1,100013780935,100013.780935000000
2025-09-01,100,1975495582,ec0b8118b52428ab839b23b3201999cc70d647e7,1,1,99995050000,99995.050000000000
2025-10-01,1,-527793138,a632d59b9b804a956bfaa9b48af3a1b74808fc1f,2256,2116,478777725904330,478777725.9043300000
2025-10-01,2,881197687,9008d19f58aabd9ed0d60971565aa8510560ab41,1162,1142,160844446054793,160844446.0547930000
2025-10-01,3,-39163961,000010036c0190e009a000d0fc3541100a07380a,461,461,123144851209263,123144851.2092630000
2025-10-01,4,-148073324,5141b82f5ffda4c6fe1e372978f1c5427640a190,960,695,121123802596628,121123802.5966280000
2025-10-01,5,-561793933,63242a4ea82847b20e506b63b0e2e2eff0cc6cb0,798,755,90250081696263,90250081.696263000000
2025-10-01,6,1843987934,383e6b4437b59fff47b619cba855ca29342a8559,710,661,89346848528515,89346848.528515000000
2025-10-01,7,1899839451,0c0d01abf3e6adfca0989ebba9d6e85dd58eab1e,197,191,73309461822798,73309461.822798000000
2025-10-01,8,1250544290,a9d1e08c7793af67e9d92fe308d5697fb81d3e43,555,555,60791804298996,60791804.298996000000
2025-10-01,9,1329970747,f50be075ec9eb719ff2a40f4d061b91e51306bce,517,512,60293421803117,60293421.803117000000
2025-10-01,10,-472847201,779224df1c756b4edd899854f32a53e8c2b2ce5d,120,120,56748659930905,56748659.930905000000
2025-10-01,11,2120857848,1f2f10d1c40777ae1da742455c65828ff36df387,98,96,51700400489532,51700400.489532000000
2025-10-01,12,-549879787,bf060fe5b35aefbb80041e313510294e501b5e38,58,44,50183381271597,50183381.271597000000
2025-10-01,13,-609869988,8c864d0c8e476bf9eb9d620c10e1296fb0e2f940,356,254,47642024720087,47642024.720087000000
2025-10-01,14,-99619558,1601843c5e9bc251a3272907010afa41fa18347e,103,103,47211380412177,47211380.412177000000
2025-10-01,15,1852340564,625e92624bc2d88619accc1788365a69767f6200,1418,1164,45168234747482,45168234.747482000000
2025-10-01,16,-577561302,ba7fdd2630f82458b4369a5b84d6438352ba4531,52,52,43503275160905,43503275.160905000000
2025-10-01,17,-577553578,a40afb15275a94f64af37c0ceaaaa45cb568a361,52,52,43503275160905,43503275.160905000000
2025-10-01,18,2088341827,16c6521dff6bab339122a0fe25a9116693265353,820,439,43341284388513,43341284.388513000000
2025-10-01,19,1858640110,324c0cbdeb97d58096d630176b1b247684d534cb,3,3,42350000000000,42350000.000000000000
2025-10-01,20,-83017006,96f49d0e9724dfd8780fa667ac37a993f005cb94,3,3,42350000000000,42350000.000000000000
2025-10-01,21,-621500282,e943da1c54956f4700f26bc5ae4fe971e2b79ec4,21,21,36864730971505,36864730.971505000000
2025-10-01,22,-323129525,6e4141d33021b52c91c28608403db4a0ffb50ec6,399,353,32517113264470,32517113.264470000000
2025-10-01,23,-341174562,2c0552e5dcb79b064fd23e358a86810bc5994244,24,23,31730288725939,31730288.725939000000
2025-10-01,24,1844716471,bbbbbbbbbb9cc5e90e3b3af64bdaf62c37eeffcb,206,158,29654623697207,29654623.697207000000
2025-10-01,25,-326653551,50d3865a63d52c0a54e4679949647ea752107390,997,661,24614072195586,24614072.195586000000
2025-10-01,26,1699176572,51c72848c68a965f66fa7a88855f9f7784502a7f,219,218,24265893809450,24265893.809450000000
2025-10-01,27,2020598735,ecd7eef15713997528896cb5db7ec316db4c2101,196,192,23910347520326,23910347.520326000000
2025-10-01,28,1893386897,beef02e5e13584ab96848af90261f0c8ee04722a,314,198,23044522543739,23044522.543739000000
2025-10-01,29,1920382040,56c526b0159a258887e0d79ec3a80dfb940d0cd7,136,136,21910245551317,21910245.551317000000
2025-10-01,30,-103393091,45312ea0eff7e09c83cbe249fa1d7598c4c8cd4e,304,304,20446229358634,20446229.358634000000
2025-10-01,31,-407949695,26567cd520fed0d97a43d6cf7a95cb8c20b6c523,386,384,18385727555081,18385727.555081000000
2025-10-01,32,1663246624,cf5540fffcdc3d510b18bfca6d2b9987b0772559,84,80,16006901766713,16006901.766713000000
2025-10-01,33,-232637266,4a6c312ec70e8747a587ee860a0353cd42be0ae0,253,240,15976871258594,15976871.258594000000
2025-10-01,34,1490507434,00000000009e50a7ddb7a7b0e2ee6604fd120e49,702,542,15858827494371,15858827.494371000000
2025-10-01,35,-630191485,b23e02b15bd7dc80c2c23512ad968ab2bc736f89,22,22,15142739212182,15142739.212182000000
2025-10-01,36,1723592854,13394005c1012e708fce1eb974f1130fdc73a5ce,1447,1413,14354291319278,14354291.319278000000
2025-10-01,37,1364872031,1231deb6f5749ef6ce6943a275a1d3e7486f4eae,1122,660,12746762143608,12746762.143608000000
2025-10-01,38,1899934735,111111125421ca6dc452d289314280a0f8842a65,96,96,12442364787177,12442364.787177000000
2025-10-01,39,2145174805,70bf6634ee8cb27d04478f184b9b8bb13e5f4710,35,33,11989708411389,11989708.411389000000
2025-10-01,40,1809613945,100ae042ef0ea159ecc3513e9a378ff21f3829ba,13,13,11621788489385,11621788.489385000000
2025-10-01,41,1723640441,c30c8b862f7de6ba5d7eaeb113c78ec6b5ded04b,1398,1352,11340046809201,11340046.809201000000
2025-10-01,42,1809895134,d59d7a9698eff3e68e0af7e803d4ed35e7ed12d2,19,19,9137560896500,9137560.896500000000
2025-10-01,43,2054943978,6a000f20005980200259b80c5102003040001068,143,131,6214467560990,6214467.560990000000
2025-10-01,44,-167658139,af92e072cb195e7549f18ed99e72800f9203c72d,86,59,5827047466367,5827047.466367000000
2025-10-01,45,-498640766,1484485f1ba8ff4d88bb1a8e7f131dd6f1910edb,74,60,5521187907243,5521187.907243000000
2025-10-01,46,2034702912,b300000b72deaeb607a12d5f54773d1c19c7028d,154,144,4368546122984,4368546.122984000000
2025-10-01,47,-335518857,beef02961503351625926ea9a11ae13b29f5c555,11,11,3900386827917,3900386.827917000000
2025-10-01,48,-449367349,0e5891850bb3f03090f03010000806f080040100,106,78,3785888985472,3785888.985472000000
2025-10-01,49,-23494170,d7852e139a7097e119623de0751ae53a61efb442,120,79,3605865136450,3605865.136450000000
2025-10-01,50,-52473322,00c600b30fb0400701010f4b080409018b9006e0,25,17,3478787394873,3478787.394873000000
2025-10-01,51,-303667228,f0a12fefa78181a3749474db31d09524fa87b1f7,18,18,3389498677369,3389498.677369000000
2025-10-01,52,-136053573,9bcd841436ef4f85dacefb1aec772af71619024e,6,6,3088663764878,3088663.764878000000
2025-10-01,53,1240910070,3636dd85e63718629911012f0f58943cd0981241,19,19,2954556432950,2954556.432950000000
2025-10-01,54,606012732,ccb8e090fe070945cc0131a075b6e1ea8f208812,8,8,2918696263158,2918696.263158000000
2025-10-01,55,-577835172,ab62b78c1715848c87e17b12e8739250d4f40b3a,9,9,2878858231531,2878858.231531000000
2025-10-01,56,937057252,5baac7ccda079839c9524b90df81720834fc039f,3,3,2618901310012,2618901.310012000000
2025-10-01,57,-422193905,89c6340b1a1f4b25d36cd8b063d49045caf3f818,81,81,2454109869729,2454109.869729000000
2025-10-01,58,-478833132,365084b05fa7d5028346bd21d842ed0601bab5b8,81,70,2409259493273,2409259.493273000000
2025-10-01,59,-116986961,26261d5fc06de4d39f253d05a58e62b48750aa6d,12,12,2400240540595,2400240.540595000000
2025-10-01,60,-201843313,0d7c4da3201a137d3aa2e06142f8f9418747b006,4,4,2011721294601,2011721.294601000000
2025-10-01,61,-577186117,207e1074858a7e78f17002075739ed2745dbaece,542,524,1947368826303,1947368.826303000000
2025-10-01,62,1809816558,7f030dded85c2672a84b3b33528f57babbdcf7e4,43,43,1818160292776,1818160.292776000000
2025-10-01,63,867588846,4a14347083b80e5216ca31350a2d21702ac3650d,633,633,1698495266300,1698495.266300000000
2025-10-01,64,1216424171,f569e3920aa165c5a42dc88f6ef5cf986810fd89,1,1,1630761966805,1630761.966805000000
2025-10-01,65,-438887604,0c0435519ac226010638a61fd1d1bc652b5434de,11,11,1465720844944,1465720.844944000000
2025-10-01,66,-193587653,def1fa4cefe67365ba046a7c630d6b885298e210,3,3,1300000000000,1300000.000000000000
2025-10-01,67,-172442755,bc0663ef63add180609944c58ba7d4851890ca45,23,23,1275874697073,1275874.697073000000
2025-10-01,68,-360075522,00000000000858efe9cbe894e3578e92e7955dad,36,36,1159866330814,1159866.330814000000
2025-10-01,69,1789476113,575cb828332adf5f520033bfe587e08ca4bca0ee,1,1,1099998000000,1099998.000000000000
2025-10-01,70,1790543088,1cebd13797636b94c5cad7108cebe42d2fce7732,3,3,1099998000000,1099998.000000000000
2025-10-01,71,-391104285,d4f480965d2347d421f1bec7f545682e5ec2151d,22,21,1046853158874,1046853.158874000000
2025-10-01,72,-617825183,3b0085dc3f22acbed1b15fbd7faff9ec1a78c278,2,2,1045349064213,1045349.064213000000
2025-10-01,73,-15964848,225a38bc71102999dd13478bfabd7c4d53f2dc17,44,44,1045237431900,1045237.431900000000
2025-10-01,74,-164422572,fa0e06b54986ad96de87a8c56fea76fbd8d493f8,427,427,948179942396,948179.942396000000
2025-10-01,75,-475095854,10a260e6710beac9fa7515778e6aa7ea66666666,7,7,913317158285,913317.158285000000
2025-10-01,76,1715474201,78f8bd884c3d738b74b420540659c82f392820e0,6,6,830921253279,830921.253279000000
2025-10-01,77,-148066378,64f2095cc11e4726078f4a64d4279c7e7fb7e6ec,12,11,818258960999,818258.960999000000
2025-10-01,78,-90284824,00000688768803bbd44095770895ad27ad6b0d95,16,16,814837040840,814837.040840000000
2025-10-01,79,-186006931,688e72142674041f8f6af4c808a4045ca1d6ac82,5,5,810048672455,810048.672455000000
2025-10-01,80,-200443619,06cff7088619c7178f5e14f0b119458d08d2f5ef,139,136,799054279405,799054.279405000000
2025-10-01,81,10438761,fd8a63085804dcb95417fe33f9e49253522c68dd,7,7,737754420226,737754.420226000000
2025-10-01,82,1836498420,5cc9400ffb4da168cf271e912f589462c3a00d1f,18,17,729009437629,729009.437629000000
2025-10-01,83,-303342300,1103fc560de8b710983e7f3ec09d587f3f848566,5,5,709304490300,709304.490300000000
2025-10-01,84,1945591764,7a4c2448eeb7a0bc297ed47c332d1a528b5a29bc,3,3,700058878577,700058.878577000000
2025-10-01,85,608645946,9ce6e6b60c894d1df9bc3d9d6cc969b79fb176b7,2,2,699942475976,699942.475976000000
2025-10-01,86,753081174,989b3c9f5bc4189dfaee8efac99f9638d39fc45d,2,2,658662374038,658662.374038000000
2025-10-01,87,-571822648,809305d724b6e79c71e10a097abadd1274b9c279,20,19,651753247661,651753.247661000000
2025-10-01,88,1966320127,e08d97e151473a848c3d9ca3f323cb720472d015,41,26,639077307116,639077.307116000000
2025-10-01,89,743243994,e0019d15f39ec9e8007acd7ca0776dd90eb3d333,3,3,599839106882,599839.106882000000
2025-10-01,90,-488480509,81fe240438f0631da32aaf5aba35f8960d2e78c9,205,204,593335742364,593335.742364000000
2025-10-01,91,-531795232,c1409d5742fcb3106a725f67c9ffeb498d8a7f95,163,163,586536389875,586536.389875000000
2025-10-01,92,1668023299,adc0a53095a0af87f3aa29fe0715b5c28016364e,10,6,585469837344,585469.837344000000
2025-10-01,93,1741962330,048060a5d996d20997e80f5b082de8ce5da3f852,2,2,561224697687,561224.697687000000
2025-10-01,94,-449445880,b141f554188cf306fde443f6e991949636f80e49,118,118,501895811380,501895.811380000000
2025-10-01,95,-606283117,48b282b1632bf56f3393d3de0d239f35ff11d2e5,12,12,500067719705,500067.719705000000
2025-10-01,96,-15985893,35bb522b102326ea3f1141661df4626c87000e3e,27,23,488352603892,488352.603892000000
2025-10-01,97,-205841620,80bf7db69556d9521c03461978b8fc731dbbd4e4,3,3,483920636827,483920.636827000000
2025-10-01,98,-239950818,2d5805a423d6ce771f06972ad4499f120902631a,8,8,456686604693,456686.604693000000
2025-10-01,99,-191230740,d3f72b3e91c8124dfc1b4273e93594bb00c9be6f,3,2,436176445451,436176.445451000000
2025-10-01,100,618091906,577f0d2c3bec0ef667ecf6ec1b9f63d3f91518e1,1,1,428267280335,428267.280335000000
2025-11-01,1,-472847201,779224df1c756b4edd899854f32a53e8c2b2ce5d,202,202,595534560314469,595534560.3144690000
2025-11-01,2,-527793138,a632d59b9b804a956bfaa9b48af3a1b74808fc1f,2227,2133,469222819441656,469222819.4416560000
2025-11-01,3,-99619558,1601843c5e9bc251a3272907010afa41fa18347e,50,50,246210441677960,246210441.6779600000
2025-11-01,4,-561793933,63242a4ea82847b20e506b63b0e2e2eff0cc6cb0,1729,1704,238473052756441,238473052.7564410000
2025-11-01,5,1250544290,a9d1e08c7793af67e9d92fe308d5697fb81d3e43,1416,1414,173494121481883,173494121.4818830000
2025-11-01,6,1329970747,f50be075ec9eb719ff2a40f4d061b91e51306bce,1390,1389,173366371967711,173366371.9677110000
2025-11-01,7,881197687,9008d19f58aabd9ed0d60971565aa8510560ab41,1101,1080,137687205813450,137687205.8134500000
2025-11-01,8,-39163961,000010036c0190e009a000d0fc3541100a07380a,626,626,102896308379004,102896308.3790040000
2025-11-01,9,1364872031,1231deb6f5749ef6ce6943a275a1d3e7486f4eae,1288,732,60112998461785,60112998.461785000000
2025-11-01,10,1899839451,0c0d01abf3e6adfca0989ebba9d6e85dd58eab1e,367,359,55931664331007,55931664.331007000000
2025-11-01,11,-609869988,8c864d0c8e476bf9eb9d620c10e1296fb0e2f940,772,561,53940958774800,53940958.774800000000
2025-11-01,12,-103393091,45312ea0eff7e09c83cbe249fa1d7598c4c8cd4e,461,461,50416028743113,50416028.743113000000
2025-11-01,13,1843987934,383e6b4437b59fff47b619cba855ca29342a8559,446,427,49635737968846,49635737.968846000000
2025-11-01,14,2020598735,ecd7eef15713997528896cb5db7ec316db4c2101,351,351,37971945944680,37971945.944680000000
2025-11-01,15,1852340564,625e92624bc2d88619accc1788365a69767f6200,581,544,33737657061624,33737657.061624000000
2025-11-01,16,-632070870,2c8bdf4b182d7fb8f0ab09bbc237cf6591030953,49,49,32312545432790,32312545.432790000000
2025-11-01,17,-632030937,2a601fc6c0cb854fda82715e49ab04c5340a0396,8,8,32187548223840,32187548.223840000000
2025-11-01,18,-632067603,b3e262ef1479ed8c66578baebf6356a08cee0904,6,6,32150706250418,32150706.250418000000
2025-11-01,19,2054943978,6a000f20005980200259b80c5102003040001068,570,532,31792510646354,31792510.646354000000
2025-11-01,20,1893386897,beef02e5e13584ab96848af90261f0c8ee04722a,376,249,29391749124531,29391749.124531000000
2025-11-01,21,1844716471,bbbbbbbbbb9cc5e90e3b3af64bdaf62c37eeffcb,273,218,28820552896278,28820552.896278000000
2025-11-01,22,1663246624,cf5540fffcdc3d510b18bfca6d2b9987b0772559,99,92,28298952479624,28298952.479624000000
2025-11-01,23,-621500282,e943da1c54956f4700f26bc5ae4fe971e2b79ec4,52,52,27881642391499,27881642.391499000000
2025-11-01,24,-642204277,ba98fc35c9dfd69178ad5dce9fa29c64554783b5,60,53,27880943705663,27880943.705663000000
2025-11-01,25,-323129525,6e4141d33021b52c91c28608403db4a0ffb50ec6,92,91,26680890091471,26680890.091471000000
2025-11-01,26,1858640110,324c0cbdeb97d58096d630176b1b247684d534cb,2,2,25000000000000,25000000.000000000000
2025-11-01,27,-83017006,96f49d0e9724dfd8780fa667ac37a993f005cb94,2,2,25000000000000,25000000.000000000000
2025-11-01,28,2145174805,70bf6634ee8cb27d04478f184b9b8bb13e5f4710,265,265,24174876472997,24174876.472997000000
2025-11-01,29,2088341827,16c6521dff6bab339122a0fe25a9116693265353,497,292,21715029184268,21715029.184268000000
2025-11-01,30,1899934735,111111125421ca6dc452d289314280a0f8842a65,92,92,17778967457190,17778967.457190000000
2025-11-01,31,-631968170,f47b745c0952ea6aafe1212d56ff00c49bcaf6c4,7,7,16051749757445,16051749.757445000000
2025-11-01,32,-631942586,9e12137436e8097eb76a7b83422d36c7baa4d29c,7,6,16050391152799,16050391.152799000000
2025-11-01,33,-631936962,0607a3f48526cfb9228b5e6ff2bdde2157c8560f,7,7,16050391152799,16050391.152799000000
2025-11-01,34,1723592854,13394005c1012e708fce1eb974f1130fdc73a5ce,1534,1499,15235327827124,15235327.827124000000
2025-11-01,35,-120292250,2bba09866b6f1025258542478c39720a09b728bf,30,24,13170141984640,13170141.984640000000
2025-11-01,36,-577553578,a40afb15275a94f64af37c0ceaaaa45cb568a361,16,16,11846474299250,11846474.299250000000
2025-11-01,37,-577561302,ba7fdd2630f82458b4369a5b84d6438352ba4531,16,16,11846474299250,11846474.299250000000
2025-11-01,38,-232637266,4a6c312ec70e8747a587ee860a0353cd42be0ae0,159,154,9229740061146,9229740.061146000000
2025-11-01,39,-52473322,00c600b30fb0400701010f4b080409018b9006e0,61,48,8569896065315,8569896.065315000000
2025-11-01,40,-634398086,075734ae0d7a4c89db7799f73de32f6c53feafd6,23,23,8449136719607,8449136.719607000000
2025-11-01,41,-634388990,11fd9e49c41738b7500748f7b94b4dbb0e8c13d2,6,6,8408523386570,8408523.386570000000
2025-11-01,42,-634378118,2afbd96fb854083574b738b36af34703c89b8656,4,4,8408523386570,8408523.386570000000
2025-11-01,43,-326653551,50d3865a63d52c0a54e4679949647ea752107390,356,299,8196496755892,8196496.755892000000
2025-11-01,44,-637542745,b8178dab6825c3e1f7c95e92e3e5b1ab4efcba16,201,201,7843277271395,7843277.271395000000
2025-11-01,45,-23494170,d7852e139a7097e119623de0751ae53a61efb442,331,215,7025211327278,7025211.327278000000
2025-11-01,46,-449367349,0e5891850bb3f03090f03010000806f080040100,281,189,6706859957531,6706859.957531000000
2025-11-01,47,-360075522,00000000000858efe9cbe894e3578e92e7955dad,36,35,5941562632593,5941562.632593000000
2025-11-01,48,-335518857,beef02961503351625926ea9a11ae13b29f5c555,37,37,5343110119028,5343110.119028000000
2025-11-01,49,-571822648,809305d724b6e79c71e10a097abadd1274b9c279,60,58,5104646934523,5104646.934523000000
2025-11-01,50,-549879787,bf060fe5b35aefbb80041e313510294e501b5e38,18,17,4941008170453,4941008.170453000000
2025-11-01,51,1909973984,9e10f9fb6f0d32b350cee2618662243d4f24c64a,15,15,4601661741369,4601661.741369000000
2025-11-01,52,-577186117,207e1074858a7e78f17002075739ed2745dbaece,495,479,4434427931372,4434427.931372000000
2025-11-01,53,1490507434,00000000009e50a7ddb7a7b0e2ee6604fd120e49,351,283,4317190815175,4317190.815175000000
2025-11-01,54,2119266792,890651b3222d5f4164347e97e75a4615ed1ea17c,1,1,4130885834546,4130885.834546000000
2025-11-01,55,1920382040,56c526b0159a258887e0d79ec3a80dfb940d0cd7,42,42,3969880850833,3969880.850833000000
2025-11-01,56,1809895134,d59d7a9698eff3e68e0af7e803d4ed35e7ed12d2,9,9,3845368000000,3845368.000000000000
2025-11-01,57,1809613945,100ae042ef0ea159ecc3513e9a378ff21f3829ba,4,4,3838952200099,3838952.200099000000
2025-11-01,58,-669391713,8fc3a723de11f466eaa7cc086132caf8a59ffc1a,8,8,3673487862939,3673487.862939000000
2025-11-01,59,1699176572,51c72848c68a965f66fa7a88855f9f7784502a7f,109,94,3607278841405,3607278.841405000000
2025-11-01,60,-498640766,1484485f1ba8ff4d88bb1a8e7f131dd6f1910edb,30,24,3454258084536,3454258.084536000000
2025-11-01,61,2120857848,1f2f10d1c40777ae1da742455c65828ff36df387,40,40,3373361154665,3373361.154665000000
2025-11-01,62,2047894743,86aa8cbd3752104ed4da624be502a3b192239cd6,3,3,3307706704720,3307706.704720000000
2025-11-01,63,-564731191,923c98b22f9c367a109e93f7dfbaca28b20c17c3,16,16,3191650710142,3191650.710142000000
2025-11-01,64,-622166397,8783fb85fbc791116d99d8df39ee75f3f684a86c,2,2,2878771138240,2878771.138240000000
2025-11-01,65,2125238339,f00000003d31d4ab730a8e269ae547f8f76996ba,42,26,2719783409459,2719783.409459000000
2025-11-01,66,-625016143,d1a1c248b253f1fc60eacd90777b9a63f8c8c1bc,13,13,2350930176203,2350930.176203000000
2025-11-01,67,-167658139,af92e072cb195e7549f18ed99e72800f9203c72d,22,16,2129297189259,2129297.189259000000
2025-11-01,68,606012732,ccb8e090fe070945cc0131a075b6e1ea8f208812,5,5,2043274482547,2043274.482547000000
2025-11-01,69,-201713013,afffbdb99f922568d1ecc5b59f82220e325ca7bd,2,2,2005874787870,2005874.787870000000
2025-11-01,70,867588846,4a14347083b80e5216ca31350a2d21702ac3650d,671,671,1949856229143,1949856.229143000000
2025-11-01,71,-290637262,bd32122bad41a09f2405bb374a83877d8245079c,50,50,1895926515114,1895926.515114000000
2025-11-01,72,-605972689,27934db9cd07e6368900d99047c0b39e2a6664ce,2,2,1888514868941,1888514.868941000000
2025-11-01,73,743243994,e0019d15f39ec9e8007acd7ca0776dd90eb3d333,13,13,1784112360768,1784112.360768000000
2025-11-01,74,-15964848,225a38bc71102999dd13478bfabd7c4d53f2dc17,83,82,1747407550810,1747407.550810000000
2025-11-01,75,1627607848,2102a31cbd1250f6be28f35eae0d0ab1e7c5c023,23,23,1738828815223,1738828.815223000000
2025-11-01,76,1723640441,c30c8b862f7de6ba5d7eaeb113c78ec6b5ded04b,808,805,1728776770534,1728776.770534000000
2025-11-01,77,-641972805,0a80e0b3000fa00308b090007009a0eb03ac0c55,12,12,1606030245891,1606030.245891000000
2025-11-01,78,1836498420,5cc9400ffb4da168cf271e912f589462c3a00d1f,6,6,1592093331055,1592093.331055000000
2025-11-01,79,534960002,9a4338dff0c995c4e8b225586edbeb8979e019b4,7,7,1492023734477,1492023.734477000000
2025-11-01,80,-90284824,00000688768803bbd44095770895ad27ad6b0d95,37,37,1469300322937,1469300.322937000000
2025-11-01,81,1071951088,bd6dddc5e55831ae7f4defce030f034a1548c4e7,4,4,1464153562315,1464153.562315000000
2025-11-01,82,-619627089,22cc5dd849421e9aaa268d96a4da3e008f52cfaa,1,1,1439385569120,1439385.569120000000
2025-11-01,83,1630987453,f3297d354b7a8c594a54154c7dc03d924b6c87c9,6,6,1396314846368,1396314.846368000000
2025-11-01,84,-15985893,35bb522b102326ea3f1141661df4626c87000e3e,109,92,1356717161342,1356717.161342000000
2025-11-01,85,-606283117,48b282b1632bf56f3393d3de0d239f35ff11d2e5,18,18,1249259311153,1249259.311153000000
2025-11-01,86,-191230740,d3f72b3e91c8124dfc1b4273e93594bb00c9be6f,16,16,1212472995170,1212472.995170000000
2025-11-01,87,-193587653,def1fa4cefe67365ba046a7c630d6b885298e210,1,1,1200000000000,1200000.000000000000
2025-11-01,88,1616680691,47c71dfeb55ebaa431ae3fbf99ea50e0d3d30fa8,1,1,1200000000000,1200000.000000000000
2025-11-01,89,2071246439,595362a906a0b4e90aee1430b1f80fdde2be80de,2,2,1075245046890,1075245.046890000000
2025-11-01,90,-416311416,a7c624014699a8b537cc4b326eb65f00852ee2a3,41,40,1065739972969,1065739.972969000000
2025-11-01,91,-617825183,3b0085dc3f22acbed1b15fbd7faff9ec1a78c278,3,3,1051207810722,1051207.810722000000
2025-11-01,92,-478833132,365084b05fa7d5028346bd21d842ed0601bab5b8,52,48,1011442046255,1011442.046255000000
2025-11-01,93,1809958908,dfebf09498249bfaf3690c12179c78774d7c5ad3,2,2,999999960000,999999.960000000000
2025-11-01,94,-647208810,699c5bd4d03d98dabe8ef94ce13ba0314e4d35c8,26,26,977427694414,977427.694414000000
2025-11-01,95,2018557174,a8c1c98aaf99a5dfc907d61b892b2ad624901185,53,53,874613096476,874613.096476000000
2025-11-01,96,-357687987,20cf9f3b9940c3f4de862bc8dc9fc4b052a8603d,10,10,854667415266,854667.415266000000
2025-11-01,97,-629163533,36331e299247e5d0d3261e1d9852f6e0cffee95c,7,7,849725709122,849725.709122000000
2025-11-01,98,-625017327,d1a3c20488899c038b7daae1ede0c6da6c36c326,3,3,840720533939,840720.533939000000
2025-11-01,99,-391104285,d4f480965d2347d421f1bec7f545682e5ec2151d,11,10,819452053914,819452.053914000000
2025-11-01,100,1240910070,3636dd85e63718629911012f0f58943cd0981241,19,19,806185833186,806185.833186000000
2025-12-01,1,-527793138,a632d59b9b804a956bfaa9b48af3a1b74808fc1f,2290,2181,468217651939296,468217651.9392960000
2025-12-01,2,-561793933,63242a4ea82847b20e506b63b0e2e2eff0cc6cb0,1706,1675,336149182156162,336149182.1561620000
2025-12-01,3,-39163961,000010036c0190e009a000d0fc3541100a07380a,722,722,200209106676876,200209106.6768760000
2025-12-01,4,-472847201,779224df1c756b4edd899854f32a53e8c2b2ce5d,43,43,180081216796080,180081216.7960800000
2025-12-01,5,-99619558,1601843c5e9bc251a3272907010afa41fa18347e,103,94,134995468892209,134995468.8922090000
2025-12-01,6,2145174805,70bf6634ee8cb27d04478f184b9b8bb13e5f4710,852,851,112849677744432,112849677.7444320000
2025-12-01,7,2054943978,6a000f20005980200259b80c5102003040001068,401,382,108535045243999,108535045.2439990000
2025-12-01,8,1329970747,f50be075ec9eb719ff2a40f4d061b91e51306bce,557,556,77236615929566,77236615.929566000000
2025-12-01,9,1250544290,a9d1e08c7793af67e9d92fe308d5697fb81d3e43,588,587,77124652138519,77124652.138519000000
2025-12-01,10,-52473322,00c600b30fb0400701010f4b080409018b9006e0,86,56,57616940748193,57616940.748193000000
2025-12-01,11,2120857848,1f2f10d1c40777ae1da742455c65828ff36df387,40,36,57382257365466,57382257.365466000000
2025-12-01,12,2034702912,b300000b72deaeb607a12d5f54773d1c19c7028d,544,535,49766991182173,49766991.182173000000
2025-12-01,13,-488480509,81fe240438f0631da32aaf5aba35f8960d2e78c9,825,819,48625300828009,48625300.828009000000
2025-12-01,14,1899839451,0c0d01abf3e6adfca0989ebba9d6e85dd58eab1e,80,75,34823228242527,34823228.242527000000
2025-12-01,15,-331601069,3611b82c7b13e72b26eb0e9be0613bee7a45ac7c,349,252,30222350401150,30222350.401150000000
2025-12-01,16,1843987934,383e6b4437b59fff47b619cba855ca29342a8559,325,316,27822458069212,27822458.069212000000
2025-12-01,17,-719115236,19b3cd7032b8c062e8d44eacad661a0970dd8c55,75,70,26126536759453,26126536.759453000000
2025-12-01,18,-641972805,0a80e0b3000fa00308b090007009a0eb03ac0c55,26,26,25770732953058,25770732.953058000000
2025-12-01,19,-103393091,45312ea0eff7e09c83cbe249fa1d7598c4c8cd4e,482,482,20631316557489,20631316.557489000000
2025-12-01,20,-642204277,ba98fc35c9dfd69178ad5dce9fa29c64554783b5,83,82,19627246510011,19627246.510011000000
2025-12-01,21,-719186742,80126555b170957dfed67a3bfbb7893e20fe4fc0,53,53,18657925663904,18657925.663904000000
2025-12-01,22,1364872031,1231deb6f5749ef6ce6943a275a1d3e7486f4eae,1166,660,18651255915888,18651255.915888000000
2025-12-01,23,-232637266,4a6c312ec70e8747a587ee860a0353cd42be0ae0,89,85,17929329857117,17929329.857117000000
2025-12-01,24,-719064654,b576765fb15505433af24fee2c0325895c559fb2,46,46,17742530662748,17742530.662748000000
2025-12-01,25,-120292250,2bba09866b6f1025258542478c39720a09b728bf,123,96,15964457238974,15964457.238974000000
2025-12-01,26,1663246624,cf5540fffcdc3d510b18bfca6d2b9987b0772559,37,37,15012151518447,15012151.518447000000
2025-12-01,27,-683298091,c190010cbb52722ad54edcf268fdcd733a4f751d,11,11,14192811389784,14192811.389784000000
2025-12-01,28,881197687,9008d19f58aabd9ed0d60971565aa8510560ab41,451,443,13274866580702,13274866.580702000000
2025-12-01,29,-331605081,a6e941eab67569ca4522f70d343714ff51d571c4,258,164,11144297955546,11144297.955546000000
2025-12-01,30,2088341827,16c6521dff6bab339122a0fe25a9116693265353,638,351,11132739282937,11132739.282937000000
2025-12-01,31,-609869988,8c864d0c8e476bf9eb9d620c10e1296fb0e2f940,447,346,11001766119405,11001766.119405000000
2025-12-01,32,2020598735,ecd7eef15713997528896cb5db7ec316db4c2101,722,689,10304475135823,10304475.135823000000
2025-12-01,33,1844716471,bbbbbbbbbb9cc5e90e3b3af64bdaf62c37eeffcb,82,61,10099396743379,10099396.743379000000
2025-12-01,34,-677335588,b52bf1ddb5832b1619b651114e5388fef7eca169,4,4,9734802350407,9734802.350407000000
2025-12-01,35,-422193905,89c6340b1a1f4b25d36cd8b063d49045caf3f818,41,41,9626160262596,9626160.262596000000
2025-12-01,36,1852340564,625e92624bc2d88619accc1788365a69767f6200,648,569,8800053776725,8800053.776725000000
2025-12-01,37,-201713013,afffbdb99f922568d1ecc5b59f82220e325ca7bd,5,5,8434000000000,8434000.000000000000
2025-12-01,38,-90284824,00000688768803bbd44095770895ad27ad6b0d95,51,51,7978742919612,7978742.919612000000
2025-12-01,39,1789476113,575cb828332adf5f520033bfe587e08ca4bca0ee,4,4,7714000000000,7714000.000000000000
2025-12-01,40,-647208810,699c5bd4d03d98dabe8ef94ce13ba0314e4d35c8,34,33,7549704595539,7549704.595539000000
2025-12-01,41,1723640441,c30c8b862f7de6ba5d7eaeb113c78ec6b5ded04b,1506,1489,7415258574888,7415258.574888000000
2025-12-01,42,-718900214,990636ecb3ff04d33d92e970d3d588bf5cd8d086,408,309,7061482786385,7061482.786385000000
2025-12-01,43,-632070870,2c8bdf4b182d7fb8f0ab09bbc237cf6591030953,52,52,6340160690048,6340160.690048000000
2025-12-01,44,-632030937,2a601fc6c0cb854fda82715e49ab04c5340a0396,2,2,6246539144172,6246539.144172000000
2025-12-01,45,-632067603,b3e262ef1479ed8c66578baebf6356a08cee0904,1,1,6207267141337,6207267.141337000000
2025-12-01,46,1809816558,7f030dded85c2672a84b3b33528f57babbdcf7e4,102,102,6172351144600,6172351.144600000000
2025-12-01,47,1899934735,111111125421ca6dc452d289314280a0f8842a65,93,93,6080127853555,6080127.853555000000
2025-12-01,48,1723592854,13394005c1012e708fce1eb974f1130fdc73a5ce,1028,1021,5763600363296,5763600.363296000000
2025-12-01,49,-637542745,b8178dab6825c3e1f7c95e92e3e5b1ab4efcba16,326,326,5514900023572,5514900.023572000000
2025-12-01,50,-316031521,058bbff7be9d3cb50cdb9e6f6929f023f2763b98,7,7,5060689561498,5060689.561498000000
2025-12-01,51,-315856379,77e19de48f43af1d150aaef2de7e7ab8f3e55360,8,8,4986820720691,4986820.720691000000
2025-12-01,52,-326653551,50d3865a63d52c0a54e4679949647ea752107390,409,299,4865740402907,4865740.402907000000
2025-12-01,53,-723221885,23b72162199d20aecf7542f58b2b079223e7f2ec,51,48,4293963132996,4293963.132996000000
2025-12-01,54,-186006931,688e72142674041f8f6af4c808a4045ca1d6ac82,2,2,3759657590496,3759657.590496000000
2025-12-01,55,-335518857,beef02961503351625926ea9a11ae13b29f5c555,15,15,3348286597026,3348286.597026000000
2025-12-01,56,-478833132,365084b05fa7d5028346bd21d842ed0601bab5b8,52,44,2840120028709,2840120.028709000000
2025-12-01,57,2071246439,595362a906a0b4e90aee1430b1f80fdde2be80de,7,7,2606482007360,2606482.007360000000
2025-12-01,58,1809613945,100ae042ef0ea159ecc3513e9a378ff21f3829ba,3,3,2418172359500,2418172.359500000000
2025-12-01,59,1920382040,56c526b0159a258887e0d79ec3a80dfb940d0cd7,24,24,2214374599602,2214374.599602000000
2025-12-01,60,867588846,4a14347083b80e5216ca31350a2d21702ac3650d,738,738,2200420453666,2200420.453666000000
2025-12-01,61,-696454364,f6733bc54d9239ded851b5a36f916ad6b498a923,6,6,1938971310793,1938971.310793000000
2025-12-01,62,-696469525,dfe8290e6285ecc44a5b7edc03b679c503f98cdd,1,1,1932435532898,1932435.532898000000
2025-12-01,63,-696465281,d47917f7789c7245e1916f2ad87b87ba348b2607,2,2,1932435532898,1932435.532898000000
2025-12-01,64,1490507434,00000000009e50a7ddb7a7b0e2ee6604fd120e49,253,219,1769145391319,1769145.391319000000
2025-12-01,65,-653326674,1898036f5dd9cf2ebd1595a6e3fc006a40a9e108,14,14,1603982591659,1603982.591659000000
2025-12-01,66,1616680691,47c71dfeb55ebaa431ae3fbf99ea50e0d3d30fa8,2,2,1500000000000,1500000.000000000000
2025-12-01,67,-193587653,def1fa4cefe67365ba046a7c630d6b885298e210,2,2,1500000000000,1500000.000000000000
2025-12-01,68,-662617895,decc46a4b09162f5369c5c80383aaa9159bcf192,10,5,1417521995385,1417521.995385000000
2025-12-01,69,-642353710,43076bcfae3d19d8a839dfa10597ec3012151609,6,6,1384942520000,1384942.520000000000
2025-12-01,70,-669391713,8fc3a723de11f466eaa7cc086132caf8a59ffc1a,21,21,1254748323440,1254748.323440000000
2025-12-01,71,-621500282,e943da1c54956f4700f26bc5ae4fe971e2b79ec4,40,40,1214505749093,1214505.749093000000
2025-12-01,72,1699176572,51c72848c68a965f66fa7a88855f9f7784502a7f,91,74,1192405558007,1192405.558007000000
2025-12-01,73,-461899805,101e0a3a46a01fe4473312ed8ffa22d423973be7,3,3,1190360407939,1190360.407939000000
2025-12-01,74,-361863690,0d05a7d3448512b78fa8a9e46c4872c88c4a0d05,10,10,1156659739724,1156659.739724000000
2025-12-01,75,-697001136,5a1b2acd0c9992e14f2b6d8a326023e35a097a3a,312,295,1094275923056,1094275.923056000000
2025-12-01,76,-416311416,a7c624014699a8b537cc4b326eb65f00852ee2a3,32,32,1026502553818,1026502.553818000000
2025-12-01,77,-326643083,bedfac7488dccaafdd66d1d7d56349780fe0477e,14,14,1017118933697,1017118.933697000000
2025-12-01,78,-701336133,d493dbd4e6998442aba226542cefd1de0e60f2c8,1,1,1000031821834,1000031.821834000000
2025-12-01,79,-574562195,781f14c45f7f3e4cf4bc31fef4e40702b8964f31,2,2,974211367024,974211.367024000000
2025-12-01,80,-701547314,b270cbb883800b0f88679914c1ff2742f7afde21,3,1,903816474496,903816.474496000000
2025-12-01,81,1893386897,beef02e5e13584ab96848af90261f0c8ee04722a,31,25,862344824788,862344.824788000000
2025-12-01,82,-498640766,1484485f1ba8ff4d88bb1a8e7f131dd6f1910edb,23,22,812573615653,812573.615653000000
2025-12-01,83,1909973984,9e10f9fb6f0d32b350cee2618662243d4f24c64a,7,7,787387408086,787387.408086000000
2025-12-01,84,-164422572,fa0e06b54986ad96de87a8c56fea76fbd8d493f8,11,11,780950966894,780950.966894000000
2025-12-01,85,-449445880,b141f554188cf306fde443f6e991949636f80e49,124,124,773047949048,773047.949048000000
2025-12-01,86,2018557174,a8c1c98aaf99a5dfc907d61b892b2ad624901185,46,46,728909617419,728909.617419000000
2025-12-01,87,-295155165,4fe93ebc4ce6ae4f81601cc7ce7139023919e003,11,11,726427165341,726427.165341000000
2025-12-01,88,1790543088,1cebd13797636b94c5cad7108cebe42d2fce7732,1,1,720000000000,720000.000000000000
2025-12-01,89,-369746192,0e841149b31e4e8b0dff7e5d5ed4e94d353f56ea,130,130,717342742623,717342.742623000000
2025-12-01,90,-357687987,20cf9f3b9940c3f4de862bc8dc9fc4b052a8603d,6,6,680740236962,680740.236962000000
2025-12-01,91,-630802280,f6801d319497789f934ec7f83e142a9536312b08,115,115,658763760639,658763.760639000000
2025-12-01,92,-136048499,81463b0f960f247f704377661ec81c1fd65b5128,66,60,630110272551,630110.272551000000
2025-12-01,93,-701611027,946b258cc3b986ad90ee863806976737cc906023,3,1,604153698412,604153.698412000000
2025-12-01,94,-218590441,b3f8a1885bb8c1affe4980d8926132a0c3a318d5,3,3,572000000000,572000.000000000000
2025-12-01,95,-549879787,bf060fe5b35aefbb80041e313510294e501b5e38,5,4,568586672731,568586.672731000000
2025-12-01,96,-353310895,6747bcaf9bd5a5f0758cbe08903490e45ddfacb5,241,232,512364886722,512364.886722000000
2025-12-01,97,616036061,74de5d4fcbf63e00296fd95d33236b9794016631,784,784,512128645182,512128.645182000000
2025-12-01,98,-154588610,beb0b0623f66be8ce162ebdfa2ec543a522f4ea6,5,5,499973000000,499973.000000000000
2025-12-01,99,445715310,dfe201cedc41f970d43f95674d6b4be02de784dd,1,1,498899285355,498899.285355000000
2025-12-01,100,-577186117,207e1074858a7e78f17002075739ed2745dbaece,138,132,496885118529,496885.118529000000
2026-01-01,1,-527793138,a632d59b9b804a956bfaa9b48af3a1b74808fc1f,3728,3678,759518277009677,759518277.0096770000
2026-01-01,2,-561793933,63242a4ea82847b20e506b63b0e2e2eff0cc6cb0,3080,3030,624699674687689,624699674.6876890000
2026-01-01,3,-719115236,19b3cd7032b8c062e8d44eacad661a0970dd8c55,991,985,484914339480022,484914339.4800220000
2026-01-01,4,2145174805,70bf6634ee8cb27d04478f184b9b8bb13e5f4710,1197,1197,302660943480626,302660943.4806260000
2026-01-01,5,-719186742,80126555b170957dfed67a3bfbb7893e20fe4fc0,711,711,290311936165297,290311936.1652970000
2026-01-01,6,1844716471,bbbbbbbbbb9cc5e90e3b3af64bdaf62c37eeffcb,543,471,288422553516427,288422553.5164270000
2026-01-01,7,-39163961,000010036c0190e009a000d0fc3541100a07380a,1029,1029,288138337367224,288138337.3672240000
2026-01-01,8,-232637266,4a6c312ec70e8747a587ee860a0353cd42be0ae0,617,611,225778692686059,225778692.6860590000
2026-01-01,9,2054943978,6a000f20005980200259b80c5102003040001068,752,713,218150654588600,218150654.5886000000
2026-01-01,10,-719064654,b576765fb15505433af24fee2c0325895c559fb2,536,536,209700955230046,209700955.2300460000
2026-01-01,11,-718900214,990636ecb3ff04d33d92e970d3d588bf5cd8d086,1109,748,129644702225512,129644702.2255120000
2026-01-01,12,-472847201,779224df1c756b4edd899854f32a53e8c2b2ce5d,47,47,84511758927135,84511758.927135000000
2026-01-01,13,1843987934,383e6b4437b59fff47b619cba855ca29342a8559,311,300,64956636437400,64956636.437400000000
2026-01-01,14,1899934735,111111125421ca6dc452d289314280a0f8842a65,157,157,59292162597804,59292162.597804000000
2026-01-01,15,-52473322,00c600b30fb0400701010f4b080409018b9006e0,104,67,58459575157812,58459575.157812000000
2026-01-01,16,-341174562,2c0552e5dcb79b064fd23e358a86810bc5994244,428,428,57589817782886,57589817.782886000000
2026-01-01,17,-641972805,0a80e0b3000fa00308b090007009a0eb03ac0c55,64,64,54714429261179,54714429.261179000000
2026-01-01,18,881197687,9008d19f58aabd9ed0d60971565aa8510560ab41,684,666,51634210522457,51634210.522457000000
2026-01-01,19,-99619558,1601843c5e9bc251a3272907010afa41fa18347e,139,126,40760293909413,40760293.909413000000
2026-01-01,20,-103393091,45312ea0eff7e09c83cbe249fa1d7598c4c8cd4e,488,488,40628403361992,40628403.361992000000
2026-01-01,21,2034702912,b300000b72deaeb607a12d5f54773d1c19c7028d,546,514,38940314871261,38940314.871261000000
2026-01-01,22,-488480509,81fe240438f0631da32aaf5aba35f8960d2e78c9,991,964,37200584673051,37200584.673051000000
2026-01-01,23,-785594881,c5e0e2bd8b8663c621b5051d863d072295da9720,41,41,34689985460708,34689985.460708000000
2026-01-01,24,1250544290,a9d1e08c7793af67e9d92fe308d5697fb81d3e43,247,246,31935842058671,31935842.058671000000
2026-01-01,25,-577553578,a40afb15275a94f64af37c0ceaaaa45cb568a361,40,40,31416956529186,31416956.529186000000
2026-01-01,26,-577561302,ba7fdd2630f82458b4369a5b84d6438352ba4531,40,40,31416956529186,31416956.529186000000
2026-01-01,27,1329970747,f50be075ec9eb719ff2a40f4d061b91e51306bce,211,211,30889972878956,30889972.878956000000
2026-01-01,28,-642204277,ba98fc35c9dfd69178ad5dce9fa29c64554783b5,70,70,29446099171114,29446099.171114000000
2026-01-01,29,-814795780,ba4970b839678168340f823ef8f255832ab18c12,16,16,27675305886443,27675305.886443000000
2026-01-01,30,-679191016,9761ddf8e79930b334f1be1bd93abe3695061cca,28,28,27545585994093,27545585.994093000000
2026-01-01,31,-746035297,46b874c9dfd919228758a4425fd31ab0e4d13977,45,45,26020488275157,26020488.275157000000
2026-01-01,32,-693573062,5e1f62dac767b0491e3ce72469c217365d5b48cc,891,889,22590924780772,22590924.780772000000
2026-01-01,33,-814660172,b134641b80982bed7cdbb307e56e55abbc8b3197,32,32,22023185986756,22023185.986756000000
2026-01-01,34,-768951199,51e7f22d66c401acdef3b4e01f0d96709c5c69bd,46,46,21545231204444,21545231.204444000000
2026-01-01,35,-700898045,3bfbb965ba80497720715318f4234a221a4b16a6,40,38,21453955288323,21453955.288323000000
2026-01-01,36,1381791786,1111111254eeb25477b68fb85ed929f73a960582,48,48,18869743126874,18869743.126874000000
2026-01-01,37,2020598735,ecd7eef15713997528896cb5db7ec316db4c2101,949,899,16576585736435,16576585.736435000000
2026-01-01,38,2088341827,16c6521dff6bab339122a0fe25a9116693265353,281,159,16122756364473,16122756.364473000000
2026-01-01,39,-630802280,f6801d319497789f934ec7f83e142a9536312b08,35,35,14259519565000,14259519.565000000000
2026-01-01,40,-746007766,d8a6511979d9c5d387c819e9f8ed9f3a5c6c5379,37,37,13007514705391,13007514.705391000000
2026-01-01,41,-361863690,0d05a7d3448512b78fa8a9e46c4872c88c4a0d05,23,23,11861514127670,11861514.127670000000
2026-01-01,42,-120292250,2bba09866b6f1025258542478c39720a09b728bf,37,33,10417926469042,10417926.469042000000
2026-01-01,43,1723592854,13394005c1012e708fce1eb974f1130fdc73a5ce,1254,1229,9454526343177,9454526.343177000000
2026-01-01,44,-621500282,e943da1c54956f4700f26bc5ae4fe971e2b79ec4,45,45,9053558693730,9053558.693730000000
2026-01-01,45,1899839451,0c0d01abf3e6adfca0989ebba9d6e85dd58eab1e,75,65,8592802027047,8592802.027047000000
2026-01-01,46,1986186108,08c6f91e2b681faf5e17227f2a44c307b3c1364c,2,2,8083631496764,8083631.496764000000
2026-01-01,47,1809613945,100ae042ef0ea159ecc3513e9a378ff21f3829ba,2,2,7181901959205,7181901.959205000000
2026-01-01,48,1663246624,cf5540fffcdc3d510b18bfca6d2b9987b0772559,13,13,7065787935014,7065787.935014000000
2026-01-01,49,-746686855,c92814c1974355122a8a43781a090552634ee567,346,342,5825284016341,5825284.016341000000
2026-01-01,50,898309052,d09f16830172e6073e8e5ee5053f35010f1c7d7a,2,2,5599602721047,5599602.721047000000
2026-01-01,51,-326643083,bedfac7488dccaafdd66d1d7d56349780fe0477e,33,32,5361637739781,5361637.739781000000
2026-01-01,52,1852340564,625e92624bc2d88619accc1788365a69767f6200,418,403,5347329510090,5347329.510090000000
2026-01-01,53,-803220665,634826fb67d4eb9633f0011fae8e23cf99acd6f0,68,66,5183079082396,5183079.082396000000
2026-01-01,54,-794977462,1f560aee3d0c615f51466dcd9a312cfa858271a5,244,240,4803268294571,4803268.294571000000
2026-01-01,55,-677335588,b52bf1ddb5832b1619b651114e5388fef7eca169,2,2,4723423544870,4723423.544870000000
2026-01-01,56,-632070870,2c8bdf4b182d7fb8f0ab09bbc237cf6591030953,18,18,4386777362173,4386777.362173000000
2026-01-01,57,-632030937,2a601fc6c0cb854fda82715e49ab04c5340a0396,3,3,4264036732081,4264036.732081000000
2026-01-01,58,1364872031,1231deb6f5749ef6ce6943a275a1d3e7486f4eae,1865,1059,4254982865917,4254982.865917000000
2026-01-01,59,-478833132,365084b05fa7d5028346bd21d842ed0601bab5b8,87,67,4252224695946,4252224.695946000000
2026-01-01,60,-632067603,b3e262ef1479ed8c66578baebf6356a08cee0904,2,2,4219382729710,4219382.729710000000
2026-01-01,61,2120857848,1f2f10d1c40777ae1da742455c65828ff36df387,64,56,4058802992240,4058802.992240000000
2026-01-01,62,-723221885,23b72162199d20aecf7542f58b2b079223e7f2ec,42,37,3999434034557,3999434.034557000000
2026-01-01,63,-679315137,c30f6ee36a1746dd71c7e81529eeae7ce2f52252,35,32,3963281309721,3963281.309721000000
2026-01-01,64,1723640441,c30c8b862f7de6ba5d7eaeb113c78ec6b5ded04b,2002,1987,3855579942398,3855579.942398000000
2026-01-01,65,1991872789,5f4cfc9da95909d976b502de496bc3bacdfcb0a0,1,1,3750034753517,3750034.753517000000
2026-01-01,66,-822775192,97674b3531656c7208287f346ab579ea178f66bc,4,4,3740055735421,3740055.735421000000
2026-01-01,67,1071951088,bd6dddc5e55831ae7f4defce030f034a1548c4e7,7,7,3662233047302,3662233.047302000000
2026-01-01,68,-331601069,3611b82c7b13e72b26eb0e9be0613bee7a45ac7c,348,329,3383888100959,3383888.100959000000
2026-01-01,69,-625016143,d1a1c248b253f1fc60eacd90777b9a63f8c8c1bc,5,5,3309458145727,3309458.145727000000
2026-01-01,70,-295155165,4fe93ebc4ce6ae4f81601cc7ce7139023919e003,56,42,3145940873427,3145940.873427000000
2026-01-01,71,-564731191,923c98b22f9c367a109e93f7dfbaca28b20c17c3,4,4,3048861365196,3048861.365196000000
2026-01-01,72,2009764088,cb9cd7dd87c2f6b20dd956923fdccf8a961163de,1,1,2999080904136,2999080.904136000000
2026-01-01,73,-232630188,03b5259bd204bfd4a616e5b79b0b786d90c6c38f,1,1,2956762277889,2956762.277889000000
2026-01-01,74,1920382040,56c526b0159a258887e0d79ec3a80dfb940d0cd7,29,29,2866942319167,2866942.319167000000
2026-01-01,75,-637542745,b8178dab6825c3e1f7c95e92e3e5b1ab4efcba16,73,73,2746716989595,2746716.989595000000
2026-01-01,76,867588846,4a14347083b80e5216ca31350a2d21702ac3650d,628,628,2499221708370,2499221.708370000000
2026-01-01,77,-186006931,688e72142674041f8f6af4c808a4045ca1d6ac82,1,1,2360661584062,2360661.584062000000
2026-01-01,78,-812641135,539ee8c8ef5985f1f2ec3dc0d9dbdcdd1ad49f48,2,2,2300000000000,2300000.000000000000
2026-01-01,79,-804687818,96fb3209fb4da072fb5cc493fa0ff4ea5eaa2d41,23,23,2266871654928,2266871.654928000000
2026-01-01,80,1699176572,51c72848c68a965f66fa7a88855f9f7784502a7f,59,59,2028092890966,2028092.890966000000
2026-01-01,81,-201713013,afffbdb99f922568d1ecc5b59f82220e325ca7bd,5,5,2009998000000,2009998.000000000000
2026-01-01,82,-548771904,65b424a5655d8224dba61a31788368268245ce93,1,1,2005247435436,2005247.435436000000
2026-01-01,83,-331605081,a6e941eab67569ca4522f70d343714ff51d571c4,246,229,1965728641631,1965728.641631000000
2026-01-01,84,-718881268,0bb7a4fdea32910038dec59c20ccae3a6e66b09f,3,2,1899168561727,1899168.561727000000
2026-01-01,85,-748932920,cf611c871a758ef29cac6130408b35033c95d81a,5,5,1754037433861,1754037.433861000000
2026-01-01,86,-825771738,bd6ca14f1e06bc5230498c5c0972c92a69645672,2,2,1754035433861,1754035.433861000000
2026-01-01,87,2120858440,4cf648b83dd6eb315cbdf3d828ce6ee72b3edc8f,1,1,1700000000000,1700000.000000000000
2026-01-01,88,-90570791,3bd66d15d08174d01c2c9900f1bc7c8fb2ec2a17,6,6,1698904535514,1698904.535514000000
2026-01-01,89,606012732,ccb8e090fe070945cc0131a075b6e1ea8f208812,6,6,1605689139614,1605689.139614000000
2026-01-01,90,-326653551,50d3865a63d52c0a54e4679949647ea752107390,121,105,1560772083447,1560772.083447000000
2026-01-01,91,1952995611,a8970a661c177d40163bac9d9828ddd5f99c4f14,1,1,1520588816557,1520588.816557000000
2026-01-01,92,-642353710,43076bcfae3d19d8a839dfa10597ec3012151609,8,8,1506774782500,1506774.782500000000
2026-01-01,93,-136048499,81463b0f960f247f704377661ec81c1fd65b5128,57,52,1415749732130,1415749.732130000000
2026-01-01,94,1790543088,1cebd13797636b94c5cad7108cebe42d2fce7732,3,3,1309999684710,1309999.684710000000
2026-01-01,95,1731955419,06b50641cc4c6e3a08903052ec86d4d770f60c36,4,4,1185301537882,1185301.537882000000
2026-01-01,96,-717221126,80128dbb9f07b93dde62a6daeadb69ed14a7d354,3,3,1119262177220,1119262.177220000000
2026-01-01,97,1893386897,beef02e5e13584ab96848af90261f0c8ee04722a,30,20,1114514141457,1114514.141457000000
2026-01-01,98,-621047316,8392876883cf0e9e7ee24d9b1f606ed88644f23b,1,1,1000000000000,1000000.000000000000
2026-01-01,99,2071246439,595362a906a0b4e90aee1430b1f80fdde2be80de,1,1,1000000000000,1000000.000000000000
2026-01-01,100,753081174,989b3c9f5bc4189dfaee8efac99f9638d39fc45d,10,10,941988613169,941988.613169000000
2026-02-01,1,-527793138,a632d59b9b804a956bfaa9b48af3a1b74808fc1f,3858,3700,1186606078529687,1186606078.5296870000
2026-02-01,2,-561793933,63242a4ea82847b20e506b63b0e2e2eff0cc6cb0,4751,4620,839302988196416,839302988.1964160000
2026-02-01,3,-719115236,19b3cd7032b8c062e8d44eacad661a0970dd8c55,1293,1257,538074794814894,538074794.8148940000
2026-02-01,4,-331601069,3611b82c7b13e72b26eb0e9be0613bee7a45ac7c,507,459,486345420469257,486345420.4692570000
2026-02-01,5,-719186742,80126555b170957dfed67a3bfbb7893e20fe4fc0,1152,1152,413410979821816,413410979.8218160000
2026-02-01,6,-719064654,b576765fb15505433af24fee2c0325895c559fb2,937,937,285501271189796,285501271.1897960000
2026-02-01,7,1844716471,bbbbbbbbbb9cc5e90e3b3af64bdaf62c37eeffcb,484,451,281865461120835,281865461.1208350000
2026-02-01,8,-718900214,990636ecb3ff04d33d92e970d3d588bf5cd8d086,1176,828,193253934611166,193253934.6111660000
2026-02-01,9,-232637266,4a6c312ec70e8747a587ee860a0353cd42be0ae0,590,586,185049692494189,185049692.4941890000
2026-02-01,10,-39163961,000010036c0190e009a000d0fc3541100a07380a,613,613,132718223942974,132718223.9429740000
2026-02-01,11,881197687,9008d19f58aabd9ed0d60971565aa8510560ab41,1099,1076,114988156685896,114988156.6858960000
2026-02-01,12,1899839451,0c0d01abf3e6adfca0989ebba9d6e85dd58eab1e,369,335,106249627793199,106249627.7931990000
2026-02-01,13,-103393091,45312ea0eff7e09c83cbe249fa1d7598c4c8cd4e,688,688,93714402389590,93714402.389590000000
2026-02-01,14,1843987934,383e6b4437b59fff47b619cba855ca29342a8559,928,907,93221812726037,93221812.726037000000
2026-02-01,15,1852340564,625e92624bc2d88619accc1788365a69767f6200,3138,2918,66899962213488,66899962.213488000000
2026-02-01,16,2088341827,16c6521dff6bab339122a0fe25a9116693265353,1859,1067,56704966053713,56704966.053713000000
2026-02-01,17,2034702912,b300000b72deaeb607a12d5f54773d1c19c7028d,716,575,54921484854642,54921484.854642000000
2026-02-01,18,1250544290,a9d1e08c7793af67e9d92fe308d5697fb81d3e43,347,347,53840328524772,53840328.524772000000
2026-02-01,19,1899934735,111111125421ca6dc452d289314280a0f8842a65,214,214,53783080989179,53783080.989179000000
2026-02-01,20,1329970747,f50be075ec9eb719ff2a40f4d061b91e51306bce,290,290,53760323257488,53760323.257488000000
2026-02-01,21,1381791786,1111111254eeb25477b68fb85ed929f73a960582,68,68,50511497961495,50511497.961495000000
2026-02-01,22,-831656232,f48a3f7c0575c85cf4529aa220caf3c055773f1c,1154,1072,49739485710668,49739485.710668000000
2026-02-01,23,2145174805,70bf6634ee8cb27d04478f184b9b8bb13e5f4710,258,253,49065075621568,49065075.621568000000
2026-02-01,24,-679191016,9761ddf8e79930b334f1be1bd93abe3695061cca,39,39,46969141643094,46969141.643094000000
2026-02-01,25,-341174562,2c0552e5dcb79b064fd23e358a86810bc5994244,241,233,44387402101214,44387402.101214000000
2026-02-01,26,-488480509,81fe240438f0631da32aaf5aba35f8960d2e78c9,662,622,41770489045510,41770489.045510000000
2026-02-01,27,-785594881,c5e0e2bd8b8663c621b5051d863d072295da9720,70,70,39287719845698,39287719.845698000000
2026-02-01,28,-693573062,5e1f62dac767b0491e3ce72469c217365d5b48cc,961,909,36262705486578,36262705.486578000000
2026-02-01,29,2020598735,ecd7eef15713997528896cb5db7ec316db4c2101,908,846,33343683788629,33343683.788629000000
2026-02-01,30,-52473322,00c600b30fb0400701010f4b080409018b9006e0,95,76,32759468797203,32759468.797203000000
2026-02-01,31,-850682002,84ff7ef9568807c93436f09e2e613de2af3fe4ee,90,90,30027908265790,30027908.265790000000
2026-02-01,32,-642204277,ba98fc35c9dfd69178ad5dce9fa29c64554783b5,33,33,29951653070339,29951653.070339000000
2026-02-01,33,-835581481,025313dd636db058b4d0d70086a5b1c95aaed64a,49,49,29613686502333,29613686.502333000000
2026-02-01,34,-835605049,9df5a8397dfe9433035f638941d01eca2816c434,46,46,29613686502333,29613686.502333000000
2026-02-01,35,-835579969,25c74155a59e0f66c630ed8ee6b18bdfbcf0e90e,49,49,29613686502333,29613686.502333000000
2026-02-01,36,-835473466,f1f36f90cb0f258ec090ffbcab33b5b6dfb04403,47,47,26471628509778,26471628.509778000000
2026-02-01,37,-835460395,cf346a4f898e9fdacd3a130ffe00f1f2da56c90a,19,19,26407114317525,26407114.317525000000
2026-02-01,38,-835478395,0221b322ad36bbdf872a15c6010301b261ac097a,18,17,26407113317624,26407113.317624000000
2026-02-01,39,-803220665,634826fb67d4eb9633f0011fae8e23cf99acd6f0,1031,1025,25701087502579,25701087.502579000000
2026-02-01,40,-361863690,0d05a7d3448512b78fa8a9e46c4872c88c4a0d05,34,34,25584371587160,25584371.587160000000
2026-02-01,41,2120857848,1f2f10d1c40777ae1da742455c65828ff36df387,74,71,23743087703650,23743087.703650000000
2026-02-01,42,-814795780,ba4970b839678168340f823ef8f255832ab18c12,7,7,22343341276686,22343341.276686000000
2026-02-01,43,-814660172,b134641b80982bed7cdbb307e56e55abbc8b3197,6,6,19244314851287,19244314.851287000000
2026-02-01,44,1858640110,324c0cbdeb97d58096d630176b1b247684d534cb,2,2,18300000000000,18300000.000000000000
2026-02-01,45,-83017006,96f49d0e9724dfd8780fa667ac37a993f005cb94,2,2,18300000000000,18300000.000000000000
2026-02-01,46,1663246624,cf5540fffcdc3d510b18bfca6d2b9987b0772559,160,154,17686563081766,17686563.081766000000
2026-02-01,47,1364872031,1231deb6f5749ef6ce6943a275a1d3e7486f4eae,1744,1047,15245708490387,15245708.490387000000
2026-02-01,48,-629163533,36331e299247e5d0d3261e1d9852f6e0cffee95c,38,38,14585697296863,14585697.296863000000
2026-02-01,49,-136053573,9bcd841436ef4f85dacefb1aec772af71619024e,37,37,13742496446858,13742496.446858000000
2026-02-01,50,-700898045,3bfbb965ba80497720715318f4234a221a4b16a6,40,36,13712158744113,13712158.744113000000
2026-02-01,51,2054943978,6a000f20005980200259b80c5102003040001068,115,104,13631777818732,13631777.818732000000
2026-02-01,52,-326653551,50d3865a63d52c0a54e4679949647ea752107390,951,686,11480649914708,11480649.914708000000
2026-02-01,53,1920382040,56c526b0159a258887e0d79ec3a80dfb940d0cd7,135,135,11431355913241,11431355.913241000000
2026-02-01,54,1490507434,00000000009e50a7ddb7a7b0e2ee6604fd120e49,673,626,10505377517853,10505377.517853000000
2026-02-01,55,-804687818,96fb3209fb4da072fb5cc493fa0ff4ea5eaa2d41,51,51,10192490811731,10192490.811731000000
2026-02-01,56,-493068614,aea4bcad666659e7937ce8740ff54afa38af5122,56,56,9959780160761,9959780.160761000000
2026-02-01,57,1723592854,13394005c1012e708fce1eb974f1130fdc73a5ce,1354,1319,8742237393857,8742237.393857000000
2026-02-01,58,-707936772,3bd9248048df95db4fbd748c6cd99c1baa40bad0,106,105,8540112718205,8540112.718205000000
2026-02-01,59,-295155165,4fe93ebc4ce6ae4f81601cc7ce7139023919e003,225,187,8461667608952,8461667.608952000000
2026-02-01,60,-316031521,058bbff7be9d3cb50cdb9e6f6929f023f2763b98,7,7,8238037354236,8238037.354236000000
2026-02-01,61,1986186108,08c6f91e2b681faf5e17227f2a44c307b3c1364c,1,1,8088174445596,8088174.445596000000
2026-02-01,62,-641972805,0a80e0b3000fa00308b090007009a0eb03ac0c55,13,13,7880697461018,7880697.461018000000
2026-02-01,63,-815016721,b11ed12e302815c8c5f12a3a1a93ebd7bd730a21,64,64,7809362952354,7809362.952354000000
2026-02-01,64,-679210687,dbd87325d7b1189dcc9255c4926076ff4a96a271,13,13,7599740520000,7599740.520000000000
2026-02-01,65,2096071831,feb016d0d14ac0fa6d69199608b0776d007203b2,1,1,7551891123218,7551891.123218000000
2026-02-01,66,-851960937,5c4ba823656c8bb304b8ef8c65bd7d769e4d2f2c,10,10,7169463317196,7169463.317196000000
2026-02-01,67,1699176572,51c72848c68a965f66fa7a88855f9f7784502a7f,215,215,6826639219599,6826639.219599000000
2026-02-01,68,-326643083,bedfac7488dccaafdd66d1d7d56349780fe0477e,157,144,6810249212333,6810249.212333000000
2026-02-01,69,-331605081,a6e941eab67569ca4522f70d343714ff51d571c4,291,247,6416600330956,6416600.330956000000
2026-02-01,70,-679197530,caae49fb7f74ccfbe8a05e6104b01c097a78789f,11,10,5929980000000,5929980.000000000000
2026-02-01,71,-120292250,2bba09866b6f1025258542478c39720a09b728bf,25,21,5880117131008,5880117.131008000000
2026-02-01,72,-478833132,365084b05fa7d5028346bd21d842ed0601bab5b8,193,142,5606184953653,5606184.953653000000
2026-02-01,73,1723640441,c30c8b862f7de6ba5d7eaeb113c78ec6b5ded04b,1736,1717,5566001647001,5566001.647001000000
2026-02-01,74,-839011821,fb2454d5b5c55914c8728986715e22e0b5428d17,21,21,5392152011522,5392152.011522000000
2026-02-01,75,-257616052,4911766d2c7ccf5f493909f0bf6d5499f338fa02,1,1,5000000000000,5000000.000000000000
2026-02-01,76,-602270877,49e55995ef73717895a638074de5af89fa1e301c,64,60,4978699526817,4978699.526817000000
2026-02-01,77,-736878609,c3623ab16de256bf11855f884fdffd6f971c5fb7,89,62,4841928640044,4841928.640044000000
2026-02-01,78,-679315137,c30f6ee36a1746dd71c7e81529eeae7ce2f52252,41,31,4617551981595,4617551.981595000000
2026-02-01,79,-111399962,000000000004444c5dc75cb358380d2e3de08a90,486,455,4518177641904,4518177.641904000000
2026-02-01,80,-388218176,4d6f5f655fe3e70e8a6113518bc79fbdbaa2c2a3,10,10,4421870195896,4421870.195896000000
2026-02-01,81,-350771956,fd0b31d2e955fa55e3fa641fe90e08b677188d35,21,18,4284556330972,4284556.330972000000
2026-02-01,82,-315856379,77e19de48f43af1d150aaef2de7e7ab8f3e55360,2,2,4268809971026,4268809.971026000000
2026-02-01,83,-136048499,81463b0f960f247f704377661ec81c1fd65b5128,263,252,4211420552899,4211420.552899000000
2026-02-01,84,-422193905,89c6340b1a1f4b25d36cd8b063d49045caf3f818,113,113,3710847483114,3710847.483114000000
2026-02-01,85,-735348393,5814fc20f0e09114503569ed6b27a4a86c9f8de4,51,33,3502424534602,3502424.534602000000
2026-02-01,86,-632070870,2c8bdf4b182d7fb8f0ab09bbc237cf6591030953,14,14,3435701331654,3435701.331654000000
2026-02-01,87,-632030937,2a601fc6c0cb854fda82715e49ab04c5340a0396,2,2,3344825202156,3344825.202156000000
2026-02-01,88,-632067603,b3e262ef1479ed8c66578baebf6356a08cee0904,2,2,3344825202156,3344825.202156000000
2026-02-01,89,-700479500,95324830563c01f740eb2ac6f7cc11e4ec798dfd,44,44,3180063786375,3180063.786375000000
2026-02-01,90,-301096168,b67fe25c95177b90d895bb8d31c3587dc8c22c35,1,1,3010475164282,3010475.164282000000
2026-02-01,91,743243994,e0019d15f39ec9e8007acd7ca0776dd90eb3d333,15,15,2993679785704,2993679.785704000000
2026-02-01,92,1893386897,beef02e5e13584ab96848af90261f0c8ee04722a,58,32,2642576406649,2642576.406649000000
2026-02-01,93,-625017327,d1a3c20488899c038b7daae1ede0c6da6c36c326,8,8,2640277974699,2640277.974699000000
2026-02-01,94,-200443619,06cff7088619c7178f5e14f0b119458d08d2f5ef,154,149,2494227993684,2494227.993684000000
2026-02-01,95,-788012571,e78c05c508405207ecc256781b9415e6de1c8336,14,7,2466361236878,2466361.236878000000
2026-02-01,96,-630802280,f6801d319497789f934ec7f83e142a9536312b08,25,25,2440958531338,2440958.531338000000
2026-02-01,97,-564731191,923c98b22f9c367a109e93f7dfbaca28b20c17c3,11,11,2432473841240,2432473.841240000000
2026-02-01,98,2071246439,595362a906a0b4e90aee1430b1f80fdde2be80de,2,2,2400000000000,2400000.000000000000
2026-02-01,99,-677335588,b52bf1ddb5832b1619b651114e5388fef7eca169,4,4,2372041407234,2372041.407234000000
2026-02-01,100,-218590441,b3f8a1885bb8c1affe4980d8926132a0c3a318d5,10,10,2203125790966,2203125.790966000000
2026-03-01,1,-719115236,19b3cd7032b8c062e8d44eacad661a0970dd8c55,3260,3153,1001649977029097,1001649977.0290970000
2026-03-01,2,1844716471,bbbbbbbbbb9cc5e90e3b3af64bdaf62c37eeffcb,2402,1997,995124830120304,995124830.1203040000
2026-03-01,3,-719186742,80126555b170957dfed67a3bfbb7893e20fe4fc0,2928,2928,778802847362857,778802847.3628570000
2026-03-01,4,-527793138,a632d59b9b804a956bfaa9b48af3a1b74808fc1f,3820,3620,754226207122422,754226207.1224220000
2026-03-01,5,-719064654,b576765fb15505433af24fee2c0325895c559fb2,2628,2628,560454945725683,560454945.7256830000
2026-03-01,6,-232637266,4a6c312ec70e8747a587ee860a0353cd42be0ae0,1044,1021,436840522569260,436840522.5692600000
2026-03-01,7,-994382865,f886b7ffae432ee3d21159568fd66d5aa6a55c80,4,2,400000000000000,400000000.0000000000
2026-03-01,8,1899839451,0c0d01abf3e6adfca0989ebba9d6e85dd58eab1e,422,391,376709188988544,376709188.9885440000
2026-03-01,9,-561793933,63242a4ea82847b20e506b63b0e2e2eff0cc6cb0,2066,1901,343298630186978,343298630.1869780000
2026-03-01,10,-718900214,990636ecb3ff04d33d92e970d3d588bf5cd8d086,986,674,248906074831747,248906074.8317470000
2026-03-01,11,-1005884113,54d653c10e91299419b8b5171dd708f9d3a20e26,2,1,200000000000000,200000000.0000000000
2026-03-01,12,-39163961,000010036c0190e009a000d0fc3541100a07380a,593,592,179149295560572,179149295.5605720000
2026-03-01,13,881197687,9008d19f58aabd9ed0d60971565aa8510560ab41,1339,1316,165607478547676,165607478.5476760000
2026-03-01,14,-679191016,9761ddf8e79930b334f1be1bd93abe3695061cca,45,45,124914925932933,124914925.9329330000
2026-03-01,15,-789425471,2c793f5cb25b35a99648783c01e6cccc200d2096,40,32,105707002427355,105707002.4273550000
2026-03-01,16,-785594881,c5e0e2bd8b8663c621b5051d863d072295da9720,79,79,100653860443337,100653860.443337000000
2026-03-01,17,1843987934,383e6b4437b59fff47b619cba855ca29342a8559,929,840,76822662718383,76822662.718383000000
2026-03-01,18,2088341827,16c6521dff6bab339122a0fe25a9116693265353,1705,955,73017530300323,73017530.300323000000
2026-03-01,19,2145174805,70bf6634ee8cb27d04478f184b9b8bb13e5f4710,267,257,70948098087458,70948098.087458000000
2026-03-01,20,-939720152,24385a793f725328d7f6224430e48b4236326717,19,19,52751212528087,52751212.528087000000
2026-03-01,21,1852340564,625e92624bc2d88619accc1788365a69767f6200,3091,2643,52144124891519,52144124.891519000000
2026-03-01,22,-800841385,e479bcbc98579ba3e1a1261f7be85c4c10303d88,6,6,50000010100000,50000010.100000000000
2026-03-01,23,-801048928,a118e627fc4897f3d63fdde2d6ef89eeec342a35,6,6,50000010100000,50000010.100000000000
2026-03-01,24,-264797894,6d1a85398e8f9b720c6a8a2ffc85b26e2c5b0c3e,14,14,47511828361559,47511828.361559000000
2026-03-01,25,-831656232,f48a3f7c0575c85cf4529aa220caf3c055773f1c,1324,1237,45979561415730,45979561.415730000000
2026-03-01,26,-341174562,2c0552e5dcb79b064fd23e358a86810bc5994244,276,268,45827858740446,45827858.740446000000
2026-03-01,27,1663246624,cf5540fffcdc3d510b18bfca6d2b9987b0772559,289,256,45007055614897,45007055.614897000000
2026-03-01,28,-103393091,45312ea0eff7e09c83cbe249fa1d7598c4c8cd4e,587,587,36931394035469,36931394.035469000000
2026-03-01,29,-803220665,634826fb67d4eb9633f0011fae8e23cf99acd6f0,931,922,35821146515534,35821146.515534000000
2026-03-01,30,1081958299,cd40532686b94abc88b06b9705aacbc14c8364d6,11,11,32508287043272,32508287.043272000000
2026-03-01,31,1364872031,1231deb6f5749ef6ce6943a275a1d3e7486f4eae,2135,1298,30180455159649,30180455.159649000000
2026-03-01,32,-871895044,b822e26a15e1c89c0d981f8f1d967fe5ea3bfc07,38,23,28971215334548,28971215.334548000000
2026-03-01,33,-947981602,cd95e25ce1f8b47c228b3ac2888c3990ecb672bb,5,5,27977431558906,27977431.558906000000
2026-03-01,34,-944885160,066e84ca92529b500592867d0be89e78563fa965,5,5,27977430000000,27977430.000000000000
2026-03-01,35,-947223656,51918bd79c6e5e460783e229ec018602daa5be16,5,5,27977430000000,27977430.000000000000
2026-03-01,36,-944867378,f3c971c659b8651fd6721de759b4048aea3cd6a2,5,5,27977430000000,27977430.000000000000
2026-03-01,37,-954256969,0d4f7b204626e8233c5b42b1269a78e236e9a06b,5,5,27087381284296,27087381.284296000000
2026-03-01,38,1381791786,1111111254eeb25477b68fb85ed929f73a960582,36,36,23318334156002,23318334.156002000000
2026-03-01,39,-331601069,3611b82c7b13e72b26eb0e9be0613bee7a45ac7c,596,543,23019210392999,23019210.392999000000
2026-03-01,40,1986186108,08c6f91e2b681faf5e17227f2a44c307b3c1364c,2,2,20083216283888,20083216.283888000000
2026-03-01,41,-707936772,3bd9248048df95db4fbd748c6cd99c1baa40bad0,335,314,18884538864198,18884538.864198000000
2026-03-01,42,1899934735,111111125421ca6dc452d289314280a0f8842a65,225,225,18795479741737,18795479.741737000000
2026-03-01,43,2020598735,ecd7eef15713997528896cb5db7ec316db4c2101,562,523,17459017849019,17459017.849019000000
2026-03-01,44,-478833132,365084b05fa7d5028346bd21d842ed0601bab5b8,334,270,17439363778562,17439363.778562000000
2026-03-01,45,-722555279,76e4ad4a6b04d99e7ed47580007bd9382a380857,197,183,17127562318364,17127562.318364000000
2026-03-01,46,-111399962,000000000004444c5dc75cb358380d2e3de08a90,1840,1668,17063079209596,17063079.209596000000
2026-03-01,47,-52473322,00c600b30fb0400701010f4b080409018b9006e0,64,56,16424372214260,16424372.214260000000
2026-03-01,48,-915359983,555f240e556788e65306754a0ba6e7a76c2ab59e,6,4,15927265060977,15927265.060977000000
2026-03-01,49,-326653551,50d3865a63d52c0a54e4679949647ea752107390,1390,727,15534287047699,15534287.047699000000
2026-03-01,50,-295155165,4fe93ebc4ce6ae4f81601cc7ce7139023919e003,129,88,15260720604932,15260720.604932000000
2026-03-01,51,-316031521,058bbff7be9d3cb50cdb9e6f6929f023f2763b98,6,6,13636503733463,13636503.733463000000
2026-03-01,52,1250544290,a9d1e08c7793af67e9d92fe308d5697fb81d3e43,137,136,13538613711858,13538613.711858000000
2026-03-01,53,2054943978,6a000f20005980200259b80c5102003040001068,78,72,11013889079586,11013889.079586000000
2026-03-01,54,-422193905,89c6340b1a1f4b25d36cd8b063d49045caf3f818,206,206,10826101901934,10826101.901934000000
2026-03-01,55,-326643083,bedfac7488dccaafdd66d1d7d56349780fe0477e,83,74,10734027785964,10734027.785964000000
2026-03-01,56,-736878609,c3623ab16de256bf11855f884fdffd6f971c5fb7,249,170,10266052281825,10266052.281825000000
2026-03-01,57,-835579969,25c74155a59e0f66c630ed8ee6b18bdfbcf0e90e,24,24,10209219075654,10209219.075654000000
2026-03-01,58,-835581481,025313dd636db058b4d0d70086a5b1c95aaed64a,7,7,10111284000590,10111284.000590000000
2026-03-01,59,-835605049,9df5a8397dfe9433035f638941d01eca2816c434,7,7,10111284000590,10111284.000590000000
2026-03-01,60,-915050940,0906a879ea0f66e3559f11b25b866dba247f9e63,145,94,9478406234834,9478406.234834000000
2026-03-01,61,-815016721,b11ed12e302815c8c5f12a3a1a93ebd7bd730a21,68,68,9445733409682,9445733.409682000000
2026-03-01,62,1790543088,1cebd13797636b94c5cad7108cebe42d2fce7732,8,8,8803112132084,8803112.132084000000
2026-03-01,63,-331605081,a6e941eab67569ca4522f70d343714ff51d571c4,443,391,8478072133487,8478072.133487000000
2026-03-01,64,2034702912,b300000b72deaeb607a12d5f54773d1c19c7028d,405,323,7723339248060,7723339.248060000000
2026-03-01,65,-391104285,d4f480965d2347d421f1bec7f545682e5ec2151d,121,96,7079551519746,7079551.519746000000
2026-03-01,66,-564731191,923c98b22f9c367a109e93f7dfbaca28b20c17c3,43,43,6970399624720,6970399.624720000000
2026-03-01,67,-835473466,f1f36f90cb0f258ec090ffbcab33b5b6dfb04403,60,60,6742446347507,6742446.347507000000
2026-03-01,68,-835478395,0221b322ad36bbdf872a15c6010301b261ac097a,2,2,6591178075920,6591178.075920000000
2026-03-01,69,-835460395,cf346a4f898e9fdacd3a130ffe00f1f2da56c90a,2,2,6591178075920,6591178.075920000000
2026-03-01,70,-625016143,d1a1c248b253f1fc60eacd90777b9a63f8c8c1bc,26,26,6570665796248,6570665.796248000000
2026-03-01,71,-870954752,69ebf644533655b5d3b6455e8e47dde21b5993f1,5,5,6345056241537,6345056.241537000000
2026-03-01,72,1490507434,00000000009e50a7ddb7a7b0e2ee6604fd120e49,344,325,6341143288311,6341143.288311000000
2026-03-01,73,-120292250,2bba09866b6f1025258542478c39720a09b728bf,22,19,6187642027637,6187642.027637000000
2026-03-01,74,-748932920,cf611c871a758ef29cac6130408b35033c95d81a,11,11,5842225771619,5842225.771619000000
2026-03-01,75,1329970747,f50be075ec9eb719ff2a40f4d061b91e51306bce,29,29,5646104758030,5646104.758030000000
2026-03-01,76,-488480509,81fe240438f0631da32aaf5aba35f8960d2e78c9,715,617,5615063219304,5615063.219304000000
2026-03-01,77,2000202299,888888888889758f76e7103c6cbf23abbf58f946,85,82,5257373540165,5257373.540165000000
2026-03-01,78,1723640441,c30c8b862f7de6ba5d7eaeb113c78ec6b5ded04b,1517,1500,5129911156308,5129911.156308000000
2026-03-01,79,-264224439,0b2ff969393d3cf73fe74795d08373868435dfe9,2,2,5008269189730,5008269.189730000000
2026-03-01,80,-586886939,7b3d008828d9bde126104e75c559750e093ddea9,3,3,5001967199638,5001967.199638000000
2026-03-01,81,-857062220,3d01bc69871f86548eee74da5da03e16d77e2744,8,8,4857366019339,4857366.019339000000
2026-03-01,82,-857030134,b4201a579a2cf1d321f04d98bdba2a25befd6b0a,5,5,4842679656107,4842679.656107000000
2026-03-01,83,-857041664,5be0b2228cd022fb7ce4061c7628e2714ba9fa0d,2,2,4839941656107,4839941.656107000000
2026-03-01,84,-693573062,5e1f62dac767b0491e3ce72469c217365d5b48cc,470,403,4777360900736,4777360.900736000000
2026-03-01,85,-735348393,5814fc20f0e09114503569ed6b27a4a86c9f8de4,81,56,4736734473916,4736734.473916000000
2026-03-01,86,1920382040,56c526b0159a258887e0d79ec3a80dfb940d0cd7,69,69,4695730985331,4695730.985331000000
2026-03-01,87,-472847201,779224df1c756b4edd899854f32a53e8c2b2ce5d,59,59,4480330132286,4480330.132286000000
2026-03-01,88,-679210687,dbd87325d7b1189dcc9255c4926076ff4a96a271,8,8,4199995000000,4199995.000000000000
2026-03-01,89,-430743453,5b77fff51e506f3966a323ea0d52afd827699bd1,3,3,3971124257952,3971124.257952000000
2026-03-01,90,-825771738,bd6ca14f1e06bc5230498c5c0972c92a69645672,14,14,3948806635139,3948806.635139000000
2026-03-01,91,-733767687,74ad2f789ed583dbd141bbdafc673fe1f033718b,16,16,3871070102871,3871070.102871000000
2026-03-01,92,1893386897,beef02e5e13584ab96848af90261f0c8ee04722a,253,169,3832349610466,3832349.610466000000
2026-03-01,93,1723592854,13394005c1012e708fce1eb974f1130fdc73a5ce,1137,1089,3573019781699,3573019.781699000000
2026-03-01,94,2096071831,feb016d0d14ac0fa6d69199608b0776d007203b2,3,3,3501687390932,3501687.390932000000
2026-03-01,95,1731955419,06b50641cc4c6e3a08903052ec86d4d770f60c36,15,15,3189046535986,3189046.535986000000
2026-03-01,96,-642204277,ba98fc35c9dfd69178ad5dce9fa29c64554783b5,17,17,3046236075705,3046236.075705000000
2026-03-01,97,2009764088,cb9cd7dd87c2f6b20dd956923fdccf8a961163de,1,1,3024792833055,3024792.833055000000
2026-03-01,98,-136048499,81463b0f960f247f704377661ec81c1fd65b5128,208,185,2958518951453,2958518.951453000000
2026-03-01,99,-812641135,539ee8c8ef5985f1f2ec3dc0d9dbdcdd1ad49f48,2,2,2915372361155,2915372.361155000000
2026-03-01,100,-857136582,a462d9acaccb141ce7f17213b95198fe248c27a1,26,16,2861198873334,2861198.873334000000
2026-04-01,1,-719115236,19b3cd7032b8c062e8d44eacad661a0970dd8c55,2977,2811,1668263258472037,1668263258.4720370000
2026-04-01,2,1844716471,bbbbbbbbbb9cc5e90e3b3af64bdaf62c37eeffcb,2006,1794,1249322478309603,1249322478.3096030000
2026-04-01,3,-719186742,80126555b170957dfed67a3bfbb7893e20fe4fc0,2604,2602,1113011295214553,1113011295.2145530000
2026-04-01,4,-527793138,a632d59b9b804a956bfaa9b48af3a1b74808fc1f,3610,3470,861072062234537,861072062.2345370000
2026-04-01,5,-719064654,b576765fb15505433af24fee2c0325895c559fb2,2227,2225,709750473338159,709750473.3381590000
2026-04-01,6,-232637266,4a6c312ec70e8747a587ee860a0353cd42be0ae0,875,846,656301845619207,656301845.6192070000
2026-04-01,7,-39163961,000010036c0190e009a000d0fc3541100a07380a,686,685,310784786654502,310784786.6545020000
2026-04-01,8,-561793933,63242a4ea82847b20e506b63b0e2e2eff0cc6cb0,1042,908,251633101135514,251633101.1355140000
2026-04-01,9,-1052279104,4c3ccc98c01103be72bcfd29e1d2454c98d1a6e3,465,312,203326831464483,203326831.4644830000
2026-04-01,10,1843987934,383e6b4437b59fff47b619cba855ca29342a8559,676,643,187450770252691,187450770.2526910000
2026-04-01,11,-971526386,8f10b468b06c6fd214b65f87778827f7d113f996,639,561,186431783629249,186431783.6292490000
2026-04-01,12,-679191016,9761ddf8e79930b334f1be1bd93abe3695061cca,28,28,179203907319057,179203907.3190570000
2026-04-01,13,1381791786,1111111254eeb25477b68fb85ed929f73a960582,46,46,142562433236043,142562433.2360430000
2026-04-01,14,-785594881,c5e0e2bd8b8663c621b5051d863d072295da9720,81,81,90801090420021,90801090.420021000000
2026-04-01,15,1250544290,a9d1e08c7793af67e9d92fe308d5697fb81d3e43,783,780,90778090234362,90778090.234362000000
2026-04-01,16,1329970747,f50be075ec9eb719ff2a40f4d061b91e51306bce,719,719,82440928476719,82440928.476719000000
2026-04-01,17,-52473322,00c600b30fb0400701010f4b080409018b9006e0,139,95,77392418718387,77392418.718387000000
2026-04-01,18,1899839451,0c0d01abf3e6adfca0989ebba9d6e85dd58eab1e,489,388,75050884609375,75050884.609375000000
2026-04-01,19,2034702912,b300000b72deaeb607a12d5f54773d1c19c7028d,1366,949,73562361168297,73562361.168297000000
2026-04-01,20,881197687,9008d19f58aabd9ed0d60971565aa8510560ab41,894,866,70319144033893,70319144.033893000000
2026-04-01,21,2088341827,16c6521dff6bab339122a0fe25a9116693265353,726,400,66914786722055,66914786.722055000000
2026-04-01,22,-915359983,555f240e556788e65306754a0ba6e7a76c2ab59e,37,25,58595516877145,58595516.877145000000
2026-04-01,23,-488480509,81fe240438f0631da32aaf5aba35f8960d2e78c9,1629,1399,57954913180038,57954913.180038000000
2026-04-01,24,-954256969,0d4f7b204626e8233c5b42b1269a78e236e9a06b,7,7,56005135668717,56005135.668717000000
2026-04-01,25,-939720152,24385a793f725328d7f6224430e48b4236326717,6,6,54363762239913,54363762.239913000000
2026-04-01,26,1852340564,625e92624bc2d88619accc1788365a69767f6200,1055,931,53792679436061,53792679.436061000000
2026-04-01,27,-944885160,066e84ca92529b500592867d0be89e78563fa965,8,8,49977607000000,49977607.000000000000
2026-04-01,28,-944867378,f3c971c659b8651fd6721de759b4048aea3cd6a2,8,8,49977607000000,49977607.000000000000
2026-04-01,29,-947223656,51918bd79c6e5e460783e229ec018602daa5be16,8,8,49977607000000,49977607.000000000000
2026-04-01,30,-947981602,cd95e25ce1f8b47c228b3ac2888c3990ecb672bb,8,8,49977606102294,49977606.102294000000
2026-04-01,31,-103393091,45312ea0eff7e09c83cbe249fa1d7598c4c8cd4e,386,386,43336321472707,43336321.472707000000
2026-04-01,32,-642204277,ba98fc35c9dfd69178ad5dce9fa29c64554783b5,33,33,35019885529497,35019885.529497000000
2026-04-01,33,-1037640733,7f54f05635d15cde17a49502fedb9d1803a3be8a,704,658,33089483085516,33089483.085516000000
2026-04-01,34,-850682002,84ff7ef9568807c93436f09e2e613de2af3fe4ee,58,58,30282840064406,30282840.064406000000
2026-04-01,35,1364872031,1231deb6f5749ef6ce6943a275a1d3e7486f4eae,1221,896,30028146963067,30028146.963067000000
2026-04-01,36,1986186108,08c6f91e2b681faf5e17227f2a44c307b3c1364c,3,3,28000000000000,28000000.000000000000
2026-04-01,37,-803220665,634826fb67d4eb9633f0011fae8e23cf99acd6f0,357,335,27853514985192,27853514.985192000000
2026-04-01,38,-341174562,2c0552e5dcb79b064fd23e358a86810bc5994244,234,227,27216397313193,27216397.313193000000
2026-04-01,39,1899934735,111111125421ca6dc452d289314280a0f8842a65,194,194,27207014421530,27207014.421530000000
2026-04-01,40,-718900214,990636ecb3ff04d33d92e970d3d588bf5cd8d086,314,206,26137326580369,26137326.580369000000
2026-04-01,41,-331601069,3611b82c7b13e72b26eb0e9be0613bee7a45ac7c,420,390,25981142093741,25981142.093741000000
2026-04-01,42,-972904721,ac8ce2b915881f45e83ef5f0f5283356857bccba,41,41,25122765569515,25122765.569515000000
2026-04-01,43,-973099820,4b1a4a8f421454874b553cce4c59c654a84c4927,5,5,24978239580430,24978239.580430000000
2026-04-01,44,-972878042,64423e2f6b35d24f35e3fa3938d9b896004776b1,4,3,24978239570859,24978239.570859000000
2026-04-01,45,-984684288,7ba59ee9e5a8055cb108de70a04f9b23a39145e2,33,33,24332880649373,24332880.649373000000
2026-04-01,46,-984695684,6cad5fcb29d98c4968a79ea7db286c5986389009,21,21,24309904995453,24309904.995453000000
2026-04-01,47,-984692801,7a3cc95a17f4b80a71498fd5177587442de23c4f,18,18,24309345564166,24309345.564166000000
2026-04-01,48,-295155165,4fe93ebc4ce6ae4f81601cc7ce7139023919e003,83,70,23479838641043,23479838.641043000000
2026-04-01,49,-264797894,6d1a85398e8f9b720c6a8a2ffc85b26e2c5b0c3e,10,10,22923549668973,22923549.668973000000
2026-04-01,50,-831656232,f48a3f7c0575c85cf4529aa220caf3c055773f1c,343,331,22799969959659,22799969.959659000000
2026-04-01,51,-478833132,365084b05fa7d5028346bd21d842ed0601bab5b8,264,194,22662995033572,22662995.033572000000
2026-04-01,52,-835460395,cf346a4f898e9fdacd3a130ffe00f1f2da56c90a,4,4,22244441229261,22244441.229261000000
2026-04-01,53,-835473466,f1f36f90cb0f258ec090ffbcab33b5b6dfb04403,25,25,22201467183673,22201467.183673000000
2026-04-01,54,-835478395,0221b322ad36bbdf872a15c6010301b261ac097a,2,2,22157304917487,22157304.917487000000
2026-04-01,55,2145174805,70bf6634ee8cb27d04478f184b9b8bb13e5f4710,74,71,21627934898312,21627934.898312000000
2026-04-01,56,-707936772,3bd9248048df95db4fbd748c6cd99c1baa40bad0,178,172,21111027198678,21111027.198678000000
2026-04-01,57,1663246624,cf5540fffcdc3d510b18bfca6d2b9987b0772559,374,373,19627810737338,19627810.737338000000
2026-04-01,58,-814795780,ba4970b839678168340f823ef8f255832ab18c12,5,5,19344012444724,19344012.444724000000
2026-04-01,59,2120857848,1f2f10d1c40777ae1da742455c65828ff36df387,82,80,18714543279413,18714543.279413000000
2026-04-01,60,1699176572,51c72848c68a965f66fa7a88855f9f7784502a7f,292,292,18038566802355,18038566.802355000000
2026-04-01,61,-326643083,bedfac7488dccaafdd66d1d7d56349780fe0477e,84,79,17290489029176,17290489.029176000000
2026-04-01,62,-1037744010,cc0eff1e3c93713ff719cf6ef368c9a49ceec3cd,20,19,16643697544057,16643697.544057000000
2026-04-01,63,-331605081,a6e941eab67569ca4522f70d343714ff51d571c4,303,275,16574186101435,16574186.101435000000
2026-04-01,64,-586886939,7b3d008828d9bde126104e75c559750e093ddea9,5,5,15006817889969,15006817.889969000000
2026-04-01,65,1081958299,cd40532686b94abc88b06b9705aacbc14c8364d6,6,6,14724696014688,14724696.014688000000
2026-04-01,66,-994139140,a000b020c290d000020aac04026b5306d60050f0,17,11,13805760796213,13805760.796213000000
2026-04-01,67,2020598735,ecd7eef15713997528896cb5db7ec316db4c2101,716,679,13438251599361,13438251.599361000000
2026-04-01,68,-735348393,5814fc20f0e09114503569ed6b27a4a86c9f8de4,39,32,13175775032835,13175775.032835000000
2026-04-01,69,-632070870,2c8bdf4b182d7fb8f0ab09bbc237cf6591030953,23,23,12700805012679,12700805.012679000000
2026-04-01,70,-632030937,2a601fc6c0cb854fda82715e49ab04c5340a0396,2,2,12688985570422,12688985.570422000000
2026-04-01,71,-632067603,b3e262ef1479ed8c66578baebf6356a08cee0904,2,1,12667895423704,12667895.423704000000
2026-04-01,72,-857062220,3d01bc69871f86548eee74da5da03e16d77e2744,11,11,12527798792225,12527798.792225000000
2026-04-01,73,-857030134,b4201a579a2cf1d321f04d98bdba2a25befd6b0a,7,7,12524013320935,12524013.320935000000
2026-04-01,74,-857041664,5be0b2228cd022fb7ce4061c7628e2714ba9fa0d,5,4,12521304802016,12521304.802016000000
2026-04-01,75,1790543088,1cebd13797636b94c5cad7108cebe42d2fce7732,10,10,12081289000000,12081289.000000000000
2026-04-01,76,-814660172,b134641b80982bed7cdbb307e56e55abbc8b3197,3,3,11514406838967,11514406.838967000000
2026-04-01,77,2054943978,6a000f20005980200259b80c5102003040001068,176,145,10874226070532,10874226.070532000000
2026-04-01,78,-472847201,779224df1c756b4edd899854f32a53e8c2b2ce5d,53,53,10829415305439,10829415.305439000000
2026-04-01,79,-111399962,000000000004444c5dc75cb358380d2e3de08a90,1529,1441,10712241262862,10712241.262862000000
2026-04-01,80,-630191485,b23e02b15bd7dc80c2c23512ad968ab2bc736f89,19,19,10359694542754,10359694.542754000000
2026-04-01,81,1893386897,beef02e5e13584ab96848af90261f0c8ee04722a,192,120,10161793812967,10161793.812967000000
2026-04-01,82,-629163533,36331e299247e5d0d3261e1d9852f6e0cffee95c,7,7,10053647377876,10053647.377876000000
2026-04-01,83,-422193905,89c6340b1a1f4b25d36cd8b063d49045caf3f818,170,170,9369949610211,9369949.610211000000
2026-04-01,84,-391104285,d4f480965d2347d421f1bec7f545682e5ec2151d,43,42,9254842220382,9254842.220382000000
2026-04-01,85,-677335588,b52bf1ddb5832b1619b651114e5388fef7eca169,2,2,9086765485917,9086765.485917000000
2026-04-01,86,2000202299,888888888889758f76e7103c6cbf23abbf58f946,58,57,8879051811186,8879051.811186000000
2026-04-01,87,1920382040,56c526b0159a258887e0d79ec3a80dfb940d0cd7,62,62,8266001854113,8266001.854113000000
2026-04-01,88,-564731191,923c98b22f9c367a109e93f7dfbaca28b20c17c3,44,44,6914885433597,6914885.433597000000
2026-04-01,89,-662617895,decc46a4b09162f5369c5c80383aaa9159bcf192,180,90,6880073820181,6880073.820181000000
2026-04-01,90,-326653551,50d3865a63d52c0a54e4679949647ea752107390,352,218,6868128720543,6868128.720543000000
2026-04-01,91,-722555279,76e4ad4a6b04d99e7ed47580007bd9382a380857,205,198,6226844524324,6226844.524324000000
2026-04-01,92,-825771738,bd6ca14f1e06bc5230498c5c0972c92a69645672,18,18,6016649578098,6016649.578098000000
2026-04-01,93,1723640441,c30c8b862f7de6ba5d7eaeb113c78ec6b5ded04b,1282,1275,5764414535780,5764414.535780000000
2026-04-01,94,-99619558,1601843c5e9bc251a3272907010afa41fa18347e,18,18,5748943676462,5748943.676462000000
2026-04-01,95,-969052518,719f8b330cca71cb6195d032a43194c7d3f9fb45,28,24,5600330285036,5600330.285036000000
2026-04-01,96,-1073182366,62520cec2c4331d7b11ffdb24c6f883a2534de71,38,29,5496740055864,5496740.055864000000
2026-04-01,97,-625016143,d1a1c248b253f1fc60eacd90777b9a63f8c8c1bc,23,23,5383848199192,5383848.199192000000
2026-04-01,98,-915050940,0906a879ea0f66e3559f11b25b866dba247f9e63,57,39,5178738686101,5178738.686101000000
2026-04-01,99,1490507434,00000000009e50a7ddb7a7b0e2ee6604fd120e49,144,137,4945454532214,4945454.532214000000
2026-04-01,100,-232630188,03b5259bd204bfd4a616e5b79b0b786d90c6c38f,8,7,4602747059013,4602747.059013000000
2026-05-01,1,-719115236,19b3cd7032b8c062e8d44eacad661a0970dd8c55,1909,1774,966255757590184,966255757.5901840000
2026-05-01,2,1844716471,bbbbbbbbbb9cc5e90e3b3af64bdaf62c37eeffcb,1703,1407,893798414779600,893798414.7796000000
2026-05-01,3,-719186742,80126555b170957dfed67a3bfbb7893e20fe4fc0,1604,1604,676668480159147,676668480.1591470000
2026-05-01,4,-527793138,a632d59b9b804a956bfaa9b48af3a1b74808fc1f,2042,1918,540518972568897,540518972.5688970000
2026-05-01,5,-232637266,4a6c312ec70e8747a587ee860a0353cd42be0ae0,1052,997,490073781143172,490073781.1431720000
2026-05-01,6,-719064654,b576765fb15505433af24fee2c0325895c559fb2,1323,1323,473940200194480,473940200.1944800000
2026-05-01,7,-971526386,8f10b468b06c6fd214b65f87778827f7d113f996,1248,1083,241091062274979,241091062.2749790000
2026-05-01,8,-39163961,000010036c0190e009a000d0fc3541100a07380a,496,496,170500886453359,170500886.4533590000
2026-05-01,9,-679191016,9761ddf8e79930b334f1be1bd93abe3695061cca,21,21,160959111627099,160959111.6270990000
2026-05-01,10,-785594881,c5e0e2bd8b8663c621b5051d863d072295da9720,99,99,148647329173513,148647329.1735130000
2026-05-01,11,881197687,9008d19f58aabd9ed0d60971565aa8510560ab41,1049,1024,112777443537703,112777443.5377030000
2026-05-01,12,-1107090836,93d6393e66b56449b7926b9abfeb37606732de89,121,121,102690303535595,102690303.5355950000
2026-05-01,13,1843987934,383e6b4437b59fff47b619cba855ca29342a8559,286,282,98740228062306,98740228.062306000000
2026-05-01,14,-642204277,ba98fc35c9dfd69178ad5dce9fa29c64554783b5,42,42,97500406047734,97500406.047734000000
2026-05-01,15,-1037640733,7f54f05635d15cde17a49502fedb9d1803a3be8a,1047,982,96267931492525,96267931.492525000000
2026-05-01,16,-1042725650,7cb086ed4b6993edd4cad69983ccd012eb0562ee,4,2,91970847613307,91970847.613307000000
2026-05-01,17,-1107005452,c21b08c16458202593d4d9b26b9984ee67b38bbd,104,104,91847926400522,91847926.400522000000
2026-05-01,18,-1052279104,4c3ccc98c01103be72bcfd29e1d2454c98d1a6e3,836,562,84617834970106,84617834.970106000000
2026-05-01,19,-814795780,ba4970b839678168340f823ef8f255832ab18c12,4,4,69808450000000,69808450.000000000000
2026-05-01,20,-814660172,b134641b80982bed7cdbb307e56e55abbc8b3197,3,3,53245272602974,53245272.602974000000
2026-05-01,21,-915359983,555f240e556788e65306754a0ba6e7a76c2ab59e,29,20,50860760676953,50860760.676953000000
2026-05-01,22,-789425471,2c793f5cb25b35a99648783c01e6cccc200d2096,36,34,50658342312331,50658342.312331000000
2026-05-01,23,-801048928,a118e627fc4897f3d63fdde2d6ef89eeec342a35,24,24,50486222598105,50486222.598105000000
2026-05-01,24,-1090216063,ac1811153607df10005507e08071115723f9d249,10,6,39902628875820,39902628.875820000000
2026-05-01,25,-850682002,84ff7ef9568807c93436f09e2e613de2af3fe4ee,50,50,37016241521129,37016241.521129000000
2026-05-01,26,-722555279,76e4ad4a6b04d99e7ed47580007bd9382a380857,295,275,35037456033593,35037456.033593000000
2026-05-01,27,-1150634474,6f0538001f90d0a5f0000060d01d34c002030900,63,42,34778393548709,34778393.548709000000
2026-05-01,28,-52473322,00c600b30fb0400701010f4b080409018b9006e0,122,85,34335666566362,34335666.566362000000
2026-05-01,29,-1150675615,8faa0000c10015610005ca010ee000d006e0e820,147,147,30574833859120,30574833.859120000000
2026-05-01,30,1250544290,a9d1e08c7793af67e9d92fe308d5697fb81d3e43,290,290,29939505254850,29939505.254850000000
2026-05-01,31,1329970747,f50be075ec9eb719ff2a40f4d061b91e51306bce,226,226,29377382179256,29377382.179256000000
2026-05-01,32,-1069119131,80b4a27276d0c9cce34bf984877c5c9ed5982a9f,119,109,28626910318576,28626910.318576000000
2026-05-01,33,2145174805,70bf6634ee8cb27d04478f184b9b8bb13e5f4710,90,72,27329213187042,27329213.187042000000
2026-05-01,34,1899839451,0c0d01abf3e6adfca0989ebba9d6e85dd58eab1e,187,152,26080118782162,26080118.782162000000
2026-05-01,35,1381791786,1111111254eeb25477b68fb85ed929f73a960582,11,11,24899454191148,24899454.191148000000
2026-05-01,36,2034702912,b300000b72deaeb607a12d5f54773d1c19c7028d,888,657,24585978748044,24585978.748044000000
2026-05-01,37,-1087991887,4dd13fba19ac587d041646d0d941b1aa18d58c2f,43,43,23003068132804,23003068.132804000000
2026-05-01,38,-1087997620,ad50f5a15f5a3bc9daa934915586d9b8889294ac,24,24,22996568571275,22996568.571275000000
2026-05-01,39,-1087961525,d18df3c05d2d11bdedbd9f7501f651e43b9bd986,10,9,22988508068850,22988508.068850000000
2026-05-01,40,-103393091,45312ea0eff7e09c83cbe249fa1d7598c4c8cd4e,298,298,21289633736798,21289633.736798000000
2026-05-01,41,-1114307064,33988614010be265e71ab3a04bd29f0b950bc58c,64,48,20621202264732,20621202.264732000000
2026-05-01,42,-1116579804,078f748af405dce8c8b72e0a430d8f3061494cbc,8,8,19010536345936,19010536.345936000000
2026-05-01,43,-341174562,2c0552e5dcb79b064fd23e358a86810bc5994244,217,210,18071135126533,18071135.126533000000
2026-05-01,44,1364872031,1231deb6f5749ef6ce6943a275a1d3e7486f4eae,1493,966,17360294279534,17360294.279534000000
2026-05-01,45,-1096575456,09ad820aac5779683b481c4674208a4e1b024afa,229,212,16368706454308,16368706.454308000000
2026-05-01,46,-748932920,cf611c871a758ef29cac6130408b35033c95d81a,18,18,16336575333890,16336575.333890000000
2026-05-01,47,-326643083,bedfac7488dccaafdd66d1d7d56349780fe0477e,55,51,15586849424158,15586849.424158000000
2026-05-01,48,-944885160,066e84ca92529b500592867d0be89e78563fa965,3,3,13948959093495,13948959.093495000000
2026-05-01,49,-947223656,51918bd79c6e5e460783e229ec018602daa5be16,3,3,13948959093495,13948959.093495000000
2026-05-01,50,-944867378,f3c971c659b8651fd6721de759b4048aea3cd6a2,3,3,13948959093495,13948959.093495000000
2026-05-01,51,-1109103433,6febdc56f3163bf018f2f25fcca9032cf750512e,3,3,13948958432295,13948958.432295000000
2026-05-01,52,-1132902751,7c76dd8c2fa04848d9e254fb5020bc9956fb7b69,48,48,13530013826888,13530013.826888000000
2026-05-01,53,-295155165,4fe93ebc4ce6ae4f81601cc7ce7139023919e003,56,51,13113223461825,13113223.461825000000
2026-05-01,54,-1096627044,20f6ee51340adeed01a59b0e65cb3703f3dc860c,71,71,12382515788521,12382515.788521000000
2026-05-01,55,-1043178811,32f07401eb177f2c0fc4f95f3928050d88dae7ed,250,89,12364860348963,12364860.348963000000
2026-05-01,56,-825771738,bd6ca14f1e06bc5230498c5c0972c92a69645672,35,35,12216448302185,12216448.302185000000
2026-05-01,57,-1029570511,c5d6a3e7c5c165839cf9c113ed41d0e9e90d0895,20,20,12142729173712,12142729.173712000000
2026-05-01,58,-493068614,aea4bcad666659e7937ce8740ff54afa38af5122,70,70,12051645921260,12051645.921260000000
2026-05-01,59,-111399962,000000000004444c5dc75cb358380d2e3de08a90,1273,1197,11867612384349,11867612.384349000000
2026-05-01,60,-969052518,719f8b330cca71cb6195d032a43194c7d3f9fb45,58,37,11491290744688,11491290.744688000000
2026-05-01,61,-972904721,ac8ce2b915881f45e83ef5f0f5283356857bccba,65,65,11424186574028,11424186.574028000000
2026-05-01,62,-1010307481,bab386a3220234f7cce09b3794e9b5a2f44ce775,6,6,11376209987751,11376209.987751000000
2026-05-01,63,-973099820,4b1a4a8f421454874b553cce4c59c654a84c4927,4,4,11210366021255,11210366.021255000000
2026-05-01,64,-972878042,64423e2f6b35d24f35e3fa3938d9b896004776b1,3,3,11147947015356,11147947.015356000000
2026-05-01,65,-1035791848,8328446602cb4c3b2b4a25beca6488e947b6f54a,20,20,10732025282435,10732025.282435000000
2026-05-01,66,1663246624,cf5540fffcdc3d510b18bfca6d2b9987b0772559,36,35,10672089658399,10672089.658399000000
2026-05-01,67,2054943978,6a000f20005980200259b80c5102003040001068,173,151,10550692269166,10550692.269166000000
2026-05-01,68,1081958299,cd40532686b94abc88b06b9705aacbc14c8364d6,7,7,10065243371435,10065243.371435000000
2026-05-01,69,-478833132,365084b05fa7d5028346bd21d842ed0601bab5b8,68,47,9716796641875,9716796.641875000000
2026-05-01,70,1920382040,56c526b0159a258887e0d79ec3a80dfb940d0cd7,28,28,9379994684738,9379994.684738000000
2026-05-01,71,2020598735,ecd7eef15713997528896cb5db7ec316db4c2101,103,100,8462770904517,8462770.904517000000
2026-05-01,72,-867019147,c10ee9031f2a0b84766a86b55a8d90f357910fb4,649,577,8340525291812,8340525.291812000000
2026-05-01,73,2088341827,16c6521dff6bab339122a0fe25a9116693265353,154,104,8191910439768,8191910.439768000000
2026-05-01,74,-154588610,beb0b0623f66be8ce162ebdfa2ec543a522f4ea6,10,10,8137000516755,8137000.516755000000
2026-05-01,75,1852340564,625e92624bc2d88619accc1788365a69767f6200,320,298,8009650532792,8009650.532792000000
2026-05-01,76,-851960937,5c4ba823656c8bb304b8ef8c65bd7d769e4d2f2c,10,10,7300269191378,7300269.191378000000
2026-05-01,77,-139559312,5f46d540b6ed704c3c8789105f30e075aa900726,5,2,7075514811068,7075514.811068000000
2026-05-01,78,-361863690,0d05a7d3448512b78fa8a9e46c4872c88c4a0d05,9,9,6951643289454,6951643.289454000000
2026-05-01,79,-808802449,eff0ae5b39271b33f448cd408b51dc8aa72a672b,267,265,6927979383296,6927979.383296000000
2026-05-01,80,-564731191,923c98b22f9c367a109e93f7dfbaca28b20c17c3,24,24,6311870529490,6311870.529490000000
2026-05-01,81,1899934735,111111125421ca6dc452d289314280a0f8842a65,66,66,6107741824558,6107741.824558000000
2026-05-01,82,1723592854,13394005c1012e708fce1eb974f1130fdc73a5ce,680,671,5389058084727,5389058.084727000000
2026-05-01,83,-1135749400,34b062f619808408abcded7583ca06b4d04edd91,8,4,4972839643708,4972839.643708000000
2026-05-01,84,-997399996,5476f4e23daa093ce6700e1026013c55f7af9083,12,12,4806422380973,4806422.380973000000
2026-05-01,85,-835579969,25c74155a59e0f66c630ed8ee6b18bdfbcf0e90e,3,3,4667629567712,4667629.567712000000
2026-05-01,86,-835581481,025313dd636db058b4d0d70086a5b1c95aaed64a,1,1,4665606644105,4665606.644105000000
2026-05-01,87,-835605049,9df5a8397dfe9433035f638941d01eca2816c434,2,1,4665606644105,4665606.644105000000
2026-05-01,88,-240018288,9b6f014ba4df10871302cb1a781ab1c423bca9ed,98,90,4273918243127,4273918.243127000000
2026-05-01,89,-488480509,81fe240438f0631da32aaf5aba35f8960d2e78c9,1032,874,4042478035655,4042478.035655000000
2026-05-01,90,-868585299,9f4d3c3d50272cb46e6838fbe97285f7a44e0d94,12,12,3912978373588,3912978.373588000000
2026-05-01,91,-422193905,89c6340b1a1f4b25d36cd8b063d49045caf3f818,109,109,3880371707949,3880371.707949000000
2026-05-01,92,1723640441,c30c8b862f7de6ba5d7eaeb113c78ec6b5ded04b,934,926,3807600388707,3807600.388707000000
2026-05-01,93,898309052,d09f16830172e6073e8e5ee5053f35010f1c7d7a,2,2,3649665284415,3649665.284415000000
2026-05-01,94,1986186108,08c6f91e2b681faf5e17227f2a44c307b3c1364c,2,2,3614850791377,3614850.791377000000
2026-05-01,95,-391104285,d4f480965d2347d421f1bec7f545682e5ec2151d,48,45,3456049928196,3456049.928196000000
2026-05-01,96,2000202299,888888888889758f76e7103c6cbf23abbf58f946,24,24,3390700225757,3390700.225757000000
2026-05-01,97,-803220665,634826fb67d4eb9633f0011fae8e23cf99acd6f0,96,91,3284279400932,3284279.400932000000
2026-05-01,98,-1037744010,cc0eff1e3c93713ff719cf6ef368c9a49ceec3cd,3,3,3050299486194,3050299.486194000000
2026-05-01,99,-452817198,3bf5b6101860418d9eb4e680e71cf88062a9db5c,5,5,3023483952082,3023483.952082000000
2026-05-01,100,-350771956,fd0b31d2e955fa55e3fa641fe90e08b677188d35,4,4,2597957606975,2597957.606975000000
2026-06-01,1,1844716471,bbbbbbbbbb9cc5e90e3b3af64bdaf62c37eeffcb,2685,2156,1533391824344998,1533391824.3449980000
2026-06-01,2,-1201690420,2ab1c2d498aa2d7569d6b46fb2886f262d72dcd6,21,21,840659467414110,840659467.4141100000
2026-06-01,3,-719115236,19b3cd7032b8c062e8d44eacad661a0970dd8c55,1954,1748,581354532258719,581354532.2587190000
2026-06-01,4,-719064654,b576765fb15505433af24fee2c0325895c559fb2,2232,1606,441154994244752,441154994.2447520000
2026-06-01,5,-527793138,a632d59b9b804a956bfaa9b48af3a1b74808fc1f,2450,2256,434822277519308,434822277.5193080000
2026-06-01,6,-719186742,80126555b170957dfed67a3bfbb7893e20fe4fc0,1512,1512,415840509477961,415840509.4779610000
2026-06-01,7,-1218639499,c2a11ba52ad80124ccc60774c881f93738f334d4,1047,189,346181236643773,346181236.6437730000
2026-06-01,8,-971526386,8f10b468b06c6fd214b65f87778827f7d113f996,1208,1103,197758457336929,197758457.3369290000
2026-06-01,9,-232637266,4a6c312ec70e8747a587ee860a0353cd42be0ae0,689,676,125133602556366,125133602.5563660000
2026-06-01,10,-1069119131,80b4a27276d0c9cce34bf984877c5c9ed5982a9f,271,257,110507870717049,110507870.7170490000
2026-06-01,11,-1175632487,7f51c134230eb9e5aba42bc364d3d3eba26d9712,571,391,94273347739474,94273347.739474000000
2026-06-01,12,-1150675615,8faa0000c10015610005ca010ee000d006e0e820,273,273,87282553379434,87282553.379434000000
2026-06-01,13,-111399962,000000000004444c5dc75cb358380d2e3de08a90,1474,1325,79463216823939,79463216.823939000000
2026-06-01,14,-1037640733,7f54f05635d15cde17a49502fedb9d1803a3be8a,1096,1024,77671651604966,77671651.604966000000
2026-06-01,15,-1107090836,93d6393e66b56449b7926b9abfeb37606732de89,152,152,77585772997725,77585772.997725000000
2026-06-01,16,1843987934,383e6b4437b59fff47b619cba855ca29342a8559,690,666,71980591926107,71980591.926107000000
2026-06-01,17,-1107005452,c21b08c16458202593d4d9b26b9984ee67b38bbd,127,127,65971904415133,65971904.415133000000
2026-06-01,18,881197687,9008d19f58aabd9ed0d60971565aa8510560ab41,869,833,60178876454607,60178876.454607000000
2026-06-01,19,-99619558,1601843c5e9bc251a3272907010afa41fa18347e,222,221,59772265290653,59772265.290653000000
2026-06-01,20,-679191016,9761ddf8e79930b334f1be1bd93abe3695061cca,13,13,50289184769945,50289184.769945000000
2026-06-01,21,1381791786,1111111254eeb25477b68fb85ed929f73a960582,14,14,48648794407196,48648794.407196000000
2026-06-01,22,-341174562,2c0552e5dcb79b064fd23e358a86810bc5994244,181,162,41031399274191,41031399.274191000000
2026-06-01,23,-785594881,c5e0e2bd8b8663c621b5051d863d072295da9720,59,59,40009804049646,40009804.049646000000
2026-06-01,24,-1087991887,4dd13fba19ac587d041646d0d941b1aa18d58c2f,73,73,39360558352881,39360558.352881000000
2026-06-01,25,-1087997620,ad50f5a15f5a3bc9daa934915586d9b8889294ac,28,28,39201711187557,39201711.187557000000
2026-06-01,26,-1087961525,d18df3c05d2d11bdedbd9f7501f651e43b9bd986,9,9,39124820001620,39124820.001620000000
2026-06-01,27,1250544290,a9d1e08c7793af67e9d92fe308d5697fb81d3e43,269,269,35550516098294,35550516.098294000000
2026-06-01,28,1329970747,f50be075ec9eb719ff2a40f4d061b91e51306bce,215,215,35214341937869,35214341.937869000000
2026-06-01,29,-1150634474,6f0538001f90d0a5f0000060d01d34c002030900,177,100,33842069034856,33842069.034856000000
2026-06-01,30,-1096575456,09ad820aac5779683b481c4674208a4e1b024afa,494,440,30787237481507,30787237.481507000000
2026-06-01,31,2145174805,70bf6634ee8cb27d04478f184b9b8bb13e5f4710,98,81,30599307845382,30599307.845382000000
2026-06-01,32,-103393091,45312ea0eff7e09c83cbe249fa1d7598c4c8cd4e,282,282,30576020340057,30576020.340057000000
2026-06-01,33,-722555279,76e4ad4a6b04d99e7ed47580007bd9382a380857,608,594,26821051996666,26821051.996666000000
2026-06-01,34,2034702912,b300000b72deaeb607a12d5f54773d1c19c7028d,704,493,25732745826137,25732745.826137000000
2026-06-01,35,-1133450352,1e8f4752209a50efe5b6126f5c534dc7018d9489,47,47,24486765228854,24486765.228854000000
2026-06-01,36,-1133464729,706ac2f9e24385ea5d0f1b3b82daf3c2f7833b65,47,47,24486765228854,24486765.228854000000
2026-06-01,37,-1096627044,20f6ee51340adeed01a59b0e65cb3703f3dc860c,89,89,22186240215145,22186240.215145000000
2026-06-01,38,-186122954,66a9893cc07d91d95644aedd05d03f95e1dba8af,224,212,17530429552849,17530429.552849000000
2026-06-01,39,1364872031,1231deb6f5749ef6ce6943a275a1d3e7486f4eae,793,713,16267442944484,16267442.944484000000
2026-06-01,40,-857136582,a462d9acaccb141ce7f17213b95198fe248c27a1,82,44,14751325080455,14751325.080455000000
2026-06-01,41,-1116579804,078f748af405dce8c8b72e0a430d8f3061494cbc,33,33,14129175540182,14129175.540182000000
2026-06-01,42,-1171839322,75381e9bc6b908a2e9bc31a535fc48ceceac568e,76,76,12710112818212,12710112.818212000000
2026-06-01,43,-748932920,cf611c871a758ef29cac6130408b35033c95d81a,15,15,12647846008910,12647846.008910000000
2026-06-01,44,1899839451,0c0d01abf3e6adfca0989ebba9d6e85dd58eab1e,116,107,12001360167031,12001360.167031000000
2026-06-01,45,-825771738,bd6ca14f1e06bc5230498c5c0972c92a69645672,45,45,11777846610159,11777846.610159000000
2026-06-01,46,-493068614,aea4bcad666659e7937ce8740ff54afa38af5122,49,49,11534667667658,11534667.667658000000
2026-06-01,47,-808802449,eff0ae5b39271b33f448cd408b51dc8aa72a672b,627,627,10750694066278,10750694.066278000000
2026-06-01,48,-1052279104,4c3ccc98c01103be72bcfd29e1d2454c98d1a6e3,115,70,10205509325073,10205509.325073000000
2026-06-01,49,-1035791848,8328446602cb4c3b2b4a25beca6488e947b6f54a,35,35,9867369718916,9867369.718916000000
2026-06-01,50,-984684288,7ba59ee9e5a8055cb108de70a04f9b23a39145e2,46,46,9658212119874,9658212.119874000000
2026-06-01,51,-984695684,6cad5fcb29d98c4968a79ea7db286c5986389009,12,12,9615096248166,9615096.248166000000
2026-06-01,52,-984692801,7a3cc95a17f4b80a71498fd5177587442de23c4f,5,5,9591178034614,9591178.034614000000
2026-06-01,53,-850682002,84ff7ef9568807c93436f09e2e613de2af3fe4ee,44,44,9035198797474,9035198.797474000000
2026-06-01,54,-1132902751,7c76dd8c2fa04848d9e254fb5020bc9956fb7b69,24,24,8722208035052,8722208.035052000000
2026-06-01,55,-679210687,dbd87325d7b1189dcc9255c4926076ff4a96a271,5,5,7989081548860,7989081.548860000000
2026-06-01,56,-139559312,5f46d540b6ed704c3c8789105f30e075aa900726,6,5,7923723998949,7923723.998949000000
2026-06-01,57,-973099820,4b1a4a8f421454874b553cce4c59c654a84c4927,4,4,6735213601218,6735213.601218000000
2026-06-01,58,-972904721,ac8ce2b915881f45e83ef5f0f5283356857bccba,44,44,6723521044274,6723521.044274000000
2026-06-01,59,-1243033612,40cd4475d377d126fc42758c61bc101bb2add5fc,22,11,6651300831938,6651300.831938000000
2026-06-01,60,-972878042,64423e2f6b35d24f35e3fa3938d9b896004776b1,3,3,6615113505297,6615113.505297000000
2026-06-01,61,-1171480066,38ae19114ab80b6ede8b8fc22c6bc8b9fc6916be,34,34,6500938489331,6500938.489331000000
2026-06-01,62,1986186108,08c6f91e2b681faf5e17227f2a44c307b3c1364c,1,1,6485000000000,6485000.000000000000
2026-06-01,63,-350771956,fd0b31d2e955fa55e3fa641fe90e08b677188d35,16,15,6234088830968,6234088.830968000000
2026-06-01,64,-1195593002,6042fa311196a72557e22f7b1e14be9deffd0bea,19,19,6032561691945,6032561.691945000000
2026-06-01,65,1663246624,cf5540fffcdc3d510b18bfca6d2b9987b0772559,11,11,5731403478469,5731403.478469000000
2026-06-01,66,2020598735,ecd7eef15713997528896cb5db7ec316db4c2101,239,238,5681412862502,5681412.862502000000
2026-06-01,67,-1173175637,fcdeaa0bf740b73331b0f3d5fd7d96290e45ac12,18,9,5464496431826,5464496.431826000000
2026-06-01,68,2088341827,16c6521dff6bab339122a0fe25a9116693265353,114,80,5355020232377,5355020.232377000000
2026-06-01,69,-915050940,0906a879ea0f66e3559f11b25b866dba247f9e63,70,56,5198656938433,5198656.938433000000
2026-06-01,70,-625016143,d1a1c248b253f1fc60eacd90777b9a63f8c8c1bc,26,26,5032901050737,5032901.050737000000
2026-06-01,71,-564731191,923c98b22f9c367a109e93f7dfbaca28b20c17c3,33,33,4759298174918,4759298.174918000000
2026-06-01,72,-867019147,c10ee9031f2a0b84766a86b55a8d90f357910fb4,190,145,4594570412476,4594570.412476000000
2026-06-01,73,1723592854,13394005c1012e708fce1eb974f1130fdc73a5ce,780,762,4576423074262,4576423.074262000000
2026-06-01,74,-154588610,beb0b0623f66be8ce162ebdfa2ec543a522f4ea6,17,17,4558622181030,4558622.181030000000
2026-06-01,75,-488480509,81fe240438f0631da32aaf5aba35f8960d2e78c9,458,331,4513918114033,4513918.114033000000
2026-06-01,76,-873809473,163f3103de041d25464e2c8a4f8f3187ec1856e0,194,194,4448811806002,4448811.806002000000
2026-06-01,77,-1114307064,33988614010be265e71ab3a04bd29f0b950bc58c,130,111,4408019919029,4408019.919029000000
2026-06-01,78,-1138169999,df8a0d3c90462c4c9b5a8697c119fa67cb84a874,70,38,4377931652496,4377931.652496000000
2026-06-01,79,-1214496602,c0ef5d269f2b0f796edda68c82ffd53b0e709c0d,12,6,4272267116076,4272267.116076000000
2026-06-01,80,1073321757,fd4bf04bd8d0e7b8c7539f0cea970df25188e81b,8,8,4044321006245,4044321.006245000000
2026-06-01,81,-1158612433,c2c50b85102d4f83633c896325f304565e646888,64,64,3685105412929,3685105.412929000000
2026-06-01,82,-1106700472,7d69c45ad9cc6a28d9edd4e4e05cd9143635167c,34,34,3570141505720,3570141.505720000000
2026-06-01,83,-1106728300,834957eb674efb12f2f70fcea7a9de5ab114d4b1,11,11,3563171362529,3563171.362529000000
2026-06-01,84,-1106697619,bf5af3113e6b174fd524b523302f4993388c6f29,7,7,3560999362529,3560999.362529000000
2026-06-01,85,-1085133379,9640c8dd3b96fc35e08ddeba4d04637ba096c426,32,31,3555453901324,3555453.901324000000
2026-06-01,86,-1085993529,7a4980896bd74dd90fd416cabd9ac7bbf02d2996,167,115,3543239837697,3543239.837697000000
2026-06-01,87,-1076827189,a8f8296f4053fd65e89b245d6c7f983a70234c8b,41,39,2940429921653,2940429.921653000000
2026-06-01,88,-240018288,9b6f014ba4df10871302cb1a781ab1c423bca9ed,38,34,2833095510070,2833095.510070000000
2026-06-01,89,1852340564,625e92624bc2d88619accc1788365a69767f6200,348,337,2826446650311,2826446.650311000000
2026-06-01,90,2054943978,6a000f20005980200259b80c5102003040001068,120,94,2799830415089,2799830.415089000000
2026-06-01,91,-803220665,634826fb67d4eb9633f0011fae8e23cf99acd6f0,66,64,2777377009362,2777377.009362000000
2026-06-01,92,-1147740666,28bf6006d87de7f44445905aa4f5cb8c0d8cba02,74,74,2596832270888,2596832.270888000000
2026-06-01,93,-1147752721,603206d6105217dd972e4ab30676a220ca393346,171,135,2523326189598,2523326.189598000000
2026-06-01,94,-969052518,719f8b330cca71cb6195d032a43194c7d3f9fb45,17,13,2441751924829,2441751.924829000000
2026-06-01,95,-642204277,ba98fc35c9dfd69178ad5dce9fa29c64554783b5,10,10,2379763540649,2379763.540649000000
2026-06-01,96,-733767687,74ad2f789ed583dbd141bbdafc673fe1f033718b,1,1,2040934165428,2040934.165428000000
2026-06-01,97,1723640441,c30c8b862f7de6ba5d7eaeb113c78ec6b5ded04b,967,960,1968312670712,1968312.670712000000
2026-06-01,98,-1043178811,32f07401eb177f2c0fc4f95f3928050d88dae7ed,23,8,1918036811841,1918036.811841000000
2026-06-01,99,-815016721,b11ed12e302815c8c5f12a3a1a93ebd7bd730a21,6,6,1845929553794,1845929.553794000000
2026-06-01,100,-915359983,555f240e556788e65306754a0ba6e7a76c2ab59e,4,3,1800390188775,1800390.188775000000
