month,funder_rank,funded_by_id,funded_by_address,newly_funded_addresses,raw_funded_volume,funded_volume
2022-11-01,1,739542908,e25a329d385f77df5d4ed56265babe2b99a5436e,7,1000087560000,1000087.560000000000
2023-01-01,1,739542908,e25a329d385f77df5d4ed56265babe2b99a5436e,1,1000000,1.00000000000000000000
2023-08-01,1,1704637310,643ea0885875a77bf8dc3e0f3ead866a125276b1,118,21108154885,21108.154885000000
2023-08-01,2,616036061,74de5d4fcbf63e00296fd95d33236b9794016631,51,6605765013,6605.7650130000000000
2023-08-01,3,1703026290,4a4d2410c3d4cfa8dd0d275bedefbd2f7b61ba2e,29,777572,0.77757200000000000000
2023-08-01,4,1689899032,f313d711d71eb9a607b4a61a827a9e32a7846621,19,788113750,788.1137500000000000
2023-08-01,5,1703836594,d3f5c377a8506af29aeafbc90d1e5c6534f197b4,10,3424256382,3424.2563820000000000
2023-08-01,6,1001491411,a81011ae274ef6debd3bdab634102c7b6c2c452d,4,51632817,51.6328170000000000
2023-08-01,7,1250544290,a9d1e08c7793af67e9d92fe308d5697fb81d3e43,3,388304897036,388304.897036000000
2023-08-01,8,445310649,ac2fde165d9f13a223f58b9ac1dde51b63feff2b,3,3370371,3.3703710000000000
2023-08-01,9,893398926,def171fe48cf0115b1d80b88dc8eab59176fee57,2,891253633,891.2536330000000000
2023-08-01,10,1587123400,a7ca2c8673bcfa5a26d8ceec2887f2cc2b0db22a,2,824557104,824.5571040000000000
2023-08-01,11,739542908,e25a329d385f77df5d4ed56265babe2b99a5436e,2,11000000,11.0000000000000000
2023-08-01,12,793928860,c36442b4a4522e871399cd717abdd847ab11fe88,1,6576745270,6576.7452700000000000
2023-08-01,13,713997474,0b6d62120ec8918dfd1ef51da8e3a3346021a3a9,1,5000000000,5000.0000000000000000
2023-08-01,14,1086712923,ffd0ea1e001bc9f460cd2ff3432a52cd0413caac,1,10000000,10.0000000000000000
2023-09-01,1,1250544290,a9d1e08c7793af67e9d92fe308d5697fb81d3e43,126,419810434967,419810.434967000000
2023-09-01,2,616036061,74de5d4fcbf63e00296fd95d33236b9794016631,32,9162541044,9162.5410440000000000
2023-09-01,3,1704637310,643ea0885875a77bf8dc3e0f3ead866a125276b1,30,3651787294,3651.7872940000000000
2023-09-01,4,1723592854,13394005c1012e708fce1eb974f1130fdc73a5ce,29,266175306937,266175.306937000000
2023-09-01,5,1001491411,a81011ae274ef6debd3bdab634102c7b6c2c452d,12,16676242479,16676.242479000000
2023-09-01,6,1723640441,c30c8b862f7de6ba5d7eaeb113c78ec6b5ded04b,11,207659802206,207659.802206000000
2023-09-01,7,881197687,9008d19f58aabd9ed0d60971565aa8510560ab41,8,457629457913,457629.457913000000
2023-09-01,8,546716445,22f9dcf4647084d6c31b2765f6910cd85c178c18,8,1117589401,1117.5894010000000000
2023-09-01,9,893398926,def171fe48cf0115b1d80b88dc8eab59176fee57,7,304631197827,304631.197827000000
2023-09-01,10,840272948,e66b31678d6c16e9ebf358268a790b763c133750,7,4886008409,4886.0084090000000000
2023-09-01,11,1381791786,1111111254eeb25477b68fb85ed929f73a960582,6,110204314813,110204.314813000000
2023-09-01,12,1689899032,f313d711d71eb9a607b4a61a827a9e32a7846621,5,158958302,158.9583020000000000
2023-09-01,13,1734350848,f0d4c12a5768d806021f80a262b4d39d26c58b8d,4,152966693757,152966.693757000000
2023-09-01,14,1438093425,a88800cd213da5ae406ce248380802bd53b47647,4,96691216484,96691.216484000000
2023-09-01,15,1604162154,23ebcd701fd92867235aeb0174b7c444b9b2b3ad,3,581176522497,581176.522497000000
2023-09-01,16,1703836594,d3f5c377a8506af29aeafbc90d1e5c6534f197b4,3,1371905263,1371.9052630000000000
2023-09-01,17,1728729509,f081470f5c6fbccf48cc4e5b82dd926409dcdd67,2,23932535117,23932.535117000000
2023-09-01,18,1736729451,539aa397a61c8933f0e813df9802a5d4da653ad4,2,539000953,539.0009530000000000
2023-09-01,19,959075751,d7df4c863a632cd1cfad89bf91d5d326382ffc18,2,100000000,100.0000000000000000
2023-09-01,20,1094650498,92e929d8b2c8430bcaf4cd87654789578bb2b786,2,43854712,43.8547120000000000
2023-09-01,21,739542908,e25a329d385f77df5d4ed56265babe2b99a5436e,1,24999998660000,24999998.660000000000
2023-09-01,22,1723049279,857110b5f8efd66cc3762abb935315630ac770b5,1,10040791342,10040.7913420000000000
2023-09-01,23,1427662229,99a58482bd75cbab83b27ec03ca68ff489b5788f,1,1320484370,1320.4843700000000000
2023-09-01,24,1475740312,48ec5560bfd59b95859965cce48cc244cfdf6b0c,1,113450000,113.4500000000000000
2023-09-01,25,1585286466,9c01793fbeaa01fd9fcf68dc6adecea08fffa521,1,105000000,105.0000000000000000
2023-09-01,26,1729640191,030038f5e941427b0e3c19999e08b9492bf5bcc2,1,98730000,98.7300000000000000
2023-09-01,27,793928860,c36442b4a4522e871399cd717abdd847ab11fe88,1,96409438,96.4094380000000000
2023-09-01,28,1659306080,d1b47490209ccb7a806e8a45d9479490c040abf4,1,14540187,14.5401870000000000
2023-09-01,29,1587123400,a7ca2c8673bcfa5a26d8ceec2887f2cc2b0db22a,1,2565110,2.5651100000000000
2023-09-01,30,223799481,3a61da6d37493e2f248a6832f49b52af0a6f4fbb,1,1000000,1.00000000000000000000
2023-09-01,31,710325900,61c6e4b1e973d347763f7f7c2e2cc34b7f1eb7e2,1,999504,0.99950400000000000000
2023-09-01,32,1587876465,bb629718b5ad1a333ef3ef45ad3c52d6123b6e43,1,330000,0.33000000000000000000
2023-09-01,33,1703026290,4a4d2410c3d4cfa8dd0d275bedefbd2f7b61ba2e,1,79939,0.07993900000000000000
2023-10-01,1,1250544290,a9d1e08c7793af67e9d92fe308d5697fb81d3e43,210,1651184466110,1651184.466110000000
2023-10-01,2,616036061,74de5d4fcbf63e00296fd95d33236b9794016631,27,7188596191,7188.5961910000000000
2023-10-01,3,1723592854,13394005c1012e708fce1eb974f1130fdc73a5ce,18,127810483601,127810.483601000000
2023-10-01,4,546716445,22f9dcf4647084d6c31b2765f6910cd85c178c18,18,6689045371,6689.0453710000000000
2023-10-01,5,1001491411,a81011ae274ef6debd3bdab634102c7b6c2c452d,11,4789398068,4789.3980680000000000
2023-10-01,6,1475740312,48ec5560bfd59b95859965cce48cc244cfdf6b0c,10,1009200000,1009.2000000000000000
2023-10-01,7,1723640441,c30c8b862f7de6ba5d7eaeb113c78ec6b5ded04b,9,147277443215,147277.443215000000
2023-10-01,8,881197687,9008d19f58aabd9ed0d60971565aa8510560ab41,8,29953742597,29953.742597000000
2023-10-01,9,1704637310,643ea0885875a77bf8dc3e0f3ead866a125276b1,8,156507797,156.5077970000000000
2023-10-01,10,1723049279,857110b5f8efd66cc3762abb935315630ac770b5,7,1093337944479,1093337.944479000000
2023-10-01,11,1506781294,974026e01660d11b5b5f08394806b619702ac35c,7,3012465413,3012.4654130000000000
2023-10-01,12,968003125,1111111254fb6c44bac0bed2854e76f90643097d,5,1370732285,1370.7322850000000000
2023-10-01,13,1734350848,f0d4c12a5768d806021f80a262b4d39d26c58b8d,4,22687997823,22687.997823000000
2023-10-01,14,1742888369,e37e799d5077682fa0a244d46e5649f71457bd09,4,4732012,4.7320120000000000
2023-10-01,15,1381791786,1111111254eeb25477b68fb85ed929f73a960582,3,260659207000,260659.207000000000
2023-10-01,16,1427187452,9984b4b4e408e8d618a879e5315bd30952c89103,3,45210000,45.2100000000000000
2023-10-01,17,1736732058,ff4469f951c05529513f5fec4464cb10d2230be3,2,4069877782,4069.8777820000000000
2023-10-01,18,1736729451,539aa397a61c8933f0e813df9802a5d4da653ad4,2,148070954,148.0709540000000000
2023-10-01,19,1729640191,030038f5e941427b0e3c19999e08b9492bf5bcc2,2,60000000,60.0000000000000000
2023-10-01,20,1663246624,cf5540fffcdc3d510b18bfca6d2b9987b0772559,1,99814268159,99814.268159000000
2023-10-01,21,1604162154,23ebcd701fd92867235aeb0174b7c444b9b2b3ad,1,22869450769,22869.450769000000
2023-10-01,22,1713798436,61fa2c947e523f9abfb8d7e2903a5d5218c119a7,1,15984973260,15984.973260000000
2023-10-01,23,1438093425,a88800cd213da5ae406ce248380802bd53b47647,1,998798875,998.7988750000000000
2023-10-01,24,1728729509,f081470f5c6fbccf48cc4e5b82dd926409dcdd67,1,146717407,146.7174070000000000
2023-10-01,25,1065689479,1f2facf925ab906ed4447ab329a7adbf0526c00b,1,49000000,49.0000000000000000
2023-10-01,26,1587123400,a7ca2c8673bcfa5a26d8ceec2887f2cc2b0db22a,1,30269321,30.2693210000000000
2023-10-01,27,1094650498,92e929d8b2c8430bcaf4cd87654789578bb2b786,1,20690203,20.6902030000000000
2023-10-01,28,1429384281,c31fc94f3fd088ee53ac915d6e8a14ff25a23c47,1,20342735,20.3427350000000000
2023-10-01,29,1764116413,06e4488ce77eb06aab8bd74da10ce9f2454f53ed,1,19080000,19.0800000000000000
2023-10-01,30,697778132,83441cfa3bd31f33bbf16c536b52b9818c5018d0,1,9916984,9.9169840000000000
2023-10-01,31,1750340947,f8310edb3cb0cf95b3b3e12a1ba9124dbe011d4e,1,3000000,3.0000000000000000
2023-10-01,32,1493321637,483536fbef61d80b498ab6604891200352d1c581,1,2157681,2.1576810000000000
2023-10-01,33,1689899032,f313d711d71eb9a607b4a61a827a9e32a7846621,1,1692461,1.6924610000000000
2023-10-01,34,1116534527,291620df86043472e78c5d2d5034e9b3145a3527,1,1000000,1.00000000000000000000
2023-10-01,35,1703026290,4a4d2410c3d4cfa8dd0d275bedefbd2f7b61ba2e,1,405434,0.40543400000000000000
2023-11-01,1,1250544290,a9d1e08c7793af67e9d92fe308d5697fb81d3e43,188,362827086969,362827.086969000000
2023-11-01,2,1506781294,974026e01660d11b5b5f08394806b619702ac35c,19,9954246323,9954.2463230000000000
2023-11-01,3,1723592854,13394005c1012e708fce1eb974f1130fdc73a5ce,18,197265858674,197265.858674000000
2023-11-01,4,616036061,74de5d4fcbf63e00296fd95d33236b9794016631,15,24390235066,24390.235066000000
2023-11-01,5,546716445,22f9dcf4647084d6c31b2765f6910cd85c178c18,12,15429768868,15429.768868000000
2023-11-01,6,1704637310,643ea0885875a77bf8dc3e0f3ead866a125276b1,8,223231202,223.2312020000000000
2023-11-01,7,1723640441,c30c8b862f7de6ba5d7eaeb113c78ec6b5ded04b,6,4965943832,4965.9438320000000000
2023-11-01,8,1381791786,1111111254eeb25477b68fb85ed929f73a960582,6,4646273790,4646.2737900000000000
2023-11-01,9,1438093425,a88800cd213da5ae406ce248380802bd53b47647,3,16830877956,16830.877956000000
2023-11-01,10,1636575522,69460570c93f9de5e2edbc3052bf10125f0ca22d,3,8432179543,8432.1795430000000000
2023-11-01,11,1734350848,f0d4c12a5768d806021f80a262b4d39d26c58b8d,2,13931776642,13931.776642000000
2023-11-01,12,881197687,9008d19f58aabd9ed0d60971565aa8510560ab41,2,2289718228,2289.7182280000000000
2023-11-01,13,1475740312,48ec5560bfd59b95859965cce48cc244cfdf6b0c,2,1203110000,1203.1100000000000000
2023-11-01,14,957665497,494add36b6d855f2f1e4482c2f2723a07d6bdd77,2,827000000,827.0000000000000000
2023-11-01,15,981441305,8d501afb7dd7dada424b8c1f331b5909e44a043f,2,115000000,115.0000000000000000
2023-11-01,16,968003125,1111111254fb6c44bac0bed2854e76f90643097d,2,101918165,101.9181650000000000
2023-11-01,17,1703026290,4a4d2410c3d4cfa8dd0d275bedefbd2f7b61ba2e,2,2265489,2.2654890000000000
2023-11-01,18,1668259697,562f019e21eff3dba7401a569fdc7676abfa4bc6,1,13393815527,13393.815527000000
2023-11-01,19,1713798436,61fa2c947e523f9abfb8d7e2903a5d5218c119a7,1,5246415354,5246.4153540000000000
2023-11-01,20,1599714282,1715a3e4a142d8b698131108995174f37aeba10d,1,326657665,326.6576650000000000
2023-11-01,21,1366550641,b8f2b132ce05eb23a6a9026c289a280b3d821862,1,89180000,89.1800000000000000
2023-11-01,22,1434003702,34e158883efc81c5d92fde785fba48db738711ee,1,57430000,57.4300000000000000
2023-11-01,23,1720935274,62573eda328fa8b25ba81f34505d69b45fe5699a,1,53133888,53.1338880000000000
2023-11-01,24,1061799871,72e93123e8b5d168246739cdc45360ea11209364,1,5250005,5.2500050000000000
2023-11-01,25,867588846,4a14347083b80e5216ca31350a2d21702ac3650d,1,4989183,4.9891830000000000
2023-11-01,26,1770699911,9b837e584598402210178ab0ddcfec7761eaf98f,1,125364,0.12536400000000000000
2023-12-01,1,1821526542,5c91ee4da2803ee4078ae7812392bbfc25e93701,1894,75760000000,75760.000000000000
2023-12-01,2,1250544290,a9d1e08c7793af67e9d92fe308d5697fb81d3e43,271,2533723729201,2533723.729201000000
2023-12-01,3,616036061,74de5d4fcbf63e00296fd95d33236b9794016631,15,13695240316,13695.240316000000
2023-12-01,4,1506781294,974026e01660d11b5b5f08394806b619702ac35c,14,10221623610,10221.623610000000
2023-12-01,5,1723640441,c30c8b862f7de6ba5d7eaeb113c78ec6b5ded04b,11,65793157989,65793.157989000000
2023-12-01,6,1704637310,643ea0885875a77bf8dc3e0f3ead866a125276b1,11,1181328880,1181.3288800000000000
2023-12-01,7,1723592854,13394005c1012e708fce1eb974f1130fdc73a5ce,9,11181879039,11181.879039000000
2023-12-01,8,546716445,22f9dcf4647084d6c31b2765f6910cd85c178c18,9,1976748997,1976.7489970000000000
2023-12-01,9,1636575522,69460570c93f9de5e2edbc3052bf10125f0ca22d,8,42162569164,42162.569164000000
2023-12-01,10,1821671758,f8d390f23b06d420daa629d3b6a9a24bd27c1ef3,5,339048590980,339048.590980000000
2023-12-01,11,1475740312,48ec5560bfd59b95859965cce48cc244cfdf6b0c,5,29110960000,29110.960000000000
2023-12-01,12,739207226,7cc4e967242e1cad92152d47ae0bb9169e97d553,5,524664517,524.6645170000000000
2023-12-01,13,1438093425,a88800cd213da5ae406ce248380802bd53b47647,3,150846768726,150846.768726000000
2023-12-01,14,968003125,1111111254fb6c44bac0bed2854e76f90643097d,3,4072307476,4072.3074760000000000
2023-12-01,15,739542908,e25a329d385f77df5d4ed56265babe2b99a5436e,2,61121751830000,61121751.830000000000
2023-12-01,16,1723049279,857110b5f8efd66cc3762abb935315630ac770b5,2,116764677123,116764.677123000000
2023-12-01,17,1381791786,1111111254eeb25477b68fb85ed929f73a960582,2,2060494794,2060.4947940000000000
2023-12-01,18,1806783656,4fb312915b779b1339388e14b6d079741ca83128,1,50000000000,50000.000000000000
2023-12-01,19,1821575581,7b7cba43df4295c468969b737523c2b09364fea4,1,18365875387,18365.875387000000
2023-12-01,20,1734350848,f0d4c12a5768d806021f80a262b4d39d26c58b8d,1,3155057249,3155.0572490000000000
2023-12-01,21,1589371703,a2fde9de6e6ebfe068d3ec0b515669817a9c3808,1,426650683,426.6506830000000000
2023-12-01,22,957665497,494add36b6d855f2f1e4482c2f2723a07d6bdd77,1,388910410,388.9104100000000000
2023-12-01,23,1536784859,1d2c052d4a0273de4bf5ba133ad230c25e84e979,1,150000000,150.0000000000000000
2023-12-01,24,1582915133,104fc0fefb0470cd886cadd15f943d78d03d5b07,1,100000000,100.0000000000000000
2023-12-01,25,841511826,e378cc8017a590ec82ab538cb264251b3375dd27,1,100000000,100.0000000000000000
2023-12-01,26,1809658138,367c42a6f261ec54ffbecf5f41c226be12a3dca0,1,90000000,90.0000000000000000
2023-12-01,27,1825164022,5a0ece49ec2d04468aff988d92f52c8bea5fd91a,1,50000000,50.0000000000000000
2023-12-01,28,850021619,415440ab37de55bbfcca3a897933f8168935c43a,1,48750000,48.7500000000000000
2023-12-01,29,902815313,78ef03aa529550967c2a8fb0a6242f6762b9f0ea,1,40000000,40.0000000000000000
2023-12-01,30,930966642,aa371e26742290063d92f0bd7197ac2d8d3ac4f1,1,40000000,40.0000000000000000
2023-12-01,31,794412723,d91bfa1f65e225144df606118134ce725416652e,1,40000000,40.0000000000000000
2023-12-01,32,1155688580,1897f2b6d40831f182456dece96474c08a3c6936,1,40000000,40.0000000000000000
2023-12-01,33,1824382769,638098d238bb992ae5645df46b097bdbdd21e117,1,40000000,40.0000000000000000
2023-12-01,34,1082772959,d3712738715d43ed28015ac7a3761798f1317ca2,1,40000000,40.0000000000000000
2023-12-01,35,1119522663,0000040f1111c5c3d2037940658ee770bb37e0a2,1,40000000,40.0000000000000000
2023-12-01,36,1374190478,5050e029fc142add49023ada888d2fc9d4a8701e,1,40000000,40.0000000000000000
2023-12-01,37,909065395,2e0f4b18a71f96671ac0912e457d3403ed678d0c,1,40000000,40.0000000000000000
2023-12-01,38,1824402556,2083dc9a71082793959545d3ec61ed94a049b11a,1,40000000,40.0000000000000000
2023-12-01,39,1825561806,dc095b767bc68524bfdc9ed6c284e47606887afd,1,20390000,20.3900000000000000
2023-12-01,40,1669850807,c5ea52e4447ac203afcbab84a53e76f203b1d05b,1,15366753,15.3667530000000000
2023-12-01,41,32027036,1db6ad3344f1ae0a495b28b031b80cddd99f2fd0,1,11025000,11.0250000000000000
2023-12-01,42,959075751,d7df4c863a632cd1cfad89bf91d5d326382ffc18,1,4375000,4.3750000000000000
2023-12-01,43,867588846,4a14347083b80e5216ca31350a2d21702ac3650d,1,3247974,3.2479740000000000
2023-12-01,44,1350069544,ad854616e67959d7f8f8ff481740d0f2621329d5,1,1041200,1.0412000000000000
2023-12-01,45,1832072053,7f50d2d669cc5c554f71a9534f80ddcb511e5496,1,0,0E-24
2024-01-01,1,1250544290,a9d1e08c7793af67e9d92fe308d5697fb81d3e43,296,843573294412,843573.294412000000
2024-01-01,2,1506781294,974026e01660d11b5b5f08394806b619702ac35c,37,26737147683,26737.147683000000
2024-01-01,3,934876971,378ba9b73309be80bf4c2c027aad799766a7ed5a,23,73192040430,73192.040430000000
2024-01-01,4,1723592854,13394005c1012e708fce1eb974f1130fdc73a5ce,15,52343597971,52343.597971000000
2024-01-01,5,616036061,74de5d4fcbf63e00296fd95d33236b9794016631,13,52425308729,52425.308729000000
2024-01-01,6,1636575522,69460570c93f9de5e2edbc3052bf10125f0ca22d,11,47822645215,47822.645215000000
2024-01-01,7,1704637310,643ea0885875a77bf8dc3e0f3ead866a125276b1,11,1421786297,1421.7862970000000000
2024-01-01,8,546716445,22f9dcf4647084d6c31b2765f6910cd85c178c18,10,2932419813,2932.4198130000000000
2024-01-01,9,1734350848,f0d4c12a5768d806021f80a262b4d39d26c58b8d,9,2600190165733,2600190.165733000000
2024-01-01,10,1381791786,1111111254eeb25477b68fb85ed929f73a960582,8,28708344772,28708.344772000000
2024-01-01,11,1723640441,c30c8b862f7de6ba5d7eaeb113c78ec6b5ded04b,8,17103784487,17103.784487000000
2024-01-01,12,840272948,e66b31678d6c16e9ebf358268a790b763c133750,6,10771667556,10771.667556000000
2024-01-01,13,1821526542,5c91ee4da2803ee4078ae7812392bbfc25e93701,6,3073180000,3073.1800000000000000
2024-01-01,14,1475740312,48ec5560bfd59b95859965cce48cc244cfdf6b0c,6,632630000,632.6300000000000000
2024-01-01,15,1589371703,a2fde9de6e6ebfe068d3ec0b515669817a9c3808,5,874948779,874.9487790000000000
2024-01-01,16,881197687,9008d19f58aabd9ed0d60971565aa8510560ab41,4,37918851065,37918.851065000000
2024-01-01,17,1843987934,383e6b4437b59fff47b619cba855ca29342a8559,3,1084968595952,1084968.595952000000
2024-01-01,18,1723049279,857110b5f8efd66cc3762abb935315630ac770b5,3,53013660579,53013.660579000000
2024-01-01,19,893398926,def171fe48cf0115b1d80b88dc8eab59176fee57,3,3051304247,3051.3042470000000000
2024-01-01,20,1587123400,a7ca2c8673bcfa5a26d8ceec2887f2cc2b0db22a,3,2693676616,2693.6766160000000000
2024-01-01,21,1821575581,7b7cba43df4295c468969b737523c2b09364fea4,2,25659116249,25659.116249000000
2024-01-01,22,1438093425,a88800cd213da5ae406ce248380802bd53b47647,2,24349189904,24349.189904000000
2024-01-01,23,841511826,e378cc8017a590ec82ab538cb264251b3375dd27,2,7790733593,7790.7335930000000000
2024-01-01,24,969805957,29e3b0e8df4ee3f71a62c34847c34e139fc0b297,2,4396720000,4396.7200000000000000
2024-01-01,25,1862811914,85d81ee851d36423a5784cd3cb6f1a1193cb5978,2,3950543390,3950.5433900000000000
2024-01-01,26,968003125,1111111254fb6c44bac0bed2854e76f90643097d,2,203729345,203.7293450000000000
2024-01-01,27,1826656789,09313c221d00cfc677dc6919d5e26d6359c644af,1,4026223614994,4026223.614994000000
2024-01-01,28,1826648817,f511adda6d08b23e044b3eaf5de3694c24eb3c98,1,2518240113567,2518240.113567000000
2024-01-01,29,1713798436,61fa2c947e523f9abfb8d7e2903a5d5218c119a7,1,22089176500,22089.176500000000
2024-01-01,30,1695529435,d52ca71aafa4d2590aac1e35e3005242dd31e5ed,1,13188876488,13188.876488000000
2024-01-01,31,1836641632,f214e667181fb0aeec2798aa7b5d009be09d4468,1,635490000,635.4900000000000000
2024-01-01,32,925259746,97341d987242f1868fac13e5b205fc10e283e70b,1,250000000,250.0000000000000000
2024-01-01,33,1578697507,0000000895cb182e6f983eb4d8b4e0aa0b31ae4c,1,185429498,185.4294980000000000
2024-01-01,34,1526126162,2f2dd99235cb728fc79af575f1325eaa270f0c99,1,100072782,100.0727820000000000
2024-01-01,35,1826310131,32789481bf5a1337eee429ddbbbc32aa6ff5ad54,1,99848330,99.8483300000000000
2024-01-01,36,1809658138,367c42a6f261ec54ffbecf5f41c226be12a3dca0,1,90000000,90.0000000000000000
2024-01-01,37,971683941,471b5639ce73b6796b72781f59ba96816b81e07a,1,77364753,77.3647530000000000
2024-01-01,38,1094650498,92e929d8b2c8430bcaf4cd87654789578bb2b786,1,43692505,43.6925050000000000
2024-01-01,39,929472383,33e626727b9ecf64e09f600a1e0f5adde266a0df,1,40000000,40.0000000000000000
2024-01-01,40,1883003572,daa19f38d3f5efab963dfefecee60aaddaf89145,1,21762020,21.7620200000000000
2024-01-01,41,7446963,b8bd8f4c420ada4d999f2619503d5aaa139ed7c2,1,5000000,5.0000000000000000
2024-01-01,42,1105932400,00000000009726632680fb29d3f7a9734e3010e2,1,4608856,4.6088560000000000
2024-01-01,43,1679215692,acca8a4142e5d4d3768e2bfe86544797316724cb,1,1000002,1.00000200000000000000
2024-01-01,44,808112108,c2f9b0e142dff106dc6b7f2c3632e610efc41c28,1,1000001,1.00000100000000000000
2024-01-01,45,1703026290,4a4d2410c3d4cfa8dd0d275bedefbd2f7b61ba2e,1,139210,0.13921000000000000000
2024-02-01,1,1250544290,a9d1e08c7793af67e9d92fe308d5697fb81d3e43,247,1241511635521,1241511.635521000000
2024-02-01,2,1899839451,0c0d01abf3e6adfca0989ebba9d6e85dd58eab1e,59,2271282112468,2271282.112468000000
2024-02-01,3,1506781294,974026e01660d11b5b5f08394806b619702ac35c,33,38458640419,38458.640419000000
2024-02-01,4,934876971,378ba9b73309be80bf4c2c027aad799766a7ed5a,17,4871581984,4871.5819840000000000
2024-02-01,5,616036061,74de5d4fcbf63e00296fd95d33236b9794016631,12,13782107652,13782.107652000000
2024-02-01,6,1723592854,13394005c1012e708fce1eb974f1130fdc73a5ce,10,14635898400,14635.898400000000
2024-02-01,7,1723640441,c30c8b862f7de6ba5d7eaeb113c78ec6b5ded04b,10,7524381305,7524.3813050000000000
2024-02-01,8,1704637310,643ea0885875a77bf8dc3e0f3ead866a125276b1,10,1247296796,1247.2967960000000000
2024-02-01,9,546716445,22f9dcf4647084d6c31b2765f6910cd85c178c18,9,4651017273,4651.0172730000000000
2024-02-01,10,1636575522,69460570c93f9de5e2edbc3052bf10125f0ca22d,8,37301355578,37301.355578000000
2024-02-01,11,1475740312,48ec5560bfd59b95859965cce48cc244cfdf6b0c,8,13297270000,13297.270000000000
2024-02-01,12,881197687,9008d19f58aabd9ed0d60971565aa8510560ab41,7,1288378316133,1288378.316133000000
2024-02-01,13,1381791786,1111111254eeb25477b68fb85ed929f73a960582,6,390391293266,390391.293266000000
2024-02-01,14,1734350848,f0d4c12a5768d806021f80a262b4d39d26c58b8d,5,387807642683,387807.642683000000
2024-02-01,15,1438093425,a88800cd213da5ae406ce248380802bd53b47647,5,234021235881,234021.235881000000
2024-02-01,16,893398926,def171fe48cf0115b1d80b88dc8eab59176fee57,5,58780210656,58780.210656000000
2024-02-01,17,1844716471,bbbbbbbbbb9cc5e90e3b3af64bdaf62c37eeffcb,2,68752611459,68752.611459000000
2024-02-01,18,1862811914,85d81ee851d36423a5784cd3cb6f1a1193cb5978,2,12642512140,12642.512140000000
2024-02-01,19,1364872031,1231deb6f5749ef6ce6943a275a1d3e7486f4eae,2,302240164,302.2401640000000000
2024-02-01,20,702864796,8e377b81378f833521dac639c857baa47b7bbacc,1,33747254699,33747.254699000000
2024-02-01,21,765147013,df15ddb8a27e689f3b43d60c3bf13c3f312d388a,1,14936420808,14936.420808000000
2024-02-01,22,1843987934,383e6b4437b59fff47b619cba855ca29342a8559,1,10003420452,10003.4204520000000000
2024-02-01,23,1262145591,b8e6d31e7b212b2b7250ee9c26c56cebbfbe6b23,1,10000000000,10000.0000000000000000
2024-02-01,24,1235298661,08780fb7e580e492c1935bee4fa5920b94aa95da,1,7782748322,7782.7483220000000000
2024-02-01,25,1729640191,030038f5e941427b0e3c19999e08b9492bf5bcc2,1,4996153881,4996.1538810000000000
2024-02-01,26,1427662229,99a58482bd75cbab83b27ec03ca68ff489b5788f,1,4990149242,4990.1492420000000000
2024-02-01,27,1772177340,999881aa210b637fff7d22c8566319444b38695b,1,2182969187,2182.9691870000000000
2024-02-01,28,907551762,41c6beb49d2d471c1f6889c800c6ae92c6d1abb3,1,2089818347,2089.8183470000000000
2024-02-01,29,1752785508,b5fb40176264d0d16eb0c87f7f123a166ccaec7e,1,2000000000,2000.0000000000000000
2024-02-01,30,1890577249,03b00dc262a0f58f1ac52d76b86df2cb43bbff52,1,495700000,495.7000000000000000
2024-02-01,31,1589371703,a2fde9de6e6ebfe068d3ec0b515669817a9c3808,1,418360799,418.3607990000000000
2024-02-01,32,1484941426,dfef7d1da9eefc49406ea601eb9e5d961f4c7866,1,251978820,251.9788200000000000
2024-02-01,33,7446963,b8bd8f4c420ada4d999f2619503d5aaa139ed7c2,1,208582344,208.5823440000000000
2024-02-01,34,840272948,e66b31678d6c16e9ebf358268a790b763c133750,1,96961888,96.9618880000000000
2024-02-01,35,1567846026,bdacbd4821d7d7db0f84deee4921dd27c9b3715d,1,44135440,44.1354400000000000
2024-02-01,36,1703836594,d3f5c377a8506af29aeafbc90d1e5c6534f197b4,1,20073130,20.0731300000000000
2024-02-01,37,1903632293,ca23b4223a8d7ed5e12bed176e7b46020106556f,1,15000000,15.0000000000000000
2024-02-01,38,1901003526,948589d850721ec78bdcb8359dd4a8e16feb0f31,1,10000000,10.0000000000000000
2024-02-01,39,1892685924,ef9dc071b34bb0d1e542a0ed07093d580139b451,1,4939205,4.9392050000000000
2024-02-01,40,1689899032,f313d711d71eb9a607b4a61a827a9e32a7846621,1,2000000,2.0000000000000000
2024-02-01,41,1851140606,9da75997624c697444958aded6790bfca96af19a,1,1571926,1.5719260000000000
2024-02-01,42,1742888369,e37e799d5077682fa0a244d46e5649f71457bd09,1,426300,0.42630000000000000000
2024-02-01,43,1728729509,f081470f5c6fbccf48cc4e5b82dd926409dcdd67,1,12726,0.01272600000000000000
2024-02-01,44,1895665272,0a59bb03235d1d8b25d57c9650e9ec2b0df4a1c0,1,5,0.000005000000000000000000
2024-02-01,45,1646771443,ffb9faf89165585ad4b25f81332ead96986a2681,1,0,0E-24
2024-03-01,1,1250544290,a9d1e08c7793af67e9d92fe308d5697fb81d3e43,322,1113657780885,1113657.780885000000
2024-03-01,2,1899839451,0c0d01abf3e6adfca0989ebba9d6e85dd58eab1e,104,8577656499283,8577656.499283000000
2024-03-01,3,1506781294,974026e01660d11b5b5f08394806b619702ac35c,45,81540514042,81540.514042000000
2024-03-01,4,934876971,378ba9b73309be80bf4c2c027aad799766a7ed5a,45,14614910491,14614.910491000000
2024-03-01,5,1734350848,f0d4c12a5768d806021f80a262b4d39d26c58b8d,15,794986057883,794986.057883000000
2024-03-01,6,1723592854,13394005c1012e708fce1eb974f1130fdc73a5ce,15,34552245928,34552.245928000000
2024-03-01,7,616036061,74de5d4fcbf63e00296fd95d33236b9794016631,12,20680054430,20680.054430000000
2024-03-01,8,1636575522,69460570c93f9de5e2edbc3052bf10125f0ca22d,7,24301493622,24301.493622000000
2024-03-01,9,546716445,22f9dcf4647084d6c31b2765f6910cd85c178c18,7,8301073798,8301.0737980000000000
2024-03-01,10,1589371703,a2fde9de6e6ebfe068d3ec0b515669817a9c3808,7,1316960738,1316.9607380000000000
2024-03-01,11,1381791786,1111111254eeb25477b68fb85ed929f73a960582,6,96372648719,96372.648719000000
2024-03-01,12,1852340564,625e92624bc2d88619accc1788365a69767f6200,5,374383369639,374383.369639000000
2024-03-01,13,881197687,9008d19f58aabd9ed0d60971565aa8510560ab41,5,155705930297,155705.930297000000
2024-03-01,14,1844716471,bbbbbbbbbb9cc5e90e3b3af64bdaf62c37eeffcb,4,621573879163,621573.879163000000
2024-03-01,15,1728729509,f081470f5c6fbccf48cc4e5b82dd926409dcdd67,4,110206354868,110206.354868000000
2024-03-01,16,765147013,df15ddb8a27e689f3b43d60c3bf13c3f312d388a,4,27972501307,27972.501307000000
2024-03-01,17,1911778548,e07a16358aa878cbda2d49a88e5106871e0db307,3,282772828788,282772.828788000000
2024-03-01,18,1438093425,a88800cd213da5ae406ce248380802bd53b47647,3,41808821439,41808.821439000000
2024-03-01,19,1475740312,48ec5560bfd59b95859965cce48cc244cfdf6b0c,3,169090000,169.0900000000000000
2024-03-01,20,1957574278,cbdee9eacff915aecb4c750b0183d45210a17a62,3,9999998,9.9999980000000000
2024-03-01,21,1663246624,cf5540fffcdc3d510b18bfca6d2b9987b0772559,2,220303141140,220303.141140000000
2024-03-01,22,1843987934,383e6b4437b59fff47b619cba855ca29342a8559,2,80298422356,80298.422356000000
2024-03-01,23,1862811914,85d81ee851d36423a5784cd3cb6f1a1193cb5978,2,40209293347,40209.293347000000
2024-03-01,24,1648514559,9b63849e325ff0fb820dd6853e0bfa0fb3073b88,2,39799902749,39799.902749000000
2024-03-01,25,867588846,4a14347083b80e5216ca31350a2d21702ac3650d,2,8559178334,8559.1783340000000000
2024-03-01,26,893398926,def171fe48cf0115b1d80b88dc8eab59176fee57,2,3418309960,3418.3099600000000000
2024-03-01,27,968003125,1111111254fb6c44bac0bed2854e76f90643097d,2,2190614429,2190.6144290000000000
2024-03-01,28,790807031,3a0b2bff978d3ce69caff9fdb9095bb513ea4d24,2,912774220,912.7742200000000000
2024-03-01,29,1703836594,d3f5c377a8506af29aeafbc90d1e5c6534f197b4,2,907718635,907.7186350000000000
2024-03-01,30,1202652847,35a398425d9f1029021a92bc3d2557d42c8588d7,2,252839675,252.8396750000000000
2024-03-01,31,1210458759,33ce69c572a01a6cf8229fd169b3a8aba867507a,1,160000000000,160000.000000000000
2024-03-01,32,1281244801,6ee6d00a21cfc60c48fab87214418f37d8dcddd5,1,50000000000,50000.000000000000
2024-03-01,33,538514297,6d419054670c947f02a3375473b4952a43e6b9ce,1,40000000000,40000.000000000000
2024-03-01,34,1780434575,a9c0cded336699547aac4f9de5a11ada979bc59a,1,36023150417,36023.150417000000
2024-03-01,35,1924567474,0a0f9f59073c54876735c30022062ffafc7bfbf8,1,10100000000,10100.000000000000
2024-03-01,36,1723049279,857110b5f8efd66cc3762abb935315630ac770b5,1,9971664258,9971.6642580000000000
2024-03-01,37,1742888369,e37e799d5077682fa0a244d46e5649f71457bd09,1,6600000000,6600.0000000000000000
2024-03-01,38,456549574,b657f5426cf1236c9d3ac419f5940a88860b5f7e,1,6000489881,6000.4898810000000000
2024-03-01,39,1946790021,d6982da59f1d26476e259559508f4135135cf9b8,1,5668314307,5668.3143070000000000
2024-03-01,40,907551762,41c6beb49d2d471c1f6889c800c6ae92c6d1abb3,1,3778467275,3778.4672750000000000
2024-03-01,41,1899934735,111111125421ca6dc452d289314280a0f8842a65,1,3452511522,3452.5115220000000000
2024-03-01,42,1897441323,dfeb38bfe2befe782ce65e1e20b854dc6a7767d9,1,899040000,899.0400000000000000
2024-03-01,43,1689506839,00000000000006b2ab6decbc6fc7ec6bd2fbc720,1,760398631,760.3986310000000000
2024-03-01,44,925259746,97341d987242f1868fac13e5b205fc10e283e70b,1,500000000,500.0000000000000000
2024-03-01,45,1583332546,5d738fbf1d8940bbe72af847d88c517064de76e7,1,364090000,364.0900000000000000
2024-03-01,46,1526126162,2f2dd99235cb728fc79af575f1325eaa270f0c99,1,178250035,178.2500350000000000
2024-03-01,47,1843247582,a5588f7cdf560811710a2d82d3c9c99769db1dcb,1,50007308,50.0073080000000000
2024-03-01,48,352102670,302ae9d5bdd8f5125b1182cdd966ff4eed3e3acf,1,50000000,50.0000000000000000
2024-03-01,49,1884076661,3d877f52ca3e07194d8507184417973864dea9bb,1,50000000,50.0000000000000000
2024-03-01,50,27013664,fcfdf5cf7573cb8467a5d371419b024005bc70b2,1,40000000,40.0000000000000000
2024-03-01,51,888895388,941463d0eb90033cf551a9f0efa89ff596e7e78e,1,38000000,38.0000000000000000
2024-03-01,52,1927692943,c88575832fe72dcd1b5b0c8ea7ba833f410e5729,1,32068701,32.0687010000000000
2024-03-01,53,1892891141,edb73d4ed90be7a49d06d0d940055e6d181d22fa,1,24893612,24.8936120000000000
2024-03-01,54,1376579973,1ba2b9dc5e3aa3f61c459a4dd13b293d9f81a156,1,15000000,15.0000000000000000
2024-03-01,55,1704637310,643ea0885875a77bf8dc3e0f3ead866a125276b1,1,12587053,12.5870530000000000
2024-03-01,56,682895367,ce4d4bf74cf639d99c26803f6dbc0a8054329c16,1,10000000,10.0000000000000000
2024-03-01,57,1927878881,e93b0b3bd1c808ff380716d0ed1fe4c9c0c7c7ca,1,8976257,8.9762570000000000
2024-04-01,1,1250544290,a9d1e08c7793af67e9d92fe308d5697fb81d3e43,660,1644465637106,1644465.637106000000
2024-04-01,2,934876971,378ba9b73309be80bf4c2c027aad799766a7ed5a,43,15709441479,15709.441479000000
2024-04-01,3,1506781294,974026e01660d11b5b5f08394806b619702ac35c,22,23972654962,23972.654962000000
2024-04-01,4,616036061,74de5d4fcbf63e00296fd95d33236b9794016631,20,23736369296,23736.369296000000
2024-04-01,5,1723592854,13394005c1012e708fce1eb974f1130fdc73a5ce,18,25303124319,25303.124319000000
2024-04-01,6,1899839451,0c0d01abf3e6adfca0989ebba9d6e85dd58eab1e,17,862000000000,862000.000000000000
2024-04-01,7,1381791786,1111111254eeb25477b68fb85ed929f73a960582,12,11348489685,11348.489685000000
2024-04-01,8,1734350848,f0d4c12a5768d806021f80a262b4d39d26c58b8d,9,136533244175,136533.244175000000
2024-04-01,9,1589371703,a2fde9de6e6ebfe068d3ec0b515669817a9c3808,6,428323232,428.3232320000000000
2024-04-01,10,1636575522,69460570c93f9de5e2edbc3052bf10125f0ca22d,5,28140110196,28140.110196000000
2024-04-01,11,1844716471,bbbbbbbbbb9cc5e90e3b3af64bdaf62c37eeffcb,4,226000000000,226000.000000000000
2024-04-01,12,840272948,e66b31678d6c16e9ebf358268a790b763c133750,4,2262678402,2262.6784020000000000
2024-04-01,13,1202652847,35a398425d9f1029021a92bc3d2557d42c8588d7,4,369567138,369.5671380000000000
2024-04-01,14,1947919507,1cfd55b818a34ffa135f0ffc2dc6a790decd6079,3,6218654016,6218.6540160000000000
2024-04-01,15,867588846,4a14347083b80e5216ca31350a2d21702ac3650d,3,1204005112,1204.0051120000000000
2024-04-01,16,1703836594,d3f5c377a8506af29aeafbc90d1e5c6534f197b4,3,771917165,771.9171650000000000
2024-04-01,17,546716445,22f9dcf4647084d6c31b2765f6910cd85c178c18,3,69373069,69.3730690000000000
2024-04-01,18,1866760884,675d37489a7a64c051d0204e5c72a469f6558a47,3,0,0E-24
2024-04-01,19,1364872031,1231deb6f5749ef6ce6943a275a1d3e7486f4eae,2,28522598622,28522.598622000000
2024-04-01,20,907551762,41c6beb49d2d471c1f6889c800c6ae92c6d1abb3,2,12717933086,12717.933086000000
2024-04-01,21,1770402788,73012eecbb5c07cac9d0c7ed207596556482a5e8,2,4725802620,4725.8026200000000000
2024-04-01,22,1586252096,3fc91a3afd70395cd496c647d5a6cc9d4b2b7fad,2,1712695755,1712.6957550000000000
2024-04-01,23,1862811914,85d81ee851d36423a5784cd3cb6f1a1193cb5978,2,1184362270,1184.3622700000000000
2024-04-01,24,1475740312,48ec5560bfd59b95859965cce48cc244cfdf6b0c,2,270940000,270.9400000000000000
2024-04-01,25,739542908,e25a329d385f77df5d4ed56265babe2b99a5436e,1,100000000000000,100000000.000000000000
2024-04-01,26,1966652009,3812d1c3b5fb52a6a7ec7cf2e7101c009c3743ee,1,180356018058,180356.018058000000
2024-04-01,27,1911778548,e07a16358aa878cbda2d49a88e5106871e0db307,1,124943134450,124943.134450000000
2024-04-01,28,780095558,ba12222222228d8ba445958a75a0704d566bf2c8,1,73733897148,73733.897148000000
2024-04-01,29,881197687,9008d19f58aabd9ed0d60971565aa8510560ab41,1,25015117412,25015.117412000000
2024-04-01,30,537895637,4544e2fae244ea4ca20d075bb760561ce5990dc3,1,24001000000,24001.000000000000
2024-04-01,31,1899934735,111111125421ca6dc452d289314280a0f8842a65,1,19233505705,19233.505705000000
2024-04-01,32,1728729509,f081470f5c6fbccf48cc4e5b82dd926409dcdd67,1,15004763630,15004.763630000000
2024-04-01,33,893398926,def171fe48cf0115b1d80b88dc8eab59176fee57,1,10857067364,10857.067364000000
2024-04-01,34,555161333,b6e29471e9929cd8cc551f3bf6c5ffde3ae7ab63,1,8000000000,8000.0000000000000000
2024-04-01,35,1526126162,2f2dd99235cb728fc79af575f1325eaa270f0c99,1,2862572733,2862.5727330000000000
2024-04-01,36,1587123400,a7ca2c8673bcfa5a26d8ceec2887f2cc2b0db22a,1,1671295553,1671.2955530000000000
2024-04-01,37,906433965,a9b2d29401a1d18937d9f3c4582a7c012c4fc27c,1,522758259,522.7582590000000000
2024-04-01,38,1985427271,6c8dcdb5c616c1950aece55420242e30085194e8,1,424420226,424.4202260000000000
2024-04-01,39,1843987934,383e6b4437b59fff47b619cba855ca29342a8559,1,300333669,300.3336690000000000
2024-04-01,40,765147013,df15ddb8a27e689f3b43d60c3bf13c3f312d388a,1,124707477,124.7074770000000000
2024-04-01,41,1183034645,cc2ca22aaefe22a0144a0260731a40a725affff0,1,100000000,100.0000000000000000
2024-04-01,42,1582915133,104fc0fefb0470cd886cadd15f943d78d03d5b07,1,62500000,62.5000000000000000
2024-04-01,43,1438093425,a88800cd213da5ae406ce248380802bd53b47647,1,51004325,51.0043250000000000
2024-04-01,44,720975246,3a2a72ff37afe42b2c2747366be5ecdacb211d8a,1,40000000,40.0000000000000000
2024-04-01,45,1393477352,316bde155acd07609872a56bc32ccfb0b13201fa,1,20000000,20.0000000000000000
2024-04-01,46,1964733324,0a5ea26fdd38cf2acb06dc64198374c337879dab,1,10360000,10.3600000000000000
2024-04-01,47,1901003526,948589d850721ec78bdcb8359dd4a8e16feb0f31,1,10000000,10.0000000000000000
2024-04-01,48,1704637310,643ea0885875a77bf8dc3e0f3ead866a125276b1,1,10000000,10.0000000000000000
2024-04-01,49,75795325,969d96825eebc717e8019f0b8c481fb34f231f8d,1,1000000,1.00000000000000000000
2024-04-01,50,1493321637,483536fbef61d80b498ab6604891200352d1c581,1,260131,0.26013100000000000000
2024-04-01,51,1705239608,8c57882acedd62561eddbff5850e81aafcb521df,1,100000,0.10000000000000000000
2024-04-01,52,1742888369,e37e799d5077682fa0a244d46e5649f71457bd09,1,38825,0.03882500000000000000
2024-04-01,53,1884076661,3d877f52ca3e07194d8507184417973864dea9bb,1,1000,0.00100000000000000000
2024-05-01,1,1250544290,a9d1e08c7793af67e9d92fe308d5697fb81d3e43,790,3159790856963,3159790.856963000000
2024-05-01,2,616036061,74de5d4fcbf63e00296fd95d33236b9794016631,45,44333779393,44333.779393000000
2024-05-01,3,1723592854,13394005c1012e708fce1eb974f1130fdc73a5ce,28,34465678614,34465.678614000000
2024-05-01,4,934876971,378ba9b73309be80bf4c2c027aad799766a7ed5a,27,2840337107,2840.3371070000000000
2024-05-01,5,1506781294,974026e01660d11b5b5f08394806b619702ac35c,25,13352732112,13352.732112000000
2024-05-01,6,1899839451,0c0d01abf3e6adfca0989ebba9d6e85dd58eab1e,22,1047402727323,1047402.727323000000
2024-05-01,7,1586252096,3fc91a3afd70395cd496c647d5a6cc9d4b2b7fad,18,7701993224,7701.9932240000000000
2024-05-01,8,546716445,22f9dcf4647084d6c31b2765f6910cd85c178c18,14,3636788103,3636.7881030000000000
2024-05-01,9,1381791786,1111111254eeb25477b68fb85ed929f73a960582,13,3104995503,3104.9955030000000000
2024-05-01,10,1734350848,f0d4c12a5768d806021f80a262b4d39d26c58b8d,11,299275463061,299275.463061000000
2024-05-01,11,867588846,4a14347083b80e5216ca31350a2d21702ac3650d,9,8614103581,8614.1035810000000000
2024-05-01,12,1589371703,a2fde9de6e6ebfe068d3ec0b515669817a9c3808,7,2090706967,2090.7069670000000000
2024-05-01,13,1663246624,cf5540fffcdc3d510b18bfca6d2b9987b0772559,6,345177767320,345177.767320000000
2024-05-01,14,881197687,9008d19f58aabd9ed0d60971565aa8510560ab41,6,89167605022,89167.605022000000
2024-05-01,15,1866760884,675d37489a7a64c051d0204e5c72a469f6558a47,6,0,0E-24
2024-05-01,16,907551762,41c6beb49d2d471c1f6889c800c6ae92c6d1abb3,5,27096732858,27096.732858000000
2024-05-01,17,1636575522,69460570c93f9de5e2edbc3052bf10125f0ca22d,4,13048607745,13048.607745000000
2024-05-01,18,1703836594,d3f5c377a8506af29aeafbc90d1e5c6534f197b4,4,1374030306,1374.0303060000000000
2024-05-01,19,968003125,1111111254fb6c44bac0bed2854e76f90643097d,4,209022427,209.0224270000000000
2024-05-01,20,1836498420,5cc9400ffb4da168cf271e912f589462c3a00d1f,3,130321697348,130321.697348000000
2024-05-01,21,1899934735,111111125421ca6dc452d289314280a0f8842a65,3,94853617094,94853.617094000000
2024-05-01,22,1862811914,85d81ee851d36423a5784cd3cb6f1a1193cb5978,3,11576041071,11576.041071000000
2024-05-01,23,840272948,e66b31678d6c16e9ebf358268a790b763c133750,3,239666805,239.6668050000000000
2024-05-01,24,893398926,def171fe48cf0115b1d80b88dc8eab59176fee57,2,134870951027,134870.951027000000
2024-05-01,25,1770402788,73012eecbb5c07cac9d0c7ed207596556482a5e8,2,5527818903,5527.8189030000000000
2024-05-01,26,1475740312,48ec5560bfd59b95859965cce48cc244cfdf6b0c,2,4954760000,4954.7600000000000000
2024-05-01,27,1364872031,1231deb6f5749ef6ce6943a275a1d3e7486f4eae,2,2934136223,2934.1362230000000000
2024-05-01,28,915252497,30293ab5213f8996d3d40981acf42558193e37ea,2,687131799,687.1317990000000000
2024-05-01,29,1587123400,a7ca2c8673bcfa5a26d8ceec2887f2cc2b0db22a,2,216446039,216.4460390000000000
2024-05-01,30,1947919507,1cfd55b818a34ffa135f0ffc2dc6a790decd6079,2,34347639,34.3476390000000000
2024-05-01,31,2020978733,d5e74de4385ef0eb1bb4db05a6a504f04d92e79d,1,330284372048,330284.372048000000
2024-05-01,32,1693926916,fcee69aec09cf84ac10041359ff5702ad94bac98,1,304049279669,304049.279669000000
2024-05-01,33,1530621807,f152abda9e4ce8b134ef22dc3c6ace19c4895d82,1,62500000000,62500.000000000000
2024-05-01,34,1946790021,d6982da59f1d26476e259559508f4135135cf9b8,1,55103915689,55103.915689000000
2024-05-01,35,1438093425,a88800cd213da5ae406ce248380802bd53b47647,1,45220474293,45220.474293000000
2024-05-01,36,1728729509,f081470f5c6fbccf48cc4e5b82dd926409dcdd67,1,40041322756,40041.322756000000
2024-05-01,37,1780434575,a9c0cded336699547aac4f9de5a11ada979bc59a,1,30002283985,30002.283985000000
2024-05-01,38,1764116413,06e4488ce77eb06aab8bd74da10ce9f2454f53ed,1,15858455713,15858.455713000000
2024-05-01,39,1216424171,f569e3920aa165c5a42dc88f6ef5cf986810fd89,1,14082342069,14082.342069000000
2024-05-01,40,2000514856,b4b50bfa4c4c90dd25a4cbe695f8124d24ac6474,1,8816498235,8816.4982350000000000
2024-05-01,41,1909973984,9e10f9fb6f0d32b350cee2618662243d4f24c64a,1,6550891674,6550.8916740000000000
2024-05-01,42,1911778548,e07a16358aa878cbda2d49a88e5106871e0db307,1,5789877928,5789.8779280000000000
2024-05-01,43,1014820821,adcbe46e36c504d20c80349048ffb47c328ba47a,1,3022517133,3022.5171330000000000
2024-05-01,44,790807031,3a0b2bff978d3ce69caff9fdb9095bb513ea4d24,1,2495634666,2495.6346660000000000
2024-05-01,45,2015982603,d42b0ecf8a9f8ba9db7b0c989d73cf0bd5f83b66,1,1856590278,1856.5902780000000000
2024-05-01,46,1654982299,a9b08b4ceec1ef29edec7f9c94583270337d6416,1,736263763,736.2637630000000000
2024-05-01,47,1748556253,5fc47fde8a86dddea88689cb92f85d6f9df5d5cc,1,620000000,620.0000000000000000
2024-05-01,48,1202652847,35a398425d9f1029021a92bc3d2557d42c8588d7,1,416652926,416.6529260000000000
2024-05-01,49,243240055,5e2289f8ee186bcf5ed0063493257259eb0fe66b,1,412688279,412.6882790000000000
2024-05-01,50,765147013,df15ddb8a27e689f3b43d60c3bf13c3f312d388a,1,387872550,387.8725500000000000
2024-05-01,51,1961824623,9060ac62004f7c0f7ffdb2496c96e00cf0e9828c,1,300000000,300.0000000000000000
2024-05-01,52,1893386897,beef02e5e13584ab96848af90261f0c8ee04722a,1,207910151,207.9101510000000000
2024-05-01,53,1898867659,8ce45e650ab17b6ca0dd6071f7c2b5c69b5b42b2,1,203524994,203.5249940000000000
2024-05-01,54,1843987934,383e6b4437b59fff47b619cba855ca29342a8559,1,199575100,199.5751000000000000
2024-05-01,55,851015548,b45a7510eaad1ef02cfad55c67c0ea084cdd40d2,1,100000000,100.0000000000000000
2024-05-01,56,1622185968,4060a67ca6dd56fde01cdd78e10a4d8aa5b5026a,1,95030000,95.0300000000000000
2024-05-01,57,2023557144,98ce4c861f7af4ae0d4f0156570fadd915254ccb,1,74310000,74.3100000000000000
2024-05-01,58,1844716471,bbbbbbbbbb9cc5e90e3b3af64bdaf62c37eeffcb,1,44000000,44.0000000000000000
2024-05-01,59,1967811305,b86f32b648f4a17fc7c67bf29735c20c566e5a0c,1,38766503,38.7665030000000000
2024-05-01,60,1134914537,2b1460b69b3601cd4ae8b140a795a001c2d64952,1,29935900,29.9359000000000000
2024-05-01,61,696811095,f930ebbd05ef8b25b1797b9b2109ddc9b0d43063,1,25800345,25.8003450000000000
2024-05-01,62,1685736544,2dfadab8266483bed9fd9a292ce56596a2d1378d,1,22910768,22.9107680000000000
2024-05-01,63,1901003526,948589d850721ec78bdcb8359dd4a8e16feb0f31,1,20000000,20.0000000000000000
2024-05-01,64,32027036,1db6ad3344f1ae0a495b28b031b80cddd99f2fd0,1,6098743,6.0987430000000000
2024-05-01,65,1105932400,00000000009726632680fb29d3f7a9734e3010e2,1,5008070,5.0080700000000000
2024-05-01,66,1689899032,f313d711d71eb9a607b4a61a827a9e32a7846621,1,3550002,3.5500020000000000
2024-05-01,67,1964733324,0a5ea26fdd38cf2acb06dc64198374c337879dab,1,2490000,2.4900000000000000
2024-05-01,68,1884076661,3d877f52ca3e07194d8507184417973864dea9bb,1,1000000,1.00000000000000000000
2024-05-01,69,1704637310,643ea0885875a77bf8dc3e0f3ead866a125276b1,1,409028,0.40902800000000000000
2024-05-01,70,1113847572,663dc15d3c1ac63ff12e45ab68fea3f0a883c251,1,381810,0.38181000000000000000
2024-06-01,1,1250544290,a9d1e08c7793af67e9d92fe308d5697fb81d3e43,1068,3276818083697,3276818.083697000000
2024-06-01,2,1506781294,974026e01660d11b5b5f08394806b619702ac35c,55,261212330273,261212.330273000000
2024-06-01,3,616036061,74de5d4fcbf63e00296fd95d33236b9794016631,42,96855285025,96855.285025000000
2024-06-01,4,934876971,378ba9b73309be80bf4c2c027aad799766a7ed5a,25,2851141068,2851.1410680000000000
2024-06-01,5,1586252096,3fc91a3afd70395cd496c647d5a6cc9d4b2b7fad,24,33586440285,33586.440285000000
2024-06-01,6,1899839451,0c0d01abf3e6adfca0989ebba9d6e85dd58eab1e,20,3493518970000,3493518.970000000000
2024-06-01,7,546716445,22f9dcf4647084d6c31b2765f6910cd85c178c18,15,2297996108,2297.9961080000000000
2024-06-01,8,968003125,1111111254fb6c44bac0bed2854e76f90643097d,11,1747588614,1747.5886140000000000
2024-06-01,9,1723592854,13394005c1012e708fce1eb974f1130fdc73a5ce,10,13253898301,13253.898301000000
2024-06-01,10,1113847572,663dc15d3c1ac63ff12e45ab68fea3f0a883c251,8,610710988510,610710.988510000000
2024-06-01,11,2046320383,dd2e0d86a45e4ef9bd490c2809e6405720cc357c,8,6233384141,6233.3841410000000000
2024-06-01,12,1844716471,bbbbbbbbbb9cc5e90e3b3af64bdaf62c37eeffcb,7,380463557900,380463.557900000000
2024-06-01,13,1734350848,f0d4c12a5768d806021f80a262b4d39d26c58b8d,7,44334887267,44334.887267000000
2024-06-01,14,1364872031,1231deb6f5749ef6ce6943a275a1d3e7486f4eae,7,15383380190,15383.380190000000
2024-06-01,15,867588846,4a14347083b80e5216ca31350a2d21702ac3650d,7,6195241245,6195.2412450000000000
2024-06-01,16,1866760884,675d37489a7a64c051d0204e5c72a469f6558a47,7,2397373,2.3973730000000000
2024-06-01,17,1381791786,1111111254eeb25477b68fb85ed929f73a960582,6,50933440593,50933.440593000000
2024-06-01,18,840272948,e66b31678d6c16e9ebf358268a790b763c133750,6,1120520880,1120.5208800000000000
2024-06-01,19,1703836594,d3f5c377a8506af29aeafbc90d1e5c6534f197b4,5,49705301496,49705.301496000000
2024-06-01,20,1899934735,111111125421ca6dc452d289314280a0f8842a65,5,1186365674,1186.3656740000000000
2024-06-01,21,1475740312,48ec5560bfd59b95859965cce48cc244cfdf6b0c,4,2254120000,2254.1200000000000000
2024-06-01,22,1589371703,a2fde9de6e6ebfe068d3ec0b515669817a9c3808,4,361162841,361.1628410000000000
2024-06-01,23,759398816,d0ac2cd3f50b3b7b48a6e4fda1dfea9a26085605,3,987000000,987.0000000000000000
2024-06-01,24,1636575522,69460570c93f9de5e2edbc3052bf10125f0ca22d,3,181428532,181.4285320000000000
2024-06-01,25,1742888369,e37e799d5077682fa0a244d46e5649f71457bd09,3,4173220,4.1732200000000000
2024-06-01,26,1852340564,625e92624bc2d88619accc1788365a69767f6200,2,175965493669,175965.493669000000
2024-06-01,27,881197687,9008d19f58aabd9ed0d60971565aa8510560ab41,2,41335036281,41335.036281000000
2024-06-01,28,948531798,ff768d53f1c652f321075a14967a423221467908,2,25897335994,25897.335994000000
2024-06-01,29,907551762,41c6beb49d2d471c1f6889c800c6ae92c6d1abb3,2,20000000000,20000.000000000000
2024-06-01,30,939858701,401def1e16bf9c96935efc03e53cde24d9ea0fdb,2,10000000000,10000.0000000000000000
2024-06-01,31,1663246624,cf5540fffcdc3d510b18bfca6d2b9987b0772559,2,9117944561,9117.9445610000000000
2024-06-01,32,603693426,ccc6cb49c8bf20c09a554a629dcbafeef16fca08,2,802000000,802.0000000000000000
2024-06-01,33,1685736544,2dfadab8266483bed9fd9a292ce56596a2d1378d,2,645834925,645.8349250000000000
2024-06-01,34,588598077,52d63a71944b229abc2507a0d6e6767d10c142e2,2,148146400,148.1464000000000000
2024-06-01,35,739542908,e25a329d385f77df5d4ed56265babe2b99a5436e,1,9999999140000,9999999.140000000000
2024-06-01,36,1809658138,367c42a6f261ec54ffbecf5f41c226be12a3dca0,1,951182000000,951182.000000000000
2024-06-01,37,1843987934,383e6b4437b59fff47b619cba855ca29342a8559,1,500985001497,500985.001497000000
2024-06-01,38,1780434575,a9c0cded336699547aac4f9de5a11ada979bc59a,1,111606870393,111606.870393000000
2024-06-01,39,1993547774,6a50353e2b7f2f96a7c5680c51b9f32565b04195,1,88443955968,88443.955968000000
2024-06-01,40,2020978733,d5e74de4385ef0eb1bb4db05a6a504f04d92e79d,1,50009405990,50009.405990000000
2024-06-01,41,1007022309,a96853390c776ce8307b46b4d1a857ab310ab018,1,50000000000,50000.000000000000
2024-06-01,42,1728729509,f081470f5c6fbccf48cc4e5b82dd926409dcdd67,1,10019272242,10019.2722420000000000
2024-06-01,43,422101078,b8bfbdf90365234b331785264bbd1dbda053af05,1,9100000000,9100.0000000000000000
2024-06-01,44,1643855077,4874217fa2a27f1ab5553d0905350a0a38306599,1,5002998180,5002.9981800000000000
2024-06-01,45,1215764398,5deaef6ecbd02b91da53f4bff07040ae23a8c907,1,3513155115,3513.1551150000000000
2024-06-01,46,893398926,def171fe48cf0115b1d80b88dc8eab59176fee57,1,3446147889,3446.1478890000000000
2024-06-01,47,1862811914,85d81ee851d36423a5784cd3cb6f1a1193cb5978,1,3302911838,3302.9118380000000000
2024-06-01,48,1723049279,857110b5f8efd66cc3762abb935315630ac770b5,1,2871394952,2871.3949520000000000
2024-06-01,49,4402848,c08242f0b01270c5f7fc926b8effdfffe727a7b6,1,997080000,997.0800000000000000
2024-06-01,50,1350069544,ad854616e67959d7f8f8ff481740d0f2621329d5,1,751560000,751.5600000000000000
2024-06-01,51,952234396,6e6306c5539ff3a8c12dae649af779aa8fc2b9ff,1,580000000,580.0000000000000000
2024-06-01,52,1929184393,9364eb9642da85d9133349d9d001dc7fa08d4e32,1,457730000,457.7300000000000000
2024-06-01,53,1854474421,4e4f5e78899e7072224c50499c8d17f4cbee29d5,1,265293841,265.2938410000000000
2024-06-01,54,925259746,97341d987242f1868fac13e5b205fc10e283e70b,1,200000000,200.0000000000000000
2024-06-01,55,2038028005,2dd2657efcedb2746b6a02e8ef12883a10bb66ad,1,95000000,95.0000000000000000
2024-06-01,56,985786767,e27f66e47081dc36dc418ca1b58b78c4ccd5bae0,1,50000000,50.0000000000000000
2024-06-01,57,2042454680,6b486878afb21cbc0b34964825654d6b59f7a2b0,1,47636324,47.6363240000000000
2024-06-01,58,696300743,aff39c9e8575fea2a95844f905466d76ec4b78b8,1,40000000,40.0000000000000000
2024-06-01,59,1654982299,a9b08b4ceec1ef29edec7f9c94583270337d6416,1,31589084,31.5890840000000000
2024-06-01,60,793928860,c36442b4a4522e871399cd717abdd847ab11fe88,1,30667488,30.6674880000000000
2024-06-01,61,916097869,3ee18b2214aff97000d974cf647e7c347e8fa585,1,25000000,25.0000000000000000
2024-06-01,62,1949560848,d34f59e172cf3915f56c96a3037ac554a7399d77,1,16707146,16.7071460000000000
2024-06-01,63,1887696820,091b364808a0059da4043646c75421ac4a940282,1,10000000,10.0000000000000000
2024-06-01,64,1703026290,4a4d2410c3d4cfa8dd0d275bedefbd2f7b61ba2e,1,2897766,2.8977660000000000
2024-06-01,65,2043728594,22354b70596e9638c32e8b6cc5d01716396617c4,1,18081,0.01808100000000000000
2024-07-01,1,1250544290,a9d1e08c7793af67e9d92fe308d5697fb81d3e43,1109,883647549961,883647.549961000000
2024-07-01,2,616036061,74de5d4fcbf63e00296fd95d33236b9794016631,42,25254596992,25254.596992000000
2024-07-01,3,1506781294,974026e01660d11b5b5f08394806b619702ac35c,26,215473787346,215473.787346000000
2024-07-01,4,546716445,22f9dcf4647084d6c31b2765f6910cd85c178c18,26,5059754190,5059.7541900000000000
2024-07-01,5,1381791786,1111111254eeb25477b68fb85ed929f73a960582,20,31465071602,31465.071602000000
2024-07-01,6,1723592854,13394005c1012e708fce1eb974f1130fdc73a5ce,19,8882303492,8882.3034920000000000
2024-07-01,7,1586252096,3fc91a3afd70395cd496c647d5a6cc9d4b2b7fad,18,33249047215,33249.047215000000
2024-07-01,8,1899839451,0c0d01abf3e6adfca0989ebba9d6e85dd58eab1e,17,579613848316,579613.848316000000
2024-07-01,9,934876971,378ba9b73309be80bf4c2c027aad799766a7ed5a,16,2566316186,2566.3161860000000000
2024-07-01,10,1899934735,111111125421ca6dc452d289314280a0f8842a65,12,618845564575,618845.564575000000
2024-07-01,11,2004747019,a3222357a0eccf60c73606170be6c99adecb59b3,12,3366972214,3366.9722140000000000
2024-07-01,12,881197687,9008d19f58aabd9ed0d60971565aa8510560ab41,10,1389474687406,1389474.687406000000
2024-07-01,13,2046320383,dd2e0d86a45e4ef9bd490c2809e6405720cc357c,10,6726272097,6726.2720970000000000
2024-07-01,14,867588846,4a14347083b80e5216ca31350a2d21702ac3650d,9,24929093414,24929.093414000000
2024-07-01,15,759398816,d0ac2cd3f50b3b7b48a6e4fda1dfea9a26085605,9,2534000000,2534.0000000000000000
2024-07-01,16,1843987934,383e6b4437b59fff47b619cba855ca29342a8559,8,683894735172,683894.735172000000
2024-07-01,17,2035542474,8ce5ae1fce8ddafd24df1894be9600b43042ac92,8,2874802042,2874.8020420000000000
2024-07-01,18,968003125,1111111254fb6c44bac0bed2854e76f90643097d,7,545697329,545.6973290000000000
2024-07-01,19,2088341827,16c6521dff6bab339122a0fe25a9116693265353,6,236277857011,236277.857011000000
2024-07-01,20,1475740312,48ec5560bfd59b95859965cce48cc244cfdf6b0c,6,456425000,456.4250000000000000
2024-07-01,21,1896489093,2508e0cd16a6f44fae56970c2b0812dd0f1e7faf,5,6288597636,6288.5976360000000000
2024-07-01,22,840272948,e66b31678d6c16e9ebf358268a790b763c133750,5,271074258,271.0742580000000000
2024-07-01,23,2020978733,d5e74de4385ef0eb1bb4db05a6a504f04d92e79d,4,528135878333,528135.878333000000
2024-07-01,24,1866760884,675d37489a7a64c051d0204e5c72a469f6558a47,4,29513010,29.5130100000000000
2024-07-01,25,916097869,3ee18b2214aff97000d974cf647e7c347e8fa585,3,31004926621,31004.926621000000
2024-07-01,26,1844716471,bbbbbbbbbb9cc5e90e3b3af64bdaf62c37eeffcb,3,11200000000,11200.000000000000
2024-07-01,27,1703836594,d3f5c377a8506af29aeafbc90d1e5c6534f197b4,3,10478837238,10478.837238000000
2024-07-01,28,2051916277,7c39a136ea20b3483e402ea031c1f3c019bab24b,3,6578542598,6578.5425980000000000
2024-07-01,29,2061577383,9c99d18486b68b1efa38643687571ef4d976d217,3,2911677533,2911.6775330000000000
2024-07-01,30,1809658138,367c42a6f261ec54ffbecf5f41c226be12a3dca0,3,246000000,246.0000000000000000
2024-07-01,31,1589371703,a2fde9de6e6ebfe068d3ec0b515669817a9c3808,3,198052152,198.0521520000000000
2024-07-01,32,2053912594,a2bcd1a4efbd04b63cd03f5aff2561106ebcce00,3,19493676,19.4936760000000000
2024-07-01,33,1964733324,0a5ea26fdd38cf2acb06dc64198374c337879dab,2,13164977154249,13164977.154249000000
2024-07-01,34,893398926,def171fe48cf0115b1d80b88dc8eab59176fee57,2,97568519215,97568.519215000000
2024-07-01,35,1663246624,cf5540fffcdc3d510b18bfca6d2b9987b0772559,2,85042962665,85042.962665000000
2024-07-01,36,2057696270,88470174477d5ffa56758162781f96a85c62cdb8,2,50000000000,50000.000000000000
2024-07-01,37,2080679857,a9048585166f4f7c4589ade19567bb538035ed36,2,35802034456,35802.034456000000
2024-07-01,38,1636575522,69460570c93f9de5e2edbc3052bf10125f0ca22d,2,8604736905,8604.7369050000000000
2024-07-01,39,1113847572,663dc15d3c1ac63ff12e45ab68fea3f0a883c251,2,5008047548,5008.0475480000000000
2024-07-01,40,1364872031,1231deb6f5749ef6ce6943a275a1d3e7486f4eae,2,1914363442,1914.3634420000000000
2024-07-01,41,1402667337,993bcfc6ce013417fe3529ac31e09c5c71ae4259,2,225289229,225.2892290000000000
2024-07-01,42,1742888369,e37e799d5077682fa0a244d46e5649f71457bd09,2,135406534,135.4065340000000000
2024-07-01,43,2080775449,acd48c5c32041e76229e4df62186e936479e05d5,2,44063790,44.0637900000000000
2024-07-01,44,1543101446,6aa981bff95edfea36bdae98c26b274ffcafe8d3,2,22420,0.02242000000000000000
2024-07-01,45,1608787768,ad3b67bca8935cb510c8d18bd45f0b94f54a968f,1,200127464312,200127.464312000000
2024-07-01,46,1643855077,4874217fa2a27f1ab5553d0905350a0a38306599,1,149250000000,149250.000000000000
2024-07-01,47,1728729509,f081470f5c6fbccf48cc4e5b82dd926409dcdd67,1,25414003921,25414.003921000000
2024-07-01,48,765147013,df15ddb8a27e689f3b43d60c3bf13c3f312d388a,1,18475894900,18475.894900000000
2024-07-01,49,1744047159,0601c0c4aeb4a3a126f47ac3c940c4a82231ff72,1,10000000000,10000.0000000000000000
2024-07-01,50,2054943978,6a000f20005980200259b80c5102003040001068,1,6963974185,6963.9741850000000000
2024-07-01,51,2068491642,0f4a1d7fdf4890be35e71f3e0bbc4a0ec377eca3,1,6802046643,6802.0466430000000000
2024-07-01,52,1911778548,e07a16358aa878cbda2d49a88e5106871e0db307,1,6499498668,6499.4986680000000000
2024-07-01,53,907551762,41c6beb49d2d471c1f6889c800c6ae92c6d1abb3,1,5000000000,5000.0000000000000000
2024-07-01,54,1168079369,3ff62985913f76b71410752ad609769a809578be,1,3600200311,3600.2003110000000000
2024-07-01,55,77592,32e2f310dd2996ac37fe0ce255e5ce1c1ffcda76,1,3448400000,3448.4000000000000000
2024-07-01,56,2112225516,25b81ce58ab0c4877d25a96ad644491ceab81048,1,2496954995,2496.9549950000000000
2024-07-01,57,948531798,ff768d53f1c652f321075a14967a423221467908,1,1272232430,1272.2324300000000000
2024-07-01,58,1862811914,85d81ee851d36423a5784cd3cb6f1a1193cb5978,1,1174129508,1174.1295080000000000
2024-07-01,59,1821671758,f8d390f23b06d420daa629d3b6a9a24bd27c1ef3,1,990369995,990.3699950000000000
2024-07-01,60,603693426,ccc6cb49c8bf20c09a554a629dcbafeef16fca08,1,800000000,800.0000000000000000
2024-07-01,61,2073050976,6c9b06cb243f0fb9a535a90414721deab9970879,1,600000000,600.0000000000000000
2024-07-01,62,835503551,0417c4aa75e9b8ae705bae417a30990501314179,1,257993434,257.9934340000000000
2024-07-01,63,1689899032,f313d711d71eb9a607b4a61a827a9e32a7846621,1,124335029,124.3350290000000000
2024-07-01,64,2015829863,dc9c2e95811b183752a1c5893182904d4fa7e781,1,100130000,100.1300000000000000
2024-07-01,65,1016215484,7e768f35e52aae47fea86d1ea7ad05ee263c62ec,1,100000000,100.0000000000000000
2024-07-01,66,250135070,7bfca252bff95f218eca93f5d042b85d7195fa6a,1,74631369,74.6313690000000000
2024-07-01,67,1734350848,f0d4c12a5768d806021f80a262b4d39d26c58b8d,1,65209478,65.2094780000000000
2024-07-01,68,527490660,944c8e0c05aa90c3c03c16b0703ff66e2ecaa2fa,1,48718099,48.7180990000000000
2024-07-01,69,214083646,c5bd9a72af6c3cad9a8df9b55515353553609ca7,1,39999990,39.9999900000000000
2024-07-01,70,925259746,97341d987242f1868fac13e5b205fc10e283e70b,1,20000000,20.0000000000000000
2024-07-01,71,1947919507,1cfd55b818a34ffa135f0ffc2dc6a790decd6079,1,10853481,10.8534810000000000
2024-07-01,72,2088225391,de789187e7a67337e859d005b38a345a98c891c0,1,10000000,10.0000000000000000
2024-07-01,73,2026681075,4ac4d4db33f33e2b1ffc6ec24438ddd1c79e30e3,1,5523248,5.5232480000000000
2024-07-01,74,1898890786,875bbbbd0514315fc8bddbf9f0f353c8589603d7,1,5503285,5.5032850000000000
2024-07-01,75,1901003526,948589d850721ec78bdcb8359dd4a8e16feb0f31,1,1000000,1.00000000000000000000
2024-07-01,76,1780434575,a9c0cded336699547aac4f9de5a11ada979bc59a,1,148096,0.14809600000000000000
2024-07-01,77,1699176572,51c72848c68a965f66fa7a88855f9f7784502a7f,1,100000,0.10000000000000000000
2024-07-01,78,2050111433,3991ba795fb13a7646a8745f90b0f24ed2443b03,1,784,0.00078400000000000000
2024-08-01,1,1250544290,a9d1e08c7793af67e9d92fe308d5697fb81d3e43,1206,57774423638655,57774423.638655000000
2024-08-01,2,2004747019,a3222357a0eccf60c73606170be6c99adecb59b3,43,29763182805,29763.182805000000
2024-08-01,3,616036061,74de5d4fcbf63e00296fd95d33236b9794016631,40,44471381072,44471.381072000000
2024-08-01,4,1381791786,1111111254eeb25477b68fb85ed929f73a960582,29,18419770255,18419.770255000000
2024-08-01,5,546716445,22f9dcf4647084d6c31b2765f6910cd85c178c18,23,24970436960,24970.436960000000
2024-08-01,6,1723592854,13394005c1012e708fce1eb974f1130fdc73a5ce,21,3911808582,3911.8085820000000000
2024-08-01,7,1586252096,3fc91a3afd70395cd496c647d5a6cc9d4b2b7fad,18,14118757753,14118.757753000000
2024-08-01,8,2132542836,aa4c9d6e5e349f319abb625aa8dca5f52abea757,17,128252684039,128252.684039000000
2024-08-01,9,968003125,1111111254fb6c44bac0bed2854e76f90643097d,17,2015519317,2015.5193170000000000
2024-08-01,10,934876971,378ba9b73309be80bf4c2c027aad799766a7ed5a,17,139035007,139.0350070000000000
2024-08-01,11,1899839451,0c0d01abf3e6adfca0989ebba9d6e85dd58eab1e,14,271850083088,271850.083088000000
2024-08-01,12,2088341827,16c6521dff6bab339122a0fe25a9116693265353,11,697147047564,697147.047564000000
2024-08-01,13,881197687,9008d19f58aabd9ed0d60971565aa8510560ab41,10,255855319135,255855.319135000000
2024-08-01,14,1636575522,69460570c93f9de5e2edbc3052bf10125f0ca22d,10,39031942831,39031.942831000000
2024-08-01,15,1899934735,111111125421ca6dc452d289314280a0f8842a65,8,390622069942,390622.069942000000
2024-08-01,16,2046320383,dd2e0d86a45e4ef9bd490c2809e6405720cc357c,8,4655628756,4655.6287560000000000
2024-08-01,17,1663246624,cf5540fffcdc3d510b18bfca6d2b9987b0772559,7,505935697738,505935.697738000000
2024-08-01,18,1113847572,663dc15d3c1ac63ff12e45ab68fea3f0a883c251,7,943803121,943.8031210000000000
2024-08-01,19,1703836594,d3f5c377a8506af29aeafbc90d1e5c6534f197b4,6,19412545725,19412.545725000000
2024-08-01,20,893398926,def171fe48cf0115b1d80b88dc8eab59176fee57,5,37366822805,37366.822805000000
2024-08-01,21,2136052044,2cfc37c3a9fdc103374c2c343c48fef27c646b0a,5,2844224576,2844.2245760000000000
2024-08-01,22,1843987934,383e6b4437b59fff47b619cba855ca29342a8559,4,29062444704,29062.444704000000
2024-08-01,23,867588846,4a14347083b80e5216ca31350a2d21702ac3650d,4,5239656181,5239.6561810000000000
2024-08-01,24,2112176889,f7831612a18d3cdf811305adec4be50af8bd136b,4,2491666031,2491.6660310000000000
2024-08-01,25,840272948,e66b31678d6c16e9ebf358268a790b763c133750,4,391815726,391.8157260000000000
2024-08-01,26,2068491642,0f4a1d7fdf4890be35e71f3e0bbc4a0ec377eca3,3,68811137984,68811.137984000000
2024-08-01,27,1896489093,2508e0cd16a6f44fae56970c2b0812dd0f1e7faf,3,5440130650,5440.1306500000000000
2024-08-01,28,1475740312,48ec5560bfd59b95859965cce48cc244cfdf6b0c,3,3125730000,3125.7300000000000000
2024-08-01,29,422101078,b8bfbdf90365234b331785264bbd1dbda053af05,3,2500000000,2500.0000000000000000
2024-08-01,30,2128670314,65edcd74c643f7e217e95e9e4e0078372d6b6734,3,218551359,218.5513590000000000
2024-08-01,31,1844716471,bbbbbbbbbb9cc5e90e3b3af64bdaf62c37eeffcb,2,360000000000,360000.000000000000
2024-08-01,32,2020978733,d5e74de4385ef0eb1bb4db05a6a504f04d92e79d,2,304902134460,304902.134460000000
2024-08-01,33,2080679857,a9048585166f4f7c4589ade19567bb538035ed36,2,254125050437,254125.050437000000
2024-08-01,34,916097869,3ee18b2214aff97000d974cf647e7c347e8fa585,2,21822630000,21822.630000000000
2024-08-01,35,2128272180,ae11b95c8ebb5247548c279a00120b0acadc7451,2,16303890482,16303.890482000000
2024-08-01,36,765147013,df15ddb8a27e689f3b43d60c3bf13c3f312d388a,2,10275000000,10275.000000000000
2024-08-01,37,1456474257,6131b5fae19ea4f9d964eac0408e4408b66337b5,2,9963380651,9963.3806510000000000
2024-08-01,38,841511826,e378cc8017a590ec82ab538cb264251b3375dd27,2,7125720062,7125.7200620000000000
2024-08-01,39,2101491020,fcb51642a2a33eafefd79c236480e295ccbd4a44,2,3870323675,3870.3236750000000000
2024-08-01,40,1526126162,2f2dd99235cb728fc79af575f1325eaa270f0c99,2,3049314639,3049.3146390000000000
2024-08-01,41,979820915,0fc9b8b7a341da6b41638c2f58cd1509bfa0afd3,2,2043000000,2043.0000000000000000
2024-08-01,42,966732020,a4d65fd5017bb20904603f0a174bbbd04f81757c,2,981364678,981.3646780000000000
2024-08-01,43,1587123400,a7ca2c8673bcfa5a26d8ceec2887f2cc2b0db22a,2,578694584,578.6945840000000000
2024-08-01,44,28044966,8b53255ae16e0574cfef2901409a004fffe4fca8,2,552324300,552.3243000000000000
2024-08-01,45,1809658138,367c42a6f261ec54ffbecf5f41c226be12a3dca0,2,69000000,69.0000000000000000
2024-08-01,46,1402667337,993bcfc6ce013417fe3529ac31e09c5c71ae4259,2,67859207,67.8592070000000000
2024-08-01,47,2012655865,fb2809a5314473e1165f6b58018e20ed8f07b840,2,3625208,3.6252080000000000
2024-08-01,48,2117626060,88f3e658afb54dbf3ff9c0eb12c91600c10d9ae3,2,2100000,2.1000000000000000
2024-08-01,49,223799481,3a61da6d37493e2f248a6832f49b52af0a6f4fbb,1,2000000000000,2000000.000000000000
2024-08-01,50,1622980510,d5d43b1ff7526439814feafd31a700d1978b3211,1,1445285700000,1445285.700000000000
2024-08-01,51,2085654946,fdb568cc260d089e25507f89b326730fc45e74b5,1,350118475028,350118.475028000000
2024-08-01,52,1852340564,625e92624bc2d88619accc1788365a69767f6200,1,306088106811,306088.106811000000
2024-08-01,53,1889100952,34c0bd5877a5ee7099d0f5688d65f4bb9158bde2,1,199891893510,199891.893510000000
2024-08-01,54,1608787768,ad3b67bca8935cb510c8d18bd45f0b94f54a968f,1,157888802499,157888.802499000000
2024-08-01,55,1862811914,85d81ee851d36423a5784cd3cb6f1a1193cb5978,1,37454319126,37454.319126000000
2024-08-01,56,1738729509,58f63a60ff5ff3cd7d2ac7efe0b9d4436fd4351c,1,10000000000,10000.0000000000000000
2024-08-01,57,2128268721,2c4b05349418ef279184f07590e61af27cf3a86b,1,1723464004,1723.4640040000000000
2024-08-01,58,790807031,3a0b2bff978d3ce69caff9fdb9095bb513ea4d24,1,1300439765,1300.4397650000000000
2024-08-01,59,1685736544,2dfadab8266483bed9fd9a292ce56596a2d1378d,1,999211253,999.2112530000000000
2024-08-01,60,1715474201,78f8bd884c3d738b74b420540659c82f392820e0,1,867534613,867.5346130000000000
2024-08-01,61,603693426,ccc6cb49c8bf20c09a554a629dcbafeef16fca08,1,750000000,750.0000000000000000
2024-08-01,62,2122197304,f2614a233c7c3e7f08b1f887ba133a13f1eb2c55,1,423532557,423.5325570000000000
2024-08-01,63,759398816,d0ac2cd3f50b3b7b48a6e4fda1dfea9a26085605,1,216916706,216.9167060000000000
2024-08-01,64,2061577383,9c99d18486b68b1efa38643687571ef4d976d217,1,201960430,201.9604300000000000
2024-08-01,65,2000318908,adebdced99fa283a437f8e46ee26f5185d7c336c,1,101955550,101.9555500000000000
2024-08-01,66,38624274,a8192f71f0ec42bf8ca501e80475e2287ee54eb1,1,100000000,100.0000000000000000
2024-08-01,67,2124901860,e1a476b573b76210d753c0fdd762ac5fca58ac16,1,84628593,84.6285930000000000
2024-08-01,68,1776318699,604012f5c6f9d87a108dfce2f781784500f14c66,1,80500000,80.5000000000000000
2024-08-01,69,1977844214,a0ec4c4690c2b6975c441c31fade338e79a69cdf,1,80000000,80.0000000000000000
2024-08-01,70,2105845464,55877bd7f2ee37bde55ca4b271a3631f3a7ef121,1,75774834,75.7748340000000000
2024-08-01,71,2021323406,2e7111ef34d39b36ec84c656b947ca746e495ff6,1,50000000,50.0000000000000000
2024-08-01,72,1974214202,96839d5c4d64ef9419352e1c4427b37215790092,1,50000000,50.0000000000000000
2024-08-01,73,1654982299,a9b08b4ceec1ef29edec7f9c94583270337d6416,1,9711983,9.7119830000000000
2024-08-01,74,1831296252,0e464efa2a2d1ddea113ded88a6a2b7b380c1cfe,1,3313505,3.3135050000000000
2024-08-01,75,1364872031,1231deb6f5749ef6ce6943a275a1d3e7486f4eae,1,2554173,2.5541730000000000
2024-08-01,76,2021953311,c88058aa7c210e23e6cc54baba7ba6c51479dd4d,1,2270015,2.2700150000000000
2024-08-01,77,1575373845,d2b1370be27e3d9ad4bca50b825c013f966343ab,1,2000000,2.0000000000000000
2024-08-01,78,1736732058,ff4469f951c05529513f5fec4464cb10d2230be3,1,1329286,1.3292860000000000
2024-08-01,79,1745593842,00589aebfcc0f139d585721a66d01c4fb25a6a1e,1,1000000,1.00000000000000000000
2024-08-01,80,75795325,969d96825eebc717e8019f0b8c481fb34f231f8d,1,1000000,1.00000000000000000000
2024-08-01,81,2053912594,a2bcd1a4efbd04b63cd03f5aff2561106ebcce00,1,802383,0.80238300000000000000
2024-08-01,82,1519195143,314838d6783865908456257c0b07ea4bc272cf98,1,99981,0.09998100000000000000
2024-09-01,1,1250544290,a9d1e08c7793af67e9d92fe308d5697fb81d3e43,1162,4759003601854,4759003.601854000000
2024-09-01,2,2004747019,a3222357a0eccf60c73606170be6c99adecb59b3,82,38538877200,38538.877200000000
2024-09-01,3,616036061,74de5d4fcbf63e00296fd95d33236b9794016631,38,24105728579,24105.728579000000
2024-09-01,4,2132542836,aa4c9d6e5e349f319abb625aa8dca5f52abea757,20,61302491030,61302.491030000000
2024-09-01,5,1381791786,1111111254eeb25477b68fb85ed929f73a960582,20,46684297606,46684.297606000000
2024-09-01,6,546716445,22f9dcf4647084d6c31b2765f6910cd85c178c18,16,3766605852,3766.6058520000000000
2024-09-01,7,1586252096,3fc91a3afd70395cd496c647d5a6cc9d4b2b7fad,15,81118525277,81118.525277000000
2024-09-01,8,968003125,1111111254fb6c44bac0bed2854e76f90643097d,12,10696220106,10696.220106000000
2024-09-01,9,934876971,378ba9b73309be80bf4c2c027aad799766a7ed5a,12,120726966,120.7269660000000000
2024-09-01,10,1550048261,f548a58db6d86d466acd00fc0f6de3b39ea129d7,9,5201191753,5201.1917530000000000
2024-09-01,11,881197687,9008d19f58aabd9ed0d60971565aa8510560ab41,8,450441069834,450441.069834000000
2024-09-01,12,1899839451,0c0d01abf3e6adfca0989ebba9d6e85dd58eab1e,8,19964090009,19964.090009000000
2024-09-01,13,867588846,4a14347083b80e5216ca31350a2d21702ac3650d,8,8059287147,8059.2871470000000000
2024-09-01,14,2088341827,16c6521dff6bab339122a0fe25a9116693265353,7,344592049852,344592.049852000000
2024-09-01,15,1663246624,cf5540fffcdc3d510b18bfca6d2b9987b0772559,6,101437075123,101437.075123000000
2024-09-01,16,2046320383,dd2e0d86a45e4ef9bd490c2809e6405720cc357c,6,4755919540,4755.9195400000000000
2024-09-01,17,1703836594,d3f5c377a8506af29aeafbc90d1e5c6534f197b4,6,1390525017,1390.5250170000000000
2024-09-01,18,1364872031,1231deb6f5749ef6ce6943a275a1d3e7486f4eae,6,1001552021,1001.5520210000000000
2024-09-01,19,1530950356,ade1e3b40b58e51df923cfbffcfb3502a5b07d1a,5,291485189783,291485.189783000000
2024-09-01,20,1008689046,dc71a1bdeabd3c347dc21e9354aff91ad375eb97,5,19486232154,19486.232154000000
2024-09-01,21,1723592854,13394005c1012e708fce1eb974f1130fdc73a5ce,5,2399318957,2399.3189570000000000
2024-09-01,22,907551762,41c6beb49d2d471c1f6889c800c6ae92c6d1abb3,4,7621521759,7621.5217590000000000
2024-09-01,23,422101078,b8bfbdf90365234b331785264bbd1dbda053af05,4,3900000000,3900.0000000000000000
2024-09-01,24,2136052044,2cfc37c3a9fdc103374c2c343c48fef27c646b0a,4,2124734700,2124.7347000000000000
2024-09-01,25,28044966,8b53255ae16e0574cfef2901409a004fffe4fca8,3,59055846374,59055.846374000000
2024-09-01,26,2145165906,12d737470fb3ec6c3deec9b518100bec9d520144,3,25152297529,25152.297529000000
2024-09-01,27,1689899032,f313d711d71eb9a607b4a61a827a9e32a7846621,3,9357514,9.3575140000000000
2024-09-01,28,1843987934,383e6b4437b59fff47b619cba855ca29342a8559,2,35115649532,35115.649532000000
2024-09-01,29,979820915,0fc9b8b7a341da6b41638c2f58cd1509bfa0afd3,2,4298196430,4298.1964300000000000
2024-09-01,30,-12273691,63b809c784f566ae6056b713cee171036088789a,2,4165131457,4165.1314570000000000
2024-09-01,31,1636575522,69460570c93f9de5e2edbc3052bf10125f0ca22d,2,3006190193,3006.1901930000000000
2024-09-01,32,2054943978,6a000f20005980200259b80c5102003040001068,2,1424423037,1424.4230370000000000
2024-09-01,33,1526126162,2f2dd99235cb728fc79af575f1325eaa270f0c99,2,986865618,986.8656180000000000
2024-09-01,34,759398816,d0ac2cd3f50b3b7b48a6e4fda1dfea9a26085605,2,320118070,320.1180700000000000
2024-09-01,35,840272948,e66b31678d6c16e9ebf358268a790b763c133750,2,165317473,165.3174730000000000
2024-09-01,36,1752479314,61aaca3bc0053cce83b124cfa9e99f6b35ff8e5b,2,60000000,60.0000000000000000
2024-09-01,37,739542908,e25a329d385f77df5d4ed56265babe2b99a5436e,1,5224878610000,5224878.610000000000
2024-09-01,38,1789476113,575cb828332adf5f520033bfe587e08ca4bca0ee,1,300046240000,300046.240000000000
2024-09-01,39,2122197304,f2614a233c7c3e7f08b1f887ba133a13f1eb2c55,1,98610306743,98610.306743000000
2024-09-01,40,2000202299,888888888889758f76e7103c6cbf23abbf58f946,1,19768048595,19768.048595000000
2024-09-01,41,1608787768,ad3b67bca8935cb510c8d18bd45f0b94f54a968f,1,17991947429,17991.947429000000
2024-09-01,42,2105845464,55877bd7f2ee37bde55ca4b271a3631f3a7ef121,1,7795930461,7795.9304610000000000
2024-09-01,43,1064507981,2a97cf94e0d35efe30d61c5a354974ebe41c289e,1,5761916754,5761.9167540000000000
2024-09-01,44,1899934735,111111125421ca6dc452d289314280a0f8842a65,1,5322396716,5322.3967160000000000
2024-09-01,45,790807031,3a0b2bff978d3ce69caff9fdb9095bb513ea4d24,1,3432356431,3432.3564310000000000
2024-09-01,46,1490507434,00000000009e50a7ddb7a7b0e2ee6604fd120e49,1,3425487857,3425.4878570000000000
2024-09-01,47,46731761,563153823d702516f92fc24edd9358d6973f60f9,1,1167569080,1167.5690800000000000
2024-09-01,48,2123093209,289d92686e20abdedf258cc2fdf981b0199f9249,1,1050047513,1050.0475130000000000
2024-09-01,49,2105644690,9acc2e91f6603c80f21c3e3c4b3462b8494230a8,1,1000000000,1000.0000000000000000
2024-09-01,50,1599714282,1715a3e4a142d8b698131108995174f37aeba10d,1,596834110,596.8341100000000000
2024-09-01,51,925259746,97341d987242f1868fac13e5b205fc10e283e70b,1,365000000,365.0000000000000000
2024-09-01,52,2061016599,491910aecdbef6ca1ea8af1a39063ba850025951,1,236737136,236.7371360000000000
2024-09-01,53,2101491020,fcb51642a2a33eafefd79c236480e295ccbd4a44,1,150000000,150.0000000000000000
2024-09-01,54,1696446561,00000047bb99ea4d791bb749d970de71ee0b1a34,1,121450682,121.4506820000000000
2024-09-01,55,1673205687,2680c61ccbcc23e26d955d70758cd0b8828346aa,1,118990957,118.9909570000000000
2024-09-01,56,2018557174,a8c1c98aaf99a5dfc907d61b892b2ad624901185,1,111570553,111.5705530000000000
2024-09-01,57,-15032743,df7f48892244c6106ea784609f7de10ab36f9c7e,1,100000000,100.0000000000000000
2024-09-01,58,11145352,5c0ac266833e36e98edb52070bcea5be6c1145c6,1,100000000,100.0000000000000000
2024-09-01,59,-15964848,225a38bc71102999dd13478bfabd7c4d53f2dc17,1,64672619,64.6726190000000000
2024-09-01,60,-18596222,e025bb001204352e820d7f563f7dd4ef741c6293,1,49390000,49.3900000000000000
2024-09-01,61,-3557454,ffc9672da5a562a67f8f159effcf5c5b47d4f83d,1,36000000,36.0000000000000000
2024-09-01,62,1622185968,4060a67ca6dd56fde01cdd78e10a4d8aa5b5026a,1,30628658,30.6286580000000000
2024-09-01,63,-17461818,13a2ea1f79c9237ec4cbe423f5fe945fa912a2ab,1,11752804,11.7528040000000000
2024-09-01,64,2118832244,e87371c6f3813aeff5d37cbafcb592ea19237583,1,10663460,10.6634600000000000
2024-09-01,65,-17926347,974d4336aea62c98350d0109b0303a43fe6dd088,1,10000000,10.0000000000000000
2024-09-01,66,2071305005,a5c1572facd446e61257e0834066c1072155074b,1,10000000,10.0000000000000000
2024-09-01,67,2120200610,373f9437e89ecd5f7589c269a990e402e0cd6894,1,10000000,10.0000000000000000
2024-09-01,68,1634338461,624e0eae50f992127e804f6ae5da6ed970e36167,1,10000000,10.0000000000000000
2024-09-01,69,-18174046,ecca504eab45a1ed1ca438c77778f2d560ee9336,1,9997730,9.9977300000000000
2024-09-01,70,2145174805,70bf6634ee8cb27d04478f184b9b8bb13e5f4710,1,5884800,5.8848000000000000
2024-09-01,71,1947919507,1cfd55b818a34ffa135f0ffc2dc6a790decd6079,1,5394371,5.3943710000000000
2024-09-01,72,1964733324,0a5ea26fdd38cf2acb06dc64198374c337879dab,1,3170000,3.1700000000000000
2024-09-01,73,780095558,ba12222222228d8ba445958a75a0704d566bf2c8,1,1000000,1.00000000000000000000
2024-09-01,74,75795325,969d96825eebc717e8019f0b8c481fb34f231f8d,1,1000000,1.00000000000000000000
2024-09-01,75,595462818,37fd3c367c5d03640b177fcbd7afe18d805dd10e,1,1000000,1.00000000000000000000
2024-09-01,76,1703026290,4a4d2410c3d4cfa8dd0d275bedefbd2f7b61ba2e,1,227945,0.22794500000000000000
2024-09-01,77,1519195143,314838d6783865908456257c0b07ea4bc272cf98,1,100072,0.10007200000000000000
2024-09-01,78,1578835823,2dd9de0ddc7e433f8c50a09929d766fed59eb13a,1,10000,0.01000000000000000000
2024-09-01,79,1704637310,643ea0885875a77bf8dc3e0f3ead866a125276b1,1,241,0.00024100000000000000
2024-09-01,80,587668773,7c050b98d55fa5b2c7dd8b8ec8570bfa55dd044e,1,0,0E-24
2024-10-01,1,1250544290,a9d1e08c7793af67e9d92fe308d5697fb81d3e43,1318,2474298027725,2474298.027725000000
2024-10-01,2,2004747019,a3222357a0eccf60c73606170be6c99adecb59b3,59,28927716236,28927.716236000000
2024-10-01,3,2132542836,aa4c9d6e5e349f319abb625aa8dca5f52abea757,39,134157137765,134157.137765000000
2024-10-01,4,616036061,74de5d4fcbf63e00296fd95d33236b9794016631,29,69672449792,69672.449792000000
2024-10-01,5,2046320383,dd2e0d86a45e4ef9bd490c2809e6405720cc357c,19,37918458170,37918.458170000000
2024-10-01,6,1586252096,3fc91a3afd70395cd496c647d5a6cc9d4b2b7fad,17,23744689776,23744.689776000000
2024-10-01,7,1550048261,f548a58db6d86d466acd00fc0f6de3b39ea129d7,15,14800000000,14800.000000000000
2024-10-01,8,867588846,4a14347083b80e5216ca31350a2d21702ac3650d,13,26560991407,26560.991407000000
2024-10-01,9,1723592854,13394005c1012e708fce1eb974f1130fdc73a5ce,13,2934784340,2934.7843400000000000
2024-10-01,10,1381791786,1111111254eeb25477b68fb85ed929f73a960582,10,193086549960,193086.549960000000
2024-10-01,11,2088341827,16c6521dff6bab339122a0fe25a9116693265353,7,24094862750,24094.862750000000
2024-10-01,12,546716445,22f9dcf4647084d6c31b2765f6910cd85c178c18,7,1468451678,1468.4516780000000000
2024-10-01,13,968003125,1111111254fb6c44bac0bed2854e76f90643097d,7,310401994,310.4019940000000000
2024-10-01,14,881197687,9008d19f58aabd9ed0d60971565aa8510560ab41,6,706462856435,706462.856435000000
2024-10-01,15,1899934735,111111125421ca6dc452d289314280a0f8842a65,5,100417762104,100417.762104000000
2024-10-01,16,1636575522,69460570c93f9de5e2edbc3052bf10125f0ca22d,5,20982042977,20982.042977000000
2024-10-01,17,1844716471,bbbbbbbbbb9cc5e90e3b3af64bdaf62c37eeffcb,4,706001000000,706001.000000000000
2024-10-01,18,1899839451,0c0d01abf3e6adfca0989ebba9d6e85dd58eab1e,3,35906841874,35906.841874000000
2024-10-01,19,893398926,def171fe48cf0115b1d80b88dc8eab59176fee57,3,34135729881,34135.729881000000
2024-10-01,20,1105932400,00000000009726632680fb29d3f7a9734e3010e2,3,13829106651,13829.106651000000
2024-10-01,21,1526126162,2f2dd99235cb728fc79af575f1325eaa270f0c99,3,6998677607,6998.6776070000000000
2024-10-01,22,1703836594,d3f5c377a8506af29aeafbc90d1e5c6534f197b4,3,5391199986,5391.1999860000000000
2024-10-01,23,1475740312,48ec5560bfd59b95859965cce48cc244cfdf6b0c,3,3048490000,3048.4900000000000000
2024-10-01,24,934876971,378ba9b73309be80bf4c2c027aad799766a7ed5a,3,867079130,867.0791300000000000
2024-10-01,25,790807031,3a0b2bff978d3ce69caff9fdb9095bb513ea4d24,3,702090750,702.0907500000000000
2024-10-01,26,739542908,e25a329d385f77df5d4ed56265babe2b99a5436e,2,15156743020000,15156743.020000000000
2024-10-01,27,1663246624,cf5540fffcdc3d510b18bfca6d2b9987b0772559,2,49999376930,49999.376930000000
2024-10-01,28,-15964848,225a38bc71102999dd13478bfabd7c4d53f2dc17,2,10056249629,10056.2496290000000000
2024-10-01,29,979820915,0fc9b8b7a341da6b41638c2f58cd1509bfa0afd3,2,5750000000,5750.0000000000000000
2024-10-01,30,765147013,df15ddb8a27e689f3b43d60c3bf13c3f312d388a,2,2798200000,2798.2000000000000000
2024-10-01,31,2122197304,f2614a233c7c3e7f08b1f887ba133a13f1eb2c55,2,1487326390,1487.3263900000000000
2024-10-01,32,2054943978,6a000f20005980200259b80c5102003040001068,2,1211401841,1211.4018410000000000
2024-10-01,33,915252497,30293ab5213f8996d3d40981acf42558193e37ea,2,181396333,181.3963330000000000
2024-10-01,34,1752479314,61aaca3bc0053cce83b124cfa9e99f6b35ff8e5b,2,170130000,170.1300000000000000
2024-10-01,35,1742888369,e37e799d5077682fa0a244d46e5649f71457bd09,2,94740,0.09474000000000000000
2024-10-01,36,1699176572,51c72848c68a965f66fa7a88855f9f7784502a7f,1,450000000000,450000.000000000000
2024-10-01,37,1964733324,0a5ea26fdd38cf2acb06dc64198374c337879dab,1,350629120000,350629.120000000000
2024-10-01,38,1622980510,d5d43b1ff7526439814feafd31a700d1978b3211,1,92136800000,92136.800000000000
2024-10-01,39,11145352,5c0ac266833e36e98edb52070bcea5be6c1145c6,1,25000000000,25000.000000000000
2024-10-01,40,1504659558,b49749b38081fa66c4c2b14486b666d302847eaf,1,19991126256,19991.126256000000
2024-10-01,41,2068491642,0f4a1d7fdf4890be35e71f3e0bbc4a0ec377eca3,1,9139568672,9139.5686720000000000
2024-10-01,42,841511826,e378cc8017a590ec82ab538cb264251b3375dd27,1,7798606623,7798.6066230000000000
2024-10-01,43,1008689046,dc71a1bdeabd3c347dc21e9354aff91ad375eb97,1,5739985616,5739.9856160000000000
2024-10-01,44,1843987934,383e6b4437b59fff47b619cba855ca29342a8559,1,4995113149,4995.1131490000000000
2024-10-01,45,2145165906,12d737470fb3ec6c3deec9b518100bec9d520144,1,4423772145,4423.7721450000000000
2024-10-01,46,2123093209,289d92686e20abdedf258cc2fdf981b0199f9249,1,1598918732,1598.9187320000000000
2024-10-01,47,1608787768,ad3b67bca8935cb510c8d18bd45f0b94f54a968f,1,1106420992,1106.4209920000000000
2024-10-01,48,1832898144,43b5a6bed6cb2cd46dd8070b67318047318de971,1,891661746,891.6617460000000000
2024-10-01,49,603693426,ccc6cb49c8bf20c09a554a629dcbafeef16fca08,1,700000000,700.0000000000000000
2024-10-01,50,2112176889,f7831612a18d3cdf811305adec4be50af8bd136b,1,495830000,495.8300000000000000
2024-10-01,51,1685736544,2dfadab8266483bed9fd9a292ce56596a2d1378d,1,460950016,460.9500160000000000
2024-10-01,52,1207301,169494dc93e60f7dee524f66239cf700a7986f4d,1,447330000,447.3300000000000000
2024-10-01,53,951188312,ad6c6a8d4f3f146882f139f60691a0b70a7617c5,1,415854173,415.8541730000000000
2024-10-01,54,959726067,4a297482fd62932f076d24bc7d492cb7c86e8f76,1,300000000,300.0000000000000000
2024-10-01,55,1012996966,e0cd7637995ca1d8cd8016fa18e6e2692d94f482,1,202757481,202.7574810000000000
2024-10-01,56,588598077,52d63a71944b229abc2507a0d6e6767d10c142e2,1,88703188,88.7031880000000000
2024-10-01,57,2145174805,70bf6634ee8cb27d04478f184b9b8bb13e5f4710,1,74628575,74.6285750000000000
2024-10-01,58,1082115044,50d78ff04f8a2f51be477b4507f4522d2b689219,1,50000000,50.0000000000000000
2024-10-01,59,1622185968,4060a67ca6dd56fde01cdd78e10a4d8aa5b5026a,1,48670000,48.6700000000000000
2024-10-01,60,1447080441,1dd2c5a28a1babb41c9dbb6ee4194f64486ee6d4,1,40000000,40.0000000000000000
2024-10-01,61,2101491020,fcb51642a2a33eafefd79c236480e295ccbd4a44,1,36962034,36.9620340000000000
2024-10-01,62,1704637310,643ea0885875a77bf8dc3e0f3ead866a125276b1,1,11405253,11.4052530000000000
2024-10-01,63,1047268369,239e435cf2c0c628bcb66d7c7288101d007f8626,1,10000000,10.0000000000000000
2024-10-01,64,2110073124,72ea5ea0d225226d58f6723ad4bc0391122b87c7,1,10000000,10.0000000000000000
2024-10-01,65,-30595540,acad165dad9be83379f95540831c3cf9ef175411,1,9467223,9.4672230000000000
2024-10-01,66,1364872031,1231deb6f5749ef6ce6943a275a1d3e7486f4eae,1,4796489,4.7964890000000000
2024-10-01,67,1703026290,4a4d2410c3d4cfa8dd0d275bedefbd2f7b61ba2e,1,1474361,1.4743610000000000
2024-10-01,68,-75611758,106234fdaa136532bb6d66c0fb7e0c2a582f4b8d,1,123000,0.12300000000000000000
2024-10-01,69,2074396373,a9298e4ab79e68d69069039cb149c2c2ff3d6f0a,1,20954,0.02095400000000000000
2024-11-01,1,1250544290,a9d1e08c7793af67e9d92fe308d5697fb81d3e43,1361,19919025736219,19919025.736219000000
2024-11-01,2,2004747019,a3222357a0eccf60c73606170be6c99adecb59b3,58,104757273533,104757.273533000000
2024-11-01,3,616036061,74de5d4fcbf63e00296fd95d33236b9794016631,26,31795558826,31795.558826000000
2024-11-01,4,1899839451,0c0d01abf3e6adfca0989ebba9d6e85dd58eab1e,17,386373749527,386373.749527000000
2024-11-01,5,1586252096,3fc91a3afd70395cd496c647d5a6cc9d4b2b7fad,16,41443731591,41443.731591000000
2024-11-01,6,1550048261,f548a58db6d86d466acd00fc0f6de3b39ea129d7,15,15927327777,15927.327777000000
2024-11-01,7,2132542836,aa4c9d6e5e349f319abb625aa8dca5f52abea757,14,122877778927,122877.778927000000
2024-11-01,8,2046320383,dd2e0d86a45e4ef9bd490c2809e6405720cc357c,13,51147873087,51147.873087000000
2024-11-01,9,1364872031,1231deb6f5749ef6ce6943a275a1d3e7486f4eae,13,10238813719,10238.813719000000
2024-11-01,10,546716445,22f9dcf4647084d6c31b2765f6910cd85c178c18,11,4332816464,4332.8164640000000000
2024-11-01,11,881197687,9008d19f58aabd9ed0d60971565aa8510560ab41,10,2686286522307,2686286.522307000000
2024-11-01,12,1381791786,1111111254eeb25477b68fb85ed929f73a960582,10,43499855217,43499.855217000000
2024-11-01,13,1723592854,13394005c1012e708fce1eb974f1130fdc73a5ce,9,4115136976,4115.1369760000000000
2024-11-01,14,1636575522,69460570c93f9de5e2edbc3052bf10125f0ca22d,8,15017800413,15017.800413000000
2024-11-01,15,2145174805,70bf6634ee8cb27d04478f184b9b8bb13e5f4710,8,8972336314,8972.3363140000000000
2024-11-01,16,968003125,1111111254fb6c44bac0bed2854e76f90643097d,6,14615204479,14615.204479000000
2024-11-01,17,867588846,4a14347083b80e5216ca31350a2d21702ac3650d,5,11435629017,11435.629017000000
2024-11-01,18,934876971,378ba9b73309be80bf4c2c027aad799766a7ed5a,5,113256187,113.2561870000000000
2024-11-01,19,1844716471,bbbbbbbbbb9cc5e90e3b3af64bdaf62c37eeffcb,4,139400000000,139400.000000000000
2024-11-01,20,2088341827,16c6521dff6bab339122a0fe25a9116693265353,4,33038444572,33038.444572000000
2024-11-01,21,1976284025,f18f923480dc144326e6c65d4f3d47aa459bb41c,4,1464823114,1464.8231140000000000
2024-11-01,22,1663246624,cf5540fffcdc3d510b18bfca6d2b9987b0772559,3,152009425797,152009.425797000000
2024-11-01,23,1475740312,48ec5560bfd59b95859965cce48cc244cfdf6b0c,3,1751850000,1751.8500000000000000
2024-11-01,24,-23494170,d7852e139a7097e119623de0751ae53a61efb442,3,111347514,111.3475140000000000
2024-11-01,25,-103393091,45312ea0eff7e09c83cbe249fa1d7598c4c8cd4e,2,324501186034,324501.186034000000
2024-11-01,26,1008689046,dc71a1bdeabd3c347dc21e9354aff91ad375eb97,2,10012303526,10012.3035260000000000
2024-11-01,27,979820915,0fc9b8b7a341da6b41638c2f58cd1509bfa0afd3,2,6012425431,6012.4254310000000000
2024-11-01,28,790807031,3a0b2bff978d3ce69caff9fdb9095bb513ea4d24,2,3489705743,3489.7057430000000000
2024-11-01,29,759398816,d0ac2cd3f50b3b7b48a6e4fda1dfea9a26085605,2,1337995074,1337.9950740000000000
2024-11-01,30,1526126162,2f2dd99235cb728fc79af575f1325eaa270f0c99,2,461356684,461.3566840000000000
2024-11-01,31,1899934735,111111125421ca6dc452d289314280a0f8842a65,2,129705575,129.7055750000000000
2024-11-01,32,739542908,e25a329d385f77df5d4ed56265babe2b99a5436e,1,21260021570000,21260021.570000000000
2024-11-01,33,1843987934,383e6b4437b59fff47b619cba855ca29342a8559,1,49855928014,49855.928014000000
2024-11-01,34,1843247582,a5588f7cdf560811710a2d82d3c9c99769db1dcb,1,42615938512,42615.938512000000
2024-11-01,35,1964733324,0a5ea26fdd38cf2acb06dc64198374c337879dab,1,32005570000,32005.570000000000
2024-11-01,36,1728729509,f081470f5c6fbccf48cc4e5b82dd926409dcdd67,1,12871433808,12871.433808000000
2024-11-01,37,-15964848,225a38bc71102999dd13478bfabd7c4d53f2dc17,1,9990203521,9990.2035210000000000
2024-11-01,38,1703836594,d3f5c377a8506af29aeafbc90d1e5c6534f197b4,1,5178971941,5178.9719410000000000
2024-11-01,39,1896489093,2508e0cd16a6f44fae56970c2b0812dd0f1e7faf,1,4206593333,4206.5933330000000000
2024-11-01,40,846198490,45180317b52d63077e8ed0c36073c6bf8429a876,1,4206467218,4206.4672180000000000
2024-11-01,41,-21252241,d5f3d7ac636957898bb0bc2dfc25fb12d7760c7d,1,4000000000,4000.0000000000000000
2024-11-01,42,603693426,ccc6cb49c8bf20c09a554a629dcbafeef16fca08,1,2532330000,2532.3300000000000000
2024-11-01,43,11473669,ac7e04b9b3757cd94eaeec4abaa5b754ec2c0f88,1,2000000000,2000.0000000000000000
2024-11-01,44,422101078,b8bfbdf90365234b331785264bbd1dbda053af05,1,1500000000,1500.0000000000000000
2024-11-01,45,-79235780,79cc19b87730d5a5196701a4ec72f8f3129e3de0,1,998600000,998.6000000000000000
2024-11-01,46,1490507434,00000000009e50a7ddb7a7b0e2ee6604fd120e49,1,619164004,619.1640040000000000
2024-11-01,47,595462818,37fd3c367c5d03640b177fcbd7afe18d805dd10e,1,514170320,514.1703200000000000
2024-11-01,48,765147013,df15ddb8a27e689f3b43d60c3bf13c3f312d388a,1,223260000,223.2600000000000000
2024-11-01,49,959726067,4a297482fd62932f076d24bc7d492cb7c86e8f76,1,203961177,203.9611770000000000
2024-11-01,50,588598077,52d63a71944b229abc2507a0d6e6767d10c142e2,1,186019080,186.0190800000000000
2024-11-01,51,1834432354,358b080ec9853655827a981717e6745e8876d45c,1,90000000,90.0000000000000000
2024-11-01,52,2112176889,f7831612a18d3cdf811305adec4be50af8bd136b,1,60000000,60.0000000000000000
2024-11-01,53,-39242998,5774db23edc7a05aaf97403870370f68c1d039db,1,55840000,55.8400000000000000
2024-11-01,54,1543101446,6aa981bff95edfea36bdae98c26b274ffcafe8d3,1,50000000,50.0000000000000000
2024-11-01,55,884206065,f85560dfd986060eea65e29e3d1fc4fa73cdcbfb,1,50000000,50.0000000000000000
2024-11-01,56,603465137,27e121bfb21f631496ad5b9783d049facbdd411e,1,40000000,40.0000000000000000
2024-11-01,57,722460710,dfafa55c52beee3548272e3c2678bdf5b65d33b4,1,40000000,40.0000000000000000
2024-11-01,58,635806346,fe3a509f8e8eb59209cc8c9b90f7b352781e96f4,1,35018127,35.0181270000000000
2024-11-01,59,1252248942,82b4b9cbaf6b3ba941c28eb372ea86024287fd79,1,29110000,29.1100000000000000
2024-11-01,60,-73887342,12db556e5313e3954f146339586dbdfe18dc9467,1,24988596,24.9885960000000000
2024-11-01,61,-81935873,6bb000067005450704003100632eb93ea00c0000,1,20009884,20.0098840000000000
2024-11-01,62,1854858230,bb26ec52ccb8a3d0123f4c9adaef39e3d0ffd506,1,18260000,18.2600000000000000
2024-11-01,63,945391572,2efb650775ac96186a9fbc4f56b44d1a62a0eeed,1,10000000,10.0000000000000000
2024-11-01,64,1689899032,f313d711d71eb9a607b4a61a827a9e32a7846621,1,1004802,1.00480200000000000000
2024-11-01,65,1566629366,caca41c458f48d4d7c710f2e62aee931e149a37d,1,1000000,1.00000000000000000000
2024-11-01,66,2122436706,410b72ccfeacbb20a31785edaa358d25a07e143d,1,267,0.00026700000000000000
2024-12-01,1,1250544290,a9d1e08c7793af67e9d92fe308d5697fb81d3e43,1431,7501592465142,7501592.465142000000
2024-12-01,2,2004747019,a3222357a0eccf60c73606170be6c99adecb59b3,85,127064698912,127064.698912000000
2024-12-01,3,616036061,74de5d4fcbf63e00296fd95d33236b9794016631,23,21502893603,21502.893603000000
2024-12-01,4,1723592854,13394005c1012e708fce1eb974f1130fdc73a5ce,20,9931169622,9931.1696220000000000
2024-12-01,5,2132542836,aa4c9d6e5e349f319abb625aa8dca5f52abea757,19,56731886236,56731.886236000000
2024-12-01,6,1586252096,3fc91a3afd70395cd496c647d5a6cc9d4b2b7fad,18,103876335569,103876.335569000000
2024-12-01,7,1381791786,1111111254eeb25477b68fb85ed929f73a960582,16,180639682720,180639.682720000000
2024-12-01,8,1703836594,d3f5c377a8506af29aeafbc90d1e5c6534f197b4,15,134979025987,134979.025987000000
2024-12-01,9,2145174805,70bf6634ee8cb27d04478f184b9b8bb13e5f4710,13,320638875736,320638.875736000000
2024-12-01,10,1550048261,f548a58db6d86d466acd00fc0f6de3b39ea129d7,13,15850000000,15850.000000000000
2024-12-01,11,1899839451,0c0d01abf3e6adfca0989ebba9d6e85dd58eab1e,11,360378688239,360378.688239000000
2024-12-01,12,934876971,378ba9b73309be80bf4c2c027aad799766a7ed5a,10,213692151,213.6921510000000000
2024-12-01,13,2046320383,dd2e0d86a45e4ef9bd490c2809e6405720cc357c,9,77958627636,77958.627636000000
2024-12-01,14,867588846,4a14347083b80e5216ca31350a2d21702ac3650d,9,36440357637,36440.357637000000
2024-12-01,15,1844716471,bbbbbbbbbb9cc5e90e3b3af64bdaf62c37eeffcb,7,2349100000000,2349100.000000000000
2024-12-01,16,-103393091,45312ea0eff7e09c83cbe249fa1d7598c4c8cd4e,5,944605590429,944605.590429000000
2024-12-01,17,1663246624,cf5540fffcdc3d510b18bfca6d2b9987b0772559,5,242172412479,242172.412479000000
2024-12-01,18,881197687,9008d19f58aabd9ed0d60971565aa8510560ab41,5,232734070096,232734.070096000000
2024-12-01,19,1843987934,383e6b4437b59fff47b619cba855ca29342a8559,5,51078898650,51078.898650000000
2024-12-01,20,2018557174,a8c1c98aaf99a5dfc907d61b892b2ad624901185,3,154224161114,154224.161114000000
2024-12-01,21,1636575522,69460570c93f9de5e2edbc3052bf10125f0ca22d,3,7992852708,7992.8527080000000000
2024-12-01,22,1008689046,dc71a1bdeabd3c347dc21e9354aff91ad375eb97,3,6441502853,6441.5028530000000000
2024-12-01,23,2069557723,f18122bd76d138e0b9c48f4a0aa32a92771f0d85,3,3001775948,3001.7759480000000000
2024-12-01,24,1976284025,f18f923480dc144326e6c65d4f3d47aa459bb41c,3,1759575977,1759.5759770000000000
2024-12-01,25,1896489093,2508e0cd16a6f44fae56970c2b0812dd0f1e7faf,3,1110000000,1110.0000000000000000
2024-12-01,26,2145165906,12d737470fb3ec6c3deec9b518100bec9d520144,3,15276973,15.2769730000000000
2024-12-01,27,1899934735,111111125421ca6dc452d289314280a0f8842a65,2,198577724747,198577.724747000000
2024-12-01,28,1364872031,1231deb6f5749ef6ce6943a275a1d3e7486f4eae,2,16068948433,16068.948433000000
2024-12-01,29,1475740312,48ec5560bfd59b95859965cce48cc244cfdf6b0c,2,15989730000,15989.730000000000
2024-12-01,30,2106851551,c38e4e6a15593f908255214653d3d947ca1c2338,2,6063943729,6063.9437290000000000
2024-12-01,31,-77831430,db9de6adb9789af1221b7837954ee3e2aec89954,2,5473415217,5473.4152170000000000
2024-12-01,32,790807031,3a0b2bff978d3ce69caff9fdb9095bb513ea4d24,2,3962412947,3962.4129470000000000
2024-12-01,33,2035542474,8ce5ae1fce8ddafd24df1894be9600b43042ac92,2,2967831924,2967.8319240000000000
2024-12-01,34,1549649940,5a999cb5b3c3ccf1bc8d28ca76b0e9c14983adf7,2,1456661403,1456.6614030000000000
2024-12-01,35,2122197304,f2614a233c7c3e7f08b1f887ba133a13f1eb2c55,2,655738144,655.7381440000000000
2024-12-01,36,1497386813,d58885fce898e6f7e1122b8660ada1cb010aa31a,2,200000000,200.0000000000000000
2024-12-01,37,1968740906,e3b33976c36f6d59396c5b4c7ae1a73f96e2b995,1,9000000000000,9000000.000000000000
2024-12-01,38,-73887342,12db556e5313e3954f146339586dbdfe18dc9467,1,2048367598026,2048367.598026000000
2024-12-01,39,1964733324,0a5ea26fdd38cf2acb06dc64198374c337879dab,1,798790220000,798790.220000000000
2024-12-01,40,1715474201,78f8bd884c3d738b74b420540659c82f392820e0,1,100582052087,100582.052087000000
2024-12-01,41,1728729509,f081470f5c6fbccf48cc4e5b82dd926409dcdd67,1,100300855909,100300.855909000000
2024-12-01,42,-136048499,81463b0f960f247f704377661ec81c1fd65b5128,1,85008729083,85008.729083000000
2024-12-01,43,1843247582,a5588f7cdf560811710a2d82d3c9c99769db1dcb,1,52084474978,52084.474978000000
2024-12-01,44,1741962330,048060a5d996d20997e80f5b082de8ce5da3f852,1,50000000000,50000.000000000000
2024-12-01,45,1490507434,00000000009e50a7ddb7a7b0e2ee6604fd120e49,1,23752787194,23752.787194000000
2024-12-01,46,765147013,df15ddb8a27e689f3b43d60c3bf13c3f312d388a,1,19995584290,19995.584290000000
2024-12-01,47,1919949845,2a9a8736eab7a426e1d0ee5c1969620c68c20dac,1,16460000000,16460.000000000000
2024-12-01,48,1834432354,358b080ec9853655827a981717e6745e8876d45c,1,15310000000,15310.000000000000
2024-12-01,49,-93330902,e0526bff2aeacbe5dd2a0c98b0276144d14f932a,1,14755578700,14755.578700000000
2024-12-01,50,1113847572,663dc15d3c1ac63ff12e45ab68fea3f0a883c251,1,9570396909,9570.3969090000000000
2024-12-01,51,2080679857,a9048585166f4f7c4589ade19567bb538035ed36,1,4065998118,4065.9981180000000000
2024-12-01,52,-121790227,6281edde479d71387bcad632ac256dc87d4113f9,1,3983806957,3983.8069570000000000
2024-12-01,53,945823832,6352a56caadc4f1e25cd6c75970fa768a3304e64,1,3431704913,3431.7049130000000000
2024-12-01,54,1526126162,2f2dd99235cb728fc79af575f1325eaa270f0c99,1,2027492924,2027.4929240000000000
2024-12-01,55,-85618796,0de1c9063d4f18bc24bedb7f6899473944a8bbb2,1,1936050000,1936.0500000000000000
2024-12-01,56,759398816,d0ac2cd3f50b3b7b48a6e4fda1dfea9a26085605,1,1400000000,1400.0000000000000000
2024-12-01,57,968003125,1111111254fb6c44bac0bed2854e76f90643097d,1,1232531278,1232.5312780000000000
2024-12-01,58,422101078,b8bfbdf90365234b331785264bbd1dbda053af05,1,999999990,999.9999900000000000
2024-12-01,59,578061237,31b47a0b0a98d0bb7524985577ec605e5a2a99d5,1,597554135,597.5541350000000000
2024-12-01,60,995382819,704beb2e7613683d133c446cd80cac267e0d2d16,1,495000000,495.0000000000000000
2024-12-01,61,829893565,69224b7fe305ed7e7b03a53e4b2ff08a7c73a961,1,400686584,400.6865840000000000
2024-12-01,62,2142620231,265936cb49db9aea4cb0780153f43981b0f003b9,1,333336844,333.3368440000000000
2024-12-01,63,-141996774,975eebf9bc3acdeadee61659960658cfc6cebed9,1,161390000,161.3900000000000000
2024-12-01,64,1608787768,ad3b67bca8935cb510c8d18bd45f0b94f54a968f,1,85380675,85.3806750000000000
2024-12-01,65,-23494170,d7852e139a7097e119623de0751ae53a61efb442,1,78667972,78.6679720000000000
2024-12-01,66,723195864,a6d4462a24d0cac66bf6cb679efe3b90cf741f75,1,49698154,49.6981540000000000
2024-12-01,67,1010136225,38484953b0adaeb3b5fe20c1722b1f8e1e069aa9,1,38250000,38.2500000000000000
2024-12-01,68,1168079369,3ff62985913f76b71410752ad609769a809578be,1,26754546,26.7545460000000000
2024-12-01,69,1047268369,239e435cf2c0c628bcb66d7c7288101d007f8626,1,26000000,26.0000000000000000
2024-12-01,70,1633513432,8ebb112023b4a23c42d8bc74a6c007a54dc7ece3,1,21000000,21.0000000000000000
2024-12-01,71,465460920,8310d41dae94387253805312029b2e01c7398058,1,15000000,15.0000000000000000
2024-12-01,72,2054943978,6a000f20005980200259b80c5102003040001068,1,6627746,6.6277460000000000
2024-12-01,73,739542908,e25a329d385f77df5d4ed56265babe2b99a5436e,1,5000000,5.0000000000000000
2024-12-01,74,546716445,22f9dcf4647084d6c31b2765f6910cd85c178c18,1,2728889,2.7288890000000000
2024-12-01,75,1704637310,643ea0885875a77bf8dc3e0f3ead866a125276b1,1,2214807,2.2148070000000000
2024-12-01,76,-61743306,3451b6b219478037a1ac572706627fc2bda1e812,1,1603860,1.6038600000000000
2024-12-01,77,-148073324,5141b82f5ffda4c6fe1e372978f1c5427640a190,1,1188780,1.1887800000000000
2024-12-01,78,-108261165,8e0d59322d781a2230dee269098711b5b5d6b9d7,1,10011,0.01001100000000000000
2025-01-01,1,1250544290,a9d1e08c7793af67e9d92fe308d5697fb81d3e43,1843,4912157833558,4912157.833558000000
2025-01-01,2,2004747019,a3222357a0eccf60c73606170be6c99adecb59b3,77,149493410627,149493.410627000000
2025-01-01,3,-168114692,7cfdeb2def0fa6810eda0ac17c2a4e2f9e12db4f,65,852137,0.85213700000000000000
2025-01-01,4,616036061,74de5d4fcbf63e00296fd95d33236b9794016631,25,50775291846,50775.291846000000
2025-01-01,5,1381791786,1111111254eeb25477b68fb85ed929f73a960582,23,7688716301,7688.7163010000000000
2025-01-01,6,2145174805,70bf6634ee8cb27d04478f184b9b8bb13e5f4710,22,82364847014,82364.847014000000
2025-01-01,7,2046320383,dd2e0d86a45e4ef9bd490c2809e6405720cc357c,20,148811056280,148811.056280000000
2025-01-01,8,2132542836,aa4c9d6e5e349f319abb625aa8dca5f52abea757,16,49847667725,49847.667725000000
2025-01-01,9,1586252096,3fc91a3afd70395cd496c647d5a6cc9d4b2b7fad,15,71558150250,71558.150250000000
2025-01-01,10,1723592854,13394005c1012e708fce1eb974f1130fdc73a5ce,15,12829773269,12829.773269000000
2025-01-01,11,1550048261,f548a58db6d86d466acd00fc0f6de3b39ea129d7,13,12950000000,12950.000000000000
2025-01-01,12,867588846,4a14347083b80e5216ca31350a2d21702ac3650d,12,25866184064,25866.184064000000
2025-01-01,13,1844716471,bbbbbbbbbb9cc5e90e3b3af64bdaf62c37eeffcb,9,2637005000000,2637005.000000000000
2025-01-01,14,881197687,9008d19f58aabd9ed0d60971565aa8510560ab41,8,233588172985,233588.172985000000
2025-01-01,15,1703836594,d3f5c377a8506af29aeafbc90d1e5c6534f197b4,7,54502211697,54502.211697000000
2025-01-01,16,28044966,8b53255ae16e0574cfef2901409a004fffe4fca8,7,35150005821,35150.005821000000
2025-01-01,17,934876971,378ba9b73309be80bf4c2c027aad799766a7ed5a,7,170185569,170.1855690000000000
2025-01-01,18,1364872031,1231deb6f5749ef6ce6943a275a1d3e7486f4eae,6,35001229697,35001.229697000000
2025-01-01,19,1843987934,383e6b4437b59fff47b619cba855ca29342a8559,4,963796848401,963796.848401000000
2025-01-01,20,2054943978,6a000f20005980200259b80c5102003040001068,4,163255964018,163255.964018000000
2025-01-01,21,1899839451,0c0d01abf3e6adfca0989ebba9d6e85dd58eab1e,4,101187076415,101187.076415000000
2025-01-01,22,2035542474,8ce5ae1fce8ddafd24df1894be9600b43042ac92,4,4952808446,4952.8084460000000000
2025-01-01,23,546716445,22f9dcf4647084d6c31b2765f6910cd85c178c18,4,27464092,27.4640920000000000
2025-01-01,24,465460920,8310d41dae94387253805312029b2e01c7398058,3,9990491104,9990.4911040000000000
2025-01-01,25,1526126162,2f2dd99235cb728fc79af575f1325eaa270f0c99,3,3586238513,3586.2385130000000000
2025-01-01,26,1899934735,111111125421ca6dc452d289314280a0f8842a65,2,99953282843,99953.282843000000
2025-01-01,27,1663246624,cf5540fffcdc3d510b18bfca6d2b9987b0772559,2,60931734983,60931.734983000000
2025-01-01,28,-164367251,6121591077dc6898ffd7216ea1b56cb890b3f84d,2,38087329168,38087.329168000000
2025-01-01,29,1000481186,56cb7c468adf7706a7a9f0ef168f935c796edec8,2,4807130862,4807.1308620000000000
2025-01-01,30,1105932400,00000000009726632680fb29d3f7a9734e3010e2,2,1158639371,1158.6393710000000000
2025-01-01,31,1331609912,bd6c7b0d2f68c2b7805d88388319cfb6ecb50ea9,2,269198120,269.1981200000000000
2025-01-01,32,-171166388,2aced7e2c6b9617f7fd8f117bc4e52c954b26765,2,247298549,247.2985490000000000
2025-01-01,33,1968740906,e3b33976c36f6d59396c5b4c7ae1a73f96e2b995,1,30013705169448,30013705.169448000000
2025-01-01,34,2068491642,0f4a1d7fdf4890be35e71f3e0bbc4a0ec377eca3,1,103036369076,103036.369076000000
2025-01-01,35,-93330902,e0526bff2aeacbe5dd2a0c98b0276144d14f932a,1,88576880408,88576.880408000000
2025-01-01,36,1852340564,625e92624bc2d88619accc1788365a69767f6200,1,75044387448,75044.387448000000
2025-01-01,37,2000202299,888888888889758f76e7103c6cbf23abbf58f946,1,21596937656,21596.937656000000
2025-01-01,38,-113806753,545e09ce00e7e7817b5ff20f4af538e9bb505656,1,20093527874,20093.527874000000
2025-01-01,39,1964733324,0a5ea26fdd38cf2acb06dc64198374c337879dab,1,9995290000,9995.2900000000000000
2025-01-01,40,458975333,55d492bc857ef93345e068ae741e5f0dd38d2293,1,7214445723,7214.4457230000000000
2025-01-01,41,422101078,b8bfbdf90365234b331785264bbd1dbda053af05,1,3500000000,3500.0000000000000000
2025-01-01,42,2122197304,f2614a233c7c3e7f08b1f887ba133a13f1eb2c55,1,3100153389,3100.1533890000000000
2025-01-01,43,1475740312,48ec5560bfd59b95859965cce48cc244cfdf6b0c,1,3088792200,3088.7922000000000000
2025-01-01,44,11011049,a7d0658aaf933d17aff1e977e4724abad9be35fc,1,2298498571,2298.4985710000000000
2025-01-01,45,2105644690,9acc2e91f6603c80f21c3e3c4b3462b8494230a8,1,1010000000,1010.0000000000000000
2025-01-01,46,2145165906,12d737470fb3ec6c3deec9b518100bec9d520144,1,999761448,999.7614480000000000
2025-01-01,47,2061959543,5b93d80da1a359340d1f339fb574bdc56763f995,1,983001976,983.0019760000000000
2025-01-01,48,-103393091,45312ea0eff7e09c83cbe249fa1d7598c4c8cd4e,1,849987372,849.9873720000000000
2025-01-01,49,2120476072,371a339d21a45d874f1399a4e060b6931f423e8c,1,696964515,696.9645150000000000
2025-01-01,50,2057696270,88470174477d5ffa56758162781f96a85c62cdb8,1,666173582,666.1735820000000000
2025-01-01,51,-156120217,7d2596feca11f0f146b2aec23e3e0c193293ce45,1,500237613,500.2376130000000000
2025-01-01,52,-163456255,0c3087a3bd4ac84d4ad7d5a92d0bb1fdc5a9136f,1,265000000,265.0000000000000000
2025-01-01,53,-53707975,d5c7176ec638ef466c2fee761762d9eab673997d,1,177961640,177.9616400000000000
2025-01-01,54,-153768826,8c9cba473a4c5439c1fa3577b57ab81058a893fb,1,95710000,95.7100000000000000
2025-01-01,55,2045702887,f182cd572aa075111328d796f2dad73d25543493,1,50000000,50.0000000000000000
2025-01-01,56,-95590107,53b7ee1db8fd665e11c2e36acfb2bb88ab44ac45,1,50000000,50.0000000000000000
2025-01-01,57,724538195,5966a41fd8588ae21fd0a01db36d1ba8c07d1ea5,1,40000000,40.0000000000000000
2025-01-01,58,746786118,b882ff2a69b92f857c841df7bcdd02440c337dd1,1,40000000,40.0000000000000000
2025-01-01,59,-132587901,0bc94971061ceb923f23ed866b8067c2e0721ef9,1,26810000,26.8100000000000000
2025-01-01,60,1202652847,35a398425d9f1029021a92bc3d2557d42c8588d7,1,23210132,23.2101320000000000
2025-01-01,61,2136520571,d53e31924d0cfda200769ba80ae6b383dfec92bb,1,15093784,15.0937840000000000
2025-01-01,62,2010271079,75a18eec183795af3c82a4dee8639606c0e31e58,1,10272766,10.2727660000000000
2025-01-01,63,-18702026,57179e115f8bf1e96e6ed977e7344ec1fe04c16e,1,10000000,10.0000000000000000
2025-01-01,64,1113847572,663dc15d3c1ac63ff12e45ab68fea3f0a883c251,1,9988955,9.9889550000000000
2025-01-01,65,1685736544,2dfadab8266483bed9fd9a292ce56596a2d1378d,1,9152778,9.1527780000000000
2025-01-01,66,1636575522,69460570c93f9de5e2edbc3052bf10125f0ca22d,1,5020300,5.0203000000000000
2025-01-01,67,1704637310,643ea0885875a77bf8dc3e0f3ead866a125276b1,1,3795158,3.7951580000000000
2025-01-01,68,-155367938,4d21d8287ad79716cc211efd835c2f28fec1d24b,1,2000000,2.0000000000000000
2025-01-01,69,-164422572,fa0e06b54986ad96de87a8c56fea76fbd8d493f8,1,1000000,1.00000000000000000000
2025-01-01,70,1543101446,6aa981bff95edfea36bdae98c26b274ffcafe8d3,1,799704,0.79970400000000000000
2025-01-01,71,-186006931,688e72142674041f8f6af4c808a4045ca1d6ac82,1,100,0.000100000000000000000000
2025-01-01,72,945823832,6352a56caadc4f1e25cd6c75970fa768a3304e64,1,1,0.000001000000000000000000
2025-02-01,1,1250544290,a9d1e08c7793af67e9d92fe308d5697fb81d3e43,1815,48480182021731,48480182.021731000000
2025-02-01,2,-168114692,7cfdeb2def0fa6810eda0ac17c2a4e2f9e12db4f,210,2831139,2.8311390000000000
2025-02-01,3,881197687,9008d19f58aabd9ed0d60971565aa8510560ab41,85,19472004391524,19472004.391524000000
2025-02-01,4,2004747019,a3222357a0eccf60c73606170be6c99adecb59b3,60,84177587825,84177.587825000000
2025-02-01,5,-194524076,0d0e364aa7852291883c162b22d6d81f6355428f,55,1065583869335,1065583.869335000000
2025-02-01,6,616036061,74de5d4fcbf63e00296fd95d33236b9794016631,47,54247415892,54247.415892000000
2025-02-01,7,2132542836,aa4c9d6e5e349f319abb625aa8dca5f52abea757,34,50003642789,50003.642789000000
2025-02-01,8,2046320383,dd2e0d86a45e4ef9bd490c2809e6405720cc357c,33,112999830811,112999.830811000000
2025-02-01,9,1843987934,383e6b4437b59fff47b619cba855ca29342a8559,30,2974653678178,2974653.678178000000
2025-02-01,10,-186006931,688e72142674041f8f6af4c808a4045ca1d6ac82,30,1389037451802,1389037.451802000000
2025-02-01,11,1381791786,1111111254eeb25477b68fb85ed929f73a960582,30,10590587312,10590.587312000000
2025-02-01,12,1364872031,1231deb6f5749ef6ce6943a275a1d3e7486f4eae,26,193404356544,193404.356544000000
2025-02-01,13,-103393091,45312ea0eff7e09c83cbe249fa1d7598c4c8cd4e,20,1162117731588,1162117.731588000000
2025-02-01,14,2054943978,6a000f20005980200259b80c5102003040001068,18,2970529765503,2970529.765503000000
2025-02-01,15,1899934735,111111125421ca6dc452d289314280a0f8842a65,17,5498836849415,5498836.849415000000
2025-02-01,16,1809613945,100ae042ef0ea159ecc3513e9a378ff21f3829ba,16,0,0E-24
2025-02-01,17,-186122954,66a9893cc07d91d95644aedd05d03f95e1dba8af,15,20365166353,20365.166353000000
2025-02-01,18,1723592854,13394005c1012e708fce1eb974f1130fdc73a5ce,14,2099101125,2099.1011250000000000
2025-02-01,19,1663246624,cf5540fffcdc3d510b18bfca6d2b9987b0772559,13,1461021548814,1461021.548814000000
2025-02-01,20,867588846,4a14347083b80e5216ca31350a2d21702ac3650d,13,19800143652,19800.143652000000
2025-02-01,21,1899839451,0c0d01abf3e6adfca0989ebba9d6e85dd58eab1e,12,2141526176005,2141526.176005000000
2025-02-01,22,2068491642,0f4a1d7fdf4890be35e71f3e0bbc4a0ec377eca3,11,4039162188859,4039162.188859000000
2025-02-01,23,-15964848,225a38bc71102999dd13478bfabd7c4d53f2dc17,10,324287825784,324287.825784000000
2025-02-01,24,439855721,f7cbe3ed329d4d3297ced3e6f7e3f842225c668a,10,16064421347,16064.421347000000
2025-02-01,25,2144334586,a1bea5fe917450041748dbbbe7e9ac57a4bbebab,10,3014184407,3014.1844070000000000
2025-02-01,26,1550048261,f548a58db6d86d466acd00fc0f6de3b39ea129d7,9,17900000000,17900.000000000000
2025-02-01,27,2122436706,410b72ccfeacbb20a31785edaa358d25a07e143d,9,7233834,7.2338340000000000
2025-02-01,28,934876971,378ba9b73309be80bf4c2c027aad799766a7ed5a,8,88788412,88.7884120000000000
2025-02-01,29,1844716471,bbbbbbbbbb9cc5e90e3b3af64bdaf62c37eeffcb,7,910000000000,910000.000000000000
2025-02-01,30,1636575522,69460570c93f9de5e2edbc3052bf10125f0ca22d,7,1498742370,1498.7423700000000000
2025-02-01,31,2018557174,a8c1c98aaf99a5dfc907d61b892b2ad624901185,6,812161284859,812161.284859000000
2025-02-01,32,-164422572,fa0e06b54986ad96de87a8c56fea76fbd8d493f8,6,26142208529,26142.208529000000
2025-02-01,33,1271592775,dfc772212ed7acb353842936cb2ab7a48aad8a8a,6,2693870001,2693.8700010000000000
2025-02-01,34,47725429,16787da38cb083644d63c99d06ce7e68818708d5,5,79984170000,79984.170000000000
2025-02-01,35,546716445,22f9dcf4647084d6c31b2765f6910cd85c178c18,5,50021646285,50021.646285000000
2025-02-01,36,-95590107,53b7ee1db8fd665e11c2e36acfb2bb88ab44ac45,5,586374756,586.3747560000000000
2025-02-01,37,1587123400,a7ca2c8673bcfa5a26d8ceec2887f2cc2b0db22a,5,342552979,342.5529790000000000
2025-02-01,38,649308766,ddad501519d5e2b45f4cf1c6a63cb9c518e39fdc,4,36692329676,36692.329676000000
2025-02-01,39,2106851551,c38e4e6a15593f908255214653d3d947ca1c2338,4,17291139810,17291.139810000000
2025-02-01,40,1526126162,2f2dd99235cb728fc79af575f1325eaa270f0c99,4,4742008959,4742.0089590000000000
2025-02-01,41,465460920,8310d41dae94387253805312029b2e01c7398058,4,4412282292,4412.2822920000000000
2025-02-01,42,-190721002,0da0840ace0adc3a8abbb51168a669d74e0afced,4,496194395,496.1943950000000000
2025-02-01,43,1586252096,3fc91a3afd70395cd496c647d5a6cc9d4b2b7fad,4,252617701,252.6177010000000000
2025-02-01,44,678084685,20633019a0dfe32d88268640fa8c5b4a07654189,3,81310826983,81310.826983000000
2025-02-01,45,1829977638,5914a925289a89d6d28de4976f07f2af4ddc1297,3,74648823313,74648.823313000000
2025-02-01,46,1000481186,56cb7c468adf7706a7a9f0ef168f935c796edec8,3,6493618381,6493.6183810000000000
2025-02-01,47,945823832,6352a56caadc4f1e25cd6c75970fa768a3304e64,3,1396326768,1396.3267680000000000
2025-02-01,48,-153706917,b13883c61e4b02d1c7549fcaee80705b3752b6d4,3,188091392,188.0913920000000000
2025-02-01,49,1704637310,643ea0885875a77bf8dc3e0f3ead866a125276b1,3,5980523,5.9805230000000000
2025-02-01,50,1475740312,48ec5560bfd59b95859965cce48cc244cfdf6b0c,2,338849290000,338849.290000000000
2025-02-01,51,1715474201,78f8bd884c3d738b74b420540659c82f392820e0,2,275536219567,275536.219567000000
2025-02-01,52,1608787768,ad3b67bca8935cb510c8d18bd45f0b94f54a968f,2,260737953917,260737.953917000000
2025-02-01,53,-121000495,3dc9a881fc9cc64730ae52b0ea9c3917ab901e40,2,200000000000,200000.000000000000
2025-02-01,54,1852340564,625e92624bc2d88619accc1788365a69767f6200,2,23512520098,23512.520098000000
2025-02-01,55,765147013,df15ddb8a27e689f3b43d60c3bf13c3f312d388a,2,18672185093,18672.185093000000
2025-02-01,56,-119240484,2375dac1f5e536d1223a22d7d3c95159e014a02a,2,7383644968,7383.6449680000000000
2025-02-01,57,1703836594,d3f5c377a8506af29aeafbc90d1e5c6534f197b4,2,2855480400,2855.4804000000000000
2025-02-01,58,603693426,ccc6cb49c8bf20c09a554a629dcbafeef16fca08,2,2200000000,2200.0000000000000000
2025-02-01,59,-131770026,76055b5eab756da1ea15a97ff751d4ce18e89e92,2,906558890,906.5588900000000000
2025-02-01,60,1911778548,e07a16358aa878cbda2d49a88e5106871e0db307,2,895325166,895.3251660000000000
2025-02-01,61,1380061127,1de3966a05a27df7077eb891ff46c52a9943b3f1,2,810000000,810.0000000000000000
2025-02-01,62,2105845464,55877bd7f2ee37bde55ca4b271a3631f3a7ef121,2,60203501,60.2035010000000000
2025-02-01,63,893398926,def171fe48cf0115b1d80b88dc8eab59176fee57,2,57747183,57.7471830000000000
2025-02-01,64,1599714282,1715a3e4a142d8b698131108995174f37aeba10d,2,20463321,20.4633210000000000
2025-02-01,65,1789476113,575cb828332adf5f520033bfe587e08ca4bca0ee,2,3000000,3.0000000000000000
2025-02-01,66,-128571804,ba1333333333a1ba1108e8412f11850a5c319ba9,1,599244683991,599244.683991000000
2025-02-01,67,2080679857,a9048585166f4f7c4589ade19567bb538035ed36,1,149950392349,149950.392349000000
2025-02-01,68,726869607,15329527db7b6273f4a24db2d3a4806681aefe55,1,10596279217,10596.279217000000
2025-02-01,69,28044966,8b53255ae16e0574cfef2901409a004fffe4fca8,1,9180000000,9180.0000000000000000
2025-02-01,70,841511826,e378cc8017a590ec82ab538cb264251b3375dd27,1,7992696388,7992.6963880000000000
2025-02-01,71,-90284824,00000688768803bbd44095770895ad27ad6b0d95,1,6199884766,6199.8847660000000000
2025-02-01,72,2069557723,f18122bd76d138e0b9c48f4a0aa32a92771f0d85,1,2895845859,2895.8458590000000000
2025-02-01,73,1490507434,00000000009e50a7ddb7a7b0e2ee6604fd120e49,1,2315600279,2315.6002790000000000
2025-02-01,74,-136048499,81463b0f960f247f704377661ec81c1fd65b5128,1,1265000000,1265.0000000000000000
2025-02-01,75,-107479554,ed667e0de292c040cf2183302c8dbde1c06447d7,1,1095733600,1095.7336000000000000
2025-02-01,76,2105644690,9acc2e91f6603c80f21c3e3c4b3462b8494230a8,1,1012000000,1012.0000000000000000
2025-02-01,77,1904967236,c5fcc9d80017f756858055aaafe61e1d167ba398,1,1000000000,1000.0000000000000000
2025-02-01,78,-232200499,845187d2db75b7d29676500bebbe9a6b77ba1f5f,1,993926567,993.9265670000000000
2025-02-01,79,790807031,3a0b2bff978d3ce69caff9fdb9095bb513ea4d24,1,933964541,933.9645410000000000
2025-02-01,80,-15130252,1929347e025d4f5f8d6b2bd2261e2f4efcacd215,1,555629565,555.6295650000000000
2025-02-01,81,-86164058,821d5e95ae39f9e933a378faac939ecfe09c1b86,1,510662898,510.6628980000000000
2025-02-01,82,759398816,d0ac2cd3f50b3b7b48a6e4fda1dfea9a26085605,1,490000000,490.0000000000000000
2025-02-01,83,-201370884,fb881c3e8a358d349284621a6d8a4505b77ac3ec,1,336948858,336.9488580000000000
2025-02-01,84,1583967611,b05e78d739917f1581dd5775d4fc42f8d6165847,1,311290977,311.2909770000000000
2025-02-01,85,925259746,97341d987242f1868fac13e5b205fc10e283e70b,1,300000000,300.0000000000000000
2025-02-01,86,2123621406,ba7a03a37c0799a4182d1c4ca3bf3321f8ba3329,1,290674289,290.6742890000000000
2025-02-01,87,1685736544,2dfadab8266483bed9fd9a292ce56596a2d1378d,1,271036714,271.0367140000000000
2025-02-01,88,-214807161,2a195123bc1993c7c0c995123e083b2b8b3e2839,1,264850000,264.8500000000000000
2025-02-01,89,-15985893,35bb522b102326ea3f1141661df4626c87000e3e,1,256631065,256.6310650000000000
2025-02-01,90,1549649940,5a999cb5b3c3ccf1bc8d28ca76b0e9c14983adf7,1,241294329,241.2943290000000000
2025-02-01,91,-117759155,be9afe4f9542c574061687a8bedec39d5be9e89d,1,200001000,200.0010000000000000
2025-02-01,92,1986045195,344e903870f3e1a68b27bbcc228a9c0a96285195,1,151956559,151.9565590000000000
2025-02-01,93,2133239263,cb39b35cac71086e38abc9dc1c787102a6d6f156,1,136316371,136.3163710000000000
2025-02-01,94,-212301694,3f094e243887e3b07a09f71723d6d530a79c7607,1,112430000,112.4300000000000000
2025-02-01,95,-220536826,019d41415bf8f58f2b0e73e7e28a86b9d434235e,1,100490000,100.4900000000000000
2025-02-01,96,1336164040,3bc0ab9c16bb49b0b2f5dbdda1a99ecb63acc08f,1,100000000,100.0000000000000000
2025-02-01,97,1485775784,1716f775182f0dd65cf09b5e70f73710e1efdbc4,1,98987895,98.9878950000000000
2025-02-01,98,2012000963,9e2e1fcc7f6001545ab3502aacb7553b53b7f646,1,54452919,54.4529190000000000
2025-02-01,99,1076751987,03a16426e4a44d2e91c3af4cb7e13679db6c5e6c,1,53481385,53.4813850000000000
2025-02-01,100,-192083279,d563fb16151899fb9f9af45e092b68f304cc05b8,1,44408784,44.4087840000000000
2025-03-01,1,1250544290,a9d1e08c7793af67e9d92fe308d5697fb81d3e43,2206,8319270107449,8319270.107449000000
2025-03-01,2,-168114692,7cfdeb2def0fa6810eda0ac17c2a4e2f9e12db4f,129,1807580,1.8075800000000000
2025-03-01,3,616036061,74de5d4fcbf63e00296fd95d33236b9794016631,81,105913694912,105913.694912000000
2025-03-01,4,-194524076,0d0e364aa7852291883c162b22d6d81f6355428f,75,95380600846,95380.600846000000
2025-03-01,5,-186006931,688e72142674041f8f6af4c808a4045ca1d6ac82,62,6796777321946,6796777.321946000000
2025-03-01,6,2046320383,dd2e0d86a45e4ef9bd490c2809e6405720cc357c,61,240520142500,240520.142500000000
2025-03-01,7,2004747019,a3222357a0eccf60c73606170be6c99adecb59b3,57,87672085490,87672.085490000000
2025-03-01,8,881197687,9008d19f58aabd9ed0d60971565aa8510560ab41,52,9195036823586,9195036.823586000000
2025-03-01,9,1381791786,1111111254eeb25477b68fb85ed929f73a960582,33,9238299766,9238.2997660000000000
2025-03-01,10,1663246624,cf5540fffcdc3d510b18bfca6d2b9987b0772559,31,3618620337584,3618620.337584000000
2025-03-01,11,-186122954,66a9893cc07d91d95644aedd05d03f95e1dba8af,29,21228074515,21228.074515000000
2025-03-01,12,1723592854,13394005c1012e708fce1eb974f1130fdc73a5ce,21,25493399012,25493.399012000000
2025-03-01,13,1899839451,0c0d01abf3e6adfca0989ebba9d6e85dd58eab1e,19,464094738275,464094.738275000000
2025-03-01,14,2132542836,aa4c9d6e5e349f319abb625aa8dca5f52abea757,16,30764899393,30764.899393000000
2025-03-01,15,1364872031,1231deb6f5749ef6ce6943a275a1d3e7486f4eae,13,99948813977,99948.813977000000
2025-03-01,16,1636575522,69460570c93f9de5e2edbc3052bf10125f0ca22d,13,10912541758,10912.541758000000
2025-03-01,17,-90650862,aac0c8eca1575f412197a7cb57ea18bfd77503a7,12,1563874892,1563.8748920000000000
2025-03-01,18,2136052044,2cfc37c3a9fdc103374c2c343c48fef27c646b0a,11,11867393548,11867.393548000000
2025-03-01,19,-103393091,45312ea0eff7e09c83cbe249fa1d7598c4c8cd4e,10,1931341054687,1931341.054687000000
2025-03-01,20,1844716471,bbbbbbbbbb9cc5e90e3b3af64bdaf62c37eeffcb,10,529460000000,529460.000000000000
2025-03-01,21,439855721,f7cbe3ed329d4d3297ced3e6f7e3f842225c668a,10,26744494472,26744.494472000000
2025-03-01,22,2054943978,6a000f20005980200259b80c5102003040001068,9,98294418213,98294.418213000000
2025-03-01,23,867588846,4a14347083b80e5216ca31350a2d21702ac3650d,9,20524795939,20524.795939000000
2025-03-01,24,1899934735,111111125421ca6dc452d289314280a0f8842a65,8,20671484729,20671.484729000000
2025-03-01,25,742132312,8f791f061d7f36dc07de081ad88f87d71be1585e,8,2082129826,2082.1298260000000000
2025-03-01,26,2097316572,4a12d97e956958c6a85008e82b51fe378f443ec2,8,1133000000,1133.0000000000000000
2025-03-01,27,2122436706,410b72ccfeacbb20a31785edaa358d25a07e143d,8,428202,0.42820200000000000000
2025-03-01,28,465460920,8310d41dae94387253805312029b2e01c7398058,7,11993905149,11993.905149000000
2025-03-01,29,1587123400,a7ca2c8673bcfa5a26d8ceec2887f2cc2b0db22a,7,978207911,978.2079110000000000
2025-03-01,30,-237550007,eeeeee9ec4769a09a76a83c7bc42b185872860ee,7,338986463,338.9864630000000000
2025-03-01,31,1843987934,383e6b4437b59fff47b619cba855ca29342a8559,6,129170316984,129170.316984000000
2025-03-01,32,1583967611,b05e78d739917f1581dd5775d4fc42f8d6165847,6,7052176266,7052.1762660000000000
2025-03-01,33,1113847572,663dc15d3c1ac63ff12e45ab68fea3f0a883c251,6,6063820400,6063.8204000000000000
2025-03-01,34,1271592775,dfc772212ed7acb353842936cb2ab7a48aad8a8a,6,2427522588,2427.5225880000000000
2025-03-01,35,2106851551,c38e4e6a15593f908255214653d3d947ca1c2338,5,11165064984,11165.064984000000
2025-03-01,36,1000481186,56cb7c468adf7706a7a9f0ef168f935c796edec8,5,8980389863,8980.3898630000000000
2025-03-01,37,1210583314,8cf87be2a2bb9ad564fd16deaec97b0e99a335da,5,1773673672,1773.6736720000000000
2025-03-01,38,-190721002,0da0840ace0adc3a8abbb51168a669d74e0afced,5,479750000,479.7500000000000000
2025-03-01,39,546716445,22f9dcf4647084d6c31b2765f6910cd85c178c18,5,245207948,245.2079480000000000
2025-03-01,40,2068491642,0f4a1d7fdf4890be35e71f3e0bbc4a0ec377eca3,4,341931519157,341931.519157000000
2025-03-01,41,-15964848,225a38bc71102999dd13478bfabd7c4d53f2dc17,4,109230571930,109230.571930000000
2025-03-01,42,-95580801,e594b4a4efe952dbc89e49d97e611346c13e01df,4,499921899,499.9218990000000000
2025-03-01,43,-164422572,fa0e06b54986ad96de87a8c56fea76fbd8d493f8,3,53589878865,53589.878865000000
2025-03-01,44,2018557174,a8c1c98aaf99a5dfc907d61b892b2ad624901185,3,24704936547,24704.936547000000
2025-03-01,45,1008689046,dc71a1bdeabd3c347dc21e9354aff91ad375eb97,3,4095467540,4095.4675400000000000
2025-03-01,46,1881625816,880ec48aa848f264b22710cfe2d2cceff4a545f3,3,3997960000,3997.9600000000000000
2025-03-01,47,-111399962,000000000004444c5dc75cb358380d2e3de08a90,3,3639081493,3639.0814930000000000
2025-03-01,48,1703836594,d3f5c377a8506af29aeafbc90d1e5c6534f197b4,3,2570344714,2570.3447140000000000
2025-03-01,49,1504476118,5c72246d70099fb6356df981e02a09cc99a38857,3,975000000,975.0000000000000000
2025-03-01,50,1543101446,6aa981bff95edfea36bdae98c26b274ffcafe8d3,3,460582053,460.5820530000000000
2025-03-01,51,1986045195,344e903870f3e1a68b27bbcc228a9c0a96285195,3,451168272,451.1682720000000000
2025-03-01,52,934876971,378ba9b73309be80bf4c2c027aad799766a7ed5a,3,113954341,113.9543410000000000
2025-03-01,53,1079071111,2ed6c4b5da6378c7897ac67ba9e43102feb694ee,3,208747,0.20874700000000000000
2025-03-01,54,-190664929,875d6d37ec55c8cf220b9e5080717549d8aa8eca,2,132770524555,132770.524555000000
2025-03-01,55,1809658138,367c42a6f261ec54ffbecf5f41c226be12a3dca0,2,100010000000,100010.000000000000
2025-03-01,56,-119240484,2375dac1f5e536d1223a22d7d3c95159e014a02a,2,7763000000,7763.0000000000000000
2025-03-01,57,1368365273,b5ba87013c9875a0788d8dc713e34fabdc1c8743,2,5462709130,5462.7091300000000000
2025-03-01,58,-239867155,9553caa6a963acbf01b4c394052c09345278e318,2,1961700034,1961.7000340000000000
2025-03-01,59,603693426,ccc6cb49c8bf20c09a554a629dcbafeef16fca08,2,1300000000,1300.0000000000000000
2025-03-01,60,-86164058,821d5e95ae39f9e933a378faac939ecfe09c1b86,2,732479126,732.4791260000000000
2025-03-01,61,1477186897,497fcc3607dda7ecf5f492ef0390d0f8200792a9,2,660000000,660.0000000000000000
2025-03-01,62,852556331,9722b2db62bf2be6aac931d3d6c06ec4b59d747f,2,600000000,600.0000000000000000
2025-03-01,63,-253813136,8b8589832e8ece2a40579c840bdb7551f789f7ae,2,486510000,486.5100000000000000
2025-03-01,64,-240760066,7d463b237d100b04c02a27c2bf8072a9b50f7ac1,2,468262000,468.2620000000000000
2025-03-01,65,-268740705,53755ce956b0917f0d35d1f74e107de483f8a05a,2,164169920,164.1699200000000000
2025-03-01,66,-15032743,df7f48892244c6106ea784609f7de10ab36f9c7e,2,130483849,130.4838490000000000
2025-03-01,67,1526126162,2f2dd99235cb728fc79af575f1325eaa270f0c99,2,109550598,109.5505980000000000
2025-03-01,68,915546444,9ece891d6365f1e1c55a5a33b0dd8e22b7c8e2f2,2,100000000,100.0000000000000000
2025-03-01,69,-95590107,53b7ee1db8fd665e11c2e36acfb2bb88ab44ac45,2,80000000,80.0000000000000000
2025-03-01,70,1689166748,2ff45e654929b8eb049e52b55f1178e76528f45f,2,35278922,35.2789220000000000
2025-03-01,71,-254042162,17e59cd3c5bb5a62609d4ddee12950d3f3f4c8c1,2,20003900,20.0039000000000000
2025-03-01,72,-260676639,ebcf37a90bf50e05c99c17995049661cafde92c5,2,20000000,20.0000000000000000
2025-03-01,73,-161210309,838988611a17a43392146a4402df1806ce1a7c58,2,14625001,14.6250010000000000
2025-03-01,74,2120476072,371a339d21a45d874f1399a4e060b6931f423e8c,2,222345,0.22234500000000000000
2025-03-01,75,1703026290,4a4d2410c3d4cfa8dd0d275bedefbd2f7b61ba2e,2,175449,0.17544900000000000000
2025-03-01,76,-263367602,2cf9beb0817ddcda463963bbf35009ca584248e2,1,1344735200000,1344735.200000000000
2025-03-01,77,1889100952,34c0bd5877a5ee7099d0f5688d65f4bb9158bde2,1,99919985951,99919.985951000000
2025-03-01,78,-240770928,d5b42153e5e876004d025dcd8578ca14eec99e63,1,91091566635,91091.566635000000
2025-03-01,79,678084685,20633019a0dfe32d88268640fa8c5b4a07654189,1,49644172473,49644.172473000000
2025-03-01,80,520000156,4b9bd4d08550242e288acb84c68e1f322c1f7913,1,10001000000,10001.0000000000000000
2025-03-01,81,1893386897,beef02e5e13584ab96848af90261f0c8ee04722a,1,8928481729,8928.4817290000000000
2025-03-01,82,1865397048,523441756f4f8654474dcffa5f6d720779db4990,1,8000000000,8000.0000000000000000
2025-03-01,83,1852340564,625e92624bc2d88619accc1788365a69767f6200,1,7413268252,7413.2682520000000000
2025-03-01,84,28044966,8b53255ae16e0574cfef2901409a004fffe4fca8,1,3477716236,3477.7162360000000000
2025-03-01,85,2125238339,f00000003d31d4ab730a8e269ae547f8f76996ba,1,2300544505,2300.5445050000000000
2025-03-01,86,-238660060,48481c7a54b79af5152f68e695a7051253986d96,1,1832843192,1832.8431920000000000
2025-03-01,87,-168662770,ff031cc2563988bc4afa29e2cd7bcc2d389900a5,1,1606472878,1606.4728780000000000
2025-03-01,88,1550048261,f548a58db6d86d466acd00fc0f6de3b39ea129d7,1,1100000000,1100.0000000000000000
2025-03-01,89,9003042,484aedaf774fda3a25f7334f1ea8c2d2b630ac0a,1,1000000000,1000.0000000000000000
2025-03-01,90,-28838201,e46803e65bbaa9b989800c6c21dc872a1dfe3a56,1,1000000000,1000.0000000000000000
2025-03-01,91,2000202299,888888888889758f76e7103c6cbf23abbf58f946,1,957841468,957.8414680000000000
2025-03-01,92,835503551,0417c4aa75e9b8ae705bae417a30990501314179,1,954979626,954.9796260000000000
2025-03-01,93,1490507434,00000000009e50a7ddb7a7b0e2ee6604fd120e49,1,937560912,937.5609120000000000
2025-03-01,94,2123621406,ba7a03a37c0799a4182d1c4ca3bf3321f8ba3329,1,848594135,848.5941350000000000
2025-03-01,95,1518646711,acecc970b4abadaaea21110bec41663330c9db39,1,696767002,696.7670020000000000
2025-03-01,96,2144334586,a1bea5fe917450041748dbbbe7e9ac57a4bbebab,1,629755585,629.7555850000000000
2025-03-01,97,-253265227,0483f6c9793eebf344009bcfdf8224fa9d269e4a,1,600008788,600.0087880000000000
2025-03-01,98,945823832,6352a56caadc4f1e25cd6c75970fa768a3304e64,1,398813028,398.8130280000000000
2025-03-01,99,-103355642,4af5c098c03710319f196150e37a08b23cdc586a,1,392492736,392.4927360000000000
2025-03-01,100,-258853382,c697167743b7dc98ac1c48a3996cdd43f0a65186,1,343726568,343.7265680000000000
2025-04-01,1,1250544290,a9d1e08c7793af67e9d92fe308d5697fb81d3e43,1921,13993801830400,13993801.830400000000
2025-04-01,2,616036061,74de5d4fcbf63e00296fd95d33236b9794016631,83,28898222530,28898.222530000000
2025-04-01,3,2004747019,a3222357a0eccf60c73606170be6c99adecb59b3,80,626812245803,626812.245803000000
2025-04-01,4,-186006931,688e72142674041f8f6af4c808a4045ca1d6ac82,61,13344297903675,13344297.903675000000
2025-04-01,5,-194524076,0d0e364aa7852291883c162b22d6d81f6355428f,52,57656181164,57656.181164000000
2025-04-01,6,1723592854,13394005c1012e708fce1eb974f1130fdc73a5ce,34,72305963170,72305.963170000000
2025-04-01,7,1364872031,1231deb6f5749ef6ce6943a275a1d3e7486f4eae,34,21290481513,21290.481513000000
2025-04-01,8,1723640441,c30c8b862f7de6ba5d7eaeb113c78ec6b5ded04b,31,66174004497,66174.004497000000
2025-04-01,9,867588846,4a14347083b80e5216ca31350a2d21702ac3650d,22,22610927940,22610.927940000000
2025-04-01,10,1381791786,1111111254eeb25477b68fb85ed929f73a960582,22,3064307433,3064.3074330000000000
2025-04-01,11,1899839451,0c0d01abf3e6adfca0989ebba9d6e85dd58eab1e,21,207664211379,207664.211379000000
2025-04-01,12,-186122954,66a9893cc07d91d95644aedd05d03f95e1dba8af,19,8734751096,8734.7510960000000000
2025-04-01,13,2097316572,4a12d97e956958c6a85008e82b51fe378f443ec2,19,2060000000,2060.0000000000000000
2025-04-01,14,1587123400,a7ca2c8673bcfa5a26d8ceec2887f2cc2b0db22a,18,4027704861,4027.7048610000000000
2025-04-01,15,881197687,9008d19f58aabd9ed0d60971565aa8510560ab41,17,1973989686334,1973989.686334000000
2025-04-01,16,1113847572,663dc15d3c1ac63ff12e45ab68fea3f0a883c251,17,8803101933,8803.1019330000000000
2025-04-01,17,742132312,8f791f061d7f36dc07de081ad88f87d71be1585e,14,3590064731,3590.0647310000000000
2025-04-01,18,1899934735,111111125421ca6dc452d289314280a0f8842a65,13,524156817883,524156.817883000000
2025-04-01,19,-103393091,45312ea0eff7e09c83cbe249fa1d7598c4c8cd4e,10,1028802083547,1028802.083547000000
2025-04-01,20,-164422572,fa0e06b54986ad96de87a8c56fea76fbd8d493f8,10,3896734230,3896.7342300000000000
2025-04-01,21,1844716471,bbbbbbbbbb9cc5e90e3b3af64bdaf62c37eeffcb,9,113405420000,113405.420000000000
2025-04-01,22,2106851551,c38e4e6a15593f908255214653d3d947ca1c2338,9,10862441613,10862.441613000000
2025-04-01,23,2132542836,aa4c9d6e5e349f319abb625aa8dca5f52abea757,9,5975631770,5975.6317700000000000
2025-04-01,24,-190721002,0da0840ace0adc3a8abbb51168a669d74e0afced,9,1012690000,1012.6900000000000000
2025-04-01,25,1550048261,f548a58db6d86d466acd00fc0f6de3b39ea129d7,8,7650000000,7650.0000000000000000
2025-04-01,26,1636575522,69460570c93f9de5e2edbc3052bf10125f0ca22d,8,5537618190,5537.6181900000000000
2025-04-01,27,-111399962,000000000004444c5dc75cb358380d2e3de08a90,7,1614836960,1614.8369600000000000
2025-04-01,28,-90650862,aac0c8eca1575f412197a7cb57ea18bfd77503a7,7,905000000,905.0000000000000000
2025-04-01,29,945823832,6352a56caadc4f1e25cd6c75970fa768a3304e64,6,8496972755,8496.9727550000000000
2025-04-01,30,439855721,f7cbe3ed329d4d3297ced3e6f7e3f842225c668a,6,3708804533,3708.8045330000000000
2025-04-01,31,-285608743,aee89bfcca8d414c64e68ff06c5b572705a0d74a,6,571320000,571.3200000000000000
2025-04-01,32,934876971,378ba9b73309be80bf4c2c027aad799766a7ed5a,6,63467606,63.4676060000000000
2025-04-01,33,2054943978,6a000f20005980200259b80c5102003040001068,5,548548007374,548548.007374000000
2025-04-01,34,1663246624,cf5540fffcdc3d510b18bfca6d2b9987b0772559,5,121047958358,121047.958358000000
2025-04-01,35,2046320383,dd2e0d86a45e4ef9bd490c2809e6405720cc357c,5,18778042056,18778.042056000000
2025-04-01,36,2136052044,2cfc37c3a9fdc103374c2c343c48fef27c646b0a,5,14339120341,14339.120341000000
2025-04-01,37,1526126162,2f2dd99235cb728fc79af575f1325eaa270f0c99,5,4575491636,4575.4916360000000000
2025-04-01,38,1699176572,51c72848c68a965f66fa7a88855f9f7784502a7f,5,4351776533,4351.7765330000000000
2025-04-01,39,758108997,cb04280287750347925f33e7d54ca27cc861dfc2,5,2429401380,2429.4013800000000000
2025-04-01,40,-219732182,85cd07ea01423b1e937929b44e4ad8c40bbb5e71,4,7906433427,7906.4334270000000000
2025-04-01,41,465460920,8310d41dae94387253805312029b2e01c7398058,4,5997080000,5997.0800000000000000
2025-04-01,42,1504476118,5c72246d70099fb6356df981e02a09cc99a38857,4,2743100000,2743.1000000000000000
2025-04-01,43,1583967611,b05e78d739917f1581dd5775d4fc42f8d6165847,4,1493802090,1493.8020900000000000
2025-04-01,44,1543101446,6aa981bff95edfea36bdae98c26b274ffcafe8d3,4,384018995,384.0189950000000000
2025-04-01,45,2068491642,0f4a1d7fdf4890be35e71f3e0bbc4a0ec377eca3,3,642943925906,642943.925906000000
2025-04-01,46,1843987934,383e6b4437b59fff47b619cba855ca29342a8559,3,207926986913,207926.986913000000
2025-04-01,47,1000481186,56cb7c468adf7706a7a9f0ef168f935c796edec8,3,4888000000,4888.0000000000000000
2025-04-01,48,1703959945,bb3b6a8a9947ba3f91865fcc802e108a77ff9106,3,3750000000,3750.0000000000000000
2025-04-01,49,-279732090,3e487f841618aa59b8c48f9b1067c9bf7121346c,3,2494000000,2494.0000000000000000
2025-04-01,50,603693426,ccc6cb49c8bf20c09a554a629dcbafeef16fca08,3,1200000000,1200.0000000000000000
2025-04-01,51,1044489131,b4778dc4b4a03b85d9351532e7edd9e5589f7525,3,290274464,290.2744640000000000
2025-04-01,52,-292337840,4aa7581996ca79fb0877dd94396dfd085278861b,3,231000000,231.0000000000000000
2025-04-01,53,-237550007,eeeeee9ec4769a09a76a83c7bc42b185872860ee,3,150004749,150.0047490000000000
2025-04-01,54,-260840437,88649f4743a758171077b98ee2003f1989b1615a,3,58083250,58.0832500000000000
2025-04-01,55,-260178555,f93a0cb844381f2ed6588d659a52725f46300fe7,3,7019900,7.0199000000000000
2025-04-01,56,893398926,def171fe48cf0115b1d80b88dc8eab59176fee57,3,6963984,6.9639840000000000
2025-04-01,57,1079071111,2ed6c4b5da6378c7897ac67ba9e43102feb694ee,3,1528239,1.5282390000000000
2025-04-01,58,2122436706,410b72ccfeacbb20a31785edaa358d25a07e143d,3,426159,0.42615900000000000000
2025-04-01,59,-15964848,225a38bc71102999dd13478bfabd7c4d53f2dc17,2,106924091198,106924.091198000000
2025-04-01,60,841511826,e378cc8017a590ec82ab538cb264251b3375dd27,2,12228359635,12228.359635000000
2025-04-01,61,846198490,45180317b52d63077e8ed0c36073c6bf8429a876,2,11265000000,11265.000000000000
2025-04-01,62,-119240484,2375dac1f5e536d1223a22d7d3c95159e014a02a,2,8495000000,8495.0000000000000000
2025-04-01,63,1911778548,e07a16358aa878cbda2d49a88e5106871e0db307,2,6052177344,6052.1773440000000000
2025-04-01,64,-188253493,ae265393a8dd0eebeb81525ff9782cc7cc9f1ee5,2,6004973900,6004.9739000000000000
2025-04-01,65,765147013,df15ddb8a27e689f3b43d60c3bf13c3f312d388a,2,3783000000,3783.0000000000000000
2025-04-01,66,1008689046,dc71a1bdeabd3c347dc21e9354aff91ad375eb97,2,2321577205,2321.5772050000000000
2025-04-01,67,-131770026,76055b5eab756da1ea15a97ff751d4ce18e89e92,2,1284550000,1284.5500000000000000
2025-04-01,68,1915896364,4c4af8dbc524681930a27b2f1af5bcc8062e6fb7,2,1138071611,1138.0716110000000000
2025-04-01,69,-267166582,563a41f4b0844b117bd1aa42c291af168dd770d0,2,525000000,525.0000000000000000
2025-04-01,70,1105932400,00000000009726632680fb29d3f7a9734e3010e2,2,486625900,486.6259000000000000
2025-04-01,71,-194510237,9ed181da6b359c3ee23c1d6912a6b4b0c349a165,2,257670192,257.6701920000000000
2025-04-01,72,1549649940,5a999cb5b3c3ccf1bc8d28ca76b0e9c14983adf7,2,237743299,237.7432990000000000
2025-04-01,73,-86164058,821d5e95ae39f9e933a378faac939ecfe09c1b86,2,220971052,220.9710520000000000
2025-04-01,74,-53707975,d5c7176ec638ef466c2fee761762d9eab673997d,2,33254865,33.2548650000000000
2025-04-01,75,1633152069,5d45bd5a0c5e95b799ff18355042ba4e4db0f5f7,2,20003438,20.0034380000000000
2025-04-01,76,2146902358,75f901767dbb641e09906f6e81d64cd3345ba61d,2,14780000,14.7800000000000000
2025-04-01,77,1037604851,b2af9836db89808964be5db68964ae7d8dffc462,1,1500000000000,1500000.000000000000
2025-04-01,78,1889100952,34c0bd5877a5ee7099d0f5688d65f4bb9158bde2,1,53289266131,53289.266131000000
2025-04-01,79,678084685,20633019a0dfe32d88268640fa8c5b4a07654189,1,50961345171,50961.345171000000
2025-04-01,80,1490507434,00000000009e50a7ddb7a7b0e2ee6604fd120e49,1,25857819801,25857.819801000000
2025-04-01,81,495231405,5f65f7b609678448494de4c87521cdf6cef1e932,1,15003715816,15003.715816000000
2025-04-01,82,28044966,8b53255ae16e0574cfef2901409a004fffe4fca8,1,10523578883,10523.578883000000
2025-04-01,83,-12273691,63b809c784f566ae6056b713cee171036088789a,1,6464594280,6464.5942800000000000
2025-04-01,84,-307234886,12b878f50b9bd15c50f6705751f9a6f0d9179a0f,1,4884090000,4884.0900000000000000
2025-04-01,85,2018557174,a8c1c98aaf99a5dfc907d61b892b2ad624901185,1,4740190038,4740.1900380000000000
2025-04-01,86,-291488615,74b48e689da95c69d89ee97b01f926c6567405f7,1,1499776384,1499.7763840000000000
2025-04-01,87,759398816,d0ac2cd3f50b3b7b48a6e4fda1dfea9a26085605,1,1320000000,1320.0000000000000000
2025-04-01,88,1033270344,af91dae4bdb5f3c135da4ff5d23aaf1e137ca45e,1,1250000000,1250.0000000000000000
2025-04-01,89,1893386897,beef02e5e13584ab96848af90261f0c8ee04722a,1,1000000656,1000.0006560000000000
2025-04-01,90,-296074651,1371fdbf99503cc8deab21cfe1d1dc1e696f27be,1,780159933,780.1599330000000000
2025-04-01,91,1979509335,05c08bab97c8564a1abb682d53e45af013f26c3b,1,500000000,500.0000000000000000
2025-04-01,92,-289672196,29f0aeac4e0c5ebc50d5a4480f6624d119dfee65,1,399097779,399.0977790000000000
2025-04-01,93,1703836594,d3f5c377a8506af29aeafbc90d1e5c6534f197b4,1,335196681,335.1966810000000000
2025-04-01,94,2105845464,55877bd7f2ee37bde55ca4b271a3631f3a7ef121,1,331668570,331.6685700000000000
2025-04-01,95,-281748791,1613ed0fa55240a2aae50f58118c44ae22068cad,1,285424022,285.4240220000000000
2025-04-01,96,1776732635,ea72ecbdd1c278bb6f916689479b98612a1edaff,1,249000000,249.0000000000000000
2025-04-01,97,-298893455,47b0466b18e37e54ca2aa725cb2a216ae632519e,1,240740000,240.7400000000000000
2025-04-01,98,-235237268,5232b5e4343b7058361db14c4cf3f2643dad8911,1,225000000,225.0000000000000000
2025-04-01,99,-103355642,4af5c098c03710319f196150e37a08b23cdc586a,1,222110000,222.1100000000000000
2025-04-01,100,-206334040,25dab6bc24c3795950ccc97ca9ca2e87fb71d426,1,214191132,214.1911320000000000
2025-05-01,1,1250544290,a9d1e08c7793af67e9d92fe308d5697fb81d3e43,1576,27040600623496,27040600.623496000000
2025-05-01,2,2004747019,a3222357a0eccf60c73606170be6c99adecb59b3,91,163718465360,163718.465360000000
2025-05-01,3,-186006931,688e72142674041f8f6af4c808a4045ca1d6ac82,63,10890462736580,10890462.736580000000
2025-05-01,4,1723592854,13394005c1012e708fce1eb974f1130fdc73a5ce,56,120980652689,120980.652689000000
2025-05-01,5,616036061,74de5d4fcbf63e00296fd95d33236b9794016631,53,28594205544,28594.205544000000
2025-05-01,6,1723640441,c30c8b862f7de6ba5d7eaeb113c78ec6b5ded04b,34,49379144057,49379.144057000000
2025-05-01,7,1364872031,1231deb6f5749ef6ce6943a275a1d3e7486f4eae,32,29841179791,29841.179791000000
2025-05-01,8,2097316572,4a12d97e956958c6a85008e82b51fe378f443ec2,31,5296000000,5296.0000000000000000
2025-05-01,9,1899839451,0c0d01abf3e6adfca0989ebba9d6e85dd58eab1e,25,1555711538423,1555711.538423000000
2025-05-01,10,-186122954,66a9893cc07d91d95644aedd05d03f95e1dba8af,24,13505452796,13505.452796000000
2025-05-01,11,1587123400,a7ca2c8673bcfa5a26d8ceec2887f2cc2b0db22a,21,45262367268,45262.367268000000
2025-05-01,12,1381791786,1111111254eeb25477b68fb85ed929f73a960582,19,2619018046,2619.0180460000000000
2025-05-01,13,881197687,9008d19f58aabd9ed0d60971565aa8510560ab41,16,1311784071436,1311784.071436000000
2025-05-01,14,2106851551,c38e4e6a15593f908255214653d3d947ca1c2338,15,12848049891,12848.049891000000
2025-05-01,15,1113847572,663dc15d3c1ac63ff12e45ab68fea3f0a883c251,14,5271834185,5271.8341850000000000
2025-05-01,16,439855721,f7cbe3ed329d4d3297ced3e6f7e3f842225c668a,13,4000274164,4000.2741640000000000
2025-05-01,17,-308439145,5418226af9c8d5d287a78fbbbcd337b86ec07d61,13,2766626202,2766.6262020000000000
2025-05-01,18,867588846,4a14347083b80e5216ca31350a2d21702ac3650d,12,20241734011,20241.734011000000
2025-05-01,19,742132312,8f791f061d7f36dc07de081ad88f87d71be1585e,12,2990369892,2990.3698920000000000
2025-05-01,20,1636575522,69460570c93f9de5e2edbc3052bf10125f0ca22d,11,10671783159,10671.783159000000
2025-05-01,21,1504476118,5c72246d70099fb6356df981e02a09cc99a38857,11,4545830000,4545.8300000000000000
2025-05-01,22,1844716471,bbbbbbbbbb9cc5e90e3b3af64bdaf62c37eeffcb,10,200568694381,200568.694381000000
2025-05-01,23,-267166582,563a41f4b0844b117bd1aa42c291af168dd770d0,10,3205000000,3205.0000000000000000
2025-05-01,24,1899934735,111111125421ca6dc452d289314280a0f8842a65,10,3160954443,3160.9544430000000000
2025-05-01,25,2054943978,6a000f20005980200259b80c5102003040001068,9,2652930764559,2652930.764559000000
2025-05-01,26,1550048261,f548a58db6d86d466acd00fc0f6de3b39ea129d7,9,7750000000,7750.0000000000000000
2025-05-01,27,758108997,cb04280287750347925f33e7d54ca27cc861dfc2,9,4290960000,4290.9600000000000000
2025-05-01,28,934876971,378ba9b73309be80bf4c2c027aad799766a7ed5a,9,88306712,88.3067120000000000
2025-05-01,29,-237550007,eeeeee9ec4769a09a76a83c7bc42b185872860ee,8,1490215907,1490.2159070000000000
2025-05-01,30,-190721002,0da0840ace0adc3a8abbb51168a669d74e0afced,8,1042112156,1042.1121560000000000
2025-05-01,31,-308441982,d71baacbcb10720b16a63620605cb4b962c47d20,7,153856043818,153856.043818000000
2025-05-01,32,815266592,cdc5c6a979707b80f0b91a08a0e3e963127f4d79,7,536165310,536.1653100000000000
2025-05-01,33,1663246624,cf5540fffcdc3d510b18bfca6d2b9987b0772559,6,710140743168,710140.743168000000
2025-05-01,34,465460920,8310d41dae94387253805312029b2e01c7398058,6,15070955992,15070.955992000000
2025-05-01,35,2046320383,dd2e0d86a45e4ef9bd490c2809e6405720cc357c,6,14889609192,14889.609192000000
2025-05-01,36,-90650862,aac0c8eca1575f412197a7cb57ea18bfd77503a7,6,660260000,660.2600000000000000
2025-05-01,37,-128571804,ba1333333333a1ba1108e8412f11850a5c319ba9,5,38986277598,38986.277598000000
2025-05-01,38,2132542836,aa4c9d6e5e349f319abb625aa8dca5f52abea757,5,16290797759,16290.797759000000
2025-05-01,39,-103393091,45312ea0eff7e09c83cbe249fa1d7598c4c8cd4e,5,14190558540,14190.558540000000
2025-05-01,40,1105932400,00000000009726632680fb29d3f7a9734e3010e2,5,4859644899,4859.6448990000000000
2025-05-01,41,-111399962,000000000004444c5dc75cb358380d2e3de08a90,5,1764608399,1764.6083990000000000
2025-05-01,42,-164422572,fa0e06b54986ad96de87a8c56fea76fbd8d493f8,4,11686417496,11686.417496000000
2025-05-01,43,603693426,ccc6cb49c8bf20c09a554a629dcbafeef16fca08,4,1000000000,1000.0000000000000000
2025-05-01,44,1843987934,383e6b4437b59fff47b619cba855ca29342a8559,3,10864989427,10864.989427000000
2025-05-01,45,-243518380,f8e887d7995b8dc1ab24d4725358a259bf54f10a,3,2166702681,2166.7026810000000000
2025-05-01,46,1583967611,b05e78d739917f1581dd5775d4fc42f8d6165847,3,646204130,646.2041300000000000
2025-05-01,47,1543101446,6aa981bff95edfea36bdae98c26b274ffcafe8d3,3,610450467,610.4504670000000000
2025-05-01,48,-126955555,f9d9d8a1ac99f9498878f1126b1d2ec3add9da69,3,492850010,492.8500100000000000
2025-05-01,49,-121980419,fa9497c99c6a79e507e38901f5092e7003a26cb5,3,453964635,453.9646350000000000
2025-05-01,50,591020512,330dad06ec5a570bd745e165103dd80660c4c4fe,3,376060983,376.0609830000000000
2025-05-01,51,731266941,82281d5a11179df0743c6fd555324bb360f8eab7,3,253839245,253.8392450000000000
2025-05-01,52,-292337840,4aa7581996ca79fb0877dd94396dfd085278861b,3,175000000,175.0000000000000000
2025-05-01,53,-94572155,3969f51d6b434a6e97daca63d2a269720df946c8,3,123405255,123.4052550000000000
2025-05-01,54,1079071111,2ed6c4b5da6378c7897ac67ba9e43102feb694ee,3,389883,0.38988300000000000000
2025-05-01,55,-323129525,6e4141d33021b52c91c28608403db4a0ffb50ec6,2,251466361356,251466.361356000000
2025-05-01,56,28044966,8b53255ae16e0574cfef2901409a004fffe4fca8,2,18840470195,18840.470195000000
2025-05-01,57,2123621406,ba7a03a37c0799a4182d1c4ca3bf3321f8ba3329,2,13652286805,13652.286805000000
2025-05-01,58,1703959945,bb3b6a8a9947ba3f91865fcc802e108a77ff9106,2,8200000000,8200.0000000000000000
2025-05-01,59,-119240484,2375dac1f5e536d1223a22d7d3c95159e014a02a,2,4050188324,4050.1883240000000000
2025-05-01,60,1000481186,56cb7c468adf7706a7a9f0ef168f935c796edec8,2,4035000000,4035.0000000000000000
2025-05-01,61,893398926,def171fe48cf0115b1d80b88dc8eab59176fee57,2,3972357801,3972.3578010000000000
2025-05-01,62,-225451508,2677e0fc77b387cbc44b9be37686ce92e492a63c,2,1817609578,1817.6095780000000000
2025-05-01,63,945823832,6352a56caadc4f1e25cd6c75970fa768a3304e64,2,1620799578,1620.7995780000000000
2025-05-01,64,1368365273,b5ba87013c9875a0788d8dc713e34fabdc1c8743,2,960938018,960.9380180000000000
2025-05-01,65,1608787768,ad3b67bca8935cb510c8d18bd45f0b94f54a968f,2,724484634,724.4846340000000000
2025-05-01,66,-315012604,3ced11c610556e5292fbc2e75d68c3899098c14c,2,571165545,571.1655450000000000
2025-05-01,67,706255860,3bbcf2972299e6da5ef830af78791e3a7ed7278d,2,545402660,545.4026600000000000
2025-05-01,68,1192048543,38b90fd0be0a1af141ae6b7e4c718abafc41a982,2,332847514,332.8475140000000000
2025-05-01,69,-9870347,0ab81f382fa01caa886c4c4dfe4a507e1cab9559,2,106244434,106.2444340000000000
2025-05-01,70,-95590107,53b7ee1db8fd665e11c2e36acfb2bb88ab44ac45,2,100503536,100.5035360000000000
2025-05-01,71,-267497407,2d4d6cdd57cbdfb99d10138060847cab6aca0e8b,2,62790000,62.7900000000000000
2025-05-01,72,822513646,2080699a61efa9f6947901ed2361d4d0eea0fca4,2,60000000,60.0000000000000000
2025-05-01,73,1946904414,553deb6122cb66d7bd401f918a931f1c943c7ef7,2,34903300,34.9033000000000000
2025-05-01,74,-15964848,225a38bc71102999dd13478bfabd7c4d53f2dc17,1,199959814119,199959.814119000000
2025-05-01,75,678084685,20633019a0dfe32d88268640fa8c5b4a07654189,1,36091124699,36091.124699000000
2025-05-01,76,1889100952,34c0bd5877a5ee7099d0f5688d65f4bb9158bde2,1,20128840000,20128.840000000000
2025-05-01,77,1911778548,e07a16358aa878cbda2d49a88e5106871e0db307,1,13169881512,13169.881512000000
2025-05-01,78,-235906611,ae68b7117be0026cbd4366303f74eecbb19e4042,1,9949448428,9949.4484280000000000
2025-05-01,79,743086225,245cc372c84b3645bf0ffe6538620b04a217988b,1,6617042133,6617.0421330000000000
2025-05-01,80,572010447,72db98bd5cc641409ca1fd15628c5d6a29e4a7f5,1,6009926526,6009.9265260000000000
2025-05-01,81,-79010684,ba1bf416a4397e965fc236dedfe29eb1302dc327,1,4848390000,4848.3900000000000000
2025-05-01,82,2033612462,9c3df13f9972ba214d5449761873f46d24174b6d,1,4000401066,4000.4010660000000000
2025-05-01,83,841511826,e378cc8017a590ec82ab538cb264251b3375dd27,1,3643980638,3643.9806380000000000
2025-05-01,84,-259225175,c089ed0adf615d882015e1f13ee97a3779898182,1,2975540000,2975.5400000000000000
2025-05-01,85,2120154624,e6b94251383dd8a2f8d53794a2a0c8130efe270e,1,2630066104,2630.0661040000000000
2025-05-01,86,1843247582,a5588f7cdf560811710a2d82d3c9c99769db1dcb,1,2342007466,2342.0074660000000000
2025-05-01,87,1852340564,625e92624bc2d88619accc1788365a69767f6200,1,2060756167,2060.7561670000000000
2025-05-01,88,1380061127,1de3966a05a27df7077eb891ff46c52a9943b3f1,1,1248000000,1248.0000000000000000
2025-05-01,89,422101078,b8bfbdf90365234b331785264bbd1dbda053af05,1,1200000010,1200.0000100000000000
2025-05-01,90,2136052044,2cfc37c3a9fdc103374c2c343c48fef27c646b0a,1,1118029058,1118.0290580000000000
2025-05-01,91,1972293417,cd3d272a96f69d5ccc27aca14dc16b9af8067efb,1,917469852,917.4698520000000000
2025-05-01,92,1008689046,dc71a1bdeabd3c347dc21e9354aff91ad375eb97,1,800000000,800.0000000000000000
2025-05-01,93,-46611818,e8abfaa0e507cc7a8ab7d1fbf5ab16991d3a2a13,1,503410000,503.4100000000000000
2025-05-01,94,-281748791,1613ed0fa55240a2aae50f58118c44ae22068cad,1,499550000,499.5500000000000000
2025-05-01,95,797638495,568be95e96ba2ef72aee6797d64095f3a4147d72,1,499510000,499.5100000000000000
2025-05-01,96,1331609912,bd6c7b0d2f68c2b7805d88388319cfb6ecb50ea9,1,426050910,426.0509100000000000
2025-05-01,97,-298893455,47b0466b18e37e54ca2aa725cb2a216ae632519e,1,419510000,419.5100000000000000
2025-05-01,98,-251631119,c5d1b2a565cda42b8ae3e1b9b682bf3ec327f0b3,1,350076230,350.0762300000000000
2025-05-01,99,-311996618,e8a4424644711c931960fea70850882b15a1bd69,1,299999990,299.9999900000000000
2025-05-01,100,1825561806,dc095b767bc68524bfdc9ed6c284e47606887afd,1,297457068,297.4570680000000000
2025-06-01,1,1250544290,a9d1e08c7793af67e9d92fe308d5697fb81d3e43,1414,29161721083608,29161721.083608000000
2025-06-01,2,2004747019,a3222357a0eccf60c73606170be6c99adecb59b3,92,34256577496,34256.577496000000
2025-06-01,3,616036061,74de5d4fcbf63e00296fd95d33236b9794016631,51,31944590929,31944.590929000000
2025-06-01,4,1723592854,13394005c1012e708fce1eb974f1130fdc73a5ce,44,107091166663,107091.166663000000
2025-06-01,5,-186006931,688e72142674041f8f6af4c808a4045ca1d6ac82,33,6089309113816,6089309.113816000000
2025-06-01,6,1723640441,c30c8b862f7de6ba5d7eaeb113c78ec6b5ded04b,31,115893394098,115893.394098000000
2025-06-01,7,1364872031,1231deb6f5749ef6ce6943a275a1d3e7486f4eae,30,7920070902,7920.0709020000000000
2025-06-01,8,1381791786,1111111254eeb25477b68fb85ed929f73a960582,29,8847834997,8847.8349970000000000
2025-06-01,9,-90650862,aac0c8eca1575f412197a7cb57ea18bfd77503a7,18,1392971043,1392.9710430000000000
2025-06-01,10,881197687,9008d19f58aabd9ed0d60971565aa8510560ab41,17,220455218168,220455.218168000000
2025-06-01,11,1899934735,111111125421ca6dc452d289314280a0f8842a65,16,194668377246,194668.377246000000
2025-06-01,12,1504476118,5c72246d70099fb6356df981e02a09cc99a38857,15,2606000000,2606.0000000000000000
2025-06-01,13,-186122954,66a9893cc07d91d95644aedd05d03f95e1dba8af,14,11748817089,11748.817089000000
2025-06-01,14,1113847572,663dc15d3c1ac63ff12e45ab68fea3f0a883c251,14,5973932991,5973.9329910000000000
2025-06-01,15,742132312,8f791f061d7f36dc07de081ad88f87d71be1585e,14,5675213289,5675.2132890000000000
2025-06-01,16,2106851551,c38e4e6a15593f908255214653d3d947ca1c2338,13,92664667327,92664.667327000000
2025-06-01,17,1550048261,f548a58db6d86d466acd00fc0f6de3b39ea129d7,13,20300000000,20300.000000000000
2025-06-01,18,439855721,f7cbe3ed329d4d3297ced3e6f7e3f842225c668a,13,4574733168,4574.7331680000000000
2025-06-01,19,2097316572,4a12d97e956958c6a85008e82b51fe378f443ec2,12,3613000000,3613.0000000000000000
2025-06-01,20,-397278008,1ea9be84c91e764c7e6c2890846a06646b2d3004,12,795000000,795.0000000000000000
2025-06-01,21,867588846,4a14347083b80e5216ca31350a2d21702ac3650d,10,23355229043,23355.229043000000
2025-06-01,22,1636575522,69460570c93f9de5e2edbc3052bf10125f0ca22d,10,2027843908,2027.8439080000000000
2025-06-01,23,-237550007,eeeeee9ec4769a09a76a83c7bc42b185872860ee,9,5585874273,5585.8742730000000000
2025-06-01,24,-267166582,563a41f4b0844b117bd1aa42c291af168dd770d0,9,2824000000,2824.0000000000000000
2025-06-01,25,1844716471,bbbbbbbbbb9cc5e90e3b3af64bdaf62c37eeffcb,8,83550000000,83550.000000000000
2025-06-01,26,-386499307,599153f199e3b3d7ff803e823767ab5c312df4e2,8,775260000,775.2600000000000000
2025-06-01,27,-308439145,5418226af9c8d5d287a78fbbbcd337b86ec07d61,7,1104605789388,1104605.789388000000
2025-06-01,28,1587123400,a7ca2c8673bcfa5a26d8ceec2887f2cc2b0db22a,7,1845777560,1845.7775600000000000
2025-06-01,29,1703959945,bb3b6a8a9947ba3f91865fcc802e108a77ff9106,6,18931000000,18931.000000000000
2025-06-01,30,2132542836,aa4c9d6e5e349f319abb625aa8dca5f52abea757,6,10888395183,10888.395183000000
2025-06-01,31,1946904414,553deb6122cb66d7bd401f918a931f1c943c7ef7,6,200384597,200.3845970000000000
2025-06-01,32,-323129525,6e4141d33021b52c91c28608403db4a0ffb50ec6,5,201666088837,201666.088837000000
2025-06-01,33,1899839451,0c0d01abf3e6adfca0989ebba9d6e85dd58eab1e,5,121450759676,121450.759676000000
2025-06-01,34,-164422572,fa0e06b54986ad96de87a8c56fea76fbd8d493f8,5,10772879763,10772.879763000000
2025-06-01,35,1368365273,b5ba87013c9875a0788d8dc713e34fabdc1c8743,5,6160407867,6160.4078670000000000
2025-06-01,36,603693426,ccc6cb49c8bf20c09a554a629dcbafeef16fca08,5,1650000000,1650.0000000000000000
2025-06-01,37,-174111355,fee399b65ab925662be304a07190253e709ad4bc,5,251226553,251.2265530000000000
2025-06-01,38,1843987934,383e6b4437b59fff47b619cba855ca29342a8559,4,106000454145,106000.454145000000
2025-06-01,39,1526126162,2f2dd99235cb728fc79af575f1325eaa270f0c99,4,3024820561,3024.8205610000000000
2025-06-01,40,-95590107,53b7ee1db8fd665e11c2e36acfb2bb88ab44ac45,4,474988447,474.9884470000000000
2025-06-01,41,-190721002,0da0840ace0adc3a8abbb51168a669d74e0afced,4,179000000,179.0000000000000000
2025-06-01,42,-379996193,82d88875d64d60cbe9cbea47cb960ae0f04ebd4d,4,62433242,62.4332420000000000
2025-06-01,43,-337424656,b34ab96bb6d984c31f40b1bccaa1e2dd5f196d72,4,24642977,24.6429770000000000
2025-06-01,44,1704637310,643ea0885875a77bf8dc3e0f3ead866a125276b1,4,7891386,7.8913860000000000
2025-06-01,45,465460920,8310d41dae94387253805312029b2e01c7398058,3,7002659052,7002.6590520000000000
2025-06-01,46,-225451508,2677e0fc77b387cbc44b9be37686ce92e492a63c,3,3522757241,3522.7572410000000000
2025-06-01,47,-390331576,cd478a0d98352dad5cf64449b51247c85e4bbfe9,3,984520000,984.5200000000000000
2025-06-01,48,-292337840,4aa7581996ca79fb0877dd94396dfd085278861b,3,240000000,240.0000000000000000
2025-06-01,49,-308441982,d71baacbcb10720b16a63620605cb4b962c47d20,3,218696481,218.6964810000000000
2025-06-01,50,934876971,378ba9b73309be80bf4c2c027aad799766a7ed5a,3,162374199,162.3741990000000000
2025-06-01,51,893398926,def171fe48cf0115b1d80b88dc8eab59176fee57,3,66766482,66.7664820000000000
2025-06-01,52,1543101446,6aa981bff95edfea36bdae98c26b274ffcafe8d3,3,27581666,27.5816660000000000
2025-06-01,53,2054943978,6a000f20005980200259b80c5102003040001068,2,15499647448,15499.647448000000
2025-06-01,54,1852340564,625e92624bc2d88619accc1788365a69767f6200,2,12502577707,12502.577707000000
2025-06-01,55,1761108103,16a19d9e75fb55a353c029417788849ff74d724f,2,4950280000,4950.2800000000000000
2025-06-01,56,2046320383,dd2e0d86a45e4ef9bd490c2809e6405720cc357c,2,2049782048,2049.7820480000000000
2025-06-01,57,1608787768,ad3b67bca8935cb510c8d18bd45f0b94f54a968f,2,1501359884,1501.3598840000000000
2025-06-01,58,422101078,b8bfbdf90365234b331785264bbd1dbda053af05,2,1400000000,1400.0000000000000000
2025-06-01,59,-79620546,0000000000bbf5c5fd284e657f01bd000933c96d,2,610329238,610.3292380000000000
2025-06-01,60,1843247582,a5588f7cdf560811710a2d82d3c9c99769db1dcb,2,515645317,515.6453170000000000
2025-06-01,61,-353854978,23525b8c3e27a539e84f5e909723b2f48229d049,2,480000000,480.0000000000000000
2025-06-01,62,748391338,a865f0d842a3582af8f0eae74d646151f2d2e980,2,479954433,479.9544330000000000
2025-06-01,63,-381547691,f5042e6ffac5a625d4e7848e0b01373d8eb9e222,2,335622976,335.6229760000000000
2025-06-01,64,-95580801,e594b4a4efe952dbc89e49d97e611346c13e01df,2,315015331,315.0153310000000000
2025-06-01,65,-126955555,f9d9d8a1ac99f9498878f1126b1d2ec3add9da69,2,299499000,299.4990000000000000
2025-06-01,66,-397074407,2b2302f6c299a1d79dedd7a37bdc3bb5db6fc69c,2,174530000,174.5300000000000000
2025-06-01,67,-103355642,4af5c098c03710319f196150e37a08b23cdc586a,2,163739050,163.7390500000000000
2025-06-01,68,1105932400,00000000009726632680fb29d3f7a9734e3010e2,2,160100527,160.1005270000000000
2025-06-01,69,-387481733,04becef5562cacfabc5c7b484875e8ef1644995d,2,141710000,141.7100000000000000
2025-06-01,70,1331609912,bd6c7b0d2f68c2b7805d88388319cfb6ecb50ea9,2,2488849,2.4888490000000000
2025-06-01,71,2015978866,a6035580d4e4db8c72b2a1c49d781ae7138308e8,1,100084238937,100084.238937000000
2025-06-01,72,-316230042,e9e8330a71912f03e54e7d93795acd9a56f070aa,1,50087898515,50087.898515000000
2025-06-01,73,-90284824,00000688768803bbd44095770895ad27ad6b0d95,1,50000201423,50000.201423000000
2025-06-01,74,1889100952,34c0bd5877a5ee7099d0f5688d65f4bb9158bde2,1,29101175217,29101.175217000000
2025-06-01,75,2000202299,888888888889758f76e7103c6cbf23abbf58f946,1,25915436583,25915.436583000000
2025-06-01,76,-315012604,3ced11c610556e5292fbc2e75d68c3899098c14c,1,5674023311,5674.0233110000000000
2025-06-01,77,1881625816,880ec48aa848f264b22710cfe2d2cceff4a545f3,1,5000000000,5000.0000000000000000
2025-06-01,78,-380121197,db5f2e509a3b19dd3372e8d0cd889fa0d71b0684,1,4669304230,4669.3042300000000000
2025-06-01,79,1000481186,56cb7c468adf7706a7a9f0ef168f935c796edec8,1,4002000000,4002.0000000000000000
2025-06-01,80,-361012461,794dfcd10c0f29769c31e1913a05f6667d5da788,1,2996750000,2996.7500000000000000
2025-06-01,81,-259225175,c089ed0adf615d882015e1f13ee97a3779898182,1,2979096120,2979.0961200000000000
2025-06-01,82,2108216198,ee030ec6f4307411607e55acd08e628ae6655b86,1,2823221822,2823.2218220000000000
2025-06-01,83,797638495,568be95e96ba2ef72aee6797d64095f3a4147d72,1,1941472249,1941.4722490000000000
2025-06-01,84,1683828043,aee9fd14ee4be1653c9053b2b94e274d9dc752c9,1,1398821471,1398.8214710000000000
2025-06-01,85,-401020097,6dc250b86cb2b0cacb712f3d4faf448a2d70b310,1,1382000000,1382.0000000000000000
2025-06-01,86,979820915,0fc9b8b7a341da6b41638c2f58cd1509bfa0afd3,1,1001311829,1001.3118290000000000
2025-06-01,87,2105644690,9acc2e91f6603c80f21c3e3c4b3462b8494230a8,1,1000000000,1000.0000000000000000
2025-06-01,88,-380382790,20167ef53450f44fd572c891839620c7fa4d84ad,1,999876967,999.8769670000000000
2025-06-01,89,-194889817,afb9d14fa52fc40ac8b89a51111ababd3d12deb4,1,718310000,718.3100000000000000
2025-06-01,90,-9870347,0ab81f382fa01caa886c4c4dfe4a507e1cab9559,1,601942275,601.9422750000000000
2025-06-01,91,-220084225,d788dbece3e3fc1f059f61bf349df8e7860cf1ba,1,600000000,600.0000000000000000
2025-06-01,92,-359606700,24378aa0d97e3bd72bd0a0443306602de4583456,1,380307434,380.3074340000000000
2025-06-01,93,-258672098,5ac6eb49239257496e835790a1c1e5ad418b3361,1,369997704,369.9977040000000000
2025-06-01,94,1825561806,dc095b767bc68524bfdc9ed6c284e47606887afd,1,300346810,300.3468100000000000
2025-06-01,95,706255860,3bbcf2972299e6da5ef830af78791e3a7ed7278d,1,274132568,274.1325680000000000
2025-06-01,96,-119240484,2375dac1f5e536d1223a22d7d3c95159e014a02a,1,271674283,271.6742830000000000
2025-06-01,97,-298893455,47b0466b18e37e54ca2aa725cb2a216ae632519e,1,239410000,239.4100000000000000
2025-06-01,98,758108997,cb04280287750347925f33e7d54ca27cc861dfc2,1,200000000,200.0000000000000000
2025-06-01,99,762916723,683b8448eedb7f16cdb5444e01e750a20ffb710d,1,184462335,184.4623350000000000
2025-06-01,100,-358509989,288723b3530331a0d9a62fa79b56c2b1242c8f32,1,169340000,169.3400000000000000
2025-07-01,1,1250544290,a9d1e08c7793af67e9d92fe308d5697fb81d3e43,1518,65098230247378,65098230.247378000000
2025-07-01,2,2004747019,a3222357a0eccf60c73606170be6c99adecb59b3,113,196258724691,196258.724691000000
2025-07-01,3,616036061,74de5d4fcbf63e00296fd95d33236b9794016631,68,19300445808,19300.445808000000
2025-07-01,4,1723592854,13394005c1012e708fce1eb974f1130fdc73a5ce,42,58258506450,58258.506450000000
2025-07-01,5,1364872031,1231deb6f5749ef6ce6943a275a1d3e7486f4eae,31,50899499839,50899.499839000000
2025-07-01,6,2101584250,b685760ebd368a891f27ae547391f4e2a289895b,27,8374929786,8374.9297860000000000
2025-07-01,7,1723640441,c30c8b862f7de6ba5d7eaeb113c78ec6b5ded04b,25,40633469282,40633.469282000000
2025-07-01,8,-186122954,66a9893cc07d91d95644aedd05d03f95e1dba8af,25,25742828690,25742.828690000000
2025-07-01,9,1381791786,1111111254eeb25477b68fb85ed929f73a960582,25,6218434703,6218.4347030000000000
2025-07-01,10,-411206630,9318f8c80adb3055ca24f6dda295f79e42397768,22,9262637836,9262.6378360000000000
2025-07-01,11,-285608743,aee89bfcca8d414c64e68ff06c5b572705a0d74a,20,1571490000,1571.4900000000000000
2025-07-01,12,1844716471,bbbbbbbbbb9cc5e90e3b3af64bdaf62c37eeffcb,19,3034901740000,3034901.740000000000
2025-07-01,13,742132312,8f791f061d7f36dc07de081ad88f87d71be1585e,17,7295817831,7295.8178310000000000
2025-07-01,14,1504476118,5c72246d70099fb6356df981e02a09cc99a38857,17,2302500000,2302.5000000000000000
2025-07-01,15,1587123400,a7ca2c8673bcfa5a26d8ceec2887f2cc2b0db22a,16,6922873697,6922.8736970000000000
2025-07-01,16,2097316572,4a12d97e956958c6a85008e82b51fe378f443ec2,16,3062000000,3062.0000000000000000
2025-07-01,17,-403967596,df31a70a21a1931e02033dbba7deace6c45cfd0f,15,3996709116,3996.7091160000000000
2025-07-01,18,2106851551,c38e4e6a15593f908255214653d3d947ca1c2338,14,9917858954,9917.8589540000000000
2025-07-01,19,1899934735,111111125421ca6dc452d289314280a0f8842a65,12,18861195979,18861.195979000000
2025-07-01,20,867588846,4a14347083b80e5216ca31350a2d21702ac3650d,12,18170210667,18170.210667000000
2025-07-01,21,881197687,9008d19f58aabd9ed0d60971565aa8510560ab41,10,388252584339,388252.584339000000
2025-07-01,22,-119240484,2375dac1f5e536d1223a22d7d3c95159e014a02a,9,9476077151,9476.0771510000000000
2025-07-01,23,-386499307,599153f199e3b3d7ff803e823767ab5c312df4e2,9,700830000,700.8300000000000000
2025-07-01,24,934876971,378ba9b73309be80bf4c2c027aad799766a7ed5a,9,136836988,136.8369880000000000
2025-07-01,25,-397278008,1ea9be84c91e764c7e6c2890846a06646b2d3004,8,496000000,496.0000000000000000
2025-07-01,26,-186006931,688e72142674041f8f6af4c808a4045ca1d6ac82,7,315125475520,315125.475520000000
2025-07-01,27,1636575522,69460570c93f9de5e2edbc3052bf10125f0ca22d,7,95821268207,95821.268207000000
2025-07-01,28,-90650862,aac0c8eca1575f412197a7cb57ea18bfd77503a7,7,379857175,379.8571750000000000
2025-07-01,29,-103393091,45312ea0eff7e09c83cbe249fa1d7598c4c8cd4e,6,85390667141,85390.667141000000
2025-07-01,30,1703959945,bb3b6a8a9947ba3f91865fcc802e108a77ff9106,6,17160000000,17160.000000000000
2025-07-01,31,1113847572,663dc15d3c1ac63ff12e45ab68fea3f0a883c251,6,12250976500,12250.976500000000
2025-07-01,32,-381547691,f5042e6ffac5a625d4e7848e0b01373d8eb9e222,6,6001759113,6001.7591130000000000
2025-07-01,33,1368365273,b5ba87013c9875a0788d8dc713e34fabdc1c8743,6,4834878004,4834.8780040000000000
2025-07-01,34,-380382790,20167ef53450f44fd572c891839620c7fa4d84ad,6,2012575095,2012.5750950000000000
2025-07-01,35,439855721,f7cbe3ed329d4d3297ced3e6f7e3f842225c668a,6,1924799470,1924.7994700000000000
2025-07-01,36,-432409579,e318ddd011f02cbde3b263b74fea101d84ac2e24,6,528270000,528.2700000000000000
2025-07-01,37,-174111355,fee399b65ab925662be304a07190253e709ad4bc,6,274681423,274.6814230000000000
2025-07-01,38,-323129525,6e4141d33021b52c91c28608403db4a0ffb50ec6,5,480027948719,480027.948719000000
2025-07-01,39,1543101446,6aa981bff95edfea36bdae98c26b274ffcafe8d3,5,1313063693,1313.0636930000000000
2025-07-01,40,-439273995,cfc40e7e40ea6eea079a3a8cda22ffa99367a23d,5,922120263,922.1202630000000000
2025-07-01,41,-111399962,000000000004444c5dc75cb358380d2e3de08a90,5,349369095,349.3690950000000000
2025-07-01,42,-379996193,82d88875d64d60cbe9cbea47cb960ae0f04ebd4d,5,309955001,309.9550010000000000
2025-07-01,43,1876255079,6a849df3bf514fbd4c91c8440b74627540cff965,4,4723113709728,4723113.709728000000
2025-07-01,44,-164422572,fa0e06b54986ad96de87a8c56fea76fbd8d493f8,4,25058402483,25058.402483000000
2025-07-01,45,2132542836,aa4c9d6e5e349f319abb625aa8dca5f52abea757,4,12083001315,12083.001315000000
2025-07-01,46,1825561806,dc095b767bc68524bfdc9ed6c284e47606887afd,4,1493850550,1493.8505500000000000
2025-07-01,47,-53707975,d5c7176ec638ef466c2fee761762d9eab673997d,4,90404440,90.4044400000000000
2025-07-01,48,1899839451,0c0d01abf3e6adfca0989ebba9d6e85dd58eab1e,3,169723841091,169723.841091000000
2025-07-01,49,-390846512,2ce14c3699b82f3860949de23c7a21b1e268b807,3,33297000000,33297.000000000000
2025-07-01,50,-397433750,c9a59ad93d42881c33847f6d96bdb9f43235e1c7,3,4991733587,4991.7335870000000000
2025-07-01,51,1842886841,584018bbfe2e8a7e961657af6ed7daeaea646268,3,3192905049,3192.9050490000000000
2025-07-01,52,758108997,cb04280287750347925f33e7d54ca27cc861dfc2,3,884510000,884.5100000000000000
2025-07-01,53,1331609912,bd6c7b0d2f68c2b7805d88388319cfb6ecb50ea9,3,736264048,736.2640480000000000
2025-07-01,54,-267166582,563a41f4b0844b117bd1aa42c291af168dd770d0,3,622000000,622.0000000000000000
2025-07-01,55,-426262403,98013df0b2e9a512b025dfe4009b8afd0865f6ac,3,313090000,313.0900000000000000
2025-07-01,56,-342666387,2ad30efd0418a63b5160494652b97b010c1a1875,3,206328603,206.3286030000000000
2025-07-01,57,893398926,def171fe48cf0115b1d80b88dc8eab59176fee57,3,128665672,128.6656720000000000
2025-07-01,58,-308756190,74a6f1f3ecb0dbc69ed8ff80744602aed0e8e64c,3,93047274,93.0472740000000000
2025-07-01,59,-235906611,ae68b7117be0026cbd4366303f74eecbb19e4042,2,12097238309,12097.238309000000
2025-07-01,60,-401802526,b3c6583b3084fa730c359bae42ad35d33f128eea,2,7993688506,7993.6885060000000000
2025-07-01,61,-397245598,9c7523440d71dbff023889c70301cbfcc2d411e3,2,7032390000,7032.3900000000000000
2025-07-01,62,-131770026,76055b5eab756da1ea15a97ff751d4ce18e89e92,2,4002347568,4002.3475680000000000
2025-07-01,63,-424596770,d090298d97a1c6832f8ea43ccbb920c8ee318c7c,2,2407500000,2407.5000000000000000
2025-07-01,64,-396655284,81b73f2b704da6d6d3805abe078668b2acebbc22,2,1956220000,1956.2200000000000000
2025-07-01,65,1550048261,f548a58db6d86d466acd00fc0f6de3b39ea129d7,2,1780000000,1780.0000000000000000
2025-07-01,66,1008689046,dc71a1bdeabd3c347dc21e9354aff91ad375eb97,2,1422728500,1422.7285000000000000
2025-07-01,67,-452111376,907cf16bdd0439ea41697f274c01450a990781f8,2,1405801500,1405.8015000000000000
2025-07-01,68,-390750944,4bab2cb2ed6ee2d564ba5398cab4161d95e58f1b,2,672594935,672.5949350000000000
2025-07-01,69,1549649940,5a999cb5b3c3ccf1bc8d28ca76b0e9c14983adf7,2,596557376,596.5573760000000000
2025-07-01,70,-95590107,53b7ee1db8fd665e11c2e36acfb2bb88ab44ac45,2,249973028,249.9730280000000000
2025-07-01,71,-126955555,f9d9d8a1ac99f9498878f1126b1d2ec3add9da69,2,201000638,201.0006380000000000
2025-07-01,72,2105845464,55877bd7f2ee37bde55ca4b271a3631f3a7ef121,2,191046451,191.0464510000000000
2025-07-01,73,-397074407,2b2302f6c299a1d79dedd7a37bdc3bb5db6fc69c,2,147000000,147.0000000000000000
2025-07-01,74,-229702557,ebfeb0fff66241c876e44d7e797fbdbe6f77d6b5,2,140955564,140.9555640000000000
2025-07-01,75,-395894359,6f94b2022af13bf8a7d2089882acff04267136da,2,116906455,116.9064550000000000
2025-07-01,76,1704637310,643ea0885875a77bf8dc3e0f3ead866a125276b1,2,43142864,43.1428640000000000
2025-07-01,77,-232637266,4a6c312ec70e8747a587ee860a0353cd42be0ae0,2,35187746,35.1877460000000000
2025-07-01,78,-341332890,aa3f7419c2d51eeb969a7e57d7d2c248b8467c70,2,32360000,32.3600000000000000
2025-07-01,79,-383054755,9f31696230937b2df7a3b005137e5073f9f07a52,2,10157068,10.1570680000000000
2025-07-01,80,1514693526,374b16ffdd9608678c721398bda1ad709cfcc095,2,6750000,6.7500000000000000
2025-07-01,81,-365690408,46bebba8066a1e7a2d95700caf7e5d13c562ad2d,2,1627,0.00162700000000000000
2025-07-01,82,2034702912,b300000b72deaeb607a12d5f54773d1c19c7028d,2,3,0.000003000000000000000000
2025-07-01,83,537895637,4544e2fae244ea4ca20d075bb760561ce5990dc3,2,0,0E-24
2025-07-01,84,1663246624,cf5540fffcdc3d510b18bfca6d2b9987b0772559,1,99754030531,99754.030531000000
2025-07-01,85,-341174562,2c0552e5dcb79b064fd23e358a86810bc5994244,1,49996189608,49996.189608000000
2025-07-01,86,-15964848,225a38bc71102999dd13478bfabd7c4d53f2dc17,1,49989099955,49989.099955000000
2025-07-01,87,678084685,20633019a0dfe32d88268640fa8c5b4a07654189,1,30008197624,30008.197624000000
2025-07-01,88,602738927,1e121993b4a8bc79d18a4c409db84c100fff25f5,1,7998638660,7998.6386600000000000
2025-07-01,89,-327518912,6df85310f6aa96be329f7fa8c253d501d0282a33,1,7066474689,7066.4746890000000000
2025-07-01,90,1000481186,56cb7c468adf7706a7a9f0ef168f935c796edec8,1,6977545748,6977.5457480000000000
2025-07-01,91,-335518857,beef02961503351625926ea9a11ae13b29f5c555,1,6285171600,6285.1716000000000000
2025-07-01,92,-303667228,f0a12fefa78181a3749474db31d09524fa87b1f7,1,5999493547,5999.4935470000000000
2025-07-01,93,617646999,f44220e22573ac6557a60d1973d2a088bac8dd22,1,3999293620,3999.2936200000000000
2025-07-01,94,-380013460,13ae7caffd0d83ac90c985f68c7dacc7c69f7b6b,1,3865779276,3865.7792760000000000
2025-07-01,95,422101078,b8bfbdf90365234b331785264bbd1dbda053af05,1,3500000000,3500.0000000000000000
2025-07-01,96,77592,32e2f310dd2996ac37fe0ce255e5ce1c1ffcda76,1,2777038374,2777.0383740000000000
2025-07-01,97,-113806753,545e09ce00e7e7817b5ff20f4af538e9bb505656,1,2000728051,2000.7280510000000000
2025-07-01,98,-415303051,5a6f4ed97df67b9e82dd1896c381f6cdead0dc13,1,1994640000,1994.6400000000000000
2025-07-01,99,-239950818,2d5805a423d6ce771f06972ad4499f120902631a,1,1552025595,1552.0255950000000000
2025-07-01,100,-388679931,5385888ef59f9751306736cd4814c47de2dc0a3e,1,1511310000,1511.3100000000000000
2025-08-01,1,1250544290,a9d1e08c7793af67e9d92fe308d5697fb81d3e43,1581,17589289615901,17589289.615901000000
2025-08-01,2,2004747019,a3222357a0eccf60c73606170be6c99adecb59b3,77,67686470747,67686.470747000000
2025-08-01,3,-486983178,17c2f61188451562eaaefe8b0a66353b1da0a8b8,57,5932000000,5932.0000000000000000
2025-08-01,4,616036061,74de5d4fcbf63e00296fd95d33236b9794016631,56,19980198789,19980.198789000000
2025-08-01,5,1364872031,1231deb6f5749ef6ce6943a275a1d3e7486f4eae,53,81113361224,81113.361224000000
2025-08-01,6,1723592854,13394005c1012e708fce1eb974f1130fdc73a5ce,51,51549579634,51549.579634000000
2025-08-01,7,1113847572,663dc15d3c1ac63ff12e45ab68fea3f0a883c251,36,14039543579,14039.543579000000
2025-08-01,8,1723640441,c30c8b862f7de6ba5d7eaeb113c78ec6b5ded04b,29,20557529147,20557.529147000000
2025-08-01,9,1381791786,1111111254eeb25477b68fb85ed929f73a960582,29,16221171479,16221.171479000000
2025-08-01,10,-483584513,9db9a6e5af57e20791b6e73fdcb4fa7867744a3c,29,2228630000,2228.6300000000000000
2025-08-01,11,881197687,9008d19f58aabd9ed0d60971565aa8510560ab41,28,2598872055818,2598872.055818000000
2025-08-01,12,-186122954,66a9893cc07d91d95644aedd05d03f95e1dba8af,28,52752725548,52752.725548000000
2025-08-01,13,2106851551,c38e4e6a15593f908255214653d3d947ca1c2338,25,24600625028,24600.625028000000
2025-08-01,14,1587123400,a7ca2c8673bcfa5a26d8ceec2887f2cc2b0db22a,24,30287377507,30287.377507000000
2025-08-01,15,-472847201,779224df1c756b4edd899854f32a53e8c2b2ce5d,23,7288856000000,7288856.000000000000
2025-08-01,16,-432409579,e318ddd011f02cbde3b263b74fea101d84ac2e24,23,1770900000,1770.9000000000000000
2025-08-01,17,1899839451,0c0d01abf3e6adfca0989ebba9d6e85dd58eab1e,22,1313645587414,1313645.587414000000
2025-08-01,18,-186006931,688e72142674041f8f6af4c808a4045ca1d6ac82,21,3164344609492,3164344.609492000000
2025-08-01,19,-381547691,f5042e6ffac5a625d4e7848e0b01373d8eb9e222,20,12806532124,12806.532124000000
2025-08-01,20,867588846,4a14347083b80e5216ca31350a2d21702ac3650d,17,9978968741,9978.9687410000000000
2025-08-01,21,-401912408,f75d8dc96aad430b1caf80ac3ea5b5956aa8feb2,16,639618000,639.6180000000000000
2025-08-01,22,1899934735,111111125421ca6dc452d289314280a0f8842a65,15,2000807741021,2000807.741021000000
2025-08-01,23,-323129525,6e4141d33021b52c91c28608403db4a0ffb50ec6,15,1344376250996,1344376.250996000000
2025-08-01,24,-411206630,9318f8c80adb3055ca24f6dda295f79e42397768,15,7171020000,7171.0200000000000000
2025-08-01,25,1368365273,b5ba87013c9875a0788d8dc713e34fabdc1c8743,12,9192108788,9192.1087880000000000
2025-08-01,26,1825561806,dc095b767bc68524bfdc9ed6c284e47606887afd,12,4165922084,4165.9220840000000000
2025-08-01,27,1504476118,5c72246d70099fb6356df981e02a09cc99a38857,11,1628000000,1628.0000000000000000
2025-08-01,28,-53707975,d5c7176ec638ef466c2fee761762d9eab673997d,11,474580034,474.5800340000000000
2025-08-01,29,2101584250,b685760ebd368a891f27ae547391f4e2a289895b,10,1703104343,1703.1043430000000000
2025-08-01,30,-90650862,aac0c8eca1575f412197a7cb57ea18bfd77503a7,10,898742203,898.7422030000000000
2025-08-01,31,-285608743,aee89bfcca8d414c64e68ff06c5b572705a0d74a,10,763620000,763.6200000000000000
2025-08-01,32,1844716471,bbbbbbbbbb9cc5e90e3b3af64bdaf62c37eeffcb,9,296570000000,296570.000000000000
2025-08-01,33,-199424513,62e4477cd189d45bb76a779da514f89deddf8c2c,9,1368320316,1368.3203160000000000
2025-08-01,34,-306263727,8e29a76dd752ad84fc92baab4ac2002b3c960ee8,9,38000000,38.0000000000000000
2025-08-01,35,-119240484,2375dac1f5e536d1223a22d7d3c95159e014a02a,8,7780796264,7780.7962640000000000
2025-08-01,36,1636575522,69460570c93f9de5e2edbc3052bf10125f0ca22d,8,7429050108,7429.0501080000000000
2025-08-01,37,-164422572,fa0e06b54986ad96de87a8c56fea76fbd8d493f8,7,241627152228,241627.152228000000
2025-08-01,38,-403967596,df31a70a21a1931e02033dbba7deace6c45cfd0f,7,50313546483,50313.546483000000
2025-08-01,39,1550048261,f548a58db6d86d466acd00fc0f6de3b39ea129d7,6,3850000000,3850.0000000000000000
2025-08-01,40,-267166582,563a41f4b0844b117bd1aa42c291af168dd770d0,6,2545000000,2545.0000000000000000
2025-08-01,41,-507831485,c42680b094e9e08357bdbeb6162e8623b8f5fae7,6,1483747200,1483.7472000000000000
2025-08-01,42,1703959945,bb3b6a8a9947ba3f91865fcc802e108a77ff9106,5,10130000000,10130.000000000000
2025-08-01,43,465460920,8310d41dae94387253805312029b2e01c7398058,5,9999707570,9999.7075700000000000
2025-08-01,44,2132542836,aa4c9d6e5e349f319abb625aa8dca5f52abea757,5,2766072192,2766.0721920000000000
2025-08-01,45,591020512,330dad06ec5a570bd745e165103dd80660c4c4fe,5,1505751936,1505.7519360000000000
2025-08-01,46,742132312,8f791f061d7f36dc07de081ad88f87d71be1585e,5,1492505028,1492.5050280000000000
2025-08-01,47,-465807044,9a5f2621bbfc62505a4e64287e4b84cfaed8cbd2,5,4100000,4.1000000000000000
2025-08-01,48,765147013,df15ddb8a27e689f3b43d60c3bf13c3f312d388a,4,78483564407,78483.564407000000
2025-08-01,49,-235906611,ae68b7117be0026cbd4366303f74eecbb19e4042,4,27663004918,27663.004918000000
2025-08-01,50,-486499426,f6c3f3f7be5762ccb778a4ecf47203e6c3bffe3e,4,19097988490,19097.988490000000
2025-08-01,51,1105932400,00000000009726632680fb29d3f7a9734e3010e2,4,13656669754,13656.669754000000
2025-08-01,52,-405551973,2905d7e4d048d29954f81b02171dd313f457a4a4,4,6306008937,6306.0089370000000000
2025-08-01,53,-158530359,420694a28d5d386fd5ea577ed545649e1800ac1d,4,4658039865,4658.0398650000000000
2025-08-01,54,2105845464,55877bd7f2ee37bde55ca4b271a3631f3a7ef121,4,3102285991,3102.2859910000000000
2025-08-01,55,-390750944,4bab2cb2ed6ee2d564ba5398cab4161d95e58f1b,4,1730321287,1730.3212870000000000
2025-08-01,56,1714232520,0ae5e31bba6aa19f1f7c1c26e39c9e26092047e0,4,200000000,200.0000000000000000
2025-08-01,57,934876971,378ba9b73309be80bf4c2c027aad799766a7ed5a,4,71978531,71.9785310000000000
2025-08-01,58,972155995,9262d8cb60fe05f781b4a54891aa12bd51c46fac,4,68795521,68.7955210000000000
2025-08-01,59,-238137829,b8875c63f71eca8a116664c0a9cd55df549b1c33,3,199995008912,199995.008912000000
2025-08-01,60,-103393091,45312ea0eff7e09c83cbe249fa1d7598c4c8cd4e,3,109035072592,109035.072592000000
2025-08-01,61,2054943978,6a000f20005980200259b80c5102003040001068,3,14037119449,14037.119449000000
2025-08-01,62,-462048811,2a9a046fd9aec38213d0ce23a208cb00c5b818fb,3,4645560000,4645.5600000000000000
2025-08-01,63,1991845061,5c08df80e73a3893f4d26ba3e4fb66b643c68c8c,3,2798294527,2798.2945270000000000
2025-08-01,64,-254281620,81f631bfe89691a9fb7a8ff3a0ce9c38a133c6b9,3,2099002990,2099.0029900000000000
2025-08-01,65,-380382790,20167ef53450f44fd572c891839620c7fa4d84ad,3,1998386456,1998.3864560000000000
2025-08-01,66,422101078,b8bfbdf90365234b331785264bbd1dbda053af05,3,1995000000,1995.0000000000000000
2025-08-01,67,-229702557,ebfeb0fff66241c876e44d7e797fbdbe6f77d6b5,3,835089940,835.0899400000000000
2025-08-01,68,1987444076,078bf499222bfcbbfb50ebb191270a9bac93ce44,3,619860000,619.8600000000000000
2025-08-01,69,766896,d05955436368c9659b7a1bdf8f0427ca8c193b11,3,459311549,459.3115490000000000
2025-08-01,70,2097316572,4a12d97e956958c6a85008e82b51fe378f443ec2,3,250000000,250.0000000000000000
2025-08-01,71,-403946188,8e3f00919ad73b4c525be50e86718d86386af944,3,124057799,124.0577990000000000
2025-08-01,72,-436154021,a5f5ccb033f58289bd9763e8f28c1f7cbe49140f,3,122000000,122.0000000000000000
2025-08-01,73,893398926,def171fe48cf0115b1d80b88dc8eab59176fee57,3,57173503,57.1735030000000000
2025-08-01,74,578337618,3a5cc8689d1b0cef2c317bc5c0ad6ce88b27d597,3,53592074,53.5920740000000000
2025-08-01,75,-148073324,5141b82f5ffda4c6fe1e372978f1c5427640a190,3,1125915,1.1259150000000000
2025-08-01,76,1079071111,2ed6c4b5da6378c7897ac67ba9e43102feb694ee,3,484938,0.48493800000000000000
2025-08-01,77,937702115,778f9c4c3b5e3d8d9fe9ef1224700cf93efc3184,2,69761053260,69761.053260000000
2025-08-01,78,794393489,cc5f1f2800ff0a4da973f4bc077124d3ab01e21b,2,8183000000,8183.0000000000000000
2025-08-01,79,797638495,568be95e96ba2ef72aee6797d64095f3a4147d72,2,6744632102,6744.6321020000000000
2025-08-01,80,-251631119,c5d1b2a565cda42b8ae3e1b9b682bf3ec327f0b3,2,5119434030,5119.4340300000000000
2025-08-01,81,1663246624,cf5540fffcdc3d510b18bfca6d2b9987b0772559,2,2839147747,2839.1477470000000000
2025-08-01,82,1876286906,6e6bdb7ec06679fafb21016c7af8ddd7f1701b8c,2,2833160056,2833.1600560000000000
2025-08-01,83,758108997,cb04280287750347925f33e7d54ca27cc861dfc2,2,1999670000,1999.6700000000000000
2025-08-01,84,745929545,9723f667abdf0579ac0d75dfc0ad0eadc0041ba7,2,1513313850,1513.3138500000000000
2025-08-01,85,-397433750,c9a59ad93d42881c33847f6d96bdb9f43235e1c7,2,1495382515,1495.3825150000000000
2025-08-01,86,-452038910,68e46750603d1c4a1eae8050b2f4b41ed621de5c,2,1306000000,1306.0000000000000000
2025-08-01,87,-126955555,f9d9d8a1ac99f9498878f1126b1d2ec3add9da69,2,1121858174,1121.8581740000000000
2025-08-01,88,-452111376,907cf16bdd0439ea41697f274c01450a990781f8,2,1062000000,1062.0000000000000000
2025-08-01,89,966732020,a4d65fd5017bb20904603f0a174bbbd04f81757c,2,990642986,990.6429860000000000
2025-08-01,90,-489977622,8d8f598c1739e518b871815dd1f20ea3c169c360,2,815230780,815.2307800000000000
2025-08-01,91,1477186897,497fcc3607dda7ecf5f492ef0390d0f8200792a9,2,810958419,810.9584190000000000
2025-08-01,92,1008689046,dc71a1bdeabd3c347dc21e9354aff91ad375eb97,2,761965958,761.9659580000000000
2025-08-01,93,997006997,ceb15131d3c0adcffbfe229868b338ff24ed338a,2,499637850,499.6378500000000000
2025-08-01,94,-404288045,14a9e015dcf9c2db90d14aa536240da322db2475,2,349977335,349.9773350000000000
2025-08-01,95,-405694930,bbea90a356cb9c42bbfb8926051b191165f9bb6f,2,300000000,300.0000000000000000
2025-08-01,96,-95590107,53b7ee1db8fd665e11c2e36acfb2bb88ab44ac45,2,249993048,249.9930480000000000
2025-08-01,97,1549649940,5a999cb5b3c3ccf1bc8d28ca76b0e9c14983adf7,2,238545401,238.5454010000000000
2025-08-01,98,1543101446,6aa981bff95edfea36bdae98c26b274ffcafe8d3,2,207037097,207.0370970000000000
2025-08-01,99,2113649543,2791138664f259543bcb2127bc52a87a0529bbe5,2,194441574,194.4415740000000000
2025-08-01,100,-348222279,14a5ab186d2242041ee8b5d495707fcc15a7bee7,2,112292820,112.2928200000000000
2025-09-01,1,1250544290,a9d1e08c7793af67e9d92fe308d5697fb81d3e43,1770,87663161684955,87663161.684955000000
2025-09-01,2,-486983178,17c2f61188451562eaaefe8b0a66353b1da0a8b8,90,21464000000,21464.000000000000
2025-09-01,3,-472847201,779224df1c756b4edd899854f32a53e8c2b2ce5d,72,54206104586593,54206104.586593000000
2025-09-01,4,616036061,74de5d4fcbf63e00296fd95d33236b9794016631,59,21992046973,21992.046973000000
2025-09-01,5,1364872031,1231deb6f5749ef6ce6943a275a1d3e7486f4eae,49,24137508295,24137.508295000000
2025-09-01,6,1723640441,c30c8b862f7de6ba5d7eaeb113c78ec6b5ded04b,45,32740810127,32740.810127000000
2025-09-01,7,1876255079,6a849df3bf514fbd4c91c8440b74627540cff965,38,27593903377263,27593903.377263000000
2025-09-01,8,1723592854,13394005c1012e708fce1eb974f1130fdc73a5ce,38,20880985893,20880.985893000000
2025-09-01,9,2004747019,a3222357a0eccf60c73606170be6c99adecb59b3,33,20213536472,20213.536472000000
2025-09-01,10,-483584513,9db9a6e5af57e20791b6e73fdcb4fa7867744a3c,33,2600200000,2600.2000000000000000
2025-09-01,11,881197687,9008d19f58aabd9ed0d60971565aa8510560ab41,30,6045026420054,6045026.420054000000
2025-09-01,12,-186122954,66a9893cc07d91d95644aedd05d03f95e1dba8af,29,45703468688,45703.468688000000
2025-09-01,13,-432409579,e318ddd011f02cbde3b263b74fea101d84ac2e24,27,2425690000,2425.6900000000000000
2025-09-01,14,1381791786,1111111254eeb25477b68fb85ed929f73a960582,26,4675402760,4675.4027600000000000
2025-09-01,15,-563226458,2c7ba291d216241d5bba35310e4ba622d4328e97,23,1654000000,1654.0000000000000000
2025-09-01,16,-381547691,f5042e6ffac5a625d4e7848e0b01373d8eb9e222,21,30324679920,30324.679920000000
2025-09-01,17,1844716471,bbbbbbbbbb9cc5e90e3b3af64bdaf62c37eeffcb,20,119036783932,119036.783932000000
2025-09-01,18,-517491810,5f9e436e4ada12210510e5752f527701f8479daf,20,2580366266,2580.3662660000000000
2025-09-01,19,-186006931,688e72142674041f8f6af4c808a4045ca1d6ac82,19,1797139551463,1797139.551463000000
2025-09-01,20,2054943978,6a000f20005980200259b80c5102003040001068,16,248670235398,248670.235398000000
2025-09-01,21,2101584250,b685760ebd368a891f27ae547391f4e2a289895b,16,3678612781,3678.6127810000000000
2025-09-01,22,1899839451,0c0d01abf3e6adfca0989ebba9d6e85dd58eab1e,15,419059461357,419059.461357000000
2025-09-01,23,-164422572,fa0e06b54986ad96de87a8c56fea76fbd8d493f8,14,177052878086,177052.878086000000
2025-09-01,24,2106851551,c38e4e6a15593f908255214653d3d947ca1c2338,14,17135294664,17135.294664000000
2025-09-01,25,778726385,eda09779a50185a0a510cc3ebfb96a955a2f530e,13,7616398952,7616.3989520000000000
2025-09-01,26,-403967596,df31a70a21a1931e02033dbba7deace6c45cfd0f,12,834214220721,834214.220721000000
2025-09-01,27,867588846,4a14347083b80e5216ca31350a2d21702ac3650d,12,8372748448,8372.7484480000000000
2025-09-01,28,1113847572,663dc15d3c1ac63ff12e45ab68fea3f0a883c251,11,5587075659,5587.0756590000000000
2025-09-01,29,-516970504,c8c3c16bc0bf56c08b3d44c7ce57fcaa8938b327,11,1676200000,1676.2000000000000000
2025-09-01,30,-285608743,aee89bfcca8d414c64e68ff06c5b572705a0d74a,11,927940233,927.9402330000000000
2025-09-01,31,1587123400,a7ca2c8673bcfa5a26d8ceec2887f2cc2b0db22a,10,3414121093,3414.1210930000000000
2025-09-01,32,742132312,8f791f061d7f36dc07de081ad88f87d71be1585e,10,3381190604,3381.1906040000000000
2025-09-01,33,-103393091,45312ea0eff7e09c83cbe249fa1d7598c4c8cd4e,9,588072942199,588072.942199000000
2025-09-01,34,1987444076,078bf499222bfcbbfb50ebb191270a9bac93ce44,9,88097218,88.0972180000000000
2025-09-01,35,-411206630,9318f8c80adb3055ca24f6dda295f79e42397768,8,5775575083,5775.5750830000000000
2025-09-01,36,912522663,ebb09c5f3d0b2dd5e70ef42d9875be002ae3347d,8,2675195751,2675.1957510000000000
2025-09-01,37,1543101446,6aa981bff95edfea36bdae98c26b274ffcafe8d3,8,1895821329,1895.8213290000000000
2025-09-01,38,-405694930,bbea90a356cb9c42bbfb8926051b191165f9bb6f,8,1650022358,1650.0223580000000000
2025-09-01,39,465460920,8310d41dae94387253805312029b2e01c7398058,7,10425420726,10425.420726000000
2025-09-01,40,209499427,d152f549545093347a162dce210e7293f1452150,7,6625000000,6625.0000000000000000
2025-09-01,41,-365258160,be9fe51ef6d84d3c549d2253495d8fb6a9e3064a,7,1844608035,1844.6080350000000000
2025-09-01,42,1899934735,111111125421ca6dc452d289314280a0f8842a65,7,1436343531,1436.3435310000000000
2025-09-01,43,-90650862,aac0c8eca1575f412197a7cb57ea18bfd77503a7,7,971916587,971.9165870000000000
2025-09-01,44,1636575522,69460570c93f9de5e2edbc3052bf10125f0ca22d,6,7280271507,7280.2715070000000000
2025-09-01,45,-545772816,9480f3e97d93fcbf8526e569b0ff592f1b15dd3b,6,110000000,110.0000000000000000
2025-09-01,46,-497488502,a4c23f148582b87791ff1cc6beeffa1e10564c1e,6,555,0.00055500000000000000
2025-09-01,47,-323129525,6e4141d33021b52c91c28608403db4a0ffb50ec6,5,1182838505073,1182838.505073000000
2025-09-01,48,1843987934,383e6b4437b59fff47b619cba855ca29342a8559,5,505660010234,505660.010234000000
2025-09-01,49,1703959945,bb3b6a8a9947ba3f91865fcc802e108a77ff9106,5,11920000000,11920.000000000000
2025-09-01,50,1008689046,dc71a1bdeabd3c347dc21e9354aff91ad375eb97,5,2090168417,2090.1684170000000000
2025-09-01,51,-404288045,14a9e015dcf9c2db90d14aa536240da322db2475,5,789977752,789.9777520000000000
2025-09-01,52,1699176572,51c72848c68a965f66fa7a88855f9f7784502a7f,4,171206489793,171206.489793000000
2025-09-01,53,765147013,df15ddb8a27e689f3b43d60c3bf13c3f312d388a,4,62810000000,62810.000000000000
2025-09-01,54,578337618,3a5cc8689d1b0cef2c317bc5c0ad6ce88b27d597,4,1951376064,1951.3760640000000000
2025-09-01,55,28044966,8b53255ae16e0574cfef2901409a004fffe4fca8,4,1637530000,1637.5300000000000000
2025-09-01,56,-86164058,821d5e95ae39f9e933a378faac939ecfe09c1b86,4,1009944167,1009.9441670000000000
2025-09-01,57,-473317170,d07c4f45bc9b389d286cb094f97bb6ba45f4bb30,4,87128264,87.1282640000000000
2025-09-01,58,2034702912,b300000b72deaeb607a12d5f54773d1c19c7028d,4,50029041,50.0290410000000000
2025-09-01,59,-489977657,440625190b841f928b06e16c36f8502a164d26ea,4,30000000,30.0000000000000000
2025-09-01,60,-486499426,f6c3f3f7be5762ccb778a4ecf47203e6c3bffe3e,3,34996677967,34996.677967000000
2025-09-01,61,-90284824,00000688768803bbd44095770895ad27ad6b0d95,3,34677539324,34677.539324000000
2025-09-01,62,-441954256,d0d44148b5a608a76e5b8b64534795d80bdb6c5e,3,5739000000,5739.0000000000000000
2025-09-01,63,835503551,0417c4aa75e9b8ae705bae417a30990501314179,3,2751389373,2751.3893730000000000
2025-09-01,64,-563224747,190e1e029c5cb68c795d4095296da422ed921ff6,3,1950000000,1950.0000000000000000
2025-09-01,65,1550048261,f548a58db6d86d466acd00fc0f6de3b39ea129d7,3,1900000000,1900.0000000000000000
2025-09-01,66,-489977622,8d8f598c1739e518b871815dd1f20ea3c169c360,3,1686132653,1686.1326530000000000
2025-09-01,67,1851140606,9da75997624c697444958aded6790bfca96af19a,3,1354895012,1354.8950120000000000
2025-09-01,68,1504476118,5c72246d70099fb6356df981e02a09cc99a38857,3,1260200000,1260.2000000000000000
2025-09-01,69,591020512,330dad06ec5a570bd745e165103dd80660c4c4fe,3,1131975115,1131.9751150000000000
2025-09-01,70,966732020,a4d65fd5017bb20904603f0a174bbbd04f81757c,3,1039584567,1039.5845670000000000
2025-09-01,71,-504886374,ae7069e931e237f127b1d61d1f99c220efa27700,3,426890000,426.8900000000000000
2025-09-01,72,-151409725,549ab6069fe2b039e24c39e635b5f15d71734d15,3,366238628,366.2386280000000000
2025-09-01,73,893398926,def171fe48cf0115b1d80b88dc8eab59176fee57,3,243732675,243.7326750000000000
2025-09-01,74,-193298407,545499b4616509e7ba04b04db5c1ea1b8877374a,3,102302449,102.3024490000000000
2025-09-01,75,1731955419,06b50641cc4c6e3a08903052ec86d4d770f60c36,3,100000000,100.0000000000000000
2025-09-01,76,-548754579,38dbd2744567c3b3511da8e08c7fa319ebfb3dbb,3,14110000,14.1100000000000000
2025-09-01,77,1079071111,2ed6c4b5da6378c7897ac67ba9e43102feb694ee,3,1351690,1.3516900000000000
2025-09-01,78,-148073324,5141b82f5ffda4c6fe1e372978f1c5427640a190,3,1257735,1.2577350000000000
2025-09-01,79,-113573373,65eb26d90e793724d7101384521740b99c367092,3,1000000,1.00000000000000000000
2025-09-01,80,-425737547,b5c2212f639e86050188627eb4e26814b33204f7,3,30,0.000030000000000000000000
2025-09-01,81,-561793933,63242a4ea82847b20e506b63b0e2e2eff0cc6cb0,2,21924572066,21924.572066000000
2025-09-01,82,1000481186,56cb7c468adf7706a7a9f0ef168f935c796edec8,2,9999807118,9999.8071180000000000
2025-09-01,83,556510343,3689c216f8f6ce7e2ce2a27c81a23096a787f532,2,9004000000,9004.0000000000000000
2025-09-01,84,1215764398,5deaef6ecbd02b91da53f4bff07040ae23a8c907,2,3386184208,3386.1842080000000000
2025-09-01,85,-401778858,3bd10cdc2d52c5154fdb9080a1f677d4ec49ab05,2,2911729316,2911.7293160000000000
2025-09-01,86,997006997,ceb15131d3c0adcffbfe229868b338ff24ed338a,2,2498091745,2498.0917450000000000
2025-09-01,87,598874502,ed5bd59ae895b737cdc797bf9f23ee57d62b8ee1,2,2404919669,2404.9196690000000000
2025-09-01,88,670963614,ba41f166c6aa8ed87c026c735f6464360884594b,2,2240551232,2240.5512320000000000
2025-09-01,89,869782414,07c38f7b7d3341e1c1d7fbe6f03ae7183bdf8684,2,1890667671,1890.6676710000000000
2025-09-01,90,-267166582,563a41f4b0844b117bd1aa42c291af168dd770d0,2,1430000000,1430.0000000000000000
2025-09-01,91,717908433,911eed219fc766f8ff998046715e81eb88f6c111,2,1075986310,1075.9863100000000000
2025-09-01,92,-103355642,4af5c098c03710319f196150e37a08b23cdc586a,2,1066700000,1066.7000000000000000
2025-09-01,93,-121980419,fa9497c99c6a79e507e38901f5092e7003a26cb5,2,999990000,999.9900000000000000
2025-09-01,94,-468365157,59f710f82fe47581105c67dffacdd6455b2d112f,2,635132031,635.1320310000000000
2025-09-01,95,-380382790,20167ef53450f44fd572c891839620c7fa4d84ad,2,457500000,457.5000000000000000
2025-09-01,96,-418069339,312f3096098c90e439efa6cd894cbda1ee3e41df,2,450000000,450.0000000000000000
2025-09-01,97,-524040335,ff186ae6eb30656c6533b2ab64e851c6bb318411,2,330000000,330.0000000000000000
2025-09-01,98,-505276990,78f52c737c7b065d0b4ee538148b26ced2ce3812,2,300000000,300.0000000000000000
2025-09-01,99,1549649940,5a999cb5b3c3ccf1bc8d28ca76b0e9c14983adf7,2,281246194,281.2461940000000000
2025-09-01,100,1703836594,d3f5c377a8506af29aeafbc90d1e5c6534f197b4,2,233625784,233.6257840000000000
2025-10-01,1,1250544290,a9d1e08c7793af67e9d92fe308d5697fb81d3e43,1664,95770045414671,95770045.414671000000
2025-10-01,2,1364872031,1231deb6f5749ef6ce6943a275a1d3e7486f4eae,91,1119866742268,1119866.742268000000
2025-10-01,3,881197687,9008d19f58aabd9ed0d60971565aa8510560ab41,90,14944508818668,14944508.818668000000
2025-10-01,4,616036061,74de5d4fcbf63e00296fd95d33236b9794016631,81,42558060950,42558.060950000000
2025-10-01,5,1899839451,0c0d01abf3e6adfca0989ebba9d6e85dd58eab1e,68,7034961603762,7034961.603762000000
2025-10-01,6,1723592854,13394005c1012e708fce1eb974f1130fdc73a5ce,64,190819549155,190819.549155000000
2025-10-01,7,1723640441,c30c8b862f7de6ba5d7eaeb113c78ec6b5ded04b,49,139312301109,139312.301109000000
2025-10-01,8,-593834472,0b6f8baa9372e6a0de1c2346ee85794fa89f5493,38,3936000000,3936.0000000000000000
2025-10-01,9,1899934735,111111125421ca6dc452d289314280a0f8842a65,37,373234584039,373234.584039000000
2025-10-01,10,-381547691,f5042e6ffac5a625d4e7848e0b01373d8eb9e222,35,102193877702,102193.877702000000
2025-10-01,11,2054943978,6a000f20005980200259b80c5102003040001068,34,4258803069094,4258803.069094000000
2025-10-01,12,2101584250,b685760ebd368a891f27ae547391f4e2a289895b,33,5414800421,5414.8004210000000000
2025-10-01,13,-599344120,0afb3a5a5074761b45c3b21ca68325a1f9323821,32,2658000000,2658.0000000000000000
2025-10-01,14,1851140606,9da75997624c697444958aded6790bfca96af19a,31,8882765278,8882.7652780000000000
2025-10-01,15,-472847201,779224df1c756b4edd899854f32a53e8c2b2ce5d,30,12294252596738,12294252.596738000000
2025-10-01,16,1381791786,1111111254eeb25477b68fb85ed929f73a960582,29,17074975655,17074.975655000000
2025-10-01,17,-432409579,e318ddd011f02cbde3b263b74fea101d84ac2e24,27,2273140000,2273.1400000000000000
2025-10-01,18,-103393091,45312ea0eff7e09c83cbe249fa1d7598c4c8cd4e,26,1590350931469,1590350.931469000000
2025-10-01,19,-186122954,66a9893cc07d91d95644aedd05d03f95e1dba8af,26,45413490460,45413.490460000000
2025-10-01,20,2004747019,a3222357a0eccf60c73606170be6c99adecb59b3,25,44732422717,44732.422717000000
2025-10-01,21,1844716471,bbbbbbbbbb9cc5e90e3b3af64bdaf62c37eeffcb,22,336640729104,336640.729104000000
2025-10-01,22,-561793933,63242a4ea82847b20e506b63b0e2e2eff0cc6cb0,21,3254730369612,3254730.369612000000
2025-10-01,23,-563226458,2c7ba291d216241d5bba35310e4ba622d4328e97,19,8369457599,8369.4575990000000000
2025-10-01,24,-517491810,5f9e436e4ada12210510e5752f527701f8479daf,19,1633415908,1633.4159080000000000
2025-10-01,25,-186006931,688e72142674041f8f6af4c808a4045ca1d6ac82,18,5839639911344,5839639.911344000000
2025-10-01,26,-483584513,9db9a6e5af57e20791b6e73fdcb4fa7867744a3c,18,1417390000,1417.3900000000000000
2025-10-01,27,2106851551,c38e4e6a15593f908255214653d3d947ca1c2338,16,387316754421,387316.754421000000
2025-10-01,28,867588846,4a14347083b80e5216ca31350a2d21702ac3650d,16,14503325483,14503.325483000000
2025-10-01,29,-577186117,207e1074858a7e78f17002075739ed2745dbaece,15,503727365597,503727.365597000000
2025-10-01,30,-298893455,47b0466b18e37e54ca2aa725cb2a216ae632519e,14,27941422994,27941.422994000000
2025-10-01,31,778726385,eda09779a50185a0a510cc3ebfb96a955a2f530e,13,11111894052,11111.894052000000
2025-10-01,32,-90650862,aac0c8eca1575f412197a7cb57ea18bfd77503a7,13,1199644230,1199.6442300000000000
2025-10-01,33,2077448806,fb742423e07bcb3290c410557de74aab3bb42117,12,2929162431,2929.1624310000000000
2025-10-01,34,1636575522,69460570c93f9de5e2edbc3052bf10125f0ca22d,11,10227902585,10227.902585000000
2025-10-01,35,1987444076,078bf499222bfcbbfb50ebb191270a9bac93ce44,10,291180895,291.1808950000000000
2025-10-01,36,-545772816,9480f3e97d93fcbf8526e569b0ff592f1b15dd3b,10,175000000,175.0000000000000000
2025-10-01,37,-600744340,a12b90ae40f8454daaacb4b5b052b307495df634,9,8382000000,8382.0000000000000000
2025-10-01,38,-576987644,6750320918527dec07852969bbdbba97724ec353,9,1689999506,1689.9995060000000000
2025-10-01,39,-626628085,daad3dd996e09fed1a8ba95319e60853294d15eb,9,1594800000,1594.8000000000000000
2025-10-01,40,-190721002,0da0840ace0adc3a8abbb51168a669d74e0afced,9,770000000,770.0000000000000000
2025-10-01,41,1852340564,625e92624bc2d88619accc1788365a69767f6200,8,1731137251394,1731137.251394000000
2025-10-01,42,-405694930,bbea90a356cb9c42bbfb8926051b191165f9bb6f,8,1210000000,1210.0000000000000000
2025-10-01,43,-164422572,fa0e06b54986ad96de87a8c56fea76fbd8d493f8,7,29790092930,29790.092930000000
2025-10-01,44,1703959945,bb3b6a8a9947ba3f91865fcc802e108a77ff9106,7,11822000000,11822.000000000000
2025-10-01,45,1876255079,6a849df3bf514fbd4c91c8440b74627540cff965,6,6001708597575,6001708.597575000000
2025-10-01,46,1608787768,ad3b67bca8935cb510c8d18bd45f0b94f54a968f,6,373014850133,373014.850133000000
2025-10-01,47,-570660398,8fb116573af622ca35cc48dc0b502630d94717d3,6,89163948092,89163.948092000000
2025-10-01,48,1843987934,383e6b4437b59fff47b619cba855ca29342a8559,6,24938469814,24938.469814000000
2025-10-01,49,1587123400,a7ca2c8673bcfa5a26d8ceec2887f2cc2b0db22a,6,2329129078,2329.1290780000000000
2025-10-01,50,2034702912,b300000b72deaeb607a12d5f54773d1c19c7028d,6,1426122714,1426.1227140000000000
2025-10-01,51,1113847572,663dc15d3c1ac63ff12e45ab68fea3f0a883c251,6,1010668313,1010.6683130000000000
2025-10-01,52,-581995150,e567cf760d7a55735c8046cbe0d398c231dc6b22,6,259844875,259.8448750000000000
2025-10-01,53,-557550779,ec2a5db122bb9c3484616479e49307468ff5ec2b,6,139940000,139.9400000000000000
2025-10-01,54,1670883199,ad54965a9bbb2e4cd004f6a04d9dece0cb19520e,5,7584857586,7584.8575860000000000
2025-10-01,55,-581780929,d51ea8d4fa8df02c6fb8559124ec259a7f9933f0,5,3114673906,3114.6739060000000000
2025-10-01,56,1543101446,6aa981bff95edfea36bdae98c26b274ffcafe8d3,5,3015099310,3015.0993100000000000
2025-10-01,57,-267166582,563a41f4b0844b117bd1aa42c291af168dd770d0,5,2193000000,2193.0000000000000000
2025-10-01,58,1008689046,dc71a1bdeabd3c347dc21e9354aff91ad375eb97,5,2190687759,2190.6877590000000000
2025-10-01,59,742132312,8f791f061d7f36dc07de081ad88f87d71be1585e,5,941878822,941.8788220000000000
2025-10-01,60,-629908030,b99a98a0ec58ef5e749eb909e9219aa65e0ba6e6,5,402000000,402.0000000000000000
2025-10-01,61,1704637310,643ea0885875a77bf8dc3e0f3ead866a125276b1,5,8828876,8.8288760000000000
2025-10-01,62,-90284824,00000688768803bbd44095770895ad27ad6b0d95,4,76915239104,76915.239104000000
2025-10-01,63,1329970747,f50be075ec9eb719ff2a40f4d061b91e51306bce,4,15757137639,15757.137639000000
2025-10-01,64,-476503275,845e4f742aeb7210576d18dd0a4229c10ab1d05c,4,12005000000,12005.000000000000
2025-10-01,65,-577222316,25233ddd68dac9ac40e1e8d80c58d36b524032b2,4,10977740042,10977.740042000000
2025-10-01,66,1939271801,3337a3b55c739947204ad5551904204659a7ea6b,4,5667321113,5667.3211130000000000
2025-10-01,67,-380382790,20167ef53450f44fd572c891839620c7fa4d84ad,4,1935400000,1935.4000000000000000
2025-10-01,68,-390750944,4bab2cb2ed6ee2d564ba5398cab4161d95e58f1b,4,1759220270,1759.2202700000000000
2025-10-01,69,1504476118,5c72246d70099fb6356df981e02a09cc99a38857,4,1540900000,1540.9000000000000000
2025-10-01,70,758108997,cb04280287750347925f33e7d54ca27cc861dfc2,4,1535740000,1535.7400000000000000
2025-10-01,71,912522663,ebb09c5f3d0b2dd5e70ef42d9875be002ae3347d,4,1221747971,1221.7479710000000000
2025-10-01,72,591020512,330dad06ec5a570bd745e165103dd80660c4c4fe,4,656457510,656.4575100000000000
2025-10-01,73,-577226985,1e1ed00f1048c99240bb56defc20de44a0a005cb,4,653694899,653.6948990000000000
2025-10-01,74,-267877486,2d3d7d4f0842d01f504b0e5f56ba0aceb134dddc,4,569863920,569.8639200000000000
2025-10-01,75,-597232355,fc9dbf3024cb1c964555f75f8c7ef4293276f9cc,4,150000000,150.0000000000000000
2025-10-01,76,934876971,378ba9b73309be80bf4c2c027aad799766a7ed5a,4,20523238,20.5232380000000000
2025-10-01,77,1663246624,cf5540fffcdc3d510b18bfca6d2b9987b0772559,3,3045085951306,3045085.951306000000
2025-10-01,78,-527793138,a632d59b9b804a956bfaa9b48af3a1b74808fc1f,3,154129451875,154129.451875000000
2025-10-01,79,598874502,ed5bd59ae895b737cdc797bf9f23ee57d62b8ee1,3,8870179842,8870.1798420000000000
2025-10-01,80,1699176572,51c72848c68a965f66fa7a88855f9f7784502a7f,3,4381238513,4381.2385130000000000
2025-10-01,81,-332876766,84681b68a02724d257b435ee066f3aa45c81654d,3,2835000000,2835.0000000000000000
2025-10-01,82,-261161997,8939b7b73bfd44fea6e9d5ecd18693757ee3bd9a,3,1239918215,1239.9182150000000000
2025-10-01,83,717908433,911eed219fc766f8ff998046715e81eb88f6c111,3,1035265262,1035.2652620000000000
2025-10-01,84,-505276990,78f52c737c7b065d0b4ee538148b26ced2ce3812,3,900000000,900.0000000000000000
2025-10-01,85,-554244888,c4f360a663218f6fe3e2bc795c7c54faadace5e0,3,762344635,762.3446350000000000
2025-10-01,86,-569371677,a91e59590743a6d6e8c6dae38d64ae7599e93d4f,3,458200000,458.2000000000000000
2025-10-01,87,-609654200,f62a9ed6788b0b640289e176ee3c080144cb9544,3,430000000,430.0000000000000000
2025-10-01,88,893398926,def171fe48cf0115b1d80b88dc8eab59176fee57,3,299236190,299.2361900000000000
2025-10-01,89,-151409725,549ab6069fe2b039e24c39e635b5f15d71734d15,3,170000000,170.0000000000000000
2025-10-01,90,1862811914,85d81ee851d36423a5784cd3cb6f1a1193cb5978,3,145231425,145.2314250000000000
2025-10-01,91,-583837979,41d1225b2363565f582259712420140904b362d5,3,139560000,139.5600000000000000
2025-10-01,92,-607810189,d0fc72ad5785ffe3d26fbaa64e494443e2b4458d,3,119851960,119.8519600000000000
2025-10-01,93,966542811,b07e7519042bb896e352b2cfd3ab71972274e4b4,3,66336338,66.3363380000000000
2025-10-01,94,1703026290,4a4d2410c3d4cfa8dd0d275bedefbd2f7b61ba2e,3,241839,0.24183900000000000000
2025-10-01,95,-323129525,6e4141d33021b52c91c28608403db4a0ffb50ec6,2,5512411219683,5512411.219683000000
2025-10-01,96,1889100952,34c0bd5877a5ee7099d0f5688d65f4bb9158bde2,2,153763986530,153763.986530000000
2025-10-01,97,1030167476,053fa362f5459cf61037d8b554b5cfb055a7a4d3,2,50019822119,50019.822119000000
2025-10-01,98,-335518857,beef02961503351625926ea9a11ae13b29f5c555,2,44233328364,44233.328364000000
2025-10-01,99,-396167535,26d8da52e56de71194950689ccf74cd309761324,2,19184773243,19184.773243000000
2025-10-01,100,765147013,df15ddb8a27e689f3b43d60c3bf13c3f312d388a,2,17568474659,17568.474659000000
2025-11-01,1,1250544290,a9d1e08c7793af67e9d92fe308d5697fb81d3e43,1279,8112747703189,8112747.703189000000
2025-11-01,2,1899839451,0c0d01abf3e6adfca0989ebba9d6e85dd58eab1e,106,55106773100507,55106773.100507000000
2025-11-01,3,2004747019,a3222357a0eccf60c73606170be6c99adecb59b3,101,84581561724,84581.561724000000
2025-11-01,4,1364872031,1231deb6f5749ef6ce6943a275a1d3e7486f4eae,79,1275336275740,1275336.275740000000
2025-11-01,5,1723592854,13394005c1012e708fce1eb974f1130fdc73a5ce,72,186177796366,186177.796366000000
2025-11-01,6,881197687,9008d19f58aabd9ed0d60971565aa8510560ab41,57,12210043464355,12210043.464355000000
2025-11-01,7,616036061,74de5d4fcbf63e00296fd95d33236b9794016631,53,28201928168,28201.928168000000
2025-11-01,8,-483584513,9db9a6e5af57e20791b6e73fdcb4fa7867744a3c,40,3100340000,3100.3400000000000000
2025-11-01,9,2101584250,b685760ebd368a891f27ae547391f4e2a289895b,39,8254647572,8254.6475720000000000
2025-11-01,10,-381547691,f5042e6ffac5a625d4e7848e0b01373d8eb9e222,34,375288640818,375288.640818000000
2025-11-01,11,1723640441,c30c8b862f7de6ba5d7eaeb113c78ec6b5ded04b,34,52207379176,52207.379176000000
2025-11-01,12,2054943978,6a000f20005980200259b80c5102003040001068,31,1724902569543,1724902.569543000000
2025-11-01,13,-483667372,1ad4bf61c5bb33f4f4c775713d33ba8e6f16f4c1,30,826400000,826.4000000000000000
2025-11-01,14,1899934735,111111125421ca6dc452d289314280a0f8842a65,26,2957174031764,2957174.031764000000
2025-11-01,15,-103393091,45312ea0eff7e09c83cbe249fa1d7598c4c8cd4e,25,2703618351986,2703618.351986000000
2025-11-01,16,1636575522,69460570c93f9de5e2edbc3052bf10125f0ca22d,22,5517797203,5517.7972030000000000
2025-11-01,17,-186006931,688e72142674041f8f6af4c808a4045ca1d6ac82,20,947461930596,947461.930596000000
2025-11-01,18,-298893455,47b0466b18e37e54ca2aa725cb2a216ae632519e,18,24952692153,24952.692153000000
2025-11-01,19,-569371677,a91e59590743a6d6e8c6dae38d64ae7599e93d4f,18,534630000,534.6300000000000000
2025-11-01,20,867588846,4a14347083b80e5216ca31350a2d21702ac3650d,17,20612556548,20612.556548000000
2025-11-01,21,209499427,d152f549545093347a162dce210e7293f1452150,17,20000000000,20000.000000000000
2025-11-01,22,-90650862,aac0c8eca1575f412197a7cb57ea18bfd77503a7,17,1024950000,1024.9500000000000000
2025-11-01,23,-577186117,207e1074858a7e78f17002075739ed2745dbaece,16,63413452919,63413.452919000000
2025-11-01,24,-186122954,66a9893cc07d91d95644aedd05d03f95e1dba8af,14,3051441202,3051.4412020000000000
2025-11-01,25,-561793933,63242a4ea82847b20e506b63b0e2e2eff0cc6cb0,12,859758799070,859758.799070000000
2025-11-01,26,882991179,6c12974ab983c064f11a3e787d1a539f86ff57d4,11,24404983355,24404.983355000000
2025-11-01,27,-411206630,9318f8c80adb3055ca24f6dda295f79e42397768,11,3144084775,3144.0847750000000000
2025-11-01,28,742132312,8f791f061d7f36dc07de081ad88f87d71be1585e,10,4229170600,4229.1706000000000000
2025-11-01,29,-432409579,e318ddd011f02cbde3b263b74fea101d84ac2e24,10,1051930000,1051.9300000000000000
2025-11-01,30,-642204277,ba98fc35c9dfd69178ad5dce9fa29c64554783b5,9,11746530400580,11746530.400580000000
2025-11-01,31,1876255079,6a849df3bf514fbd4c91c8440b74627540cff965,9,9116225118107,9116225.118107000000
2025-11-01,32,2106851551,c38e4e6a15593f908255214653d3d947ca1c2338,9,64511272078,64511.272078000000
2025-11-01,33,1703959945,bb3b6a8a9947ba3f91865fcc802e108a77ff9106,9,16048000000,16048.000000000000
2025-11-01,34,778726385,eda09779a50185a0a510cc3ebfb96a955a2f530e,9,6585676109,6585.6761090000000000
2025-11-01,35,912522663,ebb09c5f3d0b2dd5e70ef42d9875be002ae3347d,9,3233280267,3233.2802670000000000
2025-11-01,36,-90284824,00000688768803bbd44095770895ad27ad6b0d95,8,270834104668,270834.104668000000
2025-11-01,37,1113847572,663dc15d3c1ac63ff12e45ab68fea3f0a883c251,8,20856839900,20856.839900000000
2025-11-01,38,423113715,433121346937af0c1d3c86ddc61c5717ce86ead0,8,1808862642,1808.8626420000000000
2025-11-01,39,1381791786,1111111254eeb25477b68fb85ed929f73a960582,7,2915682359,2915.6823590000000000
2025-11-01,40,-607810189,d0fc72ad5785ffe3d26fbaa64e494443e2b4458d,7,449107471,449.1074710000000000
2025-11-01,41,1862811914,85d81ee851d36423a5784cd3cb6f1a1193cb5978,7,396913424,396.9134240000000000
2025-11-01,42,-335518857,beef02961503351625926ea9a11ae13b29f5c555,6,1419741295552,1419741.295552000000
2025-11-01,43,1368365273,b5ba87013c9875a0788d8dc713e34fabdc1c8743,6,2914309574,2914.3095740000000000
2025-11-01,44,-616509418,a68228bc1cd68b9024ab527a31e88851e079eee4,6,2353738012,2353.7380120000000000
2025-11-01,45,1851140606,9da75997624c697444958aded6790bfca96af19a,6,1801431490,1801.4314900000000000
2025-11-01,46,-609654200,f62a9ed6788b0b640289e176ee3c080144cb9544,6,625003355,625.0033550000000000
2025-11-01,47,-557550779,ec2a5db122bb9c3484616479e49307468ff5ec2b,6,139940000,139.9400000000000000
2025-11-01,48,1893386897,beef02e5e13584ab96848af90261f0c8ee04722a,5,1235071143196,1235071.143196000000
2025-11-01,49,-527793138,a632d59b9b804a956bfaa9b48af3a1b74808fc1f,5,330626906134,330626.906134000000
2025-11-01,50,-570660398,8fb116573af622ca35cc48dc0b502630d94717d3,5,106977283241,106977.283241000000
2025-11-01,51,1852340564,625e92624bc2d88619accc1788365a69767f6200,5,65262134748,65262.134748000000
2025-11-01,52,-92935634,d74b9a17b5a3011ad4fa9480a7acb2f58366311a,5,2727213281,2727.2132810000000000
2025-11-01,53,-587970841,d49307129c5172feaf90749a7cb1cb7bfd0d4694,5,1489270000,1489.2700000000000000
2025-11-01,54,-563600489,ce8b547b89b10be9008d9f7a0557ec2182f8768e,5,725813333,725.8133330000000000
2025-11-01,55,-657992946,b6db81368a00fc9aa8bcb091d09189b97b65f6a5,5,536500000,536.5000000000000000
2025-11-01,56,-597232355,fc9dbf3024cb1c964555f75f8c7ef4293276f9cc,5,240000000,240.0000000000000000
2025-11-01,57,-545772816,9480f3e97d93fcbf8526e569b0ff592f1b15dd3b,5,145000000,145.0000000000000000
2025-11-01,58,1663246624,cf5540fffcdc3d510b18bfca6d2b9987b0772559,4,2425041661603,2425041.661603000000
2025-11-01,59,-164422572,fa0e06b54986ad96de87a8c56fea76fbd8d493f8,4,282196934435,282196.934435000000
2025-11-01,60,1215764398,5deaef6ecbd02b91da53f4bff07040ae23a8c907,4,22902560521,22902.560521000000
2025-11-01,61,-476503275,845e4f742aeb7210576d18dd0a4229c10ab1d05c,4,12005000000,12005.000000000000
2025-11-01,62,2018557174,a8c1c98aaf99a5dfc907d61b892b2ad624901185,4,2902271691,2902.2716910000000000
2025-11-01,63,-259225175,c089ed0adf615d882015e1f13ee97a3779898182,4,2332194498,2332.1944980000000000
2025-11-01,64,-630802280,f6801d319497789f934ec7f83e142a9536312b08,4,1504854834,1504.8548340000000000
2025-11-01,65,2112176889,f7831612a18d3cdf811305adec4be50af8bd136b,4,1299592429,1299.5924290000000000
2025-11-01,66,2034702912,b300000b72deaeb607a12d5f54773d1c19c7028d,4,849817626,849.8176260000000000
2025-11-01,67,-344257122,f991c979bf629f40754df814882dc9a88a68dc50,4,357359948,357.3599480000000000
2025-11-01,68,-663128304,838a54e4443c66a864b4579607a0887a7c8c432f,4,249000000,249.0000000000000000
2025-11-01,69,-190721002,0da0840ace0adc3a8abbb51168a669d74e0afced,4,237000000,237.0000000000000000
2025-11-01,70,-577226985,1e1ed00f1048c99240bb56defc20de44a0a005cb,4,174533266,174.5332660000000000
2025-11-01,71,1704637310,643ea0885875a77bf8dc3e0f3ead866a125276b1,4,6564457,6.5644570000000000
2025-11-01,72,1843987934,383e6b4437b59fff47b619cba855ca29342a8559,3,2801775914529,2801775.914529000000
2025-11-01,73,2081859416,e3490297a08d6fc8da46edb7b6142e4f461b62d3,3,999989104363,999989.104363000000
2025-11-01,74,-472847201,779224df1c756b4edd899854f32a53e8c2b2ce5d,3,316000000000,316000.000000000000
2025-11-01,75,2000202299,888888888889758f76e7103c6cbf23abbf58f946,3,206159356286,206159.356286000000
2025-11-01,76,2145174805,70bf6634ee8cb27d04478f184b9b8bb13e5f4710,3,206108725978,206108.725978000000
2025-11-01,77,11145352,5c0ac266833e36e98edb52070bcea5be6c1145c6,3,125328816267,125328.816267000000
2025-11-01,78,556510343,3689c216f8f6ce7e2ce2a27c81a23096a787f532,3,27085621570,27085.621570000000
2025-11-01,79,1844716471,bbbbbbbbbb9cc5e90e3b3af64bdaf62c37eeffcb,3,16044000000,16044.000000000000
2025-11-01,80,-429194382,83ad394ecd405fe372579b0e5d0d78143469e69c,3,7995000000,7995.0000000000000000
2025-11-01,81,603693426,ccc6cb49c8bf20c09a554a629dcbafeef16fca08,3,5333000000,5333.0000000000000000
2025-11-01,82,966732020,a4d65fd5017bb20904603f0a174bbbd04f81757c,3,3045802426,3045.8024260000000000
2025-11-01,83,598874502,ed5bd59ae895b737cdc797bf9f23ee57d62b8ee1,3,3002000000,3002.0000000000000000
2025-11-01,84,1008689046,dc71a1bdeabd3c347dc21e9354aff91ad375eb97,3,1622108483,1622.1084830000000000
2025-11-01,85,-652074134,b92fe925dc43a0ecde6c8b1a2709c170ec4fff4f,3,1318907044,1318.9070440000000000
2025-11-01,86,1504476118,5c72246d70099fb6356df981e02a09cc99a38857,3,837049512,837.0495120000000000
2025-11-01,87,1026433703,0716620e0a3da5ae123a9eb56e7874b1caaa4f33,3,360000000,360.0000000000000000
2025-11-01,88,1305271371,ddea92ba197495b8ce4c9e34e36f8ce6945a027e,3,239383820,239.3838200000000000
2025-11-01,89,-621047316,8392876883cf0e9e7ee24d9b1f606ed88644f23b,3,228735219,228.7352190000000000
2025-11-01,90,934876971,378ba9b73309be80bf4c2c027aad799766a7ed5a,3,90693649,90.6936490000000000
2025-11-01,91,-644928418,9f368e016b630688400801ce0b635abd9e486b83,3,85285968,85.2859680000000000
2025-11-01,92,-651477053,af2eb9f207a3c5bc93c9aa56487a47a61c85d730,3,45007501,45.0075010000000000
2025-11-01,93,578337618,3a5cc8689d1b0cef2c317bc5c0ad6ce88b27d597,3,10728550,10.7285500000000000
2025-11-01,94,-637941652,112f97d31097b6557b9c2a1907272b23ab5803e3,3,1870927,1.8709270000000000
2025-11-01,95,2011583359,8fb66f38cf86a3d5e8768f8f1754a24a6c661fb8,3,713545,0.71354500000000000000
2025-11-01,96,1073934520,0cc2caed31490b546c741bd93dbba8ab387f7f2c,2,10109970000,10109.970000000000
2025-11-01,97,731999629,1d842fa7b6e657ec7aa31af4d1c0d6bcd2336dfe,2,10000006471,10000.0064710000000000
2025-11-01,98,-668181988,89bc5996b2d401b1a0407317de423cfbb54b232d,2,5208870949,5208.8709490000000000
2025-11-01,99,1000481186,56cb7c468adf7706a7a9f0ef168f935c796edec8,2,4998366658,4998.3666580000000000
2025-11-01,100,-331601069,3611b82c7b13e72b26eb0e9be0613bee7a45ac7c,2,2707150174,2707.1501740000000000
2025-12-01,1,1250544290,a9d1e08c7793af67e9d92fe308d5697fb81d3e43,1391,2100629750284,2100629.750284000000
2025-12-01,2,1364872031,1231deb6f5749ef6ce6943a275a1d3e7486f4eae,81,1327645231423,1327645.231423000000
2025-12-01,3,616036061,74de5d4fcbf63e00296fd95d33236b9794016631,70,25305480746,25305.480746000000
2025-12-01,4,2004747019,a3222357a0eccf60c73606170be6c99adecb59b3,69,40816152985,40816.152985000000
2025-12-01,5,1723592854,13394005c1012e708fce1eb974f1130fdc73a5ce,57,134013246838,134013.246838000000
2025-12-01,6,1723640441,c30c8b862f7de6ba5d7eaeb113c78ec6b5ded04b,56,23206165164,23206.165164000000
2025-12-01,7,-728541863,15111cf45947753367a242009b6a775f1993aaf9,45,169490,0.16949000000000000000
2025-12-01,8,-483584513,9db9a6e5af57e20791b6e73fdcb4fa7867744a3c,42,3982470000,3982.4700000000000000
2025-12-01,9,2101584250,b685760ebd368a891f27ae547391f4e2a289895b,38,9168611682,9168.6116820000000000
2025-12-01,10,1899839451,0c0d01abf3e6adfca0989ebba9d6e85dd58eab1e,35,94354124344916,94354124.344916000000
2025-12-01,11,778726385,eda09779a50185a0a510cc3ebfb96a955a2f530e,34,44547963514,44547.963514000000
2025-12-01,12,881197687,9008d19f58aabd9ed0d60971565aa8510560ab41,32,11425968872118,11425968.872118000000
2025-12-01,13,-708818989,051898125b03e34aaabf8fb16fa130f002787a41,27,119432,0.11943200000000000000
2025-12-01,14,-561793933,63242a4ea82847b20e506b63b0e2e2eff0cc6cb0,25,1289517008869,1289517.008869000000
2025-12-01,15,1899934735,111111125421ca6dc452d289314280a0f8842a65,25,150261348280,150261.348280000000
2025-12-01,16,-527793138,a632d59b9b804a956bfaa9b48af3a1b74808fc1f,23,155178330252,155178.330252000000
2025-12-01,17,-713314274,f46486b2aedecec9d2768ca95c56e1b465d35e90,23,88462,0.08846200000000000000
2025-12-01,18,867588846,4a14347083b80e5216ca31350a2d21702ac3650d,21,53582782503,53582.782503000000
2025-12-01,19,-381547691,f5042e6ffac5a625d4e7848e0b01373d8eb9e222,21,3376200924,3376.2009240000000000
2025-12-01,20,2054943978,6a000f20005980200259b80c5102003040001068,20,6452008448951,6452008.448951000000
2025-12-01,21,1381791786,1111111254eeb25477b68fb85ed929f73a960582,18,43607401060,43607.401060000000
2025-12-01,22,1636575522,69460570c93f9de5e2edbc3052bf10125f0ca22d,18,11146118251,11146.118251000000
2025-12-01,23,1987444076,078bf499222bfcbbfb50ebb191270a9bac93ce44,18,889955393,889.9553930000000000
2025-12-01,24,-483667372,1ad4bf61c5bb33f4f4c775713d33ba8e6f16f4c1,18,267800000,267.8000000000000000
2025-12-01,25,-690694366,7cd6adfc9582b9681ad7c8491c40034635d2316b,16,3571780000,3571.7800000000000000
2025-12-01,26,-697001136,5a1b2acd0c9992e14f2b6d8a326023e35a097a3a,14,60963840497,60963.840497000000
2025-12-01,27,-642204277,ba98fc35c9dfd69178ad5dce9fa29c64554783b5,13,4656858079913,4656858.079913000000
2025-12-01,28,742132312,8f791f061d7f36dc07de081ad88f87d71be1585e,12,2223852942,2223.8529420000000000
2025-12-01,29,-719552300,fc308b01e0aca95c33efc9d4322dcd05f407b9ee,12,43044,0.04304400000000000000
2025-12-01,30,-186122954,66a9893cc07d91d95644aedd05d03f95e1dba8af,11,125772548541,125772.548541000000
2025-12-01,31,-577186117,207e1074858a7e78f17002075739ed2745dbaece,11,30773230766,30773.230766000000
2025-12-01,32,-411206630,9318f8c80adb3055ca24f6dda295f79e42397768,11,3582571666,3582.5716660000000000
2025-12-01,33,-697053802,bdb9f958e2f0e38d89173374e24ee335b50ed128,11,193821948,193.8219480000000000
2025-12-01,34,1844716471,bbbbbbbbbb9cc5e90e3b3af64bdaf62c37eeffcb,10,38700890000,38700.890000000000
2025-12-01,35,-103393091,45312ea0eff7e09c83cbe249fa1d7598c4c8cd4e,9,1261493509217,1261493.509217000000
2025-12-01,36,-298893455,47b0466b18e37e54ca2aa725cb2a216ae632519e,9,18125487166,18125.487166000000
2025-12-01,37,1851140606,9da75997624c697444958aded6790bfca96af19a,9,4498503453,4498.5034530000000000
2025-12-01,38,-727371478,d40dc47ae7e7d26f2ac20f41347ff7db7e81f9b5,9,34583,0.03458300000000000000
2025-12-01,39,-570660398,8fb116573af622ca35cc48dc0b502630d94717d3,8,205203872551,205203.872551000000
2025-12-01,40,-90650862,aac0c8eca1575f412197a7cb57ea18bfd77503a7,8,432000000,432.0000000000000000
2025-12-01,41,-726833403,7cb8721e50280ec28930900fa93ac3813051d7a5,8,41954,0.04195400000000000000
2025-12-01,42,-164422572,fa0e06b54986ad96de87a8c56fea76fbd8d493f8,7,323341455331,323341.455331000000
2025-12-01,43,2106851551,c38e4e6a15593f908255214653d3d947ca1c2338,7,14749626889,14749.626889000000
2025-12-01,44,717908433,911eed219fc766f8ff998046715e81eb88f6c111,7,8120279207,8120.2792070000000000
2025-12-01,45,423113715,433121346937af0c1d3c86ddc61c5717ce86ead0,7,1362948023,1362.9480230000000000
2025-12-01,46,1113847572,663dc15d3c1ac63ff12e45ab68fea3f0a883c251,7,1183494945,1183.4949450000000000
2025-12-01,47,-426749421,3d90f66b534dd8482b181e24655a9e8265316be9,7,733221824,733.2218240000000000
2025-12-01,48,-644928418,9f368e016b630688400801ce0b635abd9e486b83,7,342901052,342.9010520000000000
2025-12-01,49,-656645434,fcc8ba6d6fe060e264ec8631a564a227bce1da9d,7,342680000,342.6800000000000000
2025-12-01,50,-720960542,c62848f7ca6f25ceeac7ecf826e3e0fc129866a8,7,27954,0.02795400000000000000
2025-12-01,51,-714004827,252845ccee34e93ffdaa0cf19b68426b07787a4e,7,5002,0.00500200000000000000
2025-12-01,52,1663246624,cf5540fffcdc3d510b18bfca6d2b9987b0772559,6,1418208445066,1418208.445066000000
2025-12-01,53,-186006931,688e72142674041f8f6af4c808a4045ca1d6ac82,6,160880468097,160880.468097000000
2025-12-01,54,-294947734,9479980bec3635b2f784e8506a0b3602f05f4e5d,6,25810816765,25810.816765000000
2025-12-01,55,-652074134,b92fe925dc43a0ecde6c8b1a2709c170ec4fff4f,6,9900371619,9900.3716190000000000
2025-12-01,56,882991179,6c12974ab983c064f11a3e787d1a539f86ff57d4,6,6276447633,6276.4476330000000000
2025-12-01,57,-432409579,e318ddd011f02cbde3b263b74fea101d84ac2e24,6,676170000,676.1700000000000000
2025-12-01,58,-663128304,838a54e4443c66a864b4579607a0887a7c8c432f,6,295747473,295.7474730000000000
2025-12-01,59,2011583359,8fb66f38cf86a3d5e8768f8f1754a24a6c661fb8,6,1594745,1.5947450000000000
2025-12-01,60,-717571125,14113ca43baa8b4ee0521fd625c49e57a59db621,6,34992,0.03499200000000000000
2025-12-01,61,598874502,ed5bd59ae895b737cdc797bf9f23ee57d62b8ee1,5,3064992137,3064.9921370000000000
2025-12-01,62,2112176889,f7831612a18d3cdf811305adec4be50af8bd136b,5,2497297097,2497.2970970000000000
2025-12-01,63,-267497407,2d4d6cdd57cbdfb99d10138060847cab6aca0e8b,5,884900000,884.9000000000000000
2025-12-01,64,1862811914,85d81ee851d36423a5784cd3cb6f1a1193cb5978,5,821791713,821.7917130000000000
2025-12-01,65,-557550779,ec2a5db122bb9c3484616479e49307468ff5ec2b,5,99950000,99.9500000000000000
2025-12-01,66,-712473695,8557669f0fd426e9842db4a3cf7898dda80725f4,5,20866,0.02086600000000000000
2025-12-01,67,-722644240,2b8cec806270f6e11fc8e634eac487a6b53a3662,5,19272,0.01927200000000000000
2025-12-01,68,-723755652,9c57fef009c496e45378183169b7f3277c8b22cc,5,9130,0.00913000000000000000
2025-12-01,69,2034702912,b300000b72deaeb607a12d5f54773d1c19c7028d,4,1000232427300,1000232.427300000000
2025-12-01,70,1508839826,3ef3d8ba38ebe18db133cec108f4d14ce00dd9ae,4,152956235670,152956.235670000000
2025-12-01,71,2145174805,70bf6634ee8cb27d04478f184b9b8bb13e5f4710,4,63159665968,63159.665968000000
2025-12-01,72,2018557174,a8c1c98aaf99a5dfc907d61b892b2ad624901185,4,42210059931,42210.059931000000
2025-12-01,73,-90284824,00000688768803bbd44095770895ad27ad6b0d95,4,16461391205,16461.391205000000
2025-12-01,74,-501359989,d1b823c73cb00a692e027a985eb990d88bc5b880,4,7119880110,7119.8801100000000000
2025-12-01,75,1368365273,b5ba87013c9875a0788d8dc713e34fabdc1c8743,4,3283751463,3283.7514630000000000
2025-12-01,76,912522663,ebb09c5f3d0b2dd5e70ef42d9875be002ae3347d,4,2381746768,2381.7467680000000000
2025-12-01,77,1543101446,6aa981bff95edfea36bdae98c26b274ffcafe8d3,4,1024283323,1024.2833230000000000
2025-12-01,78,-663402342,83236b4c201cabb6981d2f4642b6c892bcf3f621,4,750715488,750.7154880000000000
2025-12-01,79,-563600489,ce8b547b89b10be9008d9f7a0557ec2182f8768e,4,643269725,643.2697250000000000
2025-12-01,80,-569371677,a91e59590743a6d6e8c6dae38d64ae7599e93d4f,4,213120000,213.1200000000000000
2025-12-01,81,-545772816,9480f3e97d93fcbf8526e569b0ff592f1b15dd3b,4,90000000,90.0000000000000000
2025-12-01,82,-687774163,729a422b6f25fb868b3b93a7d21a4d42c1172114,4,60000000,60.0000000000000000
2025-12-01,83,1703026290,4a4d2410c3d4cfa8dd0d275bedefbd2f7b61ba2e,4,155761,0.15576100000000000000
2025-12-01,84,-725267898,63e8adee878f40108a7c2bf168c9f8e0a338b4ae,4,18119,0.01811900000000000000
2025-12-01,85,-726183524,f96e75576a556f91b179ed11b290260a3c5d2b9e,4,14477,0.01447700000000000000
2025-12-01,86,-699289643,fa60ab1cbbd457796ccb649567e63b1441f0167e,4,14051,0.01405100000000000000
2025-12-01,87,2081859416,e3490297a08d6fc8da46edb7b6142e4f461b62d3,3,200006011983,200006.011983000000
2025-12-01,88,-723221885,23b72162199d20aecf7542f58b2b079223e7f2ec,3,27312156999,27312.156999000000
2025-12-01,89,-604948177,54272de81c30d58220df49cab6852c78a408f444,3,18281870000,18281.870000000000
2025-12-01,90,-476503275,845e4f742aeb7210576d18dd0a4229c10ab1d05c,3,11000000000,11000.000000000000
2025-12-01,91,-669391713,8fc3a723de11f466eaa7cc086132caf8a59ffc1a,3,6759916485,6759.9164850000000000
2025-12-01,92,1380061127,1de3966a05a27df7077eb891ff46c52a9943b3f1,3,3865670000,3865.6700000000000000
2025-12-01,93,966732020,a4d65fd5017bb20904603f0a174bbbd04f81757c,3,3447699098,3447.6990980000000000
2025-12-01,94,-100113062,18dc29ca1b75c9a07d4d8f82b5676a0b2b4725b4,3,3442515951,3442.5159510000000000
2025-12-01,95,-675010899,6e4dbabee4b32068441c09fa8c231d7323fe88a2,3,2710337239,2710.3372390000000000
2025-12-01,96,2014270478,af62aecc38802de1765733c40c55a28584779729,3,2453318762,2453.3187620000000000
2025-12-01,97,-390750944,4bab2cb2ed6ee2d564ba5398cab4161d95e58f1b,3,2387663201,2387.6632010000000000
2025-12-01,98,-609654200,f62a9ed6788b0b640289e176ee3c080144cb9544,3,1638000000,1638.0000000000000000
2025-12-01,99,-591566463,d2b37ade14708bf18904047b1e31f8166d39612b,3,1120950284,1120.9502840000000000
2025-12-01,100,-659726435,dd23664247374db697ad0507ecaf1b585dddcc81,3,913600000,913.6000000000000000
2026-01-01,1,1250544290,a9d1e08c7793af67e9d92fe308d5697fb81d3e43,1485,5696094924802,5696094.924802000000
2026-01-01,2,-784244866,530b81cff64f6143a737478675208283a6e2b808,182,32781,0.03278100000000000000
2026-01-01,3,1364872031,1231deb6f5749ef6ce6943a275a1d3e7486f4eae,114,402383412016,402383.412016000000
2026-01-01,4,-728541863,15111cf45947753367a242009b6a775f1993aaf9,103,4603936,4.6039360000000000
2026-01-01,5,-652074134,b92fe925dc43a0ecde6c8b1a2709c170ec4fff4f,102,6457921860,6457.9218600000000000
2026-01-01,6,-778966138,d01cd4f59937abbea9094e01d24f648262930308,100,3556770000,3556.7700000000000000
2026-01-01,7,-771005539,2b22d2cfadbec7740889748be09493608f8e176e,82,3940837,3.9408370000000000
2026-01-01,8,1723592854,13394005c1012e708fce1eb974f1130fdc73a5ce,73,190897665811,190897.665811000000
2026-01-01,9,2004747019,a3222357a0eccf60c73606170be6c99adecb59b3,72,92899246821,92899.246821000000
2026-01-01,10,881197687,9008d19f58aabd9ed0d60971565aa8510560ab41,59,12969559643353,12969559.643353000000
2026-01-01,11,-561793933,63242a4ea82847b20e506b63b0e2e2eff0cc6cb0,48,8194965424282,8194965.424282000000
2026-01-01,12,616036061,74de5d4fcbf63e00296fd95d33236b9794016631,46,38976084539,38976.084539000000
2026-01-01,13,-483584513,9db9a6e5af57e20791b6e73fdcb4fa7867744a3c,46,1858660000,1858.6600000000000000
2026-01-01,14,1723640441,c30c8b862f7de6ba5d7eaeb113c78ec6b5ded04b,41,23683209754,23683.209754000000
2026-01-01,15,-545772816,9480f3e97d93fcbf8526e569b0ff592f1b15dd3b,41,150000000,150.0000000000000000
2026-01-01,16,1899934735,111111125421ca6dc452d289314280a0f8842a65,34,439864478328,439864.478328000000
2026-01-01,17,-411206630,9318f8c80adb3055ca24f6dda295f79e42397768,34,12798051539,12798.051539000000
2026-01-01,18,-527793138,a632d59b9b804a956bfaa9b48af3a1b74808fc1f,32,109825019586,109825.019586000000
2026-01-01,19,-663402342,83236b4c201cabb6981d2f4642b6c892bcf3f621,31,4436972266,4436.9722660000000000
2026-01-01,20,-776745749,d61aee1ba606f5984982e14e38002fe991a84e39,30,3084183,3.0841830000000000
2026-01-01,21,778726385,eda09779a50185a0a510cc3ebfb96a955a2f530e,29,27874242946,27874.242946000000
2026-01-01,22,2101584250,b685760ebd368a891f27ae547391f4e2a289895b,29,6430325467,6430.3254670000000000
2026-01-01,23,-103393091,45312ea0eff7e09c83cbe249fa1d7598c4c8cd4e,28,1074125158433,1074125.158433000000
2026-01-01,24,-783255786,6899654359d30c21d950952ed7508dc2de906950,28,280000,0.28000000000000000000
2026-01-01,25,-776729757,309305748b8979a5cf8c06fd093958bdfbc5fc8d,27,3077632,3.0776320000000000
2026-01-01,26,-778026490,d07b168b05dd898ffc29e64707d82a7a15e0dd77,27,270000,0.27000000000000000000
2026-01-01,27,1899839451,0c0d01abf3e6adfca0989ebba9d6e85dd58eab1e,26,8875153398862,8875153.398862000000
2026-01-01,28,-777975922,b4c942bb1352fd2f806663c722c69624573ad78c,26,3096425,3.0964250000000000
2026-01-01,29,-776764628,142817e03ea8aa597aecf9055dc44b4d15cc7871,26,3084411,3.0844110000000000
2026-01-01,30,-835853065,15d83484b9c8bfef0d65d76887627b15d4a4dc6c,26,260000,0.26000000000000000000
2026-01-01,31,-777984545,9611e0bf3853fe596a4a119671a6b196451d488e,26,260000,0.26000000000000000000
2026-01-01,32,-780619850,887b133d3208b304181496127c7be48e0ef4cd8d,26,260000,0.26000000000000000000
2026-01-01,33,-779149700,7069540a3353dfdd9a71b818e580aa4fc490723b,26,260000,0.26000000000000000000
2026-01-01,34,1844716471,bbbbbbbbbb9cc5e90e3b3af64bdaf62c37eeffcb,25,2649420869446,2649420.869446000000
2026-01-01,35,-164422572,fa0e06b54986ad96de87a8c56fea76fbd8d493f8,25,336482905928,336482.905928000000
2026-01-01,36,867588846,4a14347083b80e5216ca31350a2d21702ac3650d,25,47902530234,47902.530234000000
2026-01-01,37,-381547691,f5042e6ffac5a625d4e7848e0b01373d8eb9e222,25,14495757551,14495.757551000000
2026-01-01,38,-788528807,2f76623c6d2af846f044976372d1cc06d65e06e9,25,3381447,3.3814470000000000
2026-01-01,39,-776763167,fc8eda7d55c6876b79783e5c7c59ee8ad6cbdd02,25,275000,0.27500000000000000000
2026-01-01,40,-779401741,1b07d5d6d644412ebff10725953d1fb5494b5f43,24,907805400,907.8054000000000000
2026-01-01,41,-786733610,6a613a7aaf7c73df523056732d7cf2f62bfde2f5,24,3314055,3.3140550000000000
2026-01-01,42,-779065522,b94b0b4dc6fa261e2f9858ffbaaf5fe1178825f0,24,3087975,3.0879750000000000
2026-01-01,43,-779067999,5a6c81ca97566784e178ae3b9290ad12fb6d5433,23,3083306,3.0833060000000000
2026-01-01,44,-776140966,f142c5b1a310c389201852b3439290ee12f8c2b4,23,345000,0.34500000000000000000
2026-01-01,45,-783264654,60a37d873d5d0175aa00d705167978855744d313,23,230000,0.23000000000000000000
2026-01-01,46,-836043771,6e19d017af0619a30868c38252db8bfda8d19e86,23,230000,0.23000000000000000000
2026-01-01,47,-805311680,c3157298de26289031e78f21029e35d6349acfa9,23,230000,0.23000000000000000000
2026-01-01,48,2054943978,6a000f20005980200259b80c5102003040001068,22,3320922462174,3320922.462174000000
2026-01-01,49,-786737458,c7c90f92f70f4d18b0c46f496e1b71b753bfe89c,22,3321914,3.3219140000000000
2026-01-01,50,-784103145,9db7a44c40e45933eae634be8fc5fd92dad73e5f,22,3097766,3.0977660000000000
2026-01-01,51,-778002559,c772f3b714ef604c65ecd4ff4571af9966060fc2,22,3092689,3.0926890000000000
2026-01-01,52,-774454016,16d5b53a86a13e0f2410a0d3d5254b02653a91b5,22,305000,0.30500000000000000000
2026-01-01,53,-786735343,5af536bfe352597db5ae0103af616278b1313f14,22,220000,0.22000000000000000000
2026-01-01,54,-835888306,33f56c192c5b2921695018d25ecb2156a306ba9d,21,4041521,4.0415210000000000
2026-01-01,55,-783215094,beb6757704ca60ec729a523f77735de86a302883,21,3089616,3.0896160000000000
2026-01-01,56,-777992768,2518149d0f6c7ba9614a8f1f71224b40a0475a80,21,210000,0.21000000000000000000
2026-01-01,57,-835855202,629c11f9e5129186595e45e9c4f21bdd708fab9f,21,210000,0.21000000000000000000
2026-01-01,58,-780638525,3f68c42e2a5df3ae49f9332ead12a8d1d2d1de95,21,210000,0.21000000000000000000
2026-01-01,59,-779074003,35b6cf2388186b08ffac0593879c281d221d48f6,21,210000,0.21000000000000000000
2026-01-01,60,-784098641,ed13fd1defc4b581ff52d5baa5a3acea39cf88db,20,3088376,3.0883760000000000
2026-01-01,61,-776813722,f4b06166ded09826145df3b80bc089837fb07f89,20,215000,0.21500000000000000000
2026-01-01,62,-788503410,c10822c39ba219a63aa2b571bedb36e5a31d6a9c,20,200000,0.20000000000000000000
2026-01-01,63,-805283013,1e6cfd11aa26ba7dfa3ab20f21de63ae17bd2853,19,190000,0.19000000000000000000
2026-01-01,64,-836048414,9c13283b4b08af26b5b1aa9902aacb18550d45ba,19,190000,0.19000000000000000000
2026-01-01,65,-780605404,4b4bec917e2edf2f5e83f5298f6648029eb7bac4,19,190000,0.19000000000000000000
2026-01-01,66,-784088626,fe076e05b1b623496603a7efab8701e329a71a27,19,190000,0.19000000000000000000
2026-01-01,67,-780629736,46df80d7251981323fe904c024fbed01089731fe,19,190000,0.19000000000000000000
2026-01-01,68,-835861176,0013e6605e4b101fbb765bfdaf3f16f6c3110fda,19,190000,0.19000000000000000000
2026-01-01,69,-836042267,7e5f5c7c239fe246ec170f3c5a25f493ac7a7b51,19,190000,0.19000000000000000000
2026-01-01,70,-774445336,b3d88e58a2c7c4f8eec2817269cc6150d963a4fc,18,4675427,4.6754270000000000
2026-01-01,71,-776161105,13c8eb3c8eeb7540f67b421efbbdf55ccb2f04e0,18,270000,0.27000000000000000000
2026-01-01,72,-776210419,06609d76abe7fe9d60eb13477196d7d91ab703d1,18,270000,0.27000000000000000000
2026-01-01,73,-797257250,21d6a81acf648223d40e694cb55cc18b38de9eb7,18,180000,0.18000000000000000000
2026-01-01,74,-797148499,7c6c0b0fd300a5eba48a7f1daa2e556c772e27ce,18,180000,0.18000000000000000000
2026-01-01,75,-783359147,ee8586957896f0bbf8b3e28950f0276d9a7d09e2,18,180000,0.18000000000000000000
2026-01-01,76,-805468840,f72e999677a21e5f53d2968972762d3891d4aa59,18,180000,0.18000000000000000000
2026-01-01,77,-776335876,83f1987d8c4d307c9c34df0dade1cce09ac99516,17,4662977,4.6629770000000000
2026-01-01,78,-835879458,0ebeaa3a4f3780979830d8ab0eebb3adb04373db,17,4017649,4.0176490000000000
2026-01-01,79,-788957762,46370ef900853646249407051b745ebfdde692fe,17,3342158,3.3421580000000000
2026-01-01,80,-781522419,0f9156a4036b1b2af18e23dda77500f30ecc7ec1,17,3109132,3.1091320000000000
2026-01-01,81,-779158571,3d624ccd611a1c1e6cef4abbadc11cdb283d0295,17,3076255,3.0762550000000000
2026-01-01,82,-835880740,63818861f9d063ef17295629a396b6dd2859b3b5,17,170000,0.17000000000000000000
2026-01-01,83,-781547844,5d870f08ca0b4469884ada04c1dfa3345c36f06f,17,170000,0.17000000000000000000
2026-01-01,84,-784066150,9c6b4005caf5d092b9ab5273c6b452d2cfaec49d,17,170000,0.17000000000000000000
2026-01-01,85,-835985375,55b15b281e3ede8bf74a2d1fcf0fef7d7398c7ff,17,170000,0.17000000000000000000
2026-01-01,86,-835984711,9d8982ed271c5b5e4a620de22bd7253f2c9c1e7e,17,170000,0.17000000000000000000
2026-01-01,87,-797304245,a976d9f7c1bdfd81c91d2222287d7b960a9fd25b,16,3301029,3.3010290000000000
2026-01-01,88,-783363604,cbd7f7ce1e4c542ade3cdf5d9a3034595fbe3728,16,3128148,3.1281480000000000
2026-01-01,89,-776295301,60716812093d4a4b87a62a893d9be2bf0cc4bb7c,16,240000,0.24000000000000000000
2026-01-01,90,-797162583,b9534057ddf2ef007ec653927beaf21844bea317,16,160000,0.16000000000000000000
2026-01-01,91,-786753319,46abb7d498df24a98d83e86f7b70a4b49c307c5e,16,160000,0.16000000000000000000
2026-01-01,92,-805637090,a1391decd3b7a4eea7cb6b81582dafab14304bf7,16,160000,0.16000000000000000000
2026-01-01,93,-779162834,4fa86f56b43d42da54de0a7f9dd5d692c74a77b4,16,160000,0.16000000000000000000
2026-01-01,94,-788989615,96c8deb1bc40c6f405c99c41b07dc30f5340e993,16,160000,0.16000000000000000000
2026-01-01,95,1636575522,69460570c93f9de5e2edbc3052bf10125f0ca22d,15,3999857234,3999.8572340000000000
2026-01-01,96,1381791786,1111111254eeb25477b68fb85ed929f73a960582,15,1980048893,1980.0488930000000000
2026-01-01,97,-765804496,3b05abbd226d7152d9c35bbe5c8fa8398106a99e,15,1462508267,1462.5082670000000000
2026-01-01,98,-788941027,dc0828a06d8cf10bef30e4accb5a68e3dc771244,15,3358224,3.3582240000000000
2026-01-01,99,-786027734,530948d08eb38cd77e7ecad62ac4ab89ef59bc4f,15,3162849,3.1628490000000000
2026-01-01,100,-805623189,cb3103fb5433e53634260c01ece0c231bdf4f151,15,2995485,2.9954850000000000
2026-02-01,1,1250544290,a9d1e08c7793af67e9d92fe308d5697fb81d3e43,1251,1799612630843,1799612.630843000000
2026-02-01,2,-784244866,530b81cff64f6143a737478675208283a6e2b808,229,22944,0.02294400000000000000
2026-02-01,3,-857554716,e4731d1d77cae73c340e47b6a10f0b34ad9c6b96,224,2240000,2.2400000000000000
2026-02-01,4,-857601491,ccdc362f839ea01f357929ce4e3e96a4861b3849,212,2120000,2.1200000000000000
2026-02-01,5,-857673137,ca8403ef456867a4db7e0499fede440f0cc8634f,212,2120000,2.1200000000000000
2026-02-01,6,-857599014,75c822d36f081500099b28f547ab5d4c577890ab,205,66422403,66.4224030000000000
2026-02-01,7,-857845770,b90ebe617ef90b1bfa784e604eac326cbcbda230,204,2040000,2.0400000000000000
2026-02-01,8,-878220727,5c724aacaa8e772b7b5a6a31e55d4194cdc7d59a,199,47188625,47.1886250000000000
2026-02-01,9,-878259790,140d10f05bda1158e9e4c9113f6ffd79c0ef4e01,176,1760000,1.7600000000000000
2026-02-01,10,-878265177,5240d775156af7d5758b1efe835b1dfd57f63deb,167,1670000,1.6700000000000000
2026-02-01,11,-878254471,0badc656ebc62e02d23d6c7772189c779c09415f,163,1630000,1.6300000000000000
2026-02-01,12,-878246627,e3fe6d5002f37ff115d898b2bc4efb24e5eb9deb,160,46577196,46.5771960000000000
2026-02-01,13,1364872031,1231deb6f5749ef6ce6943a275a1d3e7486f4eae,108,1648129480085,1648129.480085000000
2026-02-01,14,881197687,9008d19f58aabd9ed0d60971565aa8510560ab41,79,14784244057919,14784244.057919000000
2026-02-01,15,-103393091,45312ea0eff7e09c83cbe249fa1d7598c4c8cd4e,72,4797742206288,4797742.206288000000
2026-02-01,16,-835323370,a4e0f4c1d9b4169f4374d96f12e82aa81c72d374,67,1379086886,1379.0868860000000000
2026-02-01,17,2004747019,a3222357a0eccf60c73606170be6c99adecb59b3,66,108799679501,108799.679501000000
2026-02-01,18,-561793933,63242a4ea82847b20e506b63b0e2e2eff0cc6cb0,65,7973152616852,7973152.616852000000
2026-02-01,19,-854996047,3e59c4c7ec3880015c9c1d1c9206973d8f3f02e9,57,5606763,5.6067630000000000
2026-02-01,20,616036061,74de5d4fcbf63e00296fd95d33236b9794016631,52,18484967170,18484.967170000000
2026-02-01,21,1723592854,13394005c1012e708fce1eb974f1130fdc73a5ce,51,421031094412,421031.094412000000
2026-02-01,22,-855052675,3532034dfa6f4336b129f6fe9799c9e47850709e,51,510000,0.51000000000000000000
2026-02-01,23,1899839451,0c0d01abf3e6adfca0989ebba9d6e85dd58eab1e,48,25669362837186,25669362.837186000000
2026-02-01,24,-778966138,d01cd4f59937abbea9094e01d24f648262930308,47,3865590000,3865.5900000000000000
2026-02-01,25,-652074134,b92fe925dc43a0ecde6c8b1a2709c170ec4fff4f,40,114424995937,114424.995937000000
2026-02-01,26,-411206630,9318f8c80adb3055ca24f6dda295f79e42397768,40,23115920613,23115.920613000000
2026-02-01,27,-831656232,f48a3f7c0575c85cf4529aa220caf3c055773f1c,39,1201068579595,1201068.579595000000
2026-02-01,28,-850445504,8a386cfb9b13574e1c8d834349884c4463373a98,37,6751196,6.7511960000000000
2026-02-01,29,2054943978,6a000f20005980200259b80c5102003040001068,35,5070388599956,5070388.599956000000
2026-02-01,30,-917687417,4f3746fdc17741b60dfcdcfdff55791fb137cdc0,35,350000,0.35000000000000000000
2026-02-01,31,-909896624,13227ab0d8750e7da8391f63247c8991912b59bf,32,5454441,5.4544410000000000
2026-02-01,32,-850625961,6731361bc5554c9dda7a12396f4de312d6a801ba,32,320000,0.32000000000000000000
2026-02-01,33,-850369156,5af90ea200748fd5bf31addbaf5f7d4485a418be,32,320000,0.32000000000000000000
2026-02-01,34,-850389312,dda7bee3ec58b23bf7b993e23a52e70827be0a07,32,320000,0.32000000000000000000
2026-02-01,35,-914872672,e252ef0a2fcefbe9f2e9826f6f899caaaa653152,31,310000,0.31000000000000000000
2026-02-01,36,1899934735,111111125421ca6dc452d289314280a0f8842a65,30,3105350384931,3105350.384931000000
2026-02-01,37,-917654474,5f586fe45bc44e7be995a95543f03a958d5e8537,30,300000,0.30000000000000000000
2026-02-01,38,-917632826,ac251d73317fd42b7468b6039eae38da78ba6e01,30,300000,0.30000000000000000000
2026-02-01,39,-850435501,9a1076a9b6a88c928aa0148cf69cc05a6ae06cc4,29,290000,0.29000000000000000000
2026-02-01,40,-910057822,6197cc88e972f3cca86fd5acaa34b2623d505107,28,5476468,5.4764680000000000
2026-02-01,41,-850620415,15060a9a43ca7935a39190f6243a21b9dc029e28,27,270000,0.27000000000000000000
2026-02-01,42,-917631389,3329e1b074ac43abccf17789ae7525266480c447,27,270000,0.27000000000000000000
2026-02-01,43,-850544949,3fdbe286122756b1f9fbc2a7f52965782ec11232,27,270000,0.27000000000000000000
2026-02-01,44,-910030970,90beb59653d2abb465c15e93ed79ee47a5fd5f24,27,270000,0.27000000000000000000
2026-02-01,45,-914681026,3b8356b82274c903a628de7fcd609b64626e36e1,26,6068126,6.0681260000000000
2026-02-01,46,-850601061,95eaf6c877be4127e7a8a3ab80bd81a0f7973f7c,26,260000,0.26000000000000000000
2026-02-01,47,-841644749,75229638ad23c7ae909eb2f053a5d36a5aef4a89,26,260000,0.26000000000000000000
2026-02-01,48,-855029182,c45801e3402426719c17cf722c8285903a9ca6b5,26,260000,0.26000000000000000000
2026-02-01,49,-855042175,9d8dea0901d3eade7eb698af3f268e669f11b1c6,26,260000,0.26000000000000000000
2026-02-01,50,-848699850,eb07673e4f48e446fa6f49fb89273b02c9506e64,25,6865108,6.8651080000000000
2026-02-01,51,-841653710,7ddce791789de3d216716ef0ec6d4555a631a19d,25,250000,0.25000000000000000000
2026-02-01,52,1636575522,69460570c93f9de5e2edbc3052bf10125f0ca22d,25,14,0.000014000000000000000000
2026-02-01,53,-111399962,000000000004444c5dc75cb358380d2e3de08a90,24,31407793567,31407.793567000000
2026-02-01,54,1723640441,c30c8b862f7de6ba5d7eaeb113c78ec6b5ded04b,24,12643889759,12643.889759000000
2026-02-01,55,-914718888,c5057a39cf4b1741ccc9d590a27f6697dd6c369f,24,6139532,6.1395320000000000
2026-02-01,56,-850428640,8aafb390af97c7d43f67242f952c58d65988ff6d,24,240000,0.24000000000000000000
2026-02-01,57,-917687908,7d99d572baafd3a4fd59f29557de2380560ea008,24,240000,0.24000000000000000000
2026-02-01,58,209499427,d152f549545093347a162dce210e7293f1452150,23,2760000,2.7600000000000000
2026-02-01,59,-841643227,53726cb1d361df784ef5470703a9450f7c20a39c,23,230000,0.23000000000000000000
2026-02-01,60,-848565364,94fd7b19bb2da6e4974e06714654aa8e7baea572,23,230000,0.23000000000000000000
2026-02-01,61,-841675366,08a877504d539887025a93efbe358090ddb802e9,23,230000,0.23000000000000000000
2026-02-01,62,-841630255,0486e168c2a6744bd3426a4f6451dbf4e3670e33,23,230000,0.23000000000000000000
2026-02-01,63,-850440059,ea101feb4cccd936f7c0fc85e60fa63c1015e974,23,230000,0.23000000000000000000
2026-02-01,64,-841664915,0136ba06f3f33902e4bdd407d30a30c2e7674841,22,220000,0.22000000000000000000
2026-02-01,65,2101584250,b685760ebd368a891f27ae547391f4e2a289895b,21,7905537719,7905.5377190000000000
2026-02-01,66,-917657851,01f85a3929c7a5db76137e94dd74d822d1081a13,21,210000,0.21000000000000000000
2026-02-01,67,-841630557,cf99963cdaa45bd0410cac8fc6ed2f7d695ce44d,21,210000,0.21000000000000000000
2026-02-01,68,-527793138,a632d59b9b804a956bfaa9b48af3a1b74808fc1f,20,915113489289,915113.489289000000
2026-02-01,69,-855033695,48dc16b7b253d05e0ae854ca85f3631d9773f837,20,200000,0.20000000000000000000
2026-02-01,70,-914856235,603babc92c63b07c22e5e64e624bfeee38766212,20,200000,0.20000000000000000000
2026-02-01,71,-850375103,3b81c562ab460db07b2786ca9273312181730a6a,20,200000,0.20000000000000000000
2026-02-01,72,-910081042,b3e31c01dfa596d7b813234b2b030c38e2575553,20,200000,0.20000000000000000000
2026-02-01,73,-848677073,802af53a4eb2c30ab7b607c5f93e07a20c23cff6,20,200000,0.20000000000000000000
2026-02-01,74,-914860077,b9ea5d08ec4827a6ac9c5fc59e959c5d0b1e6d45,20,200000,0.20000000000000000000
2026-02-01,75,-846324140,11cf3c438a672efa976eb16d362324207ef99f32,19,190000,0.19000000000000000000
2026-02-01,76,-841657382,02779ee43e9307cc68518438a1a20e820d074282,19,190000,0.19000000000000000000
2026-02-01,77,-846218151,ffaad10fdcde98a7dca532e376456ad61ca45027,19,190000,0.19000000000000000000
2026-02-01,78,-855005956,0ba9803c22fa2d52ddbd92873e50c618f6e8543d,18,180000,0.18000000000000000000
2026-02-01,79,-846053036,d5055bbfbf88c7cd4b823cc14506ce1cf91d99c0,18,180000,0.18000000000000000000
2026-02-01,80,-848666599,b0c77d6074cd7298bafc0d4e4a12fc99c91e85f4,18,180000,0.18000000000000000000
2026-02-01,81,-848725642,bdf8915d27d4222c28558fc9e04961807a4d32c3,18,180000,0.18000000000000000000
2026-02-01,82,-855027014,e59c5edd23f6b6bf446a7a261d05886e28660c81,18,180000,0.18000000000000000000
2026-02-01,83,-848707616,4bd43546e5dde15f5a659d67cf8b0ac478cf0bfa,17,6849180,6.8491800000000000
2026-02-01,84,-841651703,fda846d6baff9287244a5ca520519ccedc45d949,17,4637503,4.6375030000000000
2026-02-01,85,-910027881,6d1a6edd8b0fb54508639d655350ea96b57e5600,17,170000,0.17000000000000000000
2026-02-01,86,-848682395,9edec97355241f673c451a616fde0a9b11ead1c2,17,170000,0.17000000000000000000
2026-02-01,87,2106851551,c38e4e6a15593f908255214653d3d947ca1c2338,16,23381161290,23381.161290000000
2026-02-01,88,-841676811,35f919a80f0041a91219a3c3475613c1f5fedb80,16,4622380,4.6223800000000000
2026-02-01,89,-914658608,5266ed7122355134d06307f2b8baf30cf254628c,16,160000,0.16000000000000000000
2026-02-01,90,-910059992,537aa30e94927a3dd180fb1bb9b6fbbf0d2bb007,16,160000,0.16000000000000000000
2026-02-01,91,-848520863,c27a585576255b4b2fee71c6dcb28ae5c65972ec,16,160000,0.16000000000000000000
2026-02-01,92,-846073546,fc6b0acd93e6f669e9fc457768740702e7cd4dd1,16,160000,0.16000000000000000000
2026-02-01,93,1844716471,bbbbbbbbbb9cc5e90e3b3af64bdaf62c37eeffcb,15,5296600450149,5296600.450149000000
2026-02-01,94,-779401741,1b07d5d6d644412ebff10725953d1fb5494b5f43,15,1346059583,1346.0595830000000000
2026-02-01,95,-844766701,ac23f239153df6ae67e1f06467dbd48d3dc38278,15,7023693,7.0236930000000000
2026-02-01,96,-846056740,e7f497defa1d3a240e06e29e977ea59f76614645,15,6926377,6.9263770000000000
2026-02-01,97,-848561306,d88a1f8687fe41e637a4f7be3e703077ca2a8585,15,6872124,6.8721240000000000
2026-02-01,98,-850438796,0cd49874201e2c021852ba9ca7ee23fd1fdac66a,15,150000,0.15000000000000000000
2026-02-01,99,1852340564,625e92624bc2d88619accc1788365a69767f6200,14,400935944774,400935.944774000000
2026-02-01,100,-545772816,9480f3e97d93fcbf8526e569b0ff592f1b15dd3b,14,361000000,361.0000000000000000
2026-03-01,1,1250544290,a9d1e08c7793af67e9d92fe308d5697fb81d3e43,1253,3615941105676,3615941.105676000000
2026-03-01,2,-926188415,ea5f1ba23c8a985201233a35654cac237fc22fea,229,2290000,2.2900000000000000
2026-03-01,3,-925982975,c430989b164eb0ae221edc13e10125e87fe23c40,205,2050000,2.0500000000000000
2026-03-01,4,-925990636,ae114545e3cc4edaed3eb8bc1cc511036e3d4196,201,2010000,2.0100000000000000
2026-03-01,5,-926199459,6ab83047d47d08a8a8cc3d9308acbc8f9f4cb247,197,48641671,48.6416710000000000
2026-03-01,6,-926160514,359183b1c1c72337a8adc733c92694c4055a38d8,183,1830000,1.8300000000000000
2026-03-01,7,-925987473,a9026365ab20882f7113ac694d63f6fcd8131db0,155,47332287,47.3322870000000000
2026-03-01,8,-936183683,887f47eaaa0ba8ebdb9318d2957a0ff2a01e6952,145,1450000,1.4500000000000000
2026-03-01,9,-784244866,530b81cff64f6143a737478675208283a6e2b808,104,73582,0.07358200000000000000
2026-03-01,10,1364872031,1231deb6f5749ef6ce6943a275a1d3e7486f4eae,95,1056496508725,1056496.508725000000
2026-03-01,11,-950202530,6d985d521bf3f8cfb27cf1a6c2d4ac1a9e8d14a6,83,5966173,5.9661730000000000
2026-03-01,12,-950009376,2bd09d69badb707b81edb80816af64af79820dae,81,810000,0.81000000000000000000
2026-03-01,13,2054943978,6a000f20005980200259b80c5102003040001068,80,6542990319970,6542990.319970000000
2026-03-01,14,-959123091,f0a8fff906e4450062d0722230189cff0d87201f,79,6278278,6.2782780000000000
2026-03-01,15,-958949296,2c2ebb934c58c4ea8d0b77343b6e2efb14ac11c9,78,6285256,6.2852560000000000
2026-03-01,16,-950046175,cd72b46623969cc2d71db28ce3a421bbea17cc5e,78,780000,0.78000000000000000000
2026-03-01,17,-959079960,9689c242c5de39e7628caf65ba35ce71908af45b,78,780000,0.78000000000000000000
2026-03-01,18,-958941833,1235bc80cea031d89db5f400bbab605374a35289,77,770000,0.77000000000000000000
2026-03-01,19,-950003083,c07f01b77e310378f306b339c141d31e7ddba62b,75,750000,0.75000000000000000000
2026-03-01,20,-977780002,ca23a6843927bdc029a371129133f33ce44c53e5,75,750000,0.75000000000000000000
2026-03-01,21,881197687,9008d19f58aabd9ed0d60971565aa8510560ab41,74,8947441102518,8947441.102518000000
2026-03-01,22,-950168718,af9b292107098f1c5d291d4469455b550b08d484,72,5950154,5.9501540000000000
2026-03-01,23,-958934388,099a1caaf8cc2870c3f9acf3e47edb7bad58531a,72,720000,0.72000000000000000000
2026-03-01,24,-990616772,d189a10a20f67bb3e529889613e04349f5ff8c18,67,670000,0.67000000000000000000
2026-03-01,25,-977801515,a7ed6ebd5178fc516391f067c3a069598f7219aa,62,620000,0.62000000000000000000
2026-03-01,26,2004747019,a3222357a0eccf60c73606170be6c99adecb59b3,61,36499277409,36499.277409000000
2026-03-01,27,-977819287,7b10a082aea4c9eaf9a9447700d6b468e47853e7,60,600000,0.60000000000000000000
2026-03-01,28,-959065614,2c39f8b158a232749cffea52d55ab895cfffce7c,59,590000,0.59000000000000000000
2026-03-01,29,-990821657,8b61dbcd2a8fd985c0db9c4dd135d959ccb82d5d,59,590000,0.59000000000000000000
2026-03-01,30,-977799577,b0dfca517bf913487f89fd803dd8d7046c413c6d,57,6256252,6.2562520000000000
2026-03-01,31,-950216481,baf699ffba6879a4e7741bb7bed926b08ef90a93,57,570000,0.57000000000000000000
2026-03-01,32,-977798121,9bd29a107ddc009c413fb23a70871056e2dc6438,54,6059655,6.0596550000000000
2026-03-01,33,-990604792,edde6657ce3aa08596cf74c4e789d73847724e6b,54,540000,0.54000000000000000000
2026-03-01,34,616036061,74de5d4fcbf63e00296fd95d33236b9794016631,52,29676542457,29676.542457000000
2026-03-01,35,-990803423,f13b973885e13a6ad8d95dd22d47d611c44cb4e9,49,6455053,6.4550530000000000
2026-03-01,36,-111399962,000000000004444c5dc75cb358380d2e3de08a90,47,39824619933,39824.619933000000
2026-03-01,37,-985733873,eaa30ff9e9073b22a65e9bf138f88a2872b8f0c8,45,450000,0.45000000000000000000
2026-03-01,38,-561793933,63242a4ea82847b20e506b63b0e2e2eff0cc6cb0,44,5481093104298,5481093.104298000000
2026-03-01,39,-917632826,ac251d73317fd42b7468b6039eae38da78ba6e01,43,430000,0.43000000000000000000
2026-03-01,40,-411206630,9318f8c80adb3055ca24f6dda295f79e42397768,42,26358940039,26358.940039000000
2026-03-01,41,1723592854,13394005c1012e708fce1eb974f1130fdc73a5ce,38,135895394827,135895.394827000000
2026-03-01,42,-990843032,2ac606f149bc9c9bd8f399712d70de2e1605aa10,37,6460480,6.4604800000000000
2026-03-01,43,-917687417,4f3746fdc17741b60dfcdcfdff55791fb137cdc0,37,5387877,5.3878770000000000
2026-03-01,44,1723640441,c30c8b862f7de6ba5d7eaeb113c78ec6b5ded04b,36,49594593861,49594.593861000000
2026-03-01,45,-663402342,83236b4c201cabb6981d2f4642b6c892bcf3f621,35,9622060559,9622.0605590000000000
2026-03-01,46,1899839451,0c0d01abf3e6adfca0989ebba9d6e85dd58eab1e,34,60261027443542,60261027.443542000000
2026-03-01,47,-103393091,45312ea0eff7e09c83cbe249fa1d7598c4c8cd4e,34,5276516058546,5276516.058546000000
2026-03-01,48,-917687908,7d99d572baafd3a4fd59f29557de2380560ea008,34,340000,0.34000000000000000000
2026-03-01,49,-985759531,16ff17b2b0f20a1c624fd2d96a5c48103b676297,33,6442217,6.4422170000000000
2026-03-01,50,-917654474,5f586fe45bc44e7be995a95543f03a958d5e8537,33,5371439,5.3714390000000000
2026-03-01,51,1844716471,bbbbbbbbbb9cc5e90e3b3af64bdaf62c37eeffcb,32,15756271531660,15756271.531660000000
2026-03-01,52,-831656232,f48a3f7c0575c85cf4529aa220caf3c055773f1c,31,1523980166793,1523980.166793000000
2026-03-01,53,-1003347625,f24f080d5a93100d13fd976761c1b7cfedf92054,31,310000,0.31000000000000000000
2026-03-01,54,-985722839,3ff52bf5d06e2b39785a3263d53f9c8bc67bfc0e,30,300000,0.30000000000000000000
2026-03-01,55,-917657851,01f85a3929c7a5db76137e94dd74d822d1081a13,30,300000,0.30000000000000000000
2026-03-01,56,2101584250,b685760ebd368a891f27ae547391f4e2a289895b,26,4120641373,4120.6413730000000000
2026-03-01,57,-936921789,a96b6fdcdce5f53d4e32ef402fa71fa17842e86d,26,936433517,936.4335170000000000
2026-03-01,58,1636575522,69460570c93f9de5e2edbc3052bf10125f0ca22d,23,50565079470,50565.079470000000
2026-03-01,59,-917631389,3329e1b074ac43abccf17789ae7525266480c447,23,230000,0.23000000000000000000
2026-03-01,60,-1003583627,c51854a87ce71f9ff37ccd13c0096966b0573bbf,22,220000,0.22000000000000000000
2026-03-01,61,1899934735,111111125421ca6dc452d289314280a0f8842a65,21,13639371222,13639.371222000000
2026-03-01,62,-778966138,d01cd4f59937abbea9094e01d24f648262930308,21,1892940000,1892.9400000000000000
2026-03-01,63,1689899032,f313d711d71eb9a607b4a61a827a9e32a7846621,21,69196788,69.1967880000000000
2026-03-01,64,-306010472,bcb91c6d1299f97c7d41dd485d8aca316e7c3d82,20,2873584667,2873.5846670000000000
2026-03-01,65,-1006365896,3da44507468cb03087440dc168ddfd9e27112e0b,19,190000,0.19000000000000000000
2026-03-01,66,-1006341816,c63e2463fd208e090ed14342eb02271c50655889,18,180000,0.18000000000000000000
2026-03-01,67,-652074134,b92fe925dc43a0ecde6c8b1a2709c170ec4fff4f,17,1363120195,1363.1201950000000000
2026-03-01,68,-915656128,cc8dbca36ec9aa25c32bdbdc1ec53543e8481864,17,479740000,479.7400000000000000
2026-03-01,69,-934284023,07546a5a91943bb9f65e6ef5b35246bdc0b83498,16,6092,0.00609200000000000000
2026-03-01,70,-826219546,37be6a6849cec9ed4eb2ce11b9d4db16544b368b,15,143500000000,143500.000000000000
2026-03-01,71,-934242276,61bbf48ebbc04161dcb0eb5c53af7b3b39bf41ec,15,6689,0.00668900000000000000
2026-03-01,72,1508839826,3ef3d8ba38ebe18db133cec108f4d14ce00dd9ae,13,2437503660,2437.5036600000000000
2026-03-01,73,2106851551,c38e4e6a15593f908255214653d3d947ca1c2338,12,94942936991,94942.936991000000
2026-03-01,74,742132312,8f791f061d7f36dc07de081ad88f87d71be1585e,12,5133392517,5133.3925170000000000
2026-03-01,75,423113715,433121346937af0c1d3c86ddc61c5717ce86ead0,12,1523979063,1523.9790630000000000
2026-03-01,76,-1006324556,ed7a1d9c65b7d0c1ead3124ca9a5f5096f8c4f17,12,120000,0.12000000000000000000
2026-03-01,77,-1003538550,cc58a49d92895df5399a1e7e09daad75a98df253,12,120000,0.12000000000000000000
2026-03-01,78,-186122954,66a9893cc07d91d95644aedd05d03f95e1dba8af,11,330567768480,330567.768480000000
2026-03-01,79,778726385,eda09779a50185a0a510cc3ebfb96a955a2f530e,11,19046311257,19046.311257000000
2026-03-01,80,717908433,911eed219fc766f8ff998046715e81eb88f6c111,11,3232286639,3232.2866390000000000
2026-03-01,81,-840611548,d9cad20935b23c38619f0354b669c6d993ed011d,11,2216000000,2216.0000000000000000
2026-03-01,82,-921743139,06055896c479c84110b1d039267254eb38e2e9fa,11,1326060000,1326.0600000000000000
2026-03-01,83,-865054277,3a09a5811d44a3b3258882b5afdada5da2112794,11,7882,0.00788200000000000000
2026-03-01,84,867588846,4a14347083b80e5216ca31350a2d21702ac3650d,10,2548226617,2548.2266170000000000
2026-03-01,85,-545772816,9480f3e97d93fcbf8526e569b0ff592f1b15dd3b,10,185000000,185.0000000000000000
2026-03-01,86,-933261437,33e91500a1730570a3f67a72a3ab2025b5512c7b,10,3429600,3.4296000000000000
2026-03-01,87,-527793138,a632d59b9b804a956bfaa9b48af3a1b74808fc1f,9,249812178820,249812.178820000000
2026-03-01,88,-570660398,8fb116573af622ca35cc48dc0b502630d94717d3,9,244646257721,244646.257721000000
2026-03-01,89,-693573062,5e1f62dac767b0491e3ce72469c217365d5b48cc,9,6562495409,6562.4954090000000000
2026-03-01,90,-426749421,3d90f66b534dd8482b181e24655a9e8265316be9,9,3213434386,3213.4343860000000000
2026-03-01,91,-778478124,ffe234fe6ff08371994707d5562b853540f61a06,9,2432022253,2432.0222530000000000
2026-03-01,92,1026433703,0716620e0a3da5ae123a9eb56e7874b1caaa4f33,9,1930000000,1930.0000000000000000
2026-03-01,93,1113847572,663dc15d3c1ac63ff12e45ab68fea3f0a883c251,9,554128024,554.1280240000000000
2026-03-01,94,-937165448,4196714490f41c5c9fd1c0cd06a0400979776a21,9,937902,0.93790200000000000000
2026-03-01,95,-131770026,76055b5eab756da1ea15a97ff751d4ce18e89e92,8,5851105313,5851.1053130000000000
2026-03-01,96,-995811164,6890f2d386ea68c2ab4846b0c63feebff54c9994,8,1054053720,1054.0537200000000000
2026-03-01,97,-994608188,ff09f78f41690b945469416494dbdb635cbacd6b,8,619230000,619.2300000000000000
2026-03-01,98,-913574604,18f89cbb470ca51fd34df06c077c25a652ac27f0,8,8511617,8.5116170000000000
2026-03-01,99,-937187470,ec60bff2c7a6aadff9357a368f79827b13f35798,8,945160,0.94516000000000000000
2026-03-01,100,-851628306,5d84f33b7c9214df23fd86a0861ac923af99954d,7,7151919870125,7151919.870125000000
2026-04-01,1,1250544290,a9d1e08c7793af67e9d92fe308d5697fb81d3e43,1112,12797293399983,12797293.399983000000
2026-04-01,2,-1018877261,de639aa24e204b000affc0a39350103e46ea1141,280,280000,0.28000000000000000000
2026-04-01,3,-1018822831,73afa02548bd31e14c6ae23354aa11a7a48cfdb6,273,273000,0.27300000000000000000
2026-04-01,4,-1034997779,d94dd2c98113f364257616d0f4127d9de673612d,266,6200603,6.2006030000000000
2026-04-01,5,-1018817892,5aadf62ecef63855ec385ae77acef3e26846abb9,229,6137520,6.1375200000000000
2026-04-01,6,-1034976733,488a612e5b6e9b667754f68896f9a122629a0c2c,204,204000,0.20400000000000000000
2026-04-01,7,1899839451,0c0d01abf3e6adfca0989ebba9d6e85dd58eab1e,89,40898398304570,40898398.304570000000
2026-04-01,8,1364872031,1231deb6f5749ef6ce6943a275a1d3e7486f4eae,82,1131431536327,1131431.536327000000
2026-04-01,9,2004747019,a3222357a0eccf60c73606170be6c99adecb59b3,73,133983796169,133983.796169000000
2026-04-01,10,-1006324556,ed7a1d9c65b7d0c1ead3124ca9a5f5096f8c4f17,59,5887891,5.8878910000000000
2026-04-01,11,-1030635714,1764376d2d213569fbdb6980eaf84514a33958d9,58,58000,0.05800000000000000000
2026-04-01,12,-1030625487,17e4921a3a7f7dbac55c9dc30fe50da1df9b4f2d,56,6369059,6.3690590000000000
2026-04-01,13,616036061,74de5d4fcbf63e00296fd95d33236b9794016631,55,18968006684,18968.006684000000
2026-04-01,14,1844716471,bbbbbbbbbb9cc5e90e3b3af64bdaf62c37eeffcb,50,15924395041732,15924395.041732000000
2026-04-01,15,-1014762039,3358158343fc2f06b20aab9bb02282ca73033905,48,6359985,6.3599850000000000
2026-04-01,16,-1006365896,3da44507468cb03087440dc168ddfd9e27112e0b,47,65000,0.06500000000000000000
2026-04-01,17,-1006341816,c63e2463fd208e090ed14342eb02271c50655889,40,58000,0.05800000000000000000
2026-04-01,18,2054943978,6a000f20005980200259b80c5102003040001068,39,5692517781642,5692517.781642000000
2026-04-01,19,881197687,9008d19f58aabd9ed0d60971565aa8510560ab41,38,13140244342147,13140244.342147000000
2026-04-01,20,-111399962,000000000004444c5dc75cb358380d2e3de08a90,29,58155215883,58155.215883000000
2026-04-01,21,-652074134,b92fe925dc43a0ecde6c8b1a2709c170ec4fff4f,26,159137885751,159137.885751000000
2026-04-01,22,1723640441,c30c8b862f7de6ba5d7eaeb113c78ec6b5ded04b,26,12636879170,12636.879170000000
2026-04-01,23,2101584250,b685760ebd368a891f27ae547391f4e2a289895b,26,4944962411,4944.9624110000000000
2026-04-01,24,-306010472,bcb91c6d1299f97c7d41dd485d8aca316e7c3d82,25,5068039854,5068.0398540000000000
2026-04-01,25,1723592854,13394005c1012e708fce1eb974f1130fdc73a5ce,23,27228264141,27228.264141000000
2026-04-01,26,-865054277,3a09a5811d44a3b3258882b5afdada5da2112794,23,10802,0.01080200000000000000
2026-04-01,27,-1037640733,7f54f05635d15cde17a49502fedb9d1803a3be8a,22,6103485954924,6103485.954924000000
2026-04-01,28,-994608188,ff09f78f41690b945469416494dbdb635cbacd6b,21,1951892815,1951.8928150000000000
2026-04-01,29,-561793933,63242a4ea82847b20e506b63b0e2e2eff0cc6cb0,19,12437221892369,12437221.892369000000
2026-04-01,30,-953336788,baf0ba0df9ef341cef340f1fe865463c3f633be7,19,1692192709,1692.1927090000000000
2026-04-01,31,-991362696,797bfed3cfa86713406d82d92e660df0beb5574b,19,516400804,516.4008040000000000
2026-04-01,32,1368365273,b5ba87013c9875a0788d8dc713e34fabdc1c8743,18,3357485012,3357.4850120000000000
2026-04-01,33,-826219546,37be6a6849cec9ed4eb2ce11b9d4db16544b368b,17,175331000000,175331.000000000000
2026-04-01,34,-426749421,3d90f66b534dd8482b181e24655a9e8265316be9,17,41973180078,41973.180078000000
2026-04-01,35,-103393091,45312ea0eff7e09c83cbe249fa1d7598c4c8cd4e,16,340644967985,340644.967985000000
2026-04-01,36,-663402342,83236b4c201cabb6981d2f4642b6c892bcf3f621,16,2296712839,2296.7128390000000000
2026-04-01,37,-646538607,2666f14d9e1ea5062d5e88e7ecf3e85fdfaaf827,16,1153920000,1153.9200000000000000
2026-04-01,38,-932186981,d78d199f8c402e7b5cc2abe278df0412400a3bae,15,183676201501,183676.201501000000
2026-04-01,39,1899934735,111111125421ca6dc452d289314280a0f8842a65,15,101668652737,101668.652737000000
2026-04-01,40,-545772816,9480f3e97d93fcbf8526e569b0ff592f1b15dd3b,14,406800000,406.8000000000000000
2026-04-01,41,1636575522,69460570c93f9de5e2edbc3052bf10125f0ca22d,14,889328,0.88932800000000000000
2026-04-01,42,-971526386,8f10b468b06c6fd214b65f87778827f7d113f996,13,1883340747574,1883340.747574000000
2026-04-01,43,-445859136,0f7ae28de1c8532170ad4ee566b5801485c13a0e,13,5080178765,5080.1787650000000000
2026-04-01,44,-778966138,d01cd4f59937abbea9094e01d24f648262930308,13,1538770000,1538.7700000000000000
2026-04-01,45,-1052735997,21cc230c360e3c626ef3cfc283015672c4aa5a3b,12,1107960000,1107.9600000000000000
2026-04-01,46,-966871203,663830ca65387907cb5045f675978b6c730eefb3,11,124971000000,124971.000000000000
2026-04-01,47,423113715,433121346937af0c1d3c86ddc61c5717ce86ead0,11,2069692311,2069.6923110000000000
2026-04-01,48,-414768092,238856de6d9d32ea3dd4e9e7dbfe08b23cd5048c,11,899110800,899.1108000000000000
2026-04-01,49,-865201115,abef500526a6c3f6027e2ea20efa253133ee7d7c,11,650594911,650.5949110000000000
2026-04-01,50,742132312,8f791f061d7f36dc07de081ad88f87d71be1585e,10,5065777396,5065.7773960000000000
2026-04-01,51,-860568135,a4b9a6424fb974ca23bfa7d9009a17db318bbf30,10,3433,0.00343300000000000000
2026-04-01,52,-1037525437,e8cdb8a8697e8ffd7156584bb178b4dcd68c468d,9,1075100000,1075.1000000000000000
2026-04-01,53,-856033491,3c3085205e0d289d75aae6c3606ac0e2df9a40aa,9,593010472,593.0104720000000000
2026-04-01,54,1689899032,f313d711d71eb9a607b4a61a827a9e32a7846621,9,22500000,22.5000000000000000
2026-04-01,55,-1003583627,c51854a87ce71f9ff37ccd13c0096966b0573bbf,9,9000,0.00900000000000000000
2026-04-01,56,-719064654,b576765fb15505433af24fee2c0325895c559fb2,8,739089238123,739089.238123000000
2026-04-01,57,867588846,4a14347083b80e5216ca31350a2d21702ac3650d,8,15176990349,15176.990349000000
2026-04-01,58,-736999922,f3c300d91f89d635f6c32ddd7800848a6aea4083,8,2375952034,2375.9520340000000000
2026-04-01,59,-993213711,ef3a1cae64848f9eb25022de4dcb77b40affe419,8,94576423,94.5764230000000000
2026-04-01,60,-1003538550,cc58a49d92895df5399a1e7e09daad75a98df253,8,5783128,5.7831280000000000
2026-04-01,61,-870931393,2d4dacba8bb7f6b0cfa05f6f86b5890c96277bb4,8,4000,0.00400000000000000000
2026-04-01,62,-1073861614,7f2ce1dd3f3818ed3d3fd1c86b626b7f962d8c69,8,3877,0.00387700000000000000
2026-04-01,63,-1074755950,e24bdb74a6b7053b69f3c9f92dd1fb0ca971bd90,8,3402,0.00340200000000000000
2026-04-01,64,-990905855,4b98b08aa66b0bcf4a5ef5d338c906bb16ba063b,8,3098,0.00309800000000000000
2026-04-01,65,-527793138,a632d59b9b804a956bfaa9b48af3a1b74808fc1f,7,1007803101411,1007803.101411000000
2026-04-01,66,1852340564,625e92624bc2d88619accc1788365a69767f6200,7,109437510180,109437.510180000000
2026-04-01,67,-186122954,66a9893cc07d91d95644aedd05d03f95e1dba8af,7,90991386094,90991.386094000000
2026-04-01,68,778726385,eda09779a50185a0a510cc3ebfb96a955a2f530e,7,8684118206,8684.1182060000000000
2026-04-01,69,1508839826,3ef3d8ba38ebe18db133cec108f4d14ce00dd9ae,7,7164987997,7164.9879970000000000
2026-04-01,70,-984185057,8b7c32266fd62fab0d06fc44387aa247160cd0df,7,146680000,146.6800000000000000
2026-04-01,71,-867217322,f845ed8b4391ae8e30dc052373e5f0029cb2abb7,7,1802,0.00180200000000000000
2026-04-01,72,846198490,45180317b52d63077e8ed0c36073c6bf8429a876,6,106425332142,106425.332142000000
2026-04-01,73,603606364,757a64f8358326454f8d85362a058fbd6c84efa2,6,6525633361,6525.6333610000000000
2026-04-01,74,-970210339,c970db1c22c2e83aad5f12a34e3318ed2552526c,6,1728785628,1728.7856280000000000
2026-04-01,75,-840611548,d9cad20935b23c38619f0354b669c6d993ed011d,6,811000000,811.0000000000000000
2026-04-01,76,1305271371,ddea92ba197495b8ce4c9e34e36f8ce6945a027e,6,747336478,747.3364780000000000
2026-04-01,77,-1047733781,a6e2f17d986d1dc21fb1851e9a2a656816e3c34f,6,388883199,388.8831990000000000
2026-04-01,78,1704637310,643ea0885875a77bf8dc3e0f3ead866a125276b1,6,23330196,23.3301960000000000
2026-04-01,79,-1016735099,1ca4b07e7ac581e4b35bcf29386f04562d01e7b4,6,469082,0.46908200000000000000
2026-04-01,80,-1016482858,0bd6b8c8eaeacc33b22f1bf9d8b3775681d83a75,6,467472,0.46747200000000000000
2026-04-01,81,-867739667,9cebdc9065bf48d12172572a5ac0fe648a8b0328,6,1716,0.00171600000000000000
2026-04-01,82,-1074768046,5f19649b1cb9a53eda955f0c922f6eb7ffb38800,6,1402,0.00140200000000000000
2026-04-01,83,-831656232,f48a3f7c0575c85cf4529aa220caf3c055773f1c,5,98393946373,98393.946373000000
2026-04-01,84,-693573062,5e1f62dac767b0491e3ce72469c217365d5b48cc,5,2329855724,2329.8557240000000000
2026-04-01,85,1504476118,5c72246d70099fb6356df981e02a09cc99a38857,5,1413424548,1413.4245480000000000
2026-04-01,86,-661668204,44b031f811b5b00fadd6c53519d5e40b84a9021a,5,761818826,761.8188260000000000
2026-04-01,87,1543101446,6aa981bff95edfea36bdae98c26b274ffcafe8d3,5,557215810,557.2158100000000000
2026-04-01,88,-943978726,55c68eff6d53caa133ed93396e9b7786e1c9aebf,5,538885422,538.8854220000000000
2026-04-01,89,-921743139,06055896c479c84110b1d039267254eb38e2e9fa,5,299150000,299.1500000000000000
2026-04-01,90,-1017370130,a183b52cb9b86750d8947c8b4866f8cba227683c,5,279208673,279.2086730000000000
2026-04-01,91,-971802425,692adac0a43f784af32a0c304218bc0d75b1218e,5,153447465,153.4474650000000000
2026-04-01,92,-1016569164,d7e695e0b456d666eda41d3bd340edf9ebffb1bb,5,470000,0.47000000000000000000
2026-04-01,93,-1016721215,89d0d236a2859f60ffffde4ef29f370f8640a3da,5,467460,0.46746000000000000000
2026-04-01,94,-1016573040,393742e01081fc12d0932a928595647e4676efe5,5,466368,0.46636800000000000000
2026-04-01,95,-1016525776,de334042b48c22aac9d1eb36e0747542802083e6,5,466046,0.46604600000000000000
2026-04-01,96,-1016571491,c29b463c6637d0858f4067eecd57583439f69afd,5,200003,0.20000300000000000000
2026-04-01,97,-1016454430,0eca73126b65c791dfdb7c8b1f77e8d2f21e18b5,5,199203,0.19920300000000000000
2026-04-01,98,-1074957674,2283e7a2632982c13ba089dbdfa247993c9130c7,5,2171,0.00217100000000000000
2026-04-01,99,-1016237050,9b114fb8ad8e643ca3c859d57fe7b7fee8166180,5,1971,0.00197100000000000000
2026-04-01,100,-570660398,8fb116573af622ca35cc48dc0b502630d94717d3,4,94975664753,94975.664753000000
2026-05-01,1,1250544290,a9d1e08c7793af67e9d92fe308d5697fb81d3e43,990,1806411380346,1806411.380346000000
2026-05-01,2,1364872031,1231deb6f5749ef6ce6943a275a1d3e7486f4eae,81,2014166665998,2014166.665998000000
2026-05-01,3,2004747019,a3222357a0eccf60c73606170be6c99adecb59b3,65,36138270384,36138.270384000000
2026-05-01,4,616036061,74de5d4fcbf63e00296fd95d33236b9794016631,53,72117517140,72117.517140000000
2026-05-01,5,1844716471,bbbbbbbbbb9cc5e90e3b3af64bdaf62c37eeffcb,50,3015327551018,3015327.551018000000
2026-05-01,6,1723592854,13394005c1012e708fce1eb974f1130fdc73a5ce,43,114941071887,114941.071887000000
2026-05-01,7,2101584250,b685760ebd368a891f27ae547391f4e2a289895b,32,9055621765,9055.6217650000000000
2026-05-01,8,-991362696,797bfed3cfa86713406d82d92e660df0beb5574b,32,1680840000,1680.8400000000000000
2026-05-01,9,-111399962,000000000004444c5dc75cb358380d2e3de08a90,31,57949642688,57949.642688000000
2026-05-01,10,-646538607,2666f14d9e1ea5062d5e88e7ecf3e85fdfaaf827,30,2956501405,2956.5014050000000000
2026-05-01,11,2054943978,6a000f20005980200259b80c5102003040001068,28,4816991597602,4816991.597602000000
2026-05-01,12,1723640441,c30c8b862f7de6ba5d7eaeb113c78ec6b5ded04b,27,33733646444,33733.646444000000
2026-05-01,13,881197687,9008d19f58aabd9ed0d60971565aa8510560ab41,23,599003795183,599003.795183000000
2026-05-01,14,-932186981,d78d199f8c402e7b5cc2abe278df0412400a3bae,22,345553894437,345553.894437000000
2026-05-01,15,-1037640733,7f54f05635d15cde17a49502fedb9d1803a3be8a,18,2024477298697,2024477.298697000000
2026-05-01,16,-971526386,8f10b468b06c6fd214b65f87778827f7d113f996,16,2127778237676,2127778.237676000000
2026-05-01,17,-860568135,a4b9a6424fb974ca23bfa7d9009a17db318bbf30,16,6572,0.00657200000000000000
2026-05-01,18,-1011239450,6c61b5d7ee48a8c52e65415f8081b7358aa2e268,15,656329645,656.3296450000000000
2026-05-01,19,1899934735,111111125421ca6dc452d289314280a0f8842a65,14,7025814012,7025.8140120000000000
2026-05-01,20,-103393091,45312ea0eff7e09c83cbe249fa1d7598c4c8cd4e,13,702490113031,702490.113031000000
2026-05-01,21,-306010472,bcb91c6d1299f97c7d41dd485d8aca316e7c3d82,13,4802500473,4802.5004730000000000
2026-05-01,22,1899839451,0c0d01abf3e6adfca0989ebba9d6e85dd58eab1e,12,114676310316,114676.310316000000
2026-05-01,23,-445859136,0f7ae28de1c8532170ad4ee566b5801485c13a0e,12,12858654145,12858.654145000000
2026-05-01,24,-1060575376,28b1dc1a5e3699a428bc51d234dfab7c9cb2a183,11,6190860564,6190.8605640000000000
2026-05-01,25,-1143854560,2cc0642e9c255b10fed26c8f0f7a17e6224066a6,11,640045001,640.0450010000000000
2026-05-01,26,-1074937109,be65fa2e12e92724b66e07a624e9ea6c8ad88ccb,11,342573,0.34257300000000000000
2026-05-01,27,-661668204,44b031f811b5b00fadd6c53519d5e40b84a9021a,10,2148509729,2148.5097290000000000
2026-05-01,28,-1087931715,451e8baac4410c1bee68c016875611d59f1eb31e,10,357322354,357.3223540000000000
2026-05-01,29,1636575522,69460570c93f9de5e2edbc3052bf10125f0ca22d,10,16382068,16.3820680000000000
2026-05-01,30,-1074961715,dd3a0272db0d5793bf6837ab7ab49f5795ca3435,10,249057,0.24905700000000000000
2026-05-01,31,-865054277,3a09a5811d44a3b3258882b5afdada5da2112794,10,4200,0.00420000000000000000
2026-05-01,32,-663402342,83236b4c201cabb6981d2f4642b6c892bcf3f621,9,4511068615,4511.0686150000000000
2026-05-01,33,-1066172701,cc3ef171d7310733506aa08c2bce9fab11d9f395,9,202000000,202.0000000000000000
2026-05-01,34,-1079528165,c6f5892475108a4b403c998ed510e1717d1af98e,9,189905,0.18990500000000000000
2026-05-01,35,-867217322,f845ed8b4391ae8e30dc052373e5f0029cb2abb7,9,3192,0.00319200000000000000
2026-05-01,36,-642204277,ba98fc35c9dfd69178ad5dce9fa29c64554783b5,8,16024774174300,16024774.174300000000
2026-05-01,37,-966871203,663830ca65387907cb5045f675978b6c730eefb3,8,95100000000,95100.000000000000
2026-05-01,38,742132312,8f791f061d7f36dc07de081ad88f87d71be1585e,8,4319425913,4319.4259130000000000
2026-05-01,39,-840611548,d9cad20935b23c38619f0354b669c6d993ed011d,8,3653020082,3653.0200820000000000
2026-05-01,40,-557550779,ec2a5db122bb9c3484616479e49307468ff5ec2b,8,239920000,239.9200000000000000
2026-05-01,41,-232637266,4a6c312ec70e8747a587ee860a0353cd42be0ae0,8,192473823,192.4738230000000000
2026-05-01,42,-414768092,238856de6d9d32ea3dd4e9e7dbfe08b23cd5048c,8,70850143,70.8501430000000000
2026-05-01,43,-1074755950,e24bdb74a6b7053b69f3c9f92dd1fb0ca971bd90,8,714118,0.71411800000000000000
2026-05-01,44,-1074729275,51a8687a89f22e741f7373328d13c9a5103a818f,8,710063,0.71006300000000000000
2026-05-01,45,-1067675285,b23cff7ac051f4bee44cfc98d903e5138cce8d15,7,184837318330,184837.318330000000
2026-05-01,46,-925394789,e9cd56e808b92347a3898fd4295dea76a17e21d5,7,19500000000,19500.000000000000
2026-05-01,47,-1076004312,17f42ad09c42946d38dae0fec083d4891f1a2309,7,3033188021,3033.1880210000000000
2026-05-01,48,-1000475958,6a55dcfc941bdce95e5fce9e16e13988abaeba4a,7,2225486313,2225.4863130000000000
2026-05-01,49,-426749421,3d90f66b534dd8482b181e24655a9e8265316be9,7,1371263423,1371.2634230000000000
2026-05-01,50,1368365273,b5ba87013c9875a0788d8dc713e34fabdc1c8743,7,1244034699,1244.0346990000000000
2026-05-01,51,423113715,433121346937af0c1d3c86ddc61c5717ce86ead0,7,1046000000,1046.0000000000000000
2026-05-01,52,-1092673820,b13b3719d930a465ed3c770cc5b57f8a54517699,7,972642242,972.6422420000000000
2026-05-01,53,-1107421461,d85127658adfd6d49f0513e14c091b4bdfbcf878,7,961960000,961.9600000000000000
2026-05-01,54,-410684374,73b1d873312b6df7541223b46e735232169d9a8e,7,429864275,429.8642750000000000
2026-05-01,55,-1047733781,a6e2f17d986d1dc21fb1851e9a2a656816e3c34f,7,259060820,259.0608200000000000
2026-05-01,56,-1079407532,976a586388d35128a038008141f66ec478517dfc,7,475600,0.47560000000000000000
2026-05-01,57,-1079353618,f3cdb7f10e98d2de7cc5e6dcfda0883cc3e7dc0d,7,198908,0.19890800000000000000
2026-05-01,58,-1079407732,6417e7bb6cfb95525223eebaf505c9ebe60b9417,7,187330,0.18733000000000000000
2026-05-01,59,-1074768046,5f19649b1cb9a53eda955f0c922f6eb7ffb38800,7,101059,0.10105900000000000000
2026-05-01,60,-698111088,399740157391a9f1bf4e9921a8834f9bc8f2678e,6,227936086334,227936.086334000000
2026-05-01,61,1113847572,663dc15d3c1ac63ff12e45ab68fea3f0a883c251,6,8739941134,8739.9411340000000000
2026-05-01,62,603606364,757a64f8358326454f8d85362a058fbd6c84efa2,6,6787690753,6787.6907530000000000
2026-05-01,63,1504476118,5c72246d70099fb6356df981e02a09cc99a38857,6,771624233,771.6242330000000000
2026-05-01,64,-418069339,312f3096098c90e439efa6cd894cbda1ee3e41df,6,629351284,629.3512840000000000
2026-05-01,65,-1122990194,4e0169b97e92bedd04d82992692c4bdacbfc9241,6,353800000,353.8000000000000000
2026-05-01,66,-1079493623,0e7fa533ba8a39119bfc91c02b41cde28f922b6c,6,479118,0.47911800000000000000
2026-05-01,67,1852340564,625e92624bc2d88619accc1788365a69767f6200,5,599681818789,599681.818789000000
2026-05-01,68,-1055989591,4c82d1fbfe28c977cbb58d8c7ff8fcf9f70a2cca,5,255600911077,255600.911077000000
2026-05-01,69,-476503275,845e4f742aeb7210576d18dd0a4229c10ab1d05c,5,14301404462,14301.404462000000
2026-05-01,70,1703959945,bb3b6a8a9947ba3f91865fcc802e108a77ff9106,5,12000000000,12000.000000000000
2026-05-01,71,778726385,eda09779a50185a0a510cc3ebfb96a955a2f530e,5,7482929946,7482.9299460000000000
2026-05-01,72,867588846,4a14347083b80e5216ca31350a2d21702ac3650d,5,4515810301,4515.8103010000000000
2026-05-01,73,1508839826,3ef3d8ba38ebe18db133cec108f4d14ce00dd9ae,5,3322262730,3322.2627300000000000
2026-05-01,74,-1146184124,7605da29bafa7ecccc3ea551614f8c316a9ffd64,5,403250000,403.2500000000000000
2026-05-01,75,-1149557559,a112e352903373287ffddcc466d32a0a92a13949,5,384650000,384.6500000000000000
2026-05-01,76,-868512327,814e0c1c263a7e49e8247af2baa5d2971cc101b5,5,344042201,344.0422010000000000
2026-05-01,77,-656645434,fcc8ba6d6fe060e264ec8631a564a227bce1da9d,5,121120000,121.1200000000000000
2026-05-01,78,-1079371246,e46bbf380acfedf4de6d3a151dff6e36576011f5,5,480000,0.48000000000000000000
2026-05-01,79,-1079380264,017cc4cd4b880e15f22aa9fcbcfcb0dfb14e343a,5,475722,0.47572200000000000000
2026-05-01,80,-1016237050,9b114fb8ad8e643ca3c859d57fe7b7fee8166180,5,420891,0.42089100000000000000
2026-05-01,81,-1074957674,2283e7a2632982c13ba089dbdfa247993c9130c7,5,416626,0.41662600000000000000
2026-05-01,82,-1079540838,ed363169b1196871131c05e87aa412251ccf995d,5,353774,0.35377400000000000000
2026-05-01,83,-870954752,69ebf644533655b5d3b6455e8e47dde21b5993f1,4,37703298735,37703.298735000000
2026-05-01,84,-826219546,37be6a6849cec9ed4eb2ce11b9d4db16544b368b,4,33525000000,33525.000000000000
2026-05-01,85,-261161997,8939b7b73bfd44fea6e9d5ecd18693757ee3bd9a,4,9110000000,9110.0000000000000000
2026-05-01,86,937702115,778f9c4c3b5e3d8d9fe9ef1224700cf93efc3184,4,5159049843,5159.0498430000000000
2026-05-01,87,-652074134,b92fe925dc43a0ecde6c8b1a2709c170ec4fff4f,4,5017713611,5017.7136110000000000
2026-05-01,88,-1057886878,757c78d5e45de56a2395d25dbf0381369e58f06e,4,4060215424,4060.2154240000000000
2026-05-01,89,1851140606,9da75997624c697444958aded6790bfca96af19a,4,2594084208,2594.0842080000000000
2026-05-01,90,1305271371,ddea92ba197495b8ce4c9e34e36f8ce6945a027e,4,818625630,818.6256300000000000
2026-05-01,91,-982647121,66a0ba5ed4a7466f767080a2baa4300e5f0b5f5d,4,491000000,491.0000000000000000
2026-05-01,92,-736999922,f3c300d91f89d635f6c32ddd7800848a6aea4083,4,362745815,362.7458150000000000
2026-05-01,93,1703836594,d3f5c377a8506af29aeafbc90d1e5c6534f197b4,4,148154813,148.1548130000000000
2026-05-01,94,-778966138,d01cd4f59937abbea9094e01d24f648262930308,4,125770000,125.7700000000000000
2026-05-01,95,-1123301015,4becc23547803b975b711ff5b37eda0da5e6f730,4,111910000,111.9100000000000000
2026-05-01,96,-1138180590,78d7e0a74eb72e320e1831102de070ec68ded942,4,26000000,26.0000000000000000
2026-05-01,97,-1149892538,1461d76aa1c9c523398301d9174098c6d53ce639,4,7978220,7.9782200000000000
2026-05-01,98,-1079349335,561a224d00f00cf8849701e75ee9c9d5e789e93e,4,480000,0.48000000000000000000
2026-05-01,99,-1016306399,848906784c8e9407713da40849515d6d523af528,4,465056,0.46505600000000000000
2026-05-01,100,-1079389400,7b97d148a1583a340b0f876186be71f54e66bb9e,4,200012,0.20001200000000000000
2026-06-01,1,1250544290,a9d1e08c7793af67e9d92fe308d5697fb81d3e43,719,1183485822401,1183485.822401000000
2026-06-01,2,-1200226580,5cae94136cc9d41ba950b1ad2f54fcb293ea649c,66,66000,0.06600000000000000000
2026-06-01,3,2004747019,a3222357a0eccf60c73606170be6c99adecb59b3,65,140904003386,140904.003386000000
2026-06-01,4,-1200226635,1ac730c9eab2c0c408c9badd442c918a5ce83b51,52,52000,0.05200000000000000000
2026-06-01,5,616036061,74de5d4fcbf63e00296fd95d33236b9794016631,50,133398172567,133398.172567000000
2026-06-01,6,-1200217037,414ef7b9b0c35167bf1cbede32567b9a08458581,50,50000,0.05000000000000000000
2026-06-01,7,-1191066783,f9c1c287c8aecf085c106b143951bcff98ca1edf,46,46000,0.04600000000000000000
2026-06-01,8,-1200182680,45ce7fea88a5445acf538db6f96eaa64383d8e1e,46,46000,0.04600000000000000000
2026-06-01,9,-1214351884,7b87d6e803b08e39335e3648b0dd909d2a741557,45,45000,0.04500000000000000000
2026-06-01,10,-1231021239,e3ba21cc9ac1d426a91d838b0499b386398c9630,43,43000,0.04300000000000000000
2026-06-01,11,-1214334251,77d9039eb7b98d64ef48de398ea6f7ddb22cbf34,40,40000,0.04000000000000000000
2026-06-01,12,1364872031,1231deb6f5749ef6ce6943a275a1d3e7486f4eae,39,259753132529,259753.132529000000
2026-06-01,13,-1214343141,7fd8b0157dc390f73d16c1d850d76a2aff87230b,39,39000,0.03900000000000000000
2026-06-01,14,-1211297717,940f6a61aa0f8098d215face69cc829e17fbe914,39,39000,0.03900000000000000000
2026-06-01,15,-1214321292,cb9f4941fff809fda0203ed610b4882eca3c96f7,39,39000,0.03900000000000000000
2026-06-01,16,-1191109559,e7dde20c86fc96b5c39534b0c69795b1e66873d4,38,38000,0.03800000000000000000
2026-06-01,17,-1200227137,b8c62ceb34ec795963aeee55f48eaf89fd83b995,38,38000,0.03800000000000000000
2026-06-01,18,-1230983145,1e8f4d1d55965fb823e8aa9946f981381d0d3d62,38,38000,0.03800000000000000000
2026-06-01,19,-1230984438,dbbc678def7d8d94e1a682bd17e1b364bb380276,37,37000,0.03700000000000000000
2026-06-01,20,-1211278802,85eca953ce0cc1266727b8aeef64f17200e4e078,37,37000,0.03700000000000000000
2026-06-01,21,-1191075034,f0d362aaa91803b8230a98ac3da443b4942f5f99,35,35000,0.03500000000000000000
2026-06-01,22,-1231014676,3290c04510520388e15bb0af43d84824fc11a948,34,34000,0.03400000000000000000
2026-06-01,23,1723592854,13394005c1012e708fce1eb974f1130fdc73a5ce,33,105131770763,105131.770763000000
2026-06-01,24,-111399962,000000000004444c5dc75cb358380d2e3de08a90,33,69058366793,69058.366793000000
2026-06-01,25,-1211277962,3af73614fb3d39ba9f3fdb769979fff30edc0282,33,33000,0.03300000000000000000
2026-06-01,26,2101584250,b685760ebd368a891f27ae547391f4e2a289895b,32,3879508655,3879.5086550000000000
2026-06-01,27,-1191193536,5af96fb4147db24fe35be8795a850ad1da08f2f7,32,32000,0.03200000000000000000
2026-06-01,28,-1211279302,bf2053b416025474f1c8b9e960b197aaed075f45,32,32000,0.03200000000000000000
2026-06-01,29,-1214332528,a53f687f1955d3fb4649ac73bbffbf38a5bf02e4,32,32000,0.03200000000000000000
2026-06-01,30,-1037640733,7f54f05635d15cde17a49502fedb9d1803a3be8a,29,217361828320,217361.828320000000
2026-06-01,31,881197687,9008d19f58aabd9ed0d60971565aa8510560ab41,27,585087510775,585087.510775000000
2026-06-01,32,-1231009587,b631c1b66e35082c6f95b56c5c4449f97e858aa2,27,27000,0.02700000000000000000
2026-06-01,33,-1191094638,16dbd1e2fe415bcf71700eab57f85c95a99cd0da,27,27000,0.02700000000000000000
2026-06-01,34,-1211289464,7c24f7dfc448a5c8a162799639d42668ed609a5b,26,26000,0.02600000000000000000
2026-06-01,35,-1231003811,9745254a36d618e17cd1ae718a67b43e34965400,26,26000,0.02600000000000000000
2026-06-01,36,1844716471,bbbbbbbbbb9cc5e90e3b3af64bdaf62c37eeffcb,23,3491347150126,3491347.150126000000
2026-06-01,37,-1191247029,b36c95d424027979b03d9c3d98963f6c817823d8,22,22000,0.02200000000000000000
2026-06-01,38,-1191177308,3223b5eaf242433999c8707bd6fea17a10db87f9,20,1786400000,1786.4000000000000000
2026-06-01,39,-652074134,b92fe925dc43a0ecde6c8b1a2709c170ec4fff4f,19,1142463612,1142.4636120000000000
2026-06-01,40,-1214324361,54aea32ad1ef0c1dfe4d13147c6bd22545b9ed60,19,19000,0.01900000000000000000
2026-06-01,41,1723640441,c30c8b862f7de6ba5d7eaeb113c78ec6b5ded04b,18,20465831346,20465.831346000000
2026-06-01,42,-991362696,797bfed3cfa86713406d82d92e660df0beb5574b,18,453627235,453.6272350000000000
2026-06-01,43,-1149557559,a112e352903373287ffddcc466d32a0a92a13949,17,1473900000,1473.9000000000000000
2026-06-01,44,1636575522,69460570c93f9de5e2edbc3052bf10125f0ca22d,17,47232365,47.2323650000000000
2026-06-01,45,-932186981,d78d199f8c402e7b5cc2abe278df0412400a3bae,16,61513111236,61513.111236000000
2026-06-01,46,-418069339,312f3096098c90e439efa6cd894cbda1ee3e41df,15,1034302014,1034.3020140000000000
2026-06-01,47,-1169170780,4b47541607ff54403c7f7acee352c1e8d229cb1f,15,571310000,571.3100000000000000
2026-06-01,48,-1211322352,9f6eaa777bdf3f0aef409efbc8a2c99cb35c196f,15,15000,0.01500000000000000000
2026-06-01,49,2054943978,6a000f20005980200259b80c5102003040001068,14,1855676046348,1855676.046348000000
2026-06-01,50,-826219546,37be6a6849cec9ed4eb2ce11b9d4db16544b368b,14,115225000000,115225.000000000000
2026-06-01,51,-1060575376,28b1dc1a5e3699a428bc51d234dfab7c9cb2a183,14,20862131641,20862.131641000000
2026-06-01,52,-445859136,0f7ae28de1c8532170ad4ee566b5801485c13a0e,14,1719583205,1719.5832050000000000
2026-06-01,53,-1146184124,7605da29bafa7ecccc3ea551614f8c316a9ffd64,14,1164660000,1164.6600000000000000
2026-06-01,54,-1067675285,b23cff7ac051f4bee44cfc98d903e5138cce8d15,13,224688171772,224688.171772000000
2026-06-01,55,-1190601599,4280a7af03bcbba846deecbe44a2729de9e25966,13,13000,0.01300000000000000000
2026-06-01,56,-1190562591,45c17fac9e9d545421f60ad960c20abbaabde560,13,13000,0.01300000000000000000
2026-06-01,57,-736999922,f3c300d91f89d635f6c32ddd7800848a6aea4083,12,348463182,348.4631820000000000
2026-06-01,58,-186122954,66a9893cc07d91d95644aedd05d03f95e1dba8af,11,14674619313,14674.619313000000
2026-06-01,59,-414768092,238856de6d9d32ea3dd4e9e7dbfe08b23cd5048c,11,1009911434,1009.9114340000000000
2026-06-01,60,-1200156784,97bd2a23834a20488e55dadd42ed799f88f053c1,11,11000,0.01100000000000000000
2026-06-01,61,-971526386,8f10b468b06c6fd214b65f87778827f7d113f996,10,1694035496891,1694035.496891000000
2026-06-01,62,-103393091,45312ea0eff7e09c83cbe249fa1d7598c4c8cd4e,9,254771465398,254771.465398000000
2026-06-01,63,-426749421,3d90f66b534dd8482b181e24655a9e8265316be9,8,8068249206,8068.2492060000000000
2026-06-01,64,-410684374,73b1d873312b6df7541223b46e735232169d9a8e,8,600429547,600.4295470000000000
2026-06-01,65,-966871203,663830ca65387907cb5045f675978b6c730eefb3,7,105500000000,105500.000000000000
2026-06-01,66,-199424513,62e4477cd189d45bb76a779da514f89deddf8c2c,7,8377877358,8377.8773580000000000
2026-06-01,67,1113847572,663dc15d3c1ac63ff12e45ab68fea3f0a883c251,7,6287708237,6287.7082370000000000
2026-06-01,68,867588846,4a14347083b80e5216ca31350a2d21702ac3650d,7,3007393628,3007.3936280000000000
2026-06-01,69,1508839826,3ef3d8ba38ebe18db133cec108f4d14ce00dd9ae,7,1977650665,1977.6506650000000000
2026-06-01,70,423113715,433121346937af0c1d3c86ddc61c5717ce86ead0,7,310000000,310.0000000000000000
2026-06-01,71,-993213711,ef3a1cae64848f9eb25022de4dcb77b40affe419,7,30694471,30.6944710000000000
2026-06-01,72,-970210339,c970db1c22c2e83aad5f12a34e3318ed2552526c,6,2575389745,2575.3897450000000000
2026-06-01,73,-1178582687,dcc5c45c7fedf3950b74ddcdc603b5b1675b6118,6,2071,0.00207100000000000000
2026-06-01,74,-860568135,a4b9a6424fb974ca23bfa7d9009a17db318bbf30,6,1961,0.00196100000000000000
2026-06-01,75,-1055989591,4c82d1fbfe28c977cbb58d8c7ff8fcf9f70a2cca,5,557527540177,557527.540177000000
2026-06-01,76,-719064654,b576765fb15505433af24fee2c0325895c559fb2,5,234586914023,234586.914023000000
2026-06-01,77,-1231719941,0db6fac2806394ff448ff6004bc681a80aae782a,5,199824846,199.8248460000000000
2026-06-01,78,-867217322,f845ed8b4391ae8e30dc052373e5f0029cb2abb7,5,1911,0.00191100000000000000
2026-06-01,79,-652806915,6716db9cadf5ed3a8e5765ded6d2b340b718d37a,4,5162413181,5162.4131810000000000
2026-06-01,80,-928478321,9b0df033385c456cd5428548f0bfdacdf27dfaf9,4,3638155802,3638.1558020000000000
2026-06-01,81,1843987934,383e6b4437b59fff47b619cba855ca29342a8559,4,1417774496,1417.7744960000000000
2026-06-01,82,742132312,8f791f061d7f36dc07de081ad88f87d71be1585e,4,1278072002,1278.0720020000000000
2026-06-01,83,-867019147,c10ee9031f2a0b84766a86b55a8d90f357910fb4,4,811859723,811.8597230000000000
2026-06-01,84,-1076004312,17f42ad09c42946d38dae0fec083d4891f1a2309,4,548000000,548.0000000000000000
2026-06-01,85,-691733164,bffc40b61fbf585d47617ce148ec38a0cd07006d,4,487000000,487.0000000000000000
2026-06-01,86,1899934735,111111125421ca6dc452d289314280a0f8842a65,4,420094971,420.0949710000000000
2026-06-01,87,-259225175,c089ed0adf615d882015e1f13ee97a3779898182,4,309395679,309.3956790000000000
2026-06-01,88,-555964115,22fc1f05fab10efd1387c6e116695ccb4c6edc9b,4,177000000,177.0000000000000000
2026-06-01,89,-1047733781,a6e2f17d986d1dc21fb1851e9a2a656816e3c34f,4,172861992,172.8619920000000000
2026-06-01,90,-260840437,88649f4743a758171077b98ee2003f1989b1615a,4,71058219,71.0582190000000000
2026-06-01,91,-795352739,79debdc266445810dd723fd5b87c203c618cfa0d,4,10380000,10.3800000000000000
2026-06-01,92,-833426606,81b962f00e25f5bcb11d4904e60e59a74c40c71c,4,2000,0.00200000000000000000
2026-06-01,93,-865054277,3a09a5811d44a3b3258882b5afdada5da2112794,4,1400,0.00140000000000000000
2026-06-01,94,1663246624,cf5540fffcdc3d510b18bfca6d2b9987b0772559,3,40389869698,40389.869698000000
2026-06-01,95,2018557174,a8c1c98aaf99a5dfc907d61b892b2ad624901185,3,23407597284,23407.597284000000
2026-06-01,96,-925394789,e9cd56e808b92347a3898fd4295dea76a17e21d5,3,11000000000,11000.000000000000
2026-06-01,97,1851140606,9da75997624c697444958aded6790bfca96af19a,3,7187165749,7187.1657490000000000
2026-06-01,98,1368365273,b5ba87013c9875a0788d8dc713e34fabdc1c8743,3,885003162,885.0031620000000000
2026-06-01,99,-995262963,51fc76e7d0027ce1fc8848769e9960c620114a18,3,875000000,875.0000000000000000
2026-06-01,100,-103355642,4af5c098c03710319f196150e37a08b23cdc586a,3,657669452,657.6694520000000000
