month,user_rank,address_id,address,outgoing_transfer_count,outgoing_transaction_count,raw_outgoing_volume,outgoing_volume
2024-09-01,1,-32302798,f7db20653fe8951e3c72f168310f4229d9945b3a,9,9,446280000000000000000000,446280.000000000000
2024-10-01,1,-34802695,b385d20dab411d20870f47d9ca1920533db21b20,12,12,1660482000000000000000000,1660482.000000000000
2024-10-01,2,-32302798,f7db20653fe8951e3c72f168310f4229d9945b3a,17,17,697058000000000000000000,697058.000000000000
2024-10-01,3,-53022430,2591c2afd3b0730c65b1b11e961bc82aa5461d8c,4,4,50699990000000000000000,50699.990000000000
2024-10-01,4,2147428326,d9334dd55b25f928b702d143981a8173c7272761,4,4,12260000000000000000000,12260.000000000000
2024-10-01,5,-34880761,2b930c0a75d12e8c8655dd3cc5352eebd2bdcfe1,2,2,1020000000000000000000,1020.0000000000000000
2024-11-01,1,-32302798,f7db20653fe8951e3c72f168310f4229d9945b3a,18,18,513000000000000000000000,513000.000000000000
2024-11-01,2,-53022430,2591c2afd3b0730c65b1b11e961bc82aa5461d8c,1,1,49500000000000000000000,49500.000000000000
2024-11-01,3,2147428326,d9334dd55b25f928b702d143981a8173c7272761,1,1,127000000000000000000,127.0000000000000000
2024-11-01,4,-34812078,f1dcb5394d27a41662847d512dcc903cda30056f,1,1,100000000000000000000,100.0000000000000000
2024-12-01,1,-32302798,f7db20653fe8951e3c72f168310f4229d9945b3a,4,4,5800110000000000000000000,5800110.000000000000
2024-12-01,2,-34802695,b385d20dab411d20870f47d9ca1920533db21b20,2,2,5700000000000000000000000,5700000.000000000000
2024-12-01,3,2147428326,d9334dd55b25f928b702d143981a8173c7272761,5,5,5650100000000000000000000,5650100.000000000000
2024-12-01,4,-34880761,2b930c0a75d12e8c8655dd3cc5352eebd2bdcfe1,2,2,3001000000000000000000000,3001000.000000000000
2024-12-01,5,-53022430,2591c2afd3b0730c65b1b11e961bc82aa5461d8c,3,3,401000000000000000000000,401000.000000000000
2024-12-01,6,-34812078,f1dcb5394d27a41662847d512dcc903cda30056f,1,1,10000000000000000000000,10000.0000000000000000
2024-12-01,7,1824994639,a63e8dda009e9079124c1e3678f4932bb8061f4d,1,1,250105268800000000000,250.1052688000000000
2024-12-01,8,-120508753,9ab2ce56b84e3bd5081fd49c041a98eb186f8165,1,1,125000000000000000000,125.0000000000000000
2024-12-01,9,-120653003,ff72e13a7eafd2170fe8fdf1fe73c7349c209ecb,1,1,100000000000000000000,100.0000000000000000
2024-12-01,10,1809658138,367c42a6f261ec54ffbecf5f41c226be12a3dca0,1,1,30000000000000000000,30.0000000000000000
2024-12-01,11,1518380821,b8bb8901d8208f3314435f930745d03201b3ad96,5,5,5020000000000000000,5.0200000000000000
2024-12-01,12,1376579973,1ba2b9dc5e3aa3f61c459a4dd13b293d9f81a156,1,1,5000000000000000000,5.0000000000000000
2024-12-01,13,-148057483,26bdb61fe53312705b72765721352a5f59cd1d99,2,2,4200000000000000000,4.2000000000000000
2024-12-01,14,-148057336,ead8cfef00c5436b98a22186646cf45253f3f2e0,2,2,3700000000000000000,3.7000000000000000
2024-12-01,15,-148049023,a7317727a8a3f2c1da9ab4bd47bc1ed25aad8001,2,2,3700000000000000000,3.7000000000000000
2024-12-01,16,-148047994,cf5e70fc61b289c170fa9c97d954da35ab9b20c8,1,1,3300000000000000000,3.3000000000000000
2024-12-01,17,-148058727,b53e2e8c6cacc265a71f7e1f88aec0da69da2437,1,1,3300000000000000000,3.3000000000000000
2024-12-01,18,-148066449,43e515e6d5f282b18d2094fe8da272908eba61b0,1,1,2700000000000000000,2.7000000000000000
2024-12-01,19,-143322267,ccbf16e3008d0e965a09d783e6ae3834d30c84b8,1,1,1400000000000000000,1.4000000000000000
2024-12-01,20,-143313929,ab1972a03e03778f30372ae436a95aff5cdc75ed,1,1,1300000000000000000,1.3000000000000000
2024-12-01,21,-143343703,859b22948f82cbfc106b55ef0c7d8dbe4ee16a2c,1,1,1200000000000000000,1.2000000000000000
2024-12-01,22,-143337976,6a59eb4fc4f53e2a7a8d228dcc6edd08770ac570,1,1,1100000000000000000,1.1000000000000000
2024-12-01,23,1676023845,75343da923ecfc5bc0328181ea14b5f42f26d03c,3,3,1020000000000000000,1.0200000000000000
2024-12-01,24,-141339112,5dcd822ac22c53f0b8bbc8dcde4351d1fb6283a3,1,1,1000000000000000000,1.00000000000000000000
2024-12-01,25,-143318711,7dec3e7b1d88cc35c4d3c9e556d56272f999797c,1,1,1000000000000000000,1.00000000000000000000
2024-12-01,26,-141355146,e401f3d8005115f261b768cfedc7b11ce940812a,1,1,1000000000000000000,1.00000000000000000000
2024-12-01,27,1573435661,7d236a837e31137184ab46eec5a03fe4d8792491,2,2,20000000000000000,0.02000000000000000000
2024-12-01,28,1675946953,c796bb8906bb8f1d66d967a0825940e235107504,2,2,20000000000000000,0.02000000000000000000
2025-01-01,1,1475740312,48ec5560bfd59b95859965cce48cc244cfdf6b0c,48,48,41694685141487800000000000,41694685.141487800000
2025-01-01,2,-32302798,f7db20653fe8951e3c72f168310f4229d9945b3a,11,11,29300000000000000000000000,29300000.000000000000
2025-01-01,3,2147428326,d9334dd55b25f928b702d143981a8173c7272761,18,18,15148345600000000000000000,15148345.600000000000
2025-01-01,4,-34802695,b385d20dab411d20870f47d9ca1920533db21b20,3,3,5850987000000000000000000,5850987.000000000000
2025-01-01,5,-120653003,ff72e13a7eafd2170fe8fdf1fe73c7349c209ecb,5,5,3751000000000000000000000,3751000.000000000000
2025-01-01,6,1275286644,1506f62abd4d30cec125c81e09b9730978e68094,3,3,25205000000000000000000,25205.000000000000
2025-01-01,7,893398926,def171fe48cf0115b1d80b88dc8eab59176fee57,7,7,18943599121635959146582,18943.599121635959
2025-01-01,8,2145174805,70bf6634ee8cb27d04478f184b9b8bb13e5f4710,308,151,17391492627647654159442,17391.492627647654
2025-01-01,9,616036061,74de5d4fcbf63e00296fd95d33236b9794016631,50,50,14888093983971267667468,14888.093983971268
2025-01-01,10,-175406083,d001ae433f254283fece51d4acce8c53263aa186,11,11,5198376284568560827286,5198.3762845685608273
2025-01-01,11,879636733,802e12e97053bf009f78e889adc9c061d7abb7c7,1,1,5097804041000000000000,5097.8040410000000000
2025-01-01,12,1381791786,1111111254eeb25477b68fb85ed929f73a960582,9,9,2882163537342438594934,2882.1635373424385949
2025-01-01,13,-194524076,0d0e364aa7852291883c162b22d6d81f6355428f,22,11,2296406338945873138502,2296.4063389458731385
2025-01-01,14,-103393091,45312ea0eff7e09c83cbe249fa1d7598c4c8cd4e,1,1,999905743076617244156,999.9057430766172442
2025-01-01,15,1586252096,3fc91a3afd70395cd496c647d5a6cc9d4b2b7fad,6,6,130568891328384307544,130.5688913283843075
2025-01-01,16,-171640419,f26b8bb4e76528e7f061df4441965df80d72a71f,1,1,103000000000000000000,103.0000000000000000
2025-01-01,17,-182970218,4f57dcf9406ddad9b93565807de7f30644e6b43f,1,1,90081638960024560000,90.0816389600245600
2025-01-01,18,1012838164,bbfedb542af3516f441fe4e80f683f44b7ed0774,1,1,37230000000000000000,37.2300000000000000
2025-01-01,19,1364872031,1231deb6f5749ef6ce6943a275a1d3e7486f4eae,2,2,36482951093553194028,36.4829510935531940
2025-01-01,20,2054943978,6a000f20005980200259b80c5102003040001068,1,1,27988635075623694693,27.9886350756236947
2025-01-01,21,1675946953,c796bb8906bb8f1d66d967a0825940e235107504,1,1,21000000000000000000,21.0000000000000000
2025-01-01,22,-54460044,f0ac0f833e0e5e8e3e1fc14b52bb8aac81e950be,1,1,18010759489647564500,18.0107594896475645
2025-01-01,23,-85263860,a6e17255dbe2b6ddf613b2563068e31238114ca6,2,2,5671199400000000000,5.6711994000000000
2025-01-01,24,-148073324,5141b82f5ffda4c6fe1e372978f1c5427640a190,1,1,4054960053804484415,4.0549600538044844
2025-01-01,25,1518380821,b8bb8901d8208f3314435f930745d03201b3ad96,3,2,3000000000000000000,3.0000000000000000
2025-01-01,26,-192436454,27bf45992da2251d96d95539c3c538de1d6e0b7b,2,2,2000000000000000000,2.0000000000000000
2025-01-01,27,-192382886,e6c55509d19d9aead41ee38e91329b1c44b31cfa,1,1,2000000000000000000,2.0000000000000000
2025-01-01,28,-155367938,4d21d8287ad79716cc211efd835c2f28fec1d24b,1,1,2000000000000000000,2.0000000000000000
2025-01-01,29,-173841447,9ace8771ce9b91127aaf7edca07dd55526409cb1,1,1,1000000000000000000,1.00000000000000000000
2025-01-01,30,-173810756,009659c113a49a072b5fff62ae03f6b5c007a4d3,1,1,1000000000000000000,1.00000000000000000000
2025-01-01,31,-141199055,75eab7834d87f52400f9118c1d63113435eaca6b,1,1,1000000000000000000,1.00000000000000000000
2025-01-01,32,-173847576,687c58f7f31c3dbd81ffe24d1295adc974423049,1,1,1000000000000000000,1.00000000000000000000
2025-01-01,33,2068491642,0f4a1d7fdf4890be35e71f3e0bbc4a0ec377eca3,5,5,636965923280632241,0.63696592328063224100
2025-01-01,34,1636575522,69460570c93f9de5e2edbc3052bf10125f0ca22d,2,1,560758437600000010,0.56075843760000001000
2025-01-01,35,1676023845,75343da923ecfc5bc0328181ea14b5f42f26d03c,1,1,10000000000000000,0.01000000000000000000
2025-01-01,36,1728729509,f081470f5c6fbccf48cc4e5b82dd926409dcdd67,2,2,5085158235546604,0.00508515823554660400
2025-02-01,1,1475740312,48ec5560bfd59b95859965cce48cc244cfdf6b0c,23,23,38630201856157500000000000,38630201.856157500000
2025-02-01,2,-32302798,f7db20653fe8951e3c72f168310f4229d9945b3a,15,15,36727882000000000000000000,36727882.000000000000
2025-02-01,3,30616,1522900b6dafac587d499a862861c0869be6e428,41,41,14955181017808790000000000,14955181.017808790000
2025-02-01,4,-120653003,ff72e13a7eafd2170fe8fdf1fe73c7349c209ecb,5,5,11500000000000000000000000,11500000.000000000000
2025-02-01,5,2147428326,d9334dd55b25f928b702d143981a8173c7272761,7,7,6650000000000000000000000,6650000.000000000000
2025-02-01,6,1809658138,367c42a6f261ec54ffbecf5f41c226be12a3dca0,5,5,2000424827284370000000000,2000424.827284370000
2025-02-01,7,-175406083,d001ae433f254283fece51d4acce8c53263aa186,7,7,522472378414825539646085,522472.378414825540
2025-02-01,8,616036061,74de5d4fcbf63e00296fd95d33236b9794016631,136,136,157646198055200352347092,157646.198055200352
2025-02-01,9,-217146480,cc6d2f26d363836f85a42d249e145ec0320d3e55,17,17,145413787232195253275823,145413.787232195253
2025-02-01,10,893398926,def171fe48cf0115b1d80b88dc8eab59176fee57,39,39,105830593032042419507154,105830.593032042420
2025-02-01,11,-194524076,0d0e364aa7852291883c162b22d6d81f6355428f,523,251,29522351751048891003675,29522.351751048891
2025-02-01,12,1381791786,1111111254eeb25477b68fb85ed929f73a960582,72,72,9312467977942749313923,9312.4679779427493139
2025-02-01,13,1589371703,a2fde9de6e6ebfe068d3ec0b515669817a9c3808,38,38,3938057899667284005263,3938.0578996672840053
2025-02-01,14,-186122954,66a9893cc07d91d95644aedd05d03f95e1dba8af,24,24,3589121694020242741124,3589.1216940202427411
2025-02-01,15,-220246026,1dc75e9b6404f18392bd52bed261eff5efc5e1a6,2,2,1051872998596397995000,1051.8729985963979950
2025-02-01,16,1364872031,1231deb6f5749ef6ce6943a275a1d3e7486f4eae,4,4,390639112141913119212,390.6391121419131192
2025-02-01,17,1636575522,69460570c93f9de5e2edbc3052bf10125f0ca22d,16,12,389688125814083922681,389.6881258140839227
2025-02-01,18,-164540350,ae87e405d1de1557af917c2257ada11d36135872,1,1,293679573412601656611,293.6795734126016566
2025-02-01,19,-99418085,e93c9b472fe9d622e121775ca27dbffa379d1f90,1,1,219580000000000000000,219.5800000000000000
2025-02-01,20,2119145301,bb92e4754da58e2dbf46cb70fddc783bf0353b22,1,1,182745455600000000000,182.7454556000000000
2025-02-01,21,-168446776,bb3414d7201a00ba28d3f02c22f95903a672e193,2,2,148500000000000000000,148.5000000000000000
2025-02-01,22,-148073324,5141b82f5ffda4c6fe1e372978f1c5427640a190,34,34,107018952896915288873,107.0189528969152889
2025-02-01,23,-120552335,b4f89c68e382b9639e536d70851e72964ab699c5,1,1,105000000000000000000,105.0000000000000000
2025-02-01,24,-120555158,315bab03fdeaaa1930193ea7c0def8f28b0b6f25,1,1,103000000000000000000,103.0000000000000000
2025-02-01,25,881197687,9008d19f58aabd9ed0d60971565aa8510560ab41,1,1,99764879738483056003,99.7648797384830560
2025-02-01,26,1675946953,c796bb8906bb8f1d66d967a0825940e235107504,2,2,95250000000000000000,95.2500000000000000
2025-02-01,27,1899934735,111111125421ca6dc452d289314280a0f8842a65,3,3,94084454559135430603,94.0844545591354306
2025-02-01,28,-177093582,792dcd4e00d04a88eba5c6b4cbffa4edb0fe3209,1,1,84890000000000000000,84.8900000000000000
2025-02-01,29,-112119317,67e0cfc80509988c8f1e007ac83ee4ed21127812,1,1,52110000000000000000,52.1100000000000000
2025-02-01,30,546716445,22f9dcf4647084d6c31b2765f6910cd85c178c18,48,44,12640014835700131018,12.6400148357001310
2025-02-01,31,723195864,a6d4462a24d0cac66bf6cb679efe3b90cf741f75,1,1,10000000000000000000,10.0000000000000000
2025-02-01,32,2068491642,0f4a1d7fdf4890be35e71f3e0bbc4a0ec377eca3,4,4,4783531812835922062,4.7835318128359221
2025-03-01,1,2139887976,fbca8b5f5794456b59ad4177e5b212d0db600bb6,3,3,67000010000000000000000000,67000010.000000000000
2025-03-01,2,-120653003,ff72e13a7eafd2170fe8fdf1fe73c7349c209ecb,4,4,40800000000000000000000000,40800000.000000000000
2025-03-01,3,-120227961,2b56b639636b246abfe67634ebdb29f09aa791fb,4,4,36779642000000000000000000,36779642.000000000000
2025-03-01,4,30616,1522900b6dafac587d499a862861c0869be6e428,65,65,36729637276546560000000000,36729637.276546560000
2025-03-01,5,-34802695,b385d20dab411d20870f47d9ca1920533db21b20,7,7,14501285000000000000000000,14501285.000000000000
2025-03-01,6,-175406083,d001ae433f254283fece51d4acce8c53263aa186,12,12,8660205002611664460734699,8660205.002611664461
2025-03-01,7,881197687,9008d19f58aabd9ed0d60971565aa8510560ab41,8,8,2715890922875653705701080,2715890.922875653706
2025-03-01,8,1809658138,367c42a6f261ec54ffbecf5f41c226be12a3dca0,3,3,1106131000000000000000000,1106131.000000000000
2025-03-01,9,-239010606,d114d1deba97dcbe91492ac16413e7bd2b301699,3,3,1008710558553252700850967,1008710.558553252701
2025-03-01,10,-217146480,cc6d2f26d363836f85a42d249e145ec0320d3e55,23,23,349414390766822446620748,349414.390766822447
2025-03-01,11,-186122954,66a9893cc07d91d95644aedd05d03f95e1dba8af,24,24,89711437321134274904873,89711.437321134275
2025-03-01,12,-193517069,fc3212bd9ad9a28da6b2bd50a2918969c126894f,12,12,50285017944322368602295,50285.017944322369
2025-03-01,13,-120508753,9ab2ce56b84e3bd5081fd49c041a98eb186f8165,1,1,50000000000000000000000,50000.000000000000
2025-03-01,14,-241578569,dc02801685e336431da10d9b4746d660ceb94ccc,1,1,49168711819452617557488,49168.711819452618
2025-03-01,15,616036061,74de5d4fcbf63e00296fd95d33236b9794016631,80,80,20813926430557491991627,20813.926430557492
2025-03-01,16,1899934735,111111125421ca6dc452d289314280a0f8842a65,3,3,16719404588066965129589,16719.404588066965
2025-03-01,17,1587123400,a7ca2c8673bcfa5a26d8ceec2887f2cc2b0db22a,12,12,15971644312122343574707,15971.644312122344
2025-03-01,18,1381791786,1111111254eeb25477b68fb85ed929f73a960582,133,133,15614073210363754871936,15614.073210363755
2025-03-01,19,-194524076,0d0e364aa7852291883c162b22d6d81f6355428f,188,89,11561887008894030517899,11561.887008894031
2025-03-01,20,1589371703,a2fde9de6e6ebfe068d3ec0b515669817a9c3808,55,55,7598230182677552604560,7598.2301826775526046
2025-03-01,21,1636575522,69460570c93f9de5e2edbc3052bf10125f0ca22d,18,14,1497316835840292058851,1497.3168358402920589
2025-03-01,22,1364872031,1231deb6f5749ef6ce6943a275a1d3e7486f4eae,5,5,685561821386733650217,685.5618213867336502
2025-03-01,23,-103393091,45312ea0eff7e09c83cbe249fa1d7598c4c8cd4e,1,1,502929254004860562789,502.9292540048605628
2025-03-01,24,893398926,def171fe48cf0115b1d80b88dc8eab59176fee57,11,11,474122683958177265352,474.1226839581772654
2025-03-01,25,1685736544,2dfadab8266483bed9fd9a292ce56596a2d1378d,1,1,393816531682242195953,393.8165316822421960
2025-03-01,26,-112119317,67e0cfc80509988c8f1e007ac83ee4ed21127812,1,1,314240000000000000000,314.2400000000000000
2025-03-01,27,1675946953,c796bb8906bb8f1d66d967a0825940e235107504,2,2,115000000000000000000,115.0000000000000000
2025-03-01,28,-120556942,b60fa2ad48959c016fb7545d045aeb60086aca2a,1,1,109000000000000000000,109.0000000000000000
2025-03-01,29,-32302798,f7db20653fe8951e3c72f168310f4229d9945b3a,2,2,105000000000000000000,105.0000000000000000
2025-03-01,30,1586252096,3fc91a3afd70395cd496c647d5a6cc9d4b2b7fad,1,1,104581028615882409271,104.5810286158824093
2025-03-01,31,546716445,22f9dcf4647084d6c31b2765f6910cd85c178c18,66,59,89962328894131989867,89.9623288941319899
2025-03-01,32,-148073324,5141b82f5ffda4c6fe1e372978f1c5427640a190,64,64,69793312272327453954,69.7933122723274540
2025-03-01,33,-191549730,ec16e761fbf584875420939e451de6495eb168ce,1,1,18215927500000000000,18.2159275000000000
2025-03-01,34,2147445254,1073d55dfb892ed86151015402db8b1cdb6ede78,1,1,10000000000000000000,10.0000000000000000
2025-03-01,35,-249868632,01e04dc6097c1cbd11f64de0dea60fb2dfe02e5f,1,1,10000000000000000000,10.0000000000000000
2025-03-01,36,1113847572,663dc15d3c1ac63ff12e45ab68fea3f0a883c251,1,1,9706838679111612199,9.7068386791116122
2025-03-01,37,1518380821,b8bb8901d8208f3314435f930745d03201b3ad96,4,3,6010000000000000000,6.0100000000000000
2025-03-01,38,-240573825,eedb1f91cdff8e8a1981fda8072b3e2fe6b828b0,1,1,2000000000000000000,2.0000000000000000
2025-03-01,39,-269777628,81a1d43ba30f9bc2ceaebc6c6e3899532e4d7d18,1,1,1100000000000000000,1.1000000000000000
2025-03-01,40,-269868579,112440a54905db1a6c431e7d9fedf0ecee4abda6,1,1,1000000000000000000,1.00000000000000000000
2025-03-01,41,-240744395,874f5208092db8b30a68f37384586407fcad9a44,1,1,1000000000000000000,1.00000000000000000000
2025-03-01,42,-269776080,70144464b7787c96d19d0818232d054dcdd1a1f3,1,1,1000000000000000000,1.00000000000000000000
2025-03-01,43,1543101446,6aa981bff95edfea36bdae98c26b274ffcafe8d3,4,2,776000000000000000,0.77600000000000000000
2025-03-01,44,1338576819,d3f64baa732061f8b3626ee44bab354f854877ac,1,1,29520000000000,0.000029520000000000000000
2025-04-01,1,2147445254,1073d55dfb892ed86151015402db8b1cdb6ede78,12,12,101325457000000000000000000,101325457.00000000
2025-04-01,2,-175406083,d001ae433f254283fece51d4acce8c53263aa186,35,35,58221969303176588646680534,58221969.303176588647
2025-04-01,3,-302891536,fa82580c16a31d0c1bc632a36f82e83efef3eec0,40,40,36597657296815628373051979,36597657.296815628373
2025-04-01,4,30616,1522900b6dafac587d499a862861c0869be6e428,94,94,12100780900236810000000000,12100780.900236810000
2025-04-01,5,2068491642,0f4a1d7fdf4890be35e71f3e0bbc4a0ec377eca3,31,31,10015178338061108615726199,10015178.338061108616
2025-04-01,6,881197687,9008d19f58aabd9ed0d60971565aa8510560ab41,34,33,6971449765554586888808206,6971449.765554586889
2025-04-01,7,-249868632,01e04dc6097c1cbd11f64de0dea60fb2dfe02e5f,5,5,2700004000000000000000000,2700004.000000000000
2025-04-01,8,2054943978,6a000f20005980200259b80c5102003040001068,5,5,2090154835242932736326637,2090154.835242932736
2025-04-01,9,1899934735,111111125421ca6dc452d289314280a0f8842a65,8,8,2086879904759179783138869,2086879.904759179783
2025-04-01,10,-103393091,45312ea0eff7e09c83cbe249fa1d7598c4c8cd4e,22,22,2065032663271831372446795,2065032.663271831372
2025-04-01,11,1809658138,367c42a6f261ec54ffbecf5f41c226be12a3dca0,7,7,1551456880000000000000000,1551456.880000000000
2025-04-01,12,-217146480,cc6d2f26d363836f85a42d249e145ec0320d3e55,35,35,977390297085322163988250,977390.297085322164
2025-04-01,13,-194524076,0d0e364aa7852291883c162b22d6d81f6355428f,187,93,584083966001100185665217,584083.966001100186
2025-04-01,14,1608787768,ad3b67bca8935cb510c8d18bd45f0b94f54a968f,2,2,100038781114099628407380,100038.781114099628
2025-04-01,15,1663246624,cf5540fffcdc3d510b18bfca6d2b9987b0772559,3,3,62922716691769343193500,62922.716691769343
2025-04-01,16,1587123400,a7ca2c8673bcfa5a26d8ceec2887f2cc2b0db22a,22,22,43027394320648511827269,43027.394320648512
2025-04-01,17,-193517069,fc3212bd9ad9a28da6b2bd50a2918969c126894f,35,35,40159607739842362579812,40159.607739842363
2025-04-01,18,616036061,74de5d4fcbf63e00296fd95d33236b9794016631,68,68,35864256158282482669309,35864.256158282483
2025-04-01,19,1381791786,1111111254eeb25477b68fb85ed929f73a960582,102,102,28339370311757443920250,28339.370311757444
2025-04-01,20,-186122954,66a9893cc07d91d95644aedd05d03f95e1dba8af,36,36,12231934084118101792816,12231.934084118102
2025-04-01,21,-79620546,0000000000bbf5c5fd284e657f01bd000933c96d,2,2,9850201045630974593337,9850.2010456309745933
2025-04-01,22,-285677798,564d6e3a879c007183fad17bed9a70630f090651,40,40,4870613355003427867713,4870.6133550034278677
2025-04-01,23,1636575522,69460570c93f9de5e2edbc3052bf10125f0ca22d,16,13,3980236316049952827316,3980.2363160499528273
2025-04-01,24,893398926,def171fe48cf0115b1d80b88dc8eab59176fee57,17,17,3814414567082724465904,3814.4145670827244659
2025-04-01,25,1589371703,a2fde9de6e6ebfe068d3ec0b515669817a9c3808,36,36,3768733705465175810273,3768.7337054651758103
2025-04-01,26,-282362703,8b458e26b6f92596addb86f0521c8fbe5af6569f,1,1,2190124867466942451402,2190.1248674669424514
2025-04-01,27,1364872031,1231deb6f5749ef6ce6943a275a1d3e7486f4eae,11,11,1995963719792878773474,1995.9637197928787735
2025-04-01,28,546716445,22f9dcf4647084d6c31b2765f6910cd85c178c18,46,40,514710403601811938946,514.7104036018119389
2025-04-01,29,-148073324,5141b82f5ffda4c6fe1e372978f1c5427640a190,83,83,406896164661564049963,406.8961646615640500
2025-04-01,30,1689166748,2ff45e654929b8eb049e52b55f1178e76528f45f,1,1,390365652689176240476,390.3656526891762405
2025-04-01,31,945823832,6352a56caadc4f1e25cd6c75970fa768a3304e64,3,3,231001209995044429449,231.0012099950444294
2025-04-01,32,2106851551,c38e4e6a15593f908255214653d3d947ca1c2338,3,3,215984619253530173268,215.9846192535301733
2025-04-01,33,-280489523,95dc6a00a7380000c299628dde395f0000009800,1,1,189957185668741300000,189.9571856687413000
2025-04-01,34,-296747392,d866e507d2781d3e6887662c89d19cda548bf36c,1,1,162258795999960671293,162.2587959999606713
2025-04-01,35,-304186985,f4f417a6b31e3623f1e8f9e3dd5740e59e0d9150,1,1,100000004237293514146,100.0000042372935141
2025-04-01,36,-304151178,db4023e8561945de35d5ef9e293a004f37a09cbd,1,1,100000000000000000000,100.0000000000000000
2025-04-01,37,-275582793,1cb06a975719e90c79303f5797918701de096f57,2,2,95005471800000000000,95.0054718000000000
2025-04-01,38,-279983225,5f068f7279cd4156bef954408dae05dce4b7ca61,1,1,71205884068939221885,71.2058840689392219
2025-04-01,39,-280492960,ae1f961f1a2b4f7fd598554043792325bd0a6db4,1,1,69904859127403789131,69.9048591274037891
2025-04-01,40,-278563382,22c92607bc7a5b46480c3d9590dd46203cfc8f30,1,1,64000000000000000000,64.0000000000000000
2025-04-01,41,1113847572,663dc15d3c1ac63ff12e45ab68fea3f0a883c251,1,1,50000000000000000000,50.0000000000000000
2025-04-01,42,-298318597,75a66958919f47870f62b2780c34a235dc357586,1,1,33545358699928112751,33.5453586999281128
2025-04-01,43,-75554605,1fc152236745ee60370acf3acd314375dc527ebd,1,1,24992216438515204000,24.9922164385152040
2025-04-01,44,-237550007,eeeeee9ec4769a09a76a83c7bc42b185872860ee,2,2,24274579258349062707,24.2745792583490627
2025-04-01,45,2105845464,55877bd7f2ee37bde55ca4b271a3631f3a7ef121,2,1,18094778260730921615,18.0947782607309216
2025-04-01,46,-309486827,a3d2eefbf981d9ae568bd14a9e033df0e8ee02d5,1,1,16440749093637929711,16.4407490936379297
2025-04-01,47,1061799871,72e93123e8b5d168246739cdc45360ea11209364,1,1,6000000000000000000,6.0000000000000000
2025-04-01,48,-164540350,ae87e405d1de1557af917c2257ada11d36135872,1,1,5650230349106582035,5.6502303491065820
2025-04-01,49,1810533067,991facf2731d27f103943ba7a2d3b08f9dc23f49,1,1,1988823974114460701,1.9888239741144607
2025-04-01,50,-297753026,10100dcac00088044067a00d520a0f7900000770,2,2,1743710228884458202,1.7437102288844582
2025-04-01,51,1543101446,6aa981bff95edfea36bdae98c26b274ffcafe8d3,7,4,1603994593041448566,1.6039945930414486
2025-04-01,52,1518380821,b8bb8901d8208f3314435f930745d03201b3ad96,1,1,1000000000000000000,1.00000000000000000000
2025-04-01,53,-279741080,001507c4afe335700b7d9a90e33a23be836750e0,1,1,1000000000000000000,1.00000000000000000000
2025-04-01,54,-279746718,38afc670ae3d20fdaec9da7a51a095fbaca4e740,1,1,1000000000000000000,1.00000000000000000000
2025-04-01,55,-275591927,06b4e15cadfcfd5ff74b24574948d96039dbcfb9,2,2,20000000000000000,0.02000000000000000000
2025-04-01,56,1338576819,d3f64baa732061f8b3626ee44bab354f854877ac,1,1,4920000000000,0.000004920000000000000000
2025-05-01,1,-302891536,fa82580c16a31d0c1bc632a36f82e83efef3eec0,111,111,39728775226861457316675590,39728775.226861457317
2025-05-01,2,2147445254,1073d55dfb892ed86151015402db8b1cdb6ede78,7,7,38350010000000000000000000,38350010.000000000000
2025-05-01,3,881197687,9008d19f58aabd9ed0d60971565aa8510560ab41,79,79,30690951373167155797335099,30690951.373167155797
2025-05-01,4,1809658138,367c42a6f261ec54ffbecf5f41c226be12a3dca0,9,9,14913092084185560000000000,14913092.084185560000
2025-05-01,5,-352212798,e1ce9af672f8854845e5474400b6ddc7ae458a10,22,20,14783935387063079115838218,14783935.387063079116
2025-05-01,6,-175406083,d001ae433f254283fece51d4acce8c53263aa186,34,34,11686111006685127431860640,11686111.006685127432
2025-05-01,7,-241578569,dc02801685e336431da10d9b4746d660ceb94ccc,3,3,7280216820761608964826587,7280216.820761608965
2025-05-01,8,-323129525,6e4141d33021b52c91c28608403db4a0ffb50ec6,15,15,6705485413249210633233172,6705485.413249210633
2025-05-01,9,30616,1522900b6dafac587d499a862861c0869be6e428,51,51,5120969925053260000000000,5120969.925053260000
2025-05-01,10,-217146480,cc6d2f26d363836f85a42d249e145ec0320d3e55,66,66,3619611811771939720657374,3619611.811771939721
2025-05-01,11,1663246624,cf5540fffcdc3d510b18bfca6d2b9987b0772559,10,10,2879748448423238885150448,2879748.448423238885
2025-05-01,12,-103393091,45312ea0eff7e09c83cbe249fa1d7598c4c8cd4e,24,24,2293184483147166361538750,2293184.483147166362
2025-05-01,13,-308439145,5418226af9c8d5d287a78fbbbcd337b86ec07d61,60,36,1104532620398723709400951,1104532.620398723709
2025-05-01,14,495231405,5f65f7b609678448494de4c87521cdf6cef1e932,37,37,912112302225277041857370,912112.302225277042
2025-05-01,15,1086472491,6ee8d9a796503a3121e1def7741fc03444b7ddaf,5,5,500527000000000000000000,500527.000000000000
2025-05-01,16,2054943978,6a000f20005980200259b80c5102003040001068,3,3,350739103188528500455939,350739.103188528500
2025-05-01,17,-82917459,959ae7d2c3a37cc726c09e8d628555fff2f54600,1,1,350000000000000000000000,350000.000000000000
2025-05-01,18,1490507434,00000000009e50a7ddb7a7b0e2ee6604fd120e49,16,14,200710493313877230984439,200710.493313877231
2025-05-01,19,1364872031,1231deb6f5749ef6ce6943a275a1d3e7486f4eae,18,18,183624812605425104507568,183624.812605425105
2025-05-01,20,-193517069,fc3212bd9ad9a28da6b2bd50a2918969c126894f,45,45,167790343772266897028922,167790.343772266897
2025-05-01,21,-233507126,a090fc409a9f25bf8e28257d42ef6904590c8984,1,1,156254041258515934669061,156254.041258515935
2025-05-01,22,-186122954,66a9893cc07d91d95644aedd05d03f95e1dba8af,35,35,143457882305389177969712,143457.882305389178
2025-05-01,23,-79620546,0000000000bbf5c5fd284e657f01bd000933c96d,1,1,121663912174588383753455,121663.912174588384
2025-05-01,24,2068491642,0f4a1d7fdf4890be35e71f3e0bbc4a0ec377eca3,6,6,116687119615893221319654,116687.119615893221
2025-05-01,25,1474354648,06edf6237c0d7bd13ace80544c6a76e491b5c2b2,4,4,110000000000000000000000,110000.000000000000
2025-05-01,26,1899934735,111111125421ca6dc452d289314280a0f8842a65,13,13,62417251483232701305109,62417.251483232701
2025-05-01,27,-136048499,81463b0f960f247f704377661ec81c1fd65b5128,2,2,58777929001742696446499,58777.929001742696
2025-05-01,28,-258881147,9cbdbd7fa768ad6e9546ff57238722fa9b925329,3,3,50002000000000000000000,50002.000000000000
2025-05-01,29,1847172457,00000000000ba9cd9f5175108141a82b6c24d727,1,1,44021760433575973967919,44021.760433575974
2025-05-01,30,893398926,def171fe48cf0115b1d80b88dc8eab59176fee57,6,6,28106078033768901593136,28106.078033768902
2025-05-01,31,2061959543,5b93d80da1a359340d1f339fb574bdc56763f995,1,1,27042774452222709039038,27042.774452222709
2025-05-01,32,-9870347,0ab81f382fa01caa886c4c4dfe4a507e1cab9559,1,1,26961926248954158557476,26961.926248954159
2025-05-01,33,1381791786,1111111254eeb25477b68fb85ed929f73a960582,70,70,25772224727929706099761,25772.224727929706
2025-05-01,34,616036061,74de5d4fcbf63e00296fd95d33236b9794016631,61,61,22279141163488553283366,22279.141163488553
2025-05-01,35,-331601069,3611b82c7b13e72b26eb0e9be0613bee7a45ac7c,2,2,18142840569665640654655,18142.840569665641
2025-05-01,36,-340793678,85eaf46714f083ed1879b10ef99af77cbd36cb44,1,1,14832900000000000000000,14832.900000000000
2025-05-01,37,1587123400,a7ca2c8673bcfa5a26d8ceec2887f2cc2b0db22a,22,22,14714206710284577229423,14714.206710284577
2025-05-01,38,1508839826,3ef3d8ba38ebe18db133cec108f4d14ce00dd9ae,21,21,13342616118328002328088,13342.616118328002
2025-05-01,39,2106851551,c38e4e6a15593f908255214653d3d947ca1c2338,1,1,9977680911988276951115,9977.6809119882769511
2025-05-01,40,-348462627,f4880446c871cb7428af0e5e1963bd0ca488177e,2,2,4770000000000000000000,4770.0000000000000000
2025-05-01,41,-285677798,564d6e3a879c007183fad17bed9a70630f090651,40,40,3998454394433654376405,3998.4543944336543764
2025-05-01,42,-290637262,bd32122bad41a09f2405bb374a83877d8245079c,2,1,3694354783313998852309,3694.3547833139988523
2025-05-01,43,-326653551,50d3865a63d52c0a54e4679949647ea752107390,1,1,3653418732859467507170,3653.4187328594675072
2025-05-01,44,-351105517,cc6dede79bc96dbbee98e29db51c0b7619cee000,2,2,2590000000000000000000,2590.0000000000000000
2025-05-01,45,-310646222,437b9d6ca5661f2b75fb1edf746edc91dfbae2f5,1,1,1131525527084948338488,1131.5255270849483385
2025-05-01,46,1113847572,663dc15d3c1ac63ff12e45ab68fea3f0a883c251,8,8,937228480071401498817,937.2284800714014988
2025-05-01,47,1194581291,b2dc2da9684dfef77cfa5c6bb07e733023715292,2,2,501875542736789140171,501.8755427367891402
2025-05-01,48,2105845464,55877bd7f2ee37bde55ca4b271a3631f3a7ef121,1,1,501171215597788323193,501.1712155977883232
2025-05-01,49,1636575522,69460570c93f9de5e2edbc3052bf10125f0ca22d,2,2,380389122220450040926,380.3891222204500409
2025-05-01,50,-278563382,22c92607bc7a5b46480c3d9590dd46203cfc8f30,1,1,365190000000000000000,365.1900000000000000
2025-05-01,51,2139887976,fbca8b5f5794456b59ad4177e5b212d0db600bb6,3,3,347000000000000000000,347.0000000000000000
2025-05-01,52,-296136087,0b76da349310bbc0cb58cf3748d83e51bcedc254,1,1,291708940292152809408,291.7089402921528094
2025-05-01,53,-148073324,5141b82f5ffda4c6fe1e372978f1c5427640a190,50,50,230397229037568736039,230.3972290375687360
2025-05-01,54,-140602814,9c67cb536e393db841b2286df8fc38e01a9e0ab5,1,1,182848044325079791102,182.8480443250797911
2025-05-01,55,1331609912,bd6c7b0d2f68c2b7805d88388319cfb6ecb50ea9,1,1,148465883384380390061,148.4658833843803901
2025-05-01,56,-204229230,6d36f87d74c04223d82804e749473731fad81f30,1,1,103088734231392658341,103.0887342313926583
2025-05-01,57,-298318597,75a66958919f47870f62b2780c34a235dc357586,3,3,96510621634652206369,96.5106216346522064
2025-05-01,58,-275582793,1cb06a975719e90c79303f5797918701de096f57,1,1,80000000000000000000,80.0000000000000000
2025-05-01,59,1146996754,e89ff9383a1b2b276806c97e63cba4efa1c43169,1,1,48500000000000000000,48.5000000000000000
2025-05-01,60,-350569063,f69a5d6e6b3ac08017d6687af4d69f03fc03c00e,4,4,40000000000000000000,40.0000000000000000
2025-05-01,61,-350058189,a9a35248e1dc9131701eb0375521bad75ae89796,2,2,35070800980303810961,35.0708009803038110
2025-05-01,62,-168446776,bb3414d7201a00ba28d3f02c22f95903a672e193,1,1,24750000000000000000,24.7500000000000000
2025-05-01,63,-344591673,5679e685d637578190b98740ec526f1b1ce975d7,1,1,24010406600378616429,24.0104066003786164
2025-05-01,64,-354448911,33435bf5ba716e89abd190b73eb83e3bc77f31ab,1,1,18881994300000000000,18.8819943000000000
2025-05-01,65,-305544640,e69f80dbbc466e1978b2f742d6cd7256a05ae71b,1,1,15000000000000000000,15.0000000000000000
2025-05-01,66,-53668650,5434ed2d9f5737986858de127545e8a2fb6eb6ae,1,1,6573408879560938318,6.5734088795609383
2025-05-01,67,945823832,6352a56caadc4f1e25cd6c75970fa768a3304e64,3,2,5017217961823729102,5.0172179618237291
2025-05-01,68,-308441982,d71baacbcb10720b16a63620605cb4b962c47d20,4,2,1255397129355125491,1.2553971293551255
2025-05-01,69,-297753026,10100dcac00088044067a00d520a0f7900000770,1,1,811415914557764684,0.81141591455776468400
2025-05-01,70,1966320127,e08d97e151473a848c3d9ca3f323cb720472d015,1,1,121289317845980,0.00012128931784598000
2025-06-01,1,-352212798,e1ce9af672f8854845e5474400b6ddc7ae458a10,301,271,153196191493838528190088275,153196191.49383853
2025-06-01,2,2147445254,1073d55dfb892ed86151015402db8b1cdb6ede78,12,12,64200010000000000000000000,64200010.000000000000
2025-06-01,3,2139887976,fbca8b5f5794456b59ad4177e5b212d0db600bb6,7,7,58500155000000000000000000,58500155.000000000000
2025-06-01,4,881197687,9008d19f58aabd9ed0d60971565aa8510560ab41,163,163,50824086079381809585665355,50824086.079381809586
2025-06-01,5,-302891536,fa82580c16a31d0c1bc632a36f82e83efef3eec0,128,128,43426442426161223103869144,43426442.426161223104
2025-06-01,6,-175406083,d001ae433f254283fece51d4acce8c53263aa186,39,39,33520576608819349148758702,33520576.608819349149
2025-06-01,7,-249868632,01e04dc6097c1cbd11f64de0dea60fb2dfe02e5f,4,4,20262376000000000000000000,20262376.000000000000
2025-06-01,8,-323129525,6e4141d33021b52c91c28608403db4a0ffb50ec6,63,62,16436495017570103422776941,16436495.017570103423
2025-06-01,9,2054943978,6a000f20005980200259b80c5102003040001068,42,42,10727123681485189836667976,10727123.681485189837
2025-06-01,10,30616,1522900b6dafac587d499a862861c0869be6e428,47,47,6858066865268550000000000,6858066.865268550000
2025-06-01,11,1364872031,1231deb6f5749ef6ce6943a275a1d3e7486f4eae,60,60,4153356142113486230945081,4153356.142113486231
2025-06-01,12,1809658138,367c42a6f261ec54ffbecf5f41c226be12a3dca0,23,23,3695475850000000000000000,3695475.850000000000
2025-06-01,13,-391195473,c2d36f41841b420937643dcccbea8163d4f59b6c,20,20,3574119008947711816706139,3574119.008947711817
2025-06-01,14,-217146480,cc6d2f26d363836f85a42d249e145ec0320d3e55,115,115,3169624959399013922645546,3169624.959399013923
2025-06-01,15,-103393091,45312ea0eff7e09c83cbe249fa1d7598c4c8cd4e,32,32,2700685424938290850908821,2700685.424938290851
2025-06-01,16,1663246624,cf5540fffcdc3d510b18bfca6d2b9987b0772559,20,20,2361284568715697457844789,2361284.568715697458
2025-06-01,17,1899934735,111111125421ca6dc452d289314280a0f8842a65,61,61,2272446281691860676110737,2272446.281691860676
2025-06-01,18,495231405,5f65f7b609678448494de4c87521cdf6cef1e932,22,22,1144443777656578529200946,1144443.777656578529
2025-06-01,19,-308439145,5418226af9c8d5d287a78fbbbcd337b86ec07d61,73,45,428977194719884151669708,428977.194719884152
2025-06-01,20,-186122954,66a9893cc07d91d95644aedd05d03f95e1dba8af,28,28,425527786297841006504130,425527.786297841007
2025-06-01,21,1608787768,ad3b67bca8935cb510c8d18bd45f0b94f54a968f,4,4,372836673200212189905425,372836.673200212190
2025-06-01,22,1508839826,3ef3d8ba38ebe18db133cec108f4d14ce00dd9ae,281,281,361656863080491950608286,361656.863080491951
2025-06-01,23,-258881147,9cbdbd7fa768ad6e9546ff57238722fa9b925329,2,2,350000000000000000000000,350000.000000000000
2025-06-01,24,1715474201,78f8bd884c3d738b74b420540659c82f392820e0,4,4,219537060171681319852639,219537.060171681320
2025-06-01,25,-82917459,959ae7d2c3a37cc726c09e8d628555fff2f54600,2,2,150745686567068944823128,150745.686567068945
2025-06-01,26,-331601069,3611b82c7b13e72b26eb0e9be0613bee7a45ac7c,2,2,130553407717866188118850,130553.407717866188
2025-06-01,27,-298280876,3face0002c61054a67266aa0c8795e315e6d92f2,1,1,127647575344900164253446,127647.575344900164
2025-06-01,28,1490507434,00000000009e50a7ddb7a7b0e2ee6604fd120e49,7,7,123228953428027377230371,123228.953428027377
2025-06-01,29,-79620546,0000000000bbf5c5fd284e657f01bd000933c96d,1,1,99856552940590065743883,99856.552940590066
2025-06-01,30,1474354648,06edf6237c0d7bd13ace80544c6a76e491b5c2b2,3,3,90000000000000000000000,90000.000000000000
2025-06-01,31,-193517069,fc3212bd9ad9a28da6b2bd50a2918969c126894f,35,35,85811813342780937348852,85811.813342780937
2025-06-01,32,1586960633,0b8a49d816cc709b6eadb09498030ae3416b66dc,2,2,80247585056750756095512,80247.585056750756
2025-06-01,33,-369811058,7d789483b1ddfbdf9d437c929181d351e1017438,4,4,67050000000000000000000,67050.000000000000
2025-06-01,34,-304576969,97d9bb97f706b2c8b8cad7dec27561baa5c70960,1,1,50031800000000000000000,50031.800000000000
2025-06-01,35,-369240818,8170832e879064441f5beeab731c1ccd5facdca9,1,1,41368629808738967993206,41368.629808738968
2025-06-01,36,1526126162,2f2dd99235cb728fc79af575f1325eaa270f0c99,3,3,30021336156967433505717,30021.336156967434
2025-06-01,37,-128571804,ba1333333333a1ba1108e8412f11850a5c319ba9,16,16,29364438020384929902450,29364.438020384930
2025-06-01,38,1587123400,a7ca2c8673bcfa5a26d8ceec2887f2cc2b0db22a,13,13,16572884157306084502530,16572.884157306085
2025-06-01,39,2000202299,888888888889758f76e7103c6cbf23abbf58f946,2,1,13302571163458680677862,13302.571163458681
2025-06-01,40,1622106185,2c9c47e7d254e493f02acfb410864b9a86c28e1d,2,2,11621929300000000000000,11621.929300000000
2025-06-01,41,2106851551,c38e4e6a15593f908255214653d3d947ca1c2338,5,5,11582603703005799183314,11582.603703005799
2025-06-01,42,-351105517,cc6dede79bc96dbbee98e29db51c0b7619cee000,4,4,11250000000000000000000,11250.000000000000
2025-06-01,43,-379996193,82d88875d64d60cbe9cbea47cb960ae0f04ebd4d,26,17,10019816781702027573477,10019.8167817020275735
2025-06-01,44,893398926,def171fe48cf0115b1d80b88dc8eab59176fee57,11,11,6747327733859975167668,6747.3277338599751677
2025-06-01,45,1636575522,69460570c93f9de5e2edbc3052bf10125f0ca22d,7,7,6575764514693496397088,6575.7645146934963971
2025-06-01,46,1381791786,1111111254eeb25477b68fb85ed929f73a960582,62,62,6300141638129705726191,6300.1416381297057262
2025-06-01,47,2061959543,5b93d80da1a359340d1f339fb574bdc56763f995,1,1,5000013967819255497036,5000.0139678192554970
2025-06-01,48,1080812442,0000e0ca771e21bd00057f54a68c30d400000000,4,4,4640463636201756175751,4640.4636362017561758
2025-06-01,49,616036061,74de5d4fcbf63e00296fd95d33236b9794016631,30,30,4084143148155909292497,4084.1431481559092925
2025-06-01,50,-285677798,564d6e3a879c007183fad17bed9a70630f090651,20,20,2199415004805176667290,2199.4150048051766673
2025-06-01,51,-136048499,81463b0f960f247f704377661ec81c1fd65b5128,5,5,1930120332287846383616,1930.1203322878463836
2025-06-01,52,2026523619,aa8d2737d3545364788b7d1a8ec84c2db0b4015a,1,1,1000000000000000000000,1000.0000000000000000
2025-06-01,53,-23494170,d7852e139a7097e119623de0751ae53a61efb442,5,5,880933878772531002051,880.9338787725310021
2025-06-01,54,-387696322,05bdc7f99b81d1b0f20d4ddb43d4e18683a029bb,1,1,496716964468835454423,496.7169644688354544
2025-06-01,55,1194581291,b2dc2da9684dfef77cfa5c6bb07e733023715292,1,1,494120013128034708975,494.1200131280347090
2025-06-01,56,1113847572,663dc15d3c1ac63ff12e45ab68fea3f0a883c251,20,12,450541751610346810499,450.5417516103468105
2025-06-01,57,-188723718,4fed5e80294c958f3ceea7df8e77fcbecd8a5545,1,1,435620133819696275004,435.6201338196962750
2025-06-01,58,-295064140,0e00cd672cdc4da823c0f887559e0bb7d62eebdc,1,1,414356654619004315630,414.3566546190043156
2025-06-01,59,-310646222,437b9d6ca5661f2b75fb1edf746edc91dfbae2f5,1,1,408115806239197037206,408.1158062391970372
2025-06-01,60,-391243334,c0b8b8a948c29e7757f66b553a419c1a3856e84c,2,2,382483021364751225913,382.4830213647512259
2025-06-01,61,-350569063,f69a5d6e6b3ac08017d6687af4d69f03fc03c00e,35,35,350000000000000000000,350.0000000000000000
2025-06-01,62,-354448911,33435bf5ba716e89abd190b73eb83e3bc77f31ab,2,2,329687700000000000000,329.6877000000000000
2025-06-01,63,-204351849,23fff78343a1921ad066f19e83b4b3d96f3a2831,1,1,291300000000000000000,291.3000000000000000
2025-06-01,64,-326653551,50d3865a63d52c0a54e4679949647ea752107390,1,1,249301204573994630205,249.3012045739946302
2025-06-01,65,-111399962,000000000004444c5dc75cb358380d2e3de08a90,1,1,248481877018820228426,248.4818770188202284
2025-06-01,66,1018355831,066b0a2d1ca6c6d744699442409a053adc9689b7,1,1,195852875992618904040,195.8528759926189040
2025-06-01,67,-308441982,d71baacbcb10720b16a63620605cb4b962c47d20,7,5,155660464030016891263,155.6604640300168913
2025-06-01,68,-343908797,47a0b4fa5711e22dd11c7893f373c5ee0d48c151,1,1,150000000000000000000,150.0000000000000000
2025-06-01,69,-298318597,75a66958919f47870f62b2780c34a235dc357586,1,1,142435564911468539521,142.4355649114685395
2025-06-01,70,-380987829,ee6b3a0b5a750902c4513508bef90963e88f1c80,1,1,125645374362526504740,125.6453743625265047
2025-06-01,71,-369999852,9c6e9a133992f193f8491df9884d20d835979f4a,1,1,102576649382154699055,102.5766493821546991
2025-06-01,72,-237550007,eeeeee9ec4769a09a76a83c7bc42b185872860ee,3,3,102321386273784558330,102.3213862737845583
2025-06-01,73,-376847665,7e0177e914e3cf5b69067874d4316bf552037eb2,1,1,97458612631980497493,97.4586126319804975
2025-06-01,74,-380898748,d1168f931863cccef0102041f275cba5c49907a2,1,1,89959964916407861816,89.9599649164078618
2025-06-01,75,-148073324,5141b82f5ffda4c6fe1e372978f1c5427640a190,46,46,87736111949644419868,87.7361119496444199
2025-06-01,76,2004747019,a3222357a0eccf60c73606170be6c99adecb59b3,3,3,83503120270000000000,83.5031202700000000
2025-06-01,77,-352833449,735553bb555353f0428934ed719d87f69566c130,1,1,65321987049397737866,65.3219870493977379
2025-06-01,78,-348297290,c1e86dcec88b674c7a67e54d94ef6197cc6c4cec,1,1,33245236600000000000,33.2452366000000000
2025-06-01,79,1401656776,a2016244fb1f791cee3aedc5ae8c6a73a57006fc,1,1,20786670800000000000,20.7866708000000000
2025-06-01,80,1018358966,2894ea44867db1674d1d6cba21a3ec225c1a7306,1,1,15331799647325365995,15.3317996473253660
2025-06-01,81,-390858996,3b2fb43d55324a731dd4fdc8364f8e7b3899ffb1,1,1,15000000000000000000,15.0000000000000000
2025-06-01,82,-276071827,480463d8a1bee5a66fc905c6bfc7104eafdea273,1,1,14021090000000000000,14.0210900000000000
2025-06-01,83,-155367938,4d21d8287ad79716cc211efd835c2f28fec1d24b,1,1,10000000000000000000,10.0000000000000000
2025-06-01,84,2105845464,55877bd7f2ee37bde55ca4b271a3631f3a7ef121,1,1,9998891708114922440,9.9988917081149224
2025-06-01,85,-380013460,13ae7caffd0d83ac90c985f68c7dacc7c69f7b6b,2,1,9873485293764947284,9.8734852937649473
2025-06-01,86,-376429075,9987bc8416c31c4454a6cd80ca07fb0d71e1be1b,1,1,5837768800000000000,5.8377688000000000
2025-06-01,87,-369532135,538fcf1fe689d92007338813519ae6dadde007ad,1,1,4374157596795744080,4.3741575967957441
2025-06-01,88,-345481259,6ed96705c0e7ae2fc3016e1a570cfd2a99b95ff0,1,1,4374157596795744080,4.3741575967957441
2025-06-01,89,1331609912,bd6c7b0d2f68c2b7805d88388319cfb6ecb50ea9,1,1,1714205520581466844,1.7142055205814668
2025-06-01,90,-393002194,4b99a3a71f4c4efbfc322b8cf8797027ffcd1c62,1,1,1500000038644097036,1.5000000386440970
2025-06-01,91,-394814401,0abe7fa0f9926ee447f6940174e455f0cd066c9a,4,3,1199629413480863447,1.1996294134808634
2025-06-01,92,-73740875,4e6bde77fb3185d30a277f6a285d8d16de695884,1,1,1010000000000000000,1.0100000000000000
2025-06-01,93,-19215413,0dc0a41702088581bc156842d67f53c9fd7a0ee1,1,1,1009999000000000000,1.00999900000000000000
2025-06-01,94,-384070360,8920b3ce88a03f79ee9c553c2c6111c38e397752,5,5,500010000000000000,0.50001000000000000000
2025-06-01,95,-316031521,058bbff7be9d3cb50cdb9e6f6929f023f2763b98,11,11,0,0E-36
2025-07-01,1,-352212798,e1ce9af672f8854845e5474400b6ddc7ae458a10,321,257,240489556624253341846181844,240489556.62425334
2025-07-01,2,-302891536,fa82580c16a31d0c1bc632a36f82e83efef3eec0,302,302,126951833832485105670932407,126951833.83248511
2025-07-01,3,2139887976,fbca8b5f5794456b59ad4177e5b212d0db600bb6,7,7,117500000000000000000000000,117500000.00000000
2025-07-01,4,-175406083,d001ae433f254283fece51d4acce8c53263aa186,28,28,53051669120210916065315793,53051669.120210916065
2025-07-01,5,881197687,9008d19f58aabd9ed0d60971565aa8510560ab41,133,133,39379783471965513136349642,39379783.471965513136
2025-07-01,6,30616,1522900b6dafac587d499a862861c0869be6e428,66,66,29878742423196900000000000,29878742.423196900000
2025-07-01,7,-391195473,c2d36f41841b420937643dcccbea8163d4f59b6c,84,63,29073343313668414716753429,29073343.313668414717
2025-07-01,8,2147445254,1073d55dfb892ed86151015402db8b1cdb6ede78,7,7,25850868000000000000000000,25850868.000000000000
2025-07-01,9,-323129525,6e4141d33021b52c91c28608403db4a0ffb50ec6,96,95,15770062087319082438581704,15770062.087319082439
2025-07-01,10,-217146480,cc6d2f26d363836f85a42d249e145ec0320d3e55,569,569,12383697044343548244599987,12383697.044343548245
2025-07-01,11,-395183936,46a79a5a9236c0bab5232a0b35c2f34e35de55ec,34,34,7441264329620461091992300,7441264.329620461092
2025-07-01,12,-249868632,01e04dc6097c1cbd11f64de0dea60fb2dfe02e5f,10,10,5508282000000000000000000,5508282.000000000000
2025-07-01,13,2054943978,6a000f20005980200259b80c5102003040001068,33,33,5115556362003375576758313,5115556.362003375577
2025-07-01,14,1809658138,367c42a6f261ec54ffbecf5f41c226be12a3dca0,54,54,3378440770000000000000000,3378440.770000000000
2025-07-01,15,2000202299,888888888889758f76e7103c6cbf23abbf58f946,13,13,2361861281131596757686925,2361861.281131596758
2025-07-01,16,1899934735,111111125421ca6dc452d289314280a0f8842a65,127,127,2276558850102296964254639,2276558.850102296964
2025-07-01,17,-295126901,4f90356dbc2286b4be8cf14738b05e3a9e9c0c7e,3,3,2275310000000000000000000,2275310.000000000000
2025-07-01,18,-140148130,c262ae280d113c22e812e20e03031c8350d49b69,1,1,2000781299328356806815087,2000781.299328356807
2025-07-01,19,-395300692,66971818c4d4a123cfaaf286968cc3a1465a8191,5,3,1134353164364456913291066,1134353.164364456913
2025-07-01,20,-258881147,9cbdbd7fa768ad6e9546ff57238722fa9b925329,7,7,1013001000000000000000000,1013001.000000000000
2025-07-01,21,1364872031,1231deb6f5749ef6ce6943a275a1d3e7486f4eae,57,57,880543086755373725040121,880543.086755373725
2025-07-01,22,-103393091,45312ea0eff7e09c83cbe249fa1d7598c4c8cd4e,11,11,755416768903134698238187,755416.768903134698
2025-07-01,23,-422830147,8276138e51b5edf4602f0cbcedda29528e0bab35,4,4,726965200704829112259736,726965.200704829112
2025-07-01,24,-128571804,ba1333333333a1ba1108e8412f11850a5c319ba9,29,29,424657330195108669058682,424657.330195108669
2025-07-01,25,2004747019,a3222357a0eccf60c73606170be6c99adecb59b3,452,385,410582173693810000000000,410582.173693810000
2025-07-01,26,1508839826,3ef3d8ba38ebe18db133cec108f4d14ce00dd9ae,303,303,399084896936918134689673,399084.896936918135
2025-07-01,27,-351741607,b115fe9a340eca8251b038d0b2deae482f18c8b2,2,2,338950000000000000000000,338950.000000000000
2025-07-01,28,495231405,5f65f7b609678448494de4c87521cdf6cef1e932,18,18,302527202053771248787588,302527.202053771249
2025-07-01,29,-403967596,df31a70a21a1931e02033dbba7deace6c45cfd0f,122,80,185333930981043790216323,185333.930981043790
2025-07-01,30,1474354648,06edf6237c0d7bd13ace80544c6a76e491b5c2b2,2,2,150000000000000000000000,150000.000000000000
2025-07-01,31,-369811058,7d789483b1ddfbdf9d437c929181d351e1017438,5,5,111000000000000000000000,111000.000000000000
2025-07-01,32,-303667228,f0a12fefa78181a3749474db31d09524fa87b1f7,8,8,88849330949563473434651,88849.330949563473
2025-07-01,33,1608787768,ad3b67bca8935cb510c8d18bd45f0b94f54a968f,7,7,68682651892665958693021,68682.651892665959
2025-07-01,34,616036061,74de5d4fcbf63e00296fd95d33236b9794016631,95,95,65546628012476386899647,65546.628012476387
2025-07-01,35,-90284824,00000688768803bbd44095770895ad27ad6b0d95,5,5,52276835676348974485266,52276.835676348974
2025-07-01,36,-193517069,fc3212bd9ad9a28da6b2bd50a2918969c126894f,30,30,47178479803869701651518,47178.479803869702
2025-07-01,37,-186122954,66a9893cc07d91d95644aedd05d03f95e1dba8af,39,38,33859958475160770876181,33859.958475160771
2025-07-01,38,1663246624,cf5540fffcdc3d510b18bfca6d2b9987b0772559,13,13,33316659275648164480218,33316.659275648164
2025-07-01,39,-449851743,5518e05523f4fbb80f6d84942c5ae6368498f2c2,1,1,30000000000000000000000,30000.000000000000
2025-07-01,40,-449821041,b041c04f70dbcfbbd2da9879d9df89812b800335,1,1,30000000000000000000000,30000.000000000000
2025-07-01,41,1730427538,1e013b50edd0d27900e6b5b3cb074bd1aa1f22ba,1,1,30000000000000000000000,30000.000000000000
2025-07-01,42,893398926,def171fe48cf0115b1d80b88dc8eab59176fee57,24,24,27340689166495455011618,27340.689166495455
2025-07-01,43,2061959543,5b93d80da1a359340d1f339fb574bdc56763f995,2,2,25067807304960904255444,25067.807304960904
2025-07-01,44,-235906611,ae68b7117be0026cbd4366303f74eecbb19e4042,4,4,24999347484088167880329,24999.347484088168
2025-07-01,45,1381791786,1111111254eeb25477b68fb85ed929f73a960582,88,88,23307423292300957315571,23307.423292300957
2025-07-01,46,-326272148,b962fd1abd9a365140493bd499acf1ec0acff040,1,1,20001888240142855204227,20001.888240142855
2025-07-01,47,-381547691,f5042e6ffac5a625d4e7848e0b01373d8eb9e222,14,14,17518356010174693260347,17518.356010174693
2025-07-01,48,2106851551,c38e4e6a15593f908255214653d3d947ca1c2338,7,7,16237897649028339011532,16237.897649028339
2025-07-01,49,-351105517,cc6dede79bc96dbbee98e29db51c0b7619cee000,5,5,11250000000000000000000,11250.000000000000
2025-07-01,50,-406362051,12bd6880b5ad8f9cd8ae1cbca668ea94f0554a39,1,1,9991760000000000000000,9991.7600000000000000
2025-07-01,51,1113847572,663dc15d3c1ac63ff12e45ab68fea3f0a883c251,31,16,6846801847404033054173,6846.8018474040330542
2025-07-01,52,-391243334,c0b8b8a948c29e7757f66b553a419c1a3856e84c,33,33,5488749261487580716467,5488.7492614875807165
2025-07-01,53,2145174805,70bf6634ee8cb27d04478f184b9b8bb13e5f4710,1,1,4983236158395260937356,4983.2361583952609374
2025-07-01,54,1587123400,a7ca2c8673bcfa5a26d8ceec2887f2cc2b0db22a,31,31,4143035676703432821238,4143.0356767034328212
2025-07-01,55,-416036063,38a6f619be87e00750e9443be7efeb77aeba1186,2,2,4000000000000000000000,4000.0000000000000000
2025-07-01,56,-430872326,e55b4a2a5bc0753d5061c4373f5119912346c51a,1,1,3140296581292429393776,3140.2965812924293938
2025-07-01,57,-298318597,75a66958919f47870f62b2780c34a235dc357586,8,8,2635302682197375323692,2635.3026821973753237
2025-07-01,58,-372789137,c0dfdb9e7a392c3dbbe7c6fbe8fbc1789c9fe05e,1,1,2402268216401239318834,2402.2682164012393188
2025-07-01,59,-154946446,968e338f384267ca263677138ba4d44255e57a11,1,1,2314101360000000000000,2314.1013600000000000
2025-07-01,60,-285677798,564d6e3a879c007183fad17bed9a70630f090651,32,32,2303197807720263753219,2303.1978077202637532
2025-07-01,61,1215823203,19fd60f6cb84c04602905f15ef1151aeda87186f,1,1,2290000000000000000000,2290.0000000000000000
2025-07-01,62,-379996193,82d88875d64d60cbe9cbea47cb960ae0f04ebd4d,42,30,1986609800746035633449,1986.6098007460356334
2025-07-01,63,-23494170,d7852e139a7097e119623de0751ae53a61efb442,3,3,1942086274650842553708,1942.0862746508425537
2025-07-01,64,-310646222,437b9d6ca5661f2b75fb1edf746edc91dfbae2f5,2,2,1828286291787242932603,1828.2862917872429326
2025-07-01,65,1016010401,c581ff1a21f42b315dedbe219a7ed2b0fa47abd5,1,1,1522350740004203481524,1522.3507400042034815
2025-07-01,66,-358272754,fbe2d8b6d446fb7e7e91777bec0a237b22ff2c3b,1,1,1512469799679251987494,1512.4697996792519875
2025-07-01,67,-418077159,8f23de4a256514dc80759d6c60c387ce335cb51d,2,2,1440497356120000000000,1440.4973561200000000
2025-07-01,68,1020444887,6af2e1f929d55ffced95418069bac50382e6d01c,1,1,1140660061100211602398,1140.6600611002116024
2025-07-01,69,2108216198,ee030ec6f4307411607e55acd08e628ae6655b86,10,10,1115728728418079826315,1115.7287284180798263
2025-07-01,70,2105845464,55877bd7f2ee37bde55ca4b271a3631f3a7ef121,3,3,1000455028598684001111,1000.4550285986840011
2025-07-01,71,1017103719,649c7d8ea95ee7f1eed0bace823b3ee3c199441c,1,1,724528801023938189159,724.5288010239381892
2025-07-01,72,-413141618,d6679827662126bb0d3435f8e33d5cc7afc86c5e,1,1,620664184028847927034,620.6641840288479270
2025-07-01,73,1018355831,066b0a2d1ca6c6d744699442409a053adc9689b7,1,1,485456002013054485282,485.4560020130544853
2025-07-01,74,-350569063,f69a5d6e6b3ac08017d6687af4d69f03fc03c00e,46,46,460000000000000000000,460.0000000000000000
2025-07-01,75,1020176310,c8bc7372fb3a143fd45b96c5bfeb304daf9eccc2,1,1,454432048196015834514,454.4320481960158345
2025-07-01,76,-275582793,1cb06a975719e90c79303f5797918701de096f57,1,1,363593671760000000000,363.5936717600000000
2025-07-01,77,1009192655,a90754ce4950dc149454d9150d5c8ca685f92ca9,1,1,339941143421216612396,339.9411434212166124
2025-07-01,78,-405551973,2905d7e4d048d29954f81b02171dd313f457a4a4,2,1,188113196762762057417,188.1131967627620574
2025-07-01,79,1017107550,d72d3a693a8835647411f758a2e58f212fad25cc,1,1,181709107000000000000,181.7091070000000000
2025-07-01,80,1020756482,521fb848361b6c025f375adaf5e1da0acb933b04,1,1,180329307150009635175,180.3293071500096352
2025-07-01,81,-276314395,958e4e7f8638d5f8c650982e0230adac10b40d31,1,1,177249398248659169396,177.2493982486591694
2025-07-01,82,-403946188,8e3f00919ad73b4c525be50e86718d86386af944,39,14,170567584838880780309,170.5675848388807803
2025-07-01,83,-79620546,0000000000bbf5c5fd284e657f01bd000933c96d,4,4,147729471223198468369,147.7294712231984684
2025-07-01,84,1017006420,f36d62efc5b3aa4f6fc7e4274e691159075d683c,1,1,124329368332966751895,124.3293683329667519
2025-07-01,85,2133239263,cb39b35cac71086e38abc9dc1c787102a6d6f156,1,1,109383995511396766438,109.3839955113967664
2025-07-01,86,-383422777,79600a8f822e9ba3723ed4cc6f530daefed9c127,1,1,104559568718125230938,104.5595687181252309
2025-07-01,87,1636575522,69460570c93f9de5e2edbc3052bf10125f0ca22d,6,5,100053657667234596376,100.0536576672345964
2025-07-01,88,-403986125,8331f9acce69b02c281f40a00706f758665cce77,5,2,99607859519122870179,99.6078595191228702
2025-07-01,89,-148073324,5141b82f5ffda4c6fe1e372978f1c5427640a190,73,73,99508596871259868842,99.5085968712598688
2025-07-01,90,1715474201,78f8bd884c3d738b74b420540659c82f392820e0,1,1,63549846180886548817,63.5498461808865488
2025-07-01,91,-414969510,e5bcc532f7070012ce5bdf4f5b4ec0db36171a98,1,1,53592179130916196429,53.5921791309161964
2025-07-01,92,1586252096,3fc91a3afd70395cd496c647d5a6cc9d4b2b7fad,1,1,51610464827364941402,51.6104648273649414
2025-07-01,93,1704231440,693f7c6ff9756cc4038cdd640c356d4a9831e8c1,1,1,48198881000000000000,48.1988810000000000
2025-07-01,94,1331609912,bd6c7b0d2f68c2b7805d88388319cfb6ecb50ea9,3,3,43089725464787897552,43.0897254647878976
2025-07-01,95,-224363229,c2ce392012bcd53d272ce4ec0933657be6be0f4e,2,2,39998668748809117000,39.9986687488091170
2025-07-01,96,2053912594,a2bcd1a4efbd04b63cd03f5aff2561106ebcce00,5,5,35069633512879335969,35.0696335128793360
2025-07-01,97,723195864,a6d4462a24d0cac66bf6cb679efe3b90cf741f75,1,1,30483228370000000000,30.4832283700000000
2025-07-01,98,-380013460,13ae7caffd0d83ac90c985f68c7dacc7c69f7b6b,9,4,28450443368679440251,28.4504433686794403
2025-07-01,99,-452680502,4761dbd8c1b6b8297831e73050d32dd995345af3,1,1,25920053230000000000,25.9200532300000000
2025-07-01,100,-84543546,cde46a486e5d4c79a5399f4955787535f43167b6,1,1,19975521578077524955,19.9755215780775250
2025-08-01,1,-352212798,e1ce9af672f8854845e5474400b6ddc7ae458a10,394,287,184932438833399026520712492,184932438.83339903
2025-08-01,2,2139887976,fbca8b5f5794456b59ad4177e5b212d0db600bb6,7,7,99000120000000000000000000,99000120.000000000000
2025-08-01,3,-302891536,fa82580c16a31d0c1bc632a36f82e83efef3eec0,293,293,90192956894024493311015971,90192956.894024493311
2025-08-01,4,-175406083,d001ae433f254283fece51d4acce8c53263aa186,34,34,57809002140176720043938782,57809002.140176720044
2025-08-01,5,2147445254,1073d55dfb892ed86151015402db8b1cdb6ede78,6,6,34950100000000000000000000,34950100.000000000000
2025-08-01,6,881197687,9008d19f58aabd9ed0d60971565aa8510560ab41,192,192,26019114281569555753426433,26019114.281569555753
2025-08-01,7,30616,1522900b6dafac587d499a862861c0869be6e428,31,31,16530499003844990000000000,16530499.003844990000
2025-08-01,8,-395183936,46a79a5a9236c0bab5232a0b35c2f34e35de55ec,35,35,12144930881798470000000000,12144930.881798470000
2025-08-01,9,1809658138,367c42a6f261ec54ffbecf5f41c226be12a3dca0,56,56,10033432670000000000000000,10033432.670000000000
2025-08-01,10,1899934735,111111125421ca6dc452d289314280a0f8842a65,107,107,7668598225631911865205367,7668598.225631911865
2025-08-01,11,-217146480,cc6d2f26d363836f85a42d249e145ec0320d3e55,364,364,7522884209532497853453533,7522884.209532497853
2025-08-01,12,-323129525,6e4141d33021b52c91c28608403db4a0ffb50ec6,64,63,6679770741931897860492922,6679770.741931897860
2025-08-01,13,-351741607,b115fe9a340eca8251b038d0b2deae482f18c8b2,42,42,5411466000000000000000000,5411466.000000000000
2025-08-01,14,-240573825,eedb1f91cdff8e8a1981fda8072b3e2fe6b828b0,2,2,3467854716153108828559002,3467854.716153108829
2025-08-01,15,-258881147,9cbdbd7fa768ad6e9546ff57238722fa9b925329,7,7,3007996704530000000000000,3007996.704530000000
2025-08-01,16,2054943978,6a000f20005980200259b80c5102003040001068,41,41,2697114381157916215313906,2697114.381157916215
2025-08-01,17,-295126901,4f90356dbc2286b4be8cf14738b05e3a9e9c0c7e,1,1,2564705000000000000000000,2564705.000000000000
2025-08-01,18,-507690558,1c1cf2322aad08c085cfb60050aade153ca77dd7,1,1,1999223379629629630000000,1999223.379629629630
2025-08-01,19,495231405,5f65f7b609678448494de4c87521cdf6cef1e932,35,35,1811130686964436243089252,1811130.686964436243
2025-08-01,20,743243994,e0019d15f39ec9e8007acd7ca0776dd90eb3d333,6,6,939178855710000000000000,939178.855710000000
2025-08-01,21,-403967596,df31a70a21a1931e02033dbba7deace6c45cfd0f,104,73,841847539148450271127403,841847.539148450271
2025-08-01,22,-140148130,c262ae280d113c22e812e20e03031c8350d49b69,2,2,820281593738182906022469,820281.593738182906
2025-08-01,23,-341174562,2c0552e5dcb79b064fd23e358a86810bc5994244,4,4,806991219725656185301661,806991.219725656185
2025-08-01,24,-103393091,45312ea0eff7e09c83cbe249fa1d7598c4c8cd4e,19,19,664025192614416234129420,664025.192614416234
2025-08-01,25,-391195473,c2d36f41841b420937643dcccbea8163d4f59b6c,16,16,589198589988952443366826,589198.589988952443
2025-08-01,26,1007022309,a96853390c776ce8307b46b4d1a857ab310ab018,1,1,515000000000000000000000,515000.000000000000
2025-08-01,27,1663246624,cf5540fffcdc3d510b18bfca6d2b9987b0772559,2,2,503583650275051955533375,503583.650275051956
2025-08-01,28,2004747019,a3222357a0eccf60c73606170be6c99adecb59b3,197,185,460007019837370000000000,460007.019837370000
2025-08-01,29,1508839826,3ef3d8ba38ebe18db133cec108f4d14ce00dd9ae,308,308,357528010745645244317512,357528.010745645244
2025-08-01,30,-90284824,00000688768803bbd44095770895ad27ad6b0d95,9,9,309660614281844768642000,309660.614281844769
2025-08-01,31,1474354648,06edf6237c0d7bd13ace80544c6a76e491b5c2b2,2,2,200000000000000000000000,200000.000000000000
2025-08-01,32,1364872031,1231deb6f5749ef6ce6943a275a1d3e7486f4eae,45,45,178874117920394943814045,178874.117920394944
2025-08-01,33,1381791786,1111111254eeb25477b68fb85ed929f73a960582,55,55,160140948943117910869339,160140.948943117911
2025-08-01,34,-369811058,7d789483b1ddfbdf9d437c929181d351e1017438,5,5,155100000000000000000000,155100.000000000000
2025-08-01,35,-303667228,f0a12fefa78181a3749474db31d09524fa87b1f7,12,12,141829261661055165981401,141829.261661055166
2025-08-01,36,2000202299,888888888889758f76e7103c6cbf23abbf58f946,4,4,117817954074015309464204,117817.954074015309
2025-08-01,37,1758664726,a69805398d1e1eabb67127bb824bea1223ebb0c8,2,2,110000000000000000000000,110000.000000000000
2025-08-01,38,-186122954,66a9893cc07d91d95644aedd05d03f95e1dba8af,41,41,109293251016439399164188,109293.251016439399
2025-08-01,39,2061959543,5b93d80da1a359340d1f339fb574bdc56763f995,6,6,103194294367212638162140,103194.294367212638
2025-08-01,40,-193587653,def1fa4cefe67365ba046a7c630d6b885298e210,1,1,100000000000000000000000,100000.000000000000
2025-08-01,41,616036061,74de5d4fcbf63e00296fd95d33236b9794016631,60,60,93929543060123571837593,93929.543060123572
2025-08-01,42,-93361650,b042c16cc8ce0a71957d504c1c1f5b580b62901b,2,2,88000000000000000000000,88000.000000000000
2025-08-01,43,1715474201,78f8bd884c3d738b74b420540659c82f392820e0,2,2,69572646455666779872968,69572.646455666780
2025-08-01,44,1608787768,ad3b67bca8935cb510c8d18bd45f0b94f54a968f,4,4,61174918203043894242885,61174.918203043894
2025-08-01,45,2034702912,b300000b72deaeb607a12d5f54773d1c19c7028d,8,8,50624315019865625600916,50624.315019865626
2025-08-01,46,-179907143,512ccbfa97ec57b01a02c9bcc34e6b0ed810006a,2,2,50125000000000000000000,50125.000000000000
2025-08-01,47,-193517069,fc3212bd9ad9a28da6b2bd50a2918969c126894f,21,21,38101764653285547113137,38101.764653285547
2025-08-01,48,1105932400,00000000009726632680fb29d3f7a9734e3010e2,1,1,24204248327667837639240,24204.248327667838
2025-08-01,49,-128571804,ba1333333333a1ba1108e8412f11850a5c319ba9,3,3,15133085448587688769282,15133.085448587689
2025-08-01,50,893398926,def171fe48cf0115b1d80b88dc8eab59176fee57,18,18,11385699790974384572827,11385.699790974385
2025-08-01,51,1016283441,9c612ca218fb8f40fc0369bd59e11a4e279c5339,1,1,11331670821159127457883,11331.670821159127
2025-08-01,52,-79620546,0000000000bbf5c5fd284e657f01bd000933c96d,2,2,11020253114093693377419,11020.253114093693
2025-08-01,53,-476420994,e3190143eb552456f88464662f0c0c4ac67a77eb,2,2,10009000000324569292658,10009.0000003245692927
2025-08-01,54,1402033670,44d5dac217261f2a18bc4df57431456c4864f0ae,1,1,10000000000000000000000,10000.0000000000000000
2025-08-01,55,-474381360,ed716b59ad334349eb8522926cf44af45dee7530,1,1,9990922668822243040344,9990.9226688222430403
2025-08-01,56,-351105517,cc6dede79bc96dbbee98e29db51c0b7619cee000,4,4,9000000000000000000000,9000.0000000000000000
2025-08-01,57,2106851551,c38e4e6a15593f908255214653d3d947ca1c2338,9,9,6508549276239580869723,6508.5492762395808697
2025-08-01,58,469111696,e0ca60a3e171d3806403d0f016d0b15b8002f053,1,1,5000000000000000000000,5000.0000000000000000
2025-08-01,59,-381547691,f5042e6ffac5a625d4e7848e0b01373d8eb9e222,4,4,4774847099901293529025,4774.8470999012935290
2025-08-01,60,-285677798,564d6e3a879c007183fad17bed9a70630f090651,24,24,2608231357988569056535,2608.2313579885690565
2025-08-01,61,-437566690,6ded9e3bf9cd28cdca8cd67dd4ecc95d78319989,1,1,2540996240000000000000,2540.9962400000000000
2025-08-01,62,1586252096,3fc91a3afd70395cd496c647d5a6cc9d4b2b7fad,1,1,2499010376300932720858,2499.0103763009327209
2025-08-01,63,-405551973,2905d7e4d048d29954f81b02171dd313f457a4a4,7,4,2423613147519816775473,2423.6131475198167755
2025-08-01,64,-403946188,8e3f00919ad73b4c525be50e86718d86386af944,24,9,2379771244118334404902,2379.7712441183344049
2025-08-01,65,-298318597,75a66958919f47870f62b2780c34a235dc357586,7,7,2356551602071640696465,2356.5516020716406965
2025-08-01,66,1587123400,a7ca2c8673bcfa5a26d8ceec2887f2cc2b0db22a,17,17,2297986543285474509133,2297.9865432854745091
2025-08-01,67,-181526249,2b739be0c868d03044670f2921f29dfb66b7f68d,1,1,2224632963844254086051,2224.6329638442540861
2025-08-01,68,1586960633,0b8a49d816cc709b6eadb09498030ae3416b66dc,1,1,1926245552852142371954,1926.2455528521423720
2025-08-01,69,-375007263,3e9ba86f0ec034457eb9e0061ae13d29d8a40b12,1,1,1337839820086483076060,1337.8398200864830761
2025-08-01,70,2105845464,55877bd7f2ee37bde55ca4b271a3631f3a7ef121,4,4,1244931901163587714232,1244.9319011635877142
2025-08-01,71,1113847572,663dc15d3c1ac63ff12e45ab68fea3f0a883c251,28,14,1079526162528735562786,1079.5261625287355628
2025-08-01,72,2108216198,ee030ec6f4307411607e55acd08e628ae6655b86,4,4,709147021566505948769,709.1470215665059488
2025-08-01,73,-217378951,55ac902cb75cc15288d473ed8e3e185a75b3f330,1,1,611732822573390741199,611.7328225733907412
2025-08-01,74,1030991819,97043189dfce5ab1c1a678f0db111b8d7c194ea1,1,1,532077781224556316833,532.0777812245563168
2025-08-01,75,1020444887,6af2e1f929d55ffced95418069bac50382e6d01c,1,1,519465957789860133052,519.4659577898601331
2025-08-01,76,2139006695,81dfe83d38ac81af1975bf2e4531f4e88ff6cc42,1,1,496469767768094819650,496.4697677680948197
2025-08-01,77,-498896461,01c31f4d94d7ae220d13a02185d81e64f7e2b180,2,2,446498669145228900000,446.4986691452289000
2025-08-01,78,1026123670,92abad935add73060a33a73bc8e13abf10afe5d8,1,1,443411827446720260731,443.4118274467202607
2025-08-01,79,-350569063,f69a5d6e6b3ac08017d6687af4d69f03fc03c00e,42,42,420000000000000000000,420.0000000000000000
2025-08-01,80,-361863690,0d05a7d3448512b78fa8a9e46c4872c88c4a0d05,1,1,418811786809238111498,418.8117868092381115
2025-08-01,81,-148073324,5141b82f5ffda4c6fe1e372978f1c5427640a190,75,75,371793100207847517006,371.7931002078475170
2025-08-01,82,1018358966,2894ea44867db1674d1d6cba21a3ec225c1a7306,1,1,337169991092131343636,337.1699910921313436
2025-08-01,83,-465433008,611c0880c16b21302248fd5f01dadddffb4a7764,1,1,295000000000000000000,295.0000000000000000
2025-08-01,84,1021878933,3e1c4492112eb06b57545f8e58d821f6de41ecb0,2,2,219556159942283662317,219.5561599422836623
2025-08-01,85,-445651287,8a5f17aff9cd36db2b37e02fdab00edb037c4ceb,1,1,208238451187750795302,208.2384511877507953
2025-08-01,86,1636575522,69460570c93f9de5e2edbc3052bf10125f0ca22d,21,15,203971862526646188183,203.9718625266461882
2025-08-01,87,1041346571,df5b5d89c70d300f56fb28f9d810f5c9c29641af,2,2,199099433280899319340,199.0994332808993193
2025-08-01,88,2046266271,26c0451369469a88dd0056b32d4aa8a50fcbed00,3,3,172426098063856273178,172.4260980638562732
2025-08-01,89,-409439207,32d96667be9986bea89dcef0aab29b3d1959f5a5,2,2,122365065540720925660,122.3650655407209257
2025-08-01,90,-260840437,88649f4743a758171077b98ee2003f1989b1615a,2,2,109029224511186392437,109.0292245111863924
2025-08-01,91,1031453151,06128cb4e229f450b55e876c35075b9201aa8de6,1,1,105288763393908527072,105.2887633939085271
2025-08-01,92,-317766419,614595189d16995fe22a5c267b220c803e50966f,1,1,102251639037893071192,102.2516390378930712
2025-08-01,93,-68420218,63789f76ba61e62a4b91c6e1349a733996d9810a,2,2,99124160000000000000,99.1241600000000000
2025-08-01,94,347122442,40534e513df8277870b81e97b5107b3f39de4f15,1,1,98432677015292721312,98.4326770152927213
2025-08-01,95,-454809506,d22780d2ed5b794b0226fd96446a80d223a225b0,1,1,97625671854533564078,97.6256718545335641
2025-08-01,96,-318917987,dbdd0d3f18b67dea74bf37602156718be12f7b19,1,1,84872605179278081430,84.8726051792780814
2025-08-01,97,-391243334,c0b8b8a948c29e7757f66b553a419c1a3856e84c,2,2,59317536612463764327,59.3175366124637643
2025-08-01,98,-53668650,5434ed2d9f5737986858de127545e8a2fb6eb6ae,11,11,58217244585649431802,58.2172445856494318
2025-08-01,99,-403986125,8331f9acce69b02c281f40a00706f758665cce77,10,5,57017859913722394311,57.0178599137223943
2025-08-01,100,-275582793,1cb06a975719e90c79303f5797918701de096f57,1,1,50000000000000000000,50.0000000000000000
2025-09-01,1,-352212798,e1ce9af672f8854845e5474400b6ddc7ae458a10,344,266,172448749724642383586010617,172448749.72464238
2025-09-01,2,2139887976,fbca8b5f5794456b59ad4177e5b212d0db600bb6,13,13,170169269520000000000000000,170169269.52000000
2025-09-01,3,-302891536,fa82580c16a31d0c1bc632a36f82e83efef3eec0,411,411,132138623636055382732276127,132138623.63605538
2025-09-01,4,-476420994,e3190143eb552456f88464662f0c0c4ac67a77eb,102,102,67891004136233273019480308,67891004.136233273019
2025-09-01,5,881197687,9008d19f58aabd9ed0d60971565aa8510560ab41,299,298,46024380663674379691971130,46024380.663674379692
2025-09-01,6,1809658138,367c42a6f261ec54ffbecf5f41c226be12a3dca0,44,44,28175021060000000000000000,28175021.060000000000
2025-09-01,7,2147445254,1073d55dfb892ed86151015402db8b1cdb6ede78,8,8,25401298000000000000000000,25401298.000000000000
2025-09-01,8,-175406083,d001ae433f254283fece51d4acce8c53263aa186,52,52,21957160724523698892106062,21957160.724523698892
2025-09-01,9,-323129525,6e4141d33021b52c91c28608403db4a0ffb50ec6,83,83,16510771318595677115845022,16510771.318595677116
2025-09-01,10,-395183936,46a79a5a9236c0bab5232a0b35c2f34e35de55ec,42,42,10719917117895830000000000,10719917.117895830000
2025-09-01,11,2000202299,888888888889758f76e7103c6cbf23abbf58f946,35,34,8523584690753126030782579,8523584.690753126031
2025-09-01,12,2054943978,6a000f20005980200259b80c5102003040001068,88,88,6840573955878091516173445,6840573.955878091516
2025-09-01,13,-258881147,9cbdbd7fa768ad6e9546ff57238722fa9b925329,5,5,6714537000000000000000000,6714537.000000000000
2025-09-01,14,-568674443,af5372792a29dc6b296d6ffd4aa3386aff8f9bb2,9,9,6046881335896152296859043,6046881.335896152297
2025-09-01,15,1402033670,44d5dac217261f2a18bc4df57431456c4864f0ae,2,2,5000000000000000000000000,5000000.000000000000
2025-09-01,16,-414679940,27c09696061ffb6f186f4fc309b88f32ec19b6ed,2,2,5000000000000000000000000,5000000.000000000000
2025-09-01,17,495231405,5f65f7b609678448494de4c87521cdf6cef1e932,62,62,4846500380746819387507950,4846500.380746819388
2025-09-01,18,1899934735,111111125421ca6dc452d289314280a0f8842a65,74,74,4834433975058737889050659,4834433.975058737889
2025-09-01,19,-473317170,d07c4f45bc9b389d286cb094f97bb6ba45f4bb30,80,65,3280183858616128756764118,3280183.858616128757
2025-09-01,20,-435749714,3d126017a8f3c14e8a24e4ef4d42ee6263fbd547,1,1,2824165729006084405459087,2824165.729006084405
2025-09-01,21,-431963541,97ada1d31620fbc8596b43f52c6192bb2145d064,2,2,2500000000000000000000000,2500000.000000000000
2025-09-01,22,30616,1522900b6dafac587d499a862861c0869be6e428,14,14,2391664201469980000000000,2391664.201469980000
2025-09-01,23,-103393091,45312ea0eff7e09c83cbe249fa1d7598c4c8cd4e,28,28,2245762037429308819488365,2245762.037429308819
2025-09-01,24,1663246624,cf5540fffcdc3d510b18bfca6d2b9987b0772559,8,8,2210297899511600268893808,2210297.899511600269
2025-09-01,25,1364872031,1231deb6f5749ef6ce6943a275a1d3e7486f4eae,95,95,2131598350388103587785693,2131598.350388103588
2025-09-01,26,13380817,ca9cbd376488dd77187e99864ba7ce1ff670cb69,11,11,2022529714898740182092542,2022529.714898740182
2025-09-01,27,-326272148,b962fd1abd9a365140493bd499acf1ec0acff040,1,1,2007260651310771489492976,2007260.651310771489
2025-09-01,28,-217146480,cc6d2f26d363836f85a42d249e145ec0320d3e55,77,77,1746740865548361212664503,1746740.865548361213
2025-09-01,29,-351741607,b115fe9a340eca8251b038d0b2deae482f18c8b2,14,14,1603456000000000000000000,1603456.000000000000
2025-09-01,30,-303667228,f0a12fefa78181a3749474db31d09524fa87b1f7,16,16,1569871975806396321105144,1569871.975806396321
2025-09-01,31,-370930303,2ad5004c60e16e54d5007c80ce329adde5b51ef5,7,7,1061634820967190458244069,1061634.820967190458
2025-09-01,32,1715474201,78f8bd884c3d738b74b420540659c82f392820e0,5,5,1007620676131564374775665,1007620.676131564375
2025-09-01,33,-90284824,00000688768803bbd44095770895ad27ad6b0d95,18,18,924186117477460466318072,924186.117477460466
2025-09-01,34,-249868632,01e04dc6097c1cbd11f64de0dea60fb2dfe02e5f,1,1,730000000000000000000000,730000.000000000000
2025-09-01,35,-341174562,2c0552e5dcb79b064fd23e358a86810bc5994244,1,1,649141980656702931565545,649141.980656702932
2025-09-01,36,-391195473,c2d36f41841b420937643dcccbea8163d4f59b6c,10,10,622832629023997911453264,622832.629023997911
2025-09-01,37,-186122954,66a9893cc07d91d95644aedd05d03f95e1dba8af,45,45,552344951985129715533321,552344.951985129716
2025-09-01,38,-561793933,63242a4ea82847b20e506b63b0e2e2eff0cc6cb0,13,13,543063964872316846428322,543063.964872316846
2025-09-01,39,-240573825,eedb1f91cdff8e8a1981fda8072b3e2fe6b828b0,2,2,530767155753914725048480,530767.155753914725
2025-09-01,40,-403967596,df31a70a21a1931e02033dbba7deace6c45cfd0f,40,26,516478628297553003781808,516478.628297553004
2025-09-01,41,2056073028,41dc82c28347e9fc8d4b8795ba08717f30f9759b,6,6,376430000000000000000000,376430.000000000000
2025-09-01,42,2004747019,a3222357a0eccf60c73606170be6c99adecb59b3,155,145,351189364923380000000000,351189.364923380000
2025-09-01,43,1508839826,3ef3d8ba38ebe18db133cec108f4d14ce00dd9ae,338,338,287220826588058249107416,287220.826588058249
2025-09-01,44,2034702912,b300000b72deaeb607a12d5f54773d1c19c7028d,10,10,280611045604178450541351,280611.045604178451
2025-09-01,45,1608787768,ad3b67bca8935cb510c8d18bd45f0b94f54a968f,6,6,235934068892628753587971,235934.068892628754
2025-09-01,46,1586960633,0b8a49d816cc709b6eadb09498030ae3416b66dc,4,4,210503053799570860814770,210503.053799570861
2025-09-01,47,1474354648,06edf6237c0d7bd13ace80544c6a76e491b5c2b2,4,4,209972000000000000000000,209972.000000000000
2025-09-01,48,2145174805,70bf6634ee8cb27d04478f184b9b8bb13e5f4710,2,2,201900389968283793766776,201900.389968283794
2025-09-01,49,2106851551,c38e4e6a15593f908255214653d3d947ca1c2338,18,18,152357600650144179523735,152357.600650144180
2025-09-01,50,556510343,3689c216f8f6ce7e2ce2a27c81a23096a787f532,2,2,125000000000000000000000,125000.000000000000
2025-09-01,51,-369811058,7d789483b1ddfbdf9d437c929181d351e1017438,4,4,102100000000000000000000,102100.000000000000
2025-09-01,52,1032820780,449652e49267803d729af3116a7842f1f7603d50,3,3,100006226230000000000000,100006.226230000000
2025-09-01,53,-403986125,8331f9acce69b02c281f40a00706f758665cce77,12,3,77363767393328338569212,77363.767393328339
2025-09-01,54,-553223395,d44f85c82d8673e82e985bd08614bb5d74f0b87f,1,1,77000000000000000000000,77000.000000000000
2025-09-01,55,1007022309,a96853390c776ce8307b46b4d1a857ab310ab018,1,1,72900000000000000000000,72900.000000000000
2025-09-01,56,616036061,74de5d4fcbf63e00296fd95d33236b9794016631,40,40,65597065418393251438911,65597.065418393251
2025-09-01,57,2061959543,5b93d80da1a359340d1f339fb574bdc56763f995,7,7,58417429687898598383654,58417.429687898598
2025-09-01,58,-193517069,fc3212bd9ad9a28da6b2bd50a2918969c126894f,27,27,57062587633090775506670,57062.587633090776
2025-09-01,59,-361863690,0d05a7d3448512b78fa8a9e46c4872c88c4a0d05,4,4,54496478806650745902286,54496.478806650746
2025-09-01,60,1105932400,00000000009726632680fb29d3f7a9734e3010e2,4,4,49689801269052618027864,49689.801269052618
2025-09-01,61,-567748959,c4721aa8351756add2c6243f4e55bc1da0d7b8a6,1,1,42487350187325069834322,42487.350187325070
2025-09-01,62,1749966612,3f37c7d8e61c000085aac0515775b06a3412f36b,3,3,42290263313553773401168,42290.263313553773
2025-09-01,63,1758664726,a69805398d1e1eabb67127bb824bea1223ebb0c8,2,2,41138947198569968430829,41138.947198569968
2025-09-01,64,-473342333,f3d5719f7e3b49a4c3797d56bd3fed6d3b80f0f9,23,7,29547815840416205286047,29547.815840416205
2025-09-01,65,-552337980,ddc903fd2b6012282827362a5d2dfee43b3a7504,1,1,21953102720752249181371,21953.102720752249
2025-09-01,66,-381547691,f5042e6ffac5a625d4e7848e0b01373d8eb9e222,21,21,21623485367378957056475,21623.485367378957
2025-09-01,67,-351105517,cc6dede79bc96dbbee98e29db51c0b7619cee000,9,9,18002250000000000000000,18002.250000000000
2025-09-01,68,-179907143,512ccbfa97ec57b01a02c9bcc34e6b0ed810006a,2,2,15990000000000000000000,15990.000000000000
2025-09-01,69,1381791786,1111111254eeb25477b68fb85ed929f73a960582,50,50,13960969698071859852108,13960.969698071860
2025-09-01,70,469111696,e0ca60a3e171d3806403d0f016d0b15b8002f053,1,1,10060000000000000000000,10060.0000000000000000
2025-09-01,71,1071061635,f03de8410e3243928371b71dbd16f918638cbc6e,1,1,10007642067649250278546,10007.6420676492502785
2025-09-01,72,-534254029,3b0aa7d38bf3c103bf02d1de2e37568cbed3d6e8,6,4,7691757834466307068969,7691.7578344663070690
2025-09-01,73,-378392087,d135b088df2200c81f0b131a73d138c2342e0d46,2,2,6009765537499910000000,6009.7655374999100000
2025-09-01,74,-298318597,75a66958919f47870f62b2780c34a235dc357586,14,14,5937992439385996549082,5937.9924393859965491
2025-09-01,75,-546372942,ca6b5c525459a03c0f25e3e57dbbcef1bbd4cf0a,1,1,5874099427013548671706,5874.0994270135486717
2025-09-01,76,-577186117,207e1074858a7e78f17002075739ed2745dbaece,3,2,5660537351428925900714,5660.5373514289259007
2025-09-01,77,-79620546,0000000000bbf5c5fd284e657f01bd000933c96d,1,1,4724040417138236974437,4724.0404171382369744
2025-09-01,78,1636575522,69460570c93f9de5e2edbc3052bf10125f0ca22d,17,15,2900309815980670282419,2900.3098159806702824
2025-09-01,79,-489977622,8d8f598c1739e518b871815dd1f20ea3c169c360,10,10,2819393231231710372626,2819.3932312317103726
2025-09-01,80,-463284100,2e1dee213ba8d7af0934c49a23187babeaca8764,10,5,2602943625809479290571,2602.9436258094792906
2025-09-01,81,2027778259,9dcbc3a220263554ba69f9c3b8101205c3e52236,1,1,2352000000000000000000,2352.0000000000000000
2025-09-01,82,-285677798,564d6e3a879c007183fad17bed9a70630f090651,13,13,2245550621894105573793,2245.5506218941055738
2025-09-01,83,893398926,def171fe48cf0115b1d80b88dc8eab59176fee57,17,17,2142817918117047278561,2142.8179181170472786
2025-09-01,84,1587123400,a7ca2c8673bcfa5a26d8ceec2887f2cc2b0db22a,6,6,2023647472455104231187,2023.6474724551042312
2025-09-01,85,-287421416,1be4b15f504ab6378d912fc7c7af0d10834ad847,1,1,1466911741348134638784,1466.9117413481346388
2025-09-01,86,-562596750,4ead8cac714c2fff89589a93043e0cf9f4f9d464,1,1,1333268576519964620005,1333.2685765199646200
2025-09-01,87,-569513901,9da22f62cd21c0589fe7e265c8cd4efade360d63,3,3,1315390679622528318014,1315.3906796225283180
2025-09-01,88,1056653823,da1c95fb8cbd9be1f956f55c284747b66e9a6d6d,4,4,1161998158278885216812,1161.9981582788852168
2025-09-01,89,-522181849,0502abb449f387c8e836cd1225ee5180ed8e2f46,1,1,1154000000000000000000,1154.0000000000000000
2025-09-01,90,-558012510,ea09501fe365d49f17058f3f84fd9151e38096b3,1,1,1153465961989311228862,1153.4659619893112289
2025-09-01,91,1113847572,663dc15d3c1ac63ff12e45ab68fea3f0a883c251,16,9,1005680995869828013614,1005.6809958698280136
2025-09-01,92,-235906611,ae68b7117be0026cbd4366303f74eecbb19e4042,1,1,592978437878205144363,592.9784378782051444
2025-09-01,93,-364185808,5d11ab59e834e6605ac9498e23d2d42d1e4ae303,1,1,503446800000000000000,503.4468000000000000
2025-09-01,94,1088968729,37ef0b0f5fc44f39d70f6f80d7a31f26fa504bc5,2,2,468870552088786810625,468.8705520887868106
2025-09-01,95,-461956542,fd5366c739d08018286dd0c6c0f547ec72906717,2,2,442353349390000000000,442.3533493900000000
2025-09-01,96,-350569063,f69a5d6e6b3ac08017d6687af4d69f03fc03c00e,42,42,420000000000000000000,420.0000000000000000
2025-09-01,97,-275582793,1cb06a975719e90c79303f5797918701de096f57,2,2,405003013620000000000,405.0030136200000000
2025-09-01,98,-403946188,8e3f00919ad73b4c525be50e86718d86386af944,31,13,396174101395650297407,396.1741013956502974
2025-09-01,99,-566892984,4504e3b5af0c9937c9b6af595c06c5543c818f07,1,1,273940567838407544457,273.9405678384075445
2025-09-01,100,-562758201,84657aa875a1ab8c19d8031afa983c7966f0c247,1,1,232223041063911856116,232.2230410639118561
2025-10-01,1,-302891536,fa82580c16a31d0c1bc632a36f82e83efef3eec0,727,727,163868246740827122415451626,163868246.74082712
2025-10-01,2,-568674443,af5372792a29dc6b296d6ffd4aa3386aff8f9bb2,154,103,115001389270906099871269666,115001389.27090610
2025-10-01,3,2139887976,fbca8b5f5794456b59ad4177e5b212d0db600bb6,11,11,113541200060000000000000000,113541200.06000000
2025-10-01,4,-352212798,e1ce9af672f8854845e5474400b6ddc7ae458a10,207,189,106480894112989939224096505,106480894.11298994
2025-10-01,5,-476420994,e3190143eb552456f88464662f0c0c4ac67a77eb,114,114,93983180355544536594092498,93983180.355544536594
2025-10-01,6,2147445254,1073d55dfb892ed86151015402db8b1cdb6ede78,10,10,86210411000000000000000000,86210411.000000000000
2025-10-01,7,-175406083,d001ae433f254283fece51d4acce8c53263aa186,52,52,60685862433081497998839568,60685862.433081497999
2025-10-01,8,881197687,9008d19f58aabd9ed0d60971565aa8510560ab41,738,736,60167735021470205702744752,60167735.021470205703
2025-10-01,9,1809658138,367c42a6f261ec54ffbecf5f41c226be12a3dca0,110,110,42254727270000000000000000,42254727.270000000000
2025-10-01,10,30616,1522900b6dafac587d499a862861c0869be6e428,24,24,27183762611793870000000000,27183762.611793870000
2025-10-01,11,-395183936,46a79a5a9236c0bab5232a0b35c2f34e35de55ec,94,94,25514929327500000000000000,25514929.327500000000
2025-10-01,12,-561793933,63242a4ea82847b20e506b63b0e2e2eff0cc6cb0,78,71,18620890682001783574344136,18620890.682001783574
2025-10-01,13,-249868632,01e04dc6097c1cbd11f64de0dea60fb2dfe02e5f,2,2,15000000000000000000000000,15000000.000000000000
2025-10-01,14,2054943978,6a000f20005980200259b80c5102003040001068,148,148,14770371721718844953057983,14770371.721718844953
2025-10-01,15,1899934735,111111125421ca6dc452d289314280a0f8842a65,131,131,10112130409730625535452734,10112130.409730625535
2025-10-01,16,-217146480,cc6d2f26d363836f85a42d249e145ec0320d3e55,463,463,9234232909990893049451565,9234232.909990893049
2025-10-01,17,2000202299,888888888889758f76e7103c6cbf23abbf58f946,19,18,4543183241913257219202879,4543183.241913257219
2025-10-01,18,-351741607,b115fe9a340eca8251b038d0b2deae482f18c8b2,32,32,4064691000000000000000000,4064691.000000000000
2025-10-01,19,-258881147,9cbdbd7fa768ad6e9546ff57238722fa9b925329,10,10,3496843000000000000000000,3496843.000000000000
2025-10-01,20,-431963541,97ada1d31620fbc8596b43f52c6192bb2145d064,3,3,3100000000000000000000000,3100000.000000000000
2025-10-01,21,-103393091,45312ea0eff7e09c83cbe249fa1d7598c4c8cd4e,50,50,2621337628213465558267551,2621337.628213465558
2025-10-01,22,-341174562,2c0552e5dcb79b064fd23e358a86810bc5994244,3,3,1827448584918916479021877,1827448.584918916479
2025-10-01,23,-326272148,b962fd1abd9a365140493bd499acf1ec0acff040,1,1,1515857081706864240776773,1515857.081706864241
2025-10-01,24,-395300692,66971818c4d4a123cfaaf286968cc3a1465a8191,3,2,1308869270220311936963397,1308869.270220311937
2025-10-01,25,495231405,5f65f7b609678448494de4c87521cdf6cef1e932,48,48,1230669346764452473970736,1230669.346764452474
2025-10-01,26,-577186117,207e1074858a7e78f17002075739ed2745dbaece,65,47,1189506877585234749675619,1189506.877585234750
2025-10-01,27,-240573825,eedb1f91cdff8e8a1981fda8072b3e2fe6b828b0,1,1,1096689681928643876889102,1096689.681928643877
2025-10-01,28,-318729804,1c7766189b90da61be1a7e6462e9f81ec795e40e,1,1,1043994632106079925447189,1043994.632106079925
2025-10-01,29,1508839826,3ef3d8ba38ebe18db133cec108f4d14ce00dd9ae,365,365,1001711700719092720884089,1001711.700719092721
2025-10-01,30,1364872031,1231deb6f5749ef6ce6943a275a1d3e7486f4eae,120,120,943040693186888603892005,943040.693186888604
2025-10-01,31,1715474201,78f8bd884c3d738b74b420540659c82f392820e0,15,15,910964862534991503719419,910964.862534991504
2025-10-01,32,2004747019,a3222357a0eccf60c73606170be6c99adecb59b3,324,275,609634756730380000000000,609634.756730380000
2025-10-01,33,2145174805,70bf6634ee8cb27d04478f184b9b8bb13e5f4710,6,6,566183141737965764015133,566183.141737965764
2025-10-01,34,-618358071,da3bba34bb3f42d0ddacecb45f747c3901248bab,1,1,536329391449527539689978,536329.391449527540
2025-10-01,35,-303667228,f0a12fefa78181a3749474db31d09524fa87b1f7,19,19,532166308089889987082449,532166.308089889987
2025-10-01,36,2034702912,b300000b72deaeb607a12d5f54773d1c19c7028d,30,30,517689404390146776484135,517689.404390146776
2025-10-01,37,-577222316,25233ddd68dac9ac40e1e8d80c58d36b524032b2,18,7,443960103478742630240619,443960.103478742630
2025-10-01,38,-323129525,6e4141d33021b52c91c28608403db4a0ffb50ec6,16,13,391764421261136462290179,391764.421261136462
2025-10-01,39,-305544640,e69f80dbbc466e1978b2f742d6cd7256a05ae71b,1,1,369765206216930587941683,369765.206216930588
2025-10-01,40,-617715977,c3cfcd054a965d1792e21ceffb13d8abb1bb8449,3,3,248310349437775103714618,248310.349437775104
2025-10-01,41,937057252,5baac7ccda079839c9524b90df81720834fc039f,5,5,220058224848995077088995,220058.224848995077
2025-10-01,42,-361863690,0d05a7d3448512b78fa8a9e46c4872c88c4a0d05,8,8,214850373998740275343557,214850.373998740275
2025-10-01,43,-90284824,00000688768803bbd44095770895ad27ad6b0d95,22,22,194153913621523124193445,194153.913621523124
2025-10-01,44,1608787768,ad3b67bca8935cb510c8d18bd45f0b94f54a968f,20,20,167931619167351278046908,167931.619167351278
2025-10-01,45,-369811058,7d789483b1ddfbdf9d437c929181d351e1017438,5,5,154000000000000000000000,154000.000000000000
2025-10-01,46,-186122954,66a9893cc07d91d95644aedd05d03f95e1dba8af,41,41,127029407892946355676558,127029.407892946356
2025-10-01,47,-391195473,c2d36f41841b420937643dcccbea8163d4f59b6c,8,8,101488997591152423615750,101488.997591152424
2025-10-01,48,1663246624,cf5540fffcdc3d510b18bfca6d2b9987b0772559,3,3,101481691988210821798474,101481.691988210822
2025-10-01,49,469111696,e0ca60a3e171d3806403d0f016d0b15b8002f053,2,2,97500000000000000000000,97500.000000000000
2025-10-01,50,-193517069,fc3212bd9ad9a28da6b2bd50a2918969c126894f,50,50,87485048506778975266139,87485.048506778975
2025-10-01,51,-381547691,f5042e6ffac5a625d4e7848e0b01373d8eb9e222,25,25,82722715182678746658935,82722.715182678747
2025-10-01,52,-467693661,0736bdc975af0675b9a045384efed91360d25479,17,11,80146348881642643109542,80146.348881642643
2025-10-01,53,-632674999,1138511d98b7c80bf3e26282bf2ad80cdecb72e0,1,1,64719776376046118138859,64719.776376046118
2025-10-01,54,1535693651,3a23f943181408eac424116af7b7790c94cb97a5,1,1,49738496561220399750157,49738.496561220400
2025-10-01,55,-79620546,0000000000bbf5c5fd284e657f01bd000933c96d,5,5,45949940597097703285385,45949.940597097703
2025-10-01,56,-480493676,6745024462abf2c049f54b381c4ad4a8c8d999c4,6,6,41179521913153644077118,41179.521913153644
2025-10-01,57,2061959543,5b93d80da1a359340d1f339fb574bdc56763f995,4,4,33777673991615290575617,33777.673991615291
2025-10-01,58,616036061,74de5d4fcbf63e00296fd95d33236b9794016631,61,49,28223233122957332518472,28223.233122957333
2025-10-01,59,1007022309,a96853390c776ce8307b46b4d1a857ab310ab018,1,1,27302542080170000000000,27302.542080170000
2025-10-01,60,-435749714,3d126017a8f3c14e8a24e4ef4d42ee6263fbd547,1,1,27070090182366177710342,27070.090182366178
2025-10-01,61,-351105517,cc6dede79bc96dbbee98e29db51c0b7619cee000,7,7,25875000000000000000000,25875.000000000000
2025-10-01,62,-217378951,55ac902cb75cc15288d473ed8e3e185a75b3f330,2,2,25743141857481455055120,25743.141857481455
2025-10-01,63,-461956542,fd5366c739d08018286dd0c6c0f547ec72906717,3,3,25165500299660000000000,25165.500299660000
2025-10-01,64,-331601069,3611b82c7b13e72b26eb0e9be0613bee7a45ac7c,1,1,24949087164066354443572,24949.087164066354
2025-10-01,65,2106851551,c38e4e6a15593f908255214653d3d947ca1c2338,21,21,21291816306587161917632,21291.816306587162
2025-10-01,66,1953273908,3e0327b8ab0c674960c7b96fc70b8e07c20da265,1,1,20301362240000000000000,20301.362240000000
2025-10-01,67,-129523862,433da70e79861c265e07953dde9ce8629a57a589,2,2,17445864989438444404768,17445.864989438444
2025-10-01,68,2048491067,73746898aa7b480c305f935da89363af91cf7cdf,1,1,16156000000000000000000,16156.000000000000
2025-10-01,69,984346946,f9425f94d9ad80a2ff7020f69037dad88610cfa4,2,2,12872424492857124582239,12872.424492857125
2025-10-01,70,-489977622,8d8f598c1739e518b871815dd1f20ea3c169c360,13,13,12811067802774447562697,12811.067802774448
2025-10-01,71,2117365732,19e4abeb085ba468141de87d15af9762c594a009,1,1,12500000000000000000000,12500.000000000000
2025-10-01,72,-534254029,3b0aa7d38bf3c103bf02d1de2e37568cbed3d6e8,15,11,12426671673873502440254,12426.671673873502
2025-10-01,73,-480486955,584a31052c643d32f3134a956956dad722ff4161,4,4,10633192051022200927881,10633.192051022201
2025-10-01,74,-593877609,9208380ac47a9bbb16712bdbb341f19c5e004790,1,1,8263576913386387365581,8263.5769133863873656
2025-10-01,75,-612904704,6a9c7dd5e99e16621ebe518257dc13ef6f23c9e0,1,1,6848434552455604410874,6848.4345524556044109
2025-10-01,76,1381791786,1111111254eeb25477b68fb85ed929f73a960582,45,45,5219805903002681712561,5219.8059030026817126
2025-10-01,77,-298318597,75a66958919f47870f62b2780c34a235dc357586,17,17,4823495095580700547210,4823.4950955807005472
2025-10-01,78,-508049951,b621eee2ddf51a646f4cc15d3b8255a33bdeb84b,1,1,4788000419284966544168,4788.0004192849665442
2025-10-01,79,-372789137,c0dfdb9e7a392c3dbbe7c6fbe8fbc1789c9fe05e,5,5,3920862286225740971201,3920.8622862257409712
2025-10-01,80,1105576794,f4235edf67c93c7d115ddcf3b0be6f9c0afd1017,3,3,3805000000000000000000,3805.0000000000000000
2025-10-01,81,1088968729,37ef0b0f5fc44f39d70f6f80d7a31f26fa504bc5,10,10,3541682819608857699583,3541.6828196088576996
2025-10-01,82,-388796141,eac3229f3b4f2b97cd752cc9d3410764cf4ceeb5,2,2,3000000000000000000000,3000.0000000000000000
2025-10-01,83,-582149610,d9612e3b57b8833f3b03d7c7c389b8cb5b72856b,2,2,2979026837582217080000,2979.0268375822170800
2025-10-01,84,1113847572,663dc15d3c1ac63ff12e45ab68fea3f0a883c251,34,17,2829960698518963627130,2829.9606985189636271
2025-10-01,85,2015224357,58365376cf618ff9c23b0c54d944bdb1412b7ee5,4,4,2702009280000000000000,2702.0092800000000000
2025-10-01,86,58152,251bccb83d9dbc592d5edf29f1227c6c5d7e193a,3,3,2430576896709987204150,2430.5768967099872042
2025-10-01,87,-613844618,3d0cdb84991108f31d9efdd20a3dcb799d0878e6,1,1,1999562513113718665068,1999.5625131137186651
2025-10-01,88,1095963562,aaf3576c9392ee018832cbbcda43f78986cdbaec,3,3,1629275827771245257250,1629.2758277712452573
2025-10-01,89,-68420218,63789f76ba61e62a4b91c6e1349a733996d9810a,3,3,1585717830000000000000,1585.7178300000000000
2025-10-01,90,-432915595,557106d276c700620e2d2f1996e232f3b037d463,1,1,1508282458300000000000,1508.2824583000000000
2025-10-01,91,-285677798,564d6e3a879c007183fad17bed9a70630f090651,7,7,1497569997892303913384,1497.5699978923039134
2025-10-01,92,1100349894,b6e5b10600ccf5d8304333b3def33b7459e0d2a6,3,3,1385000000000000000000,1385.0000000000000000
2025-10-01,93,1109317098,9c5fdbaceee27766b60bd26b5a2d9ffa890952ec,3,3,1301000000000000000000,1301.0000000000000000
2025-10-01,94,-247441380,d7efe4580d10828427e7dfd02101bccbb239811a,7,7,1054446170106253178805,1054.4461701062531788
2025-10-01,95,1111260517,e5aea51643fa32b65d42a85c95516c062b1b76c0,4,4,1049117531785710012544,1049.1175317857100125
2025-10-01,96,-609390032,777661d10b075726822bcc23e3cdb656cd7346de,1,1,1000937297255159650484,1000.9372972551596505
2025-10-01,97,920668611,05f04dd3f4bc2b8d859d00c7d4c33f98de3be619,1,1,1000000000000000000000,1000.0000000000000000
2025-10-01,98,-398114217,26f7d10ae03a42618277e7c3cc946e14bc4eb726,1,1,1000000000000000000000,1000.0000000000000000
2025-10-01,99,1017238656,5b4de075676511fb178f9566c4499c8592b3c127,3,3,907000000000000000000,907.0000000000000000
2025-10-01,100,1030991819,97043189dfce5ab1c1a678f0db111b8d7c194ea1,1,1,850360770555009175575,850.3607705550091756
2025-11-01,1,-302891536,fa82580c16a31d0c1bc632a36f82e83efef3eec0,764,764,196385490069014727387614761,196385490.06901473
2025-11-01,2,2147445254,1073d55dfb892ed86151015402db8b1cdb6ede78,19,19,158040016000000000000000000,158040016.00000000
2025-11-01,3,2139887976,fbca8b5f5794456b59ad4177e5b212d0db600bb6,9,9,118500126000000000000000000,118500126.00000000
2025-11-01,4,-568674443,af5372792a29dc6b296d6ffd4aa3386aff8f9bb2,211,197,78222018035503677871610161,78222018.035503677872
2025-11-01,5,-175406083,d001ae433f254283fece51d4acce8c53263aa186,79,79,40170611948943247784387297,40170611.948943247784
2025-11-01,6,881197687,9008d19f58aabd9ed0d60971565aa8510560ab41,244,244,37060192958885417832751584,37060192.958885417833
2025-11-01,7,-476420994,e3190143eb552456f88464662f0c0c4ac67a77eb,98,98,31891573367573142127762819,31891573.367573142128
2025-11-01,8,-395183936,46a79a5a9236c0bab5232a0b35c2f34e35de55ec,85,85,29407968747458940000000000,29407968.747458940000
2025-11-01,9,-352212798,e1ce9af672f8854845e5474400b6ddc7ae458a10,117,115,16875537780116389426578916,16875537.780116389427
2025-11-01,10,1809658138,367c42a6f261ec54ffbecf5f41c226be12a3dca0,21,21,14406435186485760000000000,14406435.186485760000
2025-11-01,11,-304186985,f4f417a6b31e3623f1e8f9e3dd5740e59e0d9150,2,2,10676847443624787120783806,10676847.443624787121
2025-11-01,12,-310206070,2d929c09e71f2547bc732bf89013fbd26bdd30d4,1,1,10459112572170503338901631,10459112.572170503339
2025-11-01,13,-561793933,63242a4ea82847b20e506b63b0e2e2eff0cc6cb0,97,91,10297881973867811399133774,10297881.973867811399
2025-11-01,14,2054943978,6a000f20005980200259b80c5102003040001068,126,126,7042706783214597665138904,7042706.783214597665
2025-11-01,15,1899934735,111111125421ca6dc452d289314280a0f8842a65,142,142,5456614777732089169343252,5456614.777732089169
2025-11-01,16,306738287,bd02c51150a4ab6ce97b9de2025644594f3e75b8,2,2,5000000000000000000000000,5000000.000000000000
2025-11-01,17,-506115507,9438cd09644e9cf43f745a53dd606cf6dfbfb103,1,1,4179209725933227465161928,4179209.725933227465
2025-11-01,18,-217146480,cc6d2f26d363836f85a42d249e145ec0320d3e55,184,184,4147069859287318341146483,4147069.859287318341
2025-11-01,19,-351741607,b115fe9a340eca8251b038d0b2deae482f18c8b2,30,30,3800849000000000000000000,3800849.000000000000
2025-11-01,20,2000202299,888888888889758f76e7103c6cbf23abbf58f946,17,17,3675095390626891428753637,3675095.390626891429
2025-11-01,21,2034702912,b300000b72deaeb607a12d5f54773d1c19c7028d,59,59,2571969630261074312577592,2571969.630261074313
2025-11-01,22,-103393091,45312ea0eff7e09c83cbe249fa1d7598c4c8cd4e,51,51,2239036675326448694565552,2239036.675326448695
2025-11-01,23,495231405,5f65f7b609678448494de4c87521cdf6cef1e932,78,78,2065986873251740940474726,2065986.873251740940
2025-11-01,24,-258881147,9cbdbd7fa768ad6e9546ff57238722fa9b925329,15,15,1962614000000000000000000,1962614.000000000000
2025-11-01,25,1663246624,cf5540fffcdc3d510b18bfca6d2b9987b0772559,8,8,1962447097106695355830058,1962447.097106695356
2025-11-01,26,-577186117,207e1074858a7e78f17002075739ed2745dbaece,59,40,1917103183855895553549805,1917103.183855895554
2025-11-01,27,1364872031,1231deb6f5749ef6ce6943a275a1d3e7486f4eae,114,114,1686681400559202086100912,1686681.400559202086
2025-11-01,28,-90284824,00000688768803bbd44095770895ad27ad6b0d95,49,49,1669143057726118745231435,1669143.057726118745
2025-11-01,29,-240744395,874f5208092db8b30a68f37384586407fcad9a44,1,1,1177853797352191804084189,1177853.797352191804
2025-11-01,30,2004747019,a3222357a0eccf60c73606170be6c99adecb59b3,521,355,1098547720523750000000000,1098547.720523750000
2025-11-01,31,1508839826,3ef3d8ba38ebe18db133cec108f4d14ce00dd9ae,404,404,1072403240825900968953745,1072403.240825900969
2025-11-01,32,-542171681,262a24a40fa37c0febe901a6e109d57409825d65,2,2,806719696319767592323931,806719.696319767592
2025-11-01,33,2144706005,97fb20c79b49f4e416d661895608cf73a2e2869d,1,1,750100000000000000000000,750100.000000000000
2025-11-01,34,1608787768,ad3b67bca8935cb510c8d18bd45f0b94f54a968f,14,14,380326786152050907814291,380326.786152050908
2025-11-01,35,-337787719,d67b61aefe08fc43a57981a5ec103e2ee0a27537,8,8,299926052400770628383070,299926.052400770628
2025-11-01,36,-577222316,25233ddd68dac9ac40e1e8d80c58d36b524032b2,17,6,293319956091965273796565,293319.956091965274
2025-11-01,37,30616,1522900b6dafac587d499a862861c0869be6e428,4,4,249879741627930000000000,249879.741627930000
2025-11-01,38,-303667228,f0a12fefa78181a3749474db31d09524fa87b1f7,5,5,215221567646813770896514,215221.567646813771
2025-11-01,39,-369811058,7d789483b1ddfbdf9d437c929181d351e1017438,6,6,195600000000000000000000,195600.000000000000
2025-11-01,40,-260840437,88649f4743a758171077b98ee2003f1989b1615a,40,40,180496907667792423707716,180496.907667792424
2025-11-01,41,1979394461,efa911756a790e0f9e806189dfa97e3fc96fb096,4,4,149990740748957638030252,149990.740748957638
2025-11-01,42,1096658223,b75af6aac0b676857bd1e0953849593b25f6adec,3,3,149875499521742913884065,149875.499521742914
2025-11-01,43,-186122954,66a9893cc07d91d95644aedd05d03f95e1dba8af,45,45,145958248013000288365260,145958.248013000288
2025-11-01,44,1586960633,0b8a49d816cc709b6eadb09498030ae3416b66dc,5,5,117433985459779769460370,117433.985459779769
2025-11-01,45,807897371,81231357a913ec6e1f3afbce8e662632c1c8eee5,2,2,99999566154832289306571,99999.566154832289
2025-11-01,46,566934896,2eb5bbd6ac55a3ff064ee0a9e4d4a839d90a8207,3,3,99902884965744652446309,99902.884965744652
2025-11-01,47,2063276609,5e8afe101ce69963233629000519636812a0b778,2,2,94987525022823543757460,94987.525022823544
2025-11-01,48,1908799466,69e2d929a6019c75bdc219ef5caf2965214cc959,4,4,82112648607000000000000,82112.648607000000
2025-11-01,49,-193517069,fc3212bd9ad9a28da6b2bd50a2918969c126894f,116,116,78798437235442403872613,78798.437235442404
2025-11-01,50,-381547691,f5042e6ffac5a625d4e7848e0b01373d8eb9e222,38,38,77110827203090780867076,77110.827203090781
2025-11-01,51,1749966612,3f37c7d8e61c000085aac0515775b06a3412f36b,3,3,62163230584649645420674,62163.230584649645
2025-11-01,52,-369240818,8170832e879064441f5beeab731c1ccd5facdca9,3,3,52220304119292358761995,52220.304119292359
2025-11-01,53,1474354648,06edf6237c0d7bd13ace80544c6a76e491b5c2b2,2,2,50020000000000000000000,50020.000000000000
2025-11-01,54,1830898921,8e5d8e4e8f9b51b44db47f5e93974d7f4f459f01,1,1,50009310030291340546858,50009.310030291341
2025-11-01,55,2106851551,c38e4e6a15593f908255214653d3d947ca1c2338,35,35,45306034773743734070521,45306.034773743734
2025-11-01,56,1492742090,bce7ef477c31e2f39f0b5a55dc6f39a7302739c2,1,1,40001281063485326531419,40001.281063485327
2025-11-01,57,-601029222,3bce8ed1012f62d7f55fe0060c90d02b0da9923e,2,2,38000000000000000000000,38000.000000000000
2025-11-01,58,-632674999,1138511d98b7c80bf3e26282bf2ad80cdecb72e0,3,3,34726403498451653738327,34726.403498451654
2025-11-01,59,-631691687,35fd6bf9424c7db0071aa67d646a0ce1ab26b629,1,1,34133580388508735462485,34133.580388508735
2025-11-01,60,-351105517,cc6dede79bc96dbbee98e29db51c0b7619cee000,4,4,28462500000000000000000,28462.500000000000
2025-11-01,61,1007022309,a96853390c776ce8307b46b4d1a857ab310ab018,1,1,28320288723500000000000,28320.288723500000
2025-11-01,62,-669391713,8fc3a723de11f466eaa7cc086132caf8a59ffc1a,1,1,27001608917130951049328,27001.608917130951
2025-11-01,63,-298318597,75a66958919f47870f62b2780c34a235dc357586,47,47,25533271450167969323650,25533.271450167969
2025-11-01,64,2055734909,85e3db2cd8966bc061eb86655725f536514e1bfd,1,1,25000000000000000000000,25000.000000000000
2025-11-01,65,-617715977,c3cfcd054a965d1792e21ceffb13d8abb1bb8449,2,2,24982688555702867954636,24982.688555702868
2025-11-01,66,-361863690,0d05a7d3448512b78fa8a9e46c4872c88c4a0d05,1,1,24485792637923827520239,24485.792637923828
2025-11-01,67,1321009916,5b9effdcbd65946f2b143725dc244563248aa4ee,1,1,23552021770313438584552,23552.021770313439
2025-11-01,68,-181526249,2b739be0c868d03044670f2921f29dfb66b7f68d,1,1,21900096541107154942790,21900.096541107155
2025-11-01,69,-372789137,c0dfdb9e7a392c3dbbe7c6fbe8fbc1789c9fe05e,3,3,18309030129050980718301,18309.030129050981
2025-11-01,70,-396167535,26d8da52e56de71194950689ccf74cd309761324,1,1,15074848811992743017012,15074.848811992743
2025-11-01,71,-217378951,55ac902cb75cc15288d473ed8e3e185a75b3f330,1,1,14378564555985249879806,14378.564555985250
2025-11-01,72,-480493676,6745024462abf2c049f54b381c4ad4a8c8d999c4,1,1,13546111091027194198121,13546.111091027194
2025-11-01,73,-497299612,4ff2ad8269c6f4722aada75f37e158438ddbdae0,3,2,12160404806513389514477,12160.404806513390
2025-11-01,74,-436108523,86dbf111df35bac3c65638b2b90790f950766970,1,1,11894140031866146611359,11894.140031866147
2025-11-01,75,-235906611,ae68b7117be0026cbd4366303f74eecbb19e4042,1,1,9700643558870813585621,9700.6435588708135856
2025-11-01,76,-331601069,3611b82c7b13e72b26eb0e9be0613bee7a45ac7c,5,3,8291491360425523619568,8291.4913604255236196
2025-11-01,77,616036061,74de5d4fcbf63e00296fd95d33236b9794016631,38,29,7503401036961480022905,7503.4010369614800229
2025-11-01,78,1381791786,1111111254eeb25477b68fb85ed929f73a960582,70,70,7088586944615529355755,7088.5869446155293558
2025-11-01,79,-591566463,d2b37ade14708bf18904047b1e31f8166d39612b,31,30,6010367120803529683935,6010.3671208035296839
2025-11-01,80,509950645,e81e01b286a4494d9d18a978d38d0da163561f5c,1,1,5504614993039392943904,5504.6149930393929439
2025-11-01,81,1938455379,a2da7c500f9fa95e389df9436d23cb14de535e76,1,1,5292457583690052087341,5292.4575836900520873
2025-11-01,82,-582149610,d9612e3b57b8833f3b03d7c7c389b8cb5b72856b,2,2,3871000000000000000000,3871.0000000000000000
2025-11-01,83,58152,251bccb83d9dbc592d5edf29f1227c6c5d7e193a,4,4,3849048698674238103985,3849.0486986742381040
2025-11-01,84,1088968729,37ef0b0f5fc44f39d70f6f80d7a31f26fa504bc5,9,9,3335994101204733472164,3335.9941012047334722
2025-11-01,85,1105576794,f4235edf67c93c7d115ddcf3b0be6f9c0afd1017,4,4,3302000000000000000000,3302.0000000000000000
2025-11-01,86,-278563382,22c92607bc7a5b46480c3d9590dd46203cfc8f30,1,1,2802860843800000000000,2802.8608438000000000
2025-11-01,87,-248062814,65f9855ba312f248011eb766483fa58996384571,4,4,2633780000000000000000,2633.7800000000000000
2025-11-01,88,1100349894,b6e5b10600ccf5d8304333b3def33b7459e0d2a6,3,3,2632000000000000000000,2632.0000000000000000
2025-11-01,89,893398926,def171fe48cf0115b1d80b88dc8eab59176fee57,12,12,2320272031626530140899,2320.2720316265301409
2025-11-01,90,1113847572,663dc15d3c1ac63ff12e45ab68fea3f0a883c251,76,38,2220139182304396613595,2220.1391823043966136
2025-11-01,91,1095963562,aaf3576c9392ee018832cbbcda43f78986cdbaec,4,4,1996000000000000000000,1996.0000000000000000
2025-11-01,92,1109317098,9c5fdbaceee27766b60bd26b5a2d9ffa890952ec,4,4,1888000000000000000000,1888.0000000000000000
2025-11-01,93,1840114477,a8752762470a6a73ac874258677043c226d080ec,1,1,1319533456485524805448,1319.5334564855248054
2025-11-01,94,-467693661,0736bdc975af0675b9a045384efed91360d25479,11,6,1137293968359381087813,1137.2939683593810878
2025-11-01,95,-630802280,f6801d319497789f934ec7f83e142a9536312b08,13,9,1047090305266843184416,1047.0903052668431844
2025-11-01,96,216908,0d98a80fbb8eae99b9a990fa41ba7fc926848b91,2,2,1012000000000000000000,1012.0000000000000000
2025-11-01,97,920668611,05f04dd3f4bc2b8d859d00c7d4c33f98de3be619,1,1,1001134176987452660063,1001.1341769874526601
2025-11-01,98,-431963541,97ada1d31620fbc8596b43f52c6192bb2145d064,1,1,1000000000000000000000,1000.0000000000000000
2025-11-01,99,-143363177,444bac4f1d2b0611686a85d939707fbe5dcef020,1,1,994392136292320512920,994.3921362923205129
2025-11-01,100,-391195473,c2d36f41841b420937643dcccbea8163d4f59b6c,8,8,942759574908264483945,942.7595749082644839
2025-12-01,1,-568674443,af5372792a29dc6b296d6ffd4aa3386aff8f9bb2,350,231,302533556655647688648455661,302533556.65564769
2025-12-01,2,-302891536,fa82580c16a31d0c1bc632a36f82e83efef3eec0,642,642,111949991246723363165310926,111949991.24672336
2025-12-01,3,-476420994,e3190143eb552456f88464662f0c0c4ac67a77eb,164,164,84867187738846433861700673,84867187.738846433862
2025-12-01,4,-175406083,d001ae433f254283fece51d4acce8c53263aa186,42,42,79932298824823311447307898,79932298.824823311447
2025-12-01,5,2139887976,fbca8b5f5794456b59ad4177e5b212d0db600bb6,3,3,50000000000000000000000000,50000000.000000000000
2025-12-01,6,1809658138,367c42a6f261ec54ffbecf5f41c226be12a3dca0,54,54,43467870522575640000000000,43467870.522575640000
2025-12-01,7,2054943978,6a000f20005980200259b80c5102003040001068,112,112,27008704073294335749910830,27008704.073294335750
2025-12-01,8,-395183936,46a79a5a9236c0bab5232a0b35c2f34e35de55ec,64,64,26317381496654360000000000,26317381.496654360000
2025-12-01,9,881197687,9008d19f58aabd9ed0d60971565aa8510560ab41,150,150,20135244034341803176462812,20135244.034341803176
2025-12-01,10,-369938010,ab8552143dc480f2959c7ab8ccefc3eba0513b39,1,1,7500000000000000000000000,7500000.000000000000
2025-12-01,11,-351741607,b115fe9a340eca8251b038d0b2deae482f18c8b2,47,47,6049436000000000000000000,6049436.000000000000
2025-12-01,12,-561793933,63242a4ea82847b20e506b63b0e2e2eff0cc6cb0,44,40,5465583491381967254287406,5465583.491381967254
2025-12-01,13,30616,1522900b6dafac587d499a862861c0869be6e428,24,24,4770129992117630000000000,4770129.992117630000
2025-12-01,14,447507515,106ac341e36e9ea5e6f5a439e194bbfd99c3db64,44,44,4569999848446387071817001,4569999.848446387072
2025-12-01,15,-550414485,1ed617529d80ae87e6611f11d8de8532eced42bc,2,2,2671980390000000000000000,2671980.390000000000
2025-12-01,16,1899934735,111111125421ca6dc452d289314280a0f8842a65,99,99,2226915409820422291328332,2226915.409820422291
2025-12-01,17,-326272148,b962fd1abd9a365140493bd499acf1ec0acff040,1,1,2019292134893085902161153,2019292.134893085902
2025-12-01,18,495231405,5f65f7b609678448494de4c87521cdf6cef1e932,59,59,1320333832221326194406773,1320333.832221326194
2025-12-01,19,-352212798,e1ce9af672f8854845e5474400b6ddc7ae458a10,33,32,1116916456062738846524435,1116916.456062738847
2025-12-01,20,2004747019,a3222357a0eccf60c73606170be6c99adecb59b3,274,234,1034538472834850000000000,1034538.472834850000
2025-12-01,21,1508839826,3ef3d8ba38ebe18db133cec108f4d14ce00dd9ae,418,418,770234305985863816897747,770234.305985863817
2025-12-01,22,-111399962,000000000004444c5dc75cb358380d2e3de08a90,9,9,761695493630724954953608,761695.493630724955
2025-12-01,23,1364872031,1231deb6f5749ef6ce6943a275a1d3e7486f4eae,85,85,667474991123893514235971,667474.991123893514
2025-12-01,24,-241389510,34d62114ce562d1cf5628c464724635f42b5f289,2,2,559341760957503409697944,559341.760957503410
2025-12-01,25,-103393091,45312ea0eff7e09c83cbe249fa1d7598c4c8cd4e,18,18,528265837919045760683121,528265.837919045761
2025-12-01,26,-217146480,cc6d2f26d363836f85a42d249e145ec0320d3e55,76,76,436766275354938275074390,436766.275354938275
2025-12-01,27,1663246624,cf5540fffcdc3d510b18bfca6d2b9987b0772559,3,3,427286197527603818921048,427286.197527603819
2025-12-01,28,-90284824,00000688768803bbd44095770895ad27ad6b0d95,25,25,315418466206109983383076,315418.466206109983
2025-12-01,29,1608787768,ad3b67bca8935cb510c8d18bd45f0b94f54a968f,19,19,190883022043519996462479,190883.022043519996
2025-12-01,30,-258881147,9cbdbd7fa768ad6e9546ff57238722fa9b925329,2,2,184559000000000000000000,184559.000000000000
2025-12-01,31,-697001136,5a1b2acd0c9992e14f2b6d8a326023e35a097a3a,62,50,177367251262141491265724,177367.251262141491
2025-12-01,32,-630318553,1ea550a49c0f6def620f734c6329c4c12a68ad4f,4,4,157716642184000000000000,157716.642184000000
2025-12-01,33,2145174805,70bf6634ee8cb27d04478f184b9b8bb13e5f4710,6,6,151930358326890260581982,151930.358326890261
2025-12-01,34,-369811058,7d789483b1ddfbdf9d437c929181d351e1017438,7,7,150163000000000000000000,150163.000000000000
2025-12-01,35,-341174562,2c0552e5dcb79b064fd23e358a86810bc5994244,4,4,135604035175162663033218,135604.035175162663
2025-12-01,36,-577186117,207e1074858a7e78f17002075739ed2745dbaece,19,13,109889960237761777079236,109889.960237761777
2025-12-01,37,-193517069,fc3212bd9ad9a28da6b2bd50a2918969c126894f,111,111,106487930530993578075922,106487.930530993578
2025-12-01,38,-361863690,0d05a7d3448512b78fa8a9e46c4872c88c4a0d05,4,4,101482974501731772159897,101482.974501731772
2025-12-01,39,-669391713,8fc3a723de11f466eaa7cc086132caf8a59ffc1a,5,5,94022810814550516035799,94022.810814550516
2025-12-01,40,-186122954,66a9893cc07d91d95644aedd05d03f95e1dba8af,21,21,83333577208410568367471,83333.577208410568
2025-12-01,41,-696076038,00000000008d5f1200332af8a6813cb8377b5bfd,12,12,79612690972826534687432,79612.690972826535
2025-12-01,42,2055734909,85e3db2cd8966bc061eb86655725f536514e1bfd,1,1,66800000000000000000000,66800.000000000000
2025-12-01,43,-707164502,990b77d8dc59370628ce27e86b0d0fcd5106de69,2,1,43757750112549220305844,43757.750112549220
2025-12-01,44,1321009916,5b9effdcbd65946f2b143725dc244563248aa4ee,1,1,38810819566860045156482,38810.819566860045
2025-12-01,45,-298318597,75a66958919f47870f62b2780c34a235dc357586,55,55,33411472391166369213701,33411.472391166369
2025-12-01,46,-351105517,cc6dede79bc96dbbee98e29db51c0b7619cee000,3,3,30937500000000000000000,30937.500000000000
2025-12-01,47,469111696,e0ca60a3e171d3806403d0f016d0b15b8002f053,10,10,30748606482332083626129,30748.606482332084
2025-12-01,48,-467693661,0736bdc975af0675b9a045384efed91360d25479,13,7,26275178971530305762055,26275.178971530306
2025-12-01,49,-523345980,cf766ed2d8f3cd2b72a9aa9a1840b625164d37fd,1,1,24477111366120941651738,24477.111366120942
2025-12-01,50,1097899153,384c3c398e3a7d7025a35220ff06e81e24bf9be8,1,1,23003000000000000000000,23003.000000000000
2025-12-01,51,-738297566,7eebfb475b2bbfca5eec1e8254ae888d648c518a,1,1,19991985662011954710588,19991.985662011955
2025-12-01,52,-652074134,b92fe925dc43a0ecde6c8b1a2709c170ec4fff4f,4,4,19828793287221439330512,19828.793287221439
2025-12-01,53,-303667228,f0a12fefa78181a3749474db31d09524fa87b1f7,9,9,19410054576158187236484,19410.054576158187
2025-12-01,54,-217378951,55ac902cb75cc15288d473ed8e3e185a75b3f330,1,1,18085183446766343512298,18085.183446766344
2025-12-01,55,-570764482,3776a2d23e9a8a0ddb1155417da576e755d35a87,1,1,15000000000000000000000,15000.000000000000
2025-12-01,56,1586960633,0b8a49d816cc709b6eadb09498030ae3416b66dc,1,1,14842000047864747521493,14842.000047864748
2025-12-01,57,1927858068,e4d355cd3983a356515f1390766ffc48c8c1c30f,1,1,13980974291666666658524,13980.974291666667
2025-12-01,58,-289897753,e14c9bf935565c4f52068eb5fa12b18bbef298cf,1,1,13529870199507072331736,13529.870199507072
2025-12-01,59,-707304541,51bcbe4d0646e75bcbf3e497351c641ceb02be5e,3,3,10647900720000000000000,10647.900720000000
2025-12-01,60,-79620546,0000000000bbf5c5fd284e657f01bd000933c96d,2,2,10535316944562698651665,10535.316944562699
2025-12-01,61,2034702912,b300000b72deaeb607a12d5f54773d1c19c7028d,5,5,10420353265176950774759,10420.353265176951
2025-12-01,62,616036061,74de5d4fcbf63e00296fd95d33236b9794016631,21,14,8903934577129741866014,8903.9345771297418660
2025-12-01,63,1543101446,6aa981bff95edfea36bdae98c26b274ffcafe8d3,5,3,8394781300433721338445,8394.7813004337213384
2025-12-01,64,2106851551,c38e4e6a15593f908255214653d3d947ca1c2338,11,11,7024693756210735782334,7024.6937562107357823
2025-12-01,65,-632674999,1138511d98b7c80bf3e26282bf2ad80cdecb72e0,2,2,5679722991678429932202,5679.7229916784299322
2025-12-01,66,-591566463,d2b37ade14708bf18904047b1e31f8166d39612b,31,27,5320570204949171032012,5320.5702049491710320
2025-12-01,67,1381791786,1111111254eeb25477b68fb85ed929f73a960582,39,39,4985855299763910127617,4985.8552997639101276
2025-12-01,68,-335518857,beef02961503351625926ea9a11ae13b29f5c555,1,1,4899475695978103423693,4899.4756959781034237
2025-12-01,69,-381547691,f5042e6ffac5a625d4e7848e0b01373d8eb9e222,16,16,4185241260885159472014,4185.2412608851594720
2025-12-01,70,-391195473,c2d36f41841b420937643dcccbea8163d4f59b6c,13,11,4064191594226976884935,4064.1915942269768849
2025-12-01,71,2027427170,3cfd7686f63615a4274a4322c67ac678d8638589,2,2,4000000000000000000000,4000.0000000000000000
2025-12-01,72,-372789137,c0dfdb9e7a392c3dbbe7c6fbe8fbc1789c9fe05e,4,4,3992080232442652765531,3992.0802324426527655
2025-12-01,73,1109317098,9c5fdbaceee27766b60bd26b5a2d9ffa890952ec,5,5,3864964215793035376756,3864.9642157930353768
2025-12-01,74,705872276,93193f6f1383a7daf38b87603990d76b7a3e3cff,1,1,3795454411100269546033,3795.4544111002695460
2025-12-01,75,1105576794,f4235edf67c93c7d115ddcf3b0be6f9c0afd1017,5,5,3283000000000000000000,3283.0000000000000000
2025-12-01,76,58152,251bccb83d9dbc592d5edf29f1227c6c5d7e193a,5,5,3200369867560200752462,3200.3698675602007525
2025-12-01,77,1749966612,3f37c7d8e61c000085aac0515775b06a3412f36b,3,3,2983772347485579924298,2983.7723474855799243
2025-12-01,78,-723221885,23b72162199d20aecf7542f58b2b079223e7f2ec,3,3,2755563738013394452931,2755.5637380133944529
2025-12-01,79,1100349894,b6e5b10600ccf5d8304333b3def33b7459e0d2a6,5,5,2724000000000000000000,2724.0000000000000000
2025-12-01,80,-711720784,f4564e4892bea4e59cba05033107f6063cc1103d,8,8,2513487943346488874548,2513.4879433464888745
2025-12-01,81,1636575522,69460570c93f9de5e2edbc3052bf10125f0ca22d,17,15,2201085337919169959457,2201.0853379191699595
2025-12-01,82,1109388030,69d568c3c966859f184db798232fa3fe19fc1511,1,1,2107641524628404831784,2107.6415246284048318
2025-12-01,83,-584214824,793a0c589144b491bfb798b9b72d2a5ae27cd951,1,1,2089902897032524420434,2089.9028970325244204
2025-12-01,84,-426749421,3d90f66b534dd8482b181e24655a9e8265316be9,3,2,1841678965789776317976,1841.6789657897763180
2025-12-01,85,1088968729,37ef0b0f5fc44f39d70f6f80d7a31f26fa504bc5,3,3,1801852203573267337145,1801.8522035732673371
2025-12-01,86,1095963562,aaf3576c9392ee018832cbbcda43f78986cdbaec,5,5,1606624794734962474385,1606.6247947349624744
2025-12-01,87,1026123670,92abad935add73060a33a73bc8e13abf10afe5d8,1,1,1594868608728032487274,1594.8686087280324873
2025-12-01,88,-657024769,9fae5fdfcef3a80bc9012ce67cbe0910f4756d95,1,1,1513006801345076296301,1513.0068013450762963
2025-12-01,89,1113847572,663dc15d3c1ac63ff12e45ab68fea3f0a883c251,41,21,1373568315108917679632,1373.5683151089176796
2025-12-01,90,-654334942,8008e3763cc9ffb73d1d366476692a609f74fbb5,1,1,1206019716787279992864,1206.0197167872799929
2025-12-01,91,-630802280,f6801d319497789f934ec7f83e142a9536312b08,5,4,1109874586012796399885,1109.8745860127963999
2025-12-01,92,-721324549,7e2b11d2aac34f1af70e7e63ea0f57fe1f467702,1,1,1048593000000000000000,1048.5930000000000000
2025-12-01,93,-590260508,1479ee9ab3d952b302cd9099133944cda63cb819,1,1,1034660775148455914190,1034.6607751484559142
2025-12-01,94,-480486955,584a31052c643d32f3134a956956dad722ff4161,2,1,1009923384747380810060,1009.9233847473808101
2025-12-01,95,-445859136,0f7ae28de1c8532170ad4ee566b5801485c13a0e,3,3,919371105619523903691,919.3711056195239037
2025-12-01,96,-658832378,2e4a7c4c00262ac2c6ece8ded7535423a5372302,3,3,761339246261858788730,761.3392462618587887
2025-12-01,97,1301448094,88468d8fd50cc8d0d9c2a8bea0b43d062de18f7d,1,1,670664433116640726451,670.6644331166407265
2025-12-01,98,-480469603,7cf772f60a51563898af5f9cdbc0bcc6c626baaa,1,1,631314692200706803331,631.3146922007068033
2025-12-01,99,-693573062,5e1f62dac767b0491e3ce72469c217365d5b48cc,10,7,604674711425814329832,604.6747114258143298
2025-12-01,100,216908,0d98a80fbb8eae99b9a990fa41ba7fc926848b91,1,1,600000000000000000000,600.0000000000000000
2026-01-01,1,-302891536,fa82580c16a31d0c1bc632a36f82e83efef3eec0,523,523,73961068309359299053994667,73961068.309359299054
2026-01-01,2,-175406083,d001ae433f254283fece51d4acce8c53263aa186,55,55,56666802154466660715945930,56666802.154466660716
2026-01-01,3,2139887976,fbca8b5f5794456b59ad4177e5b212d0db600bb6,3,3,55000116000000000000000000,55000116.000000000000
2026-01-01,4,-395183936,46a79a5a9236c0bab5232a0b35c2f34e35de55ec,74,74,42581972845872818034831549,42581972.845872818035
2026-01-01,5,-476420994,e3190143eb552456f88464662f0c0c4ac67a77eb,171,171,41632665389696666663220830,41632665.389696666663
2026-01-01,6,1809658138,367c42a6f261ec54ffbecf5f41c226be12a3dca0,44,44,34941226320000000000000000,34941226.320000000000
2026-01-01,7,-568674443,af5372792a29dc6b296d6ffd4aa3386aff8f9bb2,139,121,23029065585686212297423886,23029065.585686212297
2026-01-01,8,2147445254,1073d55dfb892ed86151015402db8b1cdb6ede78,4,4,21000121000000000000000000,21000121.000000000000
2026-01-01,9,-103393091,45312ea0eff7e09c83cbe249fa1d7598c4c8cd4e,28,28,16214843324065911960241516,16214843.324065911960
2026-01-01,10,2000202299,888888888889758f76e7103c6cbf23abbf58f946,11,11,13309169050448059611688608,13309169.050448059612
2026-01-01,11,-561793933,63242a4ea82847b20e506b63b0e2e2eff0cc6cb0,47,46,6541659930758444315185781,6541659.930758444315
2026-01-01,12,-351741607,b115fe9a340eca8251b038d0b2deae482f18c8b2,37,37,6254501000000000000000000,6254501.000000000000
2026-01-01,13,2054943978,6a000f20005980200259b80c5102003040001068,55,55,4405103495324655831236502,4405103.495324655831
2026-01-01,14,881197687,9008d19f58aabd9ed0d60971565aa8510560ab41,106,106,3921112277811477055690632,3921112.277811477056
2026-01-01,15,-550414485,1ed617529d80ae87e6611f11d8de8532eced42bc,7,7,3399364170000000000000000,3399364.170000000000
2026-01-01,16,-504891849,04fb23ef3cb3eb559d0ba096fbfda90241ff8e66,2,2,3000500000000000000000000,3000500.000000000000
2026-01-01,17,-258881147,9cbdbd7fa768ad6e9546ff57238722fa9b925329,7,7,2815008000000000000000000,2815008.000000000000
2026-01-01,18,-217146480,cc6d2f26d363836f85a42d249e145ec0320d3e55,115,115,2464934040765349120563119,2464934.040765349121
2026-01-01,19,-422698530,5bac9d00a166927e7cd1504b54ff909602bcaccf,1,1,1381384746844213912898463,1381384.746844213913
2026-01-01,20,-794977462,1f560aee3d0c615f51466dcd9a312cfa858271a5,30,21,1224530387146803601238236,1224530.387146803601
2026-01-01,21,495231405,5f65f7b609678448494de4c87521cdf6cef1e932,64,64,1143690788500239326184315,1143690.788500239326
2026-01-01,22,2004747019,a3222357a0eccf60c73606170be6c99adecb59b3,312,272,1006564572776580000000000,1006564.572776580000
2026-01-01,23,1899934735,111111125421ca6dc452d289314280a0f8842a65,65,65,967081244438581299099476,967081.244438581299
2026-01-01,24,1508839826,3ef3d8ba38ebe18db133cec108f4d14ce00dd9ae,337,337,924815433658574392445511,924815.433658574392
2026-01-01,25,-380145961,46bdf098dbb78960d4ba38facd5e414c2a40d139,1,1,712687775119172857442921,712687.775119172857
2026-01-01,26,1663246624,cf5540fffcdc3d510b18bfca6d2b9987b0772559,4,4,676373130837171296981280,676373.130837171297
2026-01-01,27,-90284824,00000688768803bbd44095770895ad27ad6b0d95,18,18,641380672955171568973940,641380.672955171569
2026-01-01,28,-352212798,e1ce9af672f8854845e5474400b6ddc7ae458a10,21,21,635720757795653969664875,635720.757795653970
2026-01-01,29,-351105517,cc6dede79bc96dbbee98e29db51c0b7619cee000,6,6,457945224847860534408078,457945.224847860534
2026-01-01,30,30616,1522900b6dafac587d499a862861c0869be6e428,3,3,403502715771550000000000,403502.715771550000
2026-01-01,31,-698111088,399740157391a9f1bf4e9921a8834f9bc8f2678e,3,3,334580623444250366110391,334580.623444250366
2026-01-01,32,1364872031,1231deb6f5749ef6ce6943a275a1d3e7486f4eae,98,98,324129162188358534694429,324129.162188358535
2026-01-01,33,-241389510,34d62114ce562d1cf5628c464724635f42b5f289,2,2,239428543744355062847260,239428.543744355063
2026-01-01,34,-733405429,3d955df9659e281f2331900ab47b0ccbbe5b0d03,1,1,233886994734241282287318,233886.994734241282
2026-01-01,35,-201843313,0d7c4da3201a137d3aa2e06142f8f9418747b006,2,2,202465973161076665002460,202465.973161076665
2026-01-01,36,1474354648,06edf6237c0d7bd13ace80544c6a76e491b5c2b2,2,2,200008000000000000000000,200008.000000000000
2026-01-01,37,1086472491,6ee8d9a796503a3121e1def7741fc03444b7ddaf,1,1,200000000000000000000000,200000.000000000000
2026-01-01,38,-621047316,8392876883cf0e9e7ee24d9b1f606ed88644f23b,4,2,199791913733650480991244,199791.913733650481
2026-01-01,39,-652074134,b92fe925dc43a0ecde6c8b1a2709c170ec4fff4f,9,9,186449970251835773779835,186449.970251835774
2026-01-01,40,-746686855,c92814c1974355122a8a43781a090552634ee567,27,21,185632191734541942116780,185632.191734541942
2026-01-01,41,1608787768,ad3b67bca8935cb510c8d18bd45f0b94f54a968f,4,4,130477233955555630780463,130477.233955555631
2026-01-01,42,-509189801,b24e2b802706695b5f2e59c3af5b648aa766a70b,2,2,128751151912415731020244,128751.151912415731
2026-01-01,43,1542902776,358ee17c36b51e3c6870ac2aee6fa24c4c479a10,5,5,99917489011793069666338,99917.489011793070
2026-01-01,44,-369811058,7d789483b1ddfbdf9d437c929181d351e1017438,4,4,91700000000000000000000,91700.000000000000
2026-01-01,45,-193517069,fc3212bd9ad9a28da6b2bd50a2918969c126894f,112,112,84330134032513471340072,84330.134032513471
2026-01-01,46,-746616753,9d423b2343218d88ee58ba53271868c59d4312cb,9,6,84085557558790898692277,84085.557558790899
2026-01-01,47,2145174805,70bf6634ee8cb27d04478f184b9b8bb13e5f4710,4,4,76974903844232976964545,76974.903844232977
2026-01-01,48,-307510830,dd803fe3ca8986438fbd0128192f75c1ab9505e4,2,2,53803060759361423323441,53803.060759361423
2026-01-01,49,-445859136,0f7ae28de1c8532170ad4ee566b5801485c13a0e,1,1,49952212800213452170144,49952.212800213452
2026-01-01,50,-381547691,f5042e6ffac5a625d4e7848e0b01373d8eb9e222,30,30,46135881832382058609945,46135.881832382059
2026-01-01,51,1636575522,69460570c93f9de5e2edbc3052bf10125f0ca22d,7,7,39787108013593054216920,39787.108013593054
2026-01-01,52,1007022309,a96853390c776ce8307b46b4d1a857ab310ab018,1,1,35722364134680000000000,35722.364134680000
2026-01-01,53,-79620546,0000000000bbf5c5fd284e657f01bd000933c96d,1,1,35624199200137877779651,35624.199200137878
2026-01-01,54,-341174562,2c0552e5dcb79b064fd23e358a86810bc5994244,2,2,32204184732171684120625,32204.184732171684
2026-01-01,55,-298318597,75a66958919f47870f62b2780c34a235dc357586,39,39,30131393009406470529855,30131.393009406471
2026-01-01,56,-111399962,000000000004444c5dc75cb358380d2e3de08a90,41,41,24094432344745043121099,24094.432344745043
2026-01-01,57,-783944251,f9c68100e94eca295ec620d64765a6be7d749e8a,2,2,22782754809743544244191,22782.754809743544
2026-01-01,58,-791751224,c4f096a758dae5257ade5d1329772cdc2ddad8e9,5,5,16264300955030168417072,16264.300955030168
2026-01-01,59,616036061,74de5d4fcbf63e00296fd95d33236b9794016631,35,30,12421116982038864722827,12421.116982038865
2026-01-01,60,-707164502,990b77d8dc59370628ce27e86b0d0fcd5106de69,1,1,11069309845010359016024,11069.309845010359
2026-01-01,61,-321184711,cf24e847f7a51f2928ce7b42feeaed96db698723,1,1,10003375971180420666715,10003.3759711804206667
2026-01-01,62,1886500785,f9561f58b2bc512ff2cf7570cc9a9afb8c58e18b,1,1,7851248602033335358746,7851.2486020333353587
2026-01-01,63,2012139696,ea8c9dacf681fbb0760bc2fc5e21475f3a234f75,1,1,6108699827623231443159,6108.6998276232314432
2026-01-01,64,-783283347,feecbe8036d95acf84a2c9b8974fa0ced1c4cc17,2,2,5004059942046227273610,5004.0599420462272736
2026-01-01,65,1317503976,ef2df791e0d575584c952c0922982c45b90417f0,1,1,3372317712740000000000,3372.3177127400000000
2026-01-01,66,1113847572,663dc15d3c1ac63ff12e45ab68fea3f0a883c251,69,35,3230735985638943949776,3230.7359856389439498
2026-01-01,67,-696076038,00000000008d5f1200332af8a6813cb8377b5bfd,2,2,3006018862400152242749,3006.0188624001522427
2026-01-01,68,2106851551,c38e4e6a15593f908255214653d3d947ca1c2338,9,9,2540093367335303895777,2540.0933673353038958
2026-01-01,69,-789029542,0707eb3282fd965a9940cb5ff148809fa3fd059e,1,1,2236442943403839476872,2236.4429434038394769
2026-01-01,70,-789053473,2a7f494f786b7a43c202c203e2fa144af591907d,1,1,2028547442749198399401,2028.5474427491983994
2026-01-01,71,1214225115,f8a85876a5f0bd64b836d1600532b1ee42d848ff,1,1,1794771252570000000000,1794.7712525700000000
2026-01-01,72,1100349894,b6e5b10600ccf5d8304333b3def33b7459e0d2a6,2,2,1768686394774614137185,1768.6863947746141372
2026-01-01,73,1105576794,f4235edf67c93c7d115ddcf3b0be6f9c0afd1017,2,2,1425000000000000000000,1425.0000000000000000
2026-01-01,74,-260840437,88649f4743a758171077b98ee2003f1989b1615a,13,13,1365982017139668542764,1365.9820171396685428
2026-01-01,75,58152,251bccb83d9dbc592d5edf29f1227c6c5d7e193a,4,4,1347394696493131084826,1347.3946964931310848
2026-01-01,76,-426749421,3d90f66b534dd8482b181e24655a9e8265316be9,19,17,1319326627178654658655,1319.3266271786546587
2026-01-01,77,1017103719,649c7d8ea95ee7f1eed0bace823b3ee3c199441c,1,1,1132716381889866038564,1132.7163818898660386
2026-01-01,78,-372789137,c0dfdb9e7a392c3dbbe7c6fbe8fbc1789c9fe05e,1,1,991265850382112230375,991.2658503821122304
2026-01-01,79,-794331239,a6a12bc214280aef2e9310fe52cd424275119d75,1,1,967000000000000000000,967.0000000000000000
2026-01-01,80,-821596963,4766e5717a60c8efd0c7b7787572b5ec56ed6936,2,2,901085896450000000000,901.0858964500000000
2026-01-01,81,-480486955,584a31052c643d32f3134a956956dad722ff4161,1,1,873623187784002048035,873.6231877840020480
2026-01-01,82,1213900424,fd85f005b9eefc92bdbc9ab841f5172036e937e3,1,1,800000000000000000000,800.0000000000000000
2026-01-01,83,1381791786,1111111254eeb25477b68fb85ed929f73a960582,18,18,722987331091458651774,722.9873310914586518
2026-01-01,84,-461488877,ccbaf7a33f3451c2db1ad7a45e32850273ea4aa0,1,1,705495214239747646549,705.4952142397476465
2026-01-01,85,-819538565,ca9600a9d882eb7837ababe47a41f324b4e3c773,1,1,640549908275794038481,640.5499082757940385
2026-01-01,86,1095963562,aaf3576c9392ee018832cbbcda43f78986cdbaec,3,3,601641648375482147860,601.6416483754821479
2026-01-01,87,469111696,e0ca60a3e171d3806403d0f016d0b15b8002f053,11,11,583660739034438752257,583.6607390344387523
2026-01-01,88,216908,0d98a80fbb8eae99b9a990fa41ba7fc926848b91,1,1,560000000000000000000,560.0000000000000000
2026-01-01,89,-828871948,699ae4b55f449356b030d6f85b843e802bb27a17,2,2,533439108580000000000,533.4391085800000000
2026-01-01,90,-772708621,6691c2c6e4d669f755fffa51437bdba7ca7a3e90,1,1,451400000000000000000,451.4000000000000000
2026-01-01,91,-654441787,ef9238f9c397cb18d485104bd77a736e769689f9,5,5,437621808630640681901,437.6218086306406819
2026-01-01,92,-350569063,f69a5d6e6b3ac08017d6687af4d69f03fc03c00e,43,43,430000000000000000000,430.0000000000000000
2026-01-01,93,-697001136,5a1b2acd0c9992e14f2b6d8a326023e35a097a3a,12,8,309781431269274273718,309.7814312692742737
2026-01-01,94,1434943953,5f864f05ee9202c2eb3d3213e3dc524f8ca26b0e,1,1,251521036000000000000,251.5210360000000000
2026-01-01,95,-667409590,c396c6ee1d7986e92789f4803aabeb0ea72cada3,1,1,154000000000000000000,154.0000000000000000
2026-01-01,96,-838874307,49a93e29ab3695c77ac46483432ff6407ee28bd3,1,1,150137881530064515349,150.1378815300645153
2026-01-01,97,-701766052,8e18a1feca85a35b7c8cc14a2ade1598008170fb,2,2,150000000000000000000,150.0000000000000000
2026-01-01,98,-839197449,b1ad635a40a794286f5ff671bfee2e4b18d18fe7,1,1,150000000000000000000,150.0000000000000000
2026-01-01,99,2034702912,b300000b72deaeb607a12d5f54773d1c19c7028d,2,2,127337729625900241692,127.3377296259002417
2026-01-01,100,-835813995,06d76344bccbd16f2629397820831969d1300a36,1,1,120768152761527427363,120.7681527615274274
2026-02-01,1,2139887976,fbca8b5f5794456b59ad4177e5b212d0db600bb6,14,14,149758687000000000000000000,149758687.00000000
2026-02-01,2,-302891536,fa82580c16a31d0c1bc632a36f82e83efef3eec0,476,476,115564729966621824460932339,115564729.96662182
2026-02-01,3,-476420994,e3190143eb552456f88464662f0c0c4ac67a77eb,158,158,75540251323637404080481786,75540251.323637404080
2026-02-01,4,-568674443,af5372792a29dc6b296d6ffd4aa3386aff8f9bb2,144,119,31077041691373195686401223,31077041.691373195686
2026-02-01,5,1809658138,367c42a6f261ec54ffbecf5f41c226be12a3dca0,31,31,29641781810000000000000000,29641781.810000000000
2026-02-01,6,-103393091,45312ea0eff7e09c83cbe249fa1d7598c4c8cd4e,41,41,29357432958660275498114522,29357432.958660275498
2026-02-01,7,2147445254,1073d55dfb892ed86151015402db8b1cdb6ede78,8,8,27700100000000000000000000,27700100.000000000000
2026-02-01,8,881197687,9008d19f58aabd9ed0d60971565aa8510560ab41,174,173,22677278595823379443541270,22677278.595823379444
2026-02-01,9,-395183936,46a79a5a9236c0bab5232a0b35c2f34e35de55ec,47,47,21562154223782960010000000,21562154.223782960010
2026-02-01,10,-561793933,63242a4ea82847b20e506b63b0e2e2eff0cc6cb0,71,65,16524113777492477941512175,16524113.777492477942
2026-02-01,11,495231405,5f65f7b609678448494de4c87521cdf6cef1e932,50,50,13500500224100297200397631,13500500.224100297200
2026-02-01,12,-452463215,8cf3439d437612495da4feb96a96d0424706a081,18,18,11000091030123000000000000,11000091.030123000000
2026-02-01,13,-175406083,d001ae433f254283fece51d4acce8c53263aa186,46,46,9415578070960958704694555,9415578.070960958705
2026-02-01,14,2054943978,6a000f20005980200259b80c5102003040001068,81,81,8553397754427843082852651,8553397.754427843083
2026-02-01,15,-351741607,b115fe9a340eca8251b038d0b2deae482f18c8b2,32,32,4295133000000000000000000,4295133.000000000000
2026-02-01,16,2004747019,a3222357a0eccf60c73606170be6c99adecb59b3,635,512,3682185778245330000000000,3682185.778245330000
2026-02-01,17,1899934735,111111125421ca6dc452d289314280a0f8842a65,74,74,3417984693684035552271807,3417984.693684035552
2026-02-01,18,-431963541,97ada1d31620fbc8596b43f52c6192bb2145d064,3,3,3413990350000000000000000,3413990.350000000000
2026-02-01,19,-831656232,f48a3f7c0575c85cf4529aa220caf3c055773f1c,110,71,3024993646592206006364982,3024993.646592206006
2026-02-01,20,-217146480,cc6d2f26d363836f85a42d249e145ec0320d3e55,137,136,3024259894495737642372757,3024259.894495737642
2026-02-01,21,-369938010,ab8552143dc480f2959c7ab8ccefc3eba0513b39,1,1,3000000000000000000000000,3000000.000000000000
2026-02-01,22,1663246624,cf5540fffcdc3d510b18bfca6d2b9987b0772559,9,9,2270604512147073811448549,2270604.512147073811
2026-02-01,23,-707164502,990b77d8dc59370628ce27e86b0d0fcd5106de69,8,4,1514132392901548863658543,1514132.392901548864
2026-02-01,24,-504891849,04fb23ef3cb3eb559d0ba096fbfda90241ff8e66,2,2,1200100000000000000000000,1200100.000000000000
2026-02-01,25,-152892446,d6b7b0d4e1eb350c82c1884a4d735f5a16113529,2,2,1013354183616304947626919,1013354.183616304948
2026-02-01,26,30616,1522900b6dafac587d499a862861c0869be6e428,14,14,920379539213670000000000,920379.539213670000
2026-02-01,27,1508839826,3ef3d8ba38ebe18db133cec108f4d14ce00dd9ae,310,310,805917959436572901175689,805917.959436572901
2026-02-01,28,1699176572,51c72848c68a965f66fa7a88855f9f7784502a7f,4,4,710581499999999994494976,710581.499999999994
2026-02-01,29,1364872031,1231deb6f5749ef6ce6943a275a1d3e7486f4eae,81,81,650173817820333384091516,650173.817820333384
2026-02-01,30,-201843313,0d7c4da3201a137d3aa2e06142f8f9418747b006,22,22,500118752215459650309775,500118.752215459650
2026-02-01,31,-512505539,bea8fecf6535592eebfc68f227a434f8373792f0,1,1,300100000000000000000000,300100.000000000000
2026-02-01,32,-193517069,fc3212bd9ad9a28da6b2bd50a2918969c126894f,98,98,233216672016680343304428,233216.672016680343
2026-02-01,33,-783283347,feecbe8036d95acf84a2c9b8974fa0ced1c4cc17,5,5,212595620741812635160771,212595.620741812635
2026-02-01,34,1474354648,06edf6237c0d7bd13ace80544c6a76e491b5c2b2,2,2,200003801918810000000000,200003.801918810000
2026-02-01,35,-369811058,7d789483b1ddfbdf9d437c929181d351e1017438,6,6,191200000000000000000000,191200.000000000000
2026-02-01,36,-494109513,759432b16552ac0baed0a7de892f4ab295041dcd,2,2,187476766213901665394789,187476.766213901665
2026-02-01,37,-698111088,399740157391a9f1bf4e9921a8834f9bc8f2678e,5,5,146840433417701085901744,146840.433417701086
2026-02-01,38,1608787768,ad3b67bca8935cb510c8d18bd45f0b94f54a968f,9,9,132467958177641723832366,132467.958177641724
2026-02-01,39,-854639050,3fee9f50746c55fb4a997e770694ea0a79e0c33d,1,1,120236715480000000000000,120236.715480000000
2026-02-01,40,-79620546,0000000000bbf5c5fd284e657f01bd000933c96d,4,4,115549131294214191041858,115549.131294214191
2026-02-01,41,2145174805,70bf6634ee8cb27d04478f184b9b8bb13e5f4710,3,3,108649343493249771471924,108649.343493249771
2026-02-01,42,-652074134,b92fe925dc43a0ecde6c8b1a2709c170ec4fff4f,45,45,92757796742382517980194,92757.796742382518
2026-02-01,43,-111399962,000000000004444c5dc75cb358380d2e3de08a90,79,78,80172013677293788024260,80172.013677293788
2026-02-01,44,-392316891,301166d066a39059394d5f730c2ff1d1fb95753a,1,1,79719222507973183732084,79719.222507973184
2026-02-01,45,-258881147,9cbdbd7fa768ad6e9546ff57238722fa9b925329,1,1,69036652140000000000000,69036.652140000000
2026-02-01,46,-679101217,d52f342c66625e93e0faa3cde2aaa679ea05fbc0,1,1,64186783207511120893837,64186.783207511121
2026-02-01,47,1809613945,100ae042ef0ea159ecc3513e9a378ff21f3829ba,3,3,59964388835560000000000,59964.388835560000
2026-02-01,48,-898805973,dcbe048647030f2a7cb7c4863a85c69e638b89bc,2,1,50000000000000000000000,50000.000000000000
2026-02-01,49,-835463557,e6f1748b3f8d23b028f94dbddc8ed2f8eeeb85cb,1,1,50000000000000000000000,50000.000000000000
2026-02-01,50,-621047316,8392876883cf0e9e7ee24d9b1f606ed88644f23b,6,3,44830095983082326563924,44830.095983082327
2026-02-01,51,-853846549,797533cceb52668ba9e89fcd5c1aae75ece0ec28,4,4,40200088522900000000000,40200.088522900000
2026-02-01,52,-298318597,75a66958919f47870f62b2780c34a235dc357586,38,38,34157040982235600732815,34157.040982235601
2026-02-01,53,2044079633,51d4ace1d9746008d8fefe70303f38035525112f,1,1,30000000000000000000000,30000.000000000000
2026-02-01,54,-283694431,1f887fd93c17a970819895978da55628d7658609,1,1,28000000000000000000000,28000.000000000000
2026-02-01,55,1007022309,a96853390c776ce8307b46b4d1a857ab310ab018,1,1,27637000000000000000000,27637.000000000000
2026-02-01,56,-461956542,fd5366c739d08018286dd0c6c0f547ec72906717,8,8,24653655042870000000000,24653.655042870000
2026-02-01,57,-388236097,0faf70639781fca77881d58da80c70ff19cb6056,1,1,24636223656010000000000,24636.223656010000
2026-02-01,58,-693573062,5e1f62dac767b0491e3ce72469c217365d5b48cc,26,18,21838736291569167390276,21838.736291569167
2026-02-01,59,-352212798,e1ce9af672f8854845e5474400b6ddc7ae458a10,9,9,21165941900180257649697,21165.941900180258
2026-02-01,60,-517335238,80b10b2b96dda249f37d0c5ebe40bbcdbcc79ec7,1,1,20015325282396844445333,20015.325282396844
2026-02-01,61,1675881994,83fbf2718cf447d2d1ce6bd2ba3f18f7ad1a2a79,1,1,20000000000000000000000,20000.000000000000
2026-02-01,62,1386537921,cecbc13bd8c90597a33794470fca118eb0b0e45c,1,1,19981480000000000000000,19981.480000000000
2026-02-01,63,-783944251,f9c68100e94eca295ec620d64765a6be7d749e8a,3,3,19823011785960000000000,19823.011785960000
2026-02-01,64,2088269953,59e2330c15dcd5776a5125cb4184fab276841521,1,1,19562449454847452958751,19562.449454847453
2026-02-01,65,-445859136,0f7ae28de1c8532170ad4ee566b5801485c13a0e,9,9,15662143687083793232448,15662.143687083793
2026-02-01,66,1586960633,0b8a49d816cc709b6eadb09498030ae3416b66dc,3,3,15166440104127154855204,15166.440104127155
2026-02-01,67,1636575522,69460570c93f9de5e2edbc3052bf10125f0ca22d,5,5,14087350752966823409885,14087.350752966823
2026-02-01,68,-351105517,cc6dede79bc96dbbee98e29db51c0b7619cee000,4,4,13105470000000000000000,13105.470000000000
2026-02-01,69,-654264992,b7259169786355ca36fed8c9838e0a898c879cb1,1,1,12462000000000000000000,12462.000000000000
2026-02-01,70,-794977462,1f560aee3d0c615f51466dcd9a312cfa858271a5,8,6,11275032215931437061831,11275.032215931437
2026-02-01,71,-601029222,3bce8ed1012f62d7f55fe0060c90d02b0da9923e,2,2,10546147958310945120882,10546.147958310945
2026-02-01,72,-910664997,24da44100a7ce93424fa0c5c6b1899a9acf2b61d,1,1,10000099679930000000000,10000.0996799300000000
2026-02-01,73,-831721741,f9ae60c0cb90cb6869bcd8bde2f18528b26b5d6d,2,1,9995739297530627637179,9995.7392975306276372
2026-02-01,74,-733756378,14d5d7d45ed7505e95478dd87d25796779c2e19c,1,1,8317295288437584002139,8317.2952884375840021
2026-02-01,75,616036061,74de5d4fcbf63e00296fd95d33236b9794016631,38,35,7555867820960176510417,7555.8678209601765104
2026-02-01,76,-391195473,c2d36f41841b420937643dcccbea8163d4f59b6c,3,3,6470425503855193078871,6470.4255038551930789
2026-02-01,77,-104946389,16de11944f49ec245433f64b02f375c5092bd54e,2,2,5776000000000000000000,5776.0000000000000000
2026-02-01,78,-712067969,aad47d091739bb9ad1be3ebaee153ba1d12ba21a,5,5,5009585958060000000000,5009.5859580600000000
2026-02-01,79,1908737430,336538447e7d1167353c3f5dc1d9568924e11341,1,1,5008778029840000000000,5008.7780298400000000
2026-02-01,80,-329728649,a5259992e0dca94f439f65bc4f036d5f98c8df3f,3,3,4382290000000000000000,4382.2900000000000000
2026-02-01,81,1113847572,663dc15d3c1ac63ff12e45ab68fea3f0a883c251,84,42,3766354372585420422537,3766.3543725854204225
2026-02-01,82,2048491067,73746898aa7b480c305f935da89363af91cf7cdf,1,1,3300000000000000000000,3300.0000000000000000
2026-02-01,83,2106851551,c38e4e6a15593f908255214653d3d947ca1c2338,14,14,3076676685295338026043,3076.6766852953380260
2026-02-01,84,2000202299,888888888889758f76e7103c6cbf23abbf58f946,5,5,3055423601337411412857,3055.4236013374114129
2026-02-01,85,666138172,ffbaa0de31cd06c0031682e6e991b2515e71192e,1,1,2001000000000000000000,2001.0000000000000000
2026-02-01,86,-607702702,3269710878717a6bd2e1ea5e2c1069ea8ed08c71,1,1,1999381874080000000000,1999.3818740800000000
2026-02-01,87,2018557174,a8c1c98aaf99a5dfc907d61b892b2ad624901185,1,1,1866765064822054588663,1866.7650648220545887
2026-02-01,88,1258855090,b1523e0fa7ac6f3747642a441fdd584cc9138787,1,1,1715735805199245480782,1715.7358051992454808
2026-02-01,89,1433397112,4831bb85f44274f573cfd7acf9ae77e36fa19d06,6,6,1667414381355825858250,1667.4143813558258583
2026-02-01,90,-591566463,d2b37ade14708bf18904047b1e31f8166d39612b,5,5,1619879569223892200846,1619.8795692238922008
2026-02-01,91,1880844273,9c4317476bdb5a9a98a65ff726bf57187fb5b3a0,1,1,1333107258080000000000,1333.1072580800000000
2026-02-01,92,-50306683,2e7f768477da1f1c2fbce1217e5b9ae7cb0aa7cf,1,1,1286780435890000000000,1286.7804358900000000
2026-02-01,93,-422698530,5bac9d00a166927e7cd1504b54ff909602bcaccf,1,1,1142101295150599121404,1142.1012951505991214
2026-02-01,94,1511573004,b58bf2d5ffb52c1fad60f6750b639156ab249f53,1,1,1000000000000000000000,1000.0000000000000000
2026-02-01,95,1384356572,cdf198a569fee3af4d4e2aa82f4b696c21a64396,1,1,999924236910000000000,999.9242369100000000
2026-02-01,96,-235906611,ae68b7117be0026cbd4366303f74eecbb19e4042,1,1,987521375531582331057,987.5213755315823311
2026-02-01,97,-380145961,46bdf098dbb78960d4ba38facd5e414c2a40d139,1,1,979745622170653852089,979.7456221706538521
2026-02-01,98,1005604410,1512bb3b85696fa4d85cb4bbf78e9c4fe95db90f,1,1,881910017620000000000,881.9100176200000000
2026-02-01,99,-381547691,f5042e6ffac5a625d4e7848e0b01373d8eb9e222,8,8,801983838096699715089,801.9838380966997151
2026-02-01,100,-169378531,ec1abc871f312950d7fd2b6d7d88cc4c2aa5d22a,2,2,788721274390000000000,788.7212743900000000
2026-03-01,1,-302891536,fa82580c16a31d0c1bc632a36f82e83efef3eec0,423,423,148460936956849818031467371,148460936.95684982
2026-03-01,2,1844716471,bbbbbbbbbb9cc5e90e3b3af64bdaf62c37eeffcb,177,177,140350061173823545070264134,140350061.17382355
2026-03-01,3,-332883267,491edfb0b8b608044e227225c715981a30f3a44e,5,5,120002000000000000000000000,120002000.00000000
2026-03-01,4,2147445254,1073d55dfb892ed86151015402db8b1cdb6ede78,3,3,99906273060000000000000000,99906273.060000000000
2026-03-01,5,-452463215,8cf3439d437612495da4feb96a96d0424706a081,52,52,95588168200100000000000000,95588168.200100000000
2026-03-01,6,2139887976,fbca8b5f5794456b59ad4177e5b212d0db600bb6,17,17,88015922000000000000000000,88015922.000000000000
2026-03-01,7,-476420994,e3190143eb552456f88464662f0c0c4ac67a77eb,122,122,75465359979810974218884283,75465359.979810974219
2026-03-01,8,-932960757,6dc58a0fdfc8d694e571dc59b9a52eeea780e6bf,143,143,55542424970670105915194539,55542424.970670105915
2026-03-01,9,-369938010,ab8552143dc480f2959c7ab8ccefc3eba0513b39,3,3,53822565540000000000000000,53822565.540000000000
2026-03-01,10,-568674443,af5372792a29dc6b296d6ffd4aa3386aff8f9bb2,113,113,47784364498041801557532913,47784364.498041801558
2026-03-01,11,-175406083,d001ae433f254283fece51d4acce8c53263aa186,61,55,46581607431372704109762767,46581607.431372704110
2026-03-01,12,2054943978,6a000f20005980200259b80c5102003040001068,147,147,43571967800301116072342252,43571967.800301116072
2026-03-01,13,881197687,9008d19f58aabd9ed0d60971565aa8510560ab41,271,271,32757548755935505891473637,32757548.755935505891
2026-03-01,14,1809658138,367c42a6f261ec54ffbecf5f41c226be12a3dca0,47,47,30818986070000000000000000,30818986.070000000000
2026-03-01,15,-561793933,63242a4ea82847b20e506b63b0e2e2eff0cc6cb0,113,102,30632100744817735278662156,30632100.744817735279
2026-03-01,16,-431963541,97ada1d31620fbc8596b43f52c6192bb2145d064,57,57,30108667320000000000000000,30108667.320000000000
2026-03-01,17,-103393091,45312ea0eff7e09c83cbe249fa1d7598c4c8cd4e,57,57,20265551711815175795664602,20265551.711815175796
2026-03-01,18,-264797894,6d1a85398e8f9b720c6a8a2ffc85b26e2c5b0c3e,38,38,19534889238073399877341898,19534889.238073399877
2026-03-01,19,-304151178,db4023e8561945de35d5ef9e293a004f37a09cbd,4,4,16433692842083931823665637,16433692.842083931824
2026-03-01,20,1663246624,cf5540fffcdc3d510b18bfca6d2b9987b0772559,27,27,10717922780573271777187077,10717922.780573271777
2026-03-01,21,2145174805,70bf6634ee8cb27d04478f184b9b8bb13e5f4710,32,32,9814690126655776492885601,9814690.126655776493
2026-03-01,22,-831656232,f48a3f7c0575c85cf4529aa220caf3c055773f1c,100,72,7763191312611733638248573,7763191.312611733638
2026-03-01,23,-896674658,37b0779a66edc491df83e59a56d485835323a555,3,3,7753401607766205580384289,7753401.607766205580
2026-03-01,24,1699176572,51c72848c68a965f66fa7a88855f9f7784502a7f,25,25,6719848591508342834478183,6719848.591508342834
2026-03-01,25,-395183936,46a79a5a9236c0bab5232a0b35c2f34e35de55ec,8,8,5139989400519850000000000,5139989.400519850000
2026-03-01,26,-696663149,26cce1423b7433c9db8b89acb1ae9dcf0e7c672d,1,1,4000000000000000000000000,4000000.000000000000
2026-03-01,27,-351741607,b115fe9a340eca8251b038d0b2deae482f18c8b2,32,32,3659948000000000000000000,3659948.000000000000
2026-03-01,28,-217146480,cc6d2f26d363836f85a42d249e145ec0320d3e55,138,133,3569098838572067462576719,3569098.838572067463
2026-03-01,29,-512505539,bea8fecf6535592eebfc68f227a434f8373792f0,3,3,2100000000000000000000000,2100000.000000000000
2026-03-01,30,2004747019,a3222357a0eccf60c73606170be6c99adecb59b3,353,310,1946449827883560000000000,1946449.827883560000
2026-03-01,31,30616,1522900b6dafac587d499a862861c0869be6e428,13,13,1448742463397550000000000,1448742.463397550000
2026-03-01,32,-258881147,9cbdbd7fa768ad6e9546ff57238722fa9b925329,4,4,969042280000000000000000,969042.280000000000
2026-03-01,33,1364872031,1231deb6f5749ef6ce6943a275a1d3e7486f4eae,79,79,900679331963148451615156,900679.331963148452
2026-03-01,34,1508839826,3ef3d8ba38ebe18db133cec108f4d14ce00dd9ae,515,515,882696590174257990022856,882696.590174257990
2026-03-01,35,-698111088,399740157391a9f1bf4e9921a8834f9bc8f2678e,11,11,861937503157241179571201,861937.503157241180
2026-03-01,36,-70515148,b8e12daf63314a9baa71b1e39baa4538637bf138,2,2,581824814399699913533948,581824.814399699914
2026-03-01,37,-201843313,0d7c4da3201a137d3aa2e06142f8f9418747b006,7,7,500974343960339124537725,500974.343960339125
2026-03-01,38,1899934735,111111125421ca6dc452d289314280a0f8842a65,79,79,304179887722727075244845,304179.887722727075
2026-03-01,39,-630318553,1ea550a49c0f6def620f734c6329c4c12a68ad4f,4,4,265708416947000000000000,265708.416947000000
2026-03-01,40,1542938691,f50a0c58c959071d3937bfaa85265fdf9364345a,2,2,220000000000000000000000,220000.000000000000
2026-03-01,41,-369811058,7d789483b1ddfbdf9d437c929181d351e1017438,5,5,213200000000000000000000,213200.000000000000
2026-03-01,42,-746619451,ea341ecc87fff03c11ce6351098df5cf915ea12f,165,1,196609209678000000000000,196609.209678000000
2026-03-01,43,495231405,5f65f7b609678448494de4c87521cdf6cef1e932,52,52,159878019960721875082562,159878.019960721875
2026-03-01,44,-193517069,fc3212bd9ad9a28da6b2bd50a2918969c126894f,128,128,123059851697440040679827,123059.851697440041
2026-03-01,45,2027427170,3cfd7686f63615a4274a4322c67ac678d8638589,3,3,114536118337358736053592,114536.118337358736
2026-03-01,46,-467693661,0736bdc975af0675b9a045384efed91360d25479,4,2,103009899073012105256165,103009.899073012105
2026-03-01,47,-693573062,5e1f62dac767b0491e3ce72469c217365d5b48cc,16,13,100142071556894913671462,100142.071556894914
2026-03-01,48,-883273086,d01272054e11d0fd6f9a689ec719f9101928e6cd,3,3,100091805759378848605656,100091.805759378849
2026-03-01,49,1979394461,efa911756a790e0f9e806189dfa97e3fc96fb096,1,1,100000000000000000000000,100000.000000000000
2026-03-01,50,1086472491,6ee8d9a796503a3121e1def7741fc03444b7ddaf,1,1,100000000000000000000000,100000.000000000000
2026-03-01,51,2018557174,a8c1c98aaf99a5dfc907d61b892b2ad624901185,3,3,86167739364307577853477,86167.739364307578
2026-03-01,52,-335518857,beef02961503351625926ea9a11ae13b29f5c555,1,1,80504090112865785242365,80504.090112865785
2026-03-01,53,-990512585,bf906dc1dfcb28c83e790ae46cc030dc6977e6ae,2,2,64208756009740000000000,64208.756009740000
2026-03-01,54,1159989886,7fa270537a779d9ccbd0c40c3a85469390b886cf,1,1,60000000000000000000000,60000.000000000000
2026-03-01,55,-351105517,cc6dede79bc96dbbee98e29db51c0b7619cee000,10,8,56963825041017890306990,56963.825041017890
2026-03-01,56,-111399962,000000000004444c5dc75cb358380d2e3de08a90,61,60,56062766605881602352027,56062.766605881602
2026-03-01,57,-956894171,69355223a0ce30aee41d353387c3082e5aafc4da,19,19,54383370928331370837226,54383.370928331371
2026-03-01,58,-696076038,00000000008d5f1200332af8a6813cb8377b5bfd,6,6,53534869631039658508773,53534.869631039659
2026-03-01,59,1474354648,06edf6237c0d7bd13ace80544c6a76e491b5c2b2,1,1,49998400159980000000000,49998.400159980000
2026-03-01,60,-298318597,75a66958919f47870f62b2780c34a235dc357586,116,116,47844219699945266762819,47844.219699945267
2026-03-01,61,-461956542,fd5366c739d08018286dd0c6c0f547ec72906717,29,29,42523990962606219085794,42523.990962606219
2026-03-01,62,-305942074,84a7d732cab139951ff29c1255154a15eff1b09b,1,1,42051277351239745305114,42051.277351239745
2026-03-01,63,-967146729,9cf84039409847b1216bcdb5c2893f7fa4a633bb,6,6,35122450200410000000000,35122.450200410000
2026-03-01,64,1608787768,ad3b67bca8935cb510c8d18bd45f0b94f54a968f,3,3,33612974150567799636060,33612.974150567800
2026-03-01,65,2000202299,888888888889758f76e7103c6cbf23abbf58f946,3,3,33320658778112052131092,33320.658778112052
2026-03-01,66,1007022309,a96853390c776ce8307b46b4d1a857ab310ab018,1,1,31899355224770000000000,31899.355224770000
2026-03-01,67,-992805506,14be4846518ff6cf83ccf181d1f4b8cfe89523ce,3,3,30282876474764866663494,30282.876474764867
2026-03-01,68,-1010225534,a5d87aab3b1818ba74875db0e69ae91588de004f,1,1,29109145364866612118533,29109.145364866612
2026-03-01,69,-831721741,f9ae60c0cb90cb6869bcd8bde2f18528b26b5d6d,4,3,25324843583569279163349,25324.843583569279
2026-03-01,70,-186122954,66a9893cc07d91d95644aedd05d03f95e1dba8af,12,6,23267123259913612588299,23267.123259913613
2026-03-01,71,-954313075,ec8c23de819a402adefe30b5fa9c9502e85ba6f7,1,1,21781449776093411233391,21781.449776093411
2026-03-01,72,-874474154,61230b10cf353774ba086c126064efa813b5fd6f,1,1,20640361819406628315084,20640.361819406628
2026-03-01,73,1386537921,cecbc13bd8c90597a33794470fca118eb0b0e45c,1,1,20162555137670000000000,20162.555137670000
2026-03-01,74,954703640,ddf79dd76ec2cf8be437d8717a36b9d10c429c23,1,1,19989698447283622104854,19989.698447283622
2026-03-01,75,-783944251,f9c68100e94eca295ec620d64765a6be7d749e8a,4,4,18154059142535580398983,18154.059142535580
2026-03-01,76,1097899153,384c3c398e3a7d7025a35220ff06e81e24bf9be8,1,1,17000000000000000000000,17000.000000000000
2026-03-01,77,1381791786,1111111254eeb25477b68fb85ed929f73a960582,11,11,15304985829928132540615,15304.985829928133
2026-03-01,78,-414679940,27c09696061ffb6f186f4fc309b88f32ec19b6ed,2,2,14752117347224614992964,14752.117347224615
2026-03-01,79,-284019950,9f2d2a913fe0f087d10d623c6bb8a80f3889f918,1,1,14285611396500000000000,14285.611396500000
2026-03-01,80,-652074134,b92fe925dc43a0ecde6c8b1a2709c170ec4fff4f,58,58,13449585493183146919925,13449.585493183147
2026-03-01,81,-942105125,6f8428760deade4f836f685172702aebcca5712f,6,6,13365194389781510418122,13365.194389781510
2026-03-01,82,1402033670,44d5dac217261f2a18bc4df57431456c4864f0ae,1,1,13313483084299901010414,13313.483084299901
2026-03-01,83,-926596139,1fabb4449067717df1224111505458fb187dc213,4,4,12411076880000000000000,12411.076880000000
2026-03-01,84,-910664997,24da44100a7ce93424fa0c5c6b1899a9acf2b61d,1,1,10050043130070000000000,10050.0431300700000000
2026-03-01,85,666138172,ffbaa0de31cd06c0031682e6e991b2515e71192e,2,2,10000000000000000000000,10000.0000000000000000
2026-03-01,86,-975320997,228fe175678ddff7c7013ccf5a303141bdeec6b4,1,1,9985520869318550168714,9985.5208693185501687
2026-03-01,87,-994665333,df3e6fe0808bdfb3e8de36824f4ed28980263667,1,1,8993947313099563896506,8993.9473130995638965
2026-03-01,88,-932352973,deadc0de0000e54725ad1bf220324717043e02bf,3,3,7907850453758404068208,7907.8504537584040682
2026-03-01,89,2048491067,73746898aa7b480c305f935da89363af91cf7cdf,1,1,6588000000000000000000,6588.0000000000000000
2026-03-01,90,-962966446,5bde30d9629948274a309f8708924fd5a64e6205,5,5,6032265985698311417387,6032.2659856983114174
2026-03-01,91,-296694377,8e775ebad58241f3444d140846116ef80a6377bc,1,1,6000000000000000000000,6000.0000000000000000
2026-03-01,92,1942310333,76c09a86b178f4410aafb61b535c49e75b994ea8,4,4,5938628698941273203210,5938.6286989412732032
2026-03-01,93,-516365498,20edc7aae49213ae44c404e603b60ad1073994b8,1,1,5689709089409713308157,5689.7090894097133082
2026-03-01,94,-997751504,4e845b109d50bef0699d5cc192646d510c3b784c,1,1,5001000000000000000000,5001.0000000000000000
2026-03-01,95,-943977834,a830ffac50ae1f118722d21e49ab25625a2c4724,1,1,4999883040000000000000,4999.8830400000000000
2026-03-01,96,1980055189,3e0e3a214a32de2087359ed182b99c03908815d7,1,1,4900000000000000000000,4900.0000000000000000
2026-03-01,97,-334149447,2d610e4eceac64e46226b70613b6d7f81e719bc2,5,5,4858247490350000000000,4858.2474903500000000
2026-03-01,98,1824994639,a63e8dda009e9079124c1e3678f4932bb8061f4d,1,1,4850000000000000000000,4850.0000000000000000
2026-03-01,99,616036061,74de5d4fcbf63e00296fd95d33236b9794016631,20,18,4795497027980416634795,4795.4970279804166348
2026-03-01,100,-880052708,bafa91d22c093e42e28d7be417e38244e4153f78,1,1,4611914873129328747169,4611.9148731293287472
2026-04-01,1,-568674443,af5372792a29dc6b296d6ffd4aa3386aff8f9bb2,476,326,589036687904090075628709448,589036687.90409008
2026-04-01,2,-932960757,6dc58a0fdfc8d694e571dc59b9a52eeea780e6bf,238,238,317980306428803076785485686,317980306.42880308
2026-04-01,3,2139887976,fbca8b5f5794456b59ad4177e5b212d0db600bb6,52,52,313413286010000000000000000,313413286.01000000
2026-04-01,4,-302891536,fa82580c16a31d0c1bc632a36f82e83efef3eec0,703,703,267855006561884266058110785,267855006.56188427
2026-04-01,5,-476420994,e3190143eb552456f88464662f0c0c4ac67a77eb,113,113,144984387975136301082404896,144984387.97513630
2026-04-01,6,2054943978,6a000f20005980200259b80c5102003040001068,168,168,106054536336109082740692505,106054536.33610908
2026-04-01,7,1844716471,bbbbbbbbbb9cc5e90e3b3af64bdaf62c37eeffcb,181,181,105303874741578502388800347,105303874.74157850
2026-04-01,8,-175406083,d001ae433f254283fece51d4acce8c53263aa186,232,173,58705828905341652019673286,58705828.905341652020
2026-04-01,9,-217146480,cc6d2f26d363836f85a42d249e145ec0320d3e55,482,401,57233295189895733427663271,57233295.189895733428
2026-04-01,10,-304151178,db4023e8561945de35d5ef9e293a004f37a09cbd,4,4,48396012347866925272272883,48396012.347866925272
2026-04-01,11,881197687,9008d19f58aabd9ed0d60971565aa8510560ab41,161,160,43645384370848560468523436,43645384.370848560469
2026-04-01,12,-971526386,8f10b468b06c6fd214b65f87778827f7d113f996,82,73,31204364410720954960236673,31204364.410720954960
2026-04-01,13,-332883267,491edfb0b8b608044e227225c715981a30f3a44e,2,2,25000000000000000000000000,25000000.000000000000
2026-04-01,14,1899934735,111111125421ca6dc452d289314280a0f8842a65,89,89,22398956628911813428840836,22398956.628911813429
2026-04-01,15,1364872031,1231deb6f5749ef6ce6943a275a1d3e7486f4eae,189,167,22388626418175241352826633,22388626.418175241353
2026-04-01,16,1699176572,51c72848c68a965f66fa7a88855f9f7784502a7f,49,49,15498185518694810576213667,15498185.518694810576
2026-04-01,17,1809658138,367c42a6f261ec54ffbecf5f41c226be12a3dca0,24,24,12580670708991400000000000,12580670.708991400000
2026-04-01,18,-1037640733,7f54f05635d15cde17a49502fedb9d1803a3be8a,109,76,12241292923658087135760883,12241292.923658087136
2026-04-01,19,-561793933,63242a4ea82847b20e506b63b0e2e2eff0cc6cb0,48,46,11377827921840364711164216,11377827.921840364711
2026-04-01,20,2145174805,70bf6634ee8cb27d04478f184b9b8bb13e5f4710,39,39,9547857231357761037850169,9547857.231357761038
2026-04-01,21,-431963541,97ada1d31620fbc8596b43f52c6192bb2145d064,25,25,9379987000000000000000000,9379987.000000000000
2026-04-01,22,-264797894,6d1a85398e8f9b720c6a8a2ffc85b26e2c5b0c3e,16,16,8100000000000000000000000,8100000.000000000000
2026-04-01,23,1663246624,cf5540fffcdc3d510b18bfca6d2b9987b0772559,8,8,7470916162836728811910085,7470916.162836728812
2026-04-01,24,-770301290,4292b1cf7e5ee54bcc9564192174c50ad5fcb1a6,7,7,6013914000000000000000000,6013914.000000000000
2026-04-01,25,1081958299,cd40532686b94abc88b06b9705aacbc14c8364d6,8,8,5000000000000000000000000,5000000.000000000000
2026-04-01,26,-550414485,1ed617529d80ae87e6611f11d8de8532eced42bc,2,2,4000200000000000000000000,4000200.000000000000
2026-04-01,27,-831656232,f48a3f7c0575c85cf4529aa220caf3c055773f1c,48,33,3236540469114956506046006,3236540.469114956506
2026-04-01,28,-693573062,5e1f62dac767b0491e3ce72469c217365d5b48cc,31,26,3137693185431245041429912,3137693.185431245041
2026-04-01,29,30616,1522900b6dafac587d499a862861c0869be6e428,20,20,3116353102074810000000000,3116353.102074810000
2026-04-01,30,495231405,5f65f7b609678448494de4c87521cdf6cef1e932,23,23,2142537225274361912626802,2142537.225274361913
2026-04-01,31,-504891849,04fb23ef3cb3eb559d0ba096fbfda90241ff8e66,1,1,2000000000000000000000000,2000000.000000000000
2026-04-01,32,-361863690,0d05a7d3448512b78fa8a9e46c4872c88c4a0d05,1,1,1832296093607636954318709,1832296.093607636954
2026-04-01,33,-962966446,5bde30d9629948274a309f8708924fd5a64e6205,8,8,1717337629423541555167147,1717337.629423541555
2026-04-01,34,-103393091,45312ea0eff7e09c83cbe249fa1d7598c4c8cd4e,38,38,1685205935500406956097951,1685205.935500406956
2026-04-01,35,-351741607,b115fe9a340eca8251b038d0b2deae482f18c8b2,14,14,1648002000000000000000000,1648002.000000000000
2026-04-01,36,2088341827,16c6521dff6bab339122a0fe25a9116693265353,34,34,1162826138174465526619004,1162826.138174465527
2026-04-01,37,-452463215,8cf3439d437612495da4feb96a96d0424706a081,1,1,1000000000000000000000000,1000000.000000000000
2026-04-01,38,1086472491,6ee8d9a796503a3121e1def7741fc03444b7ddaf,1,1,955100477990701600000000,955100.477990701600
2026-04-01,39,1508839826,3ef3d8ba38ebe18db133cec108f4d14ce00dd9ae,618,618,950971867639047929524785,950971.867639047930
2026-04-01,40,-698111088,399740157391a9f1bf4e9921a8834f9bc8f2678e,9,9,854925106435340688612256,854925.106435340689
2026-04-01,41,-627499592,1f72fe51fcc1e1e0bcf485a66498509558cfbca0,1,1,833748000000000000000000,833748.000000000000
2026-04-01,42,2004747019,a3222357a0eccf60c73606170be6c99adecb59b3,248,229,798701195301360000000000,798701.195301360000
2026-04-01,43,-663418984,31aee837cddb3fb45afc77c3dd75c345076699c5,1,1,551460434354468559690046,551460.434354468560
2026-04-01,44,-461956542,fd5366c739d08018286dd0c6c0f547ec72906717,39,39,537028189448111178594227,537028.189448111179
2026-04-01,45,-111399962,000000000004444c5dc75cb358380d2e3de08a90,124,122,338969989318235555425975,338969.989318235555
2026-04-01,46,-90284824,00000688768803bbd44095770895ad27ad6b0d95,6,6,308630045181269499910181,308630.045181269500
2026-04-01,47,-258881147,9cbdbd7fa768ad6e9546ff57238722fa9b925329,5,5,295000000000000000000000,295000.000000000000
2026-04-01,48,-1010225534,a5d87aab3b1818ba74875db0e69ae91588de004f,5,5,253674581103050177946840,253674.581103050178
2026-04-01,49,-335518857,beef02961503351625926ea9a11ae13b29f5c555,2,2,235373319038267680535970,235373.319038267681
2026-04-01,50,-932352973,deadc0de0000e54725ad1bf220324717043e02bf,6,6,208354129069602289346158,208354.129069602289
2026-04-01,51,2018557174,a8c1c98aaf99a5dfc907d61b892b2ad624901185,5,5,170430264528276736335084,170430.264528276736
2026-04-01,52,-369811058,7d789483b1ddfbdf9d437c929181d351e1017438,5,5,164400000000000000000000,164400.000000000000
2026-04-01,53,1608787768,ad3b67bca8935cb510c8d18bd45f0b94f54a968f,10,10,151810989362717286995942,151810.989362717287
2026-04-01,54,-351551863,50a0e4bd9d4380b6be91b4f3221cd28df57721d9,2,2,130009724047742448735064,130009.724047742449
2026-04-01,55,-193517069,fc3212bd9ad9a28da6b2bd50a2918969c126894f,144,144,124206038410515084508221,124206.038410515085
2026-04-01,56,2081203768,7e13ac7462cbc62440a91dd2654f1c2d1fc9180e,1,1,121107801104783949558168,121107.801104783950
2026-04-01,57,944487761,be68ef894c4a081a4b4a99fe7059232deb64b96a,2,2,103145824895650891052589,103145.824895650891
2026-04-01,58,1216424171,f569e3920aa165c5a42dc88f6ef5cf986810fd89,1,1,100000000000000000000000,100000.000000000000
2026-04-01,59,-494109513,759432b16552ac0baed0a7de892f4ab295041dcd,4,4,93535469685250000000000,93535.469685250000
2026-04-01,60,-621047316,8392876883cf0e9e7ee24d9b1f606ed88644f23b,2,1,48996180944002602735590,48996.180944002603
2026-04-01,61,-783354500,c2393ead53e6681ee63c860a562ce24e875966bb,1,1,46732899556742962945188,46732.899556742963
2026-04-01,62,-1020204779,287b97774d38670503ff1655b104c0582fab3ddc,2,2,39987875572854619570786,39987.875572854620
2026-04-01,63,-831721741,f9ae60c0cb90cb6869bcd8bde2f18528b26b5d6d,2,1,33721958045113119318496,33721.958045113119
2026-04-01,64,-298318597,75a66958919f47870f62b2780c34a235dc357586,68,68,30758581496702000029656,30758.581496702000
2026-04-01,65,-992805506,14be4846518ff6cf83ccf181d1f4b8cfe89523ce,1,1,30559378887000000000000,30559.378887000000
2026-04-01,66,-1067506019,c418130392c904bb263f5bc29e16054b35a4a45d,64,64,28286981389720849854854,28286.981389720850
2026-04-01,67,-351105517,cc6dede79bc96dbbee98e29db51c0b7619cee000,14,9,22951500000000000000000,22951.500000000000
2026-04-01,68,-1072170081,9499567963414be744f4f0bcc38f047b08bba110,1,1,19551966063802306072806,19551.966063802306
2026-04-01,69,-880052708,bafa91d22c093e42e28d7be417e38244e4153f78,1,1,17438665903831111168146,17438.665903831111
2026-04-01,70,-561153377,bc4557d2969ad4012281358e41585e869775c80e,1,1,17411920545745498908914,17411.920545745499
2026-04-01,71,1166107263,7421f37e2f25bdf2ef3041bd4d176c3992453a68,2,2,14899167863043753726528,14899.167863043754
2026-04-01,72,-652074134,b92fe925dc43a0ecde6c8b1a2709c170ec4fff4f,37,37,13366336707316366050593,13366.336707316366
2026-04-01,73,-696076038,00000000008d5f1200332af8a6813cb8377b5bfd,1,1,11860634313561301116263,11860.634313561301
2026-04-01,74,-445859136,0f7ae28de1c8532170ad4ee566b5801485c13a0e,5,5,11445572086399909123675,11445.572086399909
2026-04-01,75,46629954,7ddf8ff03a5e805f75d2edd2c2754b4aa9a40021,1,1,10922174847249849693788,10922.174847249850
2026-04-01,76,-733756378,14d5d7d45ed7505e95478dd87d25796779c2e19c,1,1,10079164195180444180568,10079.1641951804441806
2026-04-01,77,-967146729,9cf84039409847b1216bcdb5c2893f7fa4a633bb,1,1,9999000000000000000000,9999.0000000000000000
2026-04-01,78,-326643083,bedfac7488dccaafdd66d1d7d56349780fe0477e,1,1,9998984533291203683791,9998.9845332912036838
2026-04-01,79,-512505539,bea8fecf6535592eebfc68f227a434f8373792f0,1,1,9046000000000000000000,9046.0000000000000000
2026-04-01,80,1097899153,384c3c398e3a7d7025a35220ff06e81e24bf9be8,2,2,8500000000000000000000,8500.0000000000000000
2026-04-01,81,616036061,74de5d4fcbf63e00296fd95d33236b9794016631,24,22,7778582095711252280872,7778.5820957112522809
2026-04-01,82,1544211964,4e0ec16e3cf8d0d3348712c354f81566ee962f55,3,3,7000000000000000000000,7000.0000000000000000
2026-04-01,83,1886500785,f9561f58b2bc512ff2cf7570cc9a9afb8c58e18b,1,1,6843504252767279258941,6843.5042527672792589
2026-04-01,84,-1023979934,6d34bd33641d4c19c29578d743c01bf6747d734b,1,1,6595517573047836718297,6595.5175730478367183
2026-04-01,85,-1049283586,6b4651b2a01b2c20fe9fa1d79c566883e07d013c,15,15,6582744839317520879226,6582.7448393175208792
2026-04-01,86,-899926470,3fac534213b205a6f2789dc29e15e9c024ddbb0d,1,1,6155636161492650341780,6155.6361614926503418
2026-04-01,87,1908737430,336538447e7d1167353c3f5dc1d9568924e11341,1,1,5054577649077071794010,5054.5776490770717940
2026-04-01,88,-955413706,25ed72c3f671b626810a6db597dcfd50f215a423,12,4,5032771800658037417719,5032.7718006580374177
2026-04-01,89,-955461113,7baa298d36fe21df2f6b54510da76445661a91ed,6,5,4999496022514332186143,4999.4960225143321861
2026-04-01,90,-946169830,54c62c255fa9e08d4ba53044d71f5be078a2fbba,1,1,4746109002054768634268,4746.1090020547686343
2026-04-01,91,-874474154,61230b10cf353774ba086c126064efa813b5fd6f,3,3,4588987873173167344841,4588.9878731731673448
2026-04-01,92,-948516037,930919ad7431ddd7af6513bab40eba2fd3801aba,3,3,4546654010921848070052,4546.6540109218480701
2026-04-01,93,-1089447901,5d6f9458af6cdd7aa86353322d8965ed8a85a3aa,10,10,4460619713435110352591,4460.6197134351103526
2026-04-01,94,1535177780,bcad16f5baee6cd1f46acce4b8de8a62f35aa8dc,3,3,4019570076281100209499,4019.5700762811002095
2026-04-01,95,-992417261,d1f2b923a7706a848cf96b8bbe112baeb651d464,1,1,3478022462560000000000,3478.0224625600000000
2026-04-01,96,2047894743,86aa8cbd3752104ed4da624be502a3b192239cd6,9,9,3157156307982049064359,3157.1563079820490644
2026-04-01,97,-1067081728,7ef3f5a8f01783a04d1bd4fdd27564da6200eb47,7,7,3152379642840985527634,3152.3796428409855276
2026-04-01,98,1433397112,4831bb85f44274f573cfd7acf9ae77e36fa19d06,6,6,2509482369895506773062,2509.4823698955067731
2026-04-01,99,-414768092,238856de6d9d32ea3dd4e9e7dbfe08b23cd5048c,3,3,2469203062784557655097,2469.2030627845576551
2026-04-01,100,-920735979,b0c12af9e5686cc8ca0aab03ed804d8ccbf8587a,2,2,2225135289100000000000,2225.1352891000000000
2026-05-01,1,-568674443,af5372792a29dc6b296d6ffd4aa3386aff8f9bb2,412,282,557209655269064090610464679,557209655.26906409
2026-05-01,2,2139887976,fbca8b5f5794456b59ad4177e5b212d0db600bb6,77,77,255220078310000000000000000,255220078.31000000
2026-05-01,3,-932960757,6dc58a0fdfc8d694e571dc59b9a52eeea780e6bf,138,138,105999803249371620439496887,105999803.24937162
2026-05-01,4,1844716471,bbbbbbbbbb9cc5e90e3b3af64bdaf62c37eeffcb,160,160,56972750859745762801124201,56972750.859745762801
2026-05-01,5,-476420994,e3190143eb552456f88464662f0c0c4ac67a77eb,84,84,47132976175271201443076789,47132976.175271201443
2026-05-01,6,881197687,9008d19f58aabd9ed0d60971565aa8510560ab41,162,162,29103317647317131719191067,29103317.647317131719
2026-05-01,7,-971526386,8f10b468b06c6fd214b65f87778827f7d113f996,135,116,26243512589719930624784364,26243512.589719930625
2026-05-01,8,2054943978,6a000f20005980200259b80c5102003040001068,74,74,22256233615544199794433095,22256233.615544199794
2026-05-01,9,1699176572,51c72848c68a965f66fa7a88855f9f7784502a7f,74,74,20903472999999999930531840,20903472.999999999931
2026-05-01,10,-302891536,fa82580c16a31d0c1bc632a36f82e83efef3eec0,155,155,18886689126399391015435491,18886689.126399391015
2026-05-01,11,-175406083,d001ae433f254283fece51d4acce8c53263aa186,63,58,16554740041426092378517046,16554740.041426092379
2026-05-01,12,-1037640733,7f54f05635d15cde17a49502fedb9d1803a3be8a,129,94,12401697770468911309577752,12401697.770468911310
2026-05-01,13,1364872031,1231deb6f5749ef6ce6943a275a1d3e7486f4eae,198,164,11802687891922119202091368,11802687.891922119202
2026-05-01,14,1081958299,cd40532686b94abc88b06b9705aacbc14c8364d6,5,5,10585485735433604787209987,10585485.735433604787
2026-05-01,15,-217146480,cc6d2f26d363836f85a42d249e145ec0320d3e55,157,144,9783474513195893970817223,9783474.513195893971
2026-05-01,16,-253211414,e9127b0455ee3ed5050e28488b26d187612a56a0,7,7,9000000000000000000000000,9000000.000000000000
2026-05-01,17,1899934735,111111125421ca6dc452d289314280a0f8842a65,84,84,7098112926944230714966867,7098112.926944230715
2026-05-01,18,2145174805,70bf6634ee8cb27d04478f184b9b8bb13e5f4710,17,17,5835054515638575023453841,5835054.515638575023
2026-05-01,19,-1060575376,28b1dc1a5e3699a428bc51d234dfab7c9cb2a183,57,45,4496883464461879283452793,4496883.464461879283
2026-05-01,20,1809658138,367c42a6f261ec54ffbecf5f41c226be12a3dca0,10,10,4025176388041390000000000,4025176.388041390000
2026-05-01,21,-351741607,b115fe9a340eca8251b038d0b2deae482f18c8b2,29,29,3900109999999999996329984,3900109.999999999996
2026-05-01,22,-770301290,4292b1cf7e5ee54bcc9564192174c50ad5fcb1a6,2,2,3501849970000000000000000,3501849.970000000000
2026-05-01,23,-696663149,26cce1423b7433c9db8b89acb1ae9dcf0e7c672d,1,1,2924948797780000000000000,2924948.797780000000
2026-05-01,24,-352212798,e1ce9af672f8854845e5474400b6ddc7ae458a10,8,8,2487574653207746065510189,2487574.653207746066
2026-05-01,25,-431963541,97ada1d31620fbc8596b43f52c6192bb2145d064,12,12,2145636150000000000000000,2145636.150000000000
2026-05-01,26,2088341827,16c6521dff6bab339122a0fe25a9116693265353,35,35,1813533390363603057438770,1813533.390363603057
2026-05-01,27,495231405,5f65f7b609678448494de4c87521cdf6cef1e932,35,35,1792326638989741344102755,1792326.638989741344
2026-05-01,28,-258881147,9cbdbd7fa768ad6e9546ff57238722fa9b925329,10,10,1461844041370000000000000,1461844.041370000000
2026-05-01,29,-1099747616,8c506c3d59219fac4662995aac02bedc29b0a6aa,7,7,1233082000000000000000000,1233082.000000000000
2026-05-01,30,2004747019,a3222357a0eccf60c73606170be6c99adecb59b3,233,210,1076388127714090000000000,1076388.127714090000
2026-05-01,31,-647065701,cfc1bc6013ed89d484c626dd9ee5eb7bc1a1d9da,18,18,1049067852721730000000000,1049067.852721730000
2026-05-01,32,1663246624,cf5540fffcdc3d510b18bfca6d2b9987b0772559,3,3,977736167302337536925769,977736.167302337537
2026-05-01,33,-698111088,399740157391a9f1bf4e9921a8834f9bc8f2678e,10,10,747825886046472791708424,747825.886046472792
2026-05-01,34,-504891849,04fb23ef3cb3eb559d0ba096fbfda90241ff8e66,2,2,700000000000000000000000,700000.000000000000
2026-05-01,35,1508839826,3ef3d8ba38ebe18db133cec108f4d14ce00dd9ae,437,437,625232837212626167507737,625232.837212626168
2026-05-01,36,-56583054,860a80bd349dc4e46dc7345600eb627552ff898e,2,2,450619900000000000000000,450619.900000000000
2026-05-01,37,1542938691,f50a0c58c959071d3937bfaa85265fdf9364345a,15,15,299999880094520000000000,299999.880094520000
2026-05-01,38,-103393091,45312ea0eff7e09c83cbe249fa1d7598c4c8cd4e,18,18,224989797156078731835626,224989.797156078732
2026-05-01,39,-360733486,d01d3eeaf936045dbfde33ef7a75b195246d4053,12,12,158862000000000000000000,158862.000000000000
2026-05-01,40,-351105517,cc6dede79bc96dbbee98e29db51c0b7619cee000,15,11,143282759109102347183500,143282.759109102347
2026-05-01,41,-461956542,fd5366c739d08018286dd0c6c0f547ec72906717,10,10,116818723612684402239408,116818.723612684402
2026-05-01,42,-1120209937,667c16eef2d2a904dca777432b83cb502124869b,4,4,110184735009760853089742,110184.735009760853
2026-05-01,43,-111399962,000000000004444c5dc75cb358380d2e3de08a90,54,54,104628132589213294242954,104628.132589213294
2026-05-01,44,-193517069,fc3212bd9ad9a28da6b2bd50a2918969c126894f,137,137,100198325353487441650468,100198.325353487442
2026-05-01,45,1216424171,f569e3920aa165c5a42dc88f6ef5cf986810fd89,2,2,100000000000000000000000,100000.000000000000
2026-05-01,46,-298318597,75a66958919f47870f62b2780c34a235dc357586,118,118,98880451864676430395263,98880.451864676430
2026-05-01,47,-512505539,bea8fecf6535592eebfc68f227a434f8373792f0,1,1,85200000000000000000000,85200.000000000000
2026-05-01,48,2018557174,a8c1c98aaf99a5dfc907d61b892b2ad624901185,14,14,78918349598033551822796,78918.349598033552
2026-05-01,49,-369811058,7d789483b1ddfbdf9d437c929181d351e1017438,1,1,65500000000000000000000,65500.000000000000
2026-05-01,50,-932352973,deadc0de0000e54725ad1bf220324717043e02bf,6,6,59984395708362657437810,59984.395708362657
2026-05-01,51,-445859136,0f7ae28de1c8532170ad4ee566b5801485c13a0e,7,7,35394853245242231791721,35394.853245242232
2026-05-01,52,-990401918,c3ba641e5ee7441c4d60b76d04e6e3876973dd14,3,3,33687998403974200434316,33687.998403974200
2026-05-01,53,-786158552,8e1e0ef105055c27d111b1a89f4a8e1dfc50d331,1,1,33113220695284146797240,33113.220695284147
2026-05-01,54,-90284824,00000688768803bbd44095770895ad27ad6b0d95,6,6,33082490292344144884594,33082.490292344145
2026-05-01,55,-752460656,00000000000014aa86c5d3c41765bb24e11bd701,7,7,25906034871704965397361,25906.034871704965
2026-05-01,56,-361863690,0d05a7d3448512b78fa8a9e46c4872c88c4a0d05,5,5,25665619811947140006468,25665.619811947140
2026-05-01,57,356366253,d7dece5204b669926b09da4e5ea85473cf2d2ee7,3,3,25262791464066163058063,25262.791464066163
2026-05-01,58,-696076038,00000000008d5f1200332af8a6813cb8377b5bfd,8,8,22803647581959548727820,22803.647581959549
2026-05-01,59,-996297395,50b0d9acd63dc0b39e313f7e97fc1153e8e9522a,1,1,21944488158550000000000,21944.488158550000
2026-05-01,60,-702563667,3f8ad484d68f97755eac440920c180847fdb176b,3,3,20962655011860000000000,20962.655011860000
2026-05-01,61,1675881994,83fbf2718cf447d2d1ce6bd2ba3f18f7ad1a2a79,1,1,20300250000000000000000,20300.250000000000
2026-05-01,62,-283694431,1f887fd93c17a970819895978da55628d7658609,1,1,17568295315269263035577,17568.295315269263
2026-05-01,63,-1153701772,a42fe2be3c4e035eb33d5c76c558f5c0fa8f9cf9,32,32,14168898774247229104989,14168.898774247229
2026-05-01,64,-1136025648,827d858fd3936350dc45d50f59c8018066ac947b,1,1,12463760000000000000000,12463.760000000000
2026-05-01,65,-920683888,4863874cf77930880f900639b6cba6e924debe0d,3,3,12002799857768031358904,12002.799857768031
2026-05-01,66,-638655876,339097497b90eff391cf705ed6f2201a3d88d81b,1,1,10698983080854136012882,10698.983080854136
2026-05-01,67,-652074134,b92fe925dc43a0ecde6c8b1a2709c170ec4fff4f,31,31,10694747227690471552998,10694.747227690472
2026-05-01,68,-1089447901,5d6f9458af6cdd7aa86353322d8965ed8a85a3aa,20,20,8939920589663276676469,8939.9205896632766765
2026-05-01,69,-937008403,c9178a4cba08a6eb7200b49e1fa2c96b05b93614,1,1,8730261955215676948037,8730.2619552156769480
2026-05-01,70,-1130017410,d00e18213ab40be144a63f1bbb2202043213933c,19,19,8622718727573302506894,8622.7187275733025069
2026-05-01,71,-1129497006,70dbdfaa9e8bfcefcdeee3e4970758527f682554,17,17,8014032663631799323685,8014.0326636317993237
2026-05-01,72,-1092876453,47b763e1a7e163031965425704b2d89e2b9258d5,1,1,7277136576500000000000,7277.1365765000000000
2026-05-01,73,-1107975616,ba0203c4a10d1b3ccc6bd04c611a457cab894989,1,1,6446000000000000000000,6446.0000000000000000
2026-05-01,74,1608787768,ad3b67bca8935cb510c8d18bd45f0b94f54a968f,3,3,5826779061023458757475,5826.7790610234587575
2026-05-01,75,-1157064307,e5b752492efc4ccb9e0d995e3568e9c53f9ad72d,13,13,5620566143111300570554,5620.5661431113005706
2026-05-01,76,-1123355980,84d6bd876a6e11b0b39d919aedd115c1c827617c,1,1,5001000000000000000000,5001.0000000000000000
2026-05-01,77,1909163197,f1903b940a19349fd3bada1c00a5bf668e912a79,1,1,5000645849936789225971,5000.6458499367892260
2026-05-01,78,-1099474280,285652d8914dc409c2c3d88f4e034d7f998ebf48,1,1,4902225096630000000000,4902.2250966300000000
2026-05-01,79,-962966446,5bde30d9629948274a309f8708924fd5a64e6205,2,2,4721566166151155037844,4721.5661661511550378
2026-05-01,80,-1133857430,e89d8d0cdff13be4d045c2b8f2f229a3bb9fe4dd,10,10,4355159172851632188472,4355.1591728516321885
2026-05-01,81,-1152902245,545fe8986b42ebcbf367ac8040e6f00888f51d6a,9,9,3975712841424154204587,3975.7128414241542046
2026-05-01,82,-578319917,8ebe821d31c7a0330982a80f063b8c3f96715017,1,1,3948509374574268460165,3948.5093745742684602
2026-05-01,83,-1132922644,195002935fe162c7c1ecdae364f985d0256f7f5b,10,10,3909261895085051902582,3909.2618950850519026
2026-05-01,84,-1121241424,c69ca17a23be5e4eccc47dffa4eb5ecd7cab4528,8,8,3564881773405012751987,3564.8817734050127520
2026-05-01,85,-1135087272,62a907357dedbdf9bfe97001b4c73db9e712653d,9,9,3550876014084843613267,3550.8760140848436133
2026-05-01,86,-1156428350,4b9275da21a2fb618bc45d8f2564e3c379923f4e,9,9,3501851951370690998986,3501.8519513706909990
2026-05-01,87,-1120687986,7d988851e262756462efc3e64e5a1a594bd79bf5,8,8,3408817145885420400258,3408.8171458854204003
2026-05-01,88,-1154866503,742263d9dbe940b77784b65b6b8d1949a7e2df77,7,7,3378396059159735680967,3378.3960591597356810
2026-05-01,89,-326272148,b962fd1abd9a365140493bd499acf1ec0acff040,1,1,3299108324901901919720,3299.1083249019019197
2026-05-01,90,2047894743,86aa8cbd3752104ed4da624be502a3b192239cd6,7,7,3241278717588651109603,3241.2787175886511096
2026-05-01,91,-1139684094,f09ad81ee19c6b2c5272080827589ec455395178,7,7,3240709268164318749877,3240.7092681643187499
2026-05-01,92,-997751504,4e845b109d50bef0699d5cc192646d510c3b784c,1,1,3142600106890000000000,3142.6001068900000000
2026-05-01,93,2048491067,73746898aa7b480c305f935da89363af91cf7cdf,1,1,3031000000000000000000,3031.0000000000000000
2026-05-01,94,1134637,9dbab0fef899a50ef0540ec0bc71d4a3a00c7916,1,1,2998929630631395359217,2998.9296306313953592
2026-05-01,95,-1129375864,54d46a7ca48886bdda0afdb241a63ea9b73462a9,7,7,2952096158769946620389,2952.0961587699466204
2026-05-01,96,-1055989591,4c82d1fbfe28c977cbb58d8c7ff8fcf9f70a2cca,7,4,2930549410294308267477,2930.5494102943082675
2026-05-01,97,-948516037,930919ad7431ddd7af6513bab40eba2fd3801aba,12,12,2635459916351634337736,2635.4599163516343377
2026-05-01,98,-1107401993,e81b99251ce23a5b0b7218328b1f95226053e486,1,1,2545531939030000000000,2545.5319390300000000
2026-05-01,99,616036061,74de5d4fcbf63e00296fd95d33236b9794016631,34,30,2359075627005036782550,2359.0756270050367826
2026-05-01,100,-932186981,d78d199f8c402e7b5cc2abe278df0412400a3bae,16,16,2235572802292703610878,2235.5728022927036109
2026-06-01,1,-568674443,af5372792a29dc6b296d6ffd4aa3386aff8f9bb2,235,200,212421027359131618645291329,212421027.35913162
2026-06-01,2,2139887976,fbca8b5f5794456b59ad4177e5b212d0db600bb6,43,43,79543150400000000000000000,79543150.400000000000
2026-06-01,3,-332883267,491edfb0b8b608044e227225c715981a30f3a44e,5,5,70000000000000000000000000,70000000.000000000000
2026-06-01,4,-971526386,8f10b468b06c6fd214b65f87778827f7d113f996,179,166,48291556059316518955586688,48291556.059316518956
2026-06-01,5,1844716471,bbbbbbbbbb9cc5e90e3b3af64bdaf62c37eeffcb,184,184,33036731623115279084342802,33036731.623115279084
2026-06-01,6,-476420994,e3190143eb552456f88464662f0c0c4ac67a77eb,71,71,26076025079858097441998360,26076025.079858097442
2026-06-01,7,-932960757,6dc58a0fdfc8d694e571dc59b9a52eeea780e6bf,114,114,24915729040081277377813300,24915729.040081277378
2026-06-01,8,881197687,9008d19f58aabd9ed0d60971565aa8510560ab41,143,143,20546626787705784728175514,20546626.787705784728
2026-06-01,9,1699176572,51c72848c68a965f66fa7a88855f9f7784502a7f,72,72,20182960328593992754545625,20182960.328593992755
2026-06-01,10,-1192041710,09bd5644f2b947b2a2b4a8d678a19190b6bffaba,29,29,17404250383295449882471740,17404250.383295449882
2026-06-01,11,2054943978,6a000f20005980200259b80c5102003040001068,62,62,15409301916490188668743704,15409301.916490188669
2026-06-01,12,-175406083,d001ae433f254283fece51d4acce8c53263aa186,42,42,13697176957773736812937131,13697176.957773736813
2026-06-01,13,-1037640733,7f54f05635d15cde17a49502fedb9d1803a3be8a,132,107,13247587174359749739169901,13247587.174359749739
2026-06-01,14,30616,1522900b6dafac587d499a862861c0869be6e428,18,18,12863715423955200000000000,12863715.423955200000
2026-06-01,15,-770301290,4292b1cf7e5ee54bcc9564192174c50ad5fcb1a6,3,3,8511940000000000000000000,8511940.000000000000
2026-06-01,16,-302891536,fa82580c16a31d0c1bc632a36f82e83efef3eec0,119,119,8231540257450945176874615,8231540.257450945177
2026-06-01,17,-1188001799,3e35f030836cb93276c34b89dcf6a2d32759384b,3,3,7999724601930531270747210,7999724.601930531271
2026-06-01,18,1809658138,367c42a6f261ec54ffbecf5f41c226be12a3dca0,20,20,6421133006542240000000000,6421133.006542240000
2026-06-01,19,1606925484,c121cdb13f4e67d5563bea5257f35b1609a4c423,1,1,4998244463139861030309811,4998244.463139861030
2026-06-01,20,-351741607,b115fe9a340eca8251b038d0b2deae482f18c8b2,30,30,4653044999999999992922112,4653044.999999999993
2026-06-01,21,1364872031,1231deb6f5749ef6ce6943a275a1d3e7486f4eae,146,122,4099331832994755864030438,4099331.832994755864
2026-06-01,22,-351853389,7847e9ec34cb0fba5a9ee6e0044ad78fea1efbc3,2,2,3998646195009566215977367,3998646.195009566216
2026-06-01,23,-217146480,cc6d2f26d363836f85a42d249e145ec0320d3e55,126,120,3996725817959192288087529,3996725.817959192288
2026-06-01,24,-1217487236,4619cb0446da38ee381e6fd15ab9161c134b2e18,3,3,3499646112166588147229277,3499646.112166588147
2026-06-01,25,-258881147,9cbdbd7fa768ad6e9546ff57238722fa9b925329,7,7,2990000000000000000000000,2990000.000000000000
2026-06-01,26,-253211414,e9127b0455ee3ed5050e28488b26d187612a56a0,4,4,2899760100000000000000000,2899760.100000000000
2026-06-01,27,-431963541,97ada1d31620fbc8596b43f52c6192bb2145d064,9,9,2300030760000000000000000,2300030.760000000000
2026-06-01,28,2145174805,70bf6634ee8cb27d04478f184b9b8bb13e5f4710,4,4,1855377687141973537294497,1855377.687141973537
2026-06-01,29,-360733486,d01d3eeaf936045dbfde33ef7a75b195246d4053,60,60,1501317000000000000000000,1501317.000000000000
2026-06-01,30,1899934735,111111125421ca6dc452d289314280a0f8842a65,43,43,1462696772644210971360927,1462696.772644210971
2026-06-01,31,-103393091,45312ea0eff7e09c83cbe249fa1d7598c4c8cd4e,37,37,988298366745395486877383,988298.366745395487
2026-06-01,32,2004747019,a3222357a0eccf60c73606170be6c99adecb59b3,203,195,792525635878150000000000,792525.635878150000
2026-06-01,33,-1060575376,28b1dc1a5e3699a428bc51d234dfab7c9cb2a183,74,53,672862950547791073137540,672862.950547791073
2026-06-01,34,1663246624,cf5540fffcdc3d510b18bfca6d2b9987b0772559,10,10,620083823101258329243610,620083.823101258329
2026-06-01,35,2097653313,db57fdf5fd24a9d0e1ea94552eb2c7bdcb28fa27,6,6,609191182515620102099185,609191.182515620102
2026-06-01,36,2088341827,16c6521dff6bab339122a0fe25a9116693265353,17,17,587159077204055035676524,587159.077204055036
2026-06-01,37,-785246198,8dc81f211cc23d327233e7523831acd2d03ea671,20,20,398555520000000000000000,398555.520000000000
2026-06-01,38,1508839826,3ef3d8ba38ebe18db133cec108f4d14ce00dd9ae,335,335,368545453200140410429089,368545.453200140410
2026-06-01,39,-1135212049,b44446b0c8e56988c34f7ff73ae904982b5fdda5,1,1,299595186872629758645893,299595.186872629759
2026-06-01,40,1836498420,5cc9400ffb4da168cf271e912f589462c3a00d1f,2,2,296129940024846554782214,296129.940024846555
2026-06-01,41,-351105517,cc6dede79bc96dbbee98e29db51c0b7619cee000,20,8,271914855392872758291059,271914.855392872758
2026-06-01,42,-504891849,04fb23ef3cb3eb559d0ba096fbfda90241ff8e66,1,1,250000000000000000000000,250000.000000000000
2026-06-01,43,495231405,5f65f7b609678448494de4c87521cdf6cef1e932,41,41,239617841286686011909425,239617.841286686012
2026-06-01,44,-193517069,fc3212bd9ad9a28da6b2bd50a2918969c126894f,160,160,198104653314967124964464,198104.653314967125
2026-06-01,45,616036061,74de5d4fcbf63e00296fd95d33236b9794016631,56,53,182873291112060425434202,182873.291112060425
2026-06-01,46,-1007048623,cca852bc40e560adc3b1cc58ca5b55638ce826c9,11,11,140052630727385957447122,140052.630727385957
2026-06-01,47,-1192435564,60df351da94725877d69742906886c5d496cf784,6,6,113918888551641978594076,113918.888551641979
2026-06-01,48,-1076827189,a8f8296f4053fd65e89b245d6c7f983a70234c8b,3,3,98651398255262472896208,98651.398255262473
2026-06-01,49,-111399962,000000000004444c5dc75cb358380d2e3de08a90,39,37,51827820127889289265067,51827.820127889289
2026-06-01,50,-1077894044,23c80998c80d5925ea39e9617399a94c3c8c6f50,3,3,46631415890000000000000,46631.415890000000
2026-06-01,51,-298318597,75a66958919f47870f62b2780c34a235dc357586,99,99,45172571950087132874799,45172.571950087133
2026-06-01,52,-93361650,b042c16cc8ce0a71957d504c1c1f5b580b62901b,1,1,42000000000000000000000,42000.000000000000
2026-06-01,53,-996297395,50b0d9acd63dc0b39e313f7e97fc1153e8e9522a,1,1,36155036938090000000000,36155.036938090000
2026-06-01,54,-1120209937,667c16eef2d2a904dca777432b83cb502124869b,1,1,35172881446235533561686,35172.881446235534
2026-06-01,55,-461956542,fd5366c739d08018286dd0c6c0f547ec72906717,11,11,32644571964970000000000,32644.571964970000
2026-06-01,56,-1244388797,9dcc949ea82eddbbc846d9cb4982dd130aba039c,38,38,17836958661587670209470,17836.958661587670
2026-06-01,57,-1147740666,28bf6006d87de7f44445905aa4f5cb8c0d8cba02,1,1,16994299545868454705171,16994.299545868455
2026-06-01,58,1113847572,663dc15d3c1ac63ff12e45ab68fea3f0a883c251,16,8,16681264591425211825700,16681.264591425212
2026-06-01,59,-1237742659,c4257edc0b0965177ad40e68db856b896d2ebf08,35,35,16237470863521703617908,16237.470863521704
2026-06-01,60,-326643083,bedfac7488dccaafdd66d1d7d56349780fe0477e,1,1,14858615366958970508598,14858.615366958971
2026-06-01,61,-696076038,00000000008d5f1200332af8a6813cb8377b5bfd,4,4,12835657938737870878865,12835.657938737871
2026-06-01,62,-1188478546,29254631b0d26133ac4a1470174a0d66ed40b02e,22,22,10130436269825792674885,10130.436269825793
2026-06-01,63,-317635668,287a9080e525369834ee0ab634c27415857219e9,2,2,10038000000000000000000,10038.0000000000000000
2026-06-01,64,-1208450475,0d07033f478f3b585397b854df4a7163cbe8986f,1,1,9995315777078549206776,9995.3157770785492068
2026-06-01,65,-907209728,d1788ec418e6b9acee4f6ba8be596bd016c0c763,1,1,9037000000000000000000,9037.0000000000000000
2026-06-01,66,-652074134,b92fe925dc43a0ecde6c8b1a2709c170ec4fff4f,26,26,7995639159454759206926,7995.6391594547592069
2026-06-01,67,-1177313000,71740902204966dc12219215dc3fe86edb5bca02,2,2,7107315886390000000000,7107.3158863900000000
2026-06-01,68,-784349489,03504c3c599c954928e4b2374e37f62312bcbd46,1,1,6875044251700000000000,6875.0442517000000000
2026-06-01,69,-1238127924,cec3addd64745c42dce41a9098f0b3ca6ca26553,14,14,6279270580171163725410,6279.2705801711637254
2026-06-01,70,2048491067,73746898aa7b480c305f935da89363af91cf7cdf,1,1,5704037959663271014407,5704.0379596632710144
2026-06-01,71,-1169903109,78b1155fecefff1037d4ccbc115268b626edf2de,12,12,5395781182451932592711,5395.7811824519325927
2026-06-01,72,-186122954,66a9893cc07d91d95644aedd05d03f95e1dba8af,12,6,5355243065177302790847,5355.2430651773027908
2026-06-01,73,-1254796754,8ed29c1861c0d2e6ab811acba2259159e4c9ad93,11,11,5184136498311131929742,5184.1364983111319297
2026-06-01,74,-1252430523,06d51fc1744ee2e6d3c6f314823e19418824c092,2,2,5100000000000000000000,5100.0000000000000000
2026-06-01,75,-1227284546,52b21f5cca5d5107eeb189822f24b9e08f4e21b4,1,1,5005130001280000000000,5005.1300012800000000
2026-06-01,76,-361863690,0d05a7d3448512b78fa8a9e46c4872c88c4a0d05,1,1,4984435374410401428007,4984.4353744104014280
2026-06-01,77,-818158802,8a8cd988eaf0e5ca43dc6e3ba7ed49cc5a8d7567,4,4,4734879636151091910023,4734.8796361510919100
2026-06-01,78,-1250322061,e2bd8243ff81a3e43523f4ebfae991c287480de5,10,10,4686676194940975383446,4686.6761949409753834
2026-06-01,79,-1186620285,4cb360d5f78db240b69d4085ec98399f12ab5967,2,2,4630510000000000000000,4630.5100000000000000
2026-06-01,80,626360534,fceaaaeb8d564a9d0e71ef36f027b9d162bc334e,4,2,4100000000000000000000,4100.0000000000000000
2026-06-01,81,-1172096445,8cb2b4930994d4578cf98c84e93af6f4fed538ef,8,8,3752506212701646079877,3752.5062127016460799
2026-06-01,82,-1172242019,c75ccdf6d76feba26e38cfaf2a70f1172503fa00,11,11,3383075292618826476022,3383.0752926188264760
2026-06-01,83,1134637,9dbab0fef899a50ef0540ec0bc71d4a3a00c7916,2,2,3298830328290610774183,3298.8303282906107742
2026-06-01,84,-1241006141,c2c43a03706262e4e221beafef6ebb5411b9f1e8,7,7,3242034129241800315908,3242.0341292418003159
2026-06-01,85,-1183180526,9839af24a57753406ac328dd81084d7cc9bcb0ec,1,1,3020000000000000000000,3020.0000000000000000
2026-06-01,86,-190664929,875d6d37ec55c8cf220b9e5080717549d8aa8eca,4,2,2992732522890873476513,2992.7325228908734765
2026-06-01,87,-946169830,54c62c255fa9e08d4ba53044d71f5be078a2fbba,8,8,2889417451547378107290,2889.4174515473781073
2026-06-01,88,-1188053213,f6d4b732592b2fa0c9e2c73b084d293120fa36d9,6,6,2832254926519562438292,2832.2549265195624383
2026-06-01,89,-112369744,ad6cea45f98444a922a2b4fe96b8c90f0862d2f4,15,14,2770065108115242960199,2770.0651081152429602
2026-06-01,90,2047894743,86aa8cbd3752104ed4da624be502a3b192239cd6,8,8,2528009150658384297756,2528.0091506583842978
2026-06-01,91,-1169289514,228a44f00462f6a7efa896f3ebde1e7617680789,6,6,2525300621404528913564,2525.3006214045289136
2026-06-01,92,-1107975616,ba0203c4a10d1b3ccc6bd04c611a457cab894989,3,3,2512000000000000000000,2512.0000000000000000
2026-06-01,93,-1037996756,f24be3404b723e35d9ebc60977b646d2581f57f0,4,3,2334913994657959154730,2334.9139946579591547
2026-06-01,94,-1254810593,ffd9233549e1a620a0131306db78b48e05569e49,5,5,2247074719711406455774,2247.0747197114064558
2026-06-01,95,1543101446,6aa981bff95edfea36bdae98c26b274ffcafe8d3,2,2,2229056822156459841238,2229.0568221564598412
2026-06-01,96,-873906347,492d255234c83f2ddc5aa904d8a9db6743e9f046,1,1,2015000000000000000000,2015.0000000000000000
2026-06-01,97,-1151364105,fb6aeffdbe96e652beffbe819c1329bb5bef90a8,2,2,1900000000000000000000,1900.0000000000000000
2026-06-01,98,-1169534334,12ed1fc495b8a89723124070f78e4e1f1fcdf73f,4,4,1749139219620991895921,1749.1392196209918959
2026-06-01,99,-1159767237,affb93c5494694f97912d112f3b8cef00ae2d036,4,4,1696009699000000000000,1696.0096990000000000
2026-06-01,100,-1172355694,5df894179df20f8619e2cddbf7b38b90dfc0c146,4,4,1549312516885497601686,1549.3125168854976017
