month,user_rank,address_id,address,outgoing_transfer_count,outgoing_transaction_count,raw_outgoing_volume,outgoing_volume
2024-08-01,1,2139887976,fbca8b5f5794456b59ad4177e5b212d0db600bb6,2,2,300000000000000000000,300.0000000000000000
2024-08-01,2,2147421192,a2eea193444b16fe2d18cfe977aceeea6dd9c367,1,1,100000000000000000000,100.0000000000000000
2024-09-01,1,2139887976,fbca8b5f5794456b59ad4177e5b212d0db600bb6,17,17,1356364000000000000000000,1356364.000000000000
2024-09-01,2,2147445254,1073d55dfb892ed86151015402db8b1cdb6ede78,11,11,446394000000000000000000,446394.000000000000
2024-09-01,3,-32302798,f7db20653fe8951e3c72f168310f4229d9945b3a,9,9,446280000000000000000000,446280.000000000000
2024-09-01,4,2087645946,13dda4af1d87c404f611dfc1555ed7074fe9e418,8,8,446280000000000000000000,446280.000000000000
2024-09-01,5,2147405513,7272b2a0d2e9ae6f381677887760e953bc9f2cec,7,7,296280000000000000000000,296280.000000000000
2024-09-01,6,2139843226,97e9d0b0bcbe86e1e230b0ffd3a5f1f9b8428591,1,1,150000000000000000000000,150000.000000000000
2024-09-01,7,2147421192,a2eea193444b16fe2d18cfe977aceeea6dd9c367,2,2,175000000000000000000,175.0000000000000000
2024-10-01,1,2139887976,fbca8b5f5794456b59ad4177e5b212d0db600bb6,16,16,47251802990000000000000000,47251802.990000000000
2024-10-01,2,2147405513,7272b2a0d2e9ae6f381677887760e953bc9f2cec,31,31,2465820000000000000000000,2465820.000000000000
2024-10-01,3,2147445254,1073d55dfb892ed86151015402db8b1cdb6ede78,61,61,2375010000000000000000000,2375010.000000000000
2024-10-01,4,-34802695,b385d20dab411d20870f47d9ca1920533db21b20,12,12,1660482000000000000000000,1660482.000000000000
2024-10-01,5,386939649,c333e80ef2dec2805f239e3f1e810612d294f771,10,10,1625482000000000000000000,1625482.000000000000
2024-10-01,6,-32302798,f7db20653fe8951e3c72f168310f4229d9945b3a,17,17,697058000000000000000000,697058.000000000000
2024-10-01,7,2087645946,13dda4af1d87c404f611dfc1555ed7074fe9e418,15,15,678058000000000000000000,678058.000000000000
2024-10-01,8,-53022430,2591c2afd3b0730c65b1b11e961bc82aa5461d8c,4,4,50699990000000000000000,50699.990000000000
2024-10-01,9,2028093831,b93e3d70ac9cacd51764f09ae0d01b905dc291e1,5,5,25279550000000000000000,25279.550000000000
2024-10-01,10,2147428326,d9334dd55b25f928b702d143981a8173c7272761,4,4,12260000000000000000000,12260.000000000000
2024-10-01,11,-43630165,f3391b687474e7d7b60c223c7a26332702d3c3c4,4,4,12260000000000000000000,12260.000000000000
2024-10-01,12,-34880761,2b930c0a75d12e8c8655dd3cc5352eebd2bdcfe1,2,2,1020000000000000000000,1020.0000000000000000
2024-10-01,13,603684678,b9deabd7fa80f628a4cbf35afa435a67e8d01744,2,2,120000000000000000000,120.0000000000000000
2024-10-01,14,1108152238,cf4b833dfe310d988447581baa7c5ee30c13d97a,1,1,100000000000000000000,100.0000000000000000
2024-10-01,15,-34892835,49218440314834dacc38051e39a5054b7958ea19,1,1,100000000000000000000,100.0000000000000000
2024-10-01,16,-34101065,ed1a8100e89813088db200b6f49d9b69a3890d31,1,1,80000000000000000000,80.0000000000000000
2024-10-01,17,-56583054,860a80bd349dc4e46dc7345600eb627552ff898e,1,1,50000000000000000000,50.0000000000000000
2024-10-01,18,1661476153,36d681859ed1fdaf5cbfcfaae80b7b4896336709,1,1,40000000000000000000,40.0000000000000000
2024-10-01,19,-50719393,15bd35fb388acfc63e02f21bacc6b5768ba70f8b,1,1,20000000000000000000,20.0000000000000000
2024-11-01,1,2147445254,1073d55dfb892ed86151015402db8b1cdb6ede78,28,28,35063588000000000000000000,35063588.000000000000
2024-11-01,2,2147421192,a2eea193444b16fe2d18cfe977aceeea6dd9c367,1,1,14001103000000000000000000,14001103.000000000000
2024-11-01,3,2147405513,7272b2a0d2e9ae6f381677887760e953bc9f2cec,22,22,567227000000000000000000,567227.000000000000
2024-11-01,4,2087645946,13dda4af1d87c404f611dfc1555ed7074fe9e418,19,19,532000000000000000000000,532000.000000000000
2024-11-01,5,-32302798,f7db20653fe8951e3c72f168310f4229d9945b3a,18,18,513000000000000000000000,513000.000000000000
2024-11-01,6,2028093831,b93e3d70ac9cacd51764f09ae0d01b905dc291e1,4,4,145170440000000000000000,145170.440000000000
2024-11-01,7,2139887976,fbca8b5f5794456b59ad4177e5b212d0db600bb6,2,2,104451010000000000000000,104451.010000000000
2024-11-01,8,-56583054,860a80bd349dc4e46dc7345600eb627552ff898e,1,1,100120440000000000000000,100120.440000000000
2024-11-01,9,1098384554,0b5c4a7fcda49e0a8661419bb55b86161a86db2a,3,3,50100000000000000000000,50100.000000000000
2024-11-01,10,-53022430,2591c2afd3b0730c65b1b11e961bc82aa5461d8c,1,1,49500000000000000000000,49500.000000000000
2024-11-01,11,386939649,c333e80ef2dec2805f239e3f1e810612d294f771,1,1,35000000000000000000000,35000.000000000000
2024-11-01,12,2028114372,26c50e673fca05131c9b9f23d213b977d9a34c77,1,1,20150000000000000000000,20150.000000000000
2024-11-01,13,1098402678,1440ec793ae50fa046b95bfeca5af475b6003f9e,1,1,20050000000000000000000,20050.000000000000
2024-11-01,14,-43630165,f3391b687474e7d7b60c223c7a26332702d3c3c4,1,1,127000000000000000000,127.0000000000000000
2024-11-01,15,2147428326,d9334dd55b25f928b702d143981a8173c7272761,1,1,127000000000000000000,127.0000000000000000
2024-11-01,16,-34812078,f1dcb5394d27a41662847d512dcc903cda30056f,1,1,100000000000000000000,100.0000000000000000
2024-11-01,17,1065481746,1c727a55ea3c11b0ab7d3a361fe0f3c47ce6de5d,1,1,100000000000000000000,100.0000000000000000
2024-11-01,18,30616,1522900b6dafac587d499a862861c0869be6e428,1,1,80000000000000000000,80.0000000000000000
2024-11-01,19,-34101065,ed1a8100e89813088db200b6f49d9b69a3890d31,1,1,10000000000000000000,10.0000000000000000
2024-11-01,20,1475740312,48ec5560bfd59b95859965cce48cc244cfdf6b0c,1,1,10000000000000000000,10.0000000000000000
2024-12-01,1,2139887976,fbca8b5f5794456b59ad4177e5b212d0db600bb6,9,9,56600711000000000000000000,56600711.000000000000
2024-12-01,2,2147445254,1073d55dfb892ed86151015402db8b1cdb6ede78,17,17,20171393990000000000000000,20171393.990000000000
2024-12-01,3,-32302798,f7db20653fe8951e3c72f168310f4229d9945b3a,4,4,5800110000000000000000000,5800110.000000000000
2024-12-01,4,-34802695,b385d20dab411d20870f47d9ca1920533db21b20,2,2,5700000000000000000000000,5700000.000000000000
2024-12-01,5,386939649,c333e80ef2dec2805f239e3f1e810612d294f771,7,7,5700000000000000000000000,5700000.000000000000
2024-12-01,6,2147428326,d9334dd55b25f928b702d143981a8173c7272761,5,5,5650100000000000000000000,5650100.000000000000
2024-12-01,7,2147405513,7272b2a0d2e9ae6f381677887760e953bc9f2cec,7,7,5561325000000000000000000,5561325.000000000000
2024-12-01,8,-43630165,f3391b687474e7d7b60c223c7a26332702d3c3c4,9,9,4950110000000000000000000,4950110.000000000000
2024-12-01,9,-50719393,15bd35fb388acfc63e02f21bacc6b5768ba70f8b,3,3,3002000000000000000000000,3002000.000000000000
2024-12-01,10,-34880761,2b930c0a75d12e8c8655dd3cc5352eebd2bdcfe1,2,2,3001000000000000000000000,3001000.000000000000
2024-12-01,11,1858022750,3e55d70ad00e0a1d6aca921b574d5a7c8cd0ef0f,2,2,3000000000000000000000000,3000000.000000000000
2024-12-01,12,2020872882,31173ed183e5a9450c3671018ec4d770c8a8bf18,2,2,3000000000000000000000000,3000000.000000000000
2024-12-01,13,2087645946,13dda4af1d87c404f611dfc1555ed7074fe9e418,3,3,2900200000000000000000000,2900200.000000000000
2024-12-01,14,390036908,66e092fd00c4e4eb5bd20f5392c1902d738ae7bc,7,7,2580020000000000000000000,2580020.000000000000
2024-12-01,15,1533544671,38ccc68de35eb29f09ef832d45fbf6ed563b6a64,3,3,1899710000000000000000000,1899710.000000000000
2024-12-01,16,-53022430,2591c2afd3b0730c65b1b11e961bc82aa5461d8c,3,3,401000000000000000000000,401000.000000000000
2024-12-01,17,1592958619,00d7420cbc5209f66df9cd5456d2836a15851d1b,1,1,400250000000000000000000,400250.000000000000
2024-12-01,18,797850625,3d8fc1cffaa110f7a7f9f8bc237b73d54c4abf61,5,5,300010000000000000000000,300010.000000000000
2024-12-01,19,2028093831,b93e3d70ac9cacd51764f09ae0d01b905dc291e1,260,260,152597940000000000000000,152597.940000000000
2024-12-01,20,1489735160,58b704065b7aff3ed351052f8560019e05925023,44,44,57301880000000000000000,57301.880000000000
2024-12-01,21,1098384554,0b5c4a7fcda49e0a8661419bb55b86161a86db2a,111,111,49608020000000000000000,49608.020000000000
2024-12-01,22,2028114372,26c50e673fca05131c9b9f23d213b977d9a34c77,207,207,32134140000000000000000,32134.140000000000
2024-12-01,23,603477320,9a4e745c6c3e29427042043f404ed4092dd65963,4,4,30000000000000000000000,30000.000000000000
2024-12-01,24,1065481746,1c727a55ea3c11b0ab7d3a361fe0f3c47ce6de5d,117,117,19533030687900000000000,19533.030687900000
2024-12-01,25,1098402678,1440ec793ae50fa046b95bfeca5af475b6003f9e,96,96,13048050000000000000000,13048.050000000000
2024-12-01,26,-143312327,946bc0d0dcfea8640336c7bf177a2402dda3e7a1,1,1,10992880000000000000000,10992.880000000000
2024-12-01,27,-123343538,5c1e4c263d8cd3bde0e7dfa8fa9aa5583d18608b,2,2,10058990000000000000000,10058.9900000000000000
2024-12-01,28,-34812078,f1dcb5394d27a41662847d512dcc903cda30056f,1,1,10000000000000000000000,10000.0000000000000000
2024-12-01,29,303149491,6164063385e19b2e8db1e42d5ab7dbe8834a49d3,1,1,7894550000000000000000,7894.5500000000000000
2024-12-01,30,232954210,0243ec6ddf1f16b606302cc84f6775dc2a1e186d,2,2,5882810000000000000000,5882.8100000000000000
2024-12-01,31,602118926,ebaba1d649be1e293a8a9e37b0f59f166b025d1f,2,2,2125690000000000000000,2125.6900000000000000
2024-12-01,32,-139537711,dbf1b024b80ad157991cabb42d139b2e12908489,1,1,1495562208600000000000,1495.5622086000000000
2024-12-01,33,303387803,6144a31f5b0955b2a4a32872c8abfcdeb5391694,6,6,1058070000000000000000,1058.0700000000000000
2024-12-01,34,1202265990,f80d200ebcf1a789b73f2e703282c29c4384a5dc,2,2,1020000000000000000000,1020.0000000000000000
2024-12-01,35,-137996994,17373a1351cd130bb145fa3541eb9234024903b6,1,1,906000000000000000000,906.0000000000000000
2024-12-01,36,-138233533,4506cbb439cfc5102fe0fc87b2ebb5fb04e59a37,1,1,906000000000000000000,906.0000000000000000
2024-12-01,37,-150923307,147efe07946f58d8b3a515e867191d62c8902e13,2,2,904130000000000000000,904.1300000000000000
2024-12-01,38,1856791459,c8ac46151c3509073a4df51613f126ed1d63d87f,1,1,727536860900000000000,727.5368609000000000
2024-12-01,39,-154696880,4910a8c6f69f331825349afdc430a6010352b496,1,1,727536860900000000000,727.5368609000000000
2024-12-01,40,1809613945,100ae042ef0ea159ecc3513e9a378ff21f3829ba,4,4,704484351590000000000,704.4843515900000000
2024-12-01,41,1699737323,98d427c4f27563c11c7362e29dda92d71f1de99e,2,2,615000000000000000000,615.0000000000000000
2024-12-01,42,-147267690,4f3c5f4465eecec4b8c63e713837a78b2cac5ef4,1,1,591900000000000000000,591.9000000000000000
2024-12-01,43,-140438784,317830f8a05d068e7dd5f922492102034da85f85,1,1,591900000000000000000,591.9000000000000000
2024-12-01,44,-138047591,c088406f88c6409b6c5128faba505cda59eb4c6f,3,3,570000000000000000000,570.0000000000000000
2024-12-01,45,923710456,6908c23476d3c8aa59994662e95b40414b396bf0,10,10,559000000000000000000,559.0000000000000000
2024-12-01,46,1082115044,50d78ff04f8a2f51be477b4507f4522d2b689219,2,2,520000000000000000000,520.0000000000000000
2024-12-01,47,-155581584,7227ed94f48bb3e3ccd3e56e46e7c89a1ee2d873,1,1,471484351590000000000,471.4843515900000000
2024-12-01,48,-137683505,385d7eac116f5745a8159fe6b9f078049d94034c,1,1,448710000000000000000,448.7100000000000000
2024-12-01,49,-140589847,755bd6138dc99db5e41ae1aba63ff6c48cae4545,1,1,448710000000000000000,448.7100000000000000
2024-12-01,50,-137684885,5999c1e04b89f8b398d828dd12207dcbf2b2b048,2,2,442420000000000000000,442.4200000000000000
2024-12-01,51,-146818813,35ea9324b8b5d00c37190b63ae2b76186e12f0c4,1,1,393550000000000000000,393.5500000000000000
2024-12-01,52,-138271779,4b852a6bf60daa5f07b43669e1afa76175f4d2fb,1,1,393550000000000000000,393.5500000000000000
2024-12-01,53,-137699877,1280dda612c681e96c70642eb85e331fc820e5c9,3,3,385070000000000000000,385.0700000000000000
2024-12-01,54,-136899913,466e893fbc2d2065fa1b997480abc5e8570ccd1f,3,3,381070000000000000000,381.0700000000000000
2024-12-01,55,-146096031,6eaec49b0d634b3bd26328580343004eaefbdac2,1,1,360300000000000000000,360.3000000000000000
2024-12-01,56,-147452606,65220af95583dfa95c78cb40d79ff92c1369cc2e,1,1,343446365100000000000,343.4463651000000000
2024-12-01,57,-154904630,e85b9022ab79130ba3fe6f7feb6e4b8f571b7fd1,1,1,282770000000000000000,282.7700000000000000
2024-12-01,58,-137682100,7e29546a0c6ad12aee492ac0fe079f90c6b6bb15,1,1,282770000000000000000,282.7700000000000000
2024-12-01,59,1824994639,a63e8dda009e9079124c1e3678f4932bb8061f4d,2,2,270105268800000000000,270.1052688000000000
2024-12-01,60,-148623725,8e7f3547279a7801babcfd04b8584b8d17d38812,1,1,267260000000000000000,267.2600000000000000
2024-12-01,61,2064903162,1b2ada5ae2e63133b612594cbcf8e51e7f4ac1d5,2,2,267260000000000000000,267.2600000000000000
2024-12-01,62,-139867159,9c61ea41d0546d5ff39f32f31d1b5617c8308de9,1,1,262000000000000000000,262.0000000000000000
2024-12-01,63,-154723811,d7c1a81c54f6a23449d041221ebefed69a143d97,1,1,260012867208183100000,260.0128672081831000
2024-12-01,64,2043957227,664b61b36577601ef4e6687d2fedc6b666a8a1d0,3,3,225000000000000000000,225.0000000000000000
2024-12-01,65,-137769322,b33067cd60e0b1930f6423daa0c767ce00d142ab,1,1,223670000000000000000,223.6700000000000000
2024-12-01,66,-137979667,370f01ced5f4976fdeb68ba024de29f3ec2435c5,1,1,221210000000000000000,221.2100000000000000
2024-12-01,67,-146790163,600dd13d65ec1a53127e96208bcbfe00965195a1,1,1,219710000000000000000,219.7100000000000000
2024-12-01,68,-138187014,4d7ca6735a76bbb9758fb4ec54a309506a2d28c7,1,1,219710000000000000000,219.7100000000000000
2024-12-01,69,-140324850,187c4a477b3f1782d7f8c950a9b7d3f501a13f04,1,1,210000000000000000000,210.0000000000000000
2024-12-01,70,-137674226,d461c0dd649397f8a2ccc96414187b391ab912a8,1,1,210000000000000000000,210.0000000000000000
2024-12-01,71,-143918860,358a7836d5bce6e74518b462113514616e367648,1,1,200000000000000000000,200.0000000000000000
2024-12-01,72,-141458654,2a09bf60c56617ca7a169cd1c553dd261a703017,1,1,200000000000000000000,200.0000000000000000
2024-12-01,73,1648553634,e146c01102e02344d4b1e59fd74b5054979d13a5,2,2,200000000000000000000,200.0000000000000000
2024-12-01,74,-138055852,c6ef56d9f81ccfb0df8421b247b3ec45a0d8a037,3,3,188120000000000000000,188.1200000000000000
2024-12-01,75,-137612177,9bb676c4fa71e165b66de0847b8ac90f7898cc6e,2,2,176780000000000000000,176.7800000000000000
2024-12-01,76,962802819,65cd4a44b9d815f1af6c76df79da249879894e44,1,1,173970000000000000000,173.9700000000000000
2024-12-01,77,1809658138,367c42a6f261ec54ffbecf5f41c226be12a3dca0,2,2,143000000000000000000,143.0000000000000000
2024-12-01,78,-140844873,6b00ae74acf42be4b0eb8b9c59b8b1ae4e0157f2,1,1,129690000000000000000,129.6900000000000000
2024-12-01,79,-138676000,8ceb2f6928f1457d4767fff1c57c1dc156c09828,1,1,129690000000000000000,129.6900000000000000
2024-12-01,80,1825859640,af7608d13e460dcfb45b04bc169616a7dd7a74f2,3,3,126000000000000000000,126.0000000000000000
2024-12-01,81,-151349796,b141bf1a578e788cd18fc16c374bcbc05c2c4055,1,1,125690000000000000000,125.6900000000000000
2024-12-01,82,-144042215,b67e03537e7506beed5c890480b242897f5e480c,1,1,125690000000000000000,125.6900000000000000
2024-12-01,83,-120508753,9ab2ce56b84e3bd5081fd49c041a98eb186f8165,1,1,125000000000000000000,125.0000000000000000
2024-12-01,84,1372354524,a8ab4947a020cef7589992df621f9508e3f86ace,1,1,125000000000000000000,125.0000000000000000
2024-12-01,85,-137667325,7246e6c9a3510e668995b62ebafb3a1e95dcc39f,2,2,123420000000000000000,123.4200000000000000
2024-12-01,86,1800885470,30cdc1ab574852eabebe32e4a86e053d94d1385e,1,1,120000000000000000000,120.0000000000000000
2024-12-01,87,2043139935,dbb59b5d32a25c120afff1773b45e3ee71db6c19,2,2,116000000000000000000,116.0000000000000000
2024-12-01,88,1800907483,453ef5d237042026398ade376eadaff95353f45b,1,1,115000000000000000000,115.0000000000000000
2024-12-01,89,1809796553,0df64609d4df7f5b6931fb2296eee15891fd122b,1,1,113000000000000000000,113.0000000000000000
2024-12-01,90,-141872269,d5bc3a01341af5eea4852ad90870c62148fd9b6c,1,1,109630000000000000000,109.6300000000000000
2024-12-01,91,-137676512,58c4ded768adb00be26860d5d58ffac949cb8fbe,1,1,109630000000000000000,109.6300000000000000
2024-12-01,92,30616,1522900b6dafac587d499a862861c0869be6e428,1,1,107800000000000000000,107.8000000000000000
2024-12-01,93,1800967755,e7515b1787e0560df0e5e6cfa39b23ed2bd65db1,2,2,107000000000000000000,107.0000000000000000
2024-12-01,94,-138978350,31a60cd6014980200aca7c258bae1d0e74e51ad4,1,1,106680000000000000000,106.6800000000000000
2024-12-01,95,-140674850,597418da12c8c7c972c875b52b725fcfdc285341,1,1,106680000000000000000,106.6800000000000000
2024-12-01,96,-142624761,a662f31a89c7ec2c372ef102602cfa8ec1bad849,1,1,100470000000000000000,100.4700000000000000
2024-12-01,97,-149447527,1fbcf0ab702d5bb1474fc64b2a6e1498a45d9f42,1,1,100470000000000000000,100.4700000000000000
2024-12-01,98,2112526535,85c7c0fc84b749ab13f41c35c64d28a842887a98,1,1,100000000000000000000,100.0000000000000000
2024-12-01,99,2055775761,3eb568f793df923e6d4d16d36c3bba290c3dbc07,1,1,100000000000000000000,100.0000000000000000
2024-12-01,100,1910356971,ee8df7b47add9d3f7444c365a01cd6e70c80f5a8,1,1,100000000000000000000,100.0000000000000000
2025-01-01,1,2147445254,1073d55dfb892ed86151015402db8b1cdb6ede78,32,32,50299332600000000000000000,50299332.600000000000
2025-01-01,2,30616,1522900b6dafac587d499a862861c0869be6e428,75,75,48907851905864960000000000,48907851.905864960000
2025-01-01,3,386939649,c333e80ef2dec2805f239e3f1e810612d294f771,29,29,46775189000000000000000000,46775189.000000000000
2025-01-01,4,1475740312,48ec5560bfd59b95859965cce48cc244cfdf6b0c,48,48,41694685141487800000000000,41694685.141487800000
2025-01-01,5,2147405513,7272b2a0d2e9ae6f381677887760e953bc9f2cec,12,12,31749999000000000000000000,31749999.000000000000
2025-01-01,6,2087645946,13dda4af1d87c404f611dfc1555ed7074fe9e418,17,17,30599000000000000000000000,30599000.000000000000
2025-01-01,7,-32302798,f7db20653fe8951e3c72f168310f4229d9945b3a,11,11,29300000000000000000000000,29300000.000000000000
2025-01-01,8,2112526535,85c7c0fc84b749ab13f41c35c64d28a842887a98,13,13,27599000000000000000000000,27599000.000000000000
2025-01-01,9,2139887976,fbca8b5f5794456b59ad4177e5b212d0db600bb6,13,13,22310315000000000000000000,22310315.000000000000
2025-01-01,10,-43630165,f3391b687474e7d7b60c223c7a26332702d3c3c4,19,19,18598355600000000000000000,18598355.600000000000
2025-01-01,11,2056120208,54c55e4f0299d945f0bb0050d0f0fee2b5ac3af6,26,26,16823425600000000000000000,16823425.600000000000
2025-01-01,12,2147428326,d9334dd55b25f928b702d143981a8173c7272761,18,18,15148345600000000000000000,15148345.600000000000
2025-01-01,13,390036908,66e092fd00c4e4eb5bd20f5392c1902d738ae7bc,7,7,6870594000000000000000000,6870594.000000000000
2025-01-01,14,-34802695,b385d20dab411d20870f47d9ca1920533db21b20,3,3,5850987000000000000000000,5850987.000000000000
2025-01-01,15,1108141440,a29e963992597b21bcdcaa969d571984869c4ff5,4,4,5039059000000000000000000,5039059.000000000000
2025-01-01,16,-175424509,ae317afa99c5d85afc79ca5c54556d146b8be7bb,35,35,4908628672706950337879152,4908628.672706950338
2025-01-01,17,-120653003,ff72e13a7eafd2170fe8fdf1fe73c7349c209ecb,5,5,3751000000000000000000000,3751000.000000000000
2025-01-01,18,24521576,8a46b5dd6e1aa09619245ff386cff5a624cddddb,4,4,3654270000000000000000000,3654270.000000000000
2025-01-01,19,1966164382,8e712469e6cb10f6a9008fdcf2ab46c3ccc08232,5,5,3000000000000000000000000,3000000.000000000000
2025-01-01,20,1489735160,58b704065b7aff3ed351052f8560019e05925023,24,24,2526616830000000000000000,2526616.830000000000
2025-01-01,21,1810057154,e1dbaf5e6a058a5de83a2427bd8c36b2ffd5905f,3,3,2000981000000000000000000,2000981.000000000000
2025-01-01,22,1533544671,38ccc68de35eb29f09ef832d45fbf6ed563b6a64,13,13,1985020000000000000000000,1985020.000000000000
2025-01-01,23,797850625,3d8fc1cffaa110f7a7f9f8bc237b73d54c4abf61,3,3,1800000000000000000000000,1800000.000000000000
2025-01-01,24,1648553634,e146c01102e02344d4b1e59fd74b5054979d13a5,9,9,1601000000000000000000000,1601000.000000000000
2025-01-01,25,1809613945,100ae042ef0ea159ecc3513e9a378ff21f3829ba,3,3,1517700982731200000000000,1517700.982731200000
2025-01-01,26,1734291305,880f622a1933acf82bfc5e630c9ab7f18ef47809,14,14,1318165060000000000000000,1318165.060000000000
2025-01-01,27,-151691092,05b7013adcc264ad73388563a1e98869aa4301ee,9,9,1225030000000000000000000,1225030.000000000000
2025-01-01,28,-168264839,05048f351e539e6c369bc5fe52d2ed5c008eb817,8,8,1041200000000000000000000,1041200.000000000000
2025-01-01,29,2062670252,19d7cb261bf78cc0d9546ac5d3b7e27cdcb53410,4,4,830000000000000000000000,830000.000000000000
2025-01-01,30,1539210490,0621f710b9a420dd474614b8c195c5ce368a8980,1,1,399849010000000000000000,399849.010000000000
2025-01-01,31,-168261146,02937b288b588058533c48b18edfddd76a324d6e,4,4,321200000000000000000000,321200.000000000000
2025-01-01,32,1592958619,00d7420cbc5209f66df9cd5456d2836a15851d1b,2,2,200090400000000000000000,200090.400000000000
2025-01-01,33,-175406083,d001ae433f254283fece51d4acce8c53263aa186,259,258,84361645811035611396923,84361.645811035611
2025-01-01,34,1738900183,1d19dbf5aea35e0ad1d26c224f0d3207a7a0e3e9,3,3,75000000000000000000000,75000.000000000000
2025-01-01,35,1065481746,1c727a55ea3c11b0ab7d3a361fe0f3c47ce6de5d,214,214,69027643872700000000000,69027.643872700000
2025-01-01,36,1963480398,da59f19f327ef4b87a993b2bb9891d947a141bed,2,2,60000000000000000000000,60000.000000000000
2025-01-01,37,898111268,11dbf181dd5c075c2abd92cb9579c4809406b5be,2,2,60000000000000000000000,60000.000000000000
2025-01-01,38,2055775761,3eb568f793df923e6d4d16d36c3bba290c3dbc07,11,11,44250000000000000000000,44250.000000000000
2025-01-01,39,893398926,def171fe48cf0115b1d80b88dc8eab59176fee57,22,15,38664149593957202571004,38664.149593957203
2025-01-01,40,2088341827,16c6521dff6bab339122a0fe25a9116693265353,14,14,38654379593957202571004,38654.379593957203
2025-01-01,41,2145174805,70bf6634ee8cb27d04478f184b9b8bb13e5f4710,353,191,28465420460818973660948,28465.420460818974
2025-01-01,42,-139773238,0a8a2da47c97029e72ba7bd3fa45b1cdec99e3fd,1,1,27903837811300000000000,27903.837811300000
2025-01-01,43,-169336876,ac6dcc3b3cc666c6729f003171538f68f28e9e90,1,1,27903837811300000000000,27903.837811300000
2025-01-01,44,-171640419,f26b8bb4e76528e7f061df4441965df80d72a71f,4,4,25308000000000000000000,25308.000000000000
2025-01-01,45,2147421192,a2eea193444b16fe2d18cfe977aceeea6dd9c367,4,4,25308000000000000000000,25308.000000000000
2025-01-01,46,1275286644,1506f62abd4d30cec125c81e09b9730978e68094,3,3,25205000000000000000000,25205.000000000000
2025-01-01,47,2120857848,1f2f10d1c40777ae1da742455c65828ff36df387,10,10,20621098353593818284032,20621.098353593818
2025-01-01,48,-165773044,2d7b8f8958e2c36786acf373be88d7cfc1ad51e6,1,1,19975190000000000000000,19975.190000000000
2025-01-01,49,-97024978,9e59e9c026a6e7f2719338f8465757ac587e8fed,5,5,18865000000000000000000,18865.000000000000
2025-01-01,50,616036061,74de5d4fcbf63e00296fd95d33236b9794016631,64,56,17871352235055609872743,17871.352235055610
2025-01-01,51,2068491642,0f4a1d7fdf4890be35e71f3e0bbc4a0ec377eca3,49,44,16589097897200691852068,16589.097897200692
2025-01-01,52,-180379121,9426a9b0dc9b6b41a94c9c1fce82e97fb0880638,1,1,10832349544210000000000,10832.349544210000
2025-01-01,53,-194916264,08bea97281542d74736e97ee466b8c6a235147ce,1,1,6868633186990000000000,6868.6331869900000000
2025-01-01,54,1299754027,83f7f762b1345ceb8e26ba231391ac543480b696,3,3,5444788972500000000000,5444.7889725000000000
2025-01-01,55,-187426376,256c9249606029d17e6212502e568a2cc9d97711,1,1,5097804041000000000000,5097.8040410000000000
2025-01-01,56,879636733,802e12e97053bf009f78e889adc9c061d7abb7c7,1,1,5097804041000000000000,5097.8040410000000000
2025-01-01,57,-185009483,a2ac8f991b6355018e0d59662723390409c5b1a6,2,2,4600000000000000000000,4600.0000000000000000
2025-01-01,58,1728729509,f081470f5c6fbccf48cc4e5b82dd926409dcdd67,15,13,4436808035502930103018,4436.8080355029301030
2025-01-01,59,2028093831,b93e3d70ac9cacd51764f09ae0d01b905dc291e1,42,42,3972020000000000000000,3972.0200000000000000
2025-01-01,60,2028114372,26c50e673fca05131c9b9f23d213b977d9a34c77,33,33,3729740000000000000000,3729.7400000000000000
2025-01-01,61,-148073324,5141b82f5ffda4c6fe1e372978f1c5427640a190,16,14,3608012888524248588819,3608.0128885242485888
2025-01-01,62,1364872031,1231deb6f5749ef6ce6943a275a1d3e7486f4eae,3,3,3346222481381561120753,3346.2224813815611208
2025-01-01,63,2146249862,be58324a0803d43d945df838d280e7b754b2d49d,1,1,3309739530288007926725,3309.7395302880079267
2025-01-01,64,-107449334,2e028ea219aca7d655cdfa967fe50caa2899f3ae,1,1,3309739530288007926725,3309.7395302880079267
2025-01-01,65,-120513885,571310dfc9e4234cf086b832b762d1e22d6e252c,1,1,3129641487919087085402,3129.6414879190870854
2025-01-01,66,1381791786,1111111254eeb25477b68fb85ed929f73a960582,11,11,3057219827378824891807,3057.2198273788248918
2025-01-01,67,-194524076,0d0e364aa7852291883c162b22d6d81f6355428f,22,11,2296406338945873138502,2296.4063389458731385
2025-01-01,68,-169485350,714ae43b5314bc8e970542ff78e233285554d565,4,4,2123667716900000000000,2123.6677169000000000
2025-01-01,69,1992620737,6aa9c4906bf76d026e297280ea9bd900bfa448d3,2,2,1989050485200000000000,1989.0504852000000000
2025-01-01,70,-137690841,273ea9c5cd27191fafc52d3becbf07ca41bd524a,2,2,1966430000000000000000,1966.4300000000000000
2025-01-01,71,-169603066,51fd5a7468f4ae806285795446778e917da2b47b,1,1,1550193646900000000000,1550.1936469000000000
2025-01-01,72,-138065788,18d20150b600ed6240c8cedf050bf594784993aa,1,1,1500000000000000000000,1500.0000000000000000
2025-01-01,73,-144667169,390397c3dacd010490c9628a14d6c2f4def630d1,1,1,1405652661100000000000,1405.6526611000000000
2025-01-01,74,-164389490,72a5043f0c9e05dcffa256b4602863f6076a0240,1,1,1222435394100000000000,1222.4353941000000000
2025-01-01,75,-106337674,f861406c43f8aa464f8d35894d306e4e8a6524b3,1,1,1222435394100000000000,1222.4353941000000000
2025-01-01,76,1098402678,1440ec793ae50fa046b95bfeca5af475b6003f9e,9,9,1141700000000000000000,1141.7000000000000000
2025-01-01,77,533700876,e5350e927b904fdb4d2af55c566e269bb3df1941,2,2,1100000000000000000000,1100.0000000000000000
2025-01-01,78,-166589000,cc339a647bf911790c391b9b8c4a607b0b8e94b5,1,1,1058310000000000000000,1058.3100000000000000
2025-01-01,79,-142513704,26787c054cd2c9a1e98c82a9f46c9eefbc0cfebf,1,1,1058310000000000000000,1058.3100000000000000
2025-01-01,80,-185106549,0fb69f022e522c20ccd979584cb79b6ac8afecc3,2,2,1017837992200000000000,1017.8379922000000000
2025-01-01,81,-103393091,45312ea0eff7e09c83cbe249fa1d7598c4c8cd4e,1,1,999905743076617244156,999.9057430766172442
2025-01-01,82,-189442875,c0554a2526c9a5722a5d14d4ab2e81d2949fe039,1,1,998507540200000000000,998.5075402000000000
2025-01-01,83,-176155664,a6ecae9ff6e0e4f929b3479956b5953b5d6e5f5f,2,2,950000000000000000000,950.0000000000000000
2025-01-01,84,1089618504,f5abe0df7e49fdcc52e6bdf811fb038f6267cd19,1,1,948135816348494891762,948.1358163484948918
2025-01-01,85,-138076182,39fb08886304da15703e6a6db9a938f1855b6c46,1,1,907110000000000000000,907.1100000000000000
2025-01-01,86,-104646226,dd78f7b736580875e9c440b99544b0bc651cc368,1,1,907108524004476900000,907.1085240044769000
2025-01-01,87,-183330657,5b5333833bdaf176059dabeade251b75f35232aa,1,1,889766119369240501364,889.7661193692405014
2025-01-01,88,2106404288,ca9eaa2baed244531922b08b54ddcea2fb5422b6,1,1,837718784371947061317,837.7187843719470613
2025-01-01,89,2106421388,590379a8dec0d84a9e41820594da6a9fb854f3ae,1,1,835000000000000000000,835.0000000000000000
2025-01-01,90,-183295229,918fc3ba0ba50c47aedca477dd63a098e45c1372,2,2,810992010760896883026,810.9920107608968830
2025-01-01,91,1098384554,0b5c4a7fcda49e0a8661419bb55b86161a86db2a,15,15,781590000000000000000,781.5900000000000000
2025-01-01,92,-173891708,04ff7d355d769330e20a90a38b448b69146b86f6,3,3,694560000000000000000,694.5600000000000000
2025-01-01,93,2012953913,13aaffade596f947010263f08d0ac513fd88f98b,3,3,689841390975942960000,689.8413909759429600
2025-01-01,94,-138178559,a57c90f42e9183b8c645eacbdc21aa0c70c9815c,1,1,600930000000000000000,600.9300000000000000
2025-01-01,95,-161471999,d79a78ece40fa67995000f35b46310ff609be32f,1,1,600930000000000000000,600.9300000000000000
2025-01-01,96,1107906351,18491056f5fb1a0f82809694f52fa30364ca1aab,2,2,597337070000000000000,597.3370700000000000
2025-01-01,97,-139362192,8ccd09a789898c111da609cd49a82e8809ba0c79,1,1,524440000000000000000,524.4400000000000000
2025-01-01,98,-137215320,084d18dd1eed88ec4098f25b8ca6f670408d50c9,1,1,502150000000000000000,502.1500000000000000
2025-01-01,99,-114441926,560a173ccad79b3d7c72b9a058f4ac04c98405d8,2,2,502100000000000000000,502.1000000000000000
2025-01-01,100,-166056964,b5eea320ce5bee18f46f9138a2aa353273112cb2,1,1,500510000000000000000,500.5100000000000000
2025-02-01,1,2147405513,7272b2a0d2e9ae6f381677887760e953bc9f2cec,13,13,48800103000000000000000000,48800103.000000000000
2025-02-01,2,386939649,c333e80ef2dec2805f239e3f1e810612d294f771,13,13,46793069000000000000000000,46793069.000000000000
2025-02-01,3,30616,1522900b6dafac587d499a862861c0869be6e428,94,94,46377283276250720000000000,46377283.276250720000
2025-02-01,4,2147445254,1073d55dfb892ed86151015402db8b1cdb6ede78,24,24,43378090000000000000000000,43378090.000000000000
2025-02-01,5,1475740312,48ec5560bfd59b95859965cce48cc244cfdf6b0c,23,23,38630201856157500000000000,38630201.856157500000
2025-02-01,6,-32302798,f7db20653fe8951e3c72f168310f4229d9945b3a,15,15,36727882000000000000000000,36727882.000000000000
2025-02-01,7,2087645946,13dda4af1d87c404f611dfc1555ed7074fe9e418,25,25,33696605000000000000000000,33696605.000000000000
2025-02-01,8,2056120208,54c55e4f0299d945f0bb0050d0f0fee2b5ac3af6,34,34,22831605000000000000000000,22831605.000000000000
2025-02-01,9,-43630165,f3391b687474e7d7b60c223c7a26332702d3c3c4,36,36,22396605000000000000000000,22396605.000000000000
2025-02-01,10,2112526535,85c7c0fc84b749ab13f41c35c64d28a842887a98,7,7,16200000000000000000000000,16200000.000000000000
2025-02-01,11,1966164382,8e712469e6cb10f6a9008fdcf2ab46c3ccc08232,17,17,13796605000000000000000000,13796605.000000000000
2025-02-01,12,-210376805,b6928299bb62226e6ad3c2dc22e490cdb2033b68,31,31,12569421000000000000000000,12569421.000000000000
2025-02-01,13,1648553634,e146c01102e02344d4b1e59fd74b5054979d13a5,10,10,12132020000000000000000000,12132020.000000000000
2025-02-01,14,2139887976,fbca8b5f5794456b59ad4177e5b212d0db600bb6,6,6,11925000000000000000000000,11925000.000000000000
2025-02-01,15,-120653003,ff72e13a7eafd2170fe8fdf1fe73c7349c209ecb,5,5,11500000000000000000000000,11500000.000000000000
2025-02-01,16,2147428326,d9334dd55b25f928b702d143981a8173c7272761,7,7,6650000000000000000000000,6650000.000000000000
2025-02-01,17,1738900183,1d19dbf5aea35e0ad1d26c224f0d3207a7a0e3e9,6,6,5132000000000000000000000,5132000.000000000000
2025-02-01,18,30343312,9500d90f77639cd72c5abe88396fd8911c65b698,3,3,5000000000000000000000000,5000000.000000000000
2025-02-01,19,1549704468,2986cad7ed0410a25faaf7e0ee13ae625af82c3b,2,2,4000000000000000000000000,4000000.000000000000
2025-02-01,20,1489735160,58b704065b7aff3ed351052f8560019e05925023,23,23,2924024980000000000000000,2924024.980000000000
2025-02-01,21,1734291305,880f622a1933acf82bfc5e630c9ab7f18ef47809,12,12,2548000060000000000000000,2548000.060000000000
2025-02-01,22,-151691092,05b7013adcc264ad73388563a1e98869aa4301ee,12,12,2235031300000000000000000,2235031.300000000000
2025-02-01,23,1809613945,100ae042ef0ea159ecc3513e9a378ff21f3829ba,3,3,2022261376385040000000000,2022261.376385040000
2025-02-01,24,1809658138,367c42a6f261ec54ffbecf5f41c226be12a3dca0,6,6,2000454827284370000000000,2000454.827284370000
2025-02-01,25,-227867816,f34b11284a707b9cbcf2a4ea3d7bcf73df234ff1,3,3,2000000000000000000000000,2000000.000000000000
2025-02-01,26,-168264839,05048f351e539e6c369bc5fe52d2ed5c008eb817,5,5,1910000000000000000000000,1910000.000000000000
2025-02-01,27,1533544671,38ccc68de35eb29f09ef832d45fbf6ed563b6a64,12,12,1574985000000000000000000,1574985.000000000000
2025-02-01,28,-175424509,ae317afa99c5d85afc79ca5c54556d146b8be7bb,8,8,1139830311484156136331140,1139830.311484156136
2025-02-01,29,2062670252,19d7cb261bf78cc0d9546ac5d3b7e27cdcb53410,3,3,1050000000000000000000000,1050000.000000000000
2025-02-01,30,1810057154,e1dbaf5e6a058a5de83a2427bd8c36b2ffd5905f,1,1,1010129000000000000000000,1010129.000000000000
2025-02-01,31,797850625,3d8fc1cffaa110f7a7f9f8bc237b73d54c4abf61,2,2,850000000000000000000000,850000.000000000000
2025-02-01,32,390036908,66e092fd00c4e4eb5bd20f5392c1902d738ae7bc,1,1,800000000000000000000000,800000.000000000000
2025-02-01,33,-175406083,d001ae433f254283fece51d4acce8c53263aa186,366,363,769901105034192988268174,769901.105034192988
2025-02-01,34,24521576,8a46b5dd6e1aa09619245ff386cff5a624cddddb,2,2,682940000000000000000000,682940.000000000000
2025-02-01,35,-218500549,55a23dc71c32afe679a8bc8fb626b631e7cd6b13,3,3,682824612863427580069991,682824.612863427580
2025-02-01,36,-168261146,02937b288b588058533c48b18edfddd76a324d6e,4,4,653000000000000000000000,653000.000000000000
2025-02-01,37,2352800,94333ac1888d077c6e4322e580463a724b0a20ef,4,4,600100000000000000000000,600100.000000000000
2025-02-01,38,616036061,74de5d4fcbf63e00296fd95d33236b9794016631,202,168,270286242575636421838397,270286.242575636422
2025-02-01,39,-217146480,cc6d2f26d363836f85a42d249e145ec0320d3e55,251,250,250534201193070725528342,250534.201193070726
2025-02-01,40,2068491642,0f4a1d7fdf4890be35e71f3e0bbc4a0ec377eca3,117,112,214661723091170692118118,214661.723091170692
2025-02-01,41,893398926,def171fe48cf0115b1d80b88dc8eab59176fee57,99,60,166016606741619690739791,166016.606741619691
2025-02-01,42,2088341827,16c6521dff6bab339122a0fe25a9116693265353,44,44,133947483858073577210457,133947.483858073577
2025-02-01,43,1592958619,00d7420cbc5209f66df9cd5456d2836a15851d1b,1,1,100000000000000000000000,100000.000000000000
2025-02-01,44,-148073324,5141b82f5ffda4c6fe1e372978f1c5427640a190,84,46,64983093033412773847156,64983.093033412774
2025-02-01,45,1065481746,1c727a55ea3c11b0ab7d3a361fe0f3c47ce6de5d,133,133,47868001971100000000000,47868.001971100000
2025-02-01,46,-194524076,0d0e364aa7852291883c162b22d6d81f6355428f,625,344,44204560737314531299111,44204.560737314531
2025-02-01,47,-201354815,fd96bccfb4480a36c0fee8186105bcab6893a309,3,3,41611615900349897570140,41611.615900349898
2025-02-01,48,842186896,6658df082ff7ccdb23dceac6d527c349839985a4,3,3,36875333024762607864470,36875.333024762608
2025-02-01,49,-194688113,2829bd7416ac6af49de67c717e89abb38681cba6,2,2,30373855246149583275028,30373.855246149583
2025-02-01,50,-198090194,65e4a823690ba21f1f41d8fc535df640ae12b0ec,1,1,27201190680900000000000,27201.190680900000
2025-02-01,51,-167658139,af92e072cb195e7549f18ed99e72800f9203c72d,4,4,22754948574878646277776,22754.948574878646
2025-02-01,52,1381791786,1111111254eeb25477b68fb85ed929f73a960582,79,79,21631521799678154513221,21631.521799678155
2025-02-01,53,-203106102,3c889cb65d8214c53a168f37d7877299fedccb8f,5,5,18710094363666219937909,18710.094363666220
2025-02-01,54,2045616194,f6295797d9256e9ac24d39b420932bb6dcaf3a88,1,1,18572249866725612664833,18572.249866725613
2025-02-01,55,2055775761,3eb568f793df923e6d4d16d36c3bba290c3dbc07,2,2,15017000000000000000000,15017.000000000000
2025-02-01,56,-26801902,66d17cda16b819169c47fa4e605b55ba0b99cd26,1,1,14867257832188092583140,14867.257832188093
2025-02-01,57,-231790351,ef7bb1fcd7d2c458e5c992412f3fbb4e60b482e0,1,1,12108810533140000000000,12108.810533140000
2025-02-01,58,62366592,d63f57a89bc4d4b8928bd6b07da28c0695effad9,1,1,11700991342896177187344,11700.991342896177
2025-02-01,59,730989309,198f8b50c34030c13d8dbed29a8d3872584a5ce5,1,1,11237760654200314295112,11237.760654200314
2025-02-01,60,-208043662,18e2edddc79d36f29dac51e688d9e610fc77bfab,1,1,11014654118537974454589,11014.654118537974
2025-02-01,61,-7073214,eb3691b1efd1cdccf62f49dcd2c92514ddd97b80,1,1,10692500000000000000000,10692.500000000000
2025-02-01,62,-103393091,45312ea0eff7e09c83cbe249fa1d7598c4c8cd4e,1,1,10651930000000000000000,10651.930000000000
2025-02-01,63,1387528095,3b9d18b7e1c1aa5a2c1b6b9111b3ab691060a7e2,1,1,10651930000000000000000,10651.930000000000
2025-02-01,64,-210530404,d9d0016cd887fabc3fd92de382813494c91eceae,1,1,10152625504750000000000,10152.625504750000
2025-02-01,65,-206332491,fe1180f7bdfaa513b07c1843c10d413832063145,9,9,9344704320220711393102,9344.7043202207113931
2025-02-01,66,-198026556,382cb5a560d1f8b2216a8a2f77a6efbed9b5fc8e,1,1,6882470000000000000000,6882.4700000000000000
2025-02-01,67,956601018,c125991af38c9ecc2eb85e5718d15db594641b30,2,2,6700643701544157679933,6700.6437015441576799
2025-02-01,68,2120857848,1f2f10d1c40777ae1da742455c65828ff36df387,3,3,6071346279983934406375,6071.3462799839344064
2025-02-01,69,-150087100,9fcececb119d728b152f719b8020668edd1b79b9,1,1,5745121579300000000000,5745.1215793000000000
2025-02-01,70,-166778176,e57aecac447dde2330f8c1c8ee3081ffd39e0348,4,4,5500198561169696191626,5500.1985611696961916
2025-02-01,71,546716445,22f9dcf4647084d6c31b2765f6910cd85c178c18,94,48,5320125625587614364553,5320.1256255876143646
2025-02-01,72,1589371703,a2fde9de6e6ebfe068d3ec0b515669817a9c3808,42,42,5269489149164542633737,5269.4891491645426337
2025-02-01,73,2126609712,8cbad2f398494bfb526ab64b28c02253ed25091b,1,1,5095675499100000000000,5095.6754991000000000
2025-02-01,74,1061475308,820ca5a963de46c9c8dca4d5aa25d059c8fd8b06,1,1,4980375612082868250224,4980.3756120828682502
2025-02-01,75,-144721145,5608e3b06cb181837aab26c686a06a8c5c7552ec,2,2,4973972827000000000000,4973.9728270000000000
2025-02-01,76,499233592,ce8030576d61abdfb726dc2eb15a4346e2a68539,1,1,4010000000000000000000,4010.0000000000000000
2025-02-01,77,-219975235,ca4b46659a0182a7a917d1c8179123850b274570,1,1,4000000000000000000000,4000.0000000000000000
2025-02-01,78,-186122954,66a9893cc07d91d95644aedd05d03f95e1dba8af,60,32,3901756632134597075325,3901.7566321345970753
2025-02-01,79,2055979961,5d690f75a535bb1120d6996c75cba026247a0e6f,1,1,3690808100000000000000,3690.8081000000000000
2025-02-01,80,2028093831,b93e3d70ac9cacd51764f09ae0d01b905dc291e1,19,19,3330690000000000000000,3330.6900000000000000
2025-02-01,81,265205663,cb4cd6403a898d29ed49ff5c7d625daa9326a8fc,1,1,3103807264580561838457,3103.8072645805618385
2025-02-01,82,932812032,db494870cbe6d96343e1438c5f0240e6e5b2a15e,1,1,2784520041100000000000,2784.5200411000000000
2025-02-01,83,-63785598,80c6d818fa56ddbd5676d95cf8662dafdb9b307d,2,2,2700000000000000000000,2700.0000000000000000
2025-02-01,84,1235760913,e24f994d5a92568bc40a4a315ce3296247873672,1,1,2611248636700000000000,2611.2486367000000000
2025-02-01,85,1905117669,9454192b9d919068e996822be8f586320c55e890,2,2,2565840728614293990431,2565.8407286142939904
2025-02-01,86,-226744168,e3fc7704b67bbb57416ff08b581d9b92a90365f7,1,1,2531430886700000000000,2531.4308867000000000
2025-02-01,87,2106421388,590379a8dec0d84a9e41820594da6a9fb854f3ae,2,2,2324679360172014626308,2324.6793601720146263
2025-02-01,88,-164540350,ae87e405d1de1557af917c2257ada11d36135872,32,32,2310673114333102027752,2310.6731143331020278
2025-02-01,89,1364993344,b9a7b77dbb62a13b4e0917623d2cbc2960b091a0,1,1,1999457290400000000000,1999.4572904000000000
2025-02-01,90,773156016,f4fd233c06ebec00169143edd29f58740dda967e,1,1,1948313481258775526286,1948.3134812587755263
2025-02-01,91,-172113789,d7e78d4f3b508387a22149d03c007830441bdc43,4,4,1904519367375659020000,1904.5193673756590200
2025-02-01,92,-215549847,ad602b9a75d33bff860eb5dd0b5be54a5a8511e6,5,5,1869519869838486613956,1869.5198698384866140
2025-02-01,93,-137775634,471345808a055fda41081881f089b4397bfc3ca7,1,1,1822870000000000000000,1822.8700000000000000
2025-02-01,94,-193368339,30cc3d492b21baf5a69c486a7b21034def613a67,4,4,1783135152039175905466,1783.1351520391759055
2025-02-01,95,-177361480,b3cabcf0c786649682dd920ef2bea4199813539e,2,2,1782897178177740550362,1782.8971781777405504
2025-02-01,96,-206125030,c83dc7360842a7c625ed863ae606878c13437025,2,2,1782897178177740550362,1782.8971781777405504
2025-02-01,97,1934801352,51f1b374365c86d2bb1189c59cc4073a72ba7fa5,2,2,1700000000000000000000,1700.0000000000000000
2025-02-01,98,-132750713,743bf41a69fce80f7a0d29decf1dc39844b1ffde,2,2,1600000000000000000000,1600.0000000000000000
2025-02-01,99,-162497534,d79e98d6b76c66c28ba6752e89cb603aeae796c9,1,1,1468041066976559678791,1468.0410669765596788
2025-02-01,100,-178790552,46c0497e62832751852ef2a9c2e597425bee7158,2,2,1461051678300000000000,1461.0516783000000000
2025-03-01,1,2139887976,fbca8b5f5794456b59ad4177e5b212d0db600bb6,10,10,107800091000000000000000000,107800091.00000000
2025-03-01,2,-210376805,b6928299bb62226e6ad3c2dc22e490cdb2033b68,69,69,82799070876250000000000000,82799070.876250000000
2025-03-01,3,1648553634,e146c01102e02344d4b1e59fd74b5054979d13a5,17,17,59091000000000000000000000,59091000.000000000000
2025-03-01,4,-120653003,ff72e13a7eafd2170fe8fdf1fe73c7349c209ecb,4,4,40800000000000000000000000,40800000.000000000000
2025-03-01,5,-123073893,4a2d57d669f2194fa7b5df619cba9f33ccea26bd,4,4,36779642000000000000000000,36779642.000000000000
2025-03-01,6,-120227961,2b56b639636b246abfe67634ebdb29f09aa791fb,4,4,36779642000000000000000000,36779642.000000000000
2025-03-01,7,30616,1522900b6dafac587d499a862861c0869be6e428,66,66,36732747932546560000000000,36732747.932546560000
2025-03-01,8,386939649,c333e80ef2dec2805f239e3f1e810612d294f771,39,39,36426347297200000000000000,36426347.297200000000
2025-03-01,9,-175424509,ae317afa99c5d85afc79ca5c54556d146b8be7bb,26,26,31994738943299075766350175,31994738.943299075766
2025-03-01,10,1549704468,2986cad7ed0410a25faaf7e0ee13ae625af82c3b,2,2,25000000000000000000000000,25000000.000000000000
2025-03-01,11,30343312,9500d90f77639cd72c5abe88396fd8911c65b698,1,1,25000000000000000000000000,25000000.000000000000
2025-03-01,12,-43630165,f3391b687474e7d7b60c223c7a26332702d3c3c4,35,35,20800195000000000000000000,20800195.000000000000
2025-03-01,13,1734291305,880f622a1933acf82bfc5e630c9ab7f18ef47809,27,26,19573000020000000000000000,19573000.020000000000
2025-03-01,14,-151691092,05b7013adcc264ad73388563a1e98869aa4301ee,43,43,18950200000000000000000000,18950200.000000000000
2025-03-01,15,2147445254,1073d55dfb892ed86151015402db8b1cdb6ede78,14,14,14551647000000000000000000,14551647.000000000000
2025-03-01,16,-34802695,b385d20dab411d20870f47d9ca1920533db21b20,7,7,14501285000000000000000000,14501285.000000000000
2025-03-01,17,2147405513,7272b2a0d2e9ae6f381677887760e953bc9f2cec,17,17,14300233000000000000000000,14300233.000000000000
2025-03-01,18,2055820491,0340d82237a62c7e567d30f1312e1bcae5fbf79e,11,11,12406100000000000000000000,12406100.000000000000
2025-03-01,19,-175406083,d001ae433f254283fece51d4acce8c53263aa186,63,54,11147518810056120807327220,11147518.810056120807
2025-03-01,20,2056120208,54c55e4f0299d945f0bb0050d0f0fee2b5ac3af6,15,15,7859193021035765418310647,7859193.021035765418
2025-03-01,21,-168264839,05048f351e539e6c369bc5fe52d2ed5c008eb817,14,14,7665000000000000000000000,7665000.000000000000
2025-03-01,22,2087645946,13dda4af1d87c404f611dfc1555ed7074fe9e418,13,13,6100031000000000000000000,6100031.000000000000
2025-03-01,23,1966164382,8e712469e6cb10f6a9008fdcf2ab46c3ccc08232,8,8,5400002540000000000000000,5400002.540000000000
2025-03-01,24,1489735160,58b704065b7aff3ed351052f8560019e05925023,28,28,5335860290000000000000000,5335860.290000000000
2025-03-01,25,606845344,ee9fb7a615cb76b46d26be6ebc9114a627a81c5b,1,1,5200000000000000000000000,5200000.000000000000
2025-03-01,26,1533544671,38ccc68de35eb29f09ef832d45fbf6ed563b6a64,9,9,4600000000000000000000000,4600000.000000000000
2025-03-01,27,24521576,8a46b5dd6e1aa09619245ff386cff5a624cddddb,16,16,3716254297200000000000000,3716254.297200000000
2025-03-01,28,881197687,9008d19f58aabd9ed0d60971565aa8510560ab41,15,13,3380178833272059240432206,3380178.833272059240
2025-03-01,29,-217146480,cc6d2f26d363836f85a42d249e145ec0320d3e55,478,478,2548033122939008270943000,2548033.122939008271
2025-03-01,30,-239010606,d114d1deba97dcbe91492ac16413e7bd2b301699,8,8,2011193015103327470786785,2011193.015103327471
2025-03-01,31,1996624806,a375c9f0812d17ea05d07aa3a55cafea862cc92f,4,4,2008715558553240000000000,2008715.558553240000
2025-03-01,32,-227935026,e36b0bae3e9985d70096ed1b37d4dcf91edf4dce,3,3,2000000000000000000000000,2000000.000000000000
2025-03-01,33,1738900183,1d19dbf5aea35e0ad1d26c224f0d3207a7a0e3e9,9,9,1650000000000000000000000,1650000.000000000000
2025-03-01,34,-218500549,55a23dc71c32afe679a8bc8fb626b631e7cd6b13,9,9,1319748021034655170746690,1319748.021034655171
2025-03-01,35,1803730778,ff43c5727fbfc31cb96e605dfd7546eb8862064c,1,1,1206597654434990907142610,1206597.654434990907
2025-03-01,36,-237768097,e106167d35b7d5745b790828787d7452eaaf906a,3,3,1132674944159208840354705,1132674.944159208840
2025-03-01,37,1809658138,367c42a6f261ec54ffbecf5f41c226be12a3dca0,3,3,1106131000000000000000000,1106131.000000000000
2025-03-01,38,898526602,a01aa2196724a39290f465b3925e5dcafe7f2256,1,1,1082000000000000000000000,1082000.000000000000
2025-03-01,39,-244919676,b38be228341a9b16e4f56da28862fe33917d88a3,2,2,1008710558553240000000000,1008710.558553240000
2025-03-01,40,1108141440,a29e963992597b21bcdcaa969d571984869c4ff5,1,1,1000000000000000000000000,1000000.000000000000
2025-03-01,41,1920382040,56c526b0159a258887e0d79ec3a80dfb940d0cd7,13,13,895479225636766276670413,895479.225636766277
2025-03-01,42,2055775761,3eb568f793df923e6d4d16d36c3bba290c3dbc07,17,17,604083000000000000000000,604083.000000000000
2025-03-01,43,-244256318,69ae073586994371a772efd96d65804c25f990a2,4,4,570988000000000000000000,570988.000000000000
2025-03-01,44,-103393091,45312ea0eff7e09c83cbe249fa1d7598c4c8cd4e,2,2,546502929254004860562789,546502.929254004861
2025-03-01,45,-244299962,b386bbbfc0eb400629f9a6061b844abbe66f2402,1,1,546000000000000000000000,546000.000000000000
2025-03-01,46,-194004641,29f9a97de93ba4c8257c315f81ae3c4a72d06d15,1,1,546000000000000000000000,546000.000000000000
2025-03-01,47,-141044890,7cc57922f55c571ba99a4a88e8597dae23181abd,2,2,501329426599452829712396,501329.426599452830
2025-03-01,48,-248192662,58a28096ee8f236f16a1d1e975a356b5b8b70dac,3,3,400000000000000000000000,400000.000000000000
2025-03-01,49,390036908,66e092fd00c4e4eb5bd20f5392c1902d738ae7bc,1,1,340000000000000000000000,340000.000000000000
2025-03-01,50,1809613945,100ae042ef0ea159ecc3513e9a378ff21f3829ba,4,4,327880462781940000000000,327880.462781940000
2025-03-01,51,1610509651,2312171890250347dbf1b082bdf7950504909e92,2,2,224974383660221106668409,224974.383660221107
2025-03-01,52,-235793575,b70e0fad7d0cf4c187365a84e728802ab24ca78b,12,12,209536000000000000000000,209536.000000000000
2025-03-01,53,1592958619,00d7420cbc5209f66df9cd5456d2836a15851d1b,1,1,200000000000000000000000,200000.000000000000
2025-03-01,54,1848398024,4a3690dadf5537d1464217d5d20058215a19b29f,1,1,156440922469317411963343,156440.922469317412
2025-03-01,55,1946898127,b12a9d1bae6a2220936734792390f5ee5cc8a3e6,3,3,151830744780277393350195,151830.744780277393
2025-03-01,56,2352800,94333ac1888d077c6e4322e580463a724b0a20ef,1,1,150000000000000000000000,150000.000000000000
2025-03-01,57,-193517069,fc3212bd9ad9a28da6b2bd50a2918969c126894f,207,207,126826737633491158411868,126826.737633491158
2025-03-01,58,-168261146,02937b288b588058533c48b18edfddd76a324d6e,1,1,101000000000000000000000,101000.000000000000
2025-03-01,59,-186122954,66a9893cc07d91d95644aedd05d03f95e1dba8af,75,42,92419168063955434850569,92419.168063955435
2025-03-01,60,-241578569,dc02801685e336431da10d9b4746d660ceb94ccc,87,87,88866368116684716734668,88866.368116684717
2025-03-01,61,-148073324,5141b82f5ffda4c6fe1e372978f1c5427640a190,147,83,55490711421170739046987,55490.711421170739
2025-03-01,62,-120508753,9ab2ce56b84e3bd5081fd49c041a98eb186f8165,1,1,50000000000000000000000,50000.000000000000
2025-03-01,63,1372354524,a8ab4947a020cef7589992df621f9508e3f86ace,1,1,50000000000000000000000,50000.000000000000
2025-03-01,64,866510438,4bb7f4c3d47c4b431cb0658f44287d52006fb506,1,1,49168711819452617557488,49168.711819452618
2025-03-01,65,1381791786,1111111254eeb25477b68fb85ed929f73a960582,166,166,47243271240953482832025,47243.271240953483
2025-03-01,66,743243994,e0019d15f39ec9e8007acd7ca0776dd90eb3d333,4,4,47096006229176701655676,47096.006229176702
2025-03-01,67,1587123400,a7ca2c8673bcfa5a26d8ceec2887f2cc2b0db22a,42,29,37707740727636684934449,37707.740727636685
2025-03-01,68,616036061,74de5d4fcbf63e00296fd95d33236b9794016631,118,109,31090180928204705637238,31090.180928204706
2025-03-01,69,1652528416,a1b7bbade134db3b14b56056480e81c60ab77377,3,3,30500000000000000000000,30500.000000000000
2025-03-01,70,-251226799,22915a378911b29bb850d5032bd8759fd8d06311,67,67,27358634279976391393537,27358.634279976391
2025-03-01,71,473435536,50f510e44944d9180404f188e5f84330e8619dfb,4,4,26975370000000000000000,26975.370000000000
2025-03-01,72,1065481746,1c727a55ea3c11b0ab7d3a361fe0f3c47ce6de5d,127,127,25980315473800000000000,25980.315473800000
2025-03-01,73,-194524076,0d0e364aa7852291883c162b22d6d81f6355428f,198,95,25232533249123142106016,25232.533249123142
2025-03-01,74,-224068675,023f707e39128c3fa96e7a5d7394ddc2a9431265,3,3,25124493284500000000000,25124.493284500000
2025-03-01,75,1289449955,0fef95c82d3637397aa69fa7c8d685a9d8e14846,2,2,25000000000000000000000,25000.000000000000
2025-03-01,76,-247120758,8e1d4321577e41e11a689ad36e8dec11eb4f6190,26,26,23842462369378306841995,23842.462369378307
2025-03-01,77,-200052425,a0d19f4cc9b50b95623955e7145a6dd6d5f16a40,3,3,23563308052879938101604,23563.308052879938
2025-03-01,78,-240254459,067453f5ffa0d7e6a4f5d7166dd2ceb3160ce453,1,1,23563308052879938101604,23563.308052879938
2025-03-01,79,769082600,807ae6892d5b21d95e3d256d99e9cbc1abddf039,19,19,23380377070334062546760,23380.377070334063
2025-03-01,80,-20119479,2aa2ce237268f03af7cc1e35dbb795963051cbef,3,3,20000000000000000000000,20000.000000000000
2025-03-01,81,893398926,def171fe48cf0115b1d80b88dc8eab59176fee57,37,26,19998716570416017057401,19998.716570416017
2025-03-01,82,1899934735,111111125421ca6dc452d289314280a0f8842a65,3,3,16719404588066965129589,16719.404588066965
2025-03-01,83,2001718448,4ee9775db5c1e73ea170678c109ef079b2ad4811,1,1,16518308290872476438466,16518.308290872476
2025-03-01,84,-245230737,e3cd7cfec291ba773c053d85f9be4608af225a24,1,1,13570002225570000000000,13570.002225570000
2025-03-01,85,-234808609,d288b4a23ecc79eb4bb4661147f3ab3294919f54,20,14,11650920000000000000000,11650.920000000000
2025-03-01,86,-259763635,4db4fbfb7d9de346fa317095f21f61d634438ce5,1,1,10341460742900000000000,10341.460742900000
2025-03-01,87,-263584085,c36dd67208e9de7b1ec52ff9d4c9fb8ca0b83e39,1,1,10001476128200000000000,10001.4761282000000000
2025-03-01,88,-263558610,678e978f13074883a7cc413b509e4d2280213af7,1,1,10001476128200000000000,10001.4761282000000000
2025-03-01,89,785786222,46e886f3fcb527679abaca2e49272fe92a62348e,2,2,9834312381632058614214,9834.3123816320586142
2025-03-01,90,546716445,22f9dcf4647084d6c31b2765f6910cd85c178c18,124,61,8197095324019783508585,8197.0953240197835086
2025-03-01,91,1589371703,a2fde9de6e6ebfe068d3ec0b515669817a9c3808,55,55,7598230182677552604560,7598.2301826775526046
2025-03-01,92,-241389510,34d62114ce562d1cf5628c464724635f42b5f289,13,13,7443163508640748808995,7443.1635086407488090
2025-03-01,93,-240744395,874f5208092db8b30a68f37384586407fcad9a44,16,16,6380522035244681996586,6380.5220352446819966
2025-03-01,94,897902005,05073f408b3e3267bc64e5ddaeaa873643ded2f8,1,1,5477000000000000000000,5477.0000000000000000
2025-03-01,95,-274389338,9cc36a9977946898f9a9d321ecd9d0aa9ab7030e,1,1,3401172529100000000000,3401.1725291000000000
2025-03-01,96,2068491642,0f4a1d7fdf4890be35e71f3e0bbc4a0ec377eca3,4,4,2965653477847433903316,2965.6534778474339033
2025-03-01,97,1905117669,9454192b9d919068e996822be8f586320c55e890,2,2,2860206729034275733482,2860.2067290342757335
2025-03-01,98,796969101,4435b75c018751f7431122b8a04a66132d262288,1,1,2796894943446366676360,2796.8949434463666764
2025-03-01,99,1056003767,0b118b98983eb7b2746bb8d9f7c09ed1c9c95351,1,1,2473542917959865581389,2473.5429179598655814
2025-03-01,100,-172195026,28399cd15292dc7e2ed47a8b122b1da9231c3b40,2,2,2247903339613199775271,2247.9033396131997753
2025-04-01,1,2147445254,1073d55dfb892ed86151015402db8b1cdb6ede78,13,13,102825457000000000000000000,102825457.00000000
2025-04-01,2,386939649,c333e80ef2dec2805f239e3f1e810612d294f771,52,52,102406347385141208687222445,102406347.38514121
2025-04-01,3,-175406083,d001ae433f254283fece51d4acce8c53263aa186,175,158,101232954007755969026152339,101232954.00775597
2025-04-01,4,-175424509,ae317afa99c5d85afc79ca5c54556d146b8be7bb,19,19,81662450340587878521394264,81662450.340587878521
2025-04-01,5,-151691092,05b7013adcc264ad73388563a1e98869aa4301ee,140,133,67565520000000000000000000,67565520.000000000000
2025-04-01,6,1734291305,880f622a1933acf82bfc5e630c9ab7f18ef47809,57,55,66281000030000000000000000,66281000.030000000000
2025-04-01,7,1648553634,e146c01102e02344d4b1e59fd74b5054979d13a5,10,10,59000100000000000000000000,59000100.000000000000
2025-04-01,8,2055820491,0340d82237a62c7e567d30f1312e1bcae5fbf79e,15,15,57286000000000000000000000,57286000.000000000000
2025-04-01,9,2139887976,fbca8b5f5794456b59ad4177e5b212d0db600bb6,6,6,50500010000000000000000000,50500010.000000000000
2025-04-01,10,1966164382,8e712469e6cb10f6a9008fdcf2ab46c3ccc08232,30,26,44950144990000000000000000,44950144.990000000000
2025-04-01,11,-302891536,fa82580c16a31d0c1bc632a36f82e83efef3eec0,58,58,43000583997577013851291134,43000583.997577013851
2025-04-01,12,-43630165,f3391b687474e7d7b60c223c7a26332702d3c3c4,76,76,38950005000000000000000000,38950005.000000000000
2025-04-01,13,-304151178,db4023e8561945de35d5ef9e293a004f37a09cbd,8,8,34853430872075436925908179,34853430.872075436926
2025-04-01,14,866510438,4bb7f4c3d47c4b431cb0658f44287d52006fb506,12,12,34853430872075436925908179,34853430.872075436926
2025-04-01,15,-236317071,7a9e7a2453cc940b112d668656404a8ffea8cb98,5,5,29887988590913302240268276,29887988.590913302240
2025-04-01,16,2147405513,7272b2a0d2e9ae6f381677887760e953bc9f2cec,14,14,26050097000000000000000000,26050097.000000000000
2025-04-01,17,1347656969,e3a46f6853a2f314b5ea98ca5d17cd2a1a90ecef,53,53,24625510000000000000000000,24625510.000000000000
2025-04-01,18,2120857848,1f2f10d1c40777ae1da742455c65828ff36df387,19,16,16017229998773057537591784,16017229.998773057538
2025-04-01,19,-210376805,b6928299bb62226e6ad3c2dc22e490cdb2033b68,168,168,15811207484700000000000000,15811207.484700000000
2025-04-01,20,1091284663,66e2a637cc99dd0bfe1922a77cf747de727836b0,13,13,13407343961770770585328920,13407343.961770770585
2025-04-01,21,30616,1522900b6dafac587d499a862861c0869be6e428,94,94,12100780900236810000000000,12100780.900236810000
2025-04-01,22,2068491642,0f4a1d7fdf4890be35e71f3e0bbc4a0ec377eca3,42,40,10044219642551650127749581,10044219.642551650128
2025-04-01,23,-178742084,798991c85b448447cb69b609ae0141d003294bf9,18,18,10014620446453807717923249,10014620.446453807718
2025-04-01,24,898111268,11dbf181dd5c075c2abd92cb9579c4809406b5be,8,8,10000320880000000000000000,10000320.880000000000
2025-04-01,25,472748549,f36a47300f002c0c9f8c131962f077c3543b2fc6,2,2,10000000000000000000000000,10000000.000000000000
2025-04-01,26,-304186985,f4f417a6b31e3623f1e8f9e3dd5740e59e0d9150,5,5,9999806772916431591058441,9999806.772916431591
2025-04-01,27,-304688224,cf0a315f4822efae0c97d1b58ee0f4fe5da8686b,5,5,9999706772912194297544295,9999706.772912194298
2025-04-01,28,-18186131,b561b1e79e448bc3a7ac4dc377eeecbc99505f60,2,2,9731304790270625763444895,9731304.790270625763
2025-04-01,29,-249868632,01e04dc6097c1cbd11f64de0dea60fb2dfe02e5f,7,7,9200005000000000000000000,9200005.000000000000
2025-04-01,30,881197687,9008d19f58aabd9ed0d60971565aa8510560ab41,52,51,8476140133871358361747313,8476140.133871358362
2025-04-01,31,397126280,3f69e5541c565db12de014a63cb88042406e3567,7,7,8000298000000000000000000,8000298.000000000000
2025-04-01,32,-257014126,ee6d4d671fa8eb737b79403a2f75f02bb40b372e,2,2,7999979800000000000000000,7999979.800000000000
2025-04-01,33,-217146480,cc6d2f26d363836f85a42d249e145ec0320d3e55,577,576,7588030868251219757377319,7588030.868251219757
2025-04-01,34,-248192662,58a28096ee8f236f16a1d1e975a356b5b8b70dac,16,16,7550000000000000000000000,7550000.000000000000
2025-04-01,35,-168264839,05048f351e539e6c369bc5fe52d2ed5c008eb817,15,15,7277000000000000000000000,7277000.000000000000
2025-04-01,36,24521576,8a46b5dd6e1aa09619245ff386cff5a624cddddb,12,12,5984936604010000000000000,5984936.604010000000
2025-04-01,37,1809613945,100ae042ef0ea159ecc3513e9a378ff21f3829ba,10,10,5321940381093530000000000,5321940.381093530000
2025-04-01,38,1402033670,44d5dac217261f2a18bc4df57431456c4864f0ae,3,3,5002873509469967392650878,5002873.509469967393
2025-04-01,39,-302916939,d8ddfcb1cb49266e5348f80e228b6ce437d545a2,3,3,5002873509469967392650878,5002873.509469967393
2025-04-01,40,-215249457,81633c1357ddb25d8625efb2cad26a60988475bf,4,4,4998377750212302133074401,4998377.750212302133
2025-04-01,41,468933158,9bdb521a97e95177bf252c253e256a60c3e14447,1,1,4865696374450505483235867,4865696.374450505483
2025-04-01,42,518428903,9b0c45d46d386cedd98873168c36efd0dcba8d46,133,133,4619555000000000000000000,4619555.000000000000
2025-04-01,43,-136219356,507b3f6d4f85c451f7914006c647391a1afb96d6,2,2,4500001000000000000000000,4500001.000000000000
2025-04-01,44,-304704817,451b04d3190eea1ea2061291a1ae366befda0b7c,2,2,4500001000000000000000000,4500001.000000000000
2025-04-01,45,2087645946,13dda4af1d87c404f611dfc1555ed7074fe9e418,8,8,4500000000000000000000000,4500000.000000000000
2025-04-01,46,1402036816,773fb4dda26749969ae658e0dadd48dd83bce7b2,5,5,4002872509469967392650878,4002872.509469967393
2025-04-01,47,1810057154,e1dbaf5e6a058a5de83a2427bd8c36b2ffd5905f,1,1,4000000000000000000000000,4000000.000000000000
2025-04-01,48,1920382040,56c526b0159a258887e0d79ec3a80dfb940d0cd7,39,39,3626861934890273846224980,3626861.934890273846
2025-04-01,49,1766050915,b2f72662ed42067ccce278f8462a0215b6adcabb,1,1,3503151163174629269817273,3503151.163174629270
2025-04-01,50,79732575,654755f7a35f824814b8884b9cd2d4c9e8137a2a,60,60,3289765000000000000000000,3289765.000000000000
2025-04-01,51,-307846214,7f604d597c15b2e2f60dc645844f68b1d781b752,14,14,2934906000000000000000000,2934906.000000000000
2025-04-01,52,-307829585,96c27670318d79a30cc3af3b412e97f97b9ef55b,5,5,2801248990520438452968196,2801248.990520438453
2025-04-01,53,-148073324,5141b82f5ffda4c6fe1e372978f1c5427640a190,193,107,2779571536202105751496690,2779571.536202105751
2025-04-01,54,-81784663,7d725a674bfce1d8f52e3fbaa8607422bd35b416,4,4,2400468980520438452968196,2400468.980520438453
2025-04-01,55,-274327357,e85076964a26c0c0c2af089b0ede1d574f31fd49,146,146,2245747279518000000000000,2245747.279518000000
2025-04-01,56,-103393091,45312ea0eff7e09c83cbe249fa1d7598c4c8cd4e,36,36,2126226828411924827485670,2126226.828411924827
2025-04-01,57,2054943978,6a000f20005980200259b80c5102003040001068,15,12,2109134443130121249986898,2109134.443130121250
2025-04-01,58,1899934735,111111125421ca6dc452d289314280a0f8842a65,8,8,2086879904759179783138869,2086879.904759179783
2025-04-01,59,-287294867,a6385c53f149554ad3b320fe7271a29a7ed7560d,5,5,2012032616900000000000000,2012032.616900000000
2025-04-01,60,-187176545,b6bcf7c699be3bad2729cb90c6e19f1589efd84c,5,5,2006006745220000000000000,2006006.745220000000
2025-04-01,61,1108141440,a29e963992597b21bcdcaa969d571984869c4ff5,3,3,2000004000000000000000000,2000004.000000000000
2025-04-01,62,372972276,48b5373313d36678753ec1b7446ee057af37ef66,4,4,2000000000000000000000000,2000000.000000000000
2025-04-01,63,-168261146,02937b288b588058533c48b18edfddd76a324d6e,4,4,1913000000000000000000000,1913000.000000000000
2025-04-01,64,-167658139,af92e072cb195e7549f18ed99e72800f9203c72d,6,4,1872695119449048782130044,1872695.119449048782
2025-04-01,65,753081174,989b3c9f5bc4189dfaee8efac99f9638d39fc45d,12,12,1590454868166829738980216,1590454.868166829739
2025-04-01,66,-52473322,00c600b30fb0400701010f4b080409018b9006e0,1,1,1558853506012781012686479,1558853.506012781013
2025-04-01,67,1809658138,367c42a6f261ec54ffbecf5f41c226be12a3dca0,9,9,1551480880000000000000000,1551480.880000000000
2025-04-01,68,-276411805,889b96bbf5c533400f5482a3523266caa7435472,2,2,1505047000000000000000000,1505047.000000000000
2025-04-01,69,2056120208,54c55e4f0299d945f0bb0050d0f0fee2b5ac3af6,8,8,1470027000000000000000000,1470027.000000000000
2025-04-01,70,-105860520,9edf2706e7300378feb334635f019df939866c6f,3,3,1329169012601922291619666,1329169.012601922292
2025-04-01,71,929291464,b23360ccdd9ed1b15d45e5d3824bb409c8d7c460,37,37,1295000000000000000000000,1295000.000000000000
2025-04-01,72,-250590095,dd9b142a1a6a2764848cd665c0ee1fce53985adc,5,5,1000299990000000000000000,1000299.990000000000
2025-04-01,73,727305020,012b9cdda3dac7e2c0c3f5af9c88efcbf4df0b81,2,2,1000000000000000000000000,1000000.000000000000
2025-04-01,74,2112526535,85c7c0fc84b749ab13f41c35c64d28a842887a98,1,1,1000000000000000000000000,1000000.000000000000
2025-04-01,75,611235262,e7cc930380cd2fd0ee8bbd6cb609a9b1a713149d,1,1,999830223484838320035103,999830.223484838320
2025-04-01,76,-218500549,55a23dc71c32afe679a8bc8fb626b631e7cd6b13,3,3,972092389377125603901248,972092.389377125604
2025-04-01,77,-235793575,b70e0fad7d0cf4c187365a84e728802ab24ca78b,14,14,942407000000000000000000,942407.000000000000
2025-04-01,78,1489735160,58b704065b7aff3ed351052f8560019e05925023,8,8,754747000000000000000000,754747.000000000000
2025-04-01,79,-58359050,07db6d3c0bccf748e18108f6143be7e39403af2d,3,3,753876316190614652974499,753876.316190614653
2025-04-01,80,2146160451,7f5d2dc55140d460b7fca6ccc1c63790d2690955,3,3,700505000000000000000000,700505.000000000000
2025-04-01,81,1896265450,c06f25517e906b7f9b4dec3c7889503bb00b3370,2,2,609331354861000000000000,609331.354861000000
2025-04-01,82,-194524076,0d0e364aa7852291883c162b22d6d81f6355428f,197,100,587189873429809685459678,587189.873429809685
2025-04-01,83,-206317164,a4bf0486a3a874015aca7e8c5f3cba642a4719bd,1,1,572474656877464359346002,572474.656877464359
2025-04-01,84,1946898127,b12a9d1bae6a2220936734792390f5ee5cc8a3e6,4,4,530409438222272267461543,530409.438222272267
2025-04-01,85,2052165844,0ac9fce7636af8fa933068a3a5ecb71f8177c4f3,1,1,500000000000000000000000,500000.000000000000
2025-04-01,86,2126720686,00236feeac26ef92552e3981096350d136084c64,1,1,499816148158676016378590,499816.148158676016
2025-04-01,87,-169857924,9ea3f8db46ef491fe8d4163f6339352fdf1f1b52,1,1,499788454873584804576558,499788.454873584805
2025-04-01,88,1592958619,00d7420cbc5209f66df9cd5456d2836a15851d1b,1,1,499630500000000000000000,499630.500000000000
2025-04-01,89,1381791786,1111111254eeb25477b68fb85ed929f73a960582,121,121,460004896485398401613215,460004.896485398402
2025-04-01,90,1376202093,7ac6f1383281919f776f2ed54964f393c3043c8a,10,10,437165386432342385439353,437165.386432342385
2025-04-01,91,1323255925,083e952464b4a8e988abe39868a652f9c2ad050e,2,2,404527772765067601181924,404527.772765067601
2025-04-01,92,-193587653,def1fa4cefe67365ba046a7c630d6b885298e210,1,1,400001000000000000000000,400001.000000000000
2025-04-01,93,1986186108,08c6f91e2b681faf5e17227f2a44c307b3c1364c,1,1,400000000000000000000000,400000.000000000000
2025-04-01,94,2352800,94333ac1888d077c6e4322e580463a724b0a20ef,2,2,315000000000000000000000,315000.000000000000
2025-04-01,95,1533544671,38ccc68de35eb29f09ef832d45fbf6ed563b6a64,5,5,310020000000000000000000,310020.000000000000
2025-04-01,96,1758593462,26ed116fcbfbeb9ab12ad8abe1c4e088192bae30,1,1,300000000000000000000000,300000.000000000000
2025-04-01,97,-193517069,fc3212bd9ad9a28da6b2bd50a2918969c126894f,665,665,286220270959818613475508,286220.270959818613
2025-04-01,98,-242877257,c93d036c58c83811a82fb98feed8cac7a942a110,3,3,259773178314395474304902,259773.178314395474
2025-04-01,99,744547694,68cee3e57bae218780274fb22248f35528b94b6c,1,1,200848037660110797290534,200848.037660110797
2025-04-01,100,-51570345,c1e3d85984c5ffb839e1af9d30604196651f4ffb,2,1,199949641080873318580232,199949.641080873319
2025-05-01,1,-175406083,d001ae433f254283fece51d4acce8c53263aa186,374,358,105887869436675907249870404,105887869.43667591
2025-05-01,2,1648553634,e146c01102e02344d4b1e59fd74b5054979d13a5,12,12,73450012000000000000000000,73450012.000000000000
2025-05-01,3,386939649,c333e80ef2dec2805f239e3f1e810612d294f771,25,25,71570232675597878521394264,71570232.675597878521
2025-05-01,4,-151691092,05b7013adcc264ad73388563a1e98869aa4301ee,167,161,64855273082110000000000000,64855273.082110000000
2025-05-01,5,1734291305,880f622a1933acf82bfc5e630c9ab7f18ef47809,70,69,63622500080000000000000000,63622500.080000000000
2025-05-01,6,1966164382,8e712469e6cb10f6a9008fdcf2ab46c3ccc08232,43,43,62297850420000000000000000,62297850.420000000000
2025-05-01,7,-175424509,ae317afa99c5d85afc79ca5c54556d146b8be7bb,14,14,59391837163776551027669707,59391837.163776551028
2025-05-01,8,2055820491,0340d82237a62c7e567d30f1312e1bcae5fbf79e,16,16,56817500000000000000000000,56817500.000000000000
2025-05-01,9,-302891536,fa82580c16a31d0c1bc632a36f82e83efef3eec0,171,170,48680621726110162810662380,48680621.726110162811
2025-05-01,10,881197687,9008d19f58aabd9ed0d60971565aa8510560ab41,162,157,42367767506264413670855425,42367767.506264413671
2025-05-01,11,-43630165,f3391b687474e7d7b60c223c7a26332702d3c3c4,65,62,41597905420000000000000000,41597905.420000000000
2025-05-01,12,2147445254,1073d55dfb892ed86151015402db8b1cdb6ede78,8,8,38350110000000000000000000,38350110.000000000000
2025-05-01,13,1534525546,4b2cf5c94a88934870b523983b22e6d2dd1b6577,6,6,36166069397242101290688143,36166069.397242101291
2025-05-01,14,1347656969,e3a46f6853a2f314b5ea98ca5d17cd2a1a90ecef,74,74,33650000000000000000000000,33650000.000000000000
2025-05-01,15,-250590095,dd9b142a1a6a2764848cd665c0ee1fce53985adc,35,35,31550000000000000000000000,31550000.000000000000
2025-05-01,16,-323129525,6e4141d33021b52c91c28608403db4a0ffb50ec6,89,87,26484380263587351161551435,26484380.263587351162
2025-05-01,17,-18186131,b561b1e79e448bc3a7ac4dc377eeecbc99505f60,5,5,23698056165383475095749319,23698056.165383475096
2025-05-01,18,2147405513,7272b2a0d2e9ae6f381677887760e953bc9f2cec,11,11,22400000000000000000000000,22400000.000000000000
2025-05-01,19,-217146480,cc6d2f26d363836f85a42d249e145ec0320d3e55,635,631,20324433013586540660508087,20324433.013586540661
2025-05-01,20,898111268,11dbf181dd5c075c2abd92cb9579c4809406b5be,16,16,20100227000000000000000000,20100227.000000000000
2025-05-01,21,-218500549,55a23dc71c32afe679a8bc8fb626b631e7cd6b13,18,18,18086355350727565629982192,18086355.350727565630
2025-05-01,22,1108141440,a29e963992597b21bcdcaa969d571984869c4ff5,16,16,16500023500000000000000000,16500023.500000000000
2025-05-01,23,-352212798,e1ce9af672f8854845e5474400b6ddc7ae458a10,29,26,16133233225499844406271868,16133233.225499844406
2025-05-01,24,1809658138,367c42a6f261ec54ffbecf5f41c226be12a3dca0,9,9,14913092084185560000000000,14913092.084185560000
2025-05-01,25,1809613945,100ae042ef0ea159ecc3513e9a378ff21f3829ba,12,12,14855942870874240000000000,14855942.870874240000
2025-05-01,26,866510438,4bb7f4c3d47c4b431cb0658f44287d52006fb506,8,8,12267680225944155466094396,12267680.225944155466
2025-05-01,27,-215249457,81633c1357ddb25d8625efb2cad26a60988475bf,16,16,12224883600000000000000000,12224883.600000000000
2025-05-01,28,611235262,e7cc930380cd2fd0ee8bbd6cb609a9b1a713149d,12,12,12058285140261068225451416,12058285.140261068225
2025-05-01,29,1920382040,56c526b0159a258887e0d79ec3a80dfb940d0cd7,32,32,11329948391560811385395861,11329948.391560811385
2025-05-01,30,1963480398,da59f19f327ef4b87a993b2bb9891d947a141bed,2,2,10000000000000000000000000,10000000.000000000000
2025-05-01,31,1545675927,42663a578c97d7bc5500e55fb9707eeeab1237a4,1,1,8599600000000000000000000,8599600.000000000000
2025-05-01,32,-128997832,c1d023141ad6935f81e5286e577768b75c9ff8eb,4,4,8570664353252942218637076,8570664.353252942219
2025-05-01,33,-330090864,094b34897338608bc67977ad576c2cdb1f15bf38,7,6,8532668937407887570464154,8532668.937407887570
2025-05-01,34,-264589988,b283cc91fc69f94d516dfabbad3588e2d838128a,8,8,8200000000000000000000000,8200000.000000000000
2025-05-01,35,-56583054,860a80bd349dc4e46dc7345600eb627552ff898e,7,7,8000225000000000000000000,8000225.000000000000
2025-05-01,36,2120857848,1f2f10d1c40777ae1da742455c65828ff36df387,67,67,7978172263883253535896839,7978172.263883253536
2025-05-01,37,-248192662,58a28096ee8f236f16a1d1e975a356b5b8b70dac,34,32,7876660670000000000000000,7876660.670000000000
2025-05-01,38,2054943978,6a000f20005980200259b80c5102003040001068,35,28,7744660254093107708119050,7744660.254093107708
2025-05-01,39,1668023299,adc0a53095a0af87f3aa29fe0715b5c28016364e,15,15,7361500977485558784721264,7361500.977485558785
2025-05-01,40,-241578569,dc02801685e336431da10d9b4746d660ceb94ccc,163,163,7356200118189615168772588,7356200.118189615169
2025-05-01,41,844530683,a75ede99f376dd47f3993bc77037f61b5737c6ea,6,6,7269624060560680370345077,7269624.060560680370
2025-05-01,42,-168264839,05048f351e539e6c369bc5fe52d2ed5c008eb817,22,22,6291000000000000000000000,6291000.000000000000
2025-05-01,43,-52473322,00c600b30fb0400701010f4b080409018b9006e0,3,3,5735086250294297776328301,5735086.250294297776
2025-05-01,44,-195459043,a0f408a000017007015e0f00320e470d00090a5b,30,20,5532203405155812856381521,5532203.405155812856
2025-05-01,45,-23494170,d7852e139a7097e119623de0751ae53a61efb442,50,28,5466218287322938537060883,5466218.287322938537
2025-05-01,46,2088341827,16c6521dff6bab339122a0fe25a9116693265353,16,16,5447006512714144281283943,5447006.512714144281
2025-05-01,47,-307846214,7f604d597c15b2e2f60dc645844f68b1d781b752,77,77,5369867605770000000000000,5369867.605770000000
2025-05-01,48,-309969137,2141af658ffda533da864dd11b2ffdb8529c8b94,2,2,5197578183064698830895457,5197578.183064698831
2025-05-01,49,30616,1522900b6dafac587d499a862861c0869be6e428,54,54,5136946526053260000000000,5136946.526053260000
2025-05-01,50,1663246624,cf5540fffcdc3d510b18bfca6d2b9987b0772559,18,18,5121779245994030598986622,5121779.245994030599
2025-05-01,51,-163088482,7cd0b7ed790f626ef1bd42db63b5ebeb5970c912,2,2,5000549500130068637090084,5000549.500130068637
2025-05-01,52,2138908920,575f2ac4309af5101e426403ce351bd9ca15ea1f,4,4,5000539500130068637090084,5000539.500130068637
2025-05-01,53,468933158,9bdb521a97e95177bf252c253e256a60c3e14447,1,1,4998056165383475095749319,4998056.165383475096
2025-05-01,54,-304151178,db4023e8561945de35d5ef9e293a004f37a09cbd,1,1,4998056165383475095749319,4998056.165383475096
2025-05-01,55,-310206070,2d929c09e71f2547bc732bf89013fbd26bdd30d4,71,71,4996901616864043176095185,4996901.616864043176
2025-05-01,56,-103393091,45312ea0eff7e09c83cbe249fa1d7598c4c8cd4e,44,43,4551531000651215993541856,4551531.000651215994
2025-05-01,57,1787467554,ba15e9b644685cb845af18a738abd40c6bcd78ed,4,4,4401345125515588541055572,4401345.125515588541
2025-05-01,58,-316474051,22bb0ca07087cf1bc51d145cda8296073c780370,4,4,4000113000000000000000000,4000113.000000000000
2025-05-01,59,-316478679,a34dcef3c5e6e853a3bb55fc254777862576eeb4,5,5,4000112000000000000000000,4000112.000000000000
2025-05-01,60,743243994,e0019d15f39ec9e8007acd7ca0776dd90eb3d333,15,15,3746898334616562614673881,3746898.334616562615
2025-05-01,61,-315951911,fa932bba93116870e4b82b6890cb754077759c49,10,10,3500000000000000000000000,3500000.000000000000
2025-05-01,62,-314791930,4823cc85a5fa54369e776a565151fc87ae8ca7ec,1,1,2500000000000000000000000,2500000.000000000000
2025-05-01,63,1211499663,2396a1e8a46bd28cb2eb12f5e8704e18f30f0b7c,5,5,2386503907808291325829479,2386503.907808291326
2025-05-01,64,-244256318,69ae073586994371a772efd96d65804c25f990a2,4,3,2109487000000000000000000,2109487.000000000000
2025-05-01,65,2056120208,54c55e4f0299d945f0bb0050d0f0fee2b5ac3af6,8,8,2099902960100000000000000,2099902.960100000000
2025-05-01,66,-273704838,768f78fd77a4a574286b8b9901606fa3d84e6c77,2,2,2063049358549468056531874,2063049.358549468057
2025-05-01,67,-240573825,eedb1f91cdff8e8a1981fda8072b3e2fe6b828b0,26,26,2024524954378352865868329,2024524.954378352866
2025-05-01,68,-307829585,96c27670318d79a30cc3af3b412e97f97b9ef55b,3,3,2000085000000000000000000,2000085.000000000000
2025-05-01,69,736007061,b81a0e6c38c3fec8a171cfe9631f60127a0c5bfd,2,2,2000065747417557903150679,2000065.747417557903
2025-05-01,70,1793727966,75b345aaaf2ea21f89a554900e63b4905277bb1a,2,2,2000000000000000000000000,2000000.000000000000
2025-05-01,71,1810057154,e1dbaf5e6a058a5de83a2427bd8c36b2ffd5905f,1,1,2000000000000000000000000,2000000.000000000000
2025-05-01,72,1958457606,b4caaff781251594911cc76aec61cef46ba00894,1,1,2000000000000000000000000,2000000.000000000000
2025-05-01,73,-249868632,01e04dc6097c1cbd11f64de0dea60fb2dfe02e5f,1,1,2000000000000000000000000,2000000.000000000000
2025-05-01,74,-227935026,e36b0bae3e9985d70096ed1b37d4dcf91edf4dce,2,2,2000000000000000000000000,2000000.000000000000
2025-05-01,75,13380817,ca9cbd376488dd77187e99864ba7ce1ff670cb69,1,1,1999577166541289519846777,1999577.166541289520
2025-05-01,76,-236317071,7a9e7a2453cc940b112d668656404a8ffea8cb98,2,2,1999477561216413232355117,1999477.561216413232
2025-05-01,77,-120292250,2bba09866b6f1025258542478c39720a09b728bf,15,8,1883174737610074629835890,1883174.737610074630
2025-05-01,78,2146160451,7f5d2dc55140d460b7fca6ccc1c63790d2690955,8,8,1859995000000000000000000,1859995.000000000000
2025-05-01,79,753081174,989b3c9f5bc4189dfaee8efac99f9638d39fc45d,10,10,1792808762009623257558903,1792808.762009623258
2025-05-01,80,-274327357,e85076964a26c0c0c2af089b0ede1d574f31fd49,125,125,1768644418994000000000000,1768644.418994000000
2025-05-01,81,-167658139,af92e072cb195e7549f18ed99e72800f9203c72d,2,2,1657679449484960515059090,1657679.449484960515
2025-05-01,82,2112526535,85c7c0fc84b749ab13f41c35c64d28a842887a98,1,1,1500000000000000000000000,1500000.000000000000
2025-05-01,83,-308439145,5418226af9c8d5d287a78fbbbcd337b86ec07d61,77,42,1470517511068907991147414,1470517.511068907991
2025-05-01,84,1877493213,3af4a49c8e2fcaf33fd3389543b80d320fcc9091,2,2,1398187717672326978624041,1398187.717672326979
2025-05-01,85,-235793575,b70e0fad7d0cf4c187365a84e728802ab24ca78b,23,23,1393059000000000000000000,1393059.000000000000
2025-05-01,86,1712349248,da02ab62967c5a04935d1f3c0b6b48f96297fbcc,3,3,1332810062110000000000000,1332810.062110000000
2025-05-01,87,2026001734,031f72deb03c509af42624ddcd1f63fce5ecb220,6,6,1270472959104137271892083,1270472.959104137272
2025-05-01,88,-313854467,ca4f620a600b67430665538e33fd39546616916a,2,2,1151916527058741757465324,1151916.527058741757
2025-05-01,89,-329765259,2face030001ef666668ba8a423470f2470cce954,5,5,1048782795576900774900560,1048782.795576900775
2025-05-01,90,-155456800,bcfbed32720881cb4d033d6691774671a3b406b6,28,28,1041250136633532091957228,1041250.136633532092
2025-05-01,91,2071246439,595362a906a0b4e90aee1430b1f80fdde2be80de,2,2,1029666000000000000000000,1029666.000000000000
2025-05-01,92,-74906579,a580fe412dfbc2754bf0b9006075bd4b64a6752b,3,3,1002684964082123557870258,1002684.964082123558
2025-05-01,93,-200812518,9a4f3d26a45129e0d3fce84547ba19f3861eb26c,2,2,1000100000000000000000000,1000100.000000000000
2025-05-01,94,1943413843,60201f7c0774cba96e1db1a915ae1748da3faf12,2,2,1000000000000000000000000,1000000.000000000000
2025-05-01,95,-326341723,6a1792a91c08e9f0bfe7a990871b786643237f0f,5,5,999964294981614805004809,999964.294981614805
2025-05-01,96,-326272148,b962fd1abd9a365140493bd499acf1ec0acff040,4,4,999963294981614805004809,999963.294981614805
2025-05-01,97,-323614720,ca8dec488cac2df3069f02ea0ba9ab40786ee085,2,2,999848294981614805004809,999848.294981614805
2025-05-01,98,1489735160,58b704065b7aff3ed351052f8560019e05925023,15,15,976461040000000000000000,976461.040000000000
2025-05-01,99,533054952,67790d0eaea043330be5415c0b512d8e0a2ab5c2,10,10,950104434392325149473264,950104.434392325149
2025-05-01,100,-263799472,80a8cb4d41b3809767f8cad2c0958ef726b085bc,32,31,922968610547966400319779,922968.610547966400
2025-06-01,1,-352212798,e1ce9af672f8854845e5474400b6ddc7ae458a10,568,535,217647092318933114391685823,217647092.31893311
2025-06-01,2,-175406083,d001ae433f254283fece51d4acce8c53263aa186,467,446,201267082695347399908490137,201267082.69534740
2025-06-01,3,2139887976,fbca8b5f5794456b59ad4177e5b212d0db600bb6,14,14,147200255000000000000000000,147200255.00000000
2025-06-01,4,-323129525,6e4141d33021b52c91c28608403db4a0ffb50ec6,510,465,132743232916732264501525502,132743232.91673226
2025-06-01,5,386939649,c333e80ef2dec2805f239e3f1e810612d294f771,33,33,90230848285700000000000000,90230848.285700000000
2025-06-01,6,2147445254,1073d55dfb892ed86151015402db8b1cdb6ede78,15,15,82700010000000000000000000,82700010.000000000000
2025-06-01,7,881197687,9008d19f58aabd9ed0d60971565aa8510560ab41,346,335,82271191010305906790810328,82271191.010305906791
2025-06-01,8,-175424509,ae317afa99c5d85afc79ca5c54556d146b8be7bb,15,15,77925220129041472014359796,77925220.129041472014
2025-06-01,9,-120292250,2bba09866b6f1025258542478c39720a09b728bf,436,271,76537459093000090444423909,76537459.093000090444
2025-06-01,10,-43630165,f3391b687474e7d7b60c223c7a26332702d3c3c4,614,606,64096066874203042714345960,64096066.874203042714
2025-06-01,11,1648553634,e146c01102e02344d4b1e59fd74b5054979d13a5,30,30,62377500000000000000000000,62377500.000000000000
2025-06-01,12,-218500549,55a23dc71c32afe679a8bc8fb626b631e7cd6b13,56,56,59543781779981531546429648,59543781.779981531546
2025-06-01,13,736007061,b81a0e6c38c3fec8a171cfe9631f60127a0c5bfd,36,24,59169926244367453926892665,59169926.244367453927
2025-06-01,14,1966164382,8e712469e6cb10f6a9008fdcf2ab46c3ccc08232,167,167,57860676850000000000000000,57860676.850000000000
2025-06-01,15,1734291305,880f622a1933acf82bfc5e630c9ab7f18ef47809,144,135,56100100070000000000000000,56100100.070000000000
2025-06-01,16,-151691092,05b7013adcc264ad73388563a1e98869aa4301ee,342,333,55476536004410000000000000,55476536.004410000000
2025-06-01,17,-302891536,fa82580c16a31d0c1bc632a36f82e83efef3eec0,180,180,50232684339342552117914797,50232684.339342552118
2025-06-01,18,2055820491,0340d82237a62c7e567d30f1312e1bcae5fbf79e,16,16,49116000000000000000000000,49116000.000000000000
2025-06-01,19,-217146480,cc6d2f26d363836f85a42d249e145ec0320d3e55,946,903,40305286850326362265955541,40305286.850326362266
2025-06-01,20,-250590095,dd9b142a1a6a2764848cd665c0ee1fce53985adc,92,92,37950000000000000000000000,37950000.000000000000
2025-06-01,21,1347656969,e3a46f6853a2f314b5ea98ca5d17cd2a1a90ecef,190,190,37950000000000000000000000,37950000.000000000000
2025-06-01,22,-330090864,094b34897338608bc67977ad576c2cdb1f15bf38,18,17,30033757018287879958739069,30033757.018287879959
2025-06-01,23,2120857848,1f2f10d1c40777ae1da742455c65828ff36df387,7,6,21652958018096984352156215,21652958.018096984352
2025-06-01,24,2147405513,7272b2a0d2e9ae6f381677887760e953bc9f2cec,6,6,21050001000000000000000000,21050001.000000000000
2025-06-01,25,-249868632,01e04dc6097c1cbd11f64de0dea60fb2dfe02e5f,4,4,20262376000000000000000000,20262376.000000000000
2025-06-01,26,-304151178,db4023e8561945de35d5ef9e293a004f37a09cbd,3,3,20006038442551960648722098,20006038.442551960649
2025-06-01,27,866510438,4bb7f4c3d47c4b431cb0658f44287d52006fb506,8,8,20006038442551960648722098,20006038.442551960649
2025-06-01,28,737469432,4831c121879d3de0e2b181d9d55e9b0724f5d926,21,21,19999996000000000000000000,19999996.000000000000
2025-06-01,29,849833446,1778767436111ec0adb10f9ba4f51a329d0e7770,3,3,19999996000000000000000000,19999996.000000000000
2025-06-01,30,-148073324,5141b82f5ffda4c6fe1e372978f1c5427640a190,244,161,19367982103606505140097210,19367982.103606505140
2025-06-01,31,-341174562,2c0552e5dcb79b064fd23e358a86810bc5994244,6,4,19000550826688547778271835,19000550.826688547778
2025-06-01,32,-215249457,81633c1357ddb25d8625efb2cad26a60988475bf,16,16,18491930600000000000000000,18491930.600000000000
2025-06-01,33,1534525546,4b2cf5c94a88934870b523983b22e6d2dd1b6577,1,1,15000000000000000000000000,15000000.000000000000
2025-06-01,34,-18186131,b561b1e79e448bc3a7ac4dc377eeecbc99505f60,7,7,15000000000000000000000000,15000000.000000000000
2025-06-01,35,-128997832,c1d023141ad6935f81e5286e577768b75c9ff8eb,28,28,14498865895798030611565884,14498865.895798030612
2025-06-01,36,2054943978,6a000f20005980200259b80c5102003040001068,99,90,13647381622180065998496549,13647381.622180065998
2025-06-01,37,611235262,e7cc930380cd2fd0ee8bbd6cb609a9b1a713149d,15,15,13601692074387434375484063,13601692.074387434375
2025-06-01,38,1899934735,111111125421ca6dc452d289314280a0f8842a65,75,75,13387450227576512971765164,13387450.227576512972
2025-06-01,39,-238084659,5f32351f668c04ae371dee96478eb567e64d0b7e,7,7,11240465516020973890904955,11240465.516020973891
2025-06-01,40,2087645946,13dda4af1d87c404f611dfc1555ed7074fe9e418,36,36,11216758090000000000000000,11216758.090000000000
2025-06-01,41,-307846214,7f604d597c15b2e2f60dc645844f68b1d781b752,75,75,9732623807200000000000000,9732623.807200000000
2025-06-01,42,882474117,b497070466dc15fa6420b4781bb0352257146495,38,23,9547106464107339286421718,9547106.464107339286
2025-06-01,43,-316031521,058bbff7be9d3cb50cdb9e6f6929f023f2763b98,19,19,9467774907762299999079424,9467774.907762299999
2025-06-01,44,-391195473,c2d36f41841b420937643dcccbea8163d4f59b6c,48,48,8939304578466213533401677,8939304.578466213533
2025-06-01,45,-331601069,3611b82c7b13e72b26eb0e9be0613bee7a45ac7c,45,21,8144603890818840419273901,8144603.890818840419
2025-06-01,46,1881711418,5411fbba3ce8ec41225f3412720551b1f5ef26e6,28,28,7322795406471177372580671,7322795.406471177373
2025-06-01,47,-168264839,05048f351e539e6c369bc5fe52d2ed5c008eb817,17,17,7097100000000000000000000,7097100.000000000000
2025-06-01,48,-74906579,a580fe412dfbc2754bf0b9006075bd4b64a6752b,4,4,7040272371405842439977206,7040272.371405842440
2025-06-01,49,30616,1522900b6dafac587d499a862861c0869be6e428,47,47,6858066865268550000000000,6858066.865268550000
2025-06-01,50,-92524341,d480bb579f61edf044d0e86e33cb72310c816d6a,6,6,6577863690290608159108653,6577863.690290608159
2025-06-01,51,-244256318,69ae073586994371a772efd96d65804c25f990a2,6,5,6247500000000000000000000,6247500.000000000000
2025-06-01,52,-227935026,e36b0bae3e9985d70096ed1b37d4dcf91edf4dce,4,4,6000000000000000000000000,6000000.000000000000
2025-06-01,53,1990508218,f8a675ea246339ea86280770e0fd6e83f53bb2b5,10,10,5757133489707681763693240,5757133.489707681764
2025-06-01,54,-52473322,00c600b30fb0400701010f4b080409018b9006e0,10,9,5660077697195786914929249,5660077.697195786915
2025-06-01,55,-287294867,a6385c53f149554ad3b320fe7271a29a7ed7560d,55,55,5510822782276566315340401,5510822.782276566315
2025-06-01,56,1364872031,1231deb6f5749ef6ce6943a275a1d3e7486f4eae,104,96,5276956798691789668924301,5276956.798691789669
2025-06-01,57,1108141440,a29e963992597b21bcdcaa969d571984869c4ff5,3,3,5100000000000000000000000,5100000.000000000000
2025-06-01,58,2137894645,f276d10b388e00b8a04b1362f66c6e2aad8a1960,14,14,5086469913263851396970071,5086469.913263851397
2025-06-01,59,-163088482,7cd0b7ed790f626ef1bd42db63b5ebeb5970c912,4,4,5002911999081737725429306,5002911.999081737725
2025-06-01,60,2138908920,575f2ac4309af5101e426403ce351bd9ca15ea1f,3,3,5002901999081737725429306,5002901.999081737725
2025-06-01,61,1986186108,08c6f91e2b681faf5e17227f2a44c307b3c1364c,2,2,5000000000000000000000000,5000000.000000000000
2025-06-01,62,1927858068,e4d355cd3983a356515f1390766ffc48c8c1c30f,1,1,4974621653397433725851552,4974621.653397433726
2025-06-01,63,-302916939,d8ddfcb1cb49266e5348f80e228b6ce437d545a2,1,1,4974621653397433725851552,4974621.653397433726
2025-06-01,64,1381791786,1111111254eeb25477b68fb85ed929f73a960582,84,84,4940914663236867391678636,4940914.663236867392
2025-06-01,65,1715872443,4f0a01badaa24f762cee620883f16c4460c06be0,14,14,4907326205093229028909531,4907326.205093229029
2025-06-01,66,1663246624,cf5540fffcdc3d510b18bfca6d2b9987b0772559,39,39,4746058154477935944297442,4746058.154477935944
2025-06-01,67,-103393091,45312ea0eff7e09c83cbe249fa1d7598c4c8cd4e,63,63,4462573820274293182159079,4462573.820274293182
2025-06-01,68,-187176545,b6bcf7c699be3bad2729cb90c6e19f1589efd84c,34,34,4081222782271418485241124,4081222.782271418485
2025-06-01,69,-248192662,58a28096ee8f236f16a1d1e975a356b5b8b70dac,85,85,4064809010000000000000000,4064809.010000000000
2025-06-01,70,1968353990,f579c0aafc828dad272bd1ff07a0fcbd08828907,4,4,4000000620725772409715592,4000000.620725772410
2025-06-01,71,1809613945,100ae042ef0ea159ecc3513e9a378ff21f3829ba,14,14,3920960403526430000000000,3920960.403526430000
2025-06-01,72,-331605081,a6e941eab67569ca4522f70d343714ff51d571c4,29,6,3802346398193319388311884,3802346.398193319388
2025-06-01,73,1809658138,367c42a6f261ec54ffbecf5f41c226be12a3dca0,23,23,3695475850000000000000000,3695475.850000000000
2025-06-01,74,-365352362,a35c8d610c620e1c6ab516e7e9ef04fee1df7969,12,12,3675478503854825390638157,3675478.503854825391
2025-06-01,75,1861713724,1ab4973a48dc892cd9971ece8e01dcc7688f8f23,49,49,3565560237565610000000000,3565560.237565610000
2025-06-01,76,-307924637,d4e9b0d466789d7f6201442eeccba6a75a552db0,12,12,3561878495213936258942455,3561878.495213936259
2025-06-01,77,24521576,8a46b5dd6e1aa09619245ff386cff5a624cddddb,16,16,3508790744240000000000000,3508790.744240000000
2025-06-01,78,-315951911,fa932bba93116870e4b82b6890cb754077759c49,32,32,3429124700000000000000000,3429124.700000000000
2025-06-01,79,2056120208,54c55e4f0299d945f0bb0050d0f0fee2b5ac3af6,9,9,3349220160000352714345960,3349220.160000352714
2025-06-01,80,-398717390,45551cbfbff4086b25cf2a47b9c4dee7689ad1b3,6,6,3185503360000000000000000,3185503.360000000000
2025-06-01,81,1595266657,f5213a6a2f0890321712520b8048d9886c1a9900,130,130,3149047902800000000000000,3149047.902800000000
2025-06-01,82,1309294049,2de373887b9742162c9a5885ddb5debea8e4486d,17,17,3108555716186491696168783,3108555.716186491696
2025-06-01,83,-352901898,a4a1ae640df6625d28aa87740a32bff7e15437e1,4,4,3001245139368198940606497,3001245.139368198941
2025-06-01,84,1560785123,0a009741192aa0bffe53b376e000ce7435f00012,10,10,2981378150147226743953788,2981378.150147226744
2025-06-01,85,797850625,3d8fc1cffaa110f7a7f9f8bc237b73d54c4abf61,1,1,2900000000000000000000000,2900000.000000000000
2025-06-01,86,13380817,ca9cbd376488dd77187e99864ba7ce1ff670cb69,2,2,2710193859186504629712575,2710193.859186504630
2025-06-01,87,-235793575,b70e0fad7d0cf4c187365a84e728802ab24ca78b,26,26,2400237000000000000000000,2400237.000000000000
2025-06-01,88,-396109323,7badec9ea74e29628ef1fb198f0bca429a609dd7,10,10,2377250800000000000000000,2377250.800000000000
2025-06-01,89,2146160451,7f5d2dc55140d460b7fca6ccc1c63790d2690955,8,8,2332995000000000000000000,2332995.000000000000
2025-06-01,90,-273704838,768f78fd77a4a574286b8b9901606fa3d84e6c77,4,4,2304581089689163374132288,2304581.089689163374
2025-06-01,91,-392260500,e9a42b30cfb88902d17fe5d57a4a0b7943843a69,1,1,2304579864684416161952586,2304579.864684416162
2025-06-01,92,-392316891,301166d066a39059394d5f730c2ff1d1fb95753a,4,4,2304579864684416161952586,2304579.864684416162
2025-06-01,93,-392294463,16ee19f6764f9852644f9a7f032a4fda7eaa127c,1,1,2304579864684416161952586,2304579.864684416162
2025-06-01,94,-274327357,e85076964a26c0c0c2af089b0ede1d574f31fd49,117,117,2264807120562000000000000,2264807.120562000000
2025-06-01,95,998280311,79b94c17d8178689df8d10754d7e4a1bb3d49bc1,15,15,2200395939700596737754767,2200395.939700596738
2025-06-01,96,1954796703,b9ed71dfa4bcea07907d5040a247b4694bcb9437,6,6,2199992768100000000000000,2199992.768100000000
2025-06-01,97,494081559,dd84ce1adcb3a4908db61a1dfa3353c3974c5a2b,9,9,2149154474736533763397376,2149154.474736533763
2025-06-01,98,1668023299,adc0a53095a0af87f3aa29fe0715b5c28016364e,24,24,2028662819237554422725792,2028662.819237554423
2025-06-01,99,1958457606,b4caaff781251594911cc76aec61cef46ba00894,1,1,2003321646258758804382871,2003321.646258758804
2025-06-01,100,-121339891,6cce05b9b1f7e2b5990556b9faebd742adc16d11,1,1,2000443987857799314710607,2000443.987857799315
2025-07-01,1,-352212798,e1ce9af672f8854845e5474400b6ddc7ae458a10,539,474,283798982284548171561562568,283798982.28454817
2025-07-01,2,-302891536,fa82580c16a31d0c1bc632a36f82e83efef3eec0,418,416,169530971602145199542368622,169530971.60214520
2025-07-01,3,-175406083,d001ae433f254283fece51d4acce8c53263aa186,228,215,152891781461821611213728812,152891781.46182161
2025-07-01,4,2139887976,fbca8b5f5794456b59ad4177e5b212d0db600bb6,9,9,147500000000000000000000000,147500000.00000000
2025-07-01,5,-323129525,6e4141d33021b52c91c28608403db4a0ffb50ec6,630,522,113254135876927335919803874,113254135.87692734
2025-07-01,6,386939649,c333e80ef2dec2805f239e3f1e810612d294f771,41,41,98813000689760000000000000,98813000.689760000000
2025-07-01,7,-175424509,ae317afa99c5d85afc79ca5c54556d146b8be7bb,18,18,84157160258444522306582880,84157160.258444522307
2025-07-01,8,1734291305,880f622a1933acf82bfc5e630c9ab7f18ef47809,182,178,81982200050000000000000000,81982200.050000000000
2025-07-01,9,881197687,9008d19f58aabd9ed0d60971565aa8510560ab41,429,398,77635524911641006838856919,77635524.911641006839
2025-07-01,10,2147405513,7272b2a0d2e9ae6f381677887760e953bc9f2cec,13,13,74912539000000000000000000,74912539.000000000000
2025-07-01,11,736007061,b81a0e6c38c3fec8a171cfe9631f60127a0c5bfd,83,41,70883683192953776681093685,70883683.192953776681
2025-07-01,12,-151691092,05b7013adcc264ad73388563a1e98869aa4301ee,384,372,70323561037350000000000000,70323561.037350000000
2025-07-01,13,1648553634,e146c01102e02344d4b1e59fd74b5054979d13a5,56,56,69100000000000000000000000,69100000.000000000000
2025-07-01,14,-217146480,cc6d2f26d363836f85a42d249e145ec0320d3e55,1781,1729,65393315241826366870195751,65393315.241826366870
2025-07-01,15,2055820491,0340d82237a62c7e567d30f1312e1bcae5fbf79e,16,16,63098200000000000000000000,63098200.000000000000
2025-07-01,16,-43630165,f3391b687474e7d7b60c223c7a26332702d3c3c4,486,473,60324923450114491091992300,60324923.450114491092
2025-07-01,17,-391195473,c2d36f41841b420937643dcccbea8163d4f59b6c,290,232,52199501834210370210974159,52199501.834210370211
2025-07-01,18,-120292250,2bba09866b6f1025258542478c39720a09b728bf,358,262,48576911968378563297362436,48576911.968378563297
2025-07-01,19,-218500549,55a23dc71c32afe679a8bc8fb626b631e7cd6b13,50,50,47522649547720150564827283,47522649.547720150565
2025-07-01,20,-330090864,094b34897338608bc67977ad576c2cdb1f15bf38,21,17,44189671613748918389660911,44189671.613748918390
2025-07-01,21,-128997832,c1d023141ad6935f81e5286e577768b75c9ff8eb,55,55,39850173934451048789304357,39850173.934451048789
2025-07-01,22,1966164382,8e712469e6cb10f6a9008fdcf2ab46c3ccc08232,421,421,39724106070000000000000000,39724106.070000000000
2025-07-01,23,-307846214,7f604d597c15b2e2f60dc645844f68b1d781b752,140,140,37872819445850000000000000,37872819.445850000000
2025-07-01,24,-148073324,5141b82f5ffda4c6fe1e372978f1c5427640a190,463,297,34654572688840067144118205,34654572.688840067144
2025-07-01,25,1347656969,e3a46f6853a2f314b5ea98ca5d17cd2a1a90ecef,181,181,34217050000000000000000000,34217050.000000000000
2025-07-01,26,-169769396,51e49ce1f4ace38ac815cfe2cef14397cd9932fb,66,64,33515979405764124472072456,33515979.405764124472
2025-07-01,27,-250590095,dd9b142a1a6a2764848cd665c0ee1fce53985adc,140,140,30190000000000000000000000,30190000.000000000000
2025-07-01,28,2028093831,b93e3d70ac9cacd51764f09ae0d01b905dc291e1,31,31,30014704560000000000000000,30014704.560000000000
2025-07-01,29,-369938010,ab8552143dc480f2959c7ab8ccefc3eba0513b39,3,3,30000100000000000000000000,30000100.000000000000
2025-07-01,30,30616,1522900b6dafac587d499a862861c0869be6e428,66,66,29878742423196900000000000,29878742.423196900000
2025-07-01,31,2054943978,6a000f20005980200259b80c5102003040001068,95,80,29066569553249615913878939,29066569.553249615914
2025-07-01,32,2147445254,1073d55dfb892ed86151015402db8b1cdb6ede78,9,9,26850869000000000000000000,26850869.000000000000
2025-07-01,33,24521576,8a46b5dd6e1aa09619245ff386cff5a624cddddb,21,21,26393789888750000000000000,26393789.888750000000
2025-07-01,34,-249868632,01e04dc6097c1cbd11f64de0dea60fb2dfe02e5f,12,12,26308282000000000000000000,26308282.000000000000
2025-07-01,35,-258881147,9cbdbd7fa768ad6e9546ff57238722fa9b925329,16,16,26252001000000000000000000,26252001.000000000000
2025-07-01,36,2094248035,df2609ec3d2e07a79d2e25e52960e75250bd9aaa,82,82,26002015159390000000000000,26002015.159390000000
2025-07-01,37,1839362061,fe99cc4664a939f826dbeb545c1aad4c89ee737a,12,12,26002015159390000000000000,26002015.159390000000
2025-07-01,38,-52473322,00c600b30fb0400701010f4b080409018b9006e0,11,9,24029843579708074585125917,24029843.579708074585
2025-07-01,39,-238084659,5f32351f668c04ae371dee96478eb567e64d0b7e,28,28,24003575976065313283601718,24003575.976065313284
2025-07-01,40,-401716465,6de3708c5614385ff0c44fa5e70734488251172a,2,2,22993434307531167241849833,22993434.307531167242
2025-07-01,41,1881711418,5411fbba3ce8ec41225f3412720551b1f5ef26e6,57,57,21762989495449051900040236,21762989.495449051900
2025-07-01,42,-170181361,293d14c72452bf619581a355bbfec76c767d71a0,2,2,19991574060454865094546566,19991574.060454865095
2025-07-01,43,611235262,e7cc930380cd2fd0ee8bbd6cb609a9b1a713149d,72,72,19773856687189307736598586,19773856.687189307737
2025-07-01,44,2087645946,13dda4af1d87c404f611dfc1555ed7074fe9e418,100,100,17750469990000000000000000,17750469.990000000000
2025-07-01,45,-316031521,058bbff7be9d3cb50cdb9e6f6929f023f2763b98,45,45,17288689708234558604870426,17288689.708234558605
2025-07-01,46,849833446,1778767436111ec0adb10f9ba4f51a329d0e7770,12,12,17064100000000000000000000,17064100.000000000000
2025-07-01,47,-422676752,d7c7ff50ac296f58969cee5ad217dd012ed40352,1,1,17064030000000000000000000,17064030.000000000000
2025-07-01,48,1381791786,1111111254eeb25477b68fb85ed929f73a960582,139,139,16433691158707459156009394,16433691.158707459156
2025-07-01,49,-398717390,45551cbfbff4086b25cf2a47b9c4dee7689ad1b3,34,34,15775398173645270258332248,15775398.173645270258
2025-07-01,50,-391104285,d4f480965d2347d421f1bec7f545682e5ec2151d,84,84,15521266231916273994910702,15521266.231916273995
2025-07-01,51,-409144706,2d24b7be7942c25ea7dd0092235da7e618dfe8a8,148,106,15402229800873863643826958,15402229.800873863644
2025-07-01,52,-254185050,6a5efa07ba90c4e218185ad54e099c070b11e386,5,5,15350497317372701331105415,15350497.317372701331
2025-07-01,53,-254142200,6ec7612828b776cc746fe0ee5381cc93878844f7,5,5,15350497317372701331105410,15350497.317372701331
2025-07-01,54,-287294867,a6385c53f149554ad3b320fe7271a29a7ed7560d,123,123,14168991061036109210245867,14168991.061036109210
2025-07-01,55,-187176545,b6bcf7c699be3bad2729cb90c6e19f1589efd84c,116,116,13956655955354603514407732,13956655.955354603514
2025-07-01,56,-128991789,920eefbcf1f5756109952e6ff6da1cab950c64d7,45,45,13380142667260503107095069,13380142.667260503107
2025-07-01,57,1065481746,1c727a55ea3c11b0ab7d3a361fe0f3c47ce6de5d,154,154,13299080951490700000000000,13299080.951490700000
2025-07-01,58,1595266657,f5213a6a2f0890321712520b8048d9886c1a9900,464,464,13256301853400000000000000,13256301.853400000000
2025-07-01,59,-416912561,d39f1a3ff17dd4e4756ba73e7d9f980db093c597,6,6,12824525000000000000000000,12824525.000000000000
2025-07-01,60,-389903066,1a9d699aee3a56ca49d0cc3b542ae3a37885a3e1,5,5,10830011304537866565578468,10830011.304537866566
2025-07-01,61,2000202299,888888888889758f76e7103c6cbf23abbf58f946,51,51,10819075255693428561500571,10819075.255693428562
2025-07-01,62,-167658139,af92e072cb195e7549f18ed99e72800f9203c72d,10,9,10691381226501464701317249,10691381.226501464701
2025-07-01,63,1986186108,08c6f91e2b681faf5e17227f2a44c307b3c1364c,4,4,10250500000000000000000000,10250500.000000000000
2025-07-01,64,1108141440,a29e963992597b21bcdcaa969d571984869c4ff5,4,4,10004015000000000000000000,10004015.000000000000
2025-07-01,65,1877493213,3af4a49c8e2fcaf33fd3389543b80d320fcc9091,18,7,9836515552624661930860581,9836515.552624661931
2025-07-01,66,1366903635,e4bbe2f185fb37effc311c190d0db2ec8eb46893,98,98,9221819814982858227395412,9221819.814982858227
2025-07-01,67,-365352362,a35c8d610c620e1c6ab516e7e9ef04fee1df7969,11,11,9169558431246274998207866,9169558.431246274998
2025-07-01,68,1364872031,1231deb6f5749ef6ce6943a275a1d3e7486f4eae,183,147,7672184752575401334588662,7672184.752575401335
2025-07-01,69,-178665360,daa266cfcac70911a7c7d254de3603271fa3560f,13,13,7578561198516238671761609,7578561.198516238672
2025-07-01,70,-199831145,432359577f296da118e24d9fcb3f23aadbf49917,17,17,7548268624238755189687265,7548268.624238755190
2025-07-01,71,-395183936,46a79a5a9236c0bab5232a0b35c2f34e35de55ec,34,34,7441264329620461091992300,7441264.329620461092
2025-07-01,72,2120857848,1f2f10d1c40777ae1da742455c65828ff36df387,28,28,7355894255934272342144288,7355894.255934272342
2025-07-01,73,-103393091,45312ea0eff7e09c83cbe249fa1d7598c4c8cd4e,59,59,7326491843724183062470617,7326491.843724183062
2025-07-01,74,-405725866,ca8a6a4dcd7166068811023aa5edef4a3559c25a,5,5,7315953940000000000000000,7315953.940000000000
2025-07-01,75,-383489807,7882570840a97a490a37bd8db9e1ae39165bfbd6,53,39,7292196787682908620485845,7292196.787682908620
2025-07-01,76,-341977189,1024f785724fe08902438761b288eff3ae41048a,15,15,6793180083139098861145708,6793180.083139098861
2025-07-01,77,1809816558,7f030dded85c2672a84b3b33528f57babbdcf7e4,116,116,6576834590000000000000000,6576834.590000000000
2025-07-01,78,898111268,11dbf181dd5c075c2abd92cb9579c4809406b5be,12,12,6413537998811600000000000,6413537.998811600000
2025-07-01,79,998280311,79b94c17d8178689df8d10754d7e4a1bb3d49bc1,16,16,6401737497173365727813062,6401737.497173365728
2025-07-01,80,-422193905,89c6340b1a1f4b25d36cd8b063d49045caf3f818,30,30,6023705264260942933016805,6023705.264260942933
2025-07-01,81,1560785123,0a009741192aa0bffe53b376e000ce7435f00012,15,15,5876028690037597406730745,5876028.690037597407
2025-07-01,82,397126280,3f69e5541c565db12de014a63cb88042406e3567,3,3,5706243263510000000000000,5706243.263510000000
2025-07-01,83,-248192662,58a28096ee8f236f16a1d1e975a356b5b8b70dac,74,74,5585000000000000000000000,5585000.000000000000
2025-07-01,84,686826186,f0458f5e6fb9497fbfaf671d9848335b9b897899,24,24,5430393469757337962854239,5430393.469757337963
2025-07-01,85,573914140,de6b2a06407575b98724818445178c1f5fd53361,14,14,5341643804159047037635670,5341643.804159047038
2025-07-01,86,1309294049,2de373887b9742162c9a5885ddb5debea8e4486d,28,28,5113873702958355510289378,5113873.702958355510
2025-07-01,87,-310206070,2d929c09e71f2547bc732bf89013fbd26bdd30d4,9,9,4994083238814537618177273,4994083.238814537618
2025-07-01,88,1943413843,60201f7c0774cba96e1db1a915ae1748da3faf12,12,12,4820196677313675129577759,4820196.677313675130
2025-07-01,89,-168264839,05048f351e539e6c369bc5fe52d2ed5c008eb817,14,14,4802000000000000000000000,4802000.000000000000
2025-07-01,90,-235793575,b70e0fad7d0cf4c187365a84e728802ab24ca78b,40,40,4619820000000000000000000,4619820.000000000000
2025-07-01,91,-137324202,d7583e3cf08bbcab66f1242195227bbf9f865fda,14,14,4380072003622012706681843,4380072.003622012707
2025-07-01,92,599583642,16f037a3ddf53da1b047a926e1833219f0a8e1fc,8,8,4370879640655879302864330,4370879.640655879303
2025-07-01,93,1899934735,111111125421ca6dc452d289314280a0f8842a65,142,142,4327824670148148340524422,4327824.670148148341
2025-07-01,94,-273704838,768f78fd77a4a574286b8b9901606fa3d84e6c77,3,3,4320348568728654237130805,4320348.568728654237
2025-07-01,95,1968353990,f579c0aafc828dad272bd1ff07a0fcbd08828907,14,14,4110448028543459680790385,4110448.028543459681
2025-07-01,96,1809613945,100ae042ef0ea159ecc3513e9a378ff21f3829ba,19,19,3837475116386970000000000,3837475.116386970000
2025-07-01,97,1809658138,367c42a6f261ec54ffbecf5f41c226be12a3dca0,55,55,3617138770000000000000000,3617138.770000000000
2025-07-01,98,-193587653,def1fa4cefe67365ba046a7c630d6b885298e210,2,2,3524146000000000000000000,3524146.000000000000
2025-07-01,99,-430929276,b2c9cb778a3b995f30d1dadb66d1f12372decf17,24,24,3440670000000000000000000,3440670.000000000000
2025-07-01,100,-138136881,7bee8d37fba61a6251a08b957d502c56e2a50fab,8,8,3406367578973047136301486,3406367.578973047136
2025-08-01,1,-352212798,e1ce9af672f8854845e5474400b6ddc7ae458a10,879,758,262792595596856355330842148,262792595.59685636
2025-08-01,2,-302891536,fa82580c16a31d0c1bc632a36f82e83efef3eec0,720,654,181109563322585030558904778,181109563.32258503
2025-08-01,3,1648553634,e146c01102e02344d4b1e59fd74b5054979d13a5,50,50,124312000000000000000000000,124312000.00000000
2025-08-01,4,386939649,c333e80ef2dec2805f239e3f1e810612d294f771,45,45,116473975684320000000000000,116473975.68432000
2025-08-01,5,-175406083,d001ae433f254283fece51d4acce8c53263aa186,240,231,108806935138573388850551234,108806935.13857339
2025-08-01,6,-323129525,6e4141d33021b52c91c28608403db4a0ffb50ec6,756,590,107504608750406967082087579,107504608.75040697
2025-08-01,7,2147405513,7272b2a0d2e9ae6f381677887760e953bc9f2cec,28,28,104210469000000000000000000,104210469.00000000
2025-08-01,8,2139887976,fbca8b5f5794456b59ad4177e5b212d0db600bb6,10,10,100207230000000000000000000,100207230.000000000000
2025-08-01,9,1734291305,880f622a1933acf82bfc5e630c9ab7f18ef47809,222,212,92359700040000000000000000,92359700.040000000000
2025-08-01,10,-120292250,2bba09866b6f1025258542478c39720a09b728bf,539,424,83110227512516318930538205,83110227.512516318931
2025-08-01,11,-398717390,45551cbfbff4086b25cf2a47b9c4dee7689ad1b3,147,147,80361155237016733036732858,80361155.237016733037
2025-08-01,12,-217146480,cc6d2f26d363836f85a42d249e145ec0320d3e55,1673,1589,68365931036845343115766057,68365931.036845343116
2025-08-01,13,881197687,9008d19f58aabd9ed0d60971565aa8510560ab41,628,586,64164562537404222045491730,64164562.537404222045
2025-08-01,14,-175424509,ae317afa99c5d85afc79ca5c54556d146b8be7bb,9,9,59323000000000000000000000,59323000.000000000000
2025-08-01,15,-151691092,05b7013adcc264ad73388563a1e98869aa4301ee,179,179,59171060010000000000000000,59171060.010000000000
2025-08-01,16,2147445254,1073d55dfb892ed86151015402db8b1cdb6ede78,8,8,56950100000000000000000000,56950100.000000000000
2025-08-01,17,736007061,b81a0e6c38c3fec8a171cfe9631f60127a0c5bfd,114,43,54657739462188676527457640,54657739.462188676527
2025-08-01,18,1203607130,a312114b5795dff9b8db50474dd57701aa78ad1e,11,11,52515196646233358240514523,52515196.646233358241
2025-08-01,19,2055820491,0340d82237a62c7e567d30f1312e1bcae5fbf79e,14,14,50760500000000000000000000,50760500.000000000000
2025-08-01,20,-391104285,d4f480965d2347d421f1bec7f545682e5ec2151d,178,174,50673288967969640784046600,50673288.967969640784
2025-08-01,21,-389903066,1a9d699aee3a56ca49d0cc3b542ae3a37885a3e1,45,45,44265935055758068380165787,44265935.055758068380
2025-08-01,22,-43630165,f3391b687474e7d7b60c223c7a26332702d3c3c4,342,335,41005123116799230000000000,41005123.116799230000
2025-08-01,23,390036908,66e092fd00c4e4eb5bd20f5392c1902d738ae7bc,6,6,36833408597735361269493018,36833408.597735361269
2025-08-01,24,1081958299,cd40532686b94abc88b06b9705aacbc14c8364d6,15,15,36500000000000000000000000,36500000.000000000000
2025-08-01,25,-215249457,81633c1357ddb25d8625efb2cad26a60988475bf,108,108,36173256392000000000000000,36173256.392000000000
2025-08-01,26,1347656969,e3a46f6853a2f314b5ea98ca5d17cd2a1a90ecef,194,192,34800000000000000000000000,34800000.000000000000
2025-08-01,27,-307846214,7f604d597c15b2e2f60dc645844f68b1d781b752,137,137,34332980826620000000000000,34332980.826620000000
2025-08-01,28,1065481746,1c727a55ea3c11b0ab7d3a361fe0f3c47ce6de5d,173,173,31872347743105900000000000,31872347.743105900000
2025-08-01,29,-416912561,d39f1a3ff17dd4e4756ba73e7d9f980db093c597,7,7,31499700000000000000000000,31499700.000000000000
2025-08-01,30,-169769396,51e49ce1f4ace38ac815cfe2cef14397cd9932fb,38,23,28738904573705206262439036,28738904.573705206262
2025-08-01,31,-218500549,55a23dc71c32afe679a8bc8fb626b631e7cd6b13,28,28,28334956112999720000000000,28334956.112999720000
2025-08-01,32,2087645946,13dda4af1d87c404f611dfc1555ed7074fe9e418,19,19,27960009000000000000000001,27960009.000000000000
2025-08-01,33,-314729456,d178a90c41ff3dcffbfdef7de0baf76cbfe6a121,116,116,27358623815000000000000000,27358623.815000000000
2025-08-01,34,-335892914,f07e3258395089514200209153a5d25da97bc22c,101,101,26318238560000000000000000,26318238.560000000000
2025-08-01,35,2120857848,1f2f10d1c40777ae1da742455c65828ff36df387,36,36,19279701031737842483819178,19279701.031737842484
2025-08-01,36,-369317767,704a288b17f739690f5248659f941da0e68dca95,14,14,18991742436260834543838313,18991742.436260834544
2025-08-01,37,-128997832,c1d023141ad6935f81e5286e577768b75c9ff8eb,178,178,18417791304544369991502146,18417791.304544369992
2025-08-01,38,30616,1522900b6dafac587d499a862861c0869be6e428,31,31,16530499003844990000000000,16530499.003844990000
2025-08-01,39,1809613945,100ae042ef0ea159ecc3513e9a378ff21f3829ba,24,24,16174912790653080000000000,16174912.790653080000
2025-08-01,40,24521576,8a46b5dd6e1aa09619245ff386cff5a624cddddb,11,11,14530528054320000000000000,14530528.054320000000
2025-08-01,41,1809658138,367c42a6f261ec54ffbecf5f41c226be12a3dca0,83,83,13920370670000000000000000,13920370.670000000000
2025-08-01,42,-391195473,c2d36f41841b420937643dcccbea8163d4f59b6c,205,176,13209996621895567830868034,13209996.621895567831
2025-08-01,43,-103393091,45312ea0eff7e09c83cbe249fa1d7598c4c8cd4e,62,62,12490942530593133294850837,12490942.530593133295
2025-08-01,44,-473772777,f87acf8428f2f9403aaa0256a7272d6549eca8a8,106,94,12152165809818708261192937,12152165.809818708261
2025-08-01,45,-395183936,46a79a5a9236c0bab5232a0b35c2f34e35de55ec,35,35,12144930881798470000000000,12144930.881798470000
2025-08-01,46,-258881147,9cbdbd7fa768ad6e9546ff57238722fa9b925329,12,12,12008096704530000000000000,12008096.704530000000
2025-08-01,47,-409144706,2d24b7be7942c25ea7dd0092235da7e618dfe8a8,150,115,11495870834577152068345393,11495870.834577152068
2025-08-01,48,-148073324,5141b82f5ffda4c6fe1e372978f1c5427640a190,565,354,11380752949166844257558281,11380752.949166844258
2025-08-01,49,2028093831,b93e3d70ac9cacd51764f09ae0d01b905dc291e1,12,12,10001168910000000000000000,10001168.910000000000
2025-08-01,50,-139031532,1be45fef92c4e2538fecd150757ed62b7b3757d7,1,1,10000000000000000000000000,10000000.000000000000
2025-08-01,51,-369938010,ab8552143dc480f2959c7ab8ccefc3eba0513b39,1,1,10000000000000000000000000,10000000.000000000000
2025-08-01,52,-170181361,293d14c72452bf619581a355bbfec76c767d71a0,2,2,10000000000000000000000000,10000000.000000000000
2025-08-01,53,-341174562,2c0552e5dcb79b064fd23e358a86810bc5994244,51,40,9820454815840512639011231,9820454.815840512639
2025-08-01,54,722757922,69119ee98bcfbd4bb2ee4714dbfba9ef6e8a7fda,80,80,9520000000000000000000000,9520000.000000000000
2025-08-01,55,1595266657,f5213a6a2f0890321712520b8048d9886c1a9900,312,312,9428169351400000000000000,9428169.351400000000
2025-08-01,56,-199831145,432359577f296da118e24d9fcb3f23aadbf49917,8,8,9109185870423368524203603,9109185.870423368524
2025-08-01,57,1861713724,1ab4973a48dc892cd9971ece8e01dcc7688f8f23,76,76,8886100408674820751713600,8886100.408674820752
2025-08-01,58,1899934735,111111125421ca6dc452d289314280a0f8842a65,124,124,8615906283237627842377392,8615906.283237627842
2025-08-01,59,-128991789,920eefbcf1f5756109952e6ff6da1cab950c64d7,28,28,8418126316696831979989840,8418126.316696831980
2025-08-01,60,-244256318,69ae073586994371a772efd96d65804c25f990a2,14,14,8313077000000000000000000,8313077.000000000000
2025-08-01,61,1966164382,8e712469e6cb10f6a9008fdcf2ab46c3ccc08232,123,123,8050020000000000000000000,8050020.000000000000
2025-08-01,62,-227935026,e36b0bae3e9985d70096ed1b37d4dcf91edf4dce,3,3,8000000000000000000000000,8000000.000000000000
2025-08-01,63,898111268,11dbf181dd5c075c2abd92cb9579c4809406b5be,6,6,7724526789903960000000000,7724526.789903960000
2025-08-01,64,-477952934,285d4119ecee1af80f0240db9cfcca5395fb4563,9,9,7480180000000000000000000,7480180.000000000000
2025-08-01,65,2054943978,6a000f20005980200259b80c5102003040001068,171,142,7019675867644580964181998,7019675.867644580964
2025-08-01,66,495231405,5f65f7b609678448494de4c87521cdf6cef1e932,41,41,6811378809964436243089252,6811378.809964436243
2025-08-01,67,2001718448,4ee9775db5c1e73ea170678c109ef079b2ad4811,46,46,6465271914834050096081209,6465271.914834050096
2025-08-01,68,-435749714,3d126017a8f3c14e8a24e4ef4d42ee6263fbd547,3,3,6424425965650662515881583,6424425.965650662516
2025-08-01,69,1663246624,cf5540fffcdc3d510b18bfca6d2b9987b0772559,36,34,6001265593986161740090341,6001265.593986161740
2025-08-01,70,-326272148,b962fd1abd9a365140493bd499acf1ec0acff040,3,2,6000000000000000000000000,6000000.000000000000
2025-08-01,71,2000202299,888888888889758f76e7103c6cbf23abbf58f946,72,69,5884915122646076488350162,5884915.122646076488
2025-08-01,72,-478833132,365084b05fa7d5028346bd21d842ed0601bab5b8,26,19,5719312730853035903331322,5719312.730853035903
2025-08-01,73,-369147172,377b8ce04761754e8ac153b47805a9cf6b190873,5,5,5718757067692782067109700,5718757.067692782067
2025-08-01,74,882474117,b497070466dc15fa6420b4781bb0352257146495,29,13,5582303314193947094698403,5582303.314193947095
2025-08-01,75,-351741607,b115fe9a340eca8251b038d0b2deae482f18c8b2,42,42,5411466000000000000000000,5411466.000000000000
2025-08-01,76,-168264839,05048f351e539e6c369bc5fe52d2ed5c008eb817,20,20,5394600000000000000000000,5394600.000000000000
2025-08-01,77,-315951911,fa932bba93116870e4b82b6890cb754077759c49,5,5,5344615715935910927328377,5344615.715935910927
2025-08-01,78,-138136881,7bee8d37fba61a6251a08b957d502c56e2a50fab,5,5,5321353082694469829151061,5321353.082694469829
2025-08-01,79,-264589988,b283cc91fc69f94d516dfabbad3588e2d838128a,17,17,5237501000000000000000000,5237501.000000000000
2025-08-01,80,-167658139,af92e072cb195e7549f18ed99e72800f9203c72d,10,6,5184707567175869063087934,5184707.567175869063
2025-08-01,81,1809816558,7f030dded85c2672a84b3b33528f57babbdcf7e4,88,88,5059955440000000000000000,5059955.440000000000
2025-08-01,82,1821352972,0ad500d23a43ae9b26a570cfb02b68c48a866565,6,6,4980589189698409019446953,4980589.189698409019
2025-08-01,83,-248192662,58a28096ee8f236f16a1d1e975a356b5b8b70dac,74,74,4968582602795460000000000,4968582.602795460000
2025-08-01,84,-449367349,0e5891850bb3f03090f03010000806f080040100,71,47,4904557781938991167259814,4904557.781938991167
2025-08-01,85,-477168934,47c0e5212c2d70b750dba1cc940ea066e4ab5beb,1,1,4900000000000000000000000,4900000.000000000000
2025-08-01,86,-359466258,0daf132c5554fd7d5eb422585426af557d8847e0,10,10,4843443394619599934048976,4843443.394619599934
2025-08-01,87,1715872443,4f0a01badaa24f762cee620883f16c4460c06be0,41,41,4841661813411503393494573,4841661.813411503393
2025-08-01,88,1503055255,6d3b90747dbf5883bf88ff7eb5fcc86f408b5409,28,28,4708830485769956502217598,4708830.485769956502
2025-08-01,89,573914140,de6b2a06407575b98724818445178c1f5fd53361,4,4,4682790720874248874640829,4682790.720874248875
2025-08-01,90,743243994,e0019d15f39ec9e8007acd7ca0776dd90eb3d333,17,17,4674492853266667220571661,4674492.853266667221
2025-08-01,91,-23494170,d7852e139a7097e119623de0751ae53a61efb442,92,57,4655806971402890134983025,4655806.971402890135
2025-08-01,92,-425368390,ba6d84cc7418a9c46133788c04f6a459e1fb669c,6,4,4655100043853046508820985,4655100.043853046509
2025-08-01,93,-383489807,7882570840a97a490a37bd8db9e1ae39165bfbd6,30,25,4482139643249434097128567,4482139.643249434097
2025-08-01,94,-235917824,eb4c242a8c4cd60e8dcfd44df1cf32c0ec14dddf,3,3,4414702890000000000000000,4414702.890000000000
2025-08-01,95,-187176545,b6bcf7c699be3bad2729cb90c6e19f1589efd84c,28,28,4284177161228733494809204,4284177.161228733495
2025-08-01,96,-287294867,a6385c53f149554ad3b320fe7271a29a7ed7560d,36,36,4284177161223546882691719,4284177.161223546883
2025-08-01,97,998280311,79b94c17d8178689df8d10754d7e4a1bb3d49bc1,12,12,4086536025939194592397813,4086536.025939194592
2025-08-01,98,-507690558,1c1cf2322aad08c085cfb60050aade153ca77dd7,3,2,4000000000000000000000000,4000000.000000000000
2025-08-01,99,-235793575,b70e0fad7d0cf4c187365a84e728802ab24ca78b,87,87,3998683000000000000000000,3998683.000000000000
2025-08-01,100,-119580844,01b2b67d7692857ffeff815fc3440f62ae8918b1,6,6,3869400000000000000000000,3869400.000000000000
2025-09-01,1,-352212798,e1ce9af672f8854845e5474400b6ddc7ae458a10,824,724,310408951017260315937974798,310408951.01726032
2025-09-01,2,-302891536,fa82580c16a31d0c1bc632a36f82e83efef3eec0,743,742,198084000336817831039648471,198084000.33681783
2025-09-01,3,-175406083,d001ae433f254283fece51d4acce8c53263aa186,599,560,179363759859757759657678532,179363759.85975776
2025-09-01,4,2139887976,fbca8b5f5794456b59ad4177e5b212d0db600bb6,16,16,171378269520000000000000000,171378269.52000000
2025-09-01,5,1648553634,e146c01102e02344d4b1e59fd74b5054979d13a5,66,63,157500000000000000000000000,157500000.00000000
2025-09-01,6,1734291305,880f622a1933acf82bfc5e630c9ab7f18ef47809,221,187,111267100030000000000000000,111267100.03000000
2025-09-01,7,2147445254,1073d55dfb892ed86151015402db8b1cdb6ede78,16,16,110719298000000000000000000,110719298.00000000
2025-09-01,8,386939649,c333e80ef2dec2805f239e3f1e810612d294f771,38,38,110367178575489739140037093,110367178.57548974
2025-09-01,9,881197687,9008d19f58aabd9ed0d60971565aa8510560ab41,725,678,97140139920986212212133630,97140139.920986212212
2025-09-01,10,-43630165,f3391b687474e7d7b60c223c7a26332702d3c3c4,431,356,93184818019099720000000000,93184818.019099720000
2025-09-01,11,-476420994,e3190143eb552456f88464662f0c0c4ac67a77eb,117,117,83992036814667251744269326,83992036.814667251744
2025-09-01,12,2147405513,7272b2a0d2e9ae6f381677887760e953bc9f2cec,23,23,77380224000000000000000000,77380224.000000000000
2025-09-01,13,-148073324,5141b82f5ffda4c6fe1e372978f1c5427640a190,661,452,75383198182685907590654990,75383198.182685907591
2025-09-01,14,-175424509,ae317afa99c5d85afc79ca5c54556d146b8be7bb,20,20,66924632669199533591185119,66924632.669199533591
2025-09-01,15,-151691092,05b7013adcc264ad73388563a1e98869aa4301ee,73,73,64775100000000000000000000,64775100.000000000000
2025-09-01,16,1203607130,a312114b5795dff9b8db50474dd57701aa78ad1e,43,43,64756397164629591409580075,64756397.164629591410
2025-09-01,17,1084937765,96b5ea9acf9c45fc9898291911fee702f5ca261e,11,11,64355011369285447699815899,64355011.369285447700
2025-09-01,18,-217146480,cc6d2f26d363836f85a42d249e145ec0320d3e55,1575,1528,62813915078925678958528453,62813915.078925678959
2025-09-01,19,-314729456,d178a90c41ff3dcffbfdef7de0baf76cbfe6a121,174,170,62509695020000000000000000,62509695.020000000000
2025-09-01,20,-323129525,6e4141d33021b52c91c28608403db4a0ffb50ec6,481,440,59786079865261251550017030,59786079.865261251550
2025-09-01,21,-218500549,55a23dc71c32afe679a8bc8fb626b631e7cd6b13,29,29,57694585290473497408599095,57694585.290473497409
2025-09-01,22,-341977189,1024f785724fe08902438761b288eff3ae41048a,17,17,56590445785637398681778658,56590445.785637398682
2025-09-01,23,1899934735,111111125421ca6dc452d289314280a0f8842a65,152,152,52637975249004769520238474,52637975.249004769520
2025-09-01,24,1081958299,cd40532686b94abc88b06b9705aacbc14c8364d6,19,16,51847131461096342778708543,51847131.461096342779
2025-09-01,25,2055820491,0340d82237a62c7e567d30f1312e1bcae5fbf79e,11,11,50240100000000000000000000,50240100.000000000000
2025-09-01,26,736007061,b81a0e6c38c3fec8a171cfe9631f60127a0c5bfd,91,26,49699984701516108616423074,49699984.701516108616
2025-09-01,27,-120292250,2bba09866b6f1025258542478c39720a09b728bf,486,321,44220046996389256520311707,44220046.996389256520
2025-09-01,28,-389903066,1a9d699aee3a56ca49d0cc3b542ae3a37885a3e1,12,12,44200000000000000000000000,44200000.000000000000
2025-09-01,29,1065481746,1c727a55ea3c11b0ab7d3a361fe0f3c47ce6de5d,128,128,40389925758128000000000000,40389925.758128000000
2025-09-01,30,-416912561,d39f1a3ff17dd4e4756ba73e7d9f980db093c597,8,8,40226300000000000000000000,40226300.000000000000
2025-09-01,31,-562786046,8b8a1c41cc80a1d63053b881c8eaef22e6ebd5b0,12,12,40000050000000000000000000,40000050.000000000000
2025-09-01,32,390036908,66e092fd00c4e4eb5bd20f5392c1902d738ae7bc,8,8,39200000000000000000000000,39200000.000000000000
2025-09-01,33,-215249457,81633c1357ddb25d8625efb2cad26a60988475bf,48,48,38140582472141166507177010,38140582.472141166507
2025-09-01,34,-473772777,f87acf8428f2f9403aaa0256a7272d6549eca8a8,241,223,36431335734856524981577357,36431335.734856524982
2025-09-01,35,-398717390,45551cbfbff4086b25cf2a47b9c4dee7689ad1b3,57,47,31429025242006669157975870,31429025.242006669158
2025-09-01,36,1809658138,367c42a6f261ec54ffbecf5f41c226be12a3dca0,48,48,28644371060000000000000000,28644371.060000000000
2025-09-01,37,1809613945,100ae042ef0ea159ecc3513e9a378ff21f3829ba,27,27,27122890110000000000000000,27122890.110000000000
2025-09-01,38,-527953230,49d357954cd3760cbf092b76b0b4a863e7b3c151,30,30,26998766322188708829437438,26998766.322188708829
2025-09-01,39,-527953136,7f37350f463525c2670b10234fb014bc406f851c,40,40,26998766322188708829437438,26998766.322188708829
2025-09-01,40,1347656969,e3a46f6853a2f314b5ea98ca5d17cd2a1a90ecef,170,126,26995000000000000000000000,26995000.000000000000
2025-09-01,41,-477952934,285d4119ecee1af80f0240db9cfcca5395fb4563,30,30,24970100000000000000000000,24970100.000000000000
2025-09-01,42,-169769396,51e49ce1f4ace38ac815cfe2cef14397cd9932fb,21,14,24926565319084841067559944,24926565.319084841068
2025-09-01,43,-297627070,f8191d98ae98d2f7abdfb63a9b0b812b93c873aa,22,22,24740987000000000000000000,24740987.000000000000
2025-09-01,44,-341174562,2c0552e5dcb79b064fd23e358a86810bc5994244,46,38,23677040555584622296896788,23677040.555584622297
2025-09-01,45,2028093831,b93e3d70ac9cacd51764f09ae0d01b905dc291e1,13,13,23658435010003000000000000,23658435.010003000000
2025-09-01,46,2000202299,888888888889758f76e7103c6cbf23abbf58f946,150,149,23057739060732161788376162,23057739.060732161788
2025-09-01,47,611235262,e7cc930380cd2fd0ee8bbd6cb609a9b1a713149d,44,44,22146745537072153001062321,22146745.537072153001
2025-09-01,48,2087645946,13dda4af1d87c404f611dfc1555ed7074fe9e418,65,61,21849800020000000000000000,21849800.020000000000
2025-09-01,49,-369938010,ab8552143dc480f2959c7ab8ccefc3eba0513b39,2,2,21745956020000000000000000,21745956.020000000000
2025-09-01,50,-391104285,d4f480965d2347d421f1bec7f545682e5ec2151d,123,122,21487569424807220160410380,21487569.424807220160
2025-09-01,51,2054943978,6a000f20005980200259b80c5102003040001068,191,160,21429378906490277650421569,21429378.906490277650
2025-09-01,52,-52473322,00c600b30fb0400701010f4b080409018b9006e0,69,54,20704986226267041323608575,20704986.226267041324
2025-09-01,53,1852864911,26ad4f84cd20102c4a7fb9d14bd2661a0d66f96d,10,10,18117671681939039775223260,18117671.681939039775
2025-09-01,54,-517350645,631876a50e447fb07c07b1d594ed44a35c650810,18,18,18050376472854658286675254,18050376.472854658287
2025-09-01,55,-517335238,80b10b2b96dda249f37d0c5ebe40bbcdbcc79ec7,36,36,18050376472854658286675254,18050376.472854658287
2025-09-01,56,-335892914,f07e3258395089514200209153a5d25da97bc22c,74,49,17915000000000000000000000,17915000.000000000000
2025-09-01,57,1663246624,cf5540fffcdc3d510b18bfca6d2b9987b0772559,54,54,17909412785559704624053735,17909412.785559704624
2025-09-01,58,-307846214,7f604d597c15b2e2f60dc645844f68b1d781b752,120,120,16537890777190000000000000,16537890.777190000000
2025-09-01,59,-414679940,27c09696061ffb6f186f4fc309b88f32ec19b6ed,6,6,15260040394154961855083642,15260040.394154961855
2025-09-01,60,1402033670,44d5dac217261f2a18bc4df57431456c4864f0ae,4,4,14710117933901193277003563,14710117.933901193277
2025-09-01,61,170948875,d007058e9b58e74c33c6bf6fbcd38baab813cbb6,5,5,12000928598828267436711327,12000928.598828267437
2025-09-01,62,-236317071,7a9e7a2453cc940b112d668656404a8ffea8cb98,4,4,11712777608435693537669403,11712777.608435693538
2025-09-01,63,1787467554,ba15e9b644685cb845af18a738abd40c6bcd78ed,15,15,11057317222910020766447138,11057317.222910020766
2025-09-01,64,-395183936,46a79a5a9236c0bab5232a0b35c2f34e35de55ec,42,42,10719917117895830000000000,10719917.117895830000
2025-09-01,65,-258881147,9cbdbd7fa768ad6e9546ff57238722fa9b925329,7,7,10714537000000000000000000,10714537.000000000000
2025-09-01,66,-555769460,86ae1a407dc9091970f7d998839aa819d793e578,44,44,10592943088580933349115438,10592943.088580933349
2025-09-01,67,1966164382,8e712469e6cb10f6a9008fdcf2ab46c3ccc08232,47,47,10449965000000000000000000,10449965.000000000000
2025-09-01,68,-455196052,549d835356d92983abb76e4cae639f7857963425,14,14,10201584999600000000000000,10201584.999600000000
2025-09-01,69,-401716465,6de3708c5614385ff0c44fa5e70734488251172a,3,3,10000467225984508521883755,10000467.225984508522
2025-09-01,70,753081174,989b3c9f5bc4189dfaee8efac99f9638d39fc45d,32,32,9893298578349332380865125,9893298.578349332381
2025-09-01,71,-334478960,872ea3fe1a064a4f739fa897ec3f81404b352092,5,5,9835351368370655227250046,9835351.368370655227
2025-09-01,72,-478833132,365084b05fa7d5028346bd21d842ed0601bab5b8,46,36,9589538463417851444349969,9589538.463417851444
2025-09-01,73,-302916939,d8ddfcb1cb49266e5348f80e228b6ce437d545a2,2,2,9340731142817501894175258,9340731.142817501894
2025-09-01,74,-369147172,377b8ce04761754e8ac153b47805a9cf6b190873,2,2,9320000775643599416984901,9320000.775643599417
2025-09-01,75,495231405,5f65f7b609678448494de4c87521cdf6cef1e932,67,67,8896523282635139657587950,8896523.282635139658
2025-09-01,76,722757922,69119ee98bcfbd4bb2ee4714dbfba9ef6e8a7fda,86,64,8880000000000000000000000,8880000.000000000000
2025-09-01,77,2120857848,1f2f10d1c40777ae1da742455c65828ff36df387,31,31,8645333299692484117702278,8645333.299692484118
2025-09-01,78,1838825925,f833603a864d2d36ce8bf0b9451ffd468b8df376,10,10,8489982987391110621750600,8489982.987391110622
2025-09-01,79,-244256318,69ae073586994371a772efd96d65804c25f990a2,14,14,8433108000000000000000000,8433108.000000000000
2025-09-01,80,-119580844,01b2b67d7692857ffeff815fc3440f62ae8918b1,8,8,8413600000000000000000000,8413600.000000000000
2025-09-01,81,1381791786,1111111254eeb25477b68fb85ed929f73a960582,82,82,8375835224450707234264328,8375835.224450707234
2025-09-01,82,-103393091,45312ea0eff7e09c83cbe249fa1d7598c4c8cd4e,95,95,8239655014615377175647979,8239655.014615377176
2025-09-01,83,-407949695,26567cd520fed0d97a43d6cf7a95cb8c20b6c523,52,50,8234643425264974570356863,8234643.425264974570
2025-09-01,84,1986186108,08c6f91e2b681faf5e17227f2a44c307b3c1364c,2,2,8225000000000000000000000,8225000.000000000000
2025-09-01,85,1429910833,afcd96e580138cfa2332c632e66308eacd45c5da,3,3,8000000000000000000000000,8000000.000000000000
2025-09-01,86,-478736383,4d6974e5dbc42857ca6b8c1446e64c70f61b6ce3,15,15,7974526221324847548781658,7974526.221324847549
2025-09-01,87,-568674443,af5372792a29dc6b296d6ffd4aa3386aff8f9bb2,20,20,7884385231015311887541433,7884385.231015311888
2025-09-01,88,1707667532,1f9b1b84fe59fce1dba1ac2542c725bf23215f22,8,8,7690737262301916332760950,7690737.262301916333
2025-09-01,89,-454624774,8950daa8c142e63eae0e8efef4c970c4e6602d56,25,25,7677608730444053745316871,7677608.730444053745
2025-09-01,90,-454631967,cb67e9d2dc346f06c4f5274a0cb8acd22c0b2877,10,10,7658220140750468934726709,7658220.140750468935
2025-09-01,91,-454616561,7aaf9539b7359470def1920ca41b5aaa05c13726,10,10,7658220140750468934726709,7658220.140750468935
2025-09-01,92,1877493213,3af4a49c8e2fcaf33fd3389543b80d320fcc9091,5,4,7258031295019344450674906,7258031.295019344451
2025-09-01,93,1366903635,e4bbe2f185fb37effc311c190d0db2ec8eb46893,4,4,7166007745577206878546729,7166007.745577206879
2025-09-01,94,1803730778,ff43c5727fbfc31cb96e605dfd7546eb8862064c,5,5,7133623754574992757795537,7133623.754574992758
2025-09-01,95,-2984458,6f94eb271ceb5a33aeab5bb8b8edea8ecf35ee86,2,2,7000000000000000000000000,7000000.000000000000
2025-09-01,96,-352901898,a4a1ae640df6625d28aa87740a32bff7e15437e1,9,9,6904407422414660371647989,6904407.422414660372
2025-09-01,97,-168264839,05048f351e539e6c369bc5fe52d2ed5c008eb817,22,22,6794800000000000000000000,6794800.000000000000
2025-09-01,98,-546078740,d8e398a429ec1ef2c17a463c5c7b55837f8b5cf1,96,96,6631280387622000000000000,6631280.387622000000
2025-09-01,99,1108141440,a29e963992597b21bcdcaa969d571984869c4ff5,3,3,6499601868685083403924224,6499601.868685083404
2025-09-01,100,2088341827,16c6521dff6bab339122a0fe25a9116693265353,34,34,6471581765736661729681773,6471581.765736661730
2025-10-01,1,-175406083,d001ae433f254283fece51d4acce8c53263aa186,822,797,246170064861950904454716568,246170064.86195090
2025-10-01,2,-302891536,fa82580c16a31d0c1bc632a36f82e83efef3eec0,1534,1415,233432955483199216963873859,233432955.48319922
2025-10-01,3,386939649,c333e80ef2dec2805f239e3f1e810612d294f771,62,62,205711598406440000000000000,205711598.40644000
2025-10-01,4,-352212798,e1ce9af672f8854845e5474400b6ddc7ae458a10,720,669,188111282064112711636352547,188111282.06411271
2025-10-01,5,2139887976,fbca8b5f5794456b59ad4177e5b212d0db600bb6,18,18,167441230060000000000000000,167441230.06000000
2025-10-01,6,2147445254,1073d55dfb892ed86151015402db8b1cdb6ede78,18,18,164450611000000000000000000,164450611.00000000
2025-10-01,7,-175424509,ae317afa99c5d85afc79ca5c54556d146b8be7bb,28,28,145138670626588459430528612,145138670.62658846
2025-10-01,8,881197687,9008d19f58aabd9ed0d60971565aa8510560ab41,1401,1324,131189681269355166505537660,131189681.26935517
2025-10-01,9,-568674443,af5372792a29dc6b296d6ffd4aa3386aff8f9bb2,172,121,117028474890512454870513255,117028474.89051245
2025-10-01,10,1648553634,e146c01102e02344d4b1e59fd74b5054979d13a5,88,88,113700000000000000000000000,113700000.00000000
2025-10-01,11,2147405513,7272b2a0d2e9ae6f381677887760e953bc9f2cec,23,23,110579000000000000000000000,110579000.00000000
2025-10-01,12,-43630165,f3391b687474e7d7b60c223c7a26332702d3c3c4,633,578,109050329000000000000000000,109050329.00000000
2025-10-01,13,-476420994,e3190143eb552456f88464662f0c0c4ac67a77eb,139,139,103412434571018084622362511,103412434.57101808
2025-10-01,14,1734291305,880f622a1933acf82bfc5e630c9ab7f18ef47809,155,145,97907300020000000000000000,97907300.020000000000
2025-10-01,15,-148073324,5141b82f5ffda4c6fe1e372978f1c5427640a190,620,450,96080635069115451886798566,96080635.069115451887
2025-10-01,16,1899934735,111111125421ca6dc452d289314280a0f8842a65,252,252,91726655184221525868992501,91726655.184221525869
2025-10-01,17,-217146480,cc6d2f26d363836f85a42d249e145ec0320d3e55,2319,2298,88975828835151648721651979,88975828.835151648722
2025-10-01,18,-314729456,d178a90c41ff3dcffbfdef7de0baf76cbfe6a121,251,250,82116150000000000000000000,82116150.000000000000
2025-10-01,19,-341977189,1024f785724fe08902438761b288eff3ae41048a,73,47,79125492368013289675391499,79125492.368013289675
2025-10-01,20,-151691092,05b7013adcc264ad73388563a1e98869aa4301ee,99,99,75040022000000000000000000,75040022.000000000000
2025-10-01,21,-389903066,1a9d699aee3a56ca49d0cc3b542ae3a37885a3e1,24,24,64390596319791201807186175,64390596.319791201807
2025-10-01,22,2055820491,0340d82237a62c7e567d30f1312e1bcae5fbf79e,15,15,63858900000000000000000000,63858900.000000000000
2025-10-01,23,-120292250,2bba09866b6f1025258542478c39720a09b728bf,348,204,59894024063877819517652728,59894024.063877819518
2025-10-01,24,-52473322,00c600b30fb0400701010f4b080409018b9006e0,155,108,58804141906159774199153208,58804141.906159774199
2025-10-01,25,1729328533,02d967c88481d54e7fda18163b511895e1e49d4a,38,38,56500000000000000000000000,56500000.000000000000
2025-10-01,26,-307846214,7f604d597c15b2e2f60dc645844f68b1d781b752,172,172,56243726481450000000000000,56243726.481450000000
2025-10-01,27,-335892914,f07e3258395089514200209153a5d25da97bc22c,109,109,53075405000000000000000000,53075405.000000000000
2025-10-01,28,-193744049,10098de28ba6928186954fcc18ad919040600af3,17,17,51483339536476567524248312,51483339.536476567524
2025-10-01,29,-487297808,ba0642f3f5afe015758e6035e852921d1c61f216,1,1,50500000000000000000000000,50500000.000000000000
2025-10-01,30,495231405,5f65f7b609678448494de4c87521cdf6cef1e932,54,54,46231268251493192634652842,46231268.251493192635
2025-10-01,31,-455196052,549d835356d92983abb76e4cae639f7857963425,19,19,45240350000000000000000000,45240350.000000000000
2025-10-01,32,-577523014,e29dee8c6805314b9abc4dbf07b7b314ea0f2e77,53,53,43576119978781183314123397,43576119.978781183314
2025-10-01,33,-577553578,a40afb15275a94f64af37c0ceaaaa45cb568a361,55,55,43465767826303697614202466,43465767.826303697614
2025-10-01,34,1809613945,100ae042ef0ea159ecc3513e9a378ff21f3829ba,46,46,42921552795435850000000000,42921552.795435850000
2025-10-01,35,1809658138,367c42a6f261ec54ffbecf5f41c226be12a3dca0,115,115,42871474270000000000000000,42871474.270000000000
2025-10-01,36,390036908,66e092fd00c4e4eb5bd20f5392c1902d738ae7bc,11,11,41333294000000000000000000,41333294.000000000000
2025-10-01,37,-297627070,f8191d98ae98d2f7abdfb63a9b0b812b93c873aa,51,51,41293039000000000000000000,41293039.000000000000
2025-10-01,38,-418461888,9a732577cd102ee30f4551e9cb5e3a6616fdca98,15,15,38899802747291679293996567,38899802.747291679294
2025-10-01,39,736007061,b81a0e6c38c3fec8a171cfe9631f60127a0c5bfd,63,39,38587846751879810327944733,38587846.751879810328
2025-10-01,40,1347656969,e3a46f6853a2f314b5ea98ca5d17cd2a1a90ecef,180,180,36875000000000000000000000,36875000.000000000000
2025-10-01,41,2117200554,30a97d2bd4268df1b5dc0e7d4d92eb3d3bcefb9d,31,31,34641545897845516234104769,34641545.897845516234
2025-10-01,42,-401716465,6de3708c5614385ff0c44fa5e70734488251172a,25,25,33684273509247984769256416,33684273.509247984769
2025-10-01,43,-473772777,f87acf8428f2f9403aaa0256a7272d6549eca8a8,265,253,33165331466817398325853657,33165331.466817398326
2025-10-01,44,1065481746,1c727a55ea3c11b0ab7d3a361fe0f3c47ce6de5d,138,138,31732553309591500000000000,31732553.309591500000
2025-10-01,45,-416912561,d39f1a3ff17dd4e4756ba73e7d9f980db093c597,8,8,31608400000000000000000000,31608400.000000000000
2025-10-01,46,1861713724,1ab4973a48dc892cd9971ece8e01dcc7688f8f23,127,127,31446873726615710000000000,31446873.726615710000
2025-10-01,47,-163088482,7cd0b7ed790f626ef1bd42db63b5ebeb5970c912,2,2,30027302542080170000000000,30027302.542080170000
2025-10-01,48,-50719393,15bd35fb388acfc63e02f21bacc6b5768ba70f8b,7,7,30000000000000000000000000,30000000.000000000000
2025-10-01,49,1966164382,8e712469e6cb10f6a9008fdcf2ab46c3ccc08232,46,46,28680771440000000000000000,28680771.440000000000
2025-10-01,50,-561793933,63242a4ea82847b20e506b63b0e2e2eff0cc6cb0,214,183,28393273722306969083958031,28393273.722306969084
2025-10-01,51,-215249457,81633c1357ddb25d8625efb2cad26a60988475bf,72,72,27775236995670344355615466,27775236.995670344356
2025-10-01,52,24521576,8a46b5dd6e1aa09619245ff386cff5a624cddddb,13,13,27183786066440000000000000,27183786.066440000000
2025-10-01,53,30616,1522900b6dafac587d499a862861c0869be6e428,24,24,27183762611793870000000000,27183762.611793870000
2025-10-01,54,-433401137,d6c757043e7d59088969b188923c62fa960afe9b,30,30,26749875243048465013447638,26749875.243048465013
2025-10-01,55,-566131296,e6871976b9c8f78e42da582fb16122d5028422de,185,185,26570405000000000000000000,26570405.000000000000
2025-10-01,56,2054943978,6a000f20005980200259b80c5102003040001068,360,307,26070919534225249026160129,26070919.534225249026
2025-10-01,57,-477952934,285d4119ecee1af80f0240db9cfcca5395fb4563,22,22,25819977000000000000000000,25819977.000000000000
2025-10-01,58,-352901898,a4a1ae640df6625d28aa87740a32bff7e15437e1,18,18,25589966784627809774763791,25589966.784627809775
2025-10-01,59,-395183936,46a79a5a9236c0bab5232a0b35c2f34e35de55ec,94,94,25514929327500000000000000,25514929.327500000000
2025-10-01,60,-489977622,8d8f598c1739e518b871815dd1f20ea3c169c360,107,70,25384328423294936033942069,25384328.423294936034
2025-10-01,61,1207193793,46db0650645f7c9a29783c89171a62240ccc35cf,4,4,25099349516842441990260151,25099349.516842441990
2025-10-01,62,849833446,1778767436111ec0adb10f9ba4f51a329d0e7770,12,12,25001404499631557271541707,25001404.499631557272
2025-10-01,63,882940793,f89d7b9c864f589bbf53a82105107622b35eaa40,81,81,23810046930492680000000000,23810046.930492680000
2025-10-01,64,611235262,e7cc930380cd2fd0ee8bbd6cb609a9b1a713149d,49,49,22878341948324182514698809,22878341.948324182515
2025-10-01,65,-218500549,55a23dc71c32afe679a8bc8fb626b631e7cd6b13,20,20,22684114539338915931139230,22684114.539338915931
2025-10-01,66,1580010267,9c69aabe81582b2d329b9d61eb9e9e2d9bf51d9e,23,23,20450000000000000000000000,20450000.000000000000
2025-10-01,67,-609869988,8c864d0c8e476bf9eb9d620c10e1296fb0e2f940,219,144,19522387362325148781741481,19522387.362325148782
2025-10-01,68,-546078740,d8e398a429ec1ef2c17a463c5c7b55837f8b5cf1,268,268,19221833734967000000000000,19221833.734967000000
2025-10-01,69,2087645946,13dda4af1d87c404f611dfc1555ed7074fe9e418,16,16,19139000000000000000000000,19139000.000000000000
2025-10-01,70,2000202299,888888888889758f76e7103c6cbf23abbf58f946,226,225,18692699812900724866256853,18692699.812900724866
2025-10-01,71,1663246624,cf5540fffcdc3d510b18bfca6d2b9987b0772559,136,136,18126675660037949107256896,18126675.660037949107
2025-10-01,72,1954796703,b9ed71dfa4bcea07907d5040a247b4694bcb9437,72,72,17745340669100000000000000,17745340.669100000000
2025-10-01,73,-249868632,01e04dc6097c1cbd11f64de0dea60fb2dfe02e5f,4,4,17700000000000000000000000,17700000.000000000000
2025-10-01,74,-575048156,424629a0d581b6076322a952fb43b78624db8a15,24,24,16750000000000000000000000,16750000.000000000000
2025-10-01,75,-258881147,9cbdbd7fa768ad6e9546ff57238722fa9b925329,13,13,16496843000000000000000000,16496843.000000000000
2025-10-01,76,-323129525,6e4141d33021b52c91c28608403db4a0ffb50ec6,127,107,15758912712094477546545500,15758912.712094477547
2025-10-01,77,-478833132,365084b05fa7d5028346bd21d842ed0601bab5b8,78,54,15564888098513184602867737,15564888.098513184603
2025-10-01,78,737469432,4831c121879d3de0e2b181d9d55e9b0724f5d926,10,10,15000000000000000000000000,15000000.000000000000
2025-10-01,79,-317332011,3063c5907faa10c01b242181aa689beb23d2bd65,5,5,14993567000000000000000000,14993567.000000000000
2025-10-01,80,1498626287,7b26d51202bb17d8cb1bd258e3dabbbeab15eeae,68,59,14499992000000000000000000,14499992.000000000000
2025-10-01,81,2120857848,1f2f10d1c40777ae1da742455c65828ff36df387,33,32,14285862824506372100050605,14285862.824506372100
2025-10-01,82,-369317767,704a288b17f739690f5248659f941da0e68dca95,9,9,13332312022872522761098594,13332312.022872522761
2025-10-01,83,-517350645,631876a50e447fb07c07b1d594ed44a35c650810,17,17,12911642292100947396635211,12911642.292100947397
2025-10-01,84,-517335238,80b10b2b96dda249f37d0c5ebe40bbcdbcc79ec7,16,16,12768297275143323456638532,12768297.275143323457
2025-10-01,85,1535629643,4624cb6d50edfe9e4471dbf34b63af2dbd2173b0,14,14,12156303928393914798998448,12156303.928393914799
2025-10-01,86,-581734394,2ac7908bd818982373f45fe1e5a6fb3c676fee1d,12,12,12001986412103213563319262,12001986.412103213563
2025-10-01,87,2146160451,7f5d2dc55140d460b7fca6ccc1c63790d2690955,50,50,11874934000000000000000000,11874934.000000000000
2025-10-01,88,1595266657,f5213a6a2f0890321712520b8048d9886c1a9900,353,353,11093966054200000000000000,11093966.054200000000
2025-10-01,89,-391104285,d4f480965d2347d421f1bec7f545682e5ec2151d,55,43,10984985591265798908412907,10984985.591265798908
2025-10-01,90,-103393091,45312ea0eff7e09c83cbe249fa1d7598c4c8cd4e,130,130,10883261792922872064089837,10883261.792922872064
2025-10-01,91,-449367349,0e5891850bb3f03090f03010000806f080040100,129,81,10880665805916152855147390,10880665.805916152855
2025-10-01,92,-623290986,c8a6e7e6600c2f9aaaeb0084d2d78e091bfcbfc5,15,15,10841092667396278930368353,10841092.667396278930
2025-10-01,93,-316031521,058bbff7be9d3cb50cdb9e6f6929f023f2763b98,27,27,10688904436129502324144118,10688904.436129502324
2025-10-01,94,-334478960,872ea3fe1a064a4f739fa897ec3f81404b352092,2,2,10567799511039618863120920,10567799.511039618863
2025-10-01,95,-198223899,b7210a359cd2034126b8b2c8b95e748f04fffa38,31,31,10502000000000000000000000,10502000.000000000000
2025-10-01,96,-344707876,ffa8db7b38579e6a2d14f9b347a9ace4d044cd54,16,16,10048999000000000000000000,10048999.000000000000
2025-10-01,97,-128997832,c1d023141ad6935f81e5286e577768b75c9ff8eb,10,10,10032299112241782912323224,10032299.112241782912
2025-10-01,98,1715474201,78f8bd884c3d738b74b420540659c82f392820e0,62,62,10008784585905332938796845,10008784.585905332939
2025-10-01,99,-359466258,0daf132c5554fd7d5eb422585426af557d8847e0,14,14,9896492693910688030465775,9896492.693910688030
2025-10-01,100,-343928440,da226c8a11fd2002cdab3120ae47c02275707081,2,2,9600000000000000000000000,9600000.000000000000
2025-11-01,1,-175406083,d001ae433f254283fece51d4acce8c53263aa186,681,643,387027249300831043037203827,387027249.30083104
2025-11-01,2,-302891536,fa82580c16a31d0c1bc632a36f82e83efef3eec0,1160,1160,325217799408262983707765040,325217799.40826298
2025-11-01,3,-332883267,491edfb0b8b608044e227225c715981a30f3a44e,29,29,307162809673509023605704540,307162809.67350902
2025-11-01,4,2139887976,fbca8b5f5794456b59ad4177e5b212d0db600bb6,15,15,224790246000000000000000000,224790246.00000000
2025-11-01,5,-175424509,ae317afa99c5d85afc79ca5c54556d146b8be7bb,37,37,221572144750916970500384833,221572144.75091697
2025-11-01,6,386939649,c333e80ef2dec2805f239e3f1e810612d294f771,42,42,219517179818846732520667078,219517179.81884673
2025-11-01,7,2147445254,1073d55dfb892ed86151015402db8b1cdb6ede78,20,20,161040016000000000000000000,161040016.00000000
2025-11-01,8,-43630165,f3391b687474e7d7b60c223c7a26332702d3c3c4,505,479,113876052923511110000000000,113876052.92351111
2025-11-01,9,881197687,9008d19f58aabd9ed0d60971565aa8510560ab41,722,672,108049963616034810652130233,108049963.61603481
2025-11-01,10,-314729456,d178a90c41ff3dcffbfdef7de0baf76cbfe6a121,309,309,98480060355000000000000000,98480060.355000000000
2025-11-01,11,1648553634,e146c01102e02344d4b1e59fd74b5054979d13a5,74,73,90049960010000000000000000,90049960.010000000000
2025-11-01,12,-568674443,af5372792a29dc6b296d6ffd4aa3386aff8f9bb2,233,218,81468058583801365935149375,81468058.583801365935
2025-11-01,13,-609869988,8c864d0c8e476bf9eb9d620c10e1296fb0e2f940,800,464,78264444113842067642370028,78264444.113842067642
2025-11-01,14,1734291305,880f622a1933acf82bfc5e630c9ab7f18ef47809,238,224,65907855000000000000000000,65907855.000000000000
2025-11-01,15,-151691092,05b7013adcc264ad73388563a1e98869aa4301ee,144,144,64857027000000000000000000,64857027.000000000000
2025-11-01,16,-217146480,cc6d2f26d363836f85a42d249e145ec0320d3e55,1844,1797,61803117780688580822533390,61803117.780688580823
2025-11-01,17,2055820491,0340d82237a62c7e567d30f1312e1bcae5fbf79e,13,13,50221855000000000000000000,50221855.000000000000
2025-11-01,18,882940793,f89d7b9c864f589bbf53a82105107622b35eaa40,298,298,49677223191053760000000000,49677223.191053760000
2025-11-01,19,1580010267,9c69aabe81582b2d329b9d61eb9e9e2d9bf51d9e,53,53,48622330875779570000000000,48622330.875779570000
2025-11-01,20,-455196052,549d835356d92983abb76e4cae639f7857963425,56,55,46336817400000000000000000,46336817.400000000000
2025-11-01,21,-476420994,e3190143eb552456f88464662f0c0c4ac67a77eb,128,128,45529921053547383670936697,45529921.053547383671
2025-11-01,22,-335892914,f07e3258395089514200209153a5d25da97bc22c,130,130,43466790040000000000000000,43466790.040000000000
2025-11-01,23,2147405513,7272b2a0d2e9ae6f381677887760e953bc9f2cec,12,12,42973933000000000000000000,42973933.000000000000
2025-11-01,24,-352212798,e1ce9af672f8854845e5474400b6ddc7ae458a10,353,350,36379198599107681001453985,36379198.599107681001
2025-11-01,25,-307846214,7f604d597c15b2e2f60dc645844f68b1d781b752,135,135,34501788544415000000000000,34501788.544415000000
2025-11-01,26,2119729236,81ebde24453b8e40454616579ea79c79a197699d,79,79,34450614224921775877534439,34450614.224921775878
2025-11-01,27,-527953136,7f37350f463525c2670b10234fb014bc406f851c,33,33,32584177599165864106604337,32584177.599165864107
2025-11-01,28,-527953230,49d357954cd3760cbf092b76b0b4a863e7b3c151,61,32,32492262237553498127612844,32492262.237553498128
2025-11-01,29,-363984600,4352cc849b33a936ad93bb109afdec1c89653b4f,8,8,32000000000000000000000000,32000000.000000000000
2025-11-01,30,1498626287,7b26d51202bb17d8cb1bd258e3dabbbeab15eeae,129,116,29957522410831580000000000,29957522.410831580000
2025-11-01,31,-395183936,46a79a5a9236c0bab5232a0b35c2f34e35de55ec,85,85,29407968747458940000000000,29407968.747458940000
2025-11-01,32,-561793933,63242a4ea82847b20e506b63b0e2e2eff0cc6cb0,350,281,28140975350238383035473440,28140975.350238383035
2025-11-01,33,1966164382,8e712469e6cb10f6a9008fdcf2ab46c3ccc08232,82,82,28104140000000000000000000,28104140.000000000000
2025-11-01,34,1347656969,e3a46f6853a2f314b5ea98ca5d17cd2a1a90ecef,124,124,27061000000000000000000000,27061000.000000000000
2025-11-01,35,-297627070,f8191d98ae98d2f7abdfb63a9b0b812b93c873aa,36,36,24313877000000000000000000,24313877.000000000000
2025-11-01,36,1965241174,f991acd672d5b344afcb29931af6401ed32e2691,37,36,23367183963523749278289807,23367183.963523749278
2025-11-01,37,1861713724,1ab4973a48dc892cd9971ece8e01dcc7688f8f23,891,891,23293623677057650000000000,23293623.677057650000
2025-11-01,38,2054943978,6a000f20005980200259b80c5102003040001068,336,294,22909161372473841050258009,22909161.372473841050
2025-11-01,39,-631360666,e2c70fa0bf188365a35440836f01367ca7802fe6,45,43,21719995000000000000000000,21719995.000000000000
2025-11-01,40,-566131296,e6871976b9c8f78e42da582fb16122d5028422de,200,200,21249767304570310000000000,21249767.304570310000
2025-11-01,41,497816519,b4fb31e7b1471a8e52dd1e962a281a732ead59c1,25,22,21144790691936180986213319,21144790.691936180986
2025-11-01,42,1729328533,02d967c88481d54e7fda18163b511895e1e49d4a,54,54,19541059000000000000000000,19541059.000000000000
2025-11-01,43,2000202299,888888888889758f76e7103c6cbf23abbf58f946,87,87,19248900090797386248688107,19248900.090797386249
2025-11-01,44,-8552324,6559eb070ec5f3b6cd278f5d43433bee724b55bb,20,20,18777090596692953048908651,18777090.596692953049
2025-11-01,45,-155850848,3290b7e095e756ee0fa9f51c4087c9f6546ee4fb,10,10,17710391408475867127868448,17710391.408475867128
2025-11-01,46,495231405,5f65f7b609678448494de4c87521cdf6cef1e932,88,88,17443864656171275485865280,17443864.656171275486
2025-11-01,47,1402428935,110538c4553a670cefedbe362301dc5a22c68342,18,18,16199990400000000000000000,16199990.400000000000
2025-11-01,48,1809613945,100ae042ef0ea159ecc3513e9a378ff21f3829ba,19,19,15215403826155840000000000,15215403.826155840000
2025-11-01,49,-317332011,3063c5907faa10c01b242181aa689beb23d2bd65,6,6,15019865091826133891050660,15019865.091826133891
2025-11-01,50,1429910833,afcd96e580138cfa2332c632e66308eacd45c5da,1,1,15000000000000000000000000,15000000.000000000000
2025-11-01,51,1809658138,367c42a6f261ec54ffbecf5f41c226be12a3dca0,25,25,14969121186485760000000000,14969121.186485760000
2025-11-01,52,-478833132,365084b05fa7d5028346bd21d842ed0601bab5b8,63,54,14864566875671548646854146,14864566.875671548647
2025-11-01,53,-258881147,9cbdbd7fa768ad6e9546ff57238722fa9b925329,17,17,13962614000000000000000000,13962614.000000000000
2025-11-01,54,2087645946,13dda4af1d87c404f611dfc1555ed7074fe9e418,45,45,13871277740000000000000000,13871277.740000000000
2025-11-01,55,-391104285,d4f480965d2347d421f1bec7f545682e5ec2151d,41,41,13721926320861517091510782,13721926.320861517092
2025-11-01,56,-546078740,d8e398a429ec1ef2c17a463c5c7b55837f8b5cf1,458,458,13545632064184000000000000,13545632.064184000000
2025-11-01,57,1688347765,134575ff75f9882ca905ee1d78c9340c091d6056,23,23,13433251252037559042003540,13433251.252037559042
2025-11-01,58,1954796703,b9ed71dfa4bcea07907d5040a247b4694bcb9437,45,45,12869996000000000000000000,12869996.000000000000
2025-11-01,59,-550522555,ec31bef615cfcc6ca1d83452599192154d5f8265,8,8,12627794838857054482744652,12627794.838857054483
2025-11-01,60,-577553578,a40afb15275a94f64af37c0ceaaaa45cb568a361,20,20,12135500046383738324065405,12135500.046383738324
2025-11-01,61,-577523014,e29dee8c6805314b9abc4dbf07b7b314ea0f2e77,35,19,12025147893906252624144474,12025147.893906252624
2025-11-01,62,-248192662,58a28096ee8f236f16a1d1e975a356b5b8b70dac,135,135,11980009000000000000000000,11980009.000000000000
2025-11-01,63,-103393091,45312ea0eff7e09c83cbe249fa1d7598c4c8cd4e,174,174,10823277313669977516543810,10823277.313669977517
2025-11-01,64,-119580844,01b2b67d7692857ffeff815fc3440f62ae8918b1,12,12,10805000000000000000000000,10805000.000000000000
2025-11-01,65,-304186985,f4f417a6b31e3623f1e8f9e3dd5740e59e0d9150,2,2,10676847443624787120783806,10676847.443624787121
2025-11-01,66,-304688224,cf0a315f4822efae0c97d1b58ee0f4fe5da8686b,2,2,10676847443624787120783806,10676847.443624787121
2025-11-01,67,-517350645,631876a50e447fb07c07b1d594ed44a35c650810,24,12,10525150499647751243662853,10525150.499647751244
2025-11-01,68,-517335238,80b10b2b96dda249f37d0c5ebe40bbcdbcc79ec7,12,12,10524742382540468674803684,10524742.382540468675
2025-11-01,69,-310206070,2d929c09e71f2547bc732bf89013fbd26bdd30d4,1,1,10459112572170503338901631,10459112.572170503339
2025-11-01,70,-120292250,2bba09866b6f1025258542478c39720a09b728bf,205,108,10388883032700994074915310,10388883.032700994075
2025-11-01,71,-477952934,285d4119ecee1af80f0240db9cfcca5395fb4563,9,9,10183828647571560000000000,10183828.647571560000
2025-11-01,72,-422676752,d7c7ff50ac296f58969cee5ad217dd012ed40352,1,1,10042690000000000000000000,10042690.000000000000
2025-11-01,73,849833446,1778767436111ec0adb10f9ba4f51a329d0e7770,4,4,10042690000000000000000000,10042690.000000000000
2025-11-01,74,-52473322,00c600b30fb0400701010f4b080409018b9006e0,65,48,9534824694940829658164847,9534824.694940829658
2025-11-01,75,1535629643,4624cb6d50edfe9e4471dbf34b63af2dbd2173b0,10,10,9208417914543653229466697,9208417.914543653229
2025-11-01,76,-454616561,7aaf9539b7359470def1920ca41b5aaa05c13726,10,10,8812963179172330392759645,8812963.179172330393
2025-11-01,77,-454624774,8950daa8c142e63eae0e8efef4c970c4e6602d56,13,13,8760711038022041221846493,8760711.038022041222
2025-11-01,78,-454631967,cb67e9d2dc346f06c4f5274a0cb8acd22c0b2877,10,9,8744381226271605319803102,8744381.226271605320
2025-11-01,79,-244256318,69ae073586994371a772efd96d65804c25f990a2,6,5,8511720000000000000000000,8511720.000000000000
2025-11-01,80,2020598735,ecd7eef15713997528896cb5db7ec316db4c2101,19,19,8460754737708387944698827,8460754.737708387945
2025-11-01,81,-227935026,e36b0bae3e9985d70096ed1b37d4dcf91edf4dce,6,5,8000000000000000000000000,8000000.000000000000
2025-11-01,82,-316031521,058bbff7be9d3cb50cdb9e6f6929f023f2763b98,27,27,7321652549539657405800830,7321652.549539657406
2025-11-01,83,1899934735,111111125421ca6dc452d289314280a0f8842a65,182,182,7305135040255187355735390,7305135.040255187356
2025-11-01,84,-184229947,3f3dd5111acb5ec5f0e3efdfbbacef652bfc8736,17,15,7040047493985000000000000,7040047.493985000000
2025-11-01,85,-641511723,b54efb99bcc7017ae446bea3c75c32a412c4b0c6,3,3,7000000000000000000000000,7000000.000000000000
2025-11-01,86,-577186117,207e1074858a7e78f17002075739ed2745dbaece,145,114,6708611928341844909892364,6708611.928341844910
2025-11-01,87,-167658139,af92e072cb195e7549f18ed99e72800f9203c72d,14,8,6670144558977229621673173,6670144.558977229622
2025-11-01,88,-418353515,d8495b95a3a6a85f4e3baa003e8b7ed1ed85562d,4,4,6596189710827882868316036,6596189.710827882868
2025-11-01,89,-311984272,64471d103a7f77262529383d53bdd28b260b1ae8,4,4,6512408158136307903049163,6512408.158136307903
2025-11-01,90,-419494535,50174919350fd2944439ba719488b78ec4be9357,31,31,6327976290163548954816432,6327976.290163548955
2025-11-01,91,-473772777,f87acf8428f2f9403aaa0256a7272d6549eca8a8,231,217,6237144239153419788711782,6237144.239153419789
2025-11-01,92,-575048156,424629a0d581b6076322a952fb43b78624db8a15,32,32,6193409097990267886027544,6193409.097990267886
2025-11-01,93,-624773432,39629852422f92597ea9a925444b063a1d59cd3a,10,10,6113545979481909810675091,6113545.979481909811
2025-11-01,94,2146160451,7f5d2dc55140d460b7fca6ccc1c63790d2690955,27,27,6099981000000000000000000,6099981.000000000000
2025-11-01,95,-549879787,bf060fe5b35aefbb80041e313510294e501b5e38,10,8,6068340472134927790842860,6068340.472134927791
2025-11-01,96,-74906579,a580fe412dfbc2754bf0b9006075bd4b64a6752b,3,3,5909187239208991930344683,5909187.239208991930
2025-11-01,97,-599637025,e837770fc477522360cf620bc15ba34cb9e4a6d0,9,9,5823887931487625687554652,5823887.931487625688
2025-11-01,98,1663246624,cf5540fffcdc3d510b18bfca6d2b9987b0772559,56,56,5815586601322980631029028,5815586.601322980631
2025-11-01,99,-168264839,05048f351e539e6c369bc5fe52d2ed5c008eb817,16,16,5585400000000000000000000,5585400.000000000000
2025-11-01,100,-645877692,a8dbcdb0290000c810c72fc00018f600b0272d87,25,25,5552013704783858641406776,5552013.704783858641
2025-12-01,1,-568674443,af5372792a29dc6b296d6ffd4aa3386aff8f9bb2,428,309,318260313418644394685749882,318260313.41864439
2025-12-01,2,-302891536,fa82580c16a31d0c1bc632a36f82e83efef3eec0,923,891,177867377922076026219364887,177867377.92207603
2025-12-01,3,-175406083,d001ae433f254283fece51d4acce8c53263aa186,257,233,150856974640003554882138174,150856974.64000355
2025-12-01,4,-314729456,d178a90c41ff3dcffbfdef7de0baf76cbfe6a121,265,257,140736114005233465749045000,140736114.00523347
2025-12-01,5,386939649,c333e80ef2dec2805f239e3f1e810612d294f771,44,44,116935148086038138151297496,116935148.08603814
2025-12-01,6,2147445254,1073d55dfb892ed86151015402db8b1cdb6ede78,4,4,110000268000000000000000000,110000268.00000000
2025-12-01,7,-335892914,f07e3258395089514200209153a5d25da97bc22c,115,115,109875377210736400000000000,109875377.21073640
2025-12-01,8,495231405,5f65f7b609678448494de4c87521cdf6cef1e932,81,81,101486283816058170567455633,101486283.81605817
2025-12-01,9,2147405513,7272b2a0d2e9ae6f381677887760e953bc9f2cec,21,21,100056070000000000000000000,100056070.000000000000
2025-12-01,10,1648553634,e146c01102e02344d4b1e59fd74b5054979d13a5,107,106,98144527785194239492930000,98144527.785194239493
2025-12-01,11,-43630165,f3391b687474e7d7b60c223c7a26332702d3c3c4,511,480,91558974778174420000000000,91558974.778174420000
2025-12-01,12,881197687,9008d19f58aabd9ed0d60971565aa8510560ab41,564,541,87470502150297768555493926,87470502.150297768555
2025-12-01,13,2139887976,fbca8b5f5794456b59ad4177e5b212d0db600bb6,8,8,87403563680000000000000000,87403563.680000000000
2025-12-01,14,-476420994,e3190143eb552456f88464662f0c0c4ac67a77eb,179,179,87179508965476066818675550,87179508.965476066819
2025-12-01,15,-151691092,05b7013adcc264ad73388563a1e98869aa4301ee,358,324,77532571480000000000000000,77532571.480000000000
2025-12-01,16,-175424509,ae317afa99c5d85afc79ca5c54556d146b8be7bb,8,8,75071944632418178151297496,75071944.632418178151
2025-12-01,17,1734291305,880f622a1933acf82bfc5e630c9ab7f18ef47809,173,159,75019363020000000000000000,75019363.020000000000
2025-12-01,18,736007061,b81a0e6c38c3fec8a171cfe9631f60127a0c5bfd,136,66,70221830833752620120107555,70221830.833752620120
2025-12-01,19,-56583054,860a80bd349dc4e46dc7345600eb627552ff898e,9,9,70094949279994191421846358,70094949.279994191422
2025-12-01,20,1729328533,02d967c88481d54e7fda18163b511895e1e49d4a,149,147,67312368000000000000000000,67312368.000000000000
2025-12-01,21,1429910833,afcd96e580138cfa2332c632e66308eacd45c5da,8,8,64500002243000000000000000,64500002.243000000000
2025-12-01,22,-341977189,1024f785724fe08902438761b288eff3ae41048a,48,21,63733985761952462283281445,63733985.761952462283
2025-12-01,23,2055820491,0340d82237a62c7e567d30f1312e1bcae5fbf79e,11,11,56448600000000000000000000,56448600.000000000000
2025-12-01,24,1108141440,a29e963992597b21bcdcaa969d571984869c4ff5,28,28,55404903000000000000000000,55404903.000000000000
2025-12-01,25,1552378461,c9f9f694ae147b1333c4f53266c5ccd5c6e4c04f,57,57,53654292210000000000000000,53654292.210000000000
2025-12-01,26,-215379840,d2e281bdf6a2a89b8004a10de76f32803f667238,85,85,53619392210000000000000000,53619392.210000000000
2025-12-01,27,-455196052,549d835356d92983abb76e4cae639f7857963425,86,80,50587187549879600020000000,50587187.549879600020
2025-12-01,28,-297627070,f8191d98ae98d2f7abdfb63a9b0b812b93c873aa,65,61,49343206000000000000000000,49343206.000000000000
2025-12-01,29,1809613945,100ae042ef0ea159ecc3513e9a378ff21f3829ba,43,43,45991706997903850000000000,45991706.997903850000
2025-12-01,30,1809658138,367c42a6f261ec54ffbecf5f41c226be12a3dca0,66,66,45180536522575640000000000,45180536.522575640000
2025-12-01,31,-477952934,285d4119ecee1af80f0240db9cfcca5395fb4563,35,35,43839168467459980000000000,43839168.467459980000
2025-12-01,32,1347656969,e3a46f6853a2f314b5ea98ca5d17cd2a1a90ecef,123,123,40237000000000000000000000,40237000.000000000000
2025-12-01,33,497816519,b4fb31e7b1471a8e52dd1e962a281a732ead59c1,17,17,40123762796038914215560041,40123762.796038914216
2025-12-01,34,-573209523,a427def3f920f718a89e5ab473c79c065ab10ef4,5,4,37301425828318758987739185,37301425.828318758988
2025-12-01,35,-307846214,7f604d597c15b2e2f60dc645844f68b1d781b752,168,160,36025808156359000000000000,36025808.156359000000
2025-12-01,36,-217146480,cc6d2f26d363836f85a42d249e145ec0320d3e55,1206,1163,35216856062097524771191701,35216856.062097524771
2025-12-01,37,-561793933,63242a4ea82847b20e506b63b0e2e2eff0cc6cb0,322,249,34137158711712303392804564,34137158.711712303393
2025-12-01,38,2119729236,81ebde24453b8e40454616579ea79c79a197699d,38,38,34090198368438969291248879,34090198.368438969291
2025-12-01,39,2054943978,6a000f20005980200259b80c5102003040001068,181,160,33598481384312001259355180,33598481.384312001259
2025-12-01,40,-311984272,64471d103a7f77262529383d53bdd28b260b1ae8,8,8,31176946093320736644654341,31176946.093320736645
2025-12-01,41,-163088482,7cd0b7ed790f626ef1bd42db63b5ebeb5970c912,1,1,30500000000000000000000000,30500000.000000000000
2025-12-01,42,-215249457,81633c1357ddb25d8625efb2cad26a60988475bf,19,18,29293525922115440332250532,29293525.922115440332
2025-12-01,43,1966164382,8e712469e6cb10f6a9008fdcf2ab46c3ccc08232,15,14,29000000000000000000000000,29000000.000000000000
2025-12-01,44,882940793,f89d7b9c864f589bbf53a82105107622b35eaa40,147,147,27657385806870030000000000,27657385.806870030000
2025-12-01,45,-395183936,46a79a5a9236c0bab5232a0b35c2f34e35de55ec,64,64,26317381496654360000000000,26317381.496654360000
2025-12-01,46,-52473322,00c600b30fb0400701010f4b080409018b9006e0,72,51,25504945961623416376226873,25504945.961623416376
2025-12-01,47,-478833132,365084b05fa7d5028346bd21d842ed0601bab5b8,50,36,21865080204942778362860631,21865080.204942778363
2025-12-01,48,-432618367,68e7e72938db36a5cbbca7b52c71dbbaadfb8264,8,8,21725194294208731200286790,21725194.294208731200
2025-12-01,49,1498626287,7b26d51202bb17d8cb1bd258e3dabbbeab15eeae,89,84,21149997401684980000000000,21149997.401684980000
2025-12-01,50,-332883267,491edfb0b8b608044e227225c715981a30f3a44e,4,4,19801317153972087091301946,19801317.153972087091
2025-12-01,51,-631360666,e2c70fa0bf188365a35440836f01367ca7802fe6,73,68,19075124349759830000000000,19075124.349759830000
2025-12-01,52,2020598735,ecd7eef15713997528896cb5db7ec316db4c2101,45,45,18845691162278456340913816,18845691.162278456341
2025-12-01,53,2120857848,1f2f10d1c40777ae1da742455c65828ff36df387,18,16,18741750026292755496128321,18741750.026292755496
2025-12-01,54,-566131296,e6871976b9c8f78e42da582fb16122d5028422de,142,137,18111000000000000000000000,18111000.000000000000
2025-12-01,55,-317332011,3063c5907faa10c01b242181aa689beb23d2bd65,49,49,17583618741968348061289734,17583618.741968348061
2025-12-01,56,1861713724,1ab4973a48dc892cd9971ece8e01dcc7688f8f23,146,146,16414244480439300000000000,16414244.480439300000
2025-12-01,57,-679101217,d52f342c66625e93e0faa3cde2aaa679ea05fbc0,16,16,15329035431270990891226261,15329035.431270990891
2025-12-01,58,-679088112,d72e18c9867fbf7b185b012640b89aac33d63014,15,15,15329035431270990891226261,15329035.431270990891
2025-12-01,59,-678913696,fc1aeaca2393b6d8033b5fdc3a4bedb98f57b9c5,15,15,15329035431270990891226261,15329035.431270990891
2025-12-01,60,1965241174,f991acd672d5b344afcb29931af6401ed32e2691,7,7,14374368302070609278380910,14374368.302070609278
2025-12-01,61,-609869988,8c864d0c8e476bf9eb9d620c10e1296fb0e2f940,302,198,14023754045177276155569480,14023754.045177276156
2025-12-01,62,-316031521,058bbff7be9d3cb50cdb9e6f6929f023f2763b98,32,32,13779105409357608773864564,13779105.409357608774
2025-12-01,63,-169769396,51e49ce1f4ace38ac815cfe2cef14397cd9932fb,12,12,13663330000000000000000000,13663330.000000000000
2025-12-01,64,-487297808,ba0642f3f5afe015758e6035e852921d1c61f216,2,2,12403563680000000000000000,12403563.680000000000
2025-12-01,65,-103393091,45312ea0eff7e09c83cbe249fa1d7598c4c8cd4e,135,135,11427610737817069159221129,11427610.737817069159
2025-12-01,66,-120292250,2bba09866b6f1025258542478c39720a09b728bf,174,126,11308741449365018394654993,11308741.449365018395
2025-12-01,67,-418461888,9a732577cd102ee30f4551e9cb5e3a6616fdca98,2,2,10944134296417405001104164,10944134.296417405001
2025-12-01,68,-623290986,c8a6e7e6600c2f9aaaeb0084d2d78e091bfcbfc5,3,3,10911336533675429220789666,10911336.533675429221
2025-12-01,69,-248192662,58a28096ee8f236f16a1d1e975a356b5b8b70dac,115,115,10850000000000000000000000,10850000.000000000000
2025-12-01,70,-119580844,01b2b67d7692857ffeff815fc3440f62ae8918b1,10,10,10800100000000000000000000,10800100.000000000000
2025-12-01,71,-305931686,ab4de5b4016f44d546258f31ebae4a826d875e73,1,1,10459112572170503338901631,10459112.572170503339
2025-12-01,72,1402428935,110538c4553a670cefedbe362301dc5a22c68342,10,10,10405152540000000000000000,10405152.540000000000
2025-12-01,73,-218500549,55a23dc71c32afe679a8bc8fb626b631e7cd6b13,9,9,10195074103464590000000000,10195074.103464590000
2025-12-01,74,-688347943,acfac4c6f03b2637953926907dd7fc010f3bab7d,1,1,10000000000000000000000000,10000000.000000000000
2025-12-01,75,1954796703,b9ed71dfa4bcea07907d5040a247b4694bcb9437,29,29,9799684090700000000000000,9799684.090700000000
2025-12-01,76,-731277697,3c1765de3efb746235526b10b94de1e2332aedbf,2,2,9500000000000000000000000,9500000.000000000000
2025-12-01,77,-645877692,a8dbcdb0290000c810c72fc00018f600b0272d87,24,24,9320740688731998391314420,9320740.688731998391
2025-12-01,78,-136053573,9bcd841436ef4f85dacefb1aec772af71619024e,12,12,9099452687020806925003420,9099452.687020806925
2025-12-01,79,-697001136,5a1b2acd0c9992e14f2b6d8a326023e35a097a3a,153,110,8958011671813262239839220,8958011.671813262240
2025-12-01,80,-244256318,69ae073586994371a772efd96d65804c25f990a2,14,14,8899619000000000000000000,8899619.000000000000
2025-12-01,81,-460093502,cd0673721a489b1cea0e2580fa304bcb6cca3186,13,13,8511369853734662312260455,8511369.853734662312
2025-12-01,82,-598250226,2e343ad2e670a2139b05ea4cf90312612d7a42ae,6,6,8405801992839430665850598,8405801.992839430666
2025-12-01,83,-598268631,1d3fa8bd88f246c6c6e5582690f9198fae16b195,2,2,8401460062757444118090167,8401460.062757444118
2025-12-01,84,-598232362,9b6a57fda106eff13ffe4ea4ef2783c547f75cd7,4,4,8401460062757444118090167,8401460.062757444118
2025-12-01,85,-342722525,289c204b35859bfb924b9c0759a4fe80f610671c,22,22,8010951972810434365241556,8010951.972810434365
2025-12-01,86,2028093831,b93e3d70ac9cacd51764f09ae0d01b905dc291e1,12,11,8000731630000000000000000,8000731.630000000000
2025-12-01,87,-227935026,e36b0bae3e9985d70096ed1b37d4dcf91edf4dce,6,5,8000000000000000000000000,8000000.000000000000
2025-12-01,88,-168264839,05048f351e539e6c369bc5fe52d2ed5c008eb817,17,17,7795900000000000000000000,7795900.000000000000
2025-12-01,89,-315856379,77e19de48f43af1d150aaef2de7e7ab8f3e55360,32,31,7761061173916641096906524,7761061.173916641097
2025-12-01,90,-369938010,ab8552143dc480f2959c7ab8ccefc3eba0513b39,1,1,7500000000000000000000000,7500000.000000000000
2025-12-01,91,-352212798,e1ce9af672f8854845e5474400b6ddc7ae458a10,93,89,7417761405068705465189093,7417761.405068705465
2025-12-01,92,-111399962,000000000004444c5dc75cb358380d2e3de08a90,160,154,7218972391099304142625686,7218972.391099304143
2025-12-01,93,-546078740,d8e398a429ec1ef2c17a463c5c7b55837f8b5cf1,412,406,7212080040956000000000000,7212080.040956000000
2025-12-01,94,-2984458,6f94eb271ceb5a33aeab5bb8b8edea8ecf35ee86,2,2,7045043916748000000000000,7045043.916748000000
2025-12-01,95,-679075231,832fe608c50ade63700d216636ca48b9e8a7d89e,17,17,6727633305114561705846828,6727633.305114561706
2025-12-01,96,-679084496,86761be7d4e6fe6f35b3335765a20b2b2e1849a3,6,6,6710452401912522140826974,6710452.401912522141
2025-12-01,97,-679054318,fbca329e2ee0c44d8f115a4b8f7ceda9e109f436,8,8,6710452401912522140826974,6710452.401912522141
2025-12-01,98,-718900214,990636ecb3ff04d33d92e970d3d588bf5cd8d086,195,113,6640650409887146666469709,6640650.409887146666
2025-12-01,99,-238084659,5f32351f668c04ae371dee96478eb567e64d0b7e,3,3,6447074405891603112861288,6447074.405891603113
2025-12-01,100,2034702912,b300000b72deaeb607a12d5f54773d1c19c7028d,48,39,6280265655758524397196583,6280265.655758524397
2026-01-01,1,-175406083,d001ae433f254283fece51d4acce8c53263aa186,255,223,168882014192350992084239147,168882014.19235099
2026-01-01,2,-314729456,d178a90c41ff3dcffbfdef7de0baf76cbfe6a121,163,156,150464027481457156417959636,150464027.48145716
2026-01-01,3,386939649,c333e80ef2dec2805f239e3f1e810612d294f771,50,50,145452430557300000000000000,145452430.55730000
2026-01-01,4,1648553634,e146c01102e02344d4b1e59fd74b5054979d13a5,89,88,131393828399122953265395826,131393828.39912295
2026-01-01,5,-335892914,f07e3258395089514200209153a5d25da97bc22c,65,65,130310863750000000000000000,130310863.75000000
2026-01-01,6,-43630165,f3391b687474e7d7b60c223c7a26332702d3c3c4,479,446,128744962838839029197580000,128744962.83883903
2026-01-01,7,-302891536,fa82580c16a31d0c1bc632a36f82e83efef3eec0,712,682,97850687572127087993358006,97850687.572127087993
2026-01-01,8,1108141440,a29e963992597b21bcdcaa969d571984869c4ff5,30,30,80150697350000000000000000,80150697.350000000000
2026-01-01,9,-476420994,e3190143eb552456f88464662f0c0c4ac67a77eb,253,253,79923930021431256722903222,79923930.021431256723
2026-01-01,10,-215379840,d2e281bdf6a2a89b8004a10de76f32803f667238,76,76,74086123750000000000000000,74086123.750000000000
2026-01-01,11,1552378461,c9f9f694ae147b1333c4f53266c5ccd5c6e4c04f,41,41,74086123750000000000000000,74086123.750000000000
2026-01-01,12,-455196052,549d835356d92983abb76e4cae639f7857963425,94,85,73170345404648400000000000,73170345.404648400000
2026-01-01,13,2139887976,fbca8b5f5794456b59ad4177e5b212d0db600bb6,8,8,70400176000000000000000000,70400176.000000000000
2026-01-01,14,-175424509,ae317afa99c5d85afc79ca5c54556d146b8be7bb,12,12,70396637538433638902158566,70396637.538433638902
2026-01-01,15,-151691092,05b7013adcc264ad73388563a1e98869aa4301ee,222,202,69737241335940000000000000,69737241.335940000000
2026-01-01,16,1734291305,880f622a1933acf82bfc5e630c9ab7f18ef47809,166,150,69443368100000000000000000,69443368.100000000000
2026-01-01,17,1729328533,02d967c88481d54e7fda18163b511895e1e49d4a,96,95,67286800000000000000000000,67286800.000000000000
2026-01-01,18,-332883267,491edfb0b8b608044e227225c715981a30f3a44e,29,29,61796948790796111936851006,61796948.790796111937
2026-01-01,19,2147405513,7272b2a0d2e9ae6f381677887760e953bc9f2cec,20,20,61745328000000000000000000,61745328.000000000000
2026-01-01,20,2055820491,0340d82237a62c7e567d30f1312e1bcae5fbf79e,9,9,54763600000000000000000000,54763600.000000000000
2026-01-01,21,-307846214,7f604d597c15b2e2f60dc645844f68b1d781b752,184,172,52134395772980000000000000,52134395.772980000000
2026-01-01,22,-217146480,cc6d2f26d363836f85a42d249e145ec0320d3e55,963,945,46205910081438622762820953,46205910.081438622763
2026-01-01,23,-718900214,990636ecb3ff04d33d92e970d3d588bf5cd8d086,569,311,44228880813191467034604360,44228880.813191467035
2026-01-01,24,-395183936,46a79a5a9236c0bab5232a0b35c2f34e35de55ec,74,74,42581972845872818034831549,42581972.845872818035
2026-01-01,25,-103393091,45312ea0eff7e09c83cbe249fa1d7598c4c8cd4e,124,124,41827087009062905284940121,41827087.009062905285
2026-01-01,26,-561793933,63242a4ea82847b20e506b63b0e2e2eff0cc6cb0,231,204,41372913403059423602184866,41372913.403059423602
2026-01-01,27,1809613945,100ae042ef0ea159ecc3513e9a378ff21f3829ba,34,34,37633881310854630000000000,37633881.310854630000
2026-01-01,28,1809658138,367c42a6f261ec54ffbecf5f41c226be12a3dca0,58,58,37616922320000000000000000,37616922.320000000000
2026-01-01,29,882940793,f89d7b9c864f589bbf53a82105107622b35eaa40,187,187,34811751296722514986344884,34811751.296722514986
2026-01-01,30,881197687,9008d19f58aabd9ed0d60971565aa8510560ab41,454,438,34789489549592170050905697,34789489.549592170051
2026-01-01,31,495231405,5f65f7b609678448494de4c87521cdf6cef1e932,83,83,34194746046984363846762616,34194746.046984363847
2026-01-01,32,-477952934,285d4119ecee1af80f0240db9cfcca5395fb4563,34,34,33902843497630000000000000,33902843.497630000000
2026-01-01,33,-631360666,e2c70fa0bf188365a35440836f01367ca7802fe6,56,55,33399995014400000000000000,33399995.014400000000
2026-01-01,34,1498626287,7b26d51202bb17d8cb1bd258e3dabbbeab15eeae,121,110,33000003235480000002900000,33000003.235480000003
2026-01-01,35,-577523014,e29dee8c6805314b9abc4dbf07b7b314ea0f2e77,81,41,31546171752469936682721130,31546171.752469936683
2026-01-01,36,-577553578,a40afb15275a94f64af37c0ceaaaa45cb568a361,42,42,31546159498087719661958639,31546159.498087719662
2026-01-01,37,1347656969,e3a46f6853a2f314b5ea98ca5d17cd2a1a90ecef,48,48,30399700000000000000000000,30399700.000000000000
2026-01-01,38,-568674443,af5372792a29dc6b296d6ffd4aa3386aff8f9bb2,177,159,29345901522761317943192729,29345901.522761317943
2026-01-01,39,-297627070,f8191d98ae98d2f7abdfb63a9b0b812b93c873aa,52,48,28237504000000000000000000,28237504.000000000000
2026-01-01,40,1861713724,1ab4973a48dc892cd9971ece8e01dcc7688f8f23,148,148,27806970350744540000000000,27806970.350744540000
2026-01-01,41,-566131296,e6871976b9c8f78e42da582fb16122d5028422de,115,110,26495046000000000000000000,26495046.000000000000
2026-01-01,42,779989060,28c6c06298d514db089934071355e5743bf21d60,93,93,22214442409969360000000000,22214442.409969360000
2026-01-01,43,1966164382,8e712469e6cb10f6a9008fdcf2ab46c3ccc08232,12,12,21500000000000000000000000,21500000.000000000000
2026-01-01,44,2147445254,1073d55dfb892ed86151015402db8b1cdb6ede78,4,4,21000121000000000000000000,21000121.000000000000
2026-01-01,45,-478833132,365084b05fa7d5028346bd21d842ed0601bab5b8,56,36,19609131722238651907774796,19609131.722238651908
2026-01-01,46,-334478960,872ea3fe1a064a4f739fa897ec3f81404b352092,7,7,19497282626985566976925159,19497282.626985566977
2026-01-01,47,-56583054,860a80bd349dc4e46dc7345600eb627552ff898e,6,6,16750235779954645272268752,16750235.779954645272
2026-01-01,48,1402428935,110538c4553a670cefedbe362301dc5a22c68342,17,17,15799990000000000000000000,15799990.000000000000
2026-01-01,49,-487297808,ba0642f3f5afe015758e6035e852921d1c61f216,3,3,15400000000000000000000000,15400000.000000000000
2026-01-01,50,1954796703,b9ed71dfa4bcea07907d5040a247b4694bcb9437,34,34,14992238010900000002000000,14992238.010900000002
2026-01-01,51,2120857848,1f2f10d1c40777ae1da742455c65828ff36df387,39,39,14202393564980170146311208,14202393.564980170146
2026-01-01,52,2000202299,888888888889758f76e7103c6cbf23abbf58f946,19,19,14006891148519145309917282,14006891.148519145310
2026-01-01,53,1429910833,afcd96e580138cfa2332c632e66308eacd45c5da,3,3,14000010123400000000000000,14000010.123400000000
2026-01-01,54,-550522555,ec31bef615cfcc6ca1d83452599192154d5f8265,10,10,13709846945142276414594717,13709846.945142276415
2026-01-01,55,-810398740,8baa87a1de3158cf2966efc4a38e0b00b86f9c0b,18,18,13499889011000000000000000,13499889.011000000000
2026-01-01,56,992914518,d0b8dfcf9da999db981a60a8da6584e8e52b757c,32,32,12220015540387143461689055,12220015.540387143462
2026-01-01,57,-787822446,62425cd6bdcb6bfe51558ea465b063486b70dc9f,27,22,11367726783628244779393775,11367726.783628244779
2026-01-01,58,617232686,85464b207d7c1fce8da13d2f3d950c796e399a9c,7,7,10277020000000000000000000,10277020.000000000000
2026-01-01,59,-18186131,b561b1e79e448bc3a7ac4dc377eeecbc99505f60,3,3,10233000000000000000000000,10233000.000000000000
2026-01-01,60,-364015250,d485d32bf1f7d50ecb03c04a71345c2b4b42587c,1,1,10000000000000000000000000,10000000.000000000000
2026-01-01,61,-119580844,01b2b67d7692857ffeff815fc3440f62ae8918b1,13,13,9644500000000000000000000,9644500.000000000000
2026-01-01,62,-546078740,d8e398a429ec1ef2c17a463c5c7b55837f8b5cf1,237,232,9326507226094000000000000,9326507.226094000000
2026-01-01,63,1103453348,ae96e864851b763b562d0f34605b0ab47969ff71,24,24,9138531235275573409704273,9138531.235275573410
2026-01-01,64,-200812518,9a4f3d26a45129e0d3fce84547ba19f3861eb26c,25,25,9049973000000000000000000,9049973.000000000000
2026-01-01,65,-344707876,ffa8db7b38579e6a2d14f9b347a9ace4d044cd54,14,14,8750000000000000000000000,8750000.000000000000
2026-01-01,66,-244256318,69ae073586994371a772efd96d65804c25f990a2,14,13,8416844000000000000000000,8416844.000000000000
2026-01-01,67,-679315137,c30f6ee36a1746dd71c7e81529eeae7ce2f52252,27,20,8401927885907136962622748,8401927.885907136963
2026-01-01,68,-227935026,e36b0bae3e9985d70096ed1b37d4dcf91edf4dce,2,2,8000000000000000000000000,8000000.000000000000
2026-01-01,69,-311984272,64471d103a7f77262529383d53bdd28b260b1ae8,3,3,7500000000000000000000000,7500000.000000000000
2026-01-01,70,-449469067,29b4002507220fad2e80a616ca83f28b97fc5738,29,29,6683918909931995990613530,6683918.909931995991
2026-01-01,71,-236317071,7a9e7a2453cc940b112d668656404a8ffea8cb98,9,9,6602872640260750000000000,6602872.640260750000
2026-01-01,72,-581734394,2ac7908bd818982373f45fe1e5a6fb3c676fee1d,1,1,6541579167781272169429801,6541579.167781272169
2026-01-01,73,1654726148,77ab7d3d34b80f033f494f95683264690fdcd5b9,4,4,6500091990000000000000000,6500091.990000000000
2026-01-01,74,-351741607,b115fe9a340eca8251b038d0b2deae482f18c8b2,37,37,6254501000000000000000000,6254501.000000000000
2026-01-01,75,2054943978,6a000f20005980200259b80c5102003040001068,94,84,6131215199887336212018730,6131215.199887336212
2026-01-01,76,-341174562,2c0552e5dcb79b064fd23e358a86810bc5994244,28,24,5936709390335491892245754,5936709.390335491892
2026-01-01,77,-552854767,f0f23e6ba52dfeca857ebda3384f7fbbab85796d,10,10,5849464257819000000000000,5849464.257819000000
2026-01-01,78,-550414485,1ed617529d80ae87e6611f11d8de8532eced42bc,10,10,5849464257819000000000000,5849464.257819000000
2026-01-01,79,-575048156,424629a0d581b6076322a952fb43b78624db8a15,18,18,5827932113771658997229956,5827932.113771658997
2026-01-01,80,-786159285,32c061e5254757c0f50610be215e6c260d135239,10,10,5788020419313703668500175,5788020.419313703669
2026-01-01,81,-786198271,844d4c51f8f4b1f4e6f50cc01118bb2c9f6bb6af,4,4,5775520104969572882954683,5775520.104969572883
2026-01-01,82,-786158552,8e1e0ef105055c27d111b1a89f4a8e1dfc50d331,5,5,5775520104969572882954683,5775520.104969572883
2026-01-01,83,-52473322,00c600b30fb0400701010f4b080409018b9006e0,18,14,5709679409041584504269882,5709679.409041584504
2026-01-01,84,2145174805,70bf6634ee8cb27d04478f184b9b8bb13e5f4710,15,15,5631342901858486333368997,5631342.901858486333
2026-01-01,85,497816519,b4fb31e7b1471a8e52dd1e962a281a732ead59c1,9,9,5604451126466471416800675,5604451.126466471417
2026-01-01,86,1483772585,1980475c3a279935ca611c9a41f17974ebc2e050,10,9,5598748774480022862859304,5598748.774480022863
2026-01-01,87,-467173258,fce2da58e1207e6436bcdf9e55415a93a7f0b495,6,6,5515761700914632092456576,5515761.700914632092
2026-01-01,88,-731277697,3c1765de3efb746235526b10b94de1e2332aedbf,1,1,5486793000000000000000000,5486793.000000000000
2026-01-01,89,1881090579,76be51aa94fb1c9632107349aab0488d878e4395,10,10,5449688034874728181928089,5449688.034874728182
2026-01-01,90,-166713851,34e479b3dbd9f1b05cf9fff3e7bcee2630e403ad,1,1,5300000000000000000000000,5300000.000000000000
2026-01-01,91,-517335238,80b10b2b96dda249f37d0c5ebe40bbcdbcc79ec7,9,9,5173748151169855101340467,5173748.151169855101
2026-01-01,92,1778925026,12ba33c6b8ac904b6fd9cb6dff3fdb86bc19b75a,3,3,5143845384099692368339653,5143845.384099692368
2026-01-01,93,-517350645,631876a50e447fb07c07b1d594ed44a35c650810,14,7,5045094490030597491903136,5045094.490030597492
2026-01-01,94,-168264839,05048f351e539e6c369bc5fe52d2ed5c008eb817,20,20,5022100000000000000000000,5022100.000000000000
2026-01-01,95,-389903066,1a9d699aee3a56ca49d0cc3b542ae3a37885a3e1,29,28,5017597679632478312185732,5017597.679632478312
2026-01-01,96,468933158,9bdb521a97e95177bf252c253e256a60c3e14447,1,1,5000100000000000000000000,5000100.000000000000
2026-01-01,97,400206813,55e4d16f9c3041eff17ca32850662f3e9dddbce7,3,3,5000010000000000000000000,5000010.000000000000
2026-01-01,98,889165884,58d5e206df7a8d9da9da3ba0f59cdfa6b12fe38b,1,1,5000000000000000000000000,5000000.000000000000
2026-01-01,99,1809895134,d59d7a9698eff3e68e0af7e803d4ed35e7ed12d2,15,15,4990372000000000000000000,4990372.000000000000
2026-01-01,100,-771427500,be2b5838eb9eedb637ede5df8ac43b73b4482ae8,1,1,4798091915816203801658006,4798091.915816203802
2026-02-01,1,-455196052,549d835356d92983abb76e4cae639f7857963425,181,164,283994352450000000000000000,283994352.45000000
2026-02-01,2,-314729456,d178a90c41ff3dcffbfdef7de0baf76cbfe6a121,113,108,232304939703754368320000000,232304939.70375437
2026-02-01,3,1648553634,e146c01102e02344d4b1e59fd74b5054979d13a5,91,90,183478915509088326857980001,183478915.50908833
2026-02-01,4,386939649,c333e80ef2dec2805f239e3f1e810612d294f771,55,55,178552100217105777053456062,178552100.21710578
2026-02-01,5,2139887976,fbca8b5f5794456b59ad4177e5b212d0db600bb6,16,16,164758789000000000000000000,164758789.00000000
2026-02-01,6,779989060,28c6c06298d514db089934071355e5743bf21d60,429,429,154270387774869370000000000,154270387.77486937
2026-02-01,7,-302891536,fa82580c16a31d0c1bc632a36f82e83efef3eec0,709,702,147757668977699436119002936,147757668.97769944
2026-02-01,8,-43630165,f3391b687474e7d7b60c223c7a26332702d3c3c4,426,390,147732937657069210000000000,147732937.65706921
2026-02-01,9,-175406083,d001ae433f254283fece51d4acce8c53263aa186,346,326,147333103350803866014244312,147333103.35080387
2026-02-01,10,-476420994,e3190143eb552456f88464662f0c0c4ac67a77eb,215,215,101081847704659297912442590,101081847.70465930
2026-02-01,11,-335892914,f07e3258395089514200209153a5d25da97bc22c,52,52,97150283550540000000000000,97150283.550540000000
2026-02-01,12,1966164382,8e712469e6cb10f6a9008fdcf2ab46c3ccc08232,18,18,91490000000000000000000000,91490000.000000000000
2026-02-01,13,2147445254,1073d55dfb892ed86151015402db8b1cdb6ede78,10,10,77700202000000000000000000,77700202.000000000000
2026-02-01,14,881197687,9008d19f58aabd9ed0d60971565aa8510560ab41,601,571,68066983297395523933001320,68066983.297395523933
2026-02-01,15,2147405513,7272b2a0d2e9ae6f381677887760e953bc9f2cec,16,16,65764188650000000000000000,65764188.650000000000
2026-02-01,16,1729328533,02d967c88481d54e7fda18163b511895e1e49d4a,86,84,65292718000000000000000000,65292718.000000000000
2026-02-01,17,1734291305,880f622a1933acf82bfc5e630c9ab7f18ef47809,112,102,65140218000000000000000000,65140218.000000000000
2026-02-01,18,-151691092,05b7013adcc264ad73388563a1e98869aa4301ee,204,169,64643805815280000000000000,64643805.815280000000
2026-02-01,19,-631360666,e2c70fa0bf188365a35440836f01367ca7802fe6,132,131,63649973221777000010000000,63649973.221777000010
2026-02-01,20,-175424509,ae317afa99c5d85afc79ca5c54556d146b8be7bb,9,9,57612055748224777053456062,57612055.748224777053
2026-02-01,21,-332883267,491edfb0b8b608044e227225c715981a30f3a44e,16,16,55142453631866297997348277,55142453.631866297997
2026-02-01,22,-441049605,ea59bb2a900558a8c459fad77b72327ab892a524,7,7,50164765000000000000000000,50164765.000000000000
2026-02-01,23,-719589163,7d98e5fd009eb13fdd6bae736484ccd1a5a0ab9f,1,1,50000000000000000000000000,50000000.000000000000
2026-02-01,24,2055820491,0340d82237a62c7e567d30f1312e1bcae5fbf79e,8,8,47253118000000000000000000,47253118.000000000000
2026-02-01,25,1108141440,a29e963992597b21bcdcaa969d571984869c4ff5,21,21,45928034241500000000000000,45928034.241500000000
2026-02-01,26,-561793933,63242a4ea82847b20e506b63b0e2e2eff0cc6cb0,277,236,44018765600042565124022606,44018765.600042565124
2026-02-01,27,1552378461,c9f9f694ae147b1333c4f53266c5ccd5c6e4c04f,12,12,42187428000000000000000000,42187428.000000000000
2026-02-01,28,-215379840,d2e281bdf6a2a89b8004a10de76f32803f667238,43,43,42136999100000000000000000,42136999.100000000000
2026-02-01,29,-217146480,cc6d2f26d363836f85a42d249e145ec0320d3e55,890,871,37926265710217984159146248,37926265.710217984159
2026-02-01,30,-568674443,af5372792a29dc6b296d6ffd4aa3386aff8f9bb2,173,148,37842503925815978665602435,37842503.925815978666
2026-02-01,31,-787822446,62425cd6bdcb6bfe51558ea465b063486b70dc9f,115,104,37363188154166610000000000,37363188.154166610000
2026-02-01,32,1402428935,110538c4553a670cefedbe362301dc5a22c68342,39,39,36749995005000000000000000,36749995.005000000000
2026-02-01,33,1654726148,77ab7d3d34b80f033f494f95683264690fdcd5b9,36,36,34198930603837480000000000,34198930.603837480000
2026-02-01,34,1347656969,e3a46f6853a2f314b5ea98ca5d17cd2a1a90ecef,48,48,33238400000000000000000000,33238400.000000000000
2026-02-01,35,-103393091,45312ea0eff7e09c83cbe249fa1d7598c4c8cd4e,100,100,32521656020650702489556931,32521656.020650702490
2026-02-01,36,-307846214,7f604d597c15b2e2f60dc645844f68b1d781b752,209,189,31533513614952000000000000,31533513.614952000000
2026-02-01,37,1809613945,100ae042ef0ea159ecc3513e9a378ff21f3829ba,32,32,30979275669641310000000000,30979275.669641310000
2026-02-01,38,1809658138,367c42a6f261ec54ffbecf5f41c226be12a3dca0,37,37,30876926810000000000000000,30876926.810000000000
2026-02-01,39,-297627070,f8191d98ae98d2f7abdfb63a9b0b812b93c873aa,76,72,29683223000000000000000000,29683223.000000000000
2026-02-01,40,-258881147,9cbdbd7fa768ad6e9546ff57238722fa9b925329,2,2,29069036652140000000000000,29069036.652140000000
2026-02-01,41,1861713724,1ab4973a48dc892cd9971ece8e01dcc7688f8f23,158,158,29011506457692080000000000,29011506.457692080000
2026-02-01,42,495231405,5f65f7b609678448494de4c87521cdf6cef1e932,52,52,28515207767599563565995444,28515207.767599563566
2026-02-01,43,-166713851,34e479b3dbd9f1b05cf9fff3e7bcee2630e403ad,10,10,28287748100000000000000000,28287748.100000000000
2026-02-01,44,1569406658,0c883bacaf927076c702fd580505275be44fb63e,11,11,25164481396937114863070112,25164481.396937114863
2026-02-01,45,-718900214,990636ecb3ff04d33d92e970d3d588bf5cd8d086,533,303,24090242102347012455832388,24090242.102347012456
2026-02-01,46,-56583054,860a80bd349dc4e46dc7345600eb627552ff898e,13,13,22535257201786355183900164,22535257.201786355184
2026-02-01,47,-395183936,46a79a5a9236c0bab5232a0b35c2f34e35de55ec,47,47,21562154223782960010000000,21562154.223782960010
2026-02-01,48,-566131296,e6871976b9c8f78e42da582fb16122d5028422de,59,59,21449670000000000000000000,21449670.000000000000
2026-02-01,49,-334478960,872ea3fe1a064a4f739fa897ec3f81404b352092,3,3,20128881983366745696858175,20128881.983366745697
2026-02-01,50,-432618367,68e7e72938db36a5cbbca7b52c71dbbaadfb8264,18,18,17947188104377592067674297,17947188.104377592068
2026-02-01,51,-629798092,1c934e8029d17920e697e3eb214014806576983f,13,13,17125052896877092426463517,17125052.896877092426
2026-02-01,52,611235262,e7cc930380cd2fd0ee8bbd6cb609a9b1a713149d,10,10,16114677967296181677806459,16114677.967296181678
2026-02-01,53,1954796703,b9ed71dfa4bcea07907d5040a247b4694bcb9437,43,43,16009761260130000000000000,16009761.260130000000
2026-02-01,54,-477952934,285d4119ecee1af80f0240db9cfcca5395fb4563,17,17,15449278320000000000000000,15449278.320000000000
2026-02-01,55,-341174562,2c0552e5dcb79b064fd23e358a86810bc5994244,71,65,15408021215639444495038831,15408021.215639444495
2026-02-01,56,-487297808,ba0642f3f5afe015758e6035e852921d1c61f216,1,1,15000000000000000000000000,15000000.000000000000
2026-02-01,57,-405457032,20f5187519367402adc89bc2fb4ac35354ad34fb,1,1,14983800000000000000000000,14983800.000000000000
2026-02-01,58,2119729236,81ebde24453b8e40454616579ea79c79a197699d,26,26,14824010881442618450900580,14824010.881442618451
2026-02-01,59,-422676752,d7c7ff50ac296f58969cee5ad217dd012ed40352,3,3,14394000000000000000000000,14394000.000000000000
2026-02-01,60,1809895134,d59d7a9698eff3e68e0af7e803d4ed35e7ed12d2,38,38,14195703000000000000000000,14195703.000000000000
2026-02-01,61,-810398740,8baa87a1de3158cf2966efc4a38e0b00b86f9c0b,15,15,13950072007525000000000000,13950072.007525000000
2026-02-01,62,-679101217,d52f342c66625e93e0faa3cde2aaa679ea05fbc0,3,3,13865862378976246786361659,13865862.378976246786
2026-02-01,63,-679088112,d72e18c9867fbf7b185b012640b89aac33d63014,3,2,13801675595768735665467822,13801675.595768735665
2026-02-01,64,-678913696,fc1aeaca2393b6d8033b5fdc3a4bedb98f57b9c5,2,2,13801675595768735665467822,13801675.595768735665
2026-02-01,65,-466076299,e7461fa88e250a15d20d9dc1622705ea4271655d,7,7,12999966030123000000000000,12999966.030123000000
2026-02-01,66,-52473322,00c600b30fb0400701010f4b080409018b9006e0,30,18,12154882624291090700068831,12154882.624291090700
2026-02-01,67,-517350645,631876a50e447fb07c07b1d594ed44a35c650810,59,31,11871721690514693425897858,11871721.690514693426
2026-02-01,68,-517335238,80b10b2b96dda249f37d0c5ebe40bbcdbcc79ec7,31,31,11871637387901545247764483,11871637.387901545248
2026-02-01,69,2054943978,6a000f20005980200259b80c5102003040001068,121,101,11625012980431527814543280,11625012.980431527815
2026-02-01,70,-534800167,0cb4a346edd1b0c1f7b3ee8b1879630a1cc0b78b,4,4,11200100100000000000000000,11200100.100000000000
2026-02-01,71,-452463215,8cf3439d437612495da4feb96a96d0424706a081,18,18,11000091030123000000000000,11000091.030123000000
2026-02-01,72,-831656232,f48a3f7c0575c85cf4529aa220caf3c055773f1c,273,193,10822202575820436216090728,10822202.575820436216
2026-02-01,73,-215249457,81633c1357ddb25d8625efb2cad26a60988475bf,29,28,10609153866000000000000000,10609153.866000000000
2026-02-01,74,-200812518,9a4f3d26a45129e0d3fce84547ba19f3861eb26c,29,29,10349985000000000000000000,10349985.000000000000
2026-02-01,75,-317332011,3063c5907faa10c01b242181aa689beb23d2bd65,93,93,10318122590220922333317591,10318122.590220922333
2026-02-01,76,-546078740,d8e398a429ec1ef2c17a463c5c7b55837f8b5cf1,222,216,10289100056095000000000000,10289100.056095000000
2026-02-01,77,1534525546,4b2cf5c94a88934870b523983b22e6d2dd1b6577,1,1,10042452481257459709254228,10042452.481257459709
2026-02-01,78,-18186131,b561b1e79e448bc3a7ac4dc377eeecbc99505f60,8,8,10000000000000000000000000,10000000.000000000000
2026-02-01,79,1834435322,e4332fd589f508fabacac3bcb0bec4b7d0e78edd,1,1,10000000000000000000000000,10000000.000000000000
2026-02-01,80,-119580844,01b2b67d7692857ffeff815fc3440f62ae8918b1,13,13,9627900011148000000000000,9627900.011148000000
2026-02-01,81,-341977189,1024f785724fe08902438761b288eff3ae41048a,39,30,9297871481998950475558500,9297871.481998950476
2026-02-01,82,-238084659,5f32351f668c04ae371dee96478eb567e64d0b7e,8,8,9217728079330690069901411,9217728.079330690070
2026-02-01,83,-567942568,ad8ae4e49e764e95c786d4f9cb0110c2a15126f0,9,9,9001130279718649100000000,9001130.279718649100
2026-02-01,84,-896765792,5f59e24dffa7f8d7eed567ece17c0a4f9992f23d,8,8,8474782687140000000000000,8474782.687140000000
2026-02-01,85,-344707876,ffa8db7b38579e6a2d14f9b347a9ace4d044cd54,14,14,8370000010000000000000000,8370000.010000000000
2026-02-01,86,-168264839,05048f351e539e6c369bc5fe52d2ed5c008eb817,16,16,8122500000000000000000000,8122500.000000000000
2026-02-01,87,-392751170,f5ba04d01c9f4aa697a0a99c15612f9ad4dafdfd,1,1,8121994907900000000000000,8121994.907900000000
2026-02-01,88,-573992479,b13aee6268c26173ccb5e74e655b2a3c2521f625,2,2,8000000000000000000000000,8000000.000000000000
2026-02-01,89,1738451020,2a7a1c05f0c6954a39e3e47d5d6eb057f798e797,5,5,7509257762228508107831974,7509257.762228508108
2026-02-01,90,-575048156,424629a0d581b6076322a952fb43b78624db8a15,10,10,7271262026415145241367918,7271262.026415145241
2026-02-01,91,617232686,85464b207d7c1fce8da13d2f3d950c796e399a9c,5,5,7215000000000000000000000,7215000.000000000000
2026-02-01,92,-315856379,77e19de48f43af1d150aaef2de7e7ab8f3e55360,5,5,7060565925035787113134647,7060565.925035787113
2026-02-01,93,1595719267,eae7380dd4cef6fbd1144f49e4d1e6964258a4f4,15,15,6837879499999999994494976,6837879.499999999994
2026-02-01,94,-851354800,07abdd5c26abf002d1c2b36d69c21b1497541821,6,6,6693945140931750467276692,6693945.140931750467
2026-02-01,95,1498626287,7b26d51202bb17d8cb1bd258e3dabbbeab15eeae,8,8,6599998370000000000000000,6599998.370000000000
2026-02-01,96,1881090579,76be51aa94fb1c9632107349aab0488d878e4395,5,5,6409173306451357640988216,6409173.306451357641
2026-02-01,97,-771116173,7b3a0e13935b335dbf803af71c4b99e7d929922d,11,11,6347799697385267025907141,6347799.697385267026
2026-02-01,98,-449469067,29b4002507220fad2e80a616ca83f28b97fc5738,13,13,6226201745617725054074980,6226201.745617725054
2026-02-01,99,-693573062,5e1f62dac767b0491e3ce72469c217365d5b48cc,58,34,6155665122618817006838289,6155665.122618817007
2026-02-01,100,-478833132,365084b05fa7d5028346bd21d842ed0601bab5b8,50,35,6106817453445137722887554,6106817.453445137723
2026-03-01,1,-932951764,71cb2f8038b2c5d65ddc740b2f3268890cd2a89c,828,769,545964528513412742063042907,545964528.51341274
2026-03-01,2,-455196052,549d835356d92983abb76e4cae639f7857963425,211,199,511900529398298980000000000,511900529.39829898
2026-03-01,3,-302891536,fa82580c16a31d0c1bc632a36f82e83efef3eec0,589,587,434518297753367880490825694,434518297.75336788
2026-03-01,4,1844716471,bbbbbbbbbb9cc5e90e3b3af64bdaf62c37eeffcb,582,425,416239148307141029095577198,416239148.30714103
2026-03-01,5,-933004313,5705f2c343dfc4600c77cbcf6b7a7b5eb579ba01,644,644,378886633784073087434632196,378886633.78407309
2026-03-01,6,-932960757,6dc58a0fdfc8d694e571dc59b9a52eeea780e6bf,646,646,378886633784073087434632196,378886633.78407309
2026-03-01,7,779989060,28c6c06298d514db089934071355e5743bf21d60,249,249,336610384160353140000000000,336610384.16035314
2026-03-01,8,386939649,c333e80ef2dec2805f239e3f1e810612d294f771,84,84,333913979803292139394885309,333913979.80329214
2026-03-01,9,-314729456,d178a90c41ff3dcffbfdef7de0baf76cbfe6a121,98,91,321042350940000000000000000,321042350.94000000
2026-03-01,10,1648553634,e146c01102e02344d4b1e59fd74b5054979d13a5,199,193,272568926949229901990000000,272568926.94922990
2026-03-01,11,-56583054,860a80bd349dc4e46dc7345600eb627552ff898e,27,27,263235682540000000000000000,263235682.54000000
2026-03-01,12,-232637266,4a6c312ec70e8747a587ee860a0353cd42be0ae0,439,429,222759126212223089290879116,222759126.21222309
2026-03-01,13,-175406083,d001ae433f254283fece51d4acce8c53263aa186,472,433,216785555229547154761830081,216785555.22954715
2026-03-01,14,-43630165,f3391b687474e7d7b60c223c7a26332702d3c3c4,332,305,211774476890512830000000000,211774476.89051283
2026-03-01,15,2139887976,fbca8b5f5794456b59ad4177e5b212d0db600bb6,21,21,152015922000000000000000000,152015922.00000000
2026-03-01,16,1966164382,8e712469e6cb10f6a9008fdcf2ab46c3ccc08232,33,32,135049649082298980000000000,135049649.08229898
2026-03-01,17,-332883267,491edfb0b8b608044e227225c715981a30f3a44e,7,7,130002000000000000000000000,130002000.00000000
2026-03-01,18,-896765792,5f59e24dffa7f8d7eed567ece17c0a4f9992f23d,84,84,113359770048092980000000000,113359770.04809298
2026-03-01,19,-342722525,289c204b35859bfb924b9c0759a4fe80f610671c,115,115,109338821759684363090071036,109338821.75968436
2026-03-01,20,-335892914,f07e3258395089514200209153a5d25da97bc22c,65,65,107492105741000000000000000,107492105.74100000
2026-03-01,21,2147445254,1073d55dfb892ed86151015402db8b1cdb6ede78,3,3,99906273060000000000000000,99906273.060000000000
2026-03-01,22,-561793933,63242a4ea82847b20e506b63b0e2e2eff0cc6cb0,455,372,99502977631434935245226037,99502977.631434935245
2026-03-01,23,-466076299,e7461fa88e250a15d20d9dc1622705ea4271655d,29,29,95788168200100000000000000,95788168.200100000000
2026-03-01,24,-452463215,8cf3439d437612495da4feb96a96d0424706a081,52,52,95588168200100000000000000,95588168.200100000000
2026-03-01,25,-679191016,9761ddf8e79930b334f1be1bd93abe3695061cca,16,16,94748594440000000316649678,94748594.440000000317
2026-03-01,26,-718900214,990636ecb3ff04d33d92e970d3d588bf5cd8d086,323,190,93249766655918351946778050,93249766.655918351947
2026-03-01,27,-476420994,e3190143eb552456f88464662f0c0c4ac67a77eb,136,136,92239252343088874067761825,92239252.343088874068
2026-03-01,28,-568674443,af5372792a29dc6b296d6ffd4aa3386aff8f9bb2,136,136,85534617952809586640791691,85534617.952809586641
2026-03-01,29,-217146480,cc6d2f26d363836f85a42d249e145ec0320d3e55,1071,1042,80438239419287647762147388,80438239.419287647762
2026-03-01,30,-264797894,6d1a85398e8f9b720c6a8a2ffc85b26e2c5b0c3e,56,56,76276698020253654448134489,76276698.020253654448
2026-03-01,31,1734291305,880f622a1933acf82bfc5e630c9ab7f18ef47809,111,104,76140200010000000000000000,76140200.010000000000
2026-03-01,32,1729328533,02d967c88481d54e7fda18163b511895e1e49d4a,70,70,76140200000000000000000000,76140200.000000000000
2026-03-01,33,881197687,9008d19f58aabd9ed0d60971565aa8510560ab41,689,669,75815111392172353511627885,75815111.392172353512
2026-03-01,34,-631360666,e2c70fa0bf188365a35440836f01367ca7802fe6,104,104,74477080110100000000000000,74477080.110100000000
2026-03-01,35,-617808171,28355886a65848488cf0a3646fca395db0a762b1,21,21,69626675890605661693752071,69626675.890605661694
2026-03-01,36,-151691092,05b7013adcc264ad73388563a1e98869aa4301ee,149,139,68769386483350000000000000,68769386.483350000000
2026-03-01,37,816889289,dfd5293d8e347dfe59e90efd55b2956a1343963d,161,161,68076895269769810000000000,68076895.269769810000
2026-03-01,38,-297818793,1368487bccee27421c5b4a90a437dbb8e8ea11ce,911,903,60635712861139648050425498,60635712.861139648050
2026-03-01,39,-52473322,00c600b30fb0400701010f4b080409018b9006e0,124,98,56565977012181752488872140,56565977.012181752489
2026-03-01,40,-719346996,59abc0e437971d585c2bc4d69dc8b31f2f23e855,28,28,54851700000000000000000000,54851700.000000000000
2026-03-01,41,2028093831,b93e3d70ac9cacd51764f09ae0d01b905dc291e1,10,10,54022674200000000000000000,54022674.200000000000
2026-03-01,42,-696663149,26cce1423b7433c9db8b89acb1ae9dcf0e7c672d,3,3,54000000000000000000000000,54000000.000000000000
2026-03-01,43,-369938010,ab8552143dc480f2959c7ab8ccefc3eba0513b39,3,3,53822565540000000000000000,53822565.540000000000
2026-03-01,44,2055820491,0340d82237a62c7e567d30f1312e1bcae5fbf79e,8,8,49538000003000000000000000,49538000.003000000000
2026-03-01,45,-950842937,8ad9b1cb3128c871dd958c22ec485da32000536b,37,37,48435703790149792279907321,48435703.790149792280
2026-03-01,46,1861713724,1ab4973a48dc892cd9971ece8e01dcc7688f8f23,187,187,47975583191253700000000000,47975583.191253700000
2026-03-01,47,2054943978,6a000f20005980200259b80c5102003040001068,184,161,43639825866188324272556863,43639825.866188324273
2026-03-01,48,1381791786,1111111254eeb25477b68fb85ed929f73a960582,27,27,42840336212155423597678080,42840336.212155423598
2026-03-01,49,-175424509,ae317afa99c5d85afc79ca5c54556d146b8be7bb,5,5,41356164485992643312491302,41356164.485992643312
2026-03-01,50,1081958299,cd40532686b94abc88b06b9705aacbc14c8364d6,17,17,39028448646603457813712714,39028448.646603457814
2026-03-01,51,-307846214,7f604d597c15b2e2f60dc645844f68b1d781b752,142,142,38165711970031000000000000,38165711.970031000000
2026-03-01,52,-166713851,34e479b3dbd9f1b05cf9fff3e7bcee2630e403ad,10,10,37936442000000000000000000,37936442.000000000000
2026-03-01,53,780100773,21a31ee1afc51d94c2efccaa2092ad1028285549,162,162,36658132281520420000000000,36658132.281520420000
2026-03-01,54,-363984600,4352cc849b33a936ad93bb109afdec1c89653b4f,9,9,35410093974874967991607017,35410093.974874967992
2026-03-01,55,-930533221,08d1c957db3aa98dc398fba2e06b9a148bea58a5,6,6,35337081229999999981373548,35337081.229999999981
2026-03-01,56,-607341344,815f5bb257e88b67216a344c7c83a3ea4ee74748,19,19,33294767633403344603203322,33294767.633403344603
2026-03-01,57,1347656969,e3a46f6853a2f314b5ea98ca5d17cd2a1a90ecef,49,47,32865100000000000000000000,32865100.000000000000
2026-03-01,58,1809658138,367c42a6f261ec54ffbecf5f41c226be12a3dca0,56,56,32715067070000000000000000,32715067.070000000000
2026-03-01,59,1401231306,ab44d2f03aa9d38407fbb8c4f9e808c6164d875c,21,21,32212064150000000000000000,32212064.150000000000
2026-03-01,60,-236317071,7a9e7a2453cc940b112d668656404a8ffea8cb98,20,20,31691752016775123535849429,31691752.016775123536
2026-03-01,61,-163088482,7cd0b7ed790f626ef1bd42db63b5ebeb5970c912,3,3,31303419342665524179167299,31303419.342665524179
2026-03-01,62,1809613945,100ae042ef0ea159ecc3513e9a378ff21f3829ba,32,32,31236024077898910000000000,31236024.077898910000
2026-03-01,63,-265787615,e397a2646f132389364a87ab602bc29a9dcf2459,14,14,31002076238073399877341898,31002076.238073399877
2026-03-01,64,-103393091,45312ea0eff7e09c83cbe249fa1d7598c4c8cd4e,155,155,30535705090435148301695045,30535705.090435148302
2026-03-01,65,-344724689,19c8ed6602ce31a51f2c9c28bd923847739f6175,23,23,30380000000000000000000000,30380000.000000000000
2026-03-01,66,1986186108,08c6f91e2b681faf5e17227f2a44c307b3c1364c,3,3,30183037032186226054263243,30183037.032186226054
2026-03-01,67,-431963541,97ada1d31620fbc8596b43f52c6192bb2145d064,57,57,30108667320000000000000000,30108667.320000000000
2026-03-01,68,1552378461,c9f9f694ae147b1333c4f53266c5ccd5c6e4c04f,22,22,29204561850000000000000000,29204561.850000000000
2026-03-01,69,-441049605,ea59bb2a900558a8c459fad77b72327ab892a524,6,6,28500000000000000000000000,28500000.000000000000
2026-03-01,70,-915050940,0906a879ea0f66e3559f11b25b866dba247f9e63,60,46,27178187323115781667077872,27178187.323115781667
2026-03-01,71,-477952934,285d4119ecee1af80f0240db9cfcca5395fb4563,24,24,25068542404800000000000000,25068542.404800000000
2026-03-01,72,-659605466,4d6376dddd67af6f9ad40225ec566212f85b5a16,7,7,25036399189999999944120645,25036399.189999999944
2026-03-01,73,1794684675,379d67fd8921be4e6f6196f7c7aef352469f1dbb,16,16,23481233000000000000000000,23481233.000000000000
2026-03-01,74,1682548488,b4d3796a4f9b4b4181661ae0372bd8c604f34c65,32,32,23441236965022000000000000,23441236.965022000000
2026-03-01,75,-521954374,d58c41211b00bc4f34bbe546ff2fa909250a1477,12,12,23015661607569987227020658,23015661.607569987227
2026-03-01,76,-569796106,8fee409f8f772667add2a2ccfb8c5182a7349ce9,14,14,22932233916474381552507514,22932233.916474381553
2026-03-01,77,1954796703,b9ed71dfa4bcea07907d5040a247b4694bcb9437,46,46,22299990779000000000000000,22299990.779000000000
2026-03-01,78,-787822446,62425cd6bdcb6bfe51558ea465b063486b70dc9f,71,70,22255505694111010000000000,22255505.694111010000
2026-03-01,79,-985171800,6dc12f4e82debedc5ac048013db95a81ef23ecdd,38,38,22205402720000000000000000,22205402.720000000000
2026-03-01,80,-341174562,2c0552e5dcb79b064fd23e358a86810bc5994244,80,72,21566872795421653009336819,21566872.795421653009
2026-03-01,81,-344707876,ffa8db7b38579e6a2d14f9b347a9ace4d044cd54,21,21,21100000000000000000000000,21100000.000000000000
2026-03-01,82,-317332011,3063c5907faa10c01b242181aa689beb23d2bd65,49,49,20634560528414165285637847,20634560.528414165286
2026-03-01,83,2120857848,1f2f10d1c40777ae1da742455c65828ff36df387,54,51,19243914941061578713249354,19243914.941061578713
2026-03-01,84,1654726148,77ab7d3d34b80f033f494f95683264690fdcd5b9,23,23,18289134600299810000000000,18289134.600299810000
2026-03-01,85,2145174805,70bf6634ee8cb27d04478f184b9b8bb13e5f4710,87,82,17985082077723860353896520,17985082.077723860354
2026-03-01,86,-546078740,d8e398a429ec1ef2c17a463c5c7b55837f8b5cf1,173,170,16993441728645000000000000,16993441.728645000000
2026-03-01,87,-297627070,f8191d98ae98d2f7abdfb63a9b0b812b93c873aa,55,55,16963478000000000000000000,16963478.000000000000
2026-03-01,88,-304151178,db4023e8561945de35d5ef9e293a004f37a09cbd,4,4,16433692842083931823665637,16433692.842083931824
2026-03-01,89,866510438,4bb7f4c3d47c4b431cb0658f44287d52006fb506,27,27,16433685245829511916315368,16433685.245829511916
2026-03-01,90,1663246624,cf5540fffcdc3d510b18bfca6d2b9987b0772559,52,52,15985814444625510366347843,15985814.444625510366
2026-03-01,91,-566131296,e6871976b9c8f78e42da582fb16122d5028422de,46,46,15637537620832720000000000,15637537.620832720000
2026-03-01,92,1699176572,51c72848c68a965f66fa7a88855f9f7784502a7f,224,224,15431273830033716249794263,15431273.830033716250
2026-03-01,93,-249666725,03845b8cbc790794fe663f4e601ba7005346a3d4,7,7,15288617884492000000000000,15288617.884492000000
2026-03-01,94,1738451020,2a7a1c05f0c6954a39e3e47d5d6eb057f798e797,6,6,15007123850191164607263631,15007123.850191164607
2026-03-01,95,400206813,55e4d16f9c3041eff17ca32850662f3e9dddbce7,4,4,15000790001000000000000000,15000790.001000000000
2026-03-01,96,-182375550,e247ff9dbfd1cec652c0d5728ff9e7929a811f38,7,7,14831157000000000000000000,14831157.000000000000
2026-03-01,97,1402428935,110538c4553a670cefedbe362301dc5a22c68342,19,19,14787534960700000000000000,14787534.960700000000
2026-03-01,98,-415892904,9ea86bbab89aafc74e80e5222eb9271c02a4071b,9,9,14398824521750000000000000,14398824.521750000000
2026-03-01,99,777725670,0fb74e27912fd138064f267cb8fe357e9e204462,15,15,14057429541750000000000000,14057429.541750000000
2026-03-01,100,-783232007,29ba0ef4682c74cc53230218d59d97f17ba4a456,9,9,13642751615302089110846311,13642751.615302089111
2026-04-01,1,-932951764,71cb2f8038b2c5d65ddc740b2f3268890cd2a89c,1008,897,962062435848296312582180113,962062435.84829631
2026-04-01,2,-932960757,6dc58a0fdfc8d694e571dc59b9a52eeea780e6bf,788,788,798461780046841200116322849,798461780.04684120
2026-04-01,3,-933004313,5705f2c343dfc4600c77cbcf6b7a7b5eb579ba01,785,785,798461780046841200116322849,798461780.04684120
2026-04-01,4,1844716471,bbbbbbbbbb9cc5e90e3b3af64bdaf62c37eeffcb,709,574,687817109766174868802526038,687817109.76617487
2026-04-01,5,-455196052,549d835356d92983abb76e4cae639f7857963425,305,304,659472005183508661483958000,659472005.18350866
2026-04-01,6,-568674443,af5372792a29dc6b296d6ffd4aa3386aff8f9bb2,548,398,657111294463057234871747323,657111294.46305723
2026-04-01,7,779989060,28c6c06298d514db089934071355e5743bf21d60,259,259,534014550158605990000000000,534014550.15860599
2026-04-01,8,-302891536,fa82580c16a31d0c1bc632a36f82e83efef3eec0,1038,964,508314321827261413626629831,508314321.82726141
2026-04-01,9,386939649,c333e80ef2dec2805f239e3f1e810612d294f771,135,135,508057241996379824449755639,508057241.99637982
2026-04-01,10,-232637266,4a6c312ec70e8747a587ee860a0353cd42be0ae0,589,548,490266434465360162632634256,490266434.46536016
2026-04-01,11,-317332011,3063c5907faa10c01b242181aa689beb23d2bd65,61,61,403056868612692852555248227,403056868.61269285
2026-04-01,12,2139887976,fbca8b5f5794456b59ad4177e5b212d0db600bb6,57,57,386571106780000000000000000,386571106.78000000
2026-04-01,13,-175406083,d001ae433f254283fece51d4acce8c53263aa186,786,641,353803170449076721418374512,353803170.44907672
2026-04-01,14,1648553634,e146c01102e02344d4b1e59fd74b5054979d13a5,112,109,292638729197933200000000000,292638729.19793320
2026-04-01,15,-342722525,289c204b35859bfb924b9c0759a4fe80f610671c,120,120,274414467425799628775503869,274414467.42579963
2026-04-01,16,-314729456,d178a90c41ff3dcffbfdef7de0baf76cbfe6a121,140,140,270582308920000000000000000,270582308.92000000
2026-04-01,17,-217146480,cc6d2f26d363836f85a42d249e145ec0320d3e55,1576,1434,235933665697589356913056194,235933665.69758936
2026-04-01,18,-297818793,1368487bccee27421c5b4a90a437dbb8e8ea11ce,1214,1214,155180218409331731663528763,155180218.40933173
2026-04-01,19,-335892914,f07e3258395089514200209153a5d25da97bc22c,157,157,154653091760000000000000000,154653091.76000000
2026-04-01,20,-476420994,e3190143eb552456f88464662f0c0c4ac67a77eb,128,128,147634602250217671974308282,147634602.25021767
2026-04-01,21,-679191016,9761ddf8e79930b334f1be1bd93abe3695061cca,23,23,147244755543474253779277200,147244755.54347425
2026-04-01,22,1966164382,8e712469e6cb10f6a9008fdcf2ab46c3ccc08232,25,25,146000105000000000000000000,146000105.00000000
2026-04-01,23,736007061,b81a0e6c38c3fec8a171cfe9631f60127a0c5bfd,174,67,145462771942051924296776634,145462771.94205192
2026-04-01,24,816889289,dfd5293d8e347dfe59e90efd55b2956a1343963d,216,216,142923110069051430000000000,142923110.06905143
2026-04-01,25,-332883267,491edfb0b8b608044e227225c715981a30f3a44e,6,6,139743317514876625849904728,139743317.51487663
2026-04-01,26,881197687,9008d19f58aabd9ed0d60971565aa8510560ab41,604,543,139551282293957160563373527,139551282.29395716
2026-04-01,27,-1052279104,4c3ccc98c01103be72bcfd29e1d2454c98d1a6e3,214,124,134970588665560469748759883,134970588.66556047
2026-04-01,28,-52473322,00c600b30fb0400701010f4b080409018b9006e0,204,142,128039023862293330459895570,128039023.86229333
2026-04-01,29,780100773,21a31ee1afc51d94c2efccaa2092ad1028285549,216,216,127252717613594360000000000,127252717.61359436
2026-04-01,30,-971526386,8f10b468b06c6fd214b65f87778827f7d113f996,406,337,119570311012628714541996724,119570311.01262871
2026-04-01,31,2054943978,6a000f20005980200259b80c5102003040001068,246,193,111661692889684251023203992,111661692.88968425
2026-04-01,32,-561793933,63242a4ea82847b20e506b63b0e2e2eff0cc6cb0,351,276,104178214762426797365840209,104178214.76242680
2026-04-01,33,-631360666,e2c70fa0bf188365a35440836f01367ca7802fe6,222,220,98850550934440000000000000,98850550.934440000000
2026-04-01,34,-215249457,81633c1357ddb25d8625efb2cad26a60988475bf,72,72,92485390567639334475943774,92485390.567639334476
2026-04-01,35,1381791786,1111111254eeb25477b68fb85ed929f73a960582,23,23,89014761647694408962420586,89014761.647694408962
2026-04-01,36,-344724689,19c8ed6602ce31a51f2c9c28bd923847739f6175,121,121,84257594000000000000000000,84257594.000000000000
2026-04-01,37,-950842937,8ad9b1cb3128c871dd958c22ec485da32000536b,82,82,83760019150260985068867887,83760019.150260985069
2026-04-01,38,-896765792,5f59e24dffa7f8d7eed567ece17c0a4f9992f23d,61,61,81544284867440000000000000,81544284.867440000000
2026-04-01,39,-151691092,05b7013adcc264ad73388563a1e98869aa4301ee,129,129,81507716415850000000000000,81507716.415850000000
2026-04-01,40,1534525546,4b2cf5c94a88934870b523983b22e6d2dd1b6577,4,4,78911905039321111785289432,78911905.039321111785
2026-04-01,41,-18186131,b561b1e79e448bc3a7ac4dc377eeecbc99505f60,5,5,74875133193597361275823405,74875133.193597361276
2026-04-01,42,-441049605,ea59bb2a900558a8c459fad77b72327ab892a524,20,20,74337458000000000000000000,74337458.000000000000
2026-04-01,43,1734291305,880f622a1933acf82bfc5e630c9ab7f18ef47809,93,89,72725387270000000000000000,72725387.270000000000
2026-04-01,44,1729328533,02d967c88481d54e7fda18163b511895e1e49d4a,42,42,72451200000000000000000000,72451200.000000000000
2026-04-01,45,-659605466,4d6376dddd67af6f9ad40225ec566212f85b5a16,5,5,64270932588281026653697499,64270932.588281026654
2026-04-01,46,-363984600,4352cc849b33a936ad93bb109afdec1c89653b4f,15,15,63150066007939747875253185,63150066.007939747875
2026-04-01,47,-722200255,f317a5204ebe220fa33d53753db1a2e493d2468d,37,37,62182841980000000000000000,62182841.980000000000
2026-04-01,48,2055820491,0340d82237a62c7e567d30f1312e1bcae5fbf79e,11,11,62069900120054000100000000,62069900.120054000100
2026-04-01,49,-43630165,f3391b687474e7d7b60c223c7a26332702d3c3c4,121,120,60009973400000000000000000,60009973.400000000000
2026-04-01,50,-175424509,ae317afa99c5d85afc79ca5c54556d146b8be7bb,8,8,55686091708859648899511278,55686091.708859648900
2026-04-01,51,-787002970,75ed83132a7c7af97dbe6d29efa396885e07ec28,217,217,52060937583362019319000335,52060937.583362019319
2026-04-01,52,1861713724,1ab4973a48dc892cd9971ece8e01dcc7688f8f23,116,116,51304845165848400000000000,51304845.165848400000
2026-04-01,53,-607341344,815f5bb257e88b67216a344c7c83a3ea4ee74748,22,19,51219291568457969167713378,51219291.568457969168
2026-04-01,54,-304151178,db4023e8561945de35d5ef9e293a004f37a09cbd,4,4,48396012347866925272272883,48396012.347866925272
2026-04-01,55,-166713851,34e479b3dbd9f1b05cf9fff3e7bcee2630e403ad,17,17,48092549000000000000000000,48092549.000000000000
2026-04-01,56,2119729236,81ebde24453b8e40454616579ea79c79a197699d,56,56,45308503625910193091239888,45308503.625910193091
2026-04-01,57,-236317071,7a9e7a2453cc940b112d668656404a8ffea8cb98,9,9,45211271927410352616354927,45211271.927410352616
2026-04-01,58,-118803081,09c2f460c925a00967a7daeef7af9f8e0a5032b2,30,30,45166227679026678145086218,45166227.679026678145
2026-04-01,59,1552378461,c9f9f694ae147b1333c4f53266c5ccd5c6e4c04f,19,19,43763074460000000000000000,43763074.460000000000
2026-04-01,60,-985171800,6dc12f4e82debedc5ac048013db95a81ef23ecdd,35,35,43763074460000000000000000,43763074.460000000000
2026-04-01,61,1081958299,cd40532686b94abc88b06b9705aacbc14c8364d6,16,16,42945201263750189315484479,42945201.263750189315
2026-04-01,62,-264797894,6d1a85398e8f9b720c6a8a2ffc85b26e2c5b0c3e,25,25,42654599994339807405467984,42654599.994339807405
2026-04-01,63,-696663149,26cce1423b7433c9db8b89acb1ae9dcf0e7c672d,2,2,40000000000000000000000000,40000000.000000000000
2026-04-01,64,-1040130326,43b7f9ffa62270bff3ee16fda245202a90803b67,69,69,39947811825269974950965673,39947811.825269974951
2026-04-01,65,-719114798,971b34b997843b82051b3e781d6a6d5a21bbdda0,61,60,38759502008415863517710264,38759502.008415863518
2026-04-01,66,-1057299395,3d695689c81b60c810bc5e3b6121faac878da6aa,126,126,36191762717448088281170919,36191762.717448088281
2026-04-01,67,-341174562,2c0552e5dcb79b064fd23e358a86810bc5994244,78,65,35996160878345759531020450,35996160.878345759531
2026-04-01,68,-617808171,28355886a65848488cf0a3646fca395db0a762b1,6,6,34216641849019173314642609,34216641.849019173315
2026-04-01,69,1347656969,e3a46f6853a2f314b5ea98ca5d17cd2a1a90ecef,99,99,33162100000000000000000000,33162100.000000000000
2026-04-01,70,-1017632204,1b36972588d214aea7b8f5322f349246bf571cd6,13,13,33131342567325664770117498,33131342.567325664770
2026-04-01,71,2120857848,1f2f10d1c40777ae1da742455c65828ff36df387,81,81,32527964287028899692495102,32527964.287028899692
2026-04-01,72,-930533221,08d1c957db3aa98dc398fba2e06b9a148bea58a5,2,2,32510027497992877449596511,32510027.497992877450
2026-04-01,73,-519715998,b00fe7a3e0eaa061de1f74af0d48de97c244f58d,21,21,32444707598799594514754338,32444707.598799594515
2026-04-01,74,-573992479,b13aee6268c26173ccb5e74e655b2a3c2521f625,11,11,32056653000000000000000000,32056653.000000000000
2026-04-01,75,-163088482,7cd0b7ed790f626ef1bd42db63b5ebeb5970c912,1,1,31095183063154645040959148,31095183.063154645041
2026-04-01,76,-1057413156,dc694ff520cf603170912bc6a35d519e0da3d2c3,59,59,29681137563977219096473470,29681137.563977219096
2026-04-01,77,-605734521,876450844bb33c46c2e79e231ac0221cd9815958,216,201,29624391965879209243125227,29624391.965879209243
2026-04-01,78,-344707876,ffa8db7b38579e6a2d14f9b347a9ace4d044cd54,22,22,29412000000000000000000000,29412000.000000000000
2026-04-01,79,1794684675,379d67fd8921be4e6f6196f7c7aef352469f1dbb,17,17,28644219000000000000000000,28644219.000000000000
2026-04-01,80,1682548488,b4d3796a4f9b4b4181661ae0372bd8c604f34c65,37,37,28644199232000000000000000,28644199.232000000000
2026-04-01,81,-866569066,b6cbe8b123392ef6aa72897bb85bd6515d2e8db7,24,24,28633574857755235065648228,28633574.857755235066
2026-04-01,82,-1076027229,150bcb7a44ecbcf6c0b0044d50f03b73ccc23f00,6,5,28606967163107100913043928,28606967.163107100913
2026-04-01,83,1986186108,08c6f91e2b681faf5e17227f2a44c307b3c1364c,9,8,28473000000000000000000000,28473000.000000000000
2026-04-01,84,1364872031,1231deb6f5749ef6ce6943a275a1d3e7486f4eae,452,334,28086626139022877533861699,28086626.139022877534
2026-04-01,85,-719346996,59abc0e437971d585c2bc4d69dc8b31f2f23e855,6,6,27909075106624555149260785,27909075.106624555149
2026-04-01,86,-203528467,907856bd487c405e48f96f45b451a7b6ddf801e3,18,18,26113966503438011102384705,26113966.503438011102
2026-04-01,87,-331601069,3611b82c7b13e72b26eb0e9be0613bee7a45ac7c,154,144,24252239172149475411866864,24252239.172149475412
2026-04-01,88,1699176572,51c72848c68a965f66fa7a88855f9f7784502a7f,227,227,23299035608053036047100936,23299035.608053036047
2026-04-01,89,-478833132,365084b05fa7d5028346bd21d842ed0601bab5b8,98,67,22625828852283161245149161,22625828.852283161245
2026-04-01,90,1899934735,111111125421ca6dc452d289314280a0f8842a65,101,101,22581493959770191733628984,22581493.959770191734
2026-04-01,91,2034702912,b300000b72deaeb607a12d5f54773d1c19c7028d,152,79,22421065434641039019988634,22421065.434641039020
2026-04-01,92,-295155165,4fe93ebc4ce6ae4f81601cc7ce7139023919e003,55,36,21718938478054012814188901,21718938.478054012814
2026-04-01,93,-320568637,42715ba91deda3c692b9f540cee2fbb4dae78bbb,16,16,21604942521206641678540171,21604942.521206641679
2026-04-01,94,-706099958,ed41a12ea862f31df054e9bd3af1dd59486c6029,22,22,21030748323510260446142511,21030748.323510260446
2026-04-01,95,1401231306,ab44d2f03aa9d38407fbb8c4f9e808c6164d875c,37,37,20795129000000000000000000,20795129.000000000000
2026-04-01,96,-575048156,424629a0d581b6076322a952fb43b78624db8a15,4,4,20712971875549528917155625,20712971.875549528917
2026-04-01,97,1954796703,b9ed71dfa4bcea07907d5040a247b4694bcb9437,42,42,20272377811661110000000000,20272377.811661110000
2026-04-01,98,866510438,4bb7f4c3d47c4b431cb0658f44287d52006fb506,2,2,20000000000000000000000000,20000000.000000000000
2026-04-01,99,400206813,55e4d16f9c3041eff17ca32850662f3e9dddbce7,2,2,20000000000000000000000000,20000000.000000000000
2026-04-01,100,2145174805,70bf6634ee8cb27d04478f184b9b8bb13e5f4710,72,69,19413509165574865570646260,19413509.165574865571
2026-05-01,1,-455196052,549d835356d92983abb76e4cae639f7857963425,313,309,893477503370000000000000000,893477503.37000000
2026-05-01,2,-219177292,4a4aaa0155237881fbd5c34bfae16e985a7b068d,119,119,605159190424724000000000000,605159190.42472400
2026-05-01,3,-568674443,af5372792a29dc6b296d6ffd4aa3386aff8f9bb2,444,314,598922946966507240461120695,598922946.96650724
2026-05-01,4,-226061742,91d40e4818f4d4c57b4578d9eca6afc92ac8debe,368,368,525868857430467300000000000,525868857.43046730
2026-05-01,5,779989060,28c6c06298d514db089934071355e5743bf21d60,194,194,513356742119147640000000000,513356742.11914764
2026-05-01,6,-932951764,71cb2f8038b2c5d65ddc740b2f3268890cd2a89c,777,775,476292609885117762858569249,476292609.88511776
2026-05-01,7,1966164382,8e712469e6cb10f6a9008fdcf2ab46c3ccc08232,31,31,460174684817780000000000000,460174684.81778000
2026-05-01,8,1844716471,bbbbbbbbbb9cc5e90e3b3af64bdaf62c37eeffcb,500,420,383430459015933096757311488,383430459.01593310
2026-05-01,9,-932960757,6dc58a0fdfc8d694e571dc59b9a52eeea780e6bf,691,690,342646948654996101134736315,342646948.65499610
2026-05-01,10,-933004313,5705f2c343dfc4600c77cbcf6b7a7b5eb579ba01,683,682,342646948654996101134736315,342646948.65499610
2026-05-01,11,1648553634,e146c01102e02344d4b1e59fd74b5054979d13a5,125,125,342210506818800000000000000,342210506.81880000
2026-05-01,12,2139887976,fbca8b5f5794456b59ad4177e5b212d0db600bb6,89,89,284220385310000000000000000,284220385.31000000
2026-05-01,13,-314729456,d178a90c41ff3dcffbfdef7de0baf76cbfe6a121,185,184,220546703684551115299931102,220546703.68455112
2026-05-01,14,736007061,b81a0e6c38c3fec8a171cfe9631f60127a0c5bfd,149,48,206072600070707025736225086,206072600.07070703
2026-05-01,15,386939649,c333e80ef2dec2805f239e3f1e810612d294f771,75,75,193678518895000000000000000,193678518.89500000
2026-05-01,16,-1040636145,612daa44ce553012d96cb4dd4276464ae988322b,24,24,170302210000000000000000000,170302210.00000000
2026-05-01,17,-631360666,e2c70fa0bf188365a35440836f01367ca7802fe6,324,321,142227934200319000000000000,142227934.20031900
2026-05-01,18,-441049605,ea59bb2a900558a8c459fad77b72327ab892a524,15,15,137011555000000000000000000,137011555.00000000
2026-05-01,19,-297818793,1368487bccee27421c5b4a90a437dbb8e8ea11ce,1110,1110,133183366851718954714244283,133183366.85171895
2026-05-01,20,780100773,21a31ee1afc51d94c2efccaa2092ad1028285549,120,120,125101101754033410000000000,125101101.75403341
2026-05-01,21,-232637266,4a6c312ec70e8747a587ee860a0353cd42be0ae0,329,306,122999745128870090964236687,122999745.12887009
2026-05-01,22,816889289,dfd5293d8e347dfe59e90efd55b2956a1343963d,109,109,119984802934054610000000000,119984802.93405461
2026-05-01,23,1729328533,02d967c88481d54e7fda18163b511895e1e49d4a,108,108,117440400000000000000000000,117440400.00000000
2026-05-01,24,-217146480,cc6d2f26d363836f85a42d249e145ec0320d3e55,1068,1014,105712759929944472311066215,105712759.92994447
2026-05-01,25,-175406083,d001ae433f254283fece51d4acce8c53263aa186,447,365,104075987882259932089310004,104075987.88225993
2026-05-01,26,-696663149,26cce1423b7433c9db8b89acb1ae9dcf0e7c672d,6,6,100000000010000000000000000,100000000.010000000000
2026-05-01,27,-335892914,f07e3258395089514200209153a5d25da97bc22c,135,135,95563570260450000000000000,95563570.260450000000
2026-05-01,28,-971526386,8f10b468b06c6fd214b65f87778827f7d113f996,716,593,95508044468126767100567269,95508044.468126767101
2026-05-01,29,-342722525,289c204b35859bfb924b9c0759a4fe80f610671c,91,91,94892531729704294212035686,94892531.729704294212
2026-05-01,30,-344724689,19c8ed6602ce31a51f2c9c28bd923847739f6175,119,119,91363694330271000000000000,91363694.330271000000
2026-05-01,31,-317332011,3063c5907faa10c01b242181aa689beb23d2bd65,57,56,77340157877337097451935820,77340157.877337097452
2026-05-01,32,-645007186,075d4f9d704b64182ada92a64570a6ad9b9473d1,34,5,76599846019001537591064984,76599846.019001537591
2026-05-01,33,-198223899,b7210a359cd2034126b8b2c8b95e748f04fffa38,49,49,72898996061168933343875742,72898996.061168933344
2026-05-01,34,1734291305,880f622a1933acf82bfc5e630c9ab7f18ef47809,150,143,67630500010000000000000000,67630500.010000000000
2026-05-01,35,-166713851,34e479b3dbd9f1b05cf9fff3e7bcee2630e403ad,19,19,66054800000000000000000000,66054800.000000000000
2026-05-01,36,-151691092,05b7013adcc264ad73388563a1e98869aa4301ee,96,96,65529236099100000000000000,65529236.099100000000
2026-05-01,37,881197687,9008d19f58aabd9ed0d60971565aa8510560ab41,471,446,62242376090885172204601236,62242376.090885172205
2026-05-01,38,-282115589,a69b7c07b6941cd3c44485362e502a7645f0a940,86,86,60108073880000000000000000,60108073.880000000000
2026-05-01,39,-43630165,f3391b687474e7d7b60c223c7a26332702d3c3c4,97,95,59352347800638000000000000,59352347.800638000000
2026-05-01,40,-1102332682,a1d01ae763b6355144280f371eeca5742492d688,110,100,58831383122945000000000000,58831383.122945000000
2026-05-01,41,1489735160,58b704065b7aff3ed351052f8560019e05925023,33,33,51552887980000000000000000,51552887.980000000000
2026-05-01,42,-255773603,316f8c987845f980c6b79e69531f56cb7532edd7,1,1,50000000000000000000000000,50000000.000000000000
2026-05-01,43,1689938654,c51b5ca1d6e124ebed8b0a85ca93955a3b0caafb,1,1,50000000000000000000000000,50000000.000000000000
2026-05-01,44,2055820491,0340d82237a62c7e567d30f1312e1bcae5fbf79e,9,9,49867400005553300000000000,49867400.005553300000
2026-05-01,45,-679191016,9761ddf8e79930b334f1be1bd93abe3695061cca,7,7,48743624582144350279122588,48743624.582144350279
2026-05-01,46,-476420994,e3190143eb552456f88464662f0c0c4ac67a77eb,87,87,47133302461893163582211234,47133302.461893163582
2026-05-01,47,-950842937,8ad9b1cb3128c871dd958c22ec485da32000536b,87,87,45897702394265267270150274,45897702.394265267270
2026-05-01,48,1794684675,379d67fd8921be4e6f6196f7c7aef352469f1dbb,20,20,43788986000000000000000000,43788986.000000000000
2026-05-01,49,1682548488,b4d3796a4f9b4b4181661ae0372bd8c604f34c65,28,28,43788980231819000000000000,43788980.231819000000
2026-05-01,50,-215249457,81633c1357ddb25d8625efb2cad26a60988475bf,22,22,41704201236091958604600108,41704201.236091958605
2026-05-01,51,1861713724,1ab4973a48dc892cd9971ece8e01dcc7688f8f23,133,133,41456542197628170000000000,41456542.197628170000
2026-05-01,52,-370854601,59c25e3e6787a0d6aca1c3e9044c7d5450119053,39,36,39611569970000000000000000,39611569.970000000000
2026-05-01,53,-722200255,f317a5204ebe220fa33d53753db1a2e493d2468d,54,54,36743275990000000000000000,36743275.990000000000
2026-05-01,54,-302891536,fa82580c16a31d0c1bc632a36f82e83efef3eec0,248,246,36645952911349705540409163,36645952.911349705540
2026-05-01,55,-1064053338,46b74e7f7f3029f0f15f77687d5284356a3860bd,47,47,36182416881058492348139590,36182416.881058492348
2026-05-01,56,-1064024679,3b5401ccfafa1deee6bb4855539270c5b9fe6972,6,6,36094622383144758740245730,36094622.383144758740
2026-05-01,57,-1064024076,268e5e8ee954016964e59c093d8deaee0245424c,5,5,36094622378746853885884281,36094622.378746853886
2026-05-01,58,-320568637,42715ba91deda3c692b9f540cee2fbb4dae78bbb,21,21,36084254208819922434824232,36084254.208819922435
2026-05-01,59,-581734394,2ac7908bd818982373f45fe1e5a6fb3c676fee1d,6,6,35276622152849638342431349,35276622.152849638342
2026-05-01,60,2119729236,81ebde24453b8e40454616579ea79c79a197699d,27,27,34336525462404399528783984,34336525.462404399529
2026-05-01,61,-249666725,03845b8cbc790794fe663f4e601ba7005346a3d4,11,11,33522481494808000000000000,33522481.494808000000
2026-05-01,62,-659605466,4d6376dddd67af6f9ad40225ec566212f85b5a16,3,3,32594404926320884191081047,32594404.926320884191
2026-05-01,63,-1150634474,6f0538001f90d0a5f0000060d01d34c002030900,76,41,31743246233511533909448552,31743246.233511533909
2026-05-01,64,2020872882,31173ed183e5a9450c3671018ec4d770c8a8bf18,7,7,31117127551313195040959148,31117127.551313195041
2026-05-01,65,2056738353,f27b0e1f93d6bafa91b795f925da3fde2f45c049,3,3,31117127551313195040959148,31117127.551313195041
2026-05-01,66,-1052279104,4c3ccc98c01103be72bcfd29e1d2454c98d1a6e3,167,110,30852792179554897011723616,30852792.179554897012
2026-05-01,67,-896765792,5f59e24dffa7f8d7eed567ece17c0a4f9992f23d,48,48,29648126710419000000000000,29648126.710419000000
2026-05-01,68,-575048156,424629a0d581b6076322a952fb43b78624db8a15,18,18,27888437693661969462731092,27888437.693661969463
2026-05-01,69,-52473322,00c600b30fb0400701010f4b080409018b9006e0,72,45,27327493675431215395627617,27327493.675431215396
2026-05-01,70,-573992479,b13aee6268c26173ccb5e74e655b2a3c2521f625,12,12,27123762000000000000000000,27123762.000000000000
2026-05-01,71,1699176572,51c72848c68a965f66fa7a88855f9f7784502a7f,186,184,26915205193349818968466866,26915205.193349818968
2026-05-01,72,1552378461,c9f9f694ae147b1333c4f53266c5ccd5c6e4c04f,10,10,26723146301464000000000000,26723146.301464000000
2026-05-01,73,-985171800,6dc12f4e82debedc5ac048013db95a81ef23ecdd,10,10,26697883510000000000000000,26697883.510000000000
2026-05-01,74,-1114434329,b03d620e49b6a21ea9d02142831c3f61c2fcbabc,45,45,26429771450035506274335397,26429771.450035506274
2026-05-01,75,-1114407369,cb3168e89c375fbd0649067b63d5379232763499,30,30,26417690207812215319151694,26417690.207812215319
2026-05-01,76,-1114408235,0774b5b15b0cee5e2e14814ccf4d4611ff78ccf5,12,12,26406911089379652027860799,26406911.089379652028
2026-05-01,77,-719114798,971b34b997843b82051b3e781d6a6d5a21bbdda0,32,32,25932956829041128157931897,25932956.829041128158
2026-05-01,78,2054943978,6a000f20005980200259b80c5102003040001068,150,101,25376449699308318344169765,25376449.699308318344
2026-05-01,79,2087645946,13dda4af1d87c404f611dfc1555ed7074fe9e418,3,3,25372861614101115299931102,25372861.614101115300
2026-05-01,80,-344707876,ffa8db7b38579e6a2d14f9b347a9ace4d044cd54,28,28,24780000000000000000000000,24780000.000000000000
2026-05-01,81,1402428935,110538c4553a670cefedbe362301dc5a22c68342,24,24,24175830000000000000000000,24175830.000000000000
2026-05-01,82,-787822446,62425cd6bdcb6bfe51558ea465b063486b70dc9f,55,55,23482273542700280000000000,23482273.542700280000
2026-05-01,83,1347656969,e3a46f6853a2f314b5ea98ca5d17cd2a1a90ecef,66,66,21730000210000000000000000,21730000.210000000000
2026-05-01,84,-1057299395,3d695689c81b60c810bc5e3b6121faac878da6aa,73,73,21442137587392560157659188,21442137.587392560158
2026-05-01,85,-1104007938,a0a6282a3adbc3d6b76cd1129cd17607316dc2c1,25,25,21103056458949032019403518,21103056.458949032019
2026-05-01,86,-994212678,a122687285dc5012141055a801045f069112e7c6,13,13,20186299843333374252265386,20186299.843333374252
2026-05-01,87,-920301600,7a84fcb839beb377861001c6339a986b9e6d6d68,34,34,19696637059746139112504523,19696637.059746139113
2026-05-01,88,1381791786,1111111254eeb25477b68fb85ed929f73a960582,5,5,19410867580092438641374575,19410867.580092438641
2026-05-01,89,1595719267,eae7380dd4cef6fbd1144f49e4d1e6964258a4f4,60,60,19338098999999999934201856,19338098.999999999934
2026-05-01,90,-1057413156,dc694ff520cf603170912bc6a35d519e0da3d2c3,41,41,18611099988232486897391607,18611099.988232486897
2026-05-01,91,2137894645,f276d10b388e00b8a04b1362f66c6e2aad8a1960,56,56,18217038680471383238069135,18217038.680471383238
2026-05-01,92,-297627070,f8191d98ae98d2f7abdfb63a9b0b812b93c873aa,39,39,16590068000000000000000000,16590068.000000000000
2026-05-01,93,-1037640733,7f54f05635d15cde17a49502fedb9d1803a3be8a,276,198,16345404231425345951650464,16345404.231425345952
2026-05-01,94,-927822710,ce937da1ffd21673aa1e063459873f30189a2193,238,238,15196331851692563285856588,15196331.851692563286
2026-05-01,95,1912307344,6d42aab8b4efd1ad0c5454a040b59ae3c99440b5,28,28,14485748477619617166425769,14485748.477619617166
2026-05-01,96,472741934,b60c61dbb7456f024f9338c739b02be68e3f545c,2,2,14102755126559420000000000,14102755.126559420000
2026-05-01,97,1364872031,1231deb6f5749ef6ce6943a275a1d3e7486f4eae,418,264,14056988026378348112066977,14056988.026378348112
2026-05-01,98,1401231306,ab44d2f03aa9d38407fbb8c4f9e808c6164d875c,19,19,13932779300000000000000000,13932779.300000000000
2026-05-01,99,-432618367,68e7e72938db36a5cbbca7b52c71dbbaadfb8264,12,12,13729951978799248773171713,13729951.978799248773
2026-05-01,100,2042565633,152287865b1ea79727fcde3f471d80923cd197ec,21,21,13485748933093067166425769,13485748.933093067166
2026-06-01,1,1844716471,bbbbbbbbbb9cc5e90e3b3af64bdaf62c37eeffcb,805,595,909369379896294270134782492,909369379.89629427
2026-06-01,2,-455196052,549d835356d92983abb76e4cae639f7857963425,172,172,512464742720000000000000000,512464742.72000000
2026-06-01,3,-1201690420,2ab1c2d498aa2d7569d6b46fb2886f262d72dcd6,21,21,418701433712395931600982854,418701433.71239593
2026-06-01,4,779989060,28c6c06298d514db089934071355e5743bf21d60,429,429,359537728088338830000000000,359537728.08833883
2026-06-01,5,-932960757,6dc58a0fdfc8d694e571dc59b9a52eeea780e6bf,813,542,359052550291114431006538751,359052550.29111443
2026-06-01,6,-932951764,71cb2f8038b2c5d65ddc740b2f3268890cd2a89c,308,299,352010964537525888115298761,352010964.53752589
2026-06-01,7,1648553634,e146c01102e02344d4b1e59fd74b5054979d13a5,91,90,333885847825100722859948203,333885847.82510072
2026-06-01,8,-1188154710,3c6eab22cfc03fc32ad1bf836f2f886a5015dfff,641,173,284406036910241151894032887,284406036.91024115
2026-06-01,9,-933004313,5705f2c343dfc4600c77cbcf6b7a7b5eb579ba01,236,236,283245301530955198896446932,283245301.53095520
2026-06-01,10,-314729456,d178a90c41ff3dcffbfdef7de0baf76cbfe6a121,79,79,264682711222849250000000000,264682711.22284925
2026-06-01,11,-568674443,af5372792a29dc6b296d6ffd4aa3386aff8f9bb2,248,213,214174375932822831307971477,214174375.93282283
2026-06-01,12,1966164382,8e712469e6cb10f6a9008fdcf2ab46c3ccc08232,38,38,174200030000000000000000000,174200030.00000000
2026-06-01,13,-441049605,ea59bb2a900558a8c459fad77b72327ab892a524,19,19,154899976000000000000000000,154899976.00000000
2026-06-01,14,-226061742,91d40e4818f4d4c57b4578d9eca6afc92ac8debe,349,349,139898230383479220000000000,139898230.38347922
2026-06-01,15,2139887976,fbca8b5f5794456b59ad4177e5b212d0db600bb6,53,53,134234986710000000000000000,134234986.71000000
2026-06-01,16,-219177292,4a4aaa0155237881fbd5c34bfae16e985a7b068d,58,58,131571047254783000000000000,131571047.25478300
2026-06-01,17,-335892914,f07e3258395089514200209153a5d25da97bc22c,136,136,113565579293320863068051797,113565579.29332086
2026-06-01,18,-297818793,1368487bccee27421c5b4a90a437dbb8e8ea11ce,600,600,113492867870207828139916720,113492867.87020783
2026-06-01,19,-175406083,d001ae433f254283fece51d4acce8c53263aa186,494,434,107053361161886282069412068,107053361.16188628
2026-06-01,20,-476420994,e3190143eb552456f88464662f0c0c4ac67a77eb,100,100,105706209081282022416388731,105706209.08128202
2026-06-01,21,-971526386,8f10b468b06c6fd214b65f87778827f7d113f996,998,831,103213125256648489657353952,103213125.25664849
2026-06-01,22,-344724689,19c8ed6602ce31a51f2c9c28bd923847739f6175,140,140,92573551617980000000000000,92573551.617980000000
2026-06-01,23,386939649,c333e80ef2dec2805f239e3f1e810612d294f771,49,49,88027800497872165748456079,88027800.497872165748
2026-06-01,24,780100773,21a31ee1afc51d94c2efccaa2092ad1028285549,152,152,83175056844544060000000000,83175056.844544060000
2026-06-01,25,-232637266,4a6c312ec70e8747a587ee860a0353cd42be0ae0,480,441,82661783895661447468965633,82661783.895661447469
2026-06-01,26,-217146480,cc6d2f26d363836f85a42d249e145ec0320d3e55,1073,1044,78768723743434707642555751,78768723.743434707643
2026-06-01,27,-332883267,491edfb0b8b608044e227225c715981a30f3a44e,8,8,75049596000000000000000000,75049596.000000000000
2026-06-01,28,-1017901209,f8a1c5c010c4028123fcbe75391f588b74e69b83,2,2,74906358060000000000000000,74906358.060000000000
2026-06-01,29,-985171800,6dc12f4e82debedc5ac048013db95a81ef23ecdd,53,53,70049679300000000000000000,70049679.300000000000
2026-06-01,30,1552378461,c9f9f694ae147b1333c4f53266c5ccd5c6e4c04f,21,21,70049679290000000000000000,70049679.290000000000
2026-06-01,31,-1114434329,b03d620e49b6a21ea9d02142831c3f61c2fcbabc,78,78,64648282403200743236517265,64648282.403200743237
2026-06-01,32,-631360666,e2c70fa0bf188365a35440836f01367ca7802fe6,159,159,64512066523954710671912000,64512066.523954710672
2026-06-01,33,-1114407369,cb3168e89c375fbd0649067b63d5379232763499,31,31,64404775541121822914806187,64404775.541121822915
2026-06-01,34,-1114408235,0774b5b15b0cee5e2e14814ccf4d4611ff78ccf5,10,10,64320830535493263865252371,64320830.535493263865
2026-06-01,35,1729328533,02d967c88481d54e7fda18163b511895e1e49d4a,57,57,62832400000000000000000000,62832400.000000000000
2026-06-01,36,-151691092,05b7013adcc264ad73388563a1e98869aa4301ee,117,117,61675598222420000000000000,61675598.222420000000
2026-06-01,37,-198223899,b7210a359cd2034126b8b2c8b95e748f04fffa38,92,65,61301693159817108480858115,61301693.159817108481
2026-06-01,38,1734291305,880f622a1933acf82bfc5e630c9ab7f18ef47809,94,91,61004800000000000000000000,61004800.000000000000
2026-06-01,39,816889289,dfd5293d8e347dfe59e90efd55b2956a1343963d,151,151,58976591730338740000000000,58976591.730338740000
2026-06-01,40,-1040636145,612daa44ce553012d96cb4dd4276464ae988322b,21,21,54555785000000000000000000,54555785.000000000000
2026-06-01,41,1489735160,58b704065b7aff3ed351052f8560019e05925023,43,43,52789234380000000000000000,52789234.380000000000
2026-06-01,42,898526602,a01aa2196724a39290f465b3925e5dcafe7f2256,10,10,52301539560000000000000000,52301539.560000000000
2026-06-01,43,-215249457,81633c1357ddb25d8625efb2cad26a60988475bf,27,27,51426871558430806484772621,51426871.558430806485
2026-06-01,44,736007061,b81a0e6c38c3fec8a171cfe9631f60127a0c5bfd,79,44,51364161539094746654365928,51364161.539094746654
2026-06-01,45,-696663149,26cce1423b7433c9db8b89acb1ae9dcf0e7c672d,5,5,50000000000000000000000000,50000000.000000000000
2026-06-01,46,-1175632487,7f51c134230eb9e5aba42bc364d3d3eba26d9712,448,226,49541099246779537218740829,49541099.246779537219
2026-06-01,47,2055820491,0340d82237a62c7e567d30f1312e1bcae5fbf79e,10,10,44705700000000000000000000,44705700.000000000000
2026-06-01,48,881197687,9008d19f58aabd9ed0d60971565aa8510560ab41,431,412,43107938108049518792239409,43107938.108049518792
2026-06-01,49,-1159593825,af45ef46b73022cd5381387ebecc53cdbe3bb1d5,17,17,42051602100200000000000000,42051602.100200000000
2026-06-01,50,-302891536,fa82580c16a31d0c1bc632a36f82e83efef3eec0,224,219,41689207441284745769380809,41689207.441284745769
2026-06-01,51,-43630165,f3391b687474e7d7b60c223c7a26332702d3c3c4,52,51,40830514875074530000000000,40830514.875074530000
2026-06-01,52,-297627070,f8191d98ae98d2f7abdfb63a9b0b812b93c873aa,50,50,35616016000000000000000000,35616016.000000000000
2026-06-01,53,-1192041710,09bd5644f2b947b2a2b4a8d678a19190b6bffaba,56,35,34237517795113416824244843,34237517.795113416824
2026-06-01,54,-359298886,10ded52435e3d0c4f712f4038828ae7818194794,10,10,33951472100200000000000000,33951472.100200000000
2026-06-01,55,889165884,58d5e206df7a8d9da9da3ba0f59cdfa6b12fe38b,3,3,29270630000000000000000000,29270630.000000000000
2026-06-01,56,-1150634474,6f0538001f90d0a5f0000060d01d34c002030900,60,41,28180344861775709844689587,28180344.861775709845
2026-06-01,57,-1157337913,a7d38c858202e847f0a8808e776765158984c8b6,1,1,27570630000000000000000000,27570630.000000000000
2026-06-01,58,-952491740,a890d9c485f11d8dbeaabd36a7ff647166129753,4,4,27200000000000000000000000,27200000.000000000000
2026-06-01,59,-307846214,7f604d597c15b2e2f60dc645844f68b1d781b752,178,178,26353654475009000000000000,26353654.475009000000
2026-06-01,60,1699176572,51c72848c68a965f66fa7a88855f9f7784502a7f,170,168,26319303129613623231557885,26319303.129613623232
2026-06-01,61,-950842937,8ad9b1cb3128c871dd958c22ec485da32000536b,58,58,25470870429236231865297482,25470870.429236231865
2026-06-01,62,-679191016,9761ddf8e79930b334f1be1bd93abe3695061cca,6,6,25073693030000000111758708,25073693.030000000112
2026-06-01,63,-396396161,55823001c8cd87a6e86716ca768bce51f2d89c9c,102,102,24497634403718020000000000,24497634.403718020000
2026-06-01,64,-1114307064,33988614010be265e71ab3a04bd29f0b950bc58c,41,26,23697125584145094894715139,23697125.584145094895
2026-06-01,65,-519715998,b00fe7a3e0eaa061de1f74af0d48de97c244f58d,22,22,23586554497295536453911930,23586554.497295536454
2026-06-01,66,-1162051229,83f30762f7cc672a72291bd2c227be823f520eed,12,12,22220505789817011294788316,22220505.789817011295
2026-06-01,67,-573992479,b13aee6268c26173ccb5e74e655b2a3c2521f625,10,10,20895890000000000000000000,20895890.000000000000
2026-06-01,68,1469524145,a9d69f2f56df2cb8b66d0f2c6c867407a1296c5f,1,1,20000000000000000000000000,20000000.000000000000
2026-06-01,69,-787822446,62425cd6bdcb6bfe51558ea465b063486b70dc9f,60,60,19951750188288770000000000,19951750.188288770000
2026-06-01,70,-118803081,09c2f460c925a00967a7daeef7af9f8e0a5032b2,34,34,19036358292543856480597848,19036358.292543856481
2026-06-01,71,1595719267,eae7380dd4cef6fbd1144f49e4d1e6964258a4f4,52,52,19018627999999999889113088,19018627.999999999889
2026-06-01,72,1861713724,1ab4973a48dc892cd9971ece8e01dcc7688f8f23,46,46,18672345255229370000000000,18672345.255229370000
2026-06-01,73,-258881147,9cbdbd7fa768ad6e9546ff57238722fa9b925329,10,10,18490000000000000000000000,18490000.000000000000
2026-06-01,74,-1037640733,7f54f05635d15cde17a49502fedb9d1803a3be8a,286,202,18345042628889825602502293,18345042.628889825603
2026-06-01,75,-607341344,815f5bb257e88b67216a344c7c83a3ea4ee74748,5,5,17682528618815911319607930,17682528.618815911320
2026-06-01,76,-719114798,971b34b997843b82051b3e781d6a6d5a21bbdda0,20,20,17645624540188238121071448,17645624.540188238121
2026-06-01,77,-920301600,7a84fcb839beb377861001c6339a986b9e6d6d68,12,12,17559832195543354951538173,17559832.195543354952
2026-06-01,78,1347656969,e3a46f6853a2f314b5ea98ca5d17cd2a1a90ecef,37,37,17534001001470646517776100,17534001.001470646518
2026-06-01,79,-175424509,ae317afa99c5d85afc79ca5c54556d146b8be7bb,8,8,17358638505915176317658892,17358638.505915176318
2026-06-01,80,2054943978,6a000f20005980200259b80c5102003040001068,180,114,16840759711137506756857479,16840759.711137506757
2026-06-01,81,-927822710,ce937da1ffd21673aa1e063459873f30189a2193,227,226,16557873543738897616091257,16557873.543738897616
2026-06-01,82,-731277697,3c1765de3efb746235526b10b94de1e2332aedbf,3,3,16197196150976987931169551,16197196.150976987931
2026-06-01,83,-103393091,45312ea0eff7e09c83cbe249fa1d7598c4c8cd4e,83,83,15938288469609180251745424,15938288.469609180252
2026-06-01,84,2137894645,f276d10b388e00b8a04b1362f66c6e2aad8a1960,40,40,15418632988854512988989242,15418632.988854512989
2026-06-01,85,-546078740,d8e398a429ec1ef2c17a463c5c7b55837f8b5cf1,195,195,15012174362488000000000000,15012174.362488000000
2026-06-01,86,-166713851,34e479b3dbd9f1b05cf9fff3e7bcee2630e403ad,4,4,14675640000000000000000000,14675640.000000000000
2026-06-01,87,-722200255,f317a5204ebe220fa33d53753db1a2e493d2468d,24,24,14497950000249875000000000,14497950.000249875000
2026-06-01,88,-1133829635,7fb9f8f775e3ff458ce5d9d146f36e9e4639205e,46,46,14157124911344504772866367,14157124.911344504773
2026-06-01,89,-1133834435,3e20cd4b434fce58d02d06391d3ca1f47214b4a4,46,46,14157124911344504772866367,14157124.911344504773
2026-06-01,90,-1052279104,4c3ccc98c01103be72bcfd29e1d2454c98d1a6e3,64,35,14115857962242453656776927,14115857.962242453657
2026-06-01,91,-474887834,8a85636b163f251e899269fb6360b3dd510f72f8,4,4,13835000000000000000000000,13835000.000000000000
2026-06-01,92,-1057299395,3d695689c81b60c810bc5e3b6121faac878da6aa,59,59,13772295289273742649813313,13772295.289273742650
2026-06-01,93,1402428935,110538c4553a670cefedbe362301dc5a22c68342,20,20,13027858060800000000000000,13027858.060800000000
2026-06-01,94,30616,1522900b6dafac587d499a862861c0869be6e428,18,18,12863715423955200000000000,12863715.423955200000
2026-06-01,95,-433401137,d6c757043e7d59088969b188923c62fa960afe9b,12,12,12845216570228913238910958,12845216.570228913239
2026-06-01,96,-1088602671,882c825405fbbe45dcc1ad52b639afbc4592edb7,6,6,12644231933890514418976332,12644231.933890514419
2026-06-01,97,-344707876,ffa8db7b38579e6a2d14f9b347a9ace4d044cd54,11,11,11993912158470330000000000,11993912.158470330000
2026-06-01,98,-1191905385,c1d4e31c05457f7a87f49e0ef556977e9e216250,31,31,11984555416666105090042244,11984555.416666105090
2026-06-01,99,-1191879123,c936e848688c9f035fa0e7a0e4dbcf26a01245f3,31,31,11984555416666105090042244,11984555.416666105090
2026-06-01,100,-896765792,5f59e24dffa7f8d7eed567ece17c0a4f9992f23d,17,17,11569493759433602072012000,11569493.759433602072
