month,user_rank,address_id,address,outgoing_transfer_count,outgoing_transaction_count,raw_outgoing_volume,outgoing_volume
2025-03-01,1,306738287,bd02c51150a4ab6ce97b9de2025644594f3e75b8,16,16,4500876310000000000000000,4500876.310000000000
2025-03-01,2,-198240059,39c32fc16fe8e1bcbd0c7ff266c9c78e0d187070,2,2,90000000000000000000,90.0000000000000000
2025-03-01,3,729051834,09035d939859d2b0473a94fb4f164a8ef09d18e1,1,1,1300000000000000000,1.3000000000000000
2025-04-01,1,306738287,bd02c51150a4ab6ce97b9de2025644594f3e75b8,3,3,9990000000000000000000000,9990000.000000000000
2025-04-01,2,-186122954,66a9893cc07d91d95644aedd05d03f95e1dba8af,73,73,44671547919067706418453,44671.547919067706
2025-04-01,3,616036061,74de5d4fcbf63e00296fd95d33236b9794016631,117,117,3883345551477147000446,3883.3455514771470004
2025-04-01,4,-291668638,185a1ff695d30a22c19f44c6b41e2d6d1c8c1f11,12,12,3472546111321617950157,3472.5461113216179502
2025-04-01,5,1381791786,1111111254eeb25477b68fb85ed929f73a960582,37,37,2652841879517086615316,2652.8418795170866153
2025-04-01,6,881197687,9008d19f58aabd9ed0d60971565aa8510560ab41,2,2,2238132383598351303767,2238.1323835983513038
2025-04-01,7,-194524076,0d0e364aa7852291883c162b22d6d81f6355428f,162,83,1522002571942757117267,1522.0025719427571173
2025-04-01,8,-285677798,564d6e3a879c007183fad17bed9a70630f090651,6,6,1330962893848170354571,1330.9628938481703546
2025-04-01,9,-291668834,ef530078320f3a9223661e2fe37001023048a7df,36,36,1300041111947143486453,1300.0411119471434865
2025-04-01,10,1587123400,a7ca2c8673bcfa5a26d8ceec2887f2cc2b0db22a,18,18,975940531195536008927,975.9405311955360089
2025-04-01,11,1899934735,111111125421ca6dc452d289314280a0f8842a65,7,7,316028085267899563074,316.0280852678995631
2025-04-01,12,1364872031,1231deb6f5749ef6ce6943a275a1d3e7486f4eae,1,1,199864122501386310778,199.8641225013863108
2025-04-01,13,-260840437,88649f4743a758171077b98ee2003f1989b1615a,2,2,160839843308700852780,160.8398433087008528
2025-04-01,14,-291679994,1e1dfff79d95725aaafd6b47af4fbc28d859ce28,9,9,114982937838497628698,114.9829378384976287
2025-04-01,15,-146506336,c6dd034659bd8ba4ba564312ed369f8c53b2f80c,1,1,102210061612284798492,102.2100616122847985
2025-04-01,16,2101584250,b685760ebd368a891f27ae547391f4e2a289895b,3,3,90495584000000000000,90.4955840000000000
2025-04-01,17,867588846,4a14347083b80e5216ca31350a2d21702ac3650d,2,2,89541935048158312868,89.5419350481583129
2025-04-01,18,945823832,6352a56caadc4f1e25cd6c75970fa768a3304e64,4,3,88797882574425942511,88.7978825744259425
2025-04-01,19,1113847572,663dc15d3c1ac63ff12e45ab68fea3f0a883c251,4,4,85899242689074655140,85.8992426890746551
2025-04-01,20,1526126162,2f2dd99235cb728fc79af575f1325eaa270f0c99,3,3,64563163838239912932,64.5631638382399129
2025-04-01,21,-306692186,4e962ecb3b59e725c65f49aa1aa0f759dee18b7c,1,1,50000000000000000000,50.0000000000000000
2025-04-01,22,1608787768,ad3b67bca8935cb510c8d18bd45f0b94f54a968f,1,1,33680187148314143657,33.6801871483141437
2025-04-01,23,1670800685,4deaae930ae5251d28e500b2372c626088c85ce7,1,1,31480000000000000000,31.4800000000000000
2025-04-01,24,2068491642,0f4a1d7fdf4890be35e71f3e0bbc4a0ec377eca3,3,3,11273712878045838153,11.2737128780458382
2025-04-01,25,1586252096,3fc91a3afd70395cd496c647d5a6cc9d4b2b7fad,4,4,4193550625637944411,4.1935506256379444
2025-04-01,26,-148073324,5141b82f5ffda4c6fe1e372978f1c5427640a190,10,10,2682622782794109659,2.6826227827941097
2025-04-01,27,-301176224,ab52f8c11e72d00d4f717a657378ef9b8bf7c2b6,1,1,1821854232250507646,1.8218542322505076
2025-04-01,28,1518380821,b8bb8901d8208f3314435f930745d03201b3ad96,6,5,1200000000000000000,1.2000000000000000
2025-04-01,29,-225084939,eaef042c866783841894450a0ce727bcd6fedd81,1,1,998649968671720700,0.99864996867172070000
2025-04-01,30,-275591927,06b4e15cadfcfd5ff74b24574948d96039dbcfb9,3,1,600000000000000000,0.60000000000000000000
2025-04-01,31,-306538581,b8ef2c60f7ba4051120e9e26695e7e1fd7d65adf,1,1,220400000000000000,0.22040000000000000000
2025-04-01,32,-306532408,a88cf9d33f1eb6bc390cb0e05579f21a38625caf,1,1,200000000000000000,0.20000000000000000000
2025-04-01,33,-306617001,1ebf242cc397cba7e267781bb930bac1562f5bbf,1,1,110000000000000000,0.11000000000000000000
2025-04-01,34,-303887348,a12e27a5d1f58a5fd40cbf9ddb8f035fc03ae1d5,1,1,110000000000000000,0.11000000000000000000
2025-04-01,35,-304900022,d9f16629aa836209158693fd054a768be0c5404b,1,1,100000000000000000,0.10000000000000000000
2025-04-01,36,-304918224,36526fe8ca72f142b3337f709caff134b6e6649d,1,1,100000000000000000,0.10000000000000000000
2025-04-01,37,2054943978,6a000f20005980200259b80c5102003040001068,1,1,35453895252930316,0.03545389525293031600
2025-05-01,1,306738287,bd02c51150a4ab6ce97b9de2025644594f3e75b8,9,9,13036231000000000000000000,13036231.000000000000
2025-05-01,2,-291679994,1e1dfff79d95725aaafd6b47af4fbc28d859ce28,732,732,4413066371891269134996496,4413066.371891269135
2025-05-01,3,-186122954,66a9893cc07d91d95644aedd05d03f95e1dba8af,1463,1456,3253377504357731249800084,3253377.504357731250
2025-05-01,4,-291668638,185a1ff695d30a22c19f44c6b41e2d6d1c8c1f11,748,748,3172218272290510341821344,3172218.272290510342
2025-05-01,5,881197687,9008d19f58aabd9ed0d60971565aa8510560ab41,109,93,2774658666509036615338661,2774658.666509036615
2025-05-01,6,1899934735,111111125421ca6dc452d289314280a0f8842a65,133,133,2465584604386302824734996,2465584.604386302825
2025-05-01,7,-325212918,ee9b1a09aedaced9dcda74964ea447feb93861c2,15,15,1573720598611313764491881,1573720.598611313764
2025-05-01,8,2054943978,6a000f20005980200259b80c5102003040001068,70,70,580000024301572379303140,580000.024301572379
2025-05-01,9,1663246624,cf5540fffcdc3d510b18bfca6d2b9987b0772559,14,14,560083478446391023605381,560083.478446391024
2025-05-01,10,-324113066,e7f843b733bfd80ed28fc9053dcedf677b80ee34,441,440,532813343971528541837606,532813.343971528542
2025-05-01,11,1113847572,663dc15d3c1ac63ff12e45ab68fea3f0a883c251,34,34,499160866734462533254816,499160.866734462533
2025-05-01,12,-323129525,6e4141d33021b52c91c28608403db4a0ffb50ec6,76,69,367807031836897596512178,367807.031836897597
2025-05-01,13,2068491642,0f4a1d7fdf4890be35e71f3e0bbc4a0ec377eca3,121,98,252527292199895714663244,252527.292199895715
2025-05-01,14,-329022651,6c2f0e1759d84deb8f8011bb97a7596308279fd7,79,78,226059173412666538328134,226059.173412666538
2025-05-01,15,1381791786,1111111254eeb25477b68fb85ed929f73a960582,134,134,187294115961220626818559,187294.115961220627
2025-05-01,16,1806783656,4fb312915b779b1339388e14b6d079741ca83128,2,2,166000000000000000000000,166000.000000000000
2025-05-01,17,-343997377,3fd595abefeb80475faa9c90b525802455417814,603,603,159159428072224161727811,159159.428072224162
2025-05-01,18,-111399962,000000000004444c5dc75cb358380d2e3de08a90,58,58,116850085973942948964437,116850.085973942949
2025-05-01,19,-308439145,5418226af9c8d5d287a78fbbbcd337b86ec07d61,416,236,115976980147138541039954,115976.980147138541
2025-05-01,20,1542902776,358ee17c36b51e3c6870ac2aee6fa24c4c479a10,2,2,99769794911042849330676,99769.794911042849
2025-05-01,21,-75307493,6d1d1ebe7da598194293784252659e862d55b52c,1,1,97158159470574975465090,97158.159470574975
2025-05-01,22,-329201858,ac5bb11570bccfb6d4eff2bed8f581ef90dc0258,1,1,94785767527998072076579,94785.767527998072
2025-05-01,23,616036061,74de5d4fcbf63e00296fd95d33236b9794016631,196,196,83691533877300114615315,83691.533877300115
2025-05-01,24,-324161042,bf22b4971e219b48cf16f9a8b7a5e8b8e8f4894d,1,1,60305020569009922214667,60305.020569009922
2025-05-01,25,-260840437,88649f4743a758171077b98ee2003f1989b1615a,41,41,51469888161148616730770,51469.888161148617
2025-05-01,26,1457791451,ce45978cc5d317628999e9f3dc640f577f41a749,2,2,49950558000000000000000,49950.558000000000
2025-05-01,27,2120857848,1f2f10d1c40777ae1da742455c65828ff36df387,3,2,49455770592911136492987,49455.770592911136
2025-05-01,28,1608787768,ad3b67bca8935cb510c8d18bd45f0b94f54a968f,12,12,46800006972093388245495,46800.006972093388
2025-05-01,29,-315012604,3ced11c610556e5292fbc2e75d68c3899098c14c,16,16,46413069804889471992295,46413.069804889472
2025-05-01,30,1586960633,0b8a49d816cc709b6eadb09498030ae3416b66dc,5,5,42954445866017994007279,42954.445866017994
2025-05-01,31,1946669187,5f9ecf757137d5ef4330ab72d18163c2f221befd,36,36,41286240000000000000000,41286.240000000000
2025-05-01,32,-350341611,66d59e5b4df91fd10b60c3f93a2c665b860517a1,1,1,38789314510935165738609,38789.314510935166
2025-05-01,33,-79620546,0000000000bbf5c5fd284e657f01bd000933c96d,6,6,31636009717725999061717,31636.009717725999
2025-05-01,34,2061959543,5b93d80da1a359340d1f339fb574bdc56763f995,3,3,31159914584914222974249,31159.914584914223
2025-05-01,35,-270627834,20da83802fbc863bec24dde8ea2af85493e0b23e,2,2,29225275953368006860967,29225.275953368007
2025-05-01,36,-237550007,eeeeee9ec4769a09a76a83c7bc42b185872860ee,56,56,26243410171243437346156,26243.410171243437
2025-05-01,37,-291668834,ef530078320f3a9223661e2fe37001023048a7df,127,127,26018227780376852016976,26018.227780376852
2025-05-01,38,1895570245,fd235968e65b0990584585763f837a5b5330e6de,29,15,22740310311047713577814,22740.310311047714
2025-05-01,39,-324165481,0c63429c581d96e6a6b8468c37563412e7bffd7a,1,1,20098381026051119488663,20098.381026051119
2025-05-01,40,-352451558,51048a5e8a78f9c90d0436e4b0d8cd87e738380f,116,116,14648558524007588266284,14648.558524007588
2025-05-01,41,-27544840,bfe40e00c6b0d0052912ecd2fa17909c756e9f52,7,7,14607484747548131926209,14607.484747548132
2025-05-01,42,-308441982,d71baacbcb10720b16a63620605cb4b962c47d20,38,15,14470981878316094147122,14470.981878316094
2025-05-01,43,-343295147,c0b9183c24856de86614a0a601342aa70a587a1a,47,47,14215558441537562607161,14215.558441537563
2025-05-01,44,580160281,7afc12c8dd2e6591581d95586eb2c2a4905a12a9,3,3,14050000000000000000000,14050.000000000000
2025-05-01,45,-324154403,efa036f52e4edf9eb93ab17be27daef3645e680d,1,1,12199838540215702433809,12199.838540215702
2025-05-01,46,-303667228,f0a12fefa78181a3749474db31d09524fa87b1f7,4,4,12126268271390868996626,12126.268271390869
2025-05-01,47,1364872031,1231deb6f5749ef6ce6943a275a1d3e7486f4eae,11,11,11098749396488644268256,11098.749396488644
2025-05-01,48,1639762068,73f9efaf5e30179e2915c5ef6f790a6a7e8a9794,1,1,10905519343272408782720,10905.519343272409
2025-05-01,49,1587123400,a7ca2c8673bcfa5a26d8ceec2887f2cc2b0db22a,28,28,9788625674339846378611,9788.6256743398463786
2025-05-01,50,1980139775,f691d55b1d65bf65acfcba6eaf9ff95e06867deb,4,4,9714451043970599100350,9714.4510439705991004
2025-05-01,51,-168662770,ff031cc2563988bc4afa29e2cd7bcc2d389900a5,1,1,7839645703723887215133,7839.6457037238872151
2025-05-01,52,-345058646,b89848b37330aaab98b9a8e3c4d5498b6efd5cbb,2,2,7669925889617541176793,7669.9258896175411768
2025-05-01,53,-329175363,7660b3822a55e42cf0d48db213592fcf0cfbcb6a,2,2,6252118826291468195471,6252.1188262914681955
2025-05-01,54,2106851551,c38e4e6a15593f908255214653d3d947ca1c2338,15,15,6032426836028365034188,6032.4268360283650342
2025-05-01,55,1526126162,2f2dd99235cb728fc79af575f1325eaa270f0c99,23,23,5783840859552046486787,5783.8408595520464868
2025-05-01,56,-285677798,564d6e3a879c007183fad17bed9a70630f090651,37,37,5720004959883366328385,5720.0049598833663284
2025-05-01,57,-235906611,ae68b7117be0026cbd4366303f74eecbb19e4042,3,3,5187773506913783873796,5187.7735069137838738
2025-05-01,58,-329155343,31be0d9422ab1253529be3d0db1742259355a73f,1,1,5140114985518778129076,5140.1149855187781291
2025-05-01,59,1681029139,d81fbec8562a6428f8790c03140de5e1c5318752,1,1,5031616886180993964394,5031.6168861809939644
2025-05-01,60,-329165914,46bb26458e88842712dc4da6809ea9e9c11ba6ff,1,1,5030928714034259430221,5030.9287140342594302
2025-05-01,61,-141557438,8b3197fea788f6821bc18cd6f8b7148da0faacac,1,1,5009734369271094782910,5009.7343692710947829
2025-05-01,62,436237658,52573eb4b84e1a4c07e437e273388f55009d1ac1,1,1,4949364322559529723471,4949.3643225595297235
2025-05-01,63,1636575522,69460570c93f9de5e2edbc3052bf10125f0ca22d,15,13,4631030897691053656397,4631.0308976910536564
2025-05-01,64,-345370050,a8b999887ee4c5b2a71390924306e9b0ca36356f,1,1,3685348705361815141389,3685.3487053618151414
2025-05-01,65,-138857392,0e80ea1fd7a77312170ebf9f1f4f9f5a530d6942,2,2,3159586648343168612189,3159.5866483431686122
2025-05-01,66,924069764,c610d6494dea7ea6d560cd4a94a266338b5d231f,2,2,3053890633844887678923,3053.8906338448876789
2025-05-01,67,-343907538,f71c1b976b33a533d22f2fba85b42aba209bb5ce,1,1,2999999999999999999998,3000.0000000000000000
2025-05-01,68,1456474257,6131b5fae19ea4f9d964eac0408e4408b66337b5,36,20,2578610718943230057700,2578.6107189432300577
2025-05-01,69,2101584250,b685760ebd368a891f27ae547391f4e2a289895b,6,6,2574108465000000000000,2574.1084650000000000
2025-05-01,70,-343204369,b66811f311078b9cecf4d0787576531a05ef6913,1,1,2340001027479748570426,2340.0010274797485704
2025-05-01,71,-349555577,f487a3859e340bb5750d09ade3a539e48123f470,1,1,2073226782780538170146,2073.2267827805381701
2025-05-01,72,-330138521,a33b6c189d6bf5b4b144851d0f2beb04300da6dd,8,8,1744029573561171178193,1744.0295735611711782
2025-05-01,73,-343821278,7d1031d21cda520ddb89d8cdfe55a9a2390aeea0,1,1,1611249187107881410435,1611.2491871078814104
2025-05-01,74,-351993186,60b9d0b3d4f1b2f4cb6df04e10c23e6119e2b660,7,7,1471103600938531832422,1471.1036009385318324
2025-05-01,75,-346932628,9de739fc37c9417571a642057ba509f6554a6abb,8,7,1297281678945444405629,1297.2816789454444056
2025-05-01,76,-345051301,c7874e83f048d8fd3b351532849e99f360a4e3e4,5,5,1070902176132147752313,1070.9021761321477523
2025-05-01,77,1671558281,bb2b2e142a626e0f78f84d20b7646bbecd6ee10d,1,1,1045140236635936474027,1045.1402366359364740
2025-05-01,78,2030594716,905794c9001a29f8013b9f7aca0bd43061bbc6c4,1,1,989725782253452352197,989.7257822534523522
2025-05-01,79,-329031973,43239e5d1cdff9c805f0596ed388b7c450c398cb,1,1,969685109400072145596,969.6851094000721456
2025-05-01,80,-207698558,8d7ec16f22556880a6e8756d2d55949c669339fe,1,1,964380000000000000000,964.3800000000000000
2025-05-01,81,2084315180,9c434a2d262d17c57b3d5361781ea090e251f77e,1,1,902417664215551397725,902.4176642155513977
2025-05-01,82,1918841694,3ccc64ea0abfb664cbe8d5c24cdb24416b278ab4,1,1,843000000000000000000,843.0000000000000000
2025-05-01,83,-325950899,6ed0068538f0ce3d8135d8638e0ad8727974448b,1,1,814983774602468989776,814.9837746024689898
2025-05-01,84,-330312815,75057a3629e5e884ed6bafbd7494454f333cbbbf,2,1,812689390026058601003,812.6893900260586010
2025-05-01,85,-136048499,81463b0f960f247f704377661ec81c1fd65b5128,2,2,753007482797834633216,753.0074827978346332
2025-05-01,86,1586252096,3fc91a3afd70395cd496c647d5a6cc9d4b2b7fad,1,1,662305228473441962126,662.3052284734419621
2025-05-01,87,-269393335,76600115c5cbe56d82bde2af8cafb3801aee5efe,1,1,659499999999999999999,659.5000000000000000
2025-05-01,88,1588048408,e12b372219d4e07a9644567e3634e8ddd4c25183,1,1,635650000000000000000,635.6500000000000000
2025-05-01,89,1226275153,55432b7d79abbf24151e6b1d102c176277a90135,1,1,622047963908216688274,622.0479639082166883
2025-05-01,90,-343394032,631342528f5ae16e9da43adc428266fccb373557,1,1,522513059704293703317,522.5130597042937033
2025-05-01,91,1105932400,00000000009726632680fb29d3f7a9734e3010e2,6,6,507648898675806745677,507.6488986758067457
2025-05-01,92,-324180829,16a5c845ce8f6e2183fcc1551d435b2ce66b15e8,1,1,499958581484274444988,499.9585814842744450
2025-05-01,93,-352477759,f051973d441b285fdc383f5881549ec039620a17,2,1,491664391557841634135,491.6643915578416341
2025-05-01,94,-330511016,0a373b07ec0807344d3a56be9619b3ed28f024f3,2,1,454677259193887585623,454.6772591938875856
2025-05-01,95,-278348442,bc75a9efe65b8bb5f9057283ce5e7a18bb4b2549,2,2,451006649829043818653,451.0066498290438187
2025-05-01,96,1546351861,67cc979630c44dcd435688534648078bce38930e,1,1,413522200000000000000,413.5222000000000000
2025-05-01,97,-343068720,4cb296b73d0d06dac9e2104b6d5433deadca54a3,2,1,379785425266968134185,379.7854252669681342
2025-05-01,98,-194524076,0d0e364aa7852291883c162b22d6d81f6355428f,18,9,357082457227531835243,357.0824572275318352
2025-05-01,99,936060548,661c927872fe0628856a40b52d9f24034e72beca,1,1,342000000000000000000,342.0000000000000000
2025-05-01,100,-352597463,59d9e1d3138350c0e5d5304d8a538ef0f6f91e5c,2,1,282803831871674029418,282.8038318716740294
2025-06-01,1,306738287,bd02c51150a4ab6ce97b9de2025644594f3e75b8,5,5,12002110000000000000000000,12002110.000000000000
2025-06-01,2,-38111097,5be9a4959308a0d0c7bc0870e319314d8d957dbb,6,6,11900550700000000000000000,11900550.700000000000
2025-06-01,3,-361571329,0eb0d924a210f46b1e3801f74e5aaf769f817fa9,77327,182,3634369000000000000000000,3634369.000000000000
2025-06-01,4,-291679994,1e1dfff79d95725aaafd6b47af4fbc28d859ce28,338,338,2883072795043267763815687,2883072.795043267764
2025-06-01,5,-291668638,185a1ff695d30a22c19f44c6b41e2d6d1c8c1f11,426,426,1733751990574378622546752,1733751.990574378623
2025-06-01,6,881197687,9008d19f58aabd9ed0d60971565aa8510560ab41,63,63,1068194256895723128915034,1068194.256895723129
2025-06-01,7,2054943978,6a000f20005980200259b80c5102003040001068,28,28,787815395981356861796174,787815.395981356862
2025-06-01,8,-186122954,66a9893cc07d91d95644aedd05d03f95e1dba8af,421,414,734061488508835307672274,734061.488508835308
2025-06-01,9,-323129525,6e4141d33021b52c91c28608403db4a0ffb50ec6,43,40,716613154606122336732837,716613.154606122337
2025-06-01,10,-369240818,8170832e879064441f5beeab731c1ccd5facdca9,7,7,671614110075540344259495,671614.110075540344
2025-06-01,11,1899934735,111111125421ca6dc452d289314280a0f8842a65,128,128,531950432048804681238827,531950.432048804681
2025-06-01,12,1806783656,4fb312915b779b1339388e14b6d079741ca83128,3,3,391000000000000000000000,391000.000000000000
2025-06-01,13,-341910872,756f93bdc455ebc1a05047d4a934746b015dac63,15,15,192277820000000000000000,192277.820000000000
2025-06-01,14,1364872031,1231deb6f5749ef6ce6943a275a1d3e7486f4eae,110,110,185684956134014626324020,185684.956134014626
2025-06-01,15,-291686712,b0f10200d9e66076d49aaca63328c928bee6e89b,16,16,152939975837093536189399,152939.975837093536
2025-06-01,16,-324113066,e7f843b733bfd80ed28fc9053dcedf677b80ee34,130,130,152710892172469552606315,152710.892172469553
2025-06-01,17,1663246624,cf5540fffcdc3d510b18bfca6d2b9987b0772559,6,6,127462784966166446403268,127462.784966166446
2025-06-01,18,616036061,74de5d4fcbf63e00296fd95d33236b9794016631,680,680,95179881818384090269577,95179.881818384090
2025-06-01,19,-237550007,eeeeee9ec4769a09a76a83c7bc42b185872860ee,100,100,89382117804005471718647,89382.117804005472
2025-06-01,20,2106851551,c38e4e6a15593f908255214653d3d947ca1c2338,18,18,84270034537323402102997,84270.034537323402
2025-06-01,21,-343295147,c0b9183c24856de86614a0a601342aa70a587a1a,17,17,78507710765849019659097,78507.710765849020
2025-06-01,22,-260840437,88649f4743a758171077b98ee2003f1989b1615a,12,12,62669592383509923708571,62669.592383509924
2025-06-01,23,2101584250,b685760ebd368a891f27ae547391f4e2a289895b,41,41,51565266796000000000000,51565.266796000000
2025-06-01,24,-349377817,63cb29fd3eb538c969f73aee6f3d78befd041c95,1,1,51022000000000000000000,51022.000000000000
2025-06-01,25,-111399962,000000000004444c5dc75cb358380d2e3de08a90,51,51,34715289138950144051260,34715.289138950144
2025-06-01,26,-325212918,ee9b1a09aedaced9dcda74964ea447feb93861c2,21,21,28093336691127048372840,28093.336691127048
2025-06-01,27,-291668834,ef530078320f3a9223661e2fe37001023048a7df,375,375,26793187109060684973407,26793.187109060685
2025-06-01,28,2052526720,604dd02d620633ae427888d41bfd15e38483736e,6,6,26125070000000000000000,26125.070000000000
2025-06-01,29,1381791786,1111111254eeb25477b68fb85ed929f73a960582,72,72,22989195529391900337789,22989.195529391900
2025-06-01,30,-389209465,dfcb2ab25b7978c112e9e08a2c70d52b035f1776,438,335,22415698027422050110070,22415.698027422050
2025-06-01,31,808818956,f8001b3b01cf566982f5135174657e7959f3a64b,7,7,20986595740000000000000,20986.595740000000
2025-06-01,32,749886602,c8db440a9b03cdb005410747f569357df8e778b9,1,1,20000457000000000000000,20000.457000000000
2025-06-01,33,1608787768,ad3b67bca8935cb510c8d18bd45f0b94f54a968f,9,9,19672520555486523839444,19672.520555486524
2025-06-01,34,-362259446,27c93d0fd2ff8beadd147f3d6236ef4199e22fd6,61,61,14844528431543662396558,14844.528431543662
2025-06-01,35,1586960633,0b8a49d816cc709b6eadb09498030ae3416b66dc,3,3,12526052414895115261474,12526.052414895115
2025-06-01,36,-270627834,20da83802fbc863bec24dde8ea2af85493e0b23e,1,1,11400738623569604000000,11400.738623569604
2025-06-01,37,-315012604,3ced11c610556e5292fbc2e75d68c3899098c14c,11,11,11166278306799052500069,11166.278306799053
2025-06-01,38,1548612690,3f2756fed3d151c80eb9c0e818f67b2d436102c6,1,1,10664898005005741933805,10664.898005005742
2025-06-01,39,930112981,24674d60f76b0fc0843adc6daa90d944262db854,3,3,9537073990000000000000,9537.0739900000000000
2025-06-01,40,2061959543,5b93d80da1a359340d1f339fb574bdc56763f995,6,6,9297188916271541868666,9297.1889162715418687
2025-06-01,41,1685736544,2dfadab8266483bed9fd9a292ce56596a2d1378d,7,7,9066717416542289579846,9066.7174165422895798
2025-06-01,42,324336755,4059e94f431b2c48373c3cf962b257b7a4b1dc63,3,3,9030000000000000000000,9030.0000000000000000
2025-06-01,43,-308441982,d71baacbcb10720b16a63620605cb4b962c47d20,15,9,9024547391744527040448,9024.5473917445270404
2025-06-01,44,-390821585,f9c9e45f4cce47632802a7a62ae2887f1570531d,48,48,8977469986480723797296,8977.4699864807237973
2025-06-01,45,-303667228,f0a12fefa78181a3749474db31d09524fa87b1f7,3,3,8728992635040455608909,8728.9926350404556089
2025-06-01,46,1668478917,e5fc1d7d12045dc773ccc6cb01c76541eff2feb6,5,5,8713161874565923639856,8713.1618745659236399
2025-06-01,47,-198944258,257e5a6bd0cb6933ad1e31871d180be875c75c36,3,3,7559203024000000000000,7559.2030240000000000
2025-06-01,48,583815020,a946174c101c8631aa1967d2db1477558f174649,2,2,7001100000000000000000,7001.1000000000000000
2025-06-01,49,1995160552,f9a521579c09ac3addc2fcf7b705284e15b5e579,1,1,6746587636860000000000,6746.5876368600000000
2025-06-01,50,-344996114,c6a5a98fefcec753286b9deffb04c1dfc4cc2fa6,32,4,6493000000000000000000,6493.0000000000000000
2025-06-01,51,1541220036,ffd972c403f2dd454a990ba14ce428fa906931dd,2,2,6360000000000000000000,6360.0000000000000000
2025-06-01,52,2000117835,c02975617d961ed54cd43f10edffc86a36b0cacc,2,2,6340700000000000000000,6340.7000000000000000
2025-06-01,53,-308439145,5418226af9c8d5d287a78fbbbcd337b86ec07d61,469,399,6025508696501325268406,6025.5086965013252684
2025-06-01,54,-225862763,317b0f9c0397307b63bb56442d18b890e37ad054,4,4,6020000000000000000000,6020.0000000000000000
2025-06-01,55,845387549,cd98aa3437f953259e6983ebb8fe47b5f50317b4,3,3,5744167016523255422863,5744.1670165232554229
2025-06-01,56,166913851,0a16c68ff4ef22b348bd9474da28ecfb0975b4b6,2,2,5732587210000000000000,5732.5872100000000000
2025-06-01,57,1518767636,4177220fd9b1937392ccec4a5f0b4f9c7cd8efb6,2,2,5720801208214604114646,5720.8012082146041146
2025-06-01,58,1353558856,a0008d01107a3df1529142f43d1b762344efa52c,2,2,5719691596313239165925,5719.6915963132391659
2025-06-01,59,929320685,57ce7e454686dd1b3b3f1812a908b74c33824756,3,3,5719000000000000000000,5719.0000000000000000
2025-06-01,60,1952799519,5d137ac16e69d4ab8cbb1cc9eac809a073160edd,4,4,5718617211428115224723,5718.6172114281152247
2025-06-01,61,915199343,db7defc8c2dcd5ff7dcb884bba1602308c9a4cb8,2,2,5718561844906201458092,5718.5618449062014581
2025-06-01,62,1089713316,91d70d129bd24ecd171bc4b69e0a7bf6ef7e0ffe,2,2,5718525149909030412483,5718.5251499090304125
2025-06-01,63,1163334550,a0b7716d1df0ea6abb3858ee0a730d64d1ba5747,2,2,5718185212656505944584,5718.1852126565059446
2025-06-01,64,1527559258,144313a16dc284187e963848cb494a8b544e7a58,2,2,5718006565674385447090,5718.0065656743854471
2025-06-01,65,-396980558,6b1c687b8a9d46763c59f7ab81077f1aa730cc07,20,20,5090930301223065994447,5090.9303012230659944
2025-06-01,66,-176724178,68bb7d06f462116387e00ebf702f94092923f054,1,1,5000000000000000000000,5000.0000000000000000
2025-06-01,67,1587123400,a7ca2c8673bcfa5a26d8ceec2887f2cc2b0db22a,9,9,4171344275316181051333,4171.3442753161810513
2025-06-01,68,1339150940,25ab3efd52e6470681ce037cd546dc60726948d3,3,3,4109876500000000000000,4109.8765000000000000
2025-06-01,69,-329022651,6c2f0e1759d84deb8f8011bb97a7596308279fd7,4,4,4042806283028419324656,4042.8062830284193247
2025-06-01,70,-389683929,bc04294d450588c2b183d2de003bd86863891c8d,1,1,3814890298605365448101,3814.8902986053654481
2025-06-01,71,-366653018,6c3c0e67ea32011f42ba62a4f7d7dbc1ff1f8193,1,1,3618575976197694494448,3618.5759761976944944
2025-06-01,72,865244722,2e8f6f8662593134dc8311e312885921855332bc,1,1,3275959946147164000000,3275.9599461471640000
2025-06-01,73,-379996193,82d88875d64d60cbe9cbea47cb960ae0f04ebd4d,113,101,3239428529074533074126,3239.4285290745330741
2025-06-01,74,1098340725,e9fac13d4b07654df039eea81555a8899c4d0138,1,1,3150000000000000000000,3150.0000000000000000
2025-06-01,75,-378315042,1855dd4d66c800dff7b840cc1a926f9e7377202b,2,2,3129010165430000000000,3129.0101654300000000
2025-06-01,76,-263350201,788391484fd1e8f8d4e2e6df4c4e524a7b7cbd90,3,3,3050500818650000000000,3050.5008186500000000
2025-06-01,77,1526126162,2f2dd99235cb728fc79af575f1325eaa270f0c99,10,10,3039112432895541223145,3039.1124328955412231
2025-06-01,78,1019577757,81239dcb535b9868b2e622a1eead983f4e5e9be8,1,1,3024000000000000000000,3024.0000000000000000
2025-06-01,79,917699912,6a5b3642358b955622d317479073021e1fa202f5,1,1,3011616174456105055307,3011.6161744561050553
2025-06-01,80,-378390842,55017864ab1def0501eb7521aff78c984caae0e4,2,2,3008214450456935862411,3008.2144504569358624
2025-06-01,81,1840255094,9865645b4ae586bfe14420c8867ca4b009e6b09e,1,1,3006990000000000000000,3006.9900000000000000
2025-06-01,82,1042719501,e7980687f4ad1a298c6200d343f407f783f72912,1,1,3004500000000000000000,3004.5000000000000000
2025-06-01,83,38091715,94c99d650415cf4119dd6398dbc160a4b3952c78,1,1,3004339551685180664406,3004.3395516851806644
2025-06-01,84,-377308231,42fae1cca25b64c9eebd763c884349689cedd376,1,1,3004048505105672568832,3004.0485051056725688
2025-06-01,85,-369339452,51a9174480f510a04d1aeac144da2ae901a45b3f,1,1,3003561720000000000000,3003.5617200000000000
2025-06-01,86,1134988785,df2b491c388a215044bcdc0d353491983f9db811,1,1,3002998000000000000000,3002.9980000000000000
2025-06-01,87,1818530112,97d506b97293dd94d13d8992737a2dea89e755bb,4,4,3002000000000000000000,3002.0000000000000000
2025-06-01,88,-90284824,00000688768803bbd44095770895ad27ad6b0d95,1,1,3001310550895797547023,3001.3105508957975470
2025-06-01,89,261299165,b4308400aba2912c7c2ca6a9c6bfc98a49798913,1,1,3000812828316859184934,3000.8128283168591849
2025-06-01,90,654491622,8b77d38a521896b2447136d451bf4e3c05eef0a5,1,1,3000500000000000000000,3000.5000000000000000
2025-06-01,91,1721304975,a46c5012141829b54cf89b3358c9a44eb574cd84,2,2,3000200000000000000000,3000.2000000000000000
2025-06-01,92,1561129932,a6f67217a9011e1e41fd64360862d3b54340fcc5,1,1,3000100000000000000000,3000.1000000000000000
2025-06-01,93,-143111835,5c6d082e7883f917ebf6b7618f5afd17dda26b9b,1,1,3000000000000000000000,3000.0000000000000000
2025-06-01,94,1041605737,5d71f7fa44997a1efbd8d206207f304bb125da66,1,1,3000000000000000000000,3000.0000000000000000
2025-06-01,95,373258,608a7a10ec8ae5ca837b4b265808bfd172047907,1,1,3000000000000000000000,3000.0000000000000000
2025-06-01,96,1093420363,c8b3c48a284ef431f28651b2a02afc0228aaa9dd,3,3,3000000000000000000000,3000.0000000000000000
2025-06-01,97,1540748903,22b03bf3f9efe62117eb8706d8dba973495dfa01,1,1,3000000000000000000000,3000.0000000000000000
2025-06-01,98,1616670321,e75c9e8eb7cc4735704ffa2fc37030bb8257762a,1,1,3000000000000000000000,3000.0000000000000000
2025-06-01,99,936272501,a1f1a7f3e6e5566681f7a976c46ad4f2e62c6855,2,2,3000000000000000000000,3000.0000000000000000
2025-06-01,100,918164054,98319863e839af6654caace9f296608ed1f1ad5d,1,1,3000000000000000000000,3000.0000000000000000
2025-07-01,1,306738287,bd02c51150a4ab6ce97b9de2025644594f3e75b8,5,5,20000900000000000000000000,20000900.000000000000
2025-07-01,2,-325212918,ee9b1a09aedaced9dcda74964ea447feb93861c2,36,36,12359214555099208732432194,12359214.555099208732
2025-07-01,3,-422787536,dabc816b691c8c2135f087a32eeb09a3f548938e,10663,10663,10249478857552721595582915,10249478.857552721596
2025-07-01,4,-186122954,66a9893cc07d91d95644aedd05d03f95e1dba8af,805,801,4009579519393843676814607,4009579.519393843677
2025-07-01,5,-291679994,1e1dfff79d95725aaafd6b47af4fbc28d859ce28,195,195,3757807424704356276347623,3757807.424704356276
2025-07-01,6,1899934735,111111125421ca6dc452d289314280a0f8842a65,90,90,3378576160157655568582402,3378576.160157655569
2025-07-01,7,881197687,9008d19f58aabd9ed0d60971565aa8510560ab41,105,105,2972332107999337314823242,2972332.107999337315
2025-07-01,8,-323129525,6e4141d33021b52c91c28608403db4a0ffb50ec6,104,91,2240045804044351648357280,2240045.804044351648
2025-07-01,9,2054943978,6a000f20005980200259b80c5102003040001068,31,31,1721491287615154440601440,1721491.287615154441
2025-07-01,10,1381791786,1111111254eeb25477b68fb85ed929f73a960582,65,65,1154033679780727650341411,1154033.679780727650
2025-07-01,11,-291668638,185a1ff695d30a22c19f44c6b41e2d6d1c8c1f11,159,159,1139059465002151623737085,1139059.465002151624
2025-07-01,12,-316631043,f8b2c637a68cf6a17b1df9f8992eebeff63d2dff,45,45,1133143881445501346434526,1133143.881445501346
2025-07-01,13,1663246624,cf5540fffcdc3d510b18bfca6d2b9987b0772559,5,5,589611616809312612973461,589611.616809312613
2025-07-01,14,1836235504,d04f97191224cf0396b09acb80adb06b5823ecad,5,5,496764086492331705576518,496764.086492331706
2025-07-01,15,983108523,1fbd7535f61b075c5c3ec7d5dccb2c36f93aaafc,8,8,420257033777115611863912,420257.033777115612
2025-07-01,16,616036061,74de5d4fcbf63e00296fd95d33236b9794016631,587,587,323413299071374781039866,323413.299071374781
2025-07-01,17,-403967596,df31a70a21a1931e02033dbba7deace6c45cfd0f,347,281,322029938608710669828488,322029.938608710670
2025-07-01,18,-337787719,d67b61aefe08fc43a57981a5ec103e2ee0a27537,5,5,290002811589187150438527,290002.811589187150
2025-07-01,19,-403986125,8331f9acce69b02c281f40a00706f758665cce77,262,84,180010982902516688122703,180010.982902516688
2025-07-01,20,-291686712,b0f10200d9e66076d49aaca63328c928bee6e89b,12,12,157032685244356004250914,157032.685244356004
2025-07-01,21,-38111097,5be9a4959308a0d0c7bc0870e319314d8d957dbb,4,4,145000000000000000000000,145000.000000000000
2025-07-01,22,1113847572,663dc15d3c1ac63ff12e45ab68fea3f0a883c251,90,48,103813834206880683933502,103813.834206880684
2025-07-01,23,2106851551,c38e4e6a15593f908255214653d3d947ca1c2338,25,25,94813137873274690926586,94813.137873274691
2025-07-01,24,1364872031,1231deb6f5749ef6ce6943a275a1d3e7486f4eae,45,45,88485814131598434257270,88485.814131598434
2025-07-01,25,1963918204,298e013544c56aa8cd0ca7770b8680fa3bbe0d64,24,24,82100501816179946000000,82100.501816179946
2025-07-01,26,-111399962,000000000004444c5dc75cb358380d2e3de08a90,38,37,70272410466644432633297,70272.410466644433
2025-07-01,27,2034702912,b300000b72deaeb607a12d5f54773d1c19c7028d,27,27,69988672039693729186510,69988.672039693729
2025-07-01,28,1456474257,6131b5fae19ea4f9d964eac0408e4408b66337b5,24,12,65885529246032875413409,65885.529246032875
2025-07-01,29,1587123400,a7ca2c8673bcfa5a26d8ceec2887f2cc2b0db22a,50,50,56423634522658875118985,56423.634522658875
2025-07-01,30,-90284824,00000688768803bbd44095770895ad27ad6b0d95,2,2,52981325933540531971673,52981.325933540532
2025-07-01,31,-422414531,f7feb2d15511fbf070d87c7563a245bad19bdb0d,1,1,45220000000000000000000,45220.000000000000
2025-07-01,32,-47395251,7e9baa3ef6b6e36031a51eecf4aea1086785df7a,10,10,44769000000000000000000,44769.000000000000
2025-07-01,33,803272002,daa43d30760ee99a83f2b9a6a421d76746f2c6bb,2,2,39990587134118693008522,39990.587134118693
2025-07-01,34,-53668650,5434ed2d9f5737986858de127545e8a2fb6eb6ae,3,3,38560756959083224265460,38560.756959083224
2025-07-01,35,-422778544,c9a931daade51da94dd9a41d20e30b94dd55b8e2,2,2,37316665621760953673452,37316.665621760954
2025-07-01,36,-381547691,f5042e6ffac5a625d4e7848e0b01373d8eb9e222,44,44,36773716639232670382570,36773.716639232670
2025-07-01,37,-370930303,2ad5004c60e16e54d5007c80ce329adde5b51ef5,8,8,35417189364962687107312,35417.189364962687
2025-07-01,38,-324113066,e7f843b733bfd80ed28fc9053dcedf677b80ee34,23,23,32630568848991155040602,32630.568848991155
2025-07-01,39,2101584250,b685760ebd368a891f27ae547391f4e2a289895b,33,33,28314174415000000000000,28314.174415000000
2025-07-01,40,-329568978,6088d94c5a40cecd3ae2d4e0710ca687b91c61d0,39,25,27512871678095258578861,27512.871678095259
2025-07-01,41,-437848422,589ecea61d21ce587b608747b5ad4fbd3411dfc1,1,1,27463044671546791123200,27463.044671546791
2025-07-01,42,-291668834,ef530078320f3a9223661e2fe37001023048a7df,267,267,24612892554861164578435,24612.892554861165
2025-07-01,43,1896987228,98f64b4f0ed44ddd0f2d314da1fd41846dceb1ba,7,7,22207229701717035396597,22207.229701717035
2025-07-01,44,-375007263,3e9ba86f0ec034457eb9e0061ae13d29d8a40b12,2,2,16022947546238423782188,16022.947546238424
2025-07-01,45,2070420903,d5577242b0794d9000bbb79f2fc48166c7006da0,2,2,14135596454998499007432,14135.596454998499
2025-07-01,46,-372789137,c0dfdb9e7a392c3dbbe7c6fbe8fbc1789c9fe05e,30,8,12406712958709093391926,12406.712958709093
2025-07-01,47,1843076469,1a8e5f228600344286affc8aa19e8ee31bccc793,6,6,12278000000000000000000,12278.000000000000
2025-07-01,48,-435315791,c23749fb512dcc3d6d25c3ae46245aab617960b8,1,1,11543629000000000000000,11543.629000000000
2025-07-01,49,2092487379,d7156920e193646435d12be25e2b9b0fe2a9f8cb,1,1,11172310000000000000000,11172.310000000000
2025-07-01,50,905983140,77575f88bd3f4d0abd6390215a32d4ed8e21a332,1,1,10966800000000000000000,10966.800000000000
2025-07-01,51,-390750944,4bab2cb2ed6ee2d564ba5398cab4161d95e58f1b,25,25,10930654841091457252704,10930.654841091457
2025-07-01,52,595214360,a74e3b7346fdbbc17c2a1fa7aa5d436cf3730b20,1,1,10914801831344296918434,10914.801831344297
2025-07-01,53,-435355427,63d41c72391426efda51069ab11ddd9ab04c9b20,1,1,10720980000000000000000,10720.980000000000
2025-07-01,54,-373814369,a7a0b825eb036037cce4cc73cef97470e9a609e9,1,1,10421032206694714000000,10421.032206694714
2025-07-01,55,-435348115,fc3c4633d1e73e0434339b763d6d159535a1536e,1,1,10168737275606183765384,10168.737275606184
2025-07-01,56,-383214816,a77bbfb273df52fcf779ed8fa6844f2ef91f416c,1,1,10050436500000000000000,10050.4365000000000000
2025-07-01,57,-203966480,38214cca4e1004c2bb3852df327cb442960de314,2,2,10001468005955060662954,10001.4680059550606630
2025-07-01,58,-132110581,a4740eb1b8c914f6e4c9884b01acb819612ac864,1,1,9926000000000000000000,9926.0000000000000000
2025-07-01,59,-379996193,82d88875d64d60cbe9cbea47cb960ae0f04ebd4d,136,114,9411317029192886986252,9411.3170291928869863
2025-07-01,60,2029024443,4de342506e4ad80bf949ffcb146d0ff8bcd655ba,1,1,9145564485910549491752,9145.5644859105494918
2025-07-01,61,1621937630,4f848055e3a07ed63c12ee1e0826f6278acb13a5,1,1,8384812625000000000000,8384.8126250000000000
2025-07-01,62,-331601069,3611b82c7b13e72b26eb0e9be0613bee7a45ac7c,1,1,7894826921406317848064,7894.8269214063178481
2025-07-01,63,1368069575,bc17b5a63fa8fdf2828f146bc24b0beb10e2c80f,1,1,6987911979467162164794,6987.9119794671621648
2025-07-01,64,-425272314,d5675c91b3002559b78592cc08ce07d9b17edafa,4,4,6479833870253708402683,6479.8338702537084027
2025-07-01,65,-408278425,903ed709fcf66b6f1ae70718dce736f4553fd240,14,14,5735034751018184977688,5735.0347510181849777
2025-07-01,66,-434495395,58a91213e183e7b129b1b608697394f6783b8f0d,2351,363,5702257698493097851558,5702.2576984930978516
2025-07-01,67,1504659558,b49749b38081fa66c4c2b14486b666d302847eaf,2,2,5505228149563048626588,5505.2281495630486266
2025-07-01,68,1797454318,360e051a25ca6decd2f0e91ea4c179a96c0e565e,1,1,5114688055243665297055,5114.6880552436652971
2025-07-01,69,-51866020,85efee48f4139cc7a9a2899495924f2e45c2ab3c,1,1,4995314538180000000000,4995.3145381800000000
2025-07-01,70,1339150940,25ab3efd52e6470681ce037cd546dc60726948d3,1,1,4945930000000000000000,4945.9300000000000000
2025-07-01,71,-247276393,0406869b2e19679ea96231203c20de547e167bfb,1,1,4515011076596958018648,4515.0110765969580186
2025-07-01,72,-138857392,0e80ea1fd7a77312170ebf9f1f4f9f5a530d6942,6,6,4325123489308950025165,4325.1234893089500252
2025-07-01,73,-303667228,f0a12fefa78181a3749474db31d09524fa87b1f7,1,1,4118157211673726723184,4118.1572116737267232
2025-07-01,74,-390821585,f9c9e45f4cce47632802a7a62ae2887f1570531d,17,17,3858686603963966972524,3858.6866039639669725
2025-07-01,75,-148073324,5141b82f5ffda4c6fe1e372978f1c5427640a190,475,475,3774545467139968905852,3774.5454671399689059
2025-07-01,76,-417348208,6b0e3af61086459e77e48e559b78fa741c4c93e4,3,3,3745450077556176584647,3745.4500775561765846
2025-07-01,77,324336755,4059e94f431b2c48373c3cf962b257b7a4b1dc63,1,1,3489073019330817829350,3489.0730193308178294
2025-07-01,78,-408846604,f0b1c9c6468a48d77641517ec3e56e36a9e2ae66,1,1,3303779198159823058557,3303.7791981598230586
2025-07-01,79,-393066191,62480956968df94953a1febb28190eb9667c1c59,43,43,3263480530401373717621,3263.4805304013737176
2025-07-01,80,1694673451,50d20b7071de08fa0b9c3f3b266e29eded46be6d,1,1,2978663509905878744551,2978.6635099058787446
2025-07-01,81,898438897,a8f434fe99066677d12e98db273412f199598cc7,1,1,2718356034580602435775,2718.3560345806024358
2025-07-01,82,373258,608a7a10ec8ae5ca837b4b265808bfd172047907,1,1,2717772132927411525953,2717.7721329274115260
2025-07-01,83,1935722601,f74a44a5445eea3595a44d3af6b0307d78dfd136,3,3,2667120000000000000000,2667.1200000000000000
2025-07-01,84,1961617864,beec9e71a07de24dae8bd6ce2614fc4cfd591801,1,1,2600000000000000000000,2600.0000000000000000
2025-07-01,85,-396980558,6b1c687b8a9d46763c59f7ab81077f1aa730cc07,32,32,2484155341402654115675,2484.1553414026541157
2025-07-01,86,1685736544,2dfadab8266483bed9fd9a292ce56596a2d1378d,3,3,2290403772262703688163,2290.4037722627036882
2025-07-01,87,1608787768,ad3b67bca8935cb510c8d18bd45f0b94f54a968f,1,1,2190648323739334505597,2190.6483237393345056
2025-07-01,88,-248469208,c46fcd651bd6ac11255886feabdcebd58b870c86,2,2,2166943848753041876488,2166.9438487530418765
2025-07-01,89,1876028042,1ecdb32e59e948c010a189a0798c674a2d0c6603,6,4,2085749649999999972713,2085.7496499999999727
2025-07-01,90,-447678914,905e0a6df320fd888ad7a66ea779159c0ffcca00,6,4,1834170000000000000000,1834.1700000000000000
2025-07-01,91,-413141618,d6679827662126bb0d3435f8e33d5cc7afc86c5e,2,2,1696638618902492998565,1696.6386189024929986
2025-07-01,92,1866102525,94c725d35f336f7043373888d7921119991f6f7e,1,1,1694000000000000000000,1694.0000000000000000
2025-07-01,93,-403830477,8560b05a1121c735b6fa850dec5187d20528227e,13,13,1558651584443455897518,1558.6515844434558975
2025-07-01,94,-389209465,dfcb2ab25b7978c112e9e08a2c70d52b035f1776,34,20,1542796722653307613112,1542.7967226533076131
2025-07-01,95,-410017654,fee5201cba62b98b224b93b41d2a5c81c9cbd9fa,2,2,1399768619680000000000,1399.7686196800000000
2025-07-01,96,-377931714,4ca9ee5004390c0e58abd3b3ed83826293935201,1,1,1398600000000000000000,1398.6000000000000000
2025-07-01,97,-414318031,1b4728daf46a156b9df0d52300ebe2da2bdd8a3e,2,2,1380000000000000000000,1380.0000000000000000
2025-07-01,98,-315012604,3ced11c610556e5292fbc2e75d68c3899098c14c,3,3,1214238667334938165443,1214.2386673349381654
2025-07-01,99,-329022651,6c2f0e1759d84deb8f8011bb97a7596308279fd7,1,1,1115418799316816947074,1115.4187993168169471
2025-07-01,100,1552260329,46a15b0b27311cedf172ab29e4f4766fbe7f4364,3,3,1003058213851772740979,1003.0582138517727410
2025-08-01,1,306738287,bd02c51150a4ab6ce97b9de2025644594f3e75b8,31,31,125454914000000000000000000,125454914.00000000
2025-08-01,2,1250544290,a9d1e08c7793af67e9d92fe308d5697fb81d3e43,446,309,93012858039205808310686138,93012858.039205808311
2025-08-01,3,-422787536,dabc816b691c8c2135f087a32eeb09a3f548938e,14439,14439,21746539510239582371587331,21746539.510239582372
2025-08-01,4,-38111097,5be9a4959308a0d0c7bc0870e319314d8d957dbb,8,8,17180000000000000000000000,17180000.000000000000
2025-08-01,5,-325212918,ee9b1a09aedaced9dcda74964ea447feb93861c2,42,42,13473951086970288880689457,13473951.086970288881
2025-08-01,6,1899934735,111111125421ca6dc452d289314280a0f8842a65,309,309,8361174305599541707571496,8361174.305599541708
2025-08-01,7,-316631043,f8b2c637a68cf6a17b1df9f8992eebeff63d2dff,119,119,7255434177478124532310867,7255434.177478124532
2025-08-01,8,881197687,9008d19f58aabd9ed0d60971565aa8510560ab41,742,740,4846240565635410363481804,4846240.565635410363
2025-08-01,9,-323129525,6e4141d33021b52c91c28608403db4a0ffb50ec6,166,156,3929675798344705505999212,3929675.798344705506
2025-08-01,10,-291668834,ef530078320f3a9223661e2fe37001023048a7df,1512,1512,2354000651827502927826766,2354000.651827502928
2025-08-01,11,-291679994,1e1dfff79d95725aaafd6b47af4fbc28d859ce28,297,297,1819947047761174135929132,1819947.047761174136
2025-08-01,12,1815509477,5242df062c22194396e28b44f05012f2c22f731b,69,69,1707489500000000000000000,1707489.500000000000
2025-08-01,13,2054943978,6a000f20005980200259b80c5102003040001068,115,115,1644092608661590714540715,1644092.608661590715
2025-08-01,14,-291668638,185a1ff695d30a22c19f44c6b41e2d6d1c8c1f11,359,358,1579828417979929191773525,1579828.417979929192
2025-08-01,15,1970328958,afd24a2f5fe62a81e9a5d3aef0e3620737dbe22f,43,42,1381844650000000000000000,1381844.650000000000
2025-08-01,16,-186122954,66a9893cc07d91d95644aedd05d03f95e1dba8af,389,384,1288037132925215818441704,1288037.132925215818
2025-08-01,17,-427332994,2ec0c53ad63745e65123769cd7b2807c00f943eb,4,4,1133670000000000000000000,1133670.000000000000
2025-08-01,18,2007804675,e10749ac686698d14de072df72e040797a20c2ae,57,57,809393308000000000000000,809393.308000000000
2025-08-01,19,1381791786,1111111254eeb25477b68fb85ed929f73a960582,370,370,585499317993104988201719,585499.317993104988
2025-08-01,20,2034702912,b300000b72deaeb607a12d5f54773d1c19c7028d,97,97,437082324046346038899316,437082.324046346039
2025-08-01,21,-470968793,9e3ab81268404653cd78dcb9398facb292414c99,1,1,414030205152944126632862,414030.205152944127
2025-08-01,22,-459299080,b0a26955c70640955848c3fcf988e51235b544f0,1,1,367520050222928567707829,367520.050222928568
2025-08-01,23,-427137002,5ea6dd31841d67dc203bac854df2d3b6553022d7,5,5,350000000000000000000000,350000.000000000000
2025-08-01,24,1806783656,4fb312915b779b1339388e14b6d079741ca83128,6,6,348000000000000000000000,348000.000000000000
2025-08-01,25,1699176572,51c72848c68a965f66fa7a88855f9f7784502a7f,2,2,339459999999999999475712,339459.999999999999
2025-08-01,26,-422414531,f7feb2d15511fbf070d87c7563a245bad19bdb0d,8,8,307237068164274257090831,307237.068164274257
2025-08-01,27,-389683929,bc04294d450588c2b183d2de003bd86863891c8d,5,5,300078674443116450045151,300078.674443116450
2025-08-01,28,-403967596,df31a70a21a1931e02033dbba7deace6c45cfd0f,688,498,290603077465094857164037,290603.077465094857
2025-08-01,29,616036061,74de5d4fcbf63e00296fd95d33236b9794016631,650,649,252775950233866737519886,252775.950233866738
2025-08-01,30,2106851551,c38e4e6a15593f908255214653d3d947ca1c2338,30,30,178316601718468036772148,178316.601718468037
2025-08-01,31,-471168365,ac9dba2184f19c885653dfd20db4f8df18baf938,1,1,177046815362383941688568,177046.815362383942
2025-08-01,32,-370930303,2ad5004c60e16e54d5007c80ce329adde5b51ef5,31,31,161284707992280864312263,161284.707992280864
2025-08-01,33,-111399962,000000000004444c5dc75cb358380d2e3de08a90,14,14,160327546076642258862136,160327.546076642259
2025-08-01,34,-403986125,8331f9acce69b02c281f40a00706f758665cce77,128,81,159306532796557207076742,159306.532796557207
2025-08-01,35,-47395251,7e9baa3ef6b6e36031a51eecf4aea1086785df7a,10,10,152843000000000000000000,152843.000000000000
2025-08-01,36,1586960633,0b8a49d816cc709b6eadb09498030ae3416b66dc,2,2,143368253625283582470586,143368.253625283582
2025-08-01,37,-422408169,58c4e090021ccaf78702a65d6ec357b2d54d3b63,3,3,135524848367278905609649,135524.848367278906
2025-08-01,38,980945911,f76b17ce8ff08f96ad7bb785d4ed898d5d5014ef,4,4,129384844750000000000000,129384.844750000000
2025-08-01,39,-425452694,ff68a48e8f7b9cfcf2fb5f418ec9bbfc2203dff7,2,2,125034943141140163073705,125034.943141140163
2025-08-01,40,2061959543,5b93d80da1a359340d1f339fb574bdc56763f995,8,8,118963662571549628617586,118963.662571549629
2025-08-01,41,-471350728,a90ed9f7b79ad1d7a5d27bb3cb8dce539761b549,353,352,114351387534747864222561,114351.387534747864
2025-08-01,42,1364872031,1231deb6f5749ef6ce6943a275a1d3e7486f4eae,49,49,106454056353239230149650,106454.056353239230
2025-08-01,43,-372789137,c0dfdb9e7a392c3dbbe7c6fbe8fbc1789c9fe05e,3,3,101251124737311649778624,101251.124737311650
2025-08-01,44,2069434799,c59ca6ae0e400c7b8b31b7eb06585d1693b95fae,4,4,100530000000000000000000,100530.000000000000
2025-08-01,45,1321009916,5b9effdcbd65946f2b143725dc244563248aa4ee,3,3,99675748051770906000124,99675.748051770906
2025-08-01,46,-324113066,e7f843b733bfd80ed28fc9053dcedf677b80ee34,1,1,95161998560973464408380,95161.998560973464
2025-08-01,47,519858171,6c6b111520a7b6b33c92945401372c958e67ac7d,3,2,93074042622786639225512,93074.042622786639
2025-08-01,48,1663246624,cf5540fffcdc3d510b18bfca6d2b9987b0772559,4,4,76726385368653867454878,76726.385368653867
2025-08-01,49,1371956034,003dcb4e722bb4c741d76586c6c8d5afdd303c2d,1,1,71783672850090595441392,71783.672850090595
2025-08-01,50,-381547691,f5042e6ffac5a625d4e7848e0b01373d8eb9e222,72,72,68087379251296886819624,68087.379251296887
2025-08-01,51,1876028042,1ecdb32e59e948c010a189a0798c674a2d0c6603,26,15,63109809415000249983422,63109.809415000250
2025-08-01,52,1113847572,663dc15d3c1ac63ff12e45ab68fea3f0a883c251,130,69,60969577525067455516250,60969.577525067456
2025-08-01,53,1896987228,98f64b4f0ed44ddd0f2d314da1fd41846dceb1ba,8,8,54576966648404840773193,54576.966648404841
2025-08-01,54,1895570245,fd235968e65b0990584585763f837a5b5330e6de,4,2,51297658663465403053986,51297.658663465403
2025-08-01,55,-291686712,b0f10200d9e66076d49aaca63328c928bee6e89b,9,9,47553102004062077403781,47553.102004062077
2025-08-01,56,-347621887,c2077f8b99c8b5cc47d7a27ba66c0d7ba4256774,1,1,45500000000000000000000,45500.000000000000
2025-08-01,57,893398926,def171fe48cf0115b1d80b88dc8eab59176fee57,5,5,43432968894048743221120,43432.968894048743
2025-08-01,58,-283256041,e65a30d4270705e3a6e92917a9c944bc8eaa5ef2,1,1,41058771747312407206897,41058.771747312407
2025-08-01,59,2145174805,70bf6634ee8cb27d04478f184b9b8bb13e5f4710,1,1,40000174963543567771366,40000.174963543568
2025-08-01,60,1901395831,cc547467b1017c88c2655fdcfb486df596d979e5,1,1,40000000000000000000000,40000.000000000000
2025-08-01,61,-415250461,9c42577851ed6f84ff2f10d567e7ac907102504f,2,2,36958535644870042123372,36958.535644870042
2025-08-01,62,-369240818,8170832e879064441f5beeab731c1ccd5facdca9,4,4,36521023734735445908532,36521.023734735446
2025-08-01,63,-456609002,2ad70a8590310edd84041ecc48048ab317daea85,6,6,35310395430076135141749,35310.395430076135
2025-08-01,64,1587123400,a7ca2c8673bcfa5a26d8ceec2887f2cc2b0db22a,46,46,31952571133096386402616,31952.571133096386
2025-08-01,65,793928860,c36442b4a4522e871399cd717abdd847ab11fe88,19,19,28660124798205127874025,28660.124798205128
2025-08-01,66,-432174070,bf8de93f84fa47d3759fb774e5e90192e7a81f5a,3,3,24341000000000000000000,24341.000000000000
2025-08-01,67,2101584250,b685760ebd368a891f27ae547391f4e2a289895b,22,22,23377804043000000000000,23377.804043000000
2025-08-01,68,1931411733,ccccccf25584cafbd4d80e9464361af1e7280b44,2,2,20843000000000000000000,20843.000000000000
2025-08-01,69,580160281,7afc12c8dd2e6591581d95586eb2c2a4905a12a9,4,4,19000000000000000000000,19000.000000000000
2025-08-01,70,2052526720,604dd02d620633ae427888d41bfd15e38483736e,56,56,18861720000000000000000,18861.720000000000
2025-08-01,71,1155170585,acf967e499f8cacd2eac27a3cf3b956bcb748da9,2,2,18584146854765902375944,18584.146854765902
2025-08-01,72,-375007263,3e9ba86f0ec034457eb9e0061ae13d29d8a40b12,2,2,15330069340363767666802,15330.069340363768
2025-08-01,73,-343997377,3fd595abefeb80475faa9c90b525802455417814,25,25,14500453360686073581333,14500.453360686074
2025-08-01,74,-405797002,d0e3ab88471f4d9f6bc632980766129db4b82d16,2,2,13532056258008817838278,13532.056258008818
2025-08-01,75,-90284824,00000688768803bbd44095770895ad27ad6b0d95,3,3,13195646108699070837382,13195.646108699071
2025-08-01,76,-303667228,f0a12fefa78181a3749474db31d09524fa87b1f7,6,6,11481031373393046089424,11481.031373393046
2025-08-01,77,-186127490,bd216513d74c8cf14cf4747e6aaa6420ff64ee9e,1,1,11099025357129557523227,11099.025357129558
2025-08-01,78,-403794330,00000000ecfb25b63e2bc620a08e2c0272c551d8,3,3,10748355891014351429496,10748.355891014351
2025-08-01,79,1456474257,6131b5fae19ea4f9d964eac0408e4408b66337b5,10,6,10373111712380955453754,10373.111712380955
2025-08-01,80,2138231939,63b0a0d33fe906c668b1de4875bfaf562a9d8c5b,4,3,9643974944493154097385,9643.9749444931540974
2025-08-01,81,-437566690,6ded9e3bf9cd28cdca8cd67dd4ecc95d78319989,2,2,8785878380274984210315,8785.8783802749842103
2025-08-01,82,-168662770,ff031cc2563988bc4afa29e2cd7bcc2d389900a5,1,1,8659693298772020165152,8659.6932987720201652
2025-08-01,83,-459858922,992b44529200b601c93b35d4ee102aa251ed59b5,1,1,5802324515976505973657,5802.3245159765059737
2025-08-01,84,-489977622,8d8f598c1739e518b871815dd1f20ea3c169c360,8,7,5667848108552017368688,5667.8481085520173687
2025-08-01,85,1854672402,aa2bfedd9d6542b0eaad9ffa972cb02844b81dd4,2,2,5650079307814495882136,5650.0793078144958821
2025-08-01,86,-515094498,cf96abd1af22003a295158115adfe35a74b1f96e,10,10,5529670303528278463162,5529.6703035282784632
2025-08-01,87,-390750944,4bab2cb2ed6ee2d564ba5398cab4161d95e58f1b,5,5,5262483966255956325553,5262.4839662559563256
2025-08-01,88,36933828,34c8b3ce130b4ddeebcc0b776482247f7400acb7,1,1,5200000000000000000000,5200.0000000000000000
2025-08-01,89,-260840437,88649f4743a758171077b98ee2003f1989b1615a,11,11,5052456748588793034236,5052.4567485887930342
2025-08-01,90,2043174998,45ca8f6d7b6cdd13effb1cd06829d1d9273a8913,1,1,4999868695203022231018,4999.8686952030222310
2025-08-01,91,-486024417,1302818c2acd62d702c8dbd934934f836b3c0179,1,1,4994291941810000000000,4994.2919418100000000
2025-08-01,92,-496962851,a03d55f9a8ad7ea0dba9931a05b9388aca6d4e1d,1,1,4993813020170792136077,4993.8130201707921361
2025-08-01,93,-210512515,963d33c34f3d49f52b8c9f8327e4f7ec2742bf35,2,2,4700000000000000000000,4700.0000000000000000
2025-08-01,94,2004747019,a3222357a0eccf60c73606170be6c99adecb59b3,10,9,4255691199170000000000,4255.6911991700000000
2025-08-01,95,-160370999,d78751d76a19d812ce504593670a4d1479c9e74b,8,8,4234000000000000000000,4234.0000000000000000
2025-08-01,96,-415573983,32e297877fec71e93ff3bb40e1fb10f9f9c32800,85,85,3735951296944494008762,3735.9512969444940088
2025-08-01,97,1866102525,94c725d35f336f7043373888d7921119991f6f7e,1,1,3015000000000000000000,3015.0000000000000000
2025-08-01,98,-31216961,4cd5c77774cfd794e91a00a50085cdbb994dcc29,1,1,3000000000000000000000,3000.0000000000000000
2025-08-01,99,65854299,ee89139cf128d8d837856cf811e184d51f1ecaab,2,2,3000000000000000000000,3000.0000000000000000
2025-08-01,100,-326653551,50d3865a63d52c0a54e4679949647ea752107390,1,1,2940361262365624886655,2940.3612623656248867
2025-09-01,1,306738287,bd02c51150a4ab6ce97b9de2025644594f3e75b8,22,22,104003636000000000000000000,104003636.00000000
2025-09-01,2,1250544290,a9d1e08c7793af67e9d92fe308d5697fb81d3e43,541,448,43235006568140310352837811,43235006.568140310353
2025-09-01,3,881197687,9008d19f58aabd9ed0d60971565aa8510560ab41,655,648,22964304279260571112597637,22964304.279260571113
2025-09-01,4,1899934735,111111125421ca6dc452d289314280a0f8842a65,401,401,10890183127608591122753003,10890183.127608591123
2025-09-01,5,-316631043,f8b2c637a68cf6a17b1df9f8992eebeff63d2dff,180,180,10823510673508989490773654,10823510.673508989491
2025-09-01,6,1699176572,51c72848c68a965f66fa7a88855f9f7784502a7f,34,34,8119166929849821257009062,8119166.929849821257
2025-09-01,7,-422787536,dabc816b691c8c2135f087a32eeb09a3f548938e,4888,4888,6911937836297791436238486,6911937.836297791436
2025-09-01,8,-509692048,36a72ed0096b414521c45e3ddc9ed657d1d9c141,29,29,6908939241282667623286038,6908939.241282667623
2025-09-01,9,-295506389,a4315af755d4fd9835608035b5ab1a91384d6f13,2,2,6646990000000000000000000,6646990.000000000000
2025-09-01,10,-499297048,4637ea6ecf7e16c99e67e941ab4d7d52eac7c73d,1447,1447,5558673651721961953526375,5558673.651721961954
2025-09-01,11,2069434799,c59ca6ae0e400c7b8b31b7eb06585d1693b95fae,5,5,4899470000000000000000000,4899470.000000000000
2025-09-01,12,-427137002,5ea6dd31841d67dc203bac854df2d3b6553022d7,5,5,4329500000000000000000000,4329500.000000000000
2025-09-01,13,-515152872,8bc16b575c17a628565c176887e07fc1e1784fb6,2,2,4288003600000000000000000,4288003.600000000000
2025-09-01,14,-323129525,6e4141d33021b52c91c28608403db4a0ffb50ec6,192,183,3485465805452274673747956,3485465.805452274674
2025-09-01,15,-291679994,1e1dfff79d95725aaafd6b47af4fbc28d859ce28,402,402,3445640893980705256205623,3445640.893980705256
2025-09-01,16,1815509477,5242df062c22194396e28b44f05012f2c22f731b,74,74,3209960680000000000000000,3209960.680000000000
2025-09-01,17,-245398760,fbd4cdb413e45a52e2c8312f670e9ce67e794c37,31,31,2449002432218579470483829,2449002.432218579470
2025-09-01,18,1970328958,afd24a2f5fe62a81e9a5d3aef0e3620737dbe22f,69,52,2180609790000000000000000,2180609.790000000000
2025-09-01,19,-186122954,66a9893cc07d91d95644aedd05d03f95e1dba8af,467,459,2101642250850366503933877,2101642.250850366504
2025-09-01,20,2054943978,6a000f20005980200259b80c5102003040001068,125,125,1995211772742081474221533,1995211.772742081474
2025-09-01,21,-291668638,185a1ff695d30a22c19f44c6b41e2d6d1c8c1f11,553,553,1866862875366945228228647,1866862.875366945228
2025-09-01,22,-325212918,ee9b1a09aedaced9dcda74964ea447feb93861c2,49,48,1807645515722617771695673,1807645.515722617772
2025-09-01,23,-111399962,000000000004444c5dc75cb358380d2e3de08a90,30,30,1501800038644631450073279,1501800.038644631450
2025-09-01,24,1006553668,68b3465833fb72a70ecdf485e0e4c7bd8665fc45,31,31,1421356522460124305432106,1421356.522460124305
2025-09-01,25,-251036511,d65b25d3988a9616e3af05f81d5c114a40b4d1aa,2,2,1403922914437190710916880,1403922.914437190711
2025-09-01,26,-303667228,f0a12fefa78181a3749474db31d09524fa87b1f7,31,31,1400077130961963186944995,1400077.130961963187
2025-09-01,27,-394270233,baae6ae307871fb64cdddcd2d499ca9016e4a965,2,2,1170001000000000000000000,1170001.000000000000
2025-09-01,28,1542902776,358ee17c36b51e3c6870ac2aee6fa24c4c479a10,13,13,1128577312000000000000000,1128577.312000000000
2025-09-01,29,2034702912,b300000b72deaeb607a12d5f54773d1c19c7028d,116,116,1106592871377363030367086,1106592.871377363030
2025-09-01,30,616036061,74de5d4fcbf63e00296fd95d33236b9794016631,1321,1321,1052916710290833594079579,1052916.710290833594
2025-09-01,31,-90284824,00000688768803bbd44095770895ad27ad6b0d95,45,45,1010567766121174600233243,1010567.766121174600
2025-09-01,32,1364872031,1231deb6f5749ef6ce6943a275a1d3e7486f4eae,253,253,912234913904898946976596,912234.913904898947
2025-09-01,33,-403967596,df31a70a21a1931e02033dbba7deace6c45cfd0f,830,670,884617101253708717829829,884617.101253708718
2025-09-01,34,1608787768,ad3b67bca8935cb510c8d18bd45f0b94f54a968f,15,15,832446203652515692085742,832446.203652515692
2025-09-01,35,1663246624,cf5540fffcdc3d510b18bfca6d2b9987b0772559,5,5,736227041515243093981233,736227.041515243094
2025-09-01,36,-341174562,2c0552e5dcb79b064fd23e358a86810bc5994244,4,4,657304867834426606870529,657304.867834426607
2025-09-01,37,2007804675,e10749ac686698d14de072df72e040797a20c2ae,37,27,600710160000000000000000,600710.160000000000
2025-09-01,38,-370930303,2ad5004c60e16e54d5007c80ce329adde5b51ef5,8,8,573604942938013181766047,573604.942938013182
2025-09-01,39,-515427286,4c258a7d16b7e504c27424786cefd49520dcf60e,1,1,543003000000000000000000,543003.000000000000
2025-09-01,40,-267580230,e8c15aad9d4cd3f59c9dfa18828b91a8b2c49596,4,4,523124660000000000000000,523124.660000000000
2025-09-01,41,-381547691,f5042e6ffac5a625d4e7848e0b01373d8eb9e222,229,229,480052225774418299452431,480052.225774418299
2025-09-01,42,1045954018,81bb45b5414b1c1cf7a8dd334c3a595ad090829d,5,5,459499206083564268215863,459499.206083564268
2025-09-01,43,1804181055,82a64ee088ba8d7184f92da0baee48ab2b1e2aa6,6,6,400500000000000000000000,400500.000000000000
2025-09-01,44,-179368743,c85a1af455ca29d33757c07810dd167d3ad489a0,7,7,396455301854582446153432,396455.301854582446
2025-09-01,45,-291668834,ef530078320f3a9223661e2fe37001023048a7df,452,452,381869244625317969160230,381869.244625317969
2025-09-01,46,1381791786,1111111254eeb25477b68fb85ed929f73a960582,260,260,359531423721307920490777,359531.423721307920
2025-09-01,47,921646475,a5761888661308db6deb3538e7035f89686fce53,15,15,349446849850000000000000,349446.849850000000
2025-09-01,48,2123621406,ba7a03a37c0799a4182d1c4ca3bf3321f8ba3329,14,14,268470368472307847425003,268470.368472307847
2025-09-01,49,-60096873,d86a07692c841e48fce6ff9a357326db95598801,3,3,260002147000000000000000,260002.147000000000
2025-09-01,50,1563644195,446b86a33e2a438f569b15855189e3da28d027ba,2,2,258407330000000000000000,258407.330000000000
2025-09-01,51,-123068677,55555535a287325d4a2a3da8c9f42f5a185d303c,42,42,243240286340799320036531,243240.286340799320
2025-09-01,52,1262145591,b8e6d31e7b212b2b7250ee9c26c56cebbfbe6b23,4,4,237324660000000000000000,237324.660000000000
2025-09-01,53,-242958111,0cb89c08da36bd621b6dd4229f6c4de7027a5159,1,1,230000000000001279262720,230000.000000001279
2025-09-01,54,-38111097,5be9a4959308a0d0c7bc0870e319314d8d957dbb,4,4,220000000000000000000000,220000.000000000000
2025-09-01,55,799681043,eb2b89f1dea00d1120b39189f2a1e3744b647bb4,7,7,199995000000000000000000,199995.000000000000
2025-09-01,56,72233083,d96ea3bcce83d4e1ef8abd1776eecd0cea1bb09e,9,9,199795000000000000000000,199795.000000000000
2025-09-01,57,-267569274,aa10db8804d076601999c7cd769e02e44a99d5b2,2,2,196655830000000000000000,196655.830000000000
2025-09-01,58,-403986125,8331f9acce69b02c281f40a00706f758665cce77,68,31,189664207689393664525964,189664.207689393665
2025-09-01,59,-267565007,1b14376ee2d46ae5c27a43d902d96d4f3f264b83,2,2,187655830000000000000000,187655.830000000000
2025-09-01,60,1806783656,4fb312915b779b1339388e14b6d079741ca83128,1,1,182000000000000000000000,182000.000000000000
2025-09-01,61,-473317170,d07c4f45bc9b389d286cb094f97bb6ba45f4bb30,183,155,181853970318262568148089,181853.970318262568
2025-09-01,62,-331322233,8cbaa834bd41d4c830254f34aa508ef3814d0263,4,4,179995000000000000000000,179995.000000000000
2025-09-01,63,1851264450,90ca5bf7c489f1330d71116bd0d6e3e617d60f36,8,8,179878555305320000000000,179878.555305320000
2025-09-01,64,-516572911,938d3a0e772969f9bdfd70ff6fcb2b83b5d3403f,2,2,175634936014702182756799,175634.936014702183
2025-09-01,65,2018557174,a8c1c98aaf99a5dfc907d61b892b2ad624901185,13,13,170636744106012855078161,170636.744106012855
2025-09-01,66,-267581323,dd276dc5223d0120f9bf1776f38957cc8da23cb0,3,3,157324660000000000000000,157324.660000000000
2025-09-01,67,1931411733,ccccccf25584cafbd4d80e9464361af1e7280b44,7,7,152799521149445611945055,152799.521149445612
2025-09-01,68,-425452694,ff68a48e8f7b9cfcf2fb5f418ec9bbfc2203dff7,2,2,146391434264775997685906,146391.434264775998
2025-09-01,69,-544362974,e4e6f7f531c793771a10396fdef09340c227f2ca,3,3,142000000000000000000000,142000.000000000000
2025-09-01,70,974800065,e3e009c63ee00d20f5ceeccf34df1dc08d68b5cf,4,4,134012557320000000000000,134012.557320000000
2025-09-01,71,2125238339,f00000003d31d4ab730a8e269ae547f8f76996ba,7,7,129485149576108887885232,129485.149576108888
2025-09-01,72,1587123400,a7ca2c8673bcfa5a26d8ceec2887f2cc2b0db22a,48,48,119923939817435688498773,119923.939817435688
2025-09-01,73,969988699,593a93930fc2523547a6132eb40876d740d4a8dd,6,6,113688380000000000000000,113688.380000000000
2025-09-01,74,-291686712,b0f10200d9e66076d49aaca63328c928bee6e89b,40,40,111461308863978801663491,111461.308863978802
2025-09-01,75,1548039753,23c091909f2c6621e9ac8ab6666983d98471f3fe,2,2,105712243712004690290990,105712.243712004690
2025-09-01,76,2106851551,c38e4e6a15593f908255214653d3d947ca1c2338,66,66,103540882256343530584235,103540.882256343531
2025-09-01,77,1776136499,ea4e0cff21ea0a1650b658aaf5142720195245bb,6,6,98700000000000000000000,98700.000000000000
2025-09-01,78,-372789137,c0dfdb9e7a392c3dbbe7c6fbe8fbc1789c9fe05e,34,33,95857120964036977776675,95857.120964036978
2025-09-01,79,519858171,6c6b111520a7b6b33c92945401372c958e67ac7d,2,2,93015000000000000000000,93015.000000000000
2025-09-01,80,2061959543,5b93d80da1a359340d1f339fb574bdc56763f995,18,18,91841257929416617164507,91841.257929416617
2025-09-01,81,-569083121,00000259c6fe3072ce3c99ae6fd6453465700000,1,1,90185609487823741730816,90185.609487823742
2025-09-01,82,1329970747,f50be075ec9eb719ff2a40f4d061b91e51306bce,5,5,90054000000000000000000,90054.000000000000
2025-09-01,83,2092487379,d7156920e193646435d12be25e2b9b0fe2a9f8cb,1,1,82619160000000000000000,82619.160000000000
2025-09-01,84,986888935,03718d05124f9a836ec1b49b6d0931a9a0ee43b4,1,1,79832585000000000000000,79832.585000000000
2025-09-01,85,-126582687,946d804045b776a860c4b64afdbb4051c946bc4a,2,2,77821000000000000000000,77821.000000000000
2025-09-01,86,793928860,c36442b4a4522e871399cd717abdd847ab11fe88,30,30,75822377262533837927793,75822.377262533838
2025-09-01,87,1924861851,8bcd584838c1efb88de206bb46ea1bba3a295359,1,1,64720616763710000000000,64720.616763710000
2025-09-01,88,1178603969,a45ed6971f6e009740736acf0fcdc603983ba61a,4,4,64671457315860000000000,64671.457315860000
2025-09-01,89,2052526720,604dd02d620633ae427888d41bfd15e38483736e,100,100,61057615157670000000000,61057.615157670000
2025-09-01,90,735307933,a50aec86a7d2a37fec438a316061355ede38b5a6,1,1,60379190581904092299949,60379.190581904092
2025-09-01,91,-109862834,2ba35a6c43f8c5a84795ffe3de3fe576a2b6d98e,4,4,60100000000000000000000,60100.000000000000
2025-09-01,92,1586960633,0b8a49d816cc709b6eadb09498030ae3416b66dc,4,4,56446336067295152809700,56446.336067295153
2025-09-01,93,1116790497,5933ea3ee3fc7c6eaee0ba505ed3c3f9fb80a6dc,1,1,56177844944039747987730,56177.844944039748
2025-09-01,94,1815016751,347723562ba58ec75702ccd73ec91ce15ce92d16,1,1,55130280000000000000000,55130.280000000000
2025-09-01,95,1527559258,144313a16dc284187e963848cb494a8b544e7a58,2,2,54750988454788827495256,54750.988454788827
2025-09-01,96,-390750944,4bab2cb2ed6ee2d564ba5398cab4161d95e58f1b,14,14,52937888224762957750381,52937.888224762958
2025-09-01,97,912985248,2c43184567feae8d8f05eacbe12e95ede6c1b914,2,2,52496368000000000000000,52496.368000000000
2025-09-01,98,980945911,f76b17ce8ff08f96ad7bb785d4ed898d5d5014ef,1,1,51020000000000000000000,51020.000000000000
2025-09-01,99,-8307365,036fa9d6da8f1c483db5bb5e40efd968d289bb94,2,2,49986470000000000000000,49986.470000000000
2025-09-01,100,-516077744,f9f5e6f7a44ee10c72e67bded6654afaf4d0c85d,96,96,49538873671140808265877,49538.873671140808
2025-10-01,1,-325212918,ee9b1a09aedaced9dcda74964ea447feb93861c2,83,83,340198725500864870404485741,340198725.50086487
2025-10-01,2,306738287,bd02c51150a4ab6ce97b9de2025644594f3e75b8,2,2,99900000000000000000000000,99900000.000000000000
2025-10-01,3,1699176572,51c72848c68a965f66fa7a88855f9f7784502a7f,124,124,35575095671497198418493008,35575095.671497198418
2025-10-01,4,1250544290,a9d1e08c7793af67e9d92fe308d5697fb81d3e43,255,237,21133152652299792333321209,21133152.652299792333
2025-10-01,5,-375723426,53cc1b407b9cb27efec629b35dbda04d05b4fa27,165,165,10051806224027203065325886,10051806.224027203065
2025-10-01,6,881197687,9008d19f58aabd9ed0d60971565aa8510560ab41,240,240,6671270593430938013057915,6671270.593430938013
2025-10-01,7,1899934735,111111125421ca6dc452d289314280a0f8842a65,102,102,4855809955461373928603239,4855809.955461373929
2025-10-01,8,-422787536,dabc816b691c8c2135f087a32eeb09a3f548938e,3523,3523,3496826827950376115497855,3496826.827950376115
2025-10-01,9,-316631043,f8b2c637a68cf6a17b1df9f8992eebeff63d2dff,87,87,2354590070109077792925975,2354590.070109077793
2025-10-01,10,-186122954,66a9893cc07d91d95644aedd05d03f95e1dba8af,79,79,1851757222861185557121911,1851757.222861185557
2025-10-01,11,-561793933,63242a4ea82847b20e506b63b0e2e2eff0cc6cb0,31,26,1365414009302986666406979,1365414.009302986666
2025-10-01,12,-291679994,1e1dfff79d95725aaafd6b47af4fbc28d859ce28,78,78,1172689577910476508862854,1172689.577910476509
2025-10-01,13,-111399962,000000000004444c5dc75cb358380d2e3de08a90,535,535,977770244667691534907326,977770.244667691535
2025-10-01,14,2054943978,6a000f20005980200259b80c5102003040001068,26,26,910366261715697285532454,910366.261715697286
2025-10-01,15,-372789137,c0dfdb9e7a392c3dbbe7c6fbe8fbc1789c9fe05e,15,12,891771833625755451842894,891771.833625755452
2025-10-01,16,-245398760,fbd4cdb413e45a52e2c8312f670e9ce67e794c37,9,9,868898583272525540466348,868898.583272525540
2025-10-01,17,1806783656,4fb312915b779b1339388e14b6d079741ca83128,7,7,698000000000000000000000,698000.000000000000
2025-10-01,18,-291668638,185a1ff695d30a22c19f44c6b41e2d6d1c8c1f11,148,148,600169763548470330101836,600169.763548470330
2025-10-01,19,969988699,593a93930fc2523547a6132eb40876d740d4a8dd,12,12,425779539280600000000000,425779.539280600000
2025-10-01,20,-577186117,207e1074858a7e78f17002075739ed2745dbaece,281,248,409557747601341639102136,409557.747601341639
2025-10-01,21,-381547691,f5042e6ffac5a625d4e7848e0b01373d8eb9e222,135,135,378435508874248330862054,378435.508874248331
2025-10-01,22,1563644195,446b86a33e2a438f569b15855189e3da28d027ba,3,3,370000000000000000000000,370000.000000000000
2025-10-01,23,1364872031,1231deb6f5749ef6ce6943a275a1d3e7486f4eae,39,39,367335860579554676619909,367335.860579554677
2025-10-01,24,-267581323,dd276dc5223d0120f9bf1776f38957cc8da23cb0,3,3,360000000000000000000000,360000.000000000000
2025-10-01,25,-267565007,1b14376ee2d46ae5c27a43d902d96d4f3f264b83,3,3,299800000000000000000000,299800.000000000000
2025-10-01,26,2034702912,b300000b72deaeb607a12d5f54773d1c19c7028d,28,28,298095512533719481930311,298095.512533719482
2025-10-01,27,-267569274,aa10db8804d076601999c7cd769e02e44a99d5b2,3,3,295800000000000000000000,295800.000000000000
2025-10-01,28,1851264450,90ca5bf7c489f1330d71116bd0d6e3e617d60f36,10,10,266511538797930000000000,266511.538797930000
2025-10-01,29,930903869,d3088974784cfa3b4e7938f28f16345eeff8036b,8,8,256153992761910000000000,256153.992761910000
2025-10-01,30,1663246624,cf5540fffcdc3d510b18bfca6d2b9987b0772559,4,4,234069322824619155497952,234069.322824619155
2025-10-01,31,1329970747,f50be075ec9eb719ff2a40f4d061b91e51306bce,5,5,232921119930000000000000,232921.119930000000
2025-10-01,32,1586960633,0b8a49d816cc709b6eadb09498030ae3416b66dc,1,1,200016719591679768804347,200016.719591679769
2025-10-01,33,1262145591,b8e6d31e7b212b2b7250ee9c26c56cebbfbe6b23,2,2,173070930000000000000000,173070.930000000000
2025-10-01,34,-291686712,b0f10200d9e66076d49aaca63328c928bee6e89b,31,31,168346730578491397031476,168346.730578491397
2025-10-01,35,-276018130,50bf20318ce9100ac4374ab4bed5fe4b1f8cc6b3,1,1,156591120848260788655513,156591.120848260789
2025-10-01,36,815760973,53ad13397105abfe7adc90124fbd9468753ee10d,3,3,150188106201000000000000,150188.106201000000
2025-10-01,37,193748065,a4e98d1090638adad2784d97cd38c00be9c44f63,2,2,140005482433567958653879,140005.482433567959
2025-10-01,38,193533030,59c59d63a986d6c12b82156cd67c68f0765b1a44,3,3,134835663159355391432803,134835.663159355391
2025-10-01,39,882401114,1b7f007f49a7aa46651b5df4820aedfb07b9938c,4,4,132285760000000000000000,132285.760000000000
2025-10-01,40,-475095854,10a260e6710beac9fa7515778e6aa7ea66666666,3,3,128221493488212869268291,128221.493488212869
2025-10-01,41,-494109513,759432b16552ac0baed0a7de892f4ab295041dcd,3,3,115541349684778014995380,115541.349684778015
2025-10-01,42,-352280791,607aaebece105255be33c4b5f1f696f3a1776d29,4,4,112128947498156185947685,112128.947498156186
2025-10-01,43,1386123677,9ce6da552e3361bc32dce21818b3038912c2749f,4,4,110546002505000000000000,110546.002505000000
2025-10-01,44,2060069671,a9d96c1f864a69966edde6e1102d2149b98d7804,2,2,101138782356855832080682,101138.782356855832
2025-10-01,45,1970328958,afd24a2f5fe62a81e9a5d3aef0e3620737dbe22f,11,11,99992110000000000000000,99992.110000000000
2025-10-01,46,1193569077,0000005c7dc69d405f09aaadca29068d4f88cde8,2,2,99560956170466680000000,99560.956170466680
2025-10-01,47,616036061,74de5d4fcbf63e00296fd95d33236b9794016631,264,234,97254084631368746550810,97254.084631368747
2025-10-01,48,-576851116,9797061bcecbedde471b9c0d62cd090bdff57666,2,2,93297413276674489103315,93297.413276674489
2025-10-01,49,-267580230,e8c15aad9d4cd3f59c9dfa18828b91a8b2c49596,1,1,80000000000000000000000,80000.000000000000
2025-10-01,50,1904347363,88d5d10b2bccd87f99ab65bd14de9111a56cc9a3,3,3,79938030000000000000000,79938.030000000000
2025-10-01,51,1101328124,54e955d79c24c2959f371e6082befb6ef0cfbbcd,3,3,77928936000000000000000,77928.936000000000
2025-10-01,52,905983140,77575f88bd3f4d0abd6390215a32d4ed8e21a332,4,4,69007000000000000000000,69007.000000000000
2025-10-01,53,2052526720,604dd02d620633ae427888d41bfd15e38483736e,40,40,68451136113760000000000,68451.136113760000
2025-10-01,54,-375007263,3e9ba86f0ec034457eb9e0061ae13d29d8a40b12,5,5,62402431869303020430603,62402.431869303020
2025-10-01,55,-303667228,f0a12fefa78181a3749474db31d09524fa87b1f7,1,1,61797917432656682137564,61797.917432656682
2025-10-01,56,-370930303,2ad5004c60e16e54d5007c80ce329adde5b51ef5,2,2,60472213422909936485324,60472.213422909936
2025-10-01,57,532589258,6a704a0e46dcc67a6316644372e261e8fb6f658c,5,5,56585129585031189327262,56585.129585031189
2025-10-01,58,1571732189,5a1b9f4ecdd1b87fc16d955859b6cfe24c2a61d5,1,1,53867120052731117276591,53867.120052731117
2025-10-01,59,2018557174,a8c1c98aaf99a5dfc907d61b892b2ad624901185,6,6,52432885532245769501806,52432.885532245770
2025-10-01,60,674271324,f99129ec041157cb29a7fbc802c4a9dbcb10ef51,2,2,52267513939852087993052,52267.513939852088
2025-10-01,61,-499297048,4637ea6ecf7e16c99e67e941ab4d7d52eac7c73d,44,44,50947513768460351743512,50947.513768460352
2025-10-01,62,2145174805,70bf6634ee8cb27d04478f184b9b8bb13e5f4710,2,2,50637029401719627106961,50637.029401719627
2025-10-01,63,-461750347,e97af22192d0e3bb4d8ebfe0e0c3e05be8277049,1,1,49967159332000000000000,49967.159332000000
2025-10-01,64,1782622378,947a5a2e5b096752f0f3663964dd52151e3ad2b9,1,1,49159673278193865789333,49159.673278193866
2025-10-01,65,912459411,c55ee0528a58e198cb815dcd0c8fa5d48585db96,1,1,47242210000000000000000,47242.210000000000
2025-10-01,66,-90284824,00000688768803bbd44095770895ad27ad6b0d95,3,3,46188954010645685273617,46188.954010645685
2025-10-01,67,1178603969,a45ed6971f6e009740736acf0fcdc603983ba61a,2,2,45350124091330000000000,45350.124091330000
2025-10-01,68,2101584250,b685760ebd368a891f27ae547391f4e2a289895b,35,35,42101379430000000000000,42101.379430000000
2025-10-01,69,882144231,1ad100e8be129e5d4c0409eaae0d4c71c2798d7e,1,1,41311905828583694159477,41311.905828583694
2025-10-01,70,-15964848,225a38bc71102999dd13478bfabd7c4d53f2dc17,3,3,41169622418120477014375,41169.622418120477
2025-10-01,71,-425452694,ff68a48e8f7b9cfcf2fb5f418ec9bbfc2203dff7,1,1,40168954850365203817905,40168.954850365204
2025-10-01,72,1653334245,3553fe5e187bd8e2bad4ef56999b17edfd18a514,1,1,40003488051620000000000,40003.488051620000
2025-10-01,73,1113847572,663dc15d3c1ac63ff12e45ab68fea3f0a883c251,74,37,36652440426212490327642,36652.440426212490
2025-10-01,74,-323129525,6e4141d33021b52c91c28608403db4a0ffb50ec6,6,6,36252629944171480668998,36252.629944171481
2025-10-01,75,793928860,c36442b4a4522e871399cd717abdd847ab11fe88,34,34,33493327576398464813875,33493.327576398465
2025-10-01,76,-335518857,beef02961503351625926ea9a11ae13b29f5c555,5,5,33211089321504740755578,33211.089321504741
2025-10-01,77,1608787768,ad3b67bca8935cb510c8d18bd45f0b94f54a968f,2,2,31739899589071922789527,31739.899589071923
2025-10-01,78,1667815079,d556d690b9ff8dae0b7c13a5bcbd9f3324ef56c7,2,2,30646015078400000000000,30646.015078400000
2025-10-01,79,1006553668,68b3465833fb72a70ecdf485e0e4c7bd8665fc45,10,10,30568172970440147648005,30568.172970440148
2025-10-01,80,-126582687,946d804045b776a860c4b64afdbb4051c946bc4a,2,2,29965760000000000000000,29965.760000000000
2025-10-01,81,-395962468,10848aed32748e5f2dc7db7508edbe855a6d2955,2,2,26706544787330000000000,26706.544787330000
2025-10-01,82,1797454318,360e051a25ca6decd2f0e91ea4c179a96c0e565e,1,1,25749591260261757312114,25749.591260261757
2025-10-01,83,906646995,7e151351180ae4d443280e59d8ec4f0b88a097da,1,1,24286606920818165000000,24286.606920818165
2025-10-01,84,1685623475,6852665cb0e669c7395da0eb4ab4acd0946b9ac5,1,1,24190240000000000000000,24190.240000000000
2025-10-01,85,1124350805,fe134cba924e2942af309c378a292a60a46ebc55,1,1,23964251412500000000000,23964.251412500000
2025-10-01,86,2106851551,c38e4e6a15593f908255214653d3d947ca1c2338,10,10,20055616075431794140623,20055.616075431794
2025-10-01,87,1936845570,e9ec06e47a70782a8909143dcc18eb7e79b5dd7b,1,1,20000000000000000000000,20000.000000000000
2025-10-01,88,1019681829,a01e9a89714b56dea4c7edbf0144c82c76351ae3,1,1,19668811547000000000000,19668.811547000000
2025-10-01,89,1931411733,ccccccf25584cafbd4d80e9464361af1e7280b44,1,1,19037582836928336344987,19037.582836928336
2025-10-01,90,1339150940,25ab3efd52e6470681ce037cd546dc60726948d3,4,4,19005673506000000000000,19005.673506000000
2025-10-01,91,2061959543,5b93d80da1a359340d1f339fb574bdc56763f995,1,1,18494779645263169398872,18494.779645263169
2025-10-01,92,-289024920,fcfdf54f9ccb34479090ee5725475574e71dc158,1,1,17311679483926472407103,17311.679483926472
2025-10-01,93,-605972689,27934db9cd07e6368900d99047c0b39e2a6664ce,13,13,16130423113063864545304,16130.423113063865
2025-10-01,94,2004747019,a3222357a0eccf60c73606170be6c99adecb59b3,18,18,15995331868870000000000,15995.331868870000
2025-10-01,95,-346707467,fa0253943c3ff0e43898cba5a7a0da9d17c27995,1,1,15001500000000000000000,15001.500000000000
2025-10-01,96,833403327,71dd0bc531c11cc7262750daabec8b9600174e6d,2,2,14750471000000000000000,14750.471000000000
2025-10-01,97,1304354912,f14af9cc75a483b27ddbb5e1a95f0374a6b4b8e2,3,3,14482849000000000000000,14482.849000000000
2025-10-01,98,-291668834,ef530078320f3a9223661e2fe37001023048a7df,94,94,14364354976115483360662,14364.354976115483
2025-10-01,99,-39163961,000010036c0190e009a000d0fc3541100a07380a,5,5,13848823239595390869553,13848.823239595391
2025-10-01,100,-23329827,958d62982da21516754c3101c92ad17f3a4415b2,1,1,10188398845659468635830,10188.398845659469
2025-11-01,1,1250544290,a9d1e08c7793af67e9d92fe308d5697fb81d3e43,523,489,40566702883979152502160025,40566702.883979152502
2025-11-01,2,1699176572,51c72848c68a965f66fa7a88855f9f7784502a7f,179,179,38757524000000000187695104,38757524.000000000188
2025-11-01,3,-325212918,ee9b1a09aedaced9dcda74964ea447feb93861c2,87,87,34602885402349744666623179,34602885.402349744667
2025-11-01,4,306738287,bd02c51150a4ab6ce97b9de2025644594f3e75b8,18,18,25397864110000000000000000,25397864.110000000000
2025-11-01,5,881197687,9008d19f58aabd9ed0d60971565aa8510560ab41,96,95,21396439688160490691460474,21396439.688160490691
2025-11-01,6,-375723426,53cc1b407b9cb27efec629b35dbda04d05b4fa27,228,228,13224099099388645184206833,13224099.099388645184
2025-11-01,7,1329970747,f50be075ec9eb719ff2a40f4d061b91e51306bce,37,37,3176328034445639358699963,3176328.034445639359
2025-11-01,8,-561793933,63242a4ea82847b20e506b63b0e2e2eff0cc6cb0,19,18,2272956380263868165023713,2272956.380263868165
2025-11-01,9,2054943978,6a000f20005980200259b80c5102003040001068,14,14,2111334868062102261778402,2111334.868062102262
2025-11-01,10,-422787536,dabc816b691c8c2135f087a32eeb09a3f548938e,2023,2023,1579658707023816810468574,1579658.707023816810
2025-11-01,11,-291668638,185a1ff695d30a22c19f44c6b41e2d6d1c8c1f11,367,367,1414361363287117831685745,1414361.363287117832
2025-11-01,12,-341174562,2c0552e5dcb79b064fd23e358a86810bc5994244,1,1,1000940132641420827817681,1000940.132641420828
2025-11-01,13,2145174805,70bf6634ee8cb27d04478f184b9b8bb13e5f4710,4,4,1000638218694496055986478,1000638.218694496056
2025-11-01,14,-316631043,f8b2c637a68cf6a17b1df9f8992eebeff63d2dff,72,72,762619523837673525417996,762619.523837673525
2025-11-01,15,-267580230,e8c15aad9d4cd3f59c9dfa18828b91a8b2c49596,4,4,693000000000000000000000,693000.000000000000
2025-11-01,16,1663246624,cf5540fffcdc3d510b18bfca6d2b9987b0772559,3,3,635735092289986228195724,635735.092289986228
2025-11-01,17,1899934735,111111125421ca6dc452d289314280a0f8842a65,22,22,566511268268277920883096,566511.268268277921
2025-11-01,18,2034702912,b300000b72deaeb607a12d5f54773d1c19c7028d,22,22,444051708039941614367793,444051.708039941614
2025-11-01,19,4803162,f5c4a3f6cbd01cf12449f957223cbb5aba53c240,9,9,390000009522043701767115,390000.009522043702
2025-11-01,20,-111399962,000000000004444c5dc75cb358380d2e3de08a90,244,244,311477633564333172987532,311477.633564333173
2025-11-01,21,1262145591,b8e6d31e7b212b2b7250ee9c26c56cebbfbe6b23,6,6,290304000000000000000000,290304.000000000000
2025-11-01,22,-558346650,f949618879cb256cc6ebbf9d455b118c79ff0298,15,15,215385092315810262814896,215385.092315810263
2025-11-01,23,-267565007,1b14376ee2d46ae5c27a43d902d96d4f3f264b83,3,3,188111000000000000000000,188111.000000000000
2025-11-01,24,2018557174,a8c1c98aaf99a5dfc907d61b892b2ad624901185,3,3,179551438458846076152437,179551.438458846076
2025-11-01,25,-267569274,aa10db8804d076601999c7cd769e02e44a99d5b2,2,2,171880000000000000000000,171880.000000000000
2025-11-01,26,1563644195,446b86a33e2a438f569b15855189e3da28d027ba,2,2,165300000000000000000000,165300.000000000000
2025-11-01,27,-245398760,fbd4cdb413e45a52e2c8312f670e9ce67e794c37,3,3,150071996531059303339433,150071.996531059303
2025-11-01,28,-267581323,dd276dc5223d0120f9bf1776f38957cc8da23cb0,2,2,134000000000000000000000,134000.000000000000
2025-11-01,29,1287614722,a69babef1ca67a37ffaf7a485dfff3382056e78c,2,2,128444730000000000000000,128444.730000000000
2025-11-01,30,2136401664,4e8a4894275780f571aad53122e641d9f50ff04f,1,1,109366650000000000000000,109366.650000000000
2025-11-01,31,-621387239,219e157c79f5b188397f6ccdb6d0f97600eadfb6,5,5,100032730000000000000000,100032.730000000000
2025-11-01,32,1364872031,1231deb6f5749ef6ce6943a275a1d3e7486f4eae,25,25,99743901181738852860303,99743.901181738853
2025-11-01,33,-291679994,1e1dfff79d95725aaafd6b47af4fbc28d859ce28,45,45,92273921924994140612332,92273.921924994141
2025-11-01,34,2000202299,888888888889758f76e7103c6cbf23abbf58f946,1,1,84115462466980706834690,84115.462466980707
2025-11-01,35,1838692752,977266df56e36c994fcd59155ce0005ad1901ce3,1,1,79995000000000000000000,79995.000000000000
2025-11-01,36,616036061,74de5d4fcbf63e00296fd95d33236b9794016631,261,217,68858966843249658616881,68858.966843249659
2025-11-01,37,2004747019,a3222357a0eccf60c73606170be6c99adecb59b3,28,23,64308119699060000000000,64308.119699060000
2025-11-01,38,-186122954,66a9893cc07d91d95644aedd05d03f95e1dba8af,57,57,60604649159020499787588,60604.649159020500
2025-11-01,39,969988699,593a93930fc2523547a6132eb40876d740d4a8dd,1,1,50006070000000000000000,50006.070000000000
2025-11-01,40,-576851116,9797061bcecbedde471b9c0d62cd090bdff57666,2,2,49998060000000000000000,49998.060000000000
2025-11-01,41,-372789137,c0dfdb9e7a392c3dbbe7c6fbe8fbc1789c9fe05e,25,25,44652809408273658666228,44652.809408273659
2025-11-01,42,-630802280,f6801d319497789f934ec7f83e142a9536312b08,76,55,42388906743706716627754,42388.906743706717
2025-11-01,43,-425452694,ff68a48e8f7b9cfcf2fb5f418ec9bbfc2203dff7,1,1,41142018064976948713085,41142.018064976949
2025-11-01,44,-536710245,813b0857e016b7ae5fb57f464dfad8ee7b74232e,3,3,40904353544670000000000,40904.353544670000
2025-11-01,45,-609869988,8c864d0c8e476bf9eb9d620c10e1296fb0e2f940,313,245,40489002787401851054294,40489.002787401851
2025-11-01,46,1514606071,ef1cf1ccc2e330c9c80ea597efcf1c0548a0bb0b,4,4,40352939844986046356400,40352.939844986046
2025-11-01,47,-381547691,f5042e6ffac5a625d4e7848e0b01373d8eb9e222,20,20,38078293696739871308706,38078.293696739871
2025-11-01,48,1006553668,68b3465833fb72a70ecdf485e0e4c7bd8665fc45,12,12,27981263634425318827569,27981.263634425319
2025-11-01,49,2101584250,b685760ebd368a891f27ae547391f4e2a289895b,25,25,25491030846000000000000,25491.030846000000
2025-11-01,50,1339150940,25ab3efd52e6470681ce037cd546dc60726948d3,4,4,25058700884000000000000,25058.700884000000
2025-11-01,51,1613652403,d22ac13eb45a59477744318e1ae2acb0ec1769ab,1,1,22098267833206910082400,22098.267833206910
2025-11-01,52,-514181173,fbce40d323306509d2f411abcc0d6ec298083c08,21,21,21022997915000000000000,21022.997915000000
2025-11-01,53,1381791786,1111111254eeb25477b68fb85ed929f73a960582,46,46,18911073743785376212326,18911.073743785376
2025-11-01,54,1737642205,732422a4afde3dae61657f0731ac1101b061918b,2,2,15000000000000000000000,15000.000000000000
2025-11-01,55,-577186117,207e1074858a7e78f17002075739ed2745dbaece,186,138,13100361925564600884945,13100.361925564601
2025-11-01,56,930888500,f662cabf1dff43c0101ae21d691cfe753865bcb7,1,1,10435467879930573456400,10435.467879930573
2025-11-01,57,-629896249,2ecc305076949de71509e3d29907d47f0fe75987,1,1,10007343594239969654939,10007.3435942399696549
2025-11-01,58,-375007263,3e9ba86f0ec034457eb9e0061ae13d29d8a40b12,6,6,9803120347916349873748,9803.1203479163498737
2025-11-01,59,1600396993,6c7bffd4b7b72187c76779dd4ffefcb53cb3aba4,1,1,9607985295936808184000,9607.9852959368081840
2025-11-01,60,1637192195,110db0d013b4683b0e2574b3ade9ca922cc0cab8,1,1,9607978137891418054400,9607.9781378914180544
2025-11-01,61,1602533945,9291bf5ee8b8ed7d0f4ff75146f4763665007bc3,1,1,9607963091881027772000,9607.9630918810277720
2025-11-01,62,893398926,def171fe48cf0115b1d80b88dc8eab59176fee57,3,3,8073861484601857919631,8073.8614846018579196
2025-11-01,63,-577222316,25233ddd68dac9ac40e1e8d80c58d36b524032b2,7,2,8008696470796895441394,8008.6964707968954414
2025-11-01,64,1851264450,90ca5bf7c489f1330d71116bd0d6e3e617d60f36,1,1,6828711673675549300000,6828.7116736755493000
2025-11-01,65,1826150182,e4e9e7db9fe1062f240ba12e112eedf759bb3245,1,1,6725146100000000000000,6725.1461000000000000
2025-11-01,66,-366632766,5013c685293a8a477bec515e0196476690277525,1,1,6298800479924161204122,6298.8004799241612041
2025-11-01,67,1707182122,a3c274d558658538f76661e403ad71aaf342f493,1,1,4803969042745495536800,4803.9690427454955368
2025-11-01,68,1203413631,16f368bfaa9308a4b1728f5356001f58b914caab,1,1,4803600000000000000000,4803.6000000000000000
2025-11-01,69,1912134214,6f0063ec517494671e0ca583735d9c96495c728f,1,1,4769199892824136625600,4769.1998928241366256
2025-11-01,70,-463284100,2e1dee213ba8d7af0934c49a23187babeaca8764,17,8,4767269371505538693508,4767.2693715055386935
2025-11-01,71,-636812648,1fdb69ccf206006cd1d1460a02e2ad2eeaebc80b,1,1,4747479219520000000000,4747.4792195200000000
2025-11-01,72,-235906611,ae68b7117be0026cbd4366303f74eecbb19e4042,1,1,4502032889363393053290,4502.0328893633930533
2025-11-01,73,1113847572,663dc15d3c1ac63ff12e45ab68fea3f0a883c251,52,26,4308082915779030900736,4308.0829157790309007
2025-11-01,74,-528781262,71d2199ebfb08da2aefe0f96ac9cfc84ebad43a5,4,4,3883748043394230244000,3883.7480433942302440
2025-11-01,75,-578848697,59ecc51d35e5a2dd1e15cd1e1abc1fdcc63dd3ab,2,2,3882293892846596763400,3882.2938928465967634
2025-11-01,76,1085807949,02259a5706bcb00df01eefa4e433ed292eb3f527,1,1,3782621566011943290600,3782.6215660119432906
2025-11-01,77,-578600218,d1c0fda139a3c1c0dc1c3013e52a1a46cceb50ab,2,2,3778706471765480087200,3778.7064717654800872
2025-11-01,78,-90284824,00000688768803bbd44095770895ad27ad6b0d95,7,7,3486851620165908765049,3486.8516201659087650
2025-11-01,79,-291686712,b0f10200d9e66076d49aaca63328c928bee6e89b,1,1,3346259886229094302426,3346.2598862290943024
2025-11-01,80,-509692048,36a72ed0096b414521c45e3ddc9ed657d1d9c141,10,10,3328411035000000000000,3328.4110350000000000
2025-11-01,81,-523962449,71b111b36938d2f06d690880c48c601a59777777,1,1,2932893641000000000000,2932.8936410000000000
2025-11-01,82,-188722005,81a3f6ec56e96b58299d181243a760e3ab24c320,2,2,2897085724881023643993,2897.0857248810236440
2025-11-01,83,2008137943,85c0c67690a91419057d831c2b773f2e5e6a6386,1,1,2885100179177989959800,2885.1001791779899598
2025-11-01,84,1005604410,1512bb3b85696fa4d85cb4bbf78e9c4fe95db90f,1,1,2884291949584263422000,2884.2919495842634220
2025-11-01,85,934912253,f39d420e6ab5f115acadf9b510d878016b90103b,2,2,2882883798517799931400,2882.8837985177999314
2025-11-01,86,1019663296,251a78b01a3dd39b1de04a660a21b4db564dc310,1,1,2882260656961116676200,2882.2606569611166762
2025-11-01,87,-553979077,66396ee87422ccaf44956d7bfd22b30fe5a574ee,1,1,2882149549340174014000,2882.1495493401740140
2025-11-01,88,749184517,10a590f528eff3d5de18c90da6e03a4acdde3a7d,1,1,2882098770699060000000,2882.0987706990600000
2025-11-01,89,933498365,3fda3ff5b3d01efc47db1752fdfcc674b0f3cee8,1,1,2500070000000000000000,2500.0700000000000000
2025-11-01,90,1187249561,c397c68471922f21b0175cbcfdf6d208911a0bc3,1,1,2499070000000000000000,2499.0700000000000000
2025-11-01,91,-303569226,942f1b93e416913687242552cf0ed93592925284,1,1,2311000744586593410500,2311.0007445865934105
2025-11-01,92,921429964,d436792a76ff9a22bfceb1618e0ab6827c74c58a,1,1,2251500000000000000000,2251.5000000000000000
2025-11-01,93,-47395251,7e9baa3ef6b6e36031a51eecf4aea1086785df7a,2,2,1999000000000000000000,1999.0000000000000000
2025-11-01,94,1822359318,d83f76f728e0bbbbaef7f0345cd8a1186aa94bc3,1,1,1921519383864095762000,1921.5193838640957620
2025-11-01,95,-412825465,da96ccfe286e0a3495a14ace162a24bdad581830,1,1,1891537212030471048800,1891.5372120304710488
2025-11-01,96,-105734566,24ad3747c20fca74b4f91dc54b9a91f6988ff18a,1,1,1887865513573250606200,1887.8655135732506062
2025-11-01,97,-596281270,00f7c1a82f0d5b05dca83626eb9d9e407e62f6af,1,1,1887860096000000000000,1887.8600960000000000
2025-11-01,98,288553351,46762a3d1e202d1fbd3858b421bb3409ce2f35d4,1,1,1887853753126279208600,1887.8537531262792086
2025-11-01,99,-563999887,d4c2bdf386be659c80a1d9ac0716dc4cebf0e137,1,1,1887784658200740299200,1887.7846582007402992
2025-11-01,100,879282778,5fabfaba9f58ebe1f8bd99e8b433b39a5194197b,1,1,1887234314800917404800,1887.2343148009174048
2025-12-01,1,306738287,bd02c51150a4ab6ce97b9de2025644594f3e75b8,71,71,468569885522110123515820908,468569885.52211012
2025-12-01,2,-325212918,ee9b1a09aedaced9dcda74964ea447feb93861c2,128,128,163587137637167609613977272,163587137.63716761
2025-12-01,3,1250544290,a9d1e08c7793af67e9d92fe308d5697fb81d3e43,382,338,53451072307325332883401616,53451072.307325332883
2025-12-01,4,1699176572,51c72848c68a965f66fa7a88855f9f7784502a7f,59,59,10568876999999999956746240,10568876.999999999957
2025-12-01,5,-509692048,36a72ed0096b414521c45e3ddc9ed657d1d9c141,70,70,9970778977583760000000000,9970778.977583760000
2025-12-01,6,1329970747,f50be075ec9eb719ff2a40f4d061b91e51306bce,98,98,7363545004700990000000000,7363545.004700990000
2025-12-01,7,-719065287,e9a9e7d871587ce75c05a5371b733204d13e0f71,2675,2675,4472632000000000000000000,4472632.000000000000
2025-12-01,8,532323516,cefcca169357a18eb8c3f230f92b58562e48cae5,71,71,4201613430349220249968690,4201613.430349220250
2025-12-01,9,-291679994,1e1dfff79d95725aaafd6b47af4fbc28d859ce28,292,288,3135666383575990206698900,3135666.383575990207
2025-12-01,10,1364872031,1231deb6f5749ef6ce6943a275a1d3e7486f4eae,364,364,2361288518726046587040326,2361288.518726046587
2025-12-01,11,-561793933,63242a4ea82847b20e506b63b0e2e2eff0cc6cb0,65,57,2089805332133506523094140,2089805.332133506523
2025-12-01,12,-375723426,53cc1b407b9cb27efec629b35dbda04d05b4fa27,25,25,1433278786411437068553339,1433278.786411437069
2025-12-01,13,2054943978,6a000f20005980200259b80c5102003040001068,37,37,1330237814543470840164349,1330237.814543470840
2025-12-01,14,-693573062,5e1f62dac767b0491e3ce72469c217365d5b48cc,65,47,1299544877411251732065803,1299544.877411251732
2025-12-01,15,881197687,9008d19f58aabd9ed0d60971565aa8510560ab41,67,66,1259532894670734381327770,1259532.894670734381
2025-12-01,16,1899934735,111111125421ca6dc452d289314280a0f8842a65,33,33,1203572408243243130936554,1203572.408243243131
2025-12-01,17,-316631043,f8b2c637a68cf6a17b1df9f8992eebeff63d2dff,42,42,951694373098678831493483,951694.373098678831
2025-12-01,18,-111399962,000000000004444c5dc75cb358380d2e3de08a90,774,774,888973048962634547876546,888973.048962634548
2025-12-01,19,1262145591,b8e6d31e7b212b2b7250ee9c26c56cebbfbe6b23,5,5,629152510000000000000000,629152.510000000000
2025-12-01,20,-291668638,185a1ff695d30a22c19f44c6b41e2d6d1c8c1f11,168,168,604124722087000940776068,604124.722087000941
2025-12-01,21,-422787536,dabc816b691c8c2135f087a32eeb09a3f548938e,1116,1116,571549653691992492658729,571549.653691992493
2025-12-01,22,-267580230,e8c15aad9d4cd3f59c9dfa18828b91a8b2c49596,4,4,504580000000000000000000,504580.000000000000
2025-12-01,23,2145174805,70bf6634ee8cb27d04478f184b9b8bb13e5f4710,6,6,446079402101582753212610,446079.402101582753
2025-12-01,24,1563644195,446b86a33e2a438f569b15855189e3da28d027ba,2,2,296871000000000000000000,296871.000000000000
2025-12-01,25,-369478961,8a5221f95c8af2d249bc1a7f075b31336ee5032f,8,8,282416600000000000000000,282416.600000000000
2025-12-01,26,-267565007,1b14376ee2d46ae5c27a43d902d96d4f3f264b83,4,4,267993000000000000000000,267993.000000000000
2025-12-01,27,2034702912,b300000b72deaeb607a12d5f54773d1c19c7028d,37,37,264355676168978790183181,264355.676168978790
2025-12-01,28,-267569274,aa10db8804d076601999c7cd769e02e44a99d5b2,3,3,262826000000000000000000,262826.000000000000
2025-12-01,29,1806783656,4fb312915b779b1339388e14b6d079741ca83128,1,1,213000000000000000000000,213000.000000000000
2025-12-01,30,-697001136,5a1b2acd0c9992e14f2b6d8a326023e35a097a3a,165,136,210128979394300240512020,210128.979394300241
2025-12-01,31,2081203768,7e13ac7462cbc62440a91dd2654f1c2d1fc9180e,3,3,200006526877416714674420,200006.526877416715
2025-12-01,32,558662,17f2f425ad47a48522e730e9630e73f0a12aec02,6,6,199997000000000000000000,199997.000000000000
2025-12-01,33,1931411733,ccccccf25584cafbd4d80e9464361af1e7280b44,4,4,193054172556000000000000,193054.172556000000
2025-12-01,34,-267581323,dd276dc5223d0120f9bf1776f38957cc8da23cb0,2,2,184580000000000000000000,184580.000000000000
2025-12-01,35,-652074134,b92fe925dc43a0ecde6c8b1a2709c170ec4fff4f,146,146,179310413525348289273736,179310.413525348289
2025-12-01,36,-607937063,2677c4c8757da1857cc7cc4071e0e0dd32ccb975,2,2,163137000000000000000000,163137.000000000000
2025-12-01,37,-186122954,66a9893cc07d91d95644aedd05d03f95e1dba8af,85,83,159989727010635466883072,159989.727010635467
2025-12-01,38,4803162,f5c4a3f6cbd01cf12449f957223cbb5aba53c240,4,4,155163969641916690729110,155163.969641916691
2025-12-01,39,-387380159,003ca23fd5f0ca87d01f6ec6cd14a8ae60c2b97d,7,7,143382072819814930285591,143382.072819814930
2025-12-01,40,-381547691,f5042e6ffac5a625d4e7848e0b01373d8eb9e222,148,148,130380450988129495784319,130380.450988129496
2025-12-01,41,116877928,35524a1a02d6c89c8fcead21644cb61b032bd3de,3,3,123212257600000000000000,123212.257600000000
2025-12-01,42,-677955835,cb1329f2e110de616195b287805b98c75ac59325,3,3,100000000000000000000000,100000.000000000000
2025-12-01,43,2066198978,0389cc459f8397f8eead98e614c4747e383ce47f,2,2,100000000000000000000000,100000.000000000000
2025-12-01,44,1512984616,684ca620a83a3dc69eac6c0f81646965ec381828,3,3,99899705210090000000000,99899.705210090000
2025-12-01,45,-291686712,b0f10200d9e66076d49aaca63328c928bee6e89b,35,33,99424172988129357602750,99424.172988129358
2025-12-01,46,1178603969,a45ed6971f6e009740736acf0fcdc603983ba61a,3,3,97872664773210000000000,97872.664773210000
2025-12-01,47,209499427,d152f549545093347a162dce210e7293f1452150,141,7,94500000000000000000000,94500.000000000000
2025-12-01,48,-607917915,69be413d648ae00f0fbd9856f1355e22b36ee5e0,1,1,90000000000000000000000,90000.000000000000
2025-12-01,49,2106851551,c38e4e6a15593f908255214653d3d947ca1c2338,68,68,88860659525640440166550,88860.659525640440
2025-12-01,50,980945911,f76b17ce8ff08f96ad7bb785d4ed898d5d5014ef,3,3,80316090197810777341743,80316.090197810777
2025-12-01,51,-575875057,1a9bee2f5c85f6b4a0221fb1c733246af5306ae3,7,7,70928275827617186375165,70928.275827617186
2025-12-01,52,2018557174,a8c1c98aaf99a5dfc907d61b892b2ad624901185,5,5,69958312376353093729091,69958.312376353094
2025-12-01,53,-90284824,00000688768803bbd44095770895ad27ad6b0d95,9,9,62193159027990663738938,62193.159027990664
2025-12-01,54,1287614722,a69babef1ca67a37ffaf7a485dfff3382056e78c,3,3,61984430000000000000000,61984.430000000000
2025-12-01,55,2052526720,604dd02d620633ae427888d41bfd15e38483736e,4,4,57471600000000000000000,57471.600000000000
2025-12-01,56,2058858838,30066daafa053751443fc294b7b308963dbd51ca,1,1,51843434108118919367118,51843.434108118919
2025-12-01,57,-193120557,4c4bc518b1050740f16ef0605ce682968c7b191a,1,1,50000000000000000000000,50000.000000000000
2025-12-01,58,1527559258,144313a16dc284187e963848cb494a8b544e7a58,1,1,49999090000000000000000,49999.090000000000
2025-12-01,59,1685623475,6852665cb0e669c7395da0eb4ab4acd0946b9ac5,1,1,49999050000000000000000,49999.050000000000
2025-12-01,60,1101328124,54e955d79c24c2959f371e6082befb6ef0cfbbcd,1,1,49949624000000000000000,49949.624000000000
2025-12-01,61,-335518857,beef02961503351625926ea9a11ae13b29f5c555,3,3,47660767211069269555110,47660.767211069270
2025-12-01,62,-303667228,f0a12fefa78181a3749474db31d09524fa87b1f7,6,6,45454487147222354606609,45454.487147222355
2025-12-01,63,616036061,74de5d4fcbf63e00296fd95d33236b9794016631,178,144,44163327409270712651946,44163.327409270713
2025-12-01,64,1006553668,68b3465833fb72a70ecdf485e0e4c7bd8665fc45,12,12,42370283105882105269248,42370.283105882105
2025-12-01,65,1663246624,cf5540fffcdc3d510b18bfca6d2b9987b0772559,3,3,38528041385929119716208,38528.041385929120
2025-12-01,66,-260840437,88649f4743a758171077b98ee2003f1989b1615a,6,6,37051443774568332333587,37051.443774568332
2025-12-01,67,2139513617,af688171f9a426d8c78a907f78a9cc3da23c7230,1,1,34495000000000000000000,34495.000000000000
2025-12-01,68,2004747019,a3222357a0eccf60c73606170be6c99adecb59b3,25,24,30438976295360000000000,30438.976295360000
2025-12-01,69,-677362843,a58008e6630269b80d542def0d30198a4b27a01d,1,1,30104599176880000000000,30104.599176880000
2025-12-01,70,1998697839,250334beaca2e4a7e1a9e17d614aa144e483169b,1,1,30064388273586489958688,30064.388273586490
2025-12-01,71,912459411,c55ee0528a58e198cb815dcd0c8fa5d48585db96,1,1,25000825905300000000000,25000.825905300000
2025-12-01,72,954703640,ddf79dd76ec2cf8be437d8717a36b9d10c429c23,2,2,22000000000000000000000,22000.000000000000
2025-12-01,73,-425452694,ff68a48e8f7b9cfcf2fb5f418ec9bbfc2203dff7,1,1,21873390361701175509803,21873.390361701176
2025-12-01,74,-160370719,7d3d8bc93a50f35b893b2af5a7bb285e4dc9200e,1,1,21618305585880860039062,21618.305585880860
2025-12-01,75,1381791786,1111111254eeb25477b68fb85ed929f73a960582,29,29,20271775114818527096941,20271.775114818527
2025-12-01,76,697417409,ca64e575083e0a8f9c73ffc214d78027d98fc51b,1,1,20000090000000000000000,20000.090000000000
2025-12-01,77,-591566463,d2b37ade14708bf18904047b1e31f8166d39612b,84,84,18475210093914440589069,18475.210093914441
2025-12-01,78,2016964558,b7991199a878453aff1e341f314ada88b3df3c8e,1,1,17607349386651414315274,17607.349386651414
2025-12-01,79,-378672542,7c5c5a0240231077432e3f3b7880de8865269a40,4,4,17570087313534740390105,17570.087313534740
2025-12-01,80,1000508666,79fab311c8c6cf0a39d9d8296cf2a26c5ca84de6,2,2,17415835913000000000000,17415.835913000000
2025-12-01,81,-239489775,17c453150b5a75f1b32823ab74c8a9a835d39e01,1,1,16889462038154401272451,16889.462038154401
2025-12-01,82,1113847572,663dc15d3c1ac63ff12e45ab68fea3f0a883c251,76,38,13406701111748827056044,13406.701111748827
2025-12-01,83,1750410640,a0bb1ebf52a9307f30509d3b385754c33b7f2e26,3,3,13271390869060000000000,13271.390869060000
2025-12-01,84,-718900214,990636ecb3ff04d33d92e970d3d588bf5cd8d086,143,136,12564512919151275654889,12564.512919151276
2025-12-01,85,2101584250,b685760ebd368a891f27ae547391f4e2a289895b,33,33,12267888830000000000000,12267.888830000000
2025-12-01,86,-291668834,ef530078320f3a9223661e2fe37001023048a7df,45,45,10743210309678275076373,10743.210309678275
2025-12-01,87,567813917,1d5c41dda161071f7c8a80141eefdae10ed82915,1,1,10064110647142146044583,10064.1106471421460446
2025-12-01,88,582519539,6073b187357c6b2970da8812ece1959b3cce487d,1,1,10005060000000000000000,10005.0600000000000000
2025-12-01,89,873600440,46adba6d75d5caee81fa0466e88da7edf9651bfa,1,1,10003184389120000000000,10003.1843891200000000
2025-12-01,90,-719101709,45b10f1f54eab9db86fbd1524090d0bd3aa093b2,1,1,10002060000000000000000,10002.0600000000000000
2025-12-01,91,-698111088,399740157391a9f1bf4e9921a8834f9bc8f2678e,12,11,9064251665056047917414,9064.2516650560479174
2025-12-01,92,-321664538,41f2ce05237202f8a5aebbcc115ee89f17afa472,1,1,9003247404059795688142,9003.2474040597956881
2025-12-01,93,-387036364,a42068245addcf8adfa06fe82a9173bc612d5be9,1,1,8792717224855730397327,8792.7172248557303973
2025-12-01,94,803272002,daa43d30760ee99a83f2b9a6a421d76746f2c6bb,1,1,8042714042075093226993,8042.7140420750932270
2025-12-01,95,-718881268,0bb7a4fdea32910038dec59c20ccae3a6e66b09f,8,7,6850933110215057137441,6850.9331102150571374
2025-12-01,96,-677525367,ee534c0418b5a78606ebcea3815242e25e7947ac,1,1,6329660384846636528372,6329.6603848466365284
2025-12-01,97,1696560538,f6fdbe5970d035880b2e271efe19142f7f7cb09f,1,1,6177473983000000000000,6177.4739830000000000
2025-12-01,98,-26474317,317a9e2cdf56838ed139811d390c3d14de020ab4,2,2,5991668363600000000000,5991.6683636000000000
2025-12-01,99,1608787768,ad3b67bca8935cb510c8d18bd45f0b94f54a968f,4,4,5818548211651481744209,5818.5482116514817442
2025-12-01,100,-188722005,81a3f6ec56e96b58299d181243a760e3ab24c320,5,5,5694560143324011515897,5694.5601433240115159
2026-01-01,1,306738287,bd02c51150a4ab6ce97b9de2025644594f3e75b8,103,103,973253656370000000000000000,973253656.37000000
2026-01-01,2,-325212918,ee9b1a09aedaced9dcda74964ea447feb93861c2,215,214,493431687447544708752387834,493431687.44754471
2026-01-01,3,-387380159,003ca23fd5f0ca87d01f6ec6cd14a8ae60c2b97d,647,647,120187590118123888624682462,120187590.11812389
2026-01-01,4,-509692048,36a72ed0096b414521c45e3ddc9ed657d1d9c141,76,76,48507533468122498351003218,48507533.468122498351
2026-01-01,5,1250544290,a9d1e08c7793af67e9d92fe308d5697fb81d3e43,382,370,38275522302323429803538031,38275522.302323429804
2026-01-01,6,1699176572,51c72848c68a965f66fa7a88855f9f7784502a7f,86,86,23199459697267364445562899,23199459.697267364446
2026-01-01,7,1329970747,f50be075ec9eb719ff2a40f4d061b91e51306bce,193,193,21740848257986920000000000,21740848.257986920000
2026-01-01,8,-758116294,06dcecdc4b8107ed78163f96a45ceea53c0e4244,2,2,20000000000000000000000000,20000000.000000000000
2026-01-01,9,532323516,cefcca169357a18eb8c3f230f92b58562e48cae5,276,276,15825656692229244548188792,15825656.692229244548
2026-01-01,10,-291679994,1e1dfff79d95725aaafd6b47af4fbc28d859ce28,376,373,11099984199606036089655662,11099984.199606036090
2026-01-01,11,914227462,5add1cec842699d7d0eaea77632f92cf3f3ff8cf,4,4,9300010975060000000000000,9300010.975060000000
2026-01-01,12,-561793933,63242a4ea82847b20e506b63b0e2e2eff0cc6cb0,107,98,9179463267650409942198286,9179463.267650409942
2026-01-01,13,881197687,9008d19f58aabd9ed0d60971565aa8510560ab41,191,191,8645371266082268614100666,8645371.266082268614
2026-01-01,14,-693573062,5e1f62dac767b0491e3ce72469c217365d5b48cc,216,129,6805776449679518329791686,6805776.449679518330
2026-01-01,15,1899934735,111111125421ca6dc452d289314280a0f8842a65,53,53,6735643849718691516287016,6735643.849718691516
2026-01-01,16,2054943978,6a000f20005980200259b80c5102003040001068,58,58,6211958366388253102977339,6211958.366388253103
2026-01-01,17,-794977462,1f560aee3d0c615f51466dcd9a312cfa858271a5,114,97,2902274302826781567633499,2902274.302826781568
2026-01-01,18,-435489750,5b2a3d19bbc6dd2f1666352a0b95d47780a8a576,2,2,2251183350000000000000000,2251183.350000000000
2026-01-01,19,-746686855,c92814c1974355122a8a43781a090552634ee567,108,82,2207033972025072104962411,2207033.972025072105
2026-01-01,20,1811790826,8be46b25d59616e594f0a9e20147fb14c1b989d9,40,40,2000658021660674525602217,2000658.021660674526
2026-01-01,21,-111399962,000000000004444c5dc75cb358380d2e3de08a90,1335,1335,1776918884676262449859209,1776918.884676262450
2026-01-01,22,595395132,a3e56a7d3c97681d443de712e3d397d8d8d8a077,25,25,1655507578168545983806998,1655507.578168545984
2026-01-01,23,-291668638,185a1ff695d30a22c19f44c6b41e2d6d1c8c1f11,321,318,1261316047109670714057600,1261316.047109670714
2026-01-01,24,1364872031,1231deb6f5749ef6ce6943a275a1d3e7486f4eae,70,70,1110361646988947025083867,1110361.646988947025
2026-01-01,25,-335518857,beef02961503351625926ea9a11ae13b29f5c555,18,18,1011017439259116489193265,1011017.439259116489
2026-01-01,26,1904347363,88d5d10b2bccd87f99ab65bd14de9111a56cc9a3,2,2,849954400000000000000000,849954.400000000000
2026-01-01,27,-341174562,2c0552e5dcb79b064fd23e358a86810bc5994244,17,17,762123071875303232590213,762123.071875303233
2026-01-01,28,2018557174,a8c1c98aaf99a5dfc907d61b892b2ad624901185,12,12,595740865528092956809299,595740.865528092957
2026-01-01,29,-422787536,dabc816b691c8c2135f087a32eeb09a3f548938e,1082,1082,590450111009599592841867,590450.111009599593
2026-01-01,30,-783283347,feecbe8036d95acf84a2c9b8974fa0ced1c4cc17,9,9,561271387144700826835151,561271.387144700827
2026-01-01,31,1961154915,a1b5e8c6eb4ea1ab59d9f439bad884020d69e806,5,5,500000000000000000000000,500000.000000000000
2026-01-01,32,-90284824,00000688768803bbd44095770895ad27ad6b0d95,12,12,487097972814515854840007,487097.972814515855
2026-01-01,33,1262145591,b8e6d31e7b212b2b7250ee9c26c56cebbfbe6b23,3,3,399383000000000000000000,399383.000000000000
2026-01-01,34,-245398760,fbd4cdb413e45a52e2c8312f670e9ce67e794c37,5,5,385882293984530015891765,385882.293984530016
2026-01-01,35,-267580230,e8c15aad9d4cd3f59c9dfa18828b91a8b2c49596,3,3,304383000000000000000000,304383.000000000000
2026-01-01,36,1663246624,cf5540fffcdc3d510b18bfca6d2b9987b0772559,7,7,266346759377676756215918,266346.759377676756
2026-01-01,37,1958452375,e33ce4cdf6ae6d9f955b871bd279ec895eb1faa9,5,5,200012623525737839513666,200012.623525737840
2026-01-01,38,-154588610,beb0b0623f66be8ce162ebdfa2ec543a522f4ea6,3,3,190185236396481836419212,190185.236396481836
2026-01-01,39,-38111097,5be9a4959308a0d0c7bc0870e319314d8d957dbb,2,2,165000000000000000000000,165000.000000000000
2026-01-01,40,1563644195,446b86a33e2a438f569b15855189e3da28d027ba,2,2,157914000000000000000000,157914.000000000000
2026-01-01,41,969988699,593a93930fc2523547a6132eb40876d740d4a8dd,4,4,140274400000000000000000,140274.400000000000
2026-01-01,42,-267565007,1b14376ee2d46ae5c27a43d902d96d4f3f264b83,2,2,118171000000000000000000,118171.000000000000
2026-01-01,43,-267569274,aa10db8804d076601999c7cd769e02e44a99d5b2,2,2,118171000000000000000000,118171.000000000000
2026-01-01,44,2139513617,af688171f9a426d8c78a907f78a9cc3da23c7230,3,3,110185751041000000000000,110185.751041000000
2026-01-01,45,-106901556,25504c84790c2bdf090b8779424889993e9b938e,3,3,100000000000000000000000,100000.000000000000
2026-01-01,46,1931411733,ccccccf25584cafbd4d80e9464361af1e7280b44,3,3,99190075911063171526870,99190.075911063172
2026-01-01,47,-267581323,dd276dc5223d0120f9bf1776f38957cc8da23cb0,2,2,94720000000000000000000,94720.000000000000
2026-01-01,48,2096706950,07c5451472ba0794aae1fb8dc04cfaca81e220e8,2,2,90000000000000000000000,90000.000000000000
2026-01-01,49,-575875057,1a9bee2f5c85f6b4a0221fb1c733246af5306ae3,10,10,89590864413807207141642,89590.864413807207
2026-01-01,50,-186122954,66a9893cc07d91d95644aedd05d03f95e1dba8af,8,7,82301320299027132263045,82301.320299027132
2026-01-01,51,-652074134,b92fe925dc43a0ecde6c8b1a2709c170ec4fff4f,33,33,80415821998540199983484,80415.821998540200
2026-01-01,52,-291686712,b0f10200d9e66076d49aaca63328c928bee6e89b,47,47,77013721615087667933081,77013.721615087668
2026-01-01,53,-607937063,2677c4c8757da1857cc7cc4071e0e0dd32ccb975,1,1,74210000000000000000000,74210.000000000000
2026-01-01,54,-273100029,a599737d13ce27b5a897d5238326b76cde93b40a,1,1,68998383641000000000000,68998.383641000000
2026-01-01,55,2052526720,604dd02d620633ae427888d41bfd15e38483736e,3,3,64077137369550000000000,64077.137369550000
2026-01-01,56,616036061,74de5d4fcbf63e00296fd95d33236b9794016631,164,140,54375928105935451683170,54375.928105935452
2026-01-01,57,2108318113,3bdc259e2ad1e1158a396fb6e95a682c421be7cc,4,4,52175083964000000000000,52175.083964000000
2026-01-01,58,-791612663,7c63fb628a8f5ffac3fad968d56674685f4fe398,31,16,50750625882187818909704,50750.625882187819
2026-01-01,59,-69023963,7c44fe6c758981fc878f43b9803ef722d4070041,3,3,50247027418510000000000,50247.027418510000
2026-01-01,60,-79620546,0000000000bbf5c5fd284e657f01bd000933c96d,1,1,49999088065832750189153,49999.088065832750
2026-01-01,61,2136401664,4e8a4894275780f571aad53122e641d9f50ff04f,1,1,41723000000000000000000,41723.000000000000
2026-01-01,62,61956882,f9a95708b4c7fc077677c0b4cb0f4c00a69f68c4,1,1,40182518959320000000000,40182.518959320000
2026-01-01,63,1586960633,0b8a49d816cc709b6eadb09498030ae3416b66dc,2,2,39260303852463168758202,39260.303852463169
2026-01-01,64,740452225,fd859400fee8bd8b8a4ca3dc7924cfcf2c549e6d,1,1,39105796039349362249644,39105.796039349362
2026-01-01,65,1998697839,250334beaca2e4a7e1a9e17d614aa144e483169b,2,2,36828754727353128672915,36828.754727353129
2026-01-01,66,-396167535,26d8da52e56de71194950689ccf74cd309761324,1,1,36618912862453084562290,36618.912862453085
2026-01-01,67,2145174805,70bf6634ee8cb27d04478f184b9b8bb13e5f4710,32,32,36467049795860394234394,36467.049795860394
2026-01-01,68,1908799466,69e2d929a6019c75bdc219ef5caf2965214cc959,1,1,35558693621924377435793,35558.693621924377
2026-01-01,69,-719065287,e9a9e7d871587ce75c05a5371b733204d13e0f71,30,30,34731000000000000000000,34731.000000000000
2026-01-01,70,-47395251,7e9baa3ef6b6e36031a51eecf4aea1086785df7a,7,7,32793000000000000000000,32793.000000000000
2026-01-01,71,2021393759,41b28f2024fbf84a6f344cd79f86b497ec3f0f29,2,2,29400000000000000000000,29400.000000000000
2026-01-01,72,1815016751,347723562ba58ec75702ccd73ec91ce15ce92d16,1,1,27404700000000000000000,27404.700000000000
2026-01-01,73,1381791786,1111111254eeb25477b68fb85ed929f73a960582,47,47,26293877333288950190656,26293.877333288950
2026-01-01,74,-278136940,fb57f5b0e6e87833aa67175359a27bab13f1056e,1,1,26000000000000000000000,26000.000000000000
2026-01-01,75,-188020375,3217e61195bdf15b19c0f8657f6651485684c218,1,1,20998106030734099154129,20998.106030734099
2026-01-01,76,-554441829,5846283d5670a5722ef7a6793a0675f2def83b1b,1,1,20163518081000000000000,20163.518081000000
2026-01-01,77,2004747019,a3222357a0eccf60c73606170be6c99adecb59b3,21,21,19078087573530000000000,19078.087573530000
2026-01-01,78,809907381,0cf0aaf75e2fb0786156b4842e87f8bac16ff6fb,1,1,18484407228877980148545,18484.407228877980
2026-01-01,79,1608787768,ad3b67bca8935cb510c8d18bd45f0b94f54a968f,3,3,18235644715219964636350,18235.644715219965
2026-01-01,80,-326643083,bedfac7488dccaafdd66d1d7d56349780fe0477e,3,3,17438480396012384045299,17438.480396012384
2026-01-01,81,-425272314,d5675c91b3002559b78592cc08ce07d9b17edafa,26,26,16817820339366405763986,16817.820339366406
2026-01-01,82,-697001136,5a1b2acd0c9992e14f2b6d8a326023e35a097a3a,63,42,16749867783870301488897,16749.867783870301
2026-01-01,83,-560180339,960e52c907753fc38f767750437b8a1477e2b521,1,1,16374777702690746297229,16374.777702690746
2026-01-01,84,-698111088,399740157391a9f1bf4e9921a8834f9bc8f2678e,2,2,16257487454863544338740,16257.487454863544
2026-01-01,85,2034702912,b300000b72deaeb607a12d5f54773d1c19c7028d,46,46,14688094468525368791391,14688.094468525369
2026-01-01,86,-718900214,990636ecb3ff04d33d92e970d3d588bf5cd8d086,315,276,14097463053928271613909,14097.463053928272
2026-01-01,87,963382980,190c388cf6d3c3c373b5cb4caac83e47818403bf,1,1,14000000000000000000000,14000.000000000000
2026-01-01,88,-381547691,f5042e6ffac5a625d4e7848e0b01373d8eb9e222,54,54,10256429838896148744273,10256.429838896149
2026-01-01,89,-480493676,6745024462abf2c049f54b381c4ad4a8c8d999c4,1,1,10214635355918215006686,10214.635355918215
2026-01-01,90,-792143217,2227f0804c16a674ef97c1ff83f8b6791e66cb90,1,1,9275000000000000000000,9275.0000000000000000
2026-01-01,91,2101584250,b685760ebd368a891f27ae547391f4e2a289895b,26,26,8173086257000000000000,8173.0862570000000000
2026-01-01,92,2106851551,c38e4e6a15593f908255214653d3d947ca1c2338,24,24,6216079156441691159842,6216.0791564416911598
2026-01-01,93,727902043,06ac1ceb306cad9e1b17f79361bc427bed5f07e3,1,1,6000000000000000000000,6000.0000000000000000
2026-01-01,94,-15964848,225a38bc71102999dd13478bfabd7c4d53f2dc17,2,2,5643680840743382679552,5643.6808407433826796
2026-01-01,95,1113847572,663dc15d3c1ac63ff12e45ab68fea3f0a883c251,244,122,5203032339739143643473,5203.0323397391436435
2026-01-01,96,912138507,d611ec9601b046384d91ff56f737fa74f20ee332,1,1,5199517890500299167653,5199.5178905002991677
2026-01-01,97,1782507494,682f2a89abc3dd7da7e5d8401d3632e504a7d573,1,1,5001700000000000000000,5001.7000000000000000
2026-01-01,98,-769037232,8a67eebed06c6d6e93468a54005648c551976f53,3,3,4614216362419774038194,4614.2163624197740382
2026-01-01,99,-822721752,610a6ef1c918fd5fbb025af5cfae3f123ca70d35,1,1,3804694425377823766008,3804.6944253778237660
2026-01-01,100,1006553668,68b3465833fb72a70ecdf485e0e4c7bd8665fc45,3,3,3422570171099161090134,3422.5701710991610901
2026-02-01,1,-325212918,ee9b1a09aedaced9dcda74964ea447feb93861c2,101,101,140536218406798067934462949,140536218.40679807
2026-02-01,2,-387380159,003ca23fd5f0ca87d01f6ec6cd14a8ae60c2b97d,358,358,87838875432066448342907976,87838875.432066448343
2026-02-01,3,306738287,bd02c51150a4ab6ce97b9de2025644594f3e75b8,25,25,64006371871428094864998276,64006371.871428094865
2026-02-01,4,881197687,9008d19f58aabd9ed0d60971565aa8510560ab41,311,292,24639920469695887447000349,24639920.469695887447
2026-02-01,5,1250544290,a9d1e08c7793af67e9d92fe308d5697fb81d3e43,269,261,22514627925719180260393483,22514627.925719180260
2026-02-01,6,1699176572,51c72848c68a965f66fa7a88855f9f7784502a7f,80,80,17429005546874745353076063,17429005.546874745353
2026-02-01,7,2054943978,6a000f20005980200259b80c5102003040001068,165,165,14870066902426687444010720,14870066.902426687444
2026-02-01,8,-38111097,5be9a4959308a0d0c7bc0870e319314d8d957dbb,2,2,12500012000000000000000000,12500012.000000000000
2026-02-01,9,-871208300,c58108f4f60667277ab13583e9b365dfad810e6c,2,2,10000010000000000000000000,10000010.000000000000
2026-02-01,10,-561793933,63242a4ea82847b20e506b63b0e2e2eff0cc6cb0,220,185,9651477840408376091670558,9651477.840408376092
2026-02-01,11,-291679994,1e1dfff79d95725aaafd6b47af4fbc28d859ce28,168,168,6767892053070706682357477,6767892.053070706682
2026-02-01,12,-509692048,36a72ed0096b414521c45e3ddc9ed657d1d9c141,20,20,5157946778529000000000000,5157946.778529000000
2026-02-01,13,532323516,cefcca169357a18eb8c3f230f92b58562e48cae5,78,78,4336815954764620532098030,4336815.954764620532
2026-02-01,14,1329970747,f50be075ec9eb719ff2a40f4d061b91e51306bce,34,34,2575831064115440000000000,2575831.064115440000
2026-02-01,15,2145174805,70bf6634ee8cb27d04478f184b9b8bb13e5f4710,24,24,2513704420754905475432869,2513704.420754905475
2026-02-01,16,-291668638,185a1ff695d30a22c19f44c6b41e2d6d1c8c1f11,137,137,2114024022605676375821489,2114024.022605676376
2026-02-01,17,1663246624,cf5540fffcdc3d510b18bfca6d2b9987b0772559,8,8,2023965781183542097769539,2023965.781183542098
2026-02-01,18,72233083,d96ea3bcce83d4e1ef8abd1776eecd0cea1bb09e,2,2,2000000000000000000000000,2000000.000000000000
2026-02-01,19,1899934735,111111125421ca6dc452d289314280a0f8842a65,33,33,1946108538451148364448148,1946108.538451148364
2026-02-01,20,-831656232,f48a3f7c0575c85cf4529aa220caf3c055773f1c,204,151,1261816496161992590148065,1261816.496161992590
2026-02-01,21,-372789137,c0dfdb9e7a392c3dbbe7c6fbe8fbc1789c9fe05e,2,2,882901677823026049355178,882901.677823026049
2026-02-01,22,793928860,c36442b4a4522e871399cd717abdd847ab11fe88,2,2,862398441555500846060184,862398.441555500846
2026-02-01,23,1811790826,8be46b25d59616e594f0a9e20147fb14c1b989d9,20,20,820270835361778859366776,820270.835361778859
2026-02-01,24,-839011821,fb2454d5b5c55914c8728986715e22e0b5428d17,2,2,426565400000000000000000,426565.400000000000
2026-02-01,25,-111399962,000000000004444c5dc75cb358380d2e3de08a90,449,449,410426909778616170043474,410426.909778616170
2026-02-01,26,-693573062,5e1f62dac767b0491e3ce72469c217365d5b48cc,44,30,403803454021465086414669,403803.454021465086
2026-02-01,27,1364872031,1231deb6f5749ef6ce6943a275a1d3e7486f4eae,50,49,316068407405600227640994,316068.407405600228
2026-02-01,28,2081203768,7e13ac7462cbc62440a91dd2654f1c2d1fc9180e,4,4,310369090128361317348050,310369.090128361317
2026-02-01,29,-245398760,fbd4cdb413e45a52e2c8312f670e9ce67e794c37,3,3,300079429126913780403487,300079.429126913780
2026-02-01,30,-422787536,dabc816b691c8c2135f087a32eeb09a3f548938e,457,457,244222664881666186537088,244222.664881666187
2026-02-01,31,-291686712,b0f10200d9e66076d49aaca63328c928bee6e89b,9,9,130056203530221260925813,130056.203530221261
2026-02-01,32,616036061,74de5d4fcbf63e00296fd95d33236b9794016631,117,83,125740220630620513917198,125740.220630620514
2026-02-01,33,-652074134,b92fe925dc43a0ecde6c8b1a2709c170ec4fff4f,45,45,121286191820055706027778,121286.191820055706
2026-02-01,34,969988699,593a93930fc2523547a6132eb40876d740d4a8dd,1,1,89864700000000000000000,89864.700000000000
2026-02-01,35,1527559258,144313a16dc284187e963848cb494a8b544e7a58,1,1,85000000000000000000000,85000.000000000000
2026-02-01,36,-291668834,ef530078320f3a9223661e2fe37001023048a7df,46,46,71950735580162760881873,71950.735580162761
2026-02-01,37,2004747019,a3222357a0eccf60c73606170be6c99adecb59b3,43,42,67864136518650000000000,67864.136518650000
2026-02-01,38,1287614722,a69babef1ca67a37ffaf7a485dfff3382056e78c,1,1,64011300000000000000000,64011.300000000000
2026-02-01,39,-425272314,d5675c91b3002559b78592cc08ce07d9b17edafa,110,110,59721833467636746757149,59721.833467636747
2026-02-01,40,-696076038,00000000008d5f1200332af8a6813cb8377b5bfd,2,2,49820465090727370378539,49820.465090727370
2026-02-01,41,-575875057,1a9bee2f5c85f6b4a0221fb1c733246af5306ae3,4,4,43877126131817138187050,43877.126131817138
2026-02-01,42,-742406601,5274e8816b4e1dcd7af0a58666a248aa23500383,3,3,40190006137080000000000,40190.006137080000
2026-02-01,43,-792143217,2227f0804c16a674ef97c1ff83f8b6791e66cb90,2,2,37470000000000000000000,37470.000000000000
2026-02-01,44,1815016751,347723562ba58ec75702ccd73ec91ce15ce92d16,1,1,35034700000000000000000,35034.700000000000
2026-02-01,45,-179789683,deddadf791eaac5412bf9c6655b81479d5e3923f,1,1,29902409714530000000000,29902.409714530000
2026-02-01,46,1924861851,8bcd584838c1efb88de206bb46ea1bba3a295359,1,1,21775952347452087103263,21775.952347452087
2026-02-01,47,2052526720,604dd02d620633ae427888d41bfd15e38483736e,2,2,20230850000000000000000,20230.850000000000
2026-02-01,48,1931411733,ccccccf25584cafbd4d80e9464361af1e7280b44,1,1,18286183826000000000000,18286.183826000000
2026-02-01,49,2101584250,b685760ebd368a891f27ae547391f4e2a289895b,23,23,16551956806000000000000,16551.956806000000
2026-02-01,50,2034702912,b300000b72deaeb607a12d5f54773d1c19c7028d,35,35,13184316699980162244960,13184.316699980162
2026-02-01,51,-325638297,7e6e09fd7fbc2c48b51306ea61d20b32e40999f4,1,1,10012655960350047455107,10012.6559603500474551
2026-02-01,52,-381547691,f5042e6ffac5a625d4e7848e0b01373d8eb9e222,10,10,8996284857295756962409,8996.2848572957569624
2026-02-01,53,-516874681,064727a0d5a99be07b8eb3112c6f792798921bed,2,2,8432645654492489210649,8432.6456544924892106
2026-02-01,54,-375007263,3e9ba86f0ec034457eb9e0061ae13d29d8a40b12,6,6,8197755773319165514094,8197.7557733191655141
2026-02-01,55,2106851551,c38e4e6a15593f908255214653d3d947ca1c2338,21,21,7118489047504628636226,7118.4890475046286362
2026-02-01,56,1113847572,663dc15d3c1ac63ff12e45ab68fea3f0a883c251,105,56,4958550178891594072553,4958.5501788915940726
2026-02-01,57,-621047316,8392876883cf0e9e7ee24d9b1f606ed88644f23b,4,2,4932911759925182107241,4932.9117599251821072
2026-02-01,58,-719065287,e9a9e7d871587ce75c05a5371b733204d13e0f71,2,2,3990000000000000000000,3990.0000000000000000
2026-02-01,59,1608787768,ad3b67bca8935cb510c8d18bd45f0b94f54a968f,1,1,2999934535704239243723,2999.9345357042392437
2026-02-01,60,-607917915,69be413d648ae00f0fbd9856f1355e22b36ee5e0,1,1,2580000000000000000000,2580.0000000000000000
2026-02-01,61,-794977462,1f560aee3d0c615f51466dcd9a312cfa858271a5,15,11,2417754807177067849570,2417.7548071770678496
2026-02-01,62,1504536749,a490359fffabfad1c92b3a42b46a97a3ac747349,1,1,2282026962132336100000,2282.0269621323361000
2026-02-01,63,-538933658,f00a732b0b421d36bb9b07642e91f3147af0431f,1,1,2001293746043762767356,2001.2937460437627674
2026-02-01,64,1339150940,25ab3efd52e6470681ce037cd546dc60726948d3,1,1,1998930200000000000000,1998.9302000000000000
2026-02-01,65,606527762,761b100d3b308000382bfad80460c60d93f2d78e,2,2,1649261218039964909329,1649.2612180399649093
2026-02-01,66,1381791786,1111111254eeb25477b68fb85ed929f73a960582,31,31,1628705445081280279424,1628.7054450812802794
2026-02-01,67,1636575522,69460570c93f9de5e2edbc3052bf10125f0ca22d,36,36,1446406976163319574610,1446.4069761633195746
2026-02-01,68,-718900214,990636ecb3ff04d33d92e970d3d588bf5cd8d086,142,137,1181650132018702776107,1181.6501320187027761
2026-02-01,69,-604109561,0067cc2416f792cf0ec5629f5506324ac508f859,10,10,1166847406017240132000,1166.8474060172401320
2026-02-01,70,-705394395,437f64649600e302f4335be1130f665394015437,8,7,1119548821105465218974,1119.5488211054652190
2026-02-01,71,-179796771,e23313f907a6ac654b907e1537c6db20a5e96da8,1,1,1020963509320081512662,1020.9635093200815127
2026-02-01,72,-15964848,225a38bc71102999dd13478bfabd7c4d53f2dc17,1,1,1009578600876439633920,1009.5786008764396339
2026-02-01,73,-260840437,88649f4743a758171077b98ee2003f1989b1615a,17,17,943613049700557442128,943.6130497005574421
2026-02-01,74,1159283460,9c737763a94c41d647f6846baab883ad48095ee6,3,3,836102868620000000000,836.1028686200000000
2026-02-01,75,-774938304,7d4b9a1ac0fa0a82d24f9c85662b5f830f47c0fd,9,9,835436384741062092961,835.4363847410620930
2026-02-01,76,-816221811,b2dae0cb96aae5796516a32270b8be97e20d6df5,1,1,779968183178042059958,779.9681831780420600
2026-02-01,77,-188722005,81a3f6ec56e96b58299d181243a760e3ab24c320,6,6,596403337568597443139,596.4033375685974431
2026-02-01,78,-712067969,aad47d091739bb9ad1be3ebaee153ba1d12ba21a,1,1,497651973550000000000,497.6519735500000000
2026-02-01,79,-807994788,14569ca17a8e5f9aa7d4a501414550c3473bb4de,9,7,453468697185757351168,453.4686971857573512
2026-02-01,80,-817712162,9b3e2a98d6a0e35c17c92dd9e7ce733b5223b55d,3,3,425114423926454984316,425.1144239264549843
2026-02-01,81,1935722601,f74a44a5445eea3595a44d3af6b0307d78dfd136,1,1,418210836488168388096,418.2108364881683881
2026-02-01,82,-906498048,ccfddd81bbcc8208d00d5cfc05a7c612ed82e8b4,2,2,393622257000000000000,393.6222570000000000
2026-02-01,83,1734256459,9a47f3289794e9bbc6a3c571f6d96ad4e7baed16,52,52,329569372407935544742,329.5693724079355447
2026-02-01,84,-678346922,d226997439ecfbeff8e110c8c78c8a7eefd19f89,5,3,313488909045168196228,313.4889090451681962
2026-02-01,85,1004191676,2ea7e3cf39d3195bff81c8c9a3230ccc833f4a5e,4,4,230042309510406740756,230.0423095104067408
2026-02-01,86,-484239525,72ed24bdd9253595bdd01469a15a8852bee7e0da,11,11,194680109738859663009,194.6801097388596630
2026-02-01,87,-361863690,0d05a7d3448512b78fa8a9e46c4872c88c4a0d05,2,2,176532912938647046826,176.5329129386470468
2026-02-01,88,1006553668,68b3465833fb72a70ecdf485e0e4c7bd8665fc45,3,3,167939535803587634820,167.9395358035876348
2026-02-01,89,-190664929,875d6d37ec55c8cf220b9e5080717549d8aa8eca,2,1,149650466447324938597,149.6504664473249386
2026-02-01,90,-426749421,3d90f66b534dd8482b181e24655a9e8265316be9,8,7,146624355696179965023,146.6243556961799650
2026-02-01,91,-335518857,beef02961503351625926ea9a11ae13b29f5c555,1,1,143967648097500000000,143.9676480975000000
2026-02-01,92,-831616108,1671d6f423381cf9eec6f231f2d53a025aab6621,1,1,139058982145502000000,139.0589821455020000
2026-02-01,93,-301176224,ab52f8c11e72d00d4f717a657378ef9b8bf7c2b6,4,4,123559990144183688787,123.5599901441836888
2026-02-01,94,-731751329,ca9d1f72d86d1decc7ae598882df19399da66850,1,1,104233933460000000000,104.2339334600000000
2026-02-01,95,-844299244,8f195d6ae73d8ede0423368261952615fbc34d32,1,1,101090109010000000000,101.0901090100000000
2026-02-01,96,-733936034,e89aab725a2b2c0656248dcccc894a04661be55a,6,6,99681915045049551852,99.6819150450495519
2026-02-01,97,-843436573,2e74e26e1a336d7aa1c9f08ec0cbf5c96aa1f13a,1,1,72327000000000000000,72.3270000000000000
2026-02-01,98,-423225257,267cbf19907db57615b9f47601b79f3f10082d5d,1,1,71960421768027590000,71.9604217680275900
2026-02-01,99,-422326436,40c1ccc9809c5a6838e26b9dec22bbf87f7b58bb,1,1,57777000000000000000,57.7770000000000000
2026-02-01,100,-382550514,795c186ea5cc008e0f8bc858a0c5925785161bc2,1,1,55531019896100500012,55.5310198961005000
2026-03-01,1,-325212918,ee9b1a09aedaced9dcda74964ea447feb93861c2,57,57,83257570542583938054526868,83257570.542583938055
2026-03-01,2,-387380159,003ca23fd5f0ca87d01f6ec6cd14a8ae60c2b97d,287,287,71655266753212613867676231,71655266.753212613868
2026-03-01,3,1250544290,a9d1e08c7793af67e9d92fe308d5697fb81d3e43,280,276,41385943832606026209015900,41385943.832606026209
2026-03-01,4,1329970747,f50be075ec9eb719ff2a40f4d061b91e51306bce,315,315,36178632392924050000000000,36178632.392924050000
2026-03-01,5,-901146292,f904ce85df38c9324312c6d1255116a7825382b5,2,2,10000063000000000000000000,10000063.000000000000
2026-03-01,6,1699176572,51c72848c68a965f66fa7a88855f9f7784502a7f,40,40,8048458999999999877578752,8048458.999999999878
2026-03-01,7,881197687,9008d19f58aabd9ed0d60971565aa8510560ab41,60,60,2922696931917275027376951,2922696.931917275027
2026-03-01,8,72233083,d96ea3bcce83d4e1ef8abd1776eecd0cea1bb09e,4,4,2801713899140264636583357,2801713.899140264637
2026-03-01,9,-871208300,c58108f4f60667277ab13583e9b365dfad810e6c,2,2,1204995000000000000000000,1204995.000000000000
2026-03-01,10,306738287,bd02c51150a4ab6ce97b9de2025644594f3e75b8,22,22,941242000000000000000000,941242.000000000000
2026-03-01,11,-561793933,63242a4ea82847b20e506b63b0e2e2eff0cc6cb0,103,79,608169294828056948377536,608169.294828056948
2026-03-01,12,-291668638,185a1ff695d30a22c19f44c6b41e2d6d1c8c1f11,134,130,271865054977170280714438,271865.054977170281
2026-03-01,13,1806783656,4fb312915b779b1339388e14b6d079741ca83128,2,2,225000000000000000000000,225000.000000000000
2026-03-01,14,-652074134,b92fe925dc43a0ecde6c8b1a2709c170ec4fff4f,89,89,220223963525541094696509,220223.963525541095
2026-03-01,15,-422787536,dabc816b691c8c2135f087a32eeb09a3f548938e,723,723,193404459160280205005642,193404.459160280205
2026-03-01,16,-693573062,5e1f62dac767b0491e3ce72469c217365d5b48cc,35,24,190461507121300781487143,190461.507121300781
2026-03-01,17,-509692048,36a72ed0096b414521c45e3ddc9ed657d1d9c141,13,13,163450026093616232417520,163450.026093616232
2026-03-01,18,-267580230,e8c15aad9d4cd3f59c9dfa18828b91a8b2c49596,1,1,160000000000000000000000,160000.000000000000
2026-03-01,19,-111399962,000000000004444c5dc75cb358380d2e3de08a90,181,181,149381125754613206488889,149381.125754613206
2026-03-01,20,-831656232,f48a3f7c0575c85cf4529aa220caf3c055773f1c,107,84,144746883266119806551819,144746.883266119807
2026-03-01,21,2054943978,6a000f20005980200259b80c5102003040001068,48,48,137439399553677750494782,137439.399553677750
2026-03-01,22,2145174805,70bf6634ee8cb27d04478f184b9b8bb13e5f4710,13,13,132215421561797868366304,132215.421561797868
2026-03-01,23,-425272314,d5675c91b3002559b78592cc08ce07d9b17edafa,176,176,110355539538373158894174,110355.539538373159
2026-03-01,24,1364872031,1231deb6f5749ef6ce6943a275a1d3e7486f4eae,40,37,79666573120971621555527,79666.573120971622
2026-03-01,25,2052526720,604dd02d620633ae427888d41bfd15e38483736e,3,3,61042548993520000000000,61042.548993520000
2026-03-01,26,616036061,74de5d4fcbf63e00296fd95d33236b9794016631,92,72,53678573790533405236349,53678.573790533405
2026-03-01,27,-555782612,8f18f2c97d2f5ec0e1d5b91c1d2ce245a9151972,1,1,48001747897902930560000,48001.747897902931
2026-03-01,28,-291679994,1e1dfff79d95725aaafd6b47af4fbc28d859ce28,104,103,20338582844363915622345,20338.582844363916
2026-03-01,29,-478231939,5ac1bb2f5c06f1c6e8363a66ce676fd4d102e590,1,1,19999699999999999999998,19999.700000000000
2026-03-01,30,2004747019,a3222357a0eccf60c73606170be6c99adecb59b3,17,17,18739285057080000000000,18739.285057080000
2026-03-01,31,1899934735,111111125421ca6dc452d289314280a0f8842a65,46,46,15463133706981684771006,15463.133706981685
2026-03-01,32,2034702912,b300000b72deaeb607a12d5f54773d1c19c7028d,17,17,12010842595051239832532,12010.842595051240
2026-03-01,33,-604109561,0067cc2416f792cf0ec5629f5506324ac508f859,22,22,11222680253302501358000,11222.680253302501
2026-03-01,34,757407327,a9a47cee5e9d864ea4bcd7fcee1bab242496ad46,2,2,10065383794500665049761,10065.3837945006650498
2026-03-01,35,-985305926,e7ffaefc1f3fdeb573889f980977b85b171e6804,2,2,10000000000000000000000,10000.0000000000000000
2026-03-01,36,-575875057,1a9bee2f5c85f6b4a0221fb1c733246af5306ae3,4,4,9790692763176847774141,9790.6927631768477741
2026-03-01,37,1663246624,cf5540fffcdc3d510b18bfca6d2b9987b0772559,3,3,8021146534244950166486,8021.1465342449501665
2026-03-01,38,1287614722,a69babef1ca67a37ffaf7a485dfff3382056e78c,2,2,7990619053429931993028,7990.6190534299319930
2026-03-01,39,2101584250,b685760ebd368a891f27ae547391f4e2a289895b,16,16,7219457013000000000000,7219.4570130000000000
2026-03-01,40,1484044471,1c694fc3006d81ff4a56f97e1b99529066a23725,1,1,6006000000000000000000,6006.0000000000000000
2026-03-01,41,-372789137,c0dfdb9e7a392c3dbbe7c6fbe8fbc1789c9fe05e,7,4,5703439200791639561565,5703.4392007916395616
2026-03-01,42,-780309895,f3580d04da93f99d546f0168500d8102f7f5ffbb,3,3,4507604074377977583116,4507.6040743779775831
2026-03-01,43,1983610128,d100b6645eb05bd88ff6491cb9f1c2688948b838,1,1,4000002469830467620180,4000.0024698304676202
2026-03-01,44,1381791786,1111111254eeb25477b68fb85ed929f73a960582,17,17,3239398910616219001421,3239.3989106162190014
2026-03-01,45,2106851551,c38e4e6a15593f908255214653d3d947ca1c2338,25,25,2314145761055170552791,2314.1457610551705528
2026-03-01,46,-196723793,4a48b9ec8832388ac16f96f6a0e462a6ded3d5ab,1,1,1533750942000000000000,1533.7509420000000000
2026-03-01,47,-973739566,6b80935b69466b373cd0fac80660bad2849d56f8,3,3,1400949031895275416666,1400.9490318952754167
2026-03-01,48,1113847572,663dc15d3c1ac63ff12e45ab68fea3f0a883c251,50,25,1339148009339495636758,1339.1480093394956368
2026-03-01,49,-916512818,0b079c28b3d6f0153ceede874dc7aa1071ab8108,3,1,1251830576194908763857,1251.8305761949087639
2026-03-01,50,-426749421,3d90f66b534dd8482b181e24655a9e8265316be9,9,9,1180717276974540643144,1180.7172769745406431
2026-03-01,51,1636575522,69460570c93f9de5e2edbc3052bf10125f0ca22d,33,32,1125246628147540988745,1125.2466281475409887
2026-03-01,52,-188872400,8e8e67bb0eca7838705a20e76f3fb29ed156bc9b,1,1,841000000000000000000,841.0000000000000000
2026-03-01,53,-331601069,3611b82c7b13e72b26eb0e9be0613bee7a45ac7c,6,6,773659675146930389503,773.6596751469303895
2026-03-01,54,-291668834,ef530078320f3a9223661e2fe37001023048a7df,9,9,765550551455505944396,765.5505514555059444
2026-03-01,55,-415427913,1d095746eb5e8251c9556e53ddc8d6581e2c7676,2,2,740000000000000000000,740.0000000000000000
2026-03-01,56,1369298965,9b687d740f9cba3b931bf037efc30942c9414e34,1,1,594057122319266724551,594.0571223192667246
2026-03-01,57,-935049301,1e0d3724d4b18ae40db4a3a74535d8d88c9186ad,4,4,500319039752052900000,500.3190397520529000
2026-03-01,58,-788513988,46df07084fedf83b80d434fa58c7d4dcbf99150b,1,1,424296373544928343760,424.2963735449283438
2026-03-01,59,1895570245,fd235968e65b0990584585763f837a5b5330e6de,2,1,355225386274449846111,355.2253862744498461
2026-03-01,60,-537231534,d9b2da9c45b118e4e93a004fb1452bcdb6cc0e88,4,4,321925153872069743752,321.9251538720697438
2026-03-01,61,-765129053,68c1c004a00f1f5a85bcc24926bb64361c8f458f,1,1,310000000000000000000,310.0000000000000000
2026-03-01,62,-927669382,9ea5a6a31ea5857e5c9c54e88879e981ba413924,1,1,310000000000000000000,310.0000000000000000
2026-03-01,63,-329672816,4f91cc50b6911cc7582ae93b3aaac1a0cb70fcde,1,1,293969425915790702784,293.9694259157907028
2026-03-01,64,-369240818,8170832e879064441f5beeab731c1ccd5facdca9,1,1,271584116701474403545,271.5841167014744035
2026-03-01,65,-445859136,0f7ae28de1c8532170ad4ee566b5801485c13a0e,1,1,241956355879497695435,241.9563558794976954
2026-03-01,66,-191282278,90bc657814db710d29997b6b9f8b9727ab1b2bf1,2,2,231726954361767485425,231.7269543617674854
2026-03-01,67,-932186981,d78d199f8c402e7b5cc2abe278df0412400a3bae,2,2,219414398841014119708,219.4143988410141197
2026-03-01,68,793928860,c36442b4a4522e871399cd717abdd847ab11fe88,3,3,199653564273256816807,199.6535642732568168
2026-03-01,69,-1008947976,6aae9cf3a46c2a354dad4295ad9707a0ede150b6,1,1,198143328000000000000,198.1433280000000000
2026-03-01,70,-816221811,b2dae0cb96aae5796516a32270b8be97e20d6df5,1,1,198051114619917269454,198.0511146199172695
2026-03-01,71,-484239525,72ed24bdd9253595bdd01469a15a8852bee7e0da,4,4,193535185996716895306,193.5351859967168953
2026-03-01,72,-718900214,990636ecb3ff04d33d92e970d3d588bf5cd8d086,87,87,166703068645216186241,166.7030686452161862
2026-03-01,73,-260840437,88649f4743a758171077b98ee2003f1989b1615a,7,7,163897647691902203433,163.8976476919022034
2026-03-01,74,2000651885,e72fc3d16f8bf72d432740a8dcdc2522000e12e7,1,1,148540000000000000000,148.5400000000000000
2026-03-01,75,-620913817,071e944d0ec39b4f8fdc3903824bb99c86cc41c0,14,14,119546464910000000000,119.5464649100000000
2026-03-01,76,-770215613,3bc45dec7c18039f358070129ccef359dac4a49a,1,1,99699999999999999999,99.7000000000000000
2026-03-01,77,495231405,5f65f7b609678448494de4c87521cdf6cef1e932,2,2,97341726174701798166,97.3417261747017982
2026-03-01,78,-977440921,896810946e22aca6e2ce0c28f7d76b9fb6ae3b93,1,1,93414000000000000000,93.4140000000000000
2026-03-01,79,-186122954,66a9893cc07d91d95644aedd05d03f95e1dba8af,2,2,89121839008163386761,89.1218390081633868
2026-03-01,80,-599976303,a7501b63b2ef0e1c3591ca2e511a67b5cbefae27,1,1,87059009380512440000,87.0590093805124400
2026-03-01,81,-934172157,2609b354c70fb930316211f03d117f149952669a,1,1,87045891272857110496,87.0458912728571105
2026-03-01,82,-53707975,d5c7176ec638ef466c2fee761762d9eab673997d,1,1,73442072759626908981,73.4420727596269090
2026-03-01,83,-98565805,5e01b9c970a5e46d00cc635cecab96fc118f335a,1,1,72901580688520675815,72.9015806885206758
2026-03-01,84,-538341780,3ef238c36035880efbdfa239d218186b79ad1d6f,4,4,72231270225992586667,72.2312702259925867
2026-03-01,85,-774938304,7d4b9a1ac0fa0a82d24f9c85662b5f830f47c0fd,1,1,60811271261734945943,60.8112712617349459
2026-03-01,86,-977254426,20f259fc63f2b2619676dd04f4c2d3f3d60651eb,1,1,49059786990000000000,49.0597869900000000
2026-03-01,87,-182101301,57496b33ee37569104677cd10d4bddbea577ab96,1,1,47000000000000000000,47.0000000000000000
2026-03-01,88,2080046726,6dc8a4a006fe5c2152ba843835b168c1edebc929,1,1,47000000000000000000,47.0000000000000000
2026-03-01,89,-965414105,91c6666b3f21efaa735c604aa931a4f9d5ba7e77,1,1,47000000000000000000,47.0000000000000000
2026-03-01,90,-999305648,4c7bfa9f996936a365ba1449012ed881ccbe6af5,1,1,47000000000000000000,47.0000000000000000
2026-03-01,91,1452838203,e115747f6d13d76f33b241adc18909ede626cdf9,1,1,47000000000000000000,47.0000000000000000
2026-03-01,92,-209021485,48e69856dd1816920ec549efef4bc1e58c7a1c54,1,1,47000000000000000000,47.0000000000000000
2026-03-01,93,744329317,085da835402e1f7a9ffc0bc82df68d866806e591,1,1,47000000000000000000,47.0000000000000000
2026-03-01,94,-180611149,ec9349f1cd58178318bf462428ea654a8f1f13a8,1,1,47000000000000000000,47.0000000000000000
2026-03-01,95,-180439818,52983b04ff9d1f86f220e32f3c0b2702048d450a,1,1,47000000000000000000,47.0000000000000000
2026-03-01,96,-179970401,8ff524b232a07485cfb690d26ab1a3049ebfaa5a,1,1,47000000000000000000,47.0000000000000000
2026-03-01,97,-59241785,aff1d2de18cd9560b556827cc8530bc5e7fbb6a3,1,1,47000000000000000000,47.0000000000000000
2026-03-01,98,-180434608,4825fa5529a7cd0f0fa492027bfdfd3edb29d76f,1,1,46965223917938450000,46.9652239179384500
2026-03-01,99,-180925506,0034de4aed88b54266fb1d95eaea9e1c9dc14b3f,1,1,46000000000000000000,46.0000000000000000
2026-03-01,100,-574253713,f820fb4680712cd7263a0d3d024d5b5aea82fd70,3,3,45000000000000000000,45.0000000000000000
2026-04-01,1,-325212918,ee9b1a09aedaced9dcda74964ea447feb93861c2,125,125,335347433852911334290984447,335347433.85291133
2026-04-01,2,-387380159,003ca23fd5f0ca87d01f6ec6cd14a8ae60c2b97d,1215,1215,274484020902904295633540880,274484020.90290430
2026-04-01,3,1250544290,a9d1e08c7793af67e9d92fe308d5697fb81d3e43,200,162,123410658262288449693122016,123410658.26228845
2026-04-01,4,306738287,bd02c51150a4ab6ce97b9de2025644594f3e75b8,27,27,75144824250000000000000000,75144824.250000000000
2026-04-01,5,-1018825565,44a681dd2ae212e6b8ed676b793ea802c7655fad,12,6,40400200000000000000000000,40400200.000000000000
2026-04-01,6,1699176572,51c72848c68a965f66fa7a88855f9f7784502a7f,111,111,35777391999999999970639872,35777391.999999999971
2026-04-01,7,-901146292,f904ce85df38c9324312c6d1255116a7825382b5,5,5,20344777000000000000000000,20344777.000000000000
2026-04-01,8,-509692048,36a72ed0096b414521c45e3ddc9ed657d1d9c141,95,95,10479659879667427061365068,10479659.879667427061
2026-04-01,9,-291668638,185a1ff695d30a22c19f44c6b41e2d6d1c8c1f11,128,128,7071751828067969231057300,7071751.828067969231
2026-04-01,10,1364872031,1231deb6f5749ef6ce6943a275a1d3e7486f4eae,193,140,3958849901973988497512053,3958849.901973988498
2026-04-01,11,914227462,5add1cec842699d7d0eaea77632f92cf3f3ff8cf,2,2,3000035098025118759094678,3000035.098025118759
2026-04-01,12,-971526386,8f10b468b06c6fd214b65f87778827f7d113f996,33,26,2972854399084263163795934,2972854.399084263164
2026-04-01,13,881197687,9008d19f58aabd9ed0d60971565aa8510560ab41,79,79,2932347142681687691483753,2932347.142681687691
2026-04-01,14,1329970747,f50be075ec9eb719ff2a40f4d061b91e51306bce,28,28,2572991353488630000000000,2572991.353488630000
2026-04-01,15,2145174805,70bf6634ee8cb27d04478f184b9b8bb13e5f4710,18,18,2569028171165635884838441,2569028.171165635885
2026-04-01,16,532323516,cefcca169357a18eb8c3f230f92b58562e48cae5,43,43,2550262873512360836465485,2550262.873512360836
2026-04-01,17,72233083,d96ea3bcce83d4e1ef8abd1776eecd0cea1bb09e,6,6,2294983996396541144933754,2294983.996396541145
2026-04-01,18,595395132,a3e56a7d3c97681d443de712e3d397d8d8d8a077,8,8,1797867938033957315348328,1797867.938033957315
2026-04-01,19,-561793933,63242a4ea82847b20e506b63b0e2e2eff0cc6cb0,51,39,1642731388194751829393715,1642731.388194751829
2026-04-01,20,1888180677,a1fd229cf01bfbad6d631753eab9de429022ecc5,28,27,1478611601942448826293327,1478611.601942448826
2026-04-01,21,1899934735,111111125421ca6dc452d289314280a0f8842a65,19,19,1016354918004694884855113,1016354.918004694885
2026-04-01,22,2088341827,16c6521dff6bab339122a0fe25a9116693265353,20,20,883642880490943646225833,883642.880490943646
2026-04-01,23,2054943978,6a000f20005980200259b80c5102003040001068,79,78,847850152614766261167081,847850.152614766261
2026-04-01,24,-831656232,f48a3f7c0575c85cf4529aa220caf3c055773f1c,39,32,635175367596986940576567,635175.367596986941
2026-04-01,25,-99076715,66139f0d1d4beed6699f445d32a402ee1fd4ab6b,11,11,564760655963035872935526,564760.655963035873
2026-04-01,26,1431117705,1c7cb8a8c86df32daefbaddbb9871f68eee7b395,2,2,553000000000000000000000,553000.000000000000
2026-04-01,27,-1037640733,7f54f05635d15cde17a49502fedb9d1803a3be8a,67,58,442239407600089449258556,442239.407600089449
2026-04-01,28,2081203768,7e13ac7462cbc62440a91dd2654f1c2d1fc9180e,5,5,422272800052475432045715,422272.800052475432
2026-04-01,29,-103393091,45312ea0eff7e09c83cbe249fa1d7598c4c8cd4e,4,4,361409343000247671240609,361409.343000247671
2026-04-01,30,-111399962,000000000004444c5dc75cb358380d2e3de08a90,415,415,342266933703172288642688,342266.933703172289
2026-04-01,31,-698111088,399740157391a9f1bf4e9921a8834f9bc8f2678e,8,8,238453908423103248379917,238453.908423103248
2026-04-01,32,2052526720,604dd02d620633ae427888d41bfd15e38483736e,18,18,219951646125970000000000,219951.646125970000
2026-04-01,33,780450945,3420c19bcd121e6febcc20fd502b14a71c2f857b,5,5,216122261216552510898383,216122.261216552511
2026-04-01,34,-422787536,dabc816b691c8c2135f087a32eeb09a3f548938e,1028,1028,207490040007619669411257,207490.040007619669
2026-04-01,35,2000202299,888888888889758f76e7103c6cbf23abbf58f946,2,2,189206878747718741938852,189206.878747718742
2026-04-01,36,-425272314,d5675c91b3002559b78592cc08ce07d9b17edafa,343,343,149723248211109060237958,149723.248211109060
2026-04-01,37,-652074134,b92fe925dc43a0ecde6c8b1a2709c170ec4fff4f,29,29,130305723009633232056541,130305.723009633232
2026-04-01,38,1663246624,cf5540fffcdc3d510b18bfca6d2b9987b0772559,2,2,110038282995533289746539,110038.282995533290
2026-04-01,39,-291679994,1e1dfff79d95725aaafd6b47af4fbc28d859ce28,115,115,105773874121289400632058,105773.874121289401
2026-04-01,40,1229692040,d5ea1a99ef5f582713d087c178c3b54894e8dffb,1,1,100025186067551386616996,100025.186067551387
2026-04-01,41,-150713421,ecd7b58f0c2f46ede7f60fa43f1a0d8a808993c9,3,3,80026203738221157436275,80026.203738221157
2026-04-01,42,1885935765,0c8ecfa8262f7676cbb5a893ec1a0864f5b3d489,2,2,70249200056917075253033,70249.200056917075
2026-04-01,43,599704576,4abadbe16a0691041122ac4f44d178a1960d8046,1,1,59281283962224200619243,59281.283962224201
2026-04-01,44,1433342676,bba2680a0677c4ea62a344ec657fedd10f502b7d,1,1,52497938445835396625789,52497.938445835397
2026-04-01,45,-231715141,3a7276678d35cce3415d1ae277a3e829a1d49788,1,1,50005207833384292926345,50005.207833384293
2026-04-01,46,944487761,be68ef894c4a081a4b4a99fe7059232deb64b96a,1,1,50000735229251332463287,50000.735229251332
2026-04-01,47,-932186981,d78d199f8c402e7b5cc2abe278df0412400a3bae,9,9,43127256995787347940546,43127.256995787348
2026-04-01,48,-599859163,f4e62db10ecb7400dcd8911a9de4853c11ba02ef,2,2,36618188235095067799508,36618.188235095068
2026-04-01,49,566934896,2eb5bbd6ac55a3ff064ee0a9e4d4a839d90a8207,1,1,35024587848941176768075,35024.587848941177
2026-04-01,50,-604109561,0067cc2416f792cf0ec5629f5506324ac508f859,263,263,30062707456711071790000,30062.707456711072
2026-04-01,51,1046025074,fa3430d84324abc9ac8aaf30b2d26260f5172ad0,1,1,30000000000000000000000,30000.000000000000
2026-04-01,52,793928860,c36442b4a4522e871399cd717abdd847ab11fe88,35,35,29333985556658813799499,29333.985556658814
2026-04-01,53,1710766355,09350f89e2d7b6e96ba730783c2d76137b045fef,4,4,27053565214000000000000,27053.565214000000
2026-04-01,54,2004747019,a3222357a0eccf60c73606170be6c99adecb59b3,16,14,26582316113210000000000,26582.316113210000
2026-04-01,55,-985305926,e7ffaefc1f3fdeb573889f980977b85b171e6804,2,2,24008317791773603960057,24008.317791773604
2026-04-01,56,-696076038,00000000008d5f1200332af8a6813cb8377b5bfd,4,4,20344327932028477646648,20344.327932028478
2026-04-01,57,616036061,74de5d4fcbf63e00296fd95d33236b9794016631,54,44,20230769613147134286355,20230.769613147134
2026-04-01,58,-134901117,fd7c791c3da16e5748d075cab2dd771d5d8d9e65,1,1,20109311024296293124087,20109.311024296293
2026-04-01,59,-792143217,2227f0804c16a674ef97c1ff83f8b6791e66cb90,1,1,16000000000000000000000,16000.000000000000
2026-04-01,60,-977216816,a123afb8d31503eeee49566f9f77e4d4071b7d5f,1,1,12319520000000000000000,12319.520000000000
2026-04-01,61,2101584250,b685760ebd368a891f27ae547391f4e2a289895b,12,12,12060591782000000000000,12060.591782000000
2026-04-01,62,-194141348,45b7abc938a3589b578a1d3e25e7abe9e5fad961,1,1,11012524172462173472804,11012.524172462173
2026-04-01,63,537040288,966d8d1d4dfb2f6e61011cfdc86660e435eb4490,1,1,10006923718345791160002,10006.9237183457911600
2026-04-01,64,1813193487,5217915f1e2a5564f83dd0e53c303e8dd7cf8ce3,1,1,10006700000000000000000,10006.7000000000000000
2026-04-01,65,1833582947,f162a23c94f9d8075c78ee1ddc7c4bb5d4660ff5,2,2,10002522433846114000000,10002.5224338461140000
2026-04-01,66,1738729509,58f63a60ff5ff3cd7d2ac7efe0b9d4436fd4351c,1,1,10001666861180786816096,10001.6668611807868161
2026-04-01,67,-978671473,6758b4e850be0163b072cf2c65840d7d344a6d2d,1,1,9999700000000000000000,9999.7000000000000000
2026-04-01,68,-932352973,deadc0de0000e54725ad1bf220324717043e02bf,1,1,9993277249925180972995,9993.2772499251809730
2026-04-01,69,2034702912,b300000b72deaeb607a12d5f54773d1c19c7028d,18,18,6974892621019485000102,6974.8926210194850001
2026-04-01,70,-1060575376,28b1dc1a5e3699a428bc51d234dfab7c9cb2a183,34,16,6623813448122311803490,6623.8134481223118035
2026-04-01,71,-957845895,9ed5e62566a84a8e65ce448018da1bd2d2aa1ba3,2,2,6564043122933072277081,6564.0431229330722771
2026-04-01,72,2018557174,a8c1c98aaf99a5dfc907d61b892b2ad624901185,3,3,6146833466735276844561,6146.8334667352768446
2026-04-01,73,-140418007,a2808d78b4860cc03a10e69683815c1a4cf8c047,1,1,5955408402000000000000,5955.4084020000000000
2026-04-01,74,-90284824,00000688768803bbd44095770895ad27ad6b0d95,1,1,5074595130706893906432,5074.5951307068939064
2026-04-01,75,-602071908,368d6d7e3ff93393e77dfcc3cae1bd9fca330ff0,1,1,4750000000000000000000,4750.0000000000000000
2026-04-01,76,1002837392,584bbb33b6ce22dbb8ba8c3cb02f90a88f88451c,1,1,4628907551753763012785,4628.9075517537630128
2026-04-01,77,887495976,8b04c2c12fca0e299cdba8a1ff41d27f11e82143,1,1,4279411255050490312257,4279.4112550504903123
2026-04-01,78,-693573062,5e1f62dac767b0491e3ce72469c217365d5b48cc,34,21,3738836474798442643083,3738.8364747984426431
2026-04-01,79,-136358540,6a51eee3a2c2d33921844965738ae99b81dbff95,1,1,3521348928244276924604,3521.3489282442769246
2026-04-01,80,-291668834,ef530078320f3a9223661e2fe37001023048a7df,31,31,2033566747680650017144,2033.5667476806500171
2026-04-01,81,-569911197,22a890fc10a8874298c91e4613fab3ed1a7ca736,3,3,1663896918239324200721,1663.8969182393242007
2026-04-01,82,-1037996756,f24be3404b723e35d9ebc60977b646d2581f57f0,18,10,1480511673584855082111,1480.5116735848550821
2026-04-01,83,-445859136,0f7ae28de1c8532170ad4ee566b5801485c13a0e,5,5,1267109435134701053714,1267.1094351347010537
2026-04-01,84,-1063643550,0f3819264b7cf06f97045b3cf69ae326a7d10354,3,3,1222966593529531435921,1222.9665935295314359
2026-04-01,85,1399034134,c4cc19c7a53499a9c9705dcdce61bef47d46015b,1,1,1167204534261932271458,1167.2045342619322715
2026-04-01,86,-426749421,3d90f66b534dd8482b181e24655a9e8265316be9,6,6,1121045914854315253503,1121.0459148543152535
2026-04-01,87,-1052331665,8e91abf00776a1f3b530b8fdb49e0eb5b6a540fb,42,30,1104615048503692705305,1104.6150485036927053
2026-04-01,88,-180053737,9bc9531245b797a88471f1b5bc0600b46c0051f3,3,3,1075545678520512185543,1075.5456785205121855
2026-04-01,89,2136401664,4e8a4894275780f571aad53122e641d9f50ff04f,1,1,1000550000000000000000,1000.5500000000000000
2026-04-01,90,-515026325,9fb49d2648cd6d57cff93f2e091c7b96e88f5370,4,4,900642363765171790204,900.6423637651717902
2026-04-01,91,1339150940,25ab3efd52e6470681ce037cd546dc60726948d3,1,1,899380000000000000000,899.3800000000000000
2026-04-01,92,-184495112,440066ca35c4654624a9cac0cc8dc02204589acb,1,1,698179742041955394622,698.1797420419553946
2026-04-01,93,-1059186184,c140474e8c5baa495cdafa8ba388d13cda3a1bb3,1,1,579464984690443988082,579.4649846904439881
2026-04-01,94,-1059187607,9099f7fff3fd73e74b1b3473ad412389688343a9,1,1,578171823576825309453,578.1718235768253095
2026-04-01,95,-1059210205,f2bca4045ac7f5a27e95cebd4674fc3db7a1399d,1,1,574922646556977702055,574.9226465569777021
2026-04-01,96,-1063694928,49a9a8f0b328a03e02cea437685cca1c942e1c94,1,1,574019654517695391168,574.0196545176953912
2026-04-01,97,-1071242963,1985abaa387a06561619004fe8e18e71b673739b,1,1,555700824993679912937,555.7008249936799129
2026-04-01,98,-987857125,3c17f108042125767595fed62aa570f22e75ef3c,1,1,540000000000000000000,540.0000000000000000
2026-04-01,99,1113847572,663dc15d3c1ac63ff12e45ab68fea3f0a883c251,11,6,521619685482333082703,521.6196854823330827
2026-04-01,100,-414768092,238856de6d9d32ea3dd4e9e7dbfe08b23cd5048c,1,1,500166133220903624383,500.1661332209036244
2026-05-01,1,-325212918,ee9b1a09aedaced9dcda74964ea447feb93861c2,53,53,194307293427023120469916961,194307293.42702312
2026-05-01,2,-387380159,003ca23fd5f0ca87d01f6ec6cd14a8ae60c2b97d,388,388,94312265714082017219927253,94312265.714082017220
2026-05-01,3,1329970747,f50be075ec9eb719ff2a40f4d061b91e51306bce,414,413,46494319413649690000000000,46494319.413649690000
2026-05-01,4,1250544290,a9d1e08c7793af67e9d92fe308d5697fb81d3e43,323,316,30187375748212750810277880,30187375.748212750810
2026-05-01,5,306738287,bd02c51150a4ab6ce97b9de2025644594f3e75b8,17,17,29141900820000000000000000,29141900.820000000000
2026-05-01,6,-971526386,8f10b468b06c6fd214b65f87778827f7d113f996,42,38,6325140074489788022715128,6325140.074489788023
2026-05-01,7,2088341827,16c6521dff6bab339122a0fe25a9116693265353,97,97,5279549623540479230803071,5279549.623540479231
2026-05-01,8,881197687,9008d19f58aabd9ed0d60971565aa8510560ab41,26,26,5142623486019644245306295,5142623.486019644245
2026-05-01,9,-509692048,36a72ed0096b414521c45e3ddc9ed657d1d9c141,36,36,4861772536235000000000000,4861772.536235000000
2026-05-01,10,-901146292,f904ce85df38c9324312c6d1255116a7825382b5,1,1,3999000000000000000000000,3999000.000000000000
2026-05-01,11,1699176572,51c72848c68a965f66fa7a88855f9f7784502a7f,16,16,3648838999999999970902016,3648838.999999999971
2026-05-01,12,1431117705,1c7cb8a8c86df32daefbaddbb9871f68eee7b395,11,11,1889121560737798765872443,1889121.560737798766
2026-05-01,13,-1037640733,7f54f05635d15cde17a49502fedb9d1803a3be8a,88,76,1731098887179219293022936,1731098.887179219293
2026-05-01,14,-208498764,5df60c30c7486b2cd03b24a6d72461698449caf6,7,7,1474000000000000000000000,1474000.000000000000
2026-05-01,15,-425272314,d5675c91b3002559b78592cc08ce07d9b17edafa,1836,1836,1415362590113678550307614,1415362.590113678550
2026-05-01,16,72233083,d96ea3bcce83d4e1ef8abd1776eecd0cea1bb09e,5,5,1050328131977030459588207,1050328.131977030460
2026-05-01,17,2081203768,7e13ac7462cbc62440a91dd2654f1c2d1fc9180e,9,9,1018915169882780914755984,1018915.169882780915
2026-05-01,18,1979394461,efa911756a790e0f9e806189dfa97e3fc96fb096,7,7,343000000000000000000000,343000.000000000000
2026-05-01,19,-291679994,1e1dfff79d95725aaafd6b47af4fbc28d859ce28,127,125,293913163783413801043004,293913.163783413801
2026-05-01,20,-291668638,185a1ff695d30a22c19f44c6b41e2d6d1c8c1f11,80,78,281513820241446067159270,281513.820241446067
2026-05-01,21,-111399962,000000000004444c5dc75cb358380d2e3de08a90,201,198,239338456794695451120381,239338.456794695451
2026-05-01,22,793928860,c36442b4a4522e871399cd717abdd847ab11fe88,183,183,233232956460187289379912,233232.956460187289
2026-05-01,23,-335518857,beef02961503351625926ea9a11ae13b29f5c555,2,2,200041947149576926558751,200041.947149576927
2026-05-01,24,-129617592,b61eb95fc92c42deab9fadde0a57e77259f9fb91,3,3,200000064888783949761101,200000.064888783950
2026-05-01,25,-1156678885,cc7458eb238e70b8c298b92f8941161125e76510,3,3,187736540086619215112592,187736.540086619215
2026-05-01,26,902974544,1b72ea7b5143c55287633cecee0018b29c5e8823,2,2,120000000000000000000000,120000.000000000000
2026-05-01,27,-347809895,1a22c959805e361f7a3dc8514023f0156352a582,3,3,104998864032982295517919,104998.864032982296
2026-05-01,28,2054943978,6a000f20005980200259b80c5102003040001068,30,29,101595012137275850259546,101595.012137275850
2026-05-01,29,2084891607,d5b56a96a956dc19cf3218bae65c05e62356769e,3,3,89999914538668587653725,89999.914538668588
2026-05-01,30,-1115146585,3b850b60dcf884c05cdaed185ef057fbe6c7e39b,1,1,88414471716716650151478,88414.471716716650
2026-05-01,31,1364872031,1231deb6f5749ef6ce6943a275a1d3e7486f4eae,179,102,71327675879346938019714,71327.675879346938
2026-05-01,32,1899934735,111111125421ca6dc452d289314280a0f8842a65,11,11,61525602922647909802285,61525.602922647910
2026-05-01,33,-1060575376,28b1dc1a5e3699a428bc51d234dfab7c9cb2a183,154,101,60938263026938866568102,60938.263026938867
2026-05-01,34,-103393091,45312ea0eff7e09c83cbe249fa1d7598c4c8cd4e,4,4,57906507227431352582457,57906.507227431353
2026-05-01,35,-415573983,32e297877fec71e93ff3bb40e1fb10f9f9c32800,6,6,43104633659531590879360,43104.633659531591
2026-05-01,36,-652074134,b92fe925dc43a0ecde6c8b1a2709c170ec4fff4f,14,14,43089780318147224535429,43089.780318147225
2026-05-01,37,954703640,ddf79dd76ec2cf8be437d8717a36b9d10c429c23,5,5,38290373314243103989534,38290.373314243104
2026-05-01,38,2052526720,604dd02d620633ae427888d41bfd15e38483736e,9,9,38269964370850000000000,38269.964370850000
2026-05-01,39,1877588233,ab60dba75f98de7bfcb5fef3f330f6e8c1a5da02,2,2,37974493135227933488829,37974.493135227933
2026-05-01,40,-792143217,2227f0804c16a674ef97c1ff83f8b6791e66cb90,1,1,32000000000000000000000,32000.000000000000
2026-05-01,41,-971760248,0095f9ca789ed34fd44fc271706f884ef90fd378,8,8,31955762958526598081032,31955.762958526598
2026-05-01,42,-422787536,dabc816b691c8c2135f087a32eeb09a3f548938e,86,86,24135124912764227396744,24135.124912764227
2026-05-01,43,616036061,74de5d4fcbf63e00296fd95d33236b9794016631,39,31,22949614880794294227285,22949.614880794294
2026-05-01,44,-977216816,a123afb8d31503eeee49566f9f77e4d4071b7d5f,1,1,22435208420626276762572,22435.208420626277
2026-05-01,45,-295155165,4fe93ebc4ce6ae4f81601cc7ce7139023919e003,1,1,21249686965784615983003,21249.686965784616
2026-05-01,46,-1116914563,7db87ca823bc0213a4aeb22dcdae60448aba7966,4,4,20000000000000000000000,20000.000000000000
2026-05-01,47,2004747019,a3222357a0eccf60c73606170be6c99adecb59b3,15,14,15897875713260000000000,15897.875713260000
2026-05-01,48,-343821278,7d1031d21cda520ddb89d8cdfe55a9a2390aeea0,5,5,14041589036130084098460,14041.589036130084
2026-05-01,49,-785039189,fdda2bbc574cdef7969bec5e691a1ef714acd240,4,4,12270000000000000000000,12270.000000000000
2026-05-01,50,-291668834,ef530078320f3a9223661e2fe37001023048a7df,18,18,11933465310765238684978,11933.465310765239
2026-05-01,51,-369478961,8a5221f95c8af2d249bc1a7f075b31336ee5032f,8,8,10099000000000000000000,10099.0000000000000000
2026-05-01,52,-1036815902,a5174d264f24e13cc12f1cee916fbe58e276cae2,2,2,10086585051625206907609,10086.5850516252069076
2026-05-01,53,2092348492,09530faad7447f475fc8ce5ada2837249bf7c930,3,3,10000000000000000000000,10000.0000000000000000
2026-05-01,54,1998697839,250334beaca2e4a7e1a9e17d614aa144e483169b,1,1,9994955213371278686797,9994.9552133712786868
2026-05-01,55,-604109561,0067cc2416f792cf0ec5629f5506324ac508f859,21,21,6284988843147580110000,6284.9888431475801100
2026-05-01,56,-932352973,deadc0de0000e54725ad1bf220324717043e02bf,1,1,4373619164771249441729,4373.6191647712494417
2026-05-01,57,2101584250,b685760ebd368a891f27ae547391f4e2a289895b,16,16,4205958234000000000000,4205.9582340000000000
2026-05-01,58,-696076038,00000000008d5f1200332af8a6813cb8377b5bfd,2,2,3825497132940185656744,3825.4971329401856567
2026-05-01,59,2120997545,98d70c0b038b7a90fa0f909a4e6c995ff0dead95,1,1,3481000000000000000000,3481.0000000000000000
2026-05-01,60,-186122954,66a9893cc07d91d95644aedd05d03f95e1dba8af,19,10,3185726083829731169263,3185.7260838297311693
2026-05-01,61,1339150940,25ab3efd52e6470681ce037cd546dc60726948d3,1,1,3000000000000000000000,3000.0000000000000000
2026-05-01,62,1836235504,d04f97191224cf0396b09acb80adb06b5823ecad,1,1,2514000000000000000000,2514.0000000000000000
2026-05-01,63,-1119478454,bfc86f029f48b2525f79656574c7d844e771ca5e,4,4,2357463233822598403894,2357.4632338225984039
2026-05-01,64,1586960633,0b8a49d816cc709b6eadb09498030ae3416b66dc,2,2,1823326998919706921414,1823.3269989197069214
2026-05-01,65,-1100646927,e221d040d0761ca3538a2ff241811204974e2044,1,1,1767663769925884430699,1767.6637699258844307
2026-05-01,66,-1055989591,4c82d1fbfe28c977cbb58d8c7ff8fcf9f70a2cca,7,5,1692051228626873363266,1692.0512286268733633
2026-05-01,67,-1106531029,ee5d826a33667cbad1baa921989b7fc37aa7370c,2,2,1095286974190000000000,1095.2869741900000000
2026-05-01,68,-41660880,febff7b7e886cc26298f0396de371ba3aa99ee2f,2,2,1040000000000000000000,1040.0000000000000000
2026-05-01,69,-857592634,21ddecb8bdef07efd25fc00e4c92cec0545a367a,1,1,1008503324379682832384,1008.5033243796828324
2026-05-01,70,-932186981,d78d199f8c402e7b5cc2abe278df0412400a3bae,5,5,859764102485888166861,859.7641024858881669
2026-05-01,71,-1080871565,25d4a77d054b05e31a93e4ba45d2032ebccd4e0d,6,6,826003265337470419135,826.0032653374704191
2026-05-01,72,-777469234,4ee2f8e340a934858a6d5d1d2f0fee133351abdc,6,6,778120000000000000000,778.1200000000000000
2026-05-01,73,-987821380,1a5457923f466d967c5afa7a359ffee967973a3a,17,17,668038427725032613898,668.0384277250326139
2026-05-01,74,-1159071657,0d56541688d7cc76d7dd0d4155487515e22539c6,1,1,565698120026772632871,565.6981200267726329
2026-05-01,75,-1090220912,ffd37fe9152eeea5fd1318d29527ea761ce0fdb3,1,1,547863645959467469354,547.8636459594674694
2026-05-01,76,-549298297,39e77f86c1b1f3fbab362a82b49d2e86c09659b4,17,17,513960487197200422291,513.9604871972004223
2026-05-01,77,-326643083,bedfac7488dccaafdd66d1d7d56349780fe0477e,1,1,499772877941399320058,499.7728779413993201
2026-05-01,78,-390750944,4bab2cb2ed6ee2d564ba5398cab4161d95e58f1b,1,1,336108038185338075287,336.1080381853380753
2026-05-01,79,1734256459,9a47f3289794e9bbc6a3c571f6d96ad4e7baed16,56,51,260773157084724453593,260.7731570847244536
2026-05-01,80,2034702912,b300000b72deaeb607a12d5f54773d1c19c7028d,3,3,216579859595484676143,216.5798595954846761
2026-05-01,81,-487936159,5ccb98a2cb78391e84ab53b801cbe3eccf018c63,2,2,192185567110000000000,192.1855671100000000
2026-05-01,82,2035083517,00700052c0608f670705380a4900e0a8080010cc,1,1,118432906633390309676,118.4329066333903097
2026-05-01,83,-1037996756,f24be3404b723e35d9ebc60977b646d2581f57f0,4,2,106133488990693063119,106.1334889906930631
2026-05-01,84,-1106291649,d4800a56f0b12809290e32402dbd149b908361a1,1,1,102915007390000000000,102.9150073900000000
2026-05-01,85,-681184393,da0f5cb95c051552ec1cd1bece4c176f78a9d249,1,1,98899078590000000000,98.8990785900000000
2026-05-01,86,-1121284596,7f6e37340138c80542d6cb5725e34943b492b4a7,1,1,89000000000000000000,89.0000000000000000
2026-05-01,87,-751874909,158b4a7ba27584b70a0625b92d7f0ffc57250096,2,2,88250684167703180000,88.2506841677031800
2026-05-01,88,-1063221327,ef6fc636a63859e08ad3479fe456262eed2e5042,5,1,86664459119338119760,86.6644591193381198
2026-05-01,89,-698111088,399740157391a9f1bf4e9921a8834f9bc8f2678e,2,2,85703139120805898184,85.7031391208058982
2026-05-01,90,-398504148,ef7e5189961099f4579700e68adf1d5a8999a1aa,1,1,75364700000000000000,75.3647000000000000
2026-05-01,91,-848952111,abbab4d6ca167fe4be7901a3f8de5aa2266dc847,1,1,72288765750000000000,72.2887657500000000
2026-05-01,92,-515026325,9fb49d2648cd6d57cff93f2e091c7b96e88f5370,2,2,65874769170916491803,65.8747691709164918
2026-05-01,93,-989221733,9025b8ff35ca44f7018c3a37fe0f69e63dbb0743,3,3,56003446111316583395,56.0034461113165834
2026-05-01,94,-1145685095,fd5f8817d5d432f83a20ef51f83f5765509f8a62,1,1,47000000000000000000,47.0000000000000000
2026-05-01,95,2039883800,a070cc2abc5daa43443131cc2e8951aad6bd1376,1,1,47000000000000000000,47.0000000000000000
2026-05-01,96,-1109217663,a6d9caeb7e1e0602780356aed94c7355f4fa8ef7,2,1,47000000000000000000,47.0000000000000000
2026-05-01,97,-181570450,aae4f554bc509d542c3b11e8fdada056af4a487c,1,1,46803945420000000000,46.8039454200000000
2026-05-01,98,-1089301052,dd6afd92f6dbd291b9ab64ab6f9cb1b967384746,1,1,46000000000000000000,46.0000000000000000
2026-05-01,99,1000713352,25c7a05a201a814c43f89bd7593d922ee1a5ee36,1,1,42485904306257359314,42.4859043062573593
2026-05-01,100,-1149271850,b8afd8e84bb5b742e50396879c77f4ce10e256c8,1,1,38000000000000000000,38.0000000000000000
2026-06-01,1,-325212918,ee9b1a09aedaced9dcda74964ea447feb93861c2,129,129,431451529200066288670212293,431451529.20006629
2026-06-01,2,-387380159,003ca23fd5f0ca87d01f6ec6cd14a8ae60c2b97d,435,435,215079565949165962972920984,215079565.94916596
2026-06-01,3,1250544290,a9d1e08c7793af67e9d92fe308d5697fb81d3e43,1008,987,109720810263466269874899006,109720810.26346627
2026-06-01,4,1329970747,f50be075ec9eb719ff2a40f4d061b91e51306bce,469,469,96027481990545400574767594,96027481.990545400575
2026-06-01,5,306738287,bd02c51150a4ab6ce97b9de2025644594f3e75b8,18,18,38511950190000000000000000,38511950.190000000000
2026-06-01,6,-1037640733,7f54f05635d15cde17a49502fedb9d1803a3be8a,173,153,7734166143173759750622431,7734166.143173759751
2026-06-01,7,-901146292,f904ce85df38c9324312c6d1255116a7825382b5,4,4,5257994920650000000000000,5257994.920650000000
2026-06-01,8,-971526386,8f10b468b06c6fd214b65f87778827f7d113f996,55,52,3687257014697970985980723,3687257.014697970986
2026-06-01,9,1699176572,51c72848c68a965f66fa7a88855f9f7784502a7f,21,21,3170736000000000020971520,3170736.000000000021
2026-06-01,10,2088341827,16c6521dff6bab339122a0fe25a9116693265353,56,56,2674629585298601167732913,2674629.585298601168
2026-06-01,11,1431117705,1c7cb8a8c86df32daefbaddbb9871f68eee7b395,14,14,1707113000584432141619346,1707113.000584432142
2026-06-01,12,-509692048,36a72ed0096b414521c45e3ddc9ed657d1d9c141,40,40,1568368579529523686700137,1568368.579529523687
2026-06-01,13,1836235504,d04f97191224cf0396b09acb80adb06b5823ecad,6,6,1500000000000000000000000,1500000.000000000000
2026-06-01,14,2081203768,7e13ac7462cbc62440a91dd2654f1c2d1fc9180e,14,14,1274356652051482578997107,1274356.652051482579
2026-06-01,15,-1039641465,c4b08e93744267c29d82f1ed50c21bf6033124f5,1,1,1219999360020370000000000,1219999.360020370000
2026-06-01,16,-929103631,1123c0805ef180c2f6f7b6b6de16863d2abf7966,2,2,1219998690020370000000000,1219998.690020370000
2026-06-01,17,2128675924,fe27862d021baf000849c01ce976ceeb5fcc8756,11,11,1035539866090009694632776,1035539.866090009695
2026-06-01,18,-802654223,4cf145831395732a147f23dbd1ecdac0572662fe,1,1,1000000000000000000000000,1000000.000000000000
2026-06-01,19,881197687,9008d19f58aabd9ed0d60971565aa8510560ab41,30,30,680662592784912214423405,680662.592784912214
2026-06-01,20,72233083,d96ea3bcce83d4e1ef8abd1776eecd0cea1bb09e,5,5,500327067428134703051477,500327.067428134703
2026-06-01,21,-208498764,5df60c30c7486b2cd03b24a6d72461698449caf6,6,6,471996332153679386153666,471996.332153679386
2026-06-01,22,790831469,a8c61ac44459438cc507a374e4d795bf02dd55ba,5,5,352386470614017331186517,352386.470614017331
2026-06-01,23,-111399962,000000000004444c5dc75cb358380d2e3de08a90,259,259,171692603157031758725823,171692.603157031759
2026-06-01,24,-425272314,d5675c91b3002559b78592cc08ce07d9b17edafa,302,302,169200988185295782541698,169200.988185295783
2026-06-01,25,1364872031,1231deb6f5749ef6ce6943a275a1d3e7486f4eae,147,96,165275539103484837903782,165275.539103484838
2026-06-01,26,2097653313,db57fdf5fd24a9d0e1ea94552eb2c7bdcb28fa27,2,2,144938418954729876657278,144938.418954729877
2026-06-01,27,-1060575376,28b1dc1a5e3699a428bc51d234dfab7c9cb2a183,325,258,128541494079236686994103,128541.494079236687
2026-06-01,28,-652074134,b92fe925dc43a0ecde6c8b1a2709c170ec4fff4f,17,17,119326946602699464780862,119326.946602699465
2026-06-01,29,2145174805,70bf6634ee8cb27d04478f184b9b8bb13e5f4710,3,3,101879138221502312683328,101879.138221502313
2026-06-01,30,1171646186,2c2c9d3884bce175114dabd27797bfa0fe3be83a,3,3,100040463882767489512106,100040.463882767490
2026-06-01,31,1806783656,4fb312915b779b1339388e14b6d079741ca83128,1,1,97000000000000000000000,97000.000000000000
2026-06-01,32,-347809895,1a22c959805e361f7a3dc8514023f0156352a582,2,2,96573974608170320359264,96573.974608170320
2026-06-01,33,902974544,1b72ea7b5143c55287633cecee0018b29c5e8823,1,1,80270040000000000000000,80270.040000000000
2026-06-01,34,-291668638,185a1ff695d30a22c19f44c6b41e2d6d1c8c1f11,50,50,53207674680626197749437,53207.674680626198
2026-06-01,35,-291679994,1e1dfff79d95725aaafd6b47af4fbc28d859ce28,63,62,50052452069827322502542,50052.452069827323
2026-06-01,36,1321545731,757c05b89066468a9c1ef06874ba44d1b3ff5845,1,1,46021259096400000000000,46021.259096400000
2026-06-01,37,803272002,daa43d30760ee99a83f2b9a6a421d76746f2c6bb,2,2,41021837433124234625852,41021.837433124235
2026-06-01,38,1899934735,111111125421ca6dc452d289314280a0f8842a65,16,16,27894526895824572742792,27894.526895824573
2026-06-01,39,1275286644,1506f62abd4d30cec125c81e09b9730978e68094,1,1,25000000000000000000000,25000.000000000000
2026-06-01,40,-696076038,00000000008d5f1200332af8a6813cb8377b5bfd,2,2,24158916130031630966363,24158.916130031631
2026-06-01,41,-971760248,0095f9ca789ed34fd44fc271706f884ef90fd378,24,24,23658156884917267108059,23658.156884917267
2026-06-01,42,-977216816,a123afb8d31503eeee49566f9f77e4d4071b7d5f,1,1,22467401860636372999740,22467.401860636373
2026-06-01,43,-777469234,4ee2f8e340a934858a6d5d1d2f0fee133351abdc,33,33,19042769666891183916933,19042.769666891184
2026-06-01,44,-1059578891,709de0b97e369661c99ad54f2b858139897d3dba,7,7,17052604724784711721890,17052.604724784712
2026-06-01,45,11029455,66090998e72eb85ad624bef10f4337d4351e0c78,1,1,14984329263544215058076,14984.329263544215
2026-06-01,46,2101584250,b685760ebd368a891f27ae547391f4e2a289895b,9,9,10341825685000000000000,10341.825685000000
2026-06-01,47,-103393091,45312ea0eff7e09c83cbe249fa1d7598c4c8cd4e,2,2,10322840735546167547464,10322.840735546168
2026-06-01,48,1464360131,af3d75ac07863a715de23954aeb26f1ab1a6cac1,1,1,10193312008541296313256,10193.312008541296
2026-06-01,49,2092348492,09530faad7447f475fc8ce5ada2837249bf7c930,2,2,10116322149684399368268,10116.322149684399
2026-06-01,50,-331322233,8cbaa834bd41d4c830254f34aa508ef3814d0263,2,2,9790000000000000000000,9790.0000000000000000
2026-06-01,51,88236877,4fb0ab6b4f83f6924e3c7f5dadc6690eddeb4ae5,1,1,7131586591000000000000,7131.5865910000000000
2026-06-01,52,2004747019,a3222357a0eccf60c73606170be6c99adecb59b3,18,18,6917409069780000000000,6917.4090697800000000
2026-06-01,53,1046025074,fa3430d84324abc9ac8aaf30b2d26260f5172ad0,1,1,6000000000000000000000,6000.0000000000000000
2026-06-01,54,2054943978,6a000f20005980200259b80c5102003040001068,5,5,4579229506135255969333,4579.2295061352559693
2026-06-01,55,1636575522,69460570c93f9de5e2edbc3052bf10125f0ca22d,9,8,3544823064437244726197,3544.8230644372447262
2026-06-01,56,1113847572,663dc15d3c1ac63ff12e45ab68fea3f0a883c251,6,4,3506867600057873457693,3506.8676000578734577
2026-06-01,57,616036061,74de5d4fcbf63e00296fd95d33236b9794016631,28,24,3408777723155666947376,3408.7777231556669474
2026-06-01,58,-15964848,225a38bc71102999dd13478bfabd7c4d53f2dc17,2,2,2993567082858606755840,2993.5670828586067558
2026-06-01,59,-282546713,50189d27333825a78ce932c491426f21d2a2a9ad,2,2,2604403289680388193189,2604.4032896803881932
2026-06-01,60,-415573983,32e297877fec71e93ff3bb40e1fb10f9f9c32800,1,1,2476241986405446664111,2476.2419864054466641
2026-06-01,61,2052526720,604dd02d620633ae427888d41bfd15e38483736e,11,11,2321808037950000000000,2321.8080379500000000
2026-06-01,62,-1200804924,e87254b6ee9769072cec7c192e06cbf7b14095c5,3,3,1707898782963088389913,1707.8987829630883899
2026-06-01,63,-604109561,0067cc2416f792cf0ec5629f5506324ac508f859,10,10,1609611234777580770000,1609.6112347775807700
2026-06-01,64,-1200770179,8c296c4b7b76d1a361a490e405349de5773d1fe2,3,3,1561514009532477924003,1561.5140095324779240
2026-06-01,65,1802367264,f7ad293de20f1d8d7477fa5f69e6897bebc3aebf,1,1,1494358488090083094936,1494.3584880900830949
2026-06-01,66,-1246455339,5df2f1bdfebfedf741a435b8ffb69c669e851059,2,2,1120986511230216330716,1120.9865112302163307
2026-06-01,67,-1246474387,62bc3f9e7d2fe59798a0b6ca8c0b86ef098e8e59,2,2,1118142486449208595833,1118.1424864492085958
2026-06-01,68,-109379827,a71dc5fce35ee24f06600c81aef25e65609cdb39,1,1,1030000000000000000000,1030.0000000000000000
2026-06-01,69,-41660880,febff7b7e886cc26298f0396de371ba3aa99ee2f,1,1,1009353374216005403539,1009.3533742160054035
2026-06-01,70,-785039189,fdda2bbc574cdef7969bec5e691a1ef714acd240,1,1,1009098910006961595823,1009.0989100069615958
2026-06-01,71,-987821380,1a5457923f466d967c5afa7a359ffee967973a3a,62,62,869447480649152061731,869.4474806491520617
2026-06-01,72,-549298297,39e77f86c1b1f3fbab362a82b49d2e86c09659b4,4,4,841735391291269482862,841.7353912912694829
2026-06-01,73,2018557174,a8c1c98aaf99a5dfc907d61b892b2ad624901185,2,2,745055449249915891580,745.0554492499158916
2026-06-01,74,-708089047,3c1a798216c37d03379b7f744b38dade6333af20,1,1,573000000000000000000,573.0000000000000000
2026-06-01,75,-1180162083,b9cf6d5be4f36592f6a7cac8710bc8a1ca59e7f7,1,1,566898533375643857148,566.8985333756438571
2026-06-01,76,1734256459,9a47f3289794e9bbc6a3c571f6d96ad4e7baed16,54,40,553593924106146847240,553.5939241061468472
2026-06-01,77,-1161659283,c44ee4a65186a66e0ada64d9e892ca997415a00b,3,3,500000000000000000000,500.0000000000000000
2026-06-01,78,-1034734064,d89b4553ada6b13e55ec82aac329306a5c3c1aa3,2,2,450986633000000000000,450.9866330000000000
2026-06-01,79,1663246624,cf5540fffcdc3d510b18bfca6d2b9987b0772559,1,1,401795644046027522048,401.7956440460275220
2026-06-01,80,-136358540,6a51eee3a2c2d33921844965738ae99b81dbff95,1,1,393264154948265355603,393.2641549482653556
2026-06-01,81,-1200955609,694529a97facb977bc7d788bda1f6170cb269e37,1,1,335581021939661643530,335.5810219396616435
2026-06-01,82,-569911197,22a890fc10a8874298c91e4613fab3ed1a7ca736,2,2,256831985686094175630,256.8319856860941756
2026-06-01,83,-291668834,ef530078320f3a9223661e2fe37001023048a7df,11,11,234807728690841162647,234.8077286908411626
2026-06-01,84,-1216031497,1e42c2da92b412282ad9337ea33d71c47d755c95,1,1,233631244255835049920,233.6312442558350499
2026-06-01,85,793928860,c36442b4a4522e871399cd717abdd847ab11fe88,24,24,229497927976501612336,229.4979279765016123
2026-06-01,86,-1059618229,6487986a78b126538746937fbd25516971129b3a,12,9,205390854380666313942,205.3908543806663139
2026-06-01,87,-186122954,66a9893cc07d91d95644aedd05d03f95e1dba8af,5,3,112597219256652033519,112.5972192566520335
2026-06-01,88,2123506221,7d33a3586f2953a73ee526f065caf396155df9e9,1,1,100283656608444988068,100.2836566084449881
2026-06-01,89,-1063221327,ef6fc636a63859e08ad3479fe456262eed2e5042,7,2,99098225293350338391,99.0982252933503384
2026-06-01,90,-932186981,d78d199f8c402e7b5cc2abe278df0412400a3bae,2,2,96390794789718009674,96.3907947897180097
2026-06-01,91,-1227501531,6425de0e38b190cafa54ea6c4cc0cb44a149432a,1,1,59448067740000000000,59.4480677400000000
2026-06-01,92,-1170394928,95023880520f4500939f2e948ef8d08a6c6aa92d,4,4,56464467824993448399,56.4644678249934484
2026-06-01,93,-445859136,0f7ae28de1c8532170ad4ee566b5801485c13a0e,5,4,55745643569033455512,55.7456435690334555
2026-06-01,94,1724924286,1144c5b7a6032f5c894436a3be5bdde1ba224ab5,1,1,53258395000000000000,53.2583950000000000
2026-06-01,95,-301176224,ab52f8c11e72d00d4f717a657378ef9b8bf7c2b6,1,1,51364706064540777886,51.3647060645407779
2026-06-01,96,-37665192,a1bbdcdbbf9b0ac7504996e8b9d4c13632bc206a,1,1,47000000000000000000,47.0000000000000000
2026-06-01,97,1730953941,36e42c1725571279ee59f3a001ad6ea4b96f5e1b,1,1,47000000000000000000,47.0000000000000000
2026-06-01,98,-175459069,73f60c2fbbb624981e0e86d4ee3a499f502e34b8,1,1,47000000000000000000,47.0000000000000000
2026-06-01,99,515482332,f7350c973689a1f365946ec3f9cd35ae8adc0779,1,1,47000000000000000000,47.0000000000000000
2026-06-01,100,-182558150,4e3a233560c7b39cd7c4a052fb6bb2184bff6372,1,1,47000000000000000000,47.0000000000000000
