month,funder_rank,funded_by_id,funded_by_address,newly_funded_addresses,raw_funded_volume,funded_volume
2023-11-01,1,1744938583,796ee28ce42bf7bd43a09acd43fad0aacd7c3b29,1,700000000000000000000,700.0000000000000000
2023-12-01,1,1832820476,7d389f21861c7f794654580ac64ff7125232f655,2,5005080655100000000000000,5005080.655100000000
2023-12-01,2,1445396990,e8a280e6b5213e8ccd6de4fc4b50911de749e551,1,64476344500000000000000,64476.344500000000
2023-12-01,3,1569948002,29a99f7fe080f72223dad48d5e1e86670a984326,1,3600000000000000000000,3600.0000000000000000
2023-12-01,4,1838956229,2d3977d6d6da182b16ff3e2b2e996738ed8f3c75,1,99692780401338436688,99.6927804013384367
2023-12-01,5,1691773009,3aa3fd1b762cac519d405297ce630bed30430b00,1,50000000000000000000,50.0000000000000000
2023-12-01,6,1836666742,6389951fc1e90b1b56778901aec1ab92aa77b14a,1,1000000000000000000,1.00000000000000000000
2024-01-01,1,605237574,97263302056c9d2f708153c0aeee7b7fe5ebec93,3,1992966086177595116582,1992.9660861775951166
2024-01-01,2,1569948002,29a99f7fe080f72223dad48d5e1e86670a984326,2,5000000000000000000000,5000.0000000000000000
2024-01-01,3,1691773009,3aa3fd1b762cac519d405297ce630bed30430b00,2,200000000000000000000,200.0000000000000000
2024-01-01,4,1139110505,ab961d7c42bbcd454a54b342bd191a8f090219e6,1,1000791565709431504028099,1000791.565709431504
2024-01-01,5,1150837373,3a2bebe4de45aebaab91d2c0ee38c9e160cca4f0,1,257836870145976754413438,257836.870145976754
2024-01-01,6,1746768782,e7a9db2d1781aec9d5de0aa17c31efc987c14b96,1,174007579828888000000000,174007.579828888000
2024-01-01,7,1851006923,86e3372a5fac4cf512e5ffac26fc80ef31a02eb7,1,9523479693291190869100,9523.4796932911908691
2024-01-01,8,1445396990,e8a280e6b5213e8ccd6de4fc4b50911de749e551,1,2000000000000000000000,2000.0000000000000000
2024-01-01,9,917910068,d3074a836277b0edd45c4c8693afacd97ef76646,1,1001000000000000000000,1001.0000000000000000
2024-01-01,10,824379363,ea173f401253436102da7a77548fc99322bd76b8,1,202000000000000000000,202.0000000000000000
2024-01-01,11,690932580,dbf5e9c5206d0db70a90108bf936da60221dc080,1,25000000000000000000,25.0000000000000000
2024-02-01,1,534914619,f0683aba1f7756f85e861af58fcbac1c2da317fe,49,76000000000000000000,76.0000000000000000
2024-02-01,2,1613382289,e1ce874993c3874545d8183bbcf3c4812cacf2c1,10,50388445502919270193336,50388.445502919270
2024-02-01,3,660500354,4aca3ccaae44172dffa7c45cc3f489eb05363333,10,12000000000000000000000,12000.000000000000
2024-02-01,4,1878441886,2e1718ae96aa0bac16e89e14ebb5e371f917a650,7,76200000000000000000,76.2000000000000000
2024-02-01,5,577412010,33d72423b6a0fa80832ddfcf123762c27c032c41,6,9459969921079611843392,9459.9699210796118434
2024-02-01,6,754005535,8bce41514f7cb468ed7ba3551724aaf53952cc81,6,1190037560357108222811,1190.0375603571082228
2024-02-01,7,1909390143,5dce1cde2d2682e35585b9f2584edd33dce39487,4,3975900792876956041161,3975.9007928769560412
2024-02-01,8,592422731,ae3149321ca4bd2a076cbc6973e7c22ec85fcfa4,4,2004104875909726679784,2004.1048759097266798
2024-02-01,9,844297288,ecebd57146ddfb8eceec4098f20097ba7a1e7fd2,4,496000000000000000000,496.0000000000000000
2024-02-01,10,1834659482,1e865b7b7ef77ba9611dc209563bef18f87c06d7,4,24000000000000000000,24.0000000000000000
2024-02-01,11,1155358113,e987670360df462afdfe56e4294c3d614378c29f,3,15000000000000000000000,15000.000000000000
2024-02-01,12,1192124481,ce96e77f206789f07e3d164cedcae39baa7b8890,3,2988000000000000000000,2988.0000000000000000
2024-02-01,13,1025418919,9447fb9f23a314fb7fc3ac69d3080e7f2bdbfef8,3,2264064754044979002600,2264.0647540449790026
2024-02-01,14,1172864808,3aff5ae7a64450f96425c90c4ba928b9db8fbfc3,3,2074451683249408266414,2074.4516832494082664
2024-02-01,15,1895570494,6e423b625cb93fb5a3129b73cc0ab7a373ad9943,3,300000000000000000000,300.0000000000000000
2024-02-01,16,566898460,1fe274d4e4691cf0b6945ecde25b47dd534cea49,3,210000000000000000000,210.0000000000000000
2024-02-01,17,1496709968,011d19410fc79f140c08ffa8301e4153f17f4e27,3,40000000000000000000,40.0000000000000000
2024-02-01,18,1905586602,b253a91126a02c8d3fd2783c3b1cb31cf644f369,3,8920000000000000000,8.9200000000000000
2024-02-01,19,1834686855,ed64e2c23d3429e33e5003056a2c2e9d4a3b911a,3,3000000000000000000,3.0000000000000000
2024-02-01,20,1892740862,a33f1ceba403a14e9150935edb665391d3635cfb,2,798220370539282845090999,798220.370539282845
2024-02-01,21,1723315607,00000000be193a3bfaf4c6627ba14b1f2dbdddad,2,75702744667117952468391,75702.744667117952
2024-02-01,22,1739746848,a754bf80c5750c2210b3eb2b23c9079aabf74275,2,21960896491719854283741,21960.896491719854
2024-02-01,23,1174745518,d3eef04ad815065899a7a98bfd84090ecb91995f,2,5358025886650509767485,5358.0258866505097675
2024-02-01,24,1610505997,90ea999b0c5a20a48a807876f6b3b8830749a6e4,2,2051541419302429181679,2051.5414193024291817
2024-02-01,25,835037656,5e85e177cc7dfedde76cd7b87d977fccc35d402d,2,1993000000000000000000,1993.0000000000000000
2024-02-01,26,1536791957,a9653603630801e71aa8db80159b81d0dbf692c3,2,997000000000000000000,997.0000000000000000
2024-02-01,27,710483923,bad5505dc3010da381f8f18768f6f298c464e9bd,2,713227062645187377817,713.2270626451873778
2024-02-01,28,1530668612,63f30da9f8976db961e8a798a5e2b3f6e96e5c03,2,343000000000000000000,343.0000000000000000
2024-02-01,29,1908053050,59eb4b03c1f030d78783c241f793412d940070fc,2,300000000000000000000,300.0000000000000000
2024-02-01,30,7644335,dbcc59184df6766e67e3bcf38b9d61ca01995010,2,186361893323916463941,186.3618933239164639
2024-02-01,31,1836235649,fa908c6efc7c679451019e44825d511056e3f366,2,149474358788292902713,149.4743587882929027
2024-02-01,32,1385344883,7fc42430d0bfd684f64bb58b28f25bbfb42f9205,2,109559266237078520180,109.5592662370785202
2024-02-01,33,1836766214,9af7e285f50e7ac2702bcfee59ea5ee9bed1b37e,2,8500000000000000000,8.5000000000000000
2024-02-01,34,1412493066,bc0709d15de2fe6c896872540998bf17f153b5a0,2,2000000000000000000,2.0000000000000000
2024-02-01,35,1547215877,9c0a628ffac8c01eae0f646d4ca364778abc342f,1,499417201000000000000000,499417.201000000000
2024-02-01,36,1403187671,94d5dec1796404ff3544fb09461af0bc3fb3c2f6,1,499010324011601788792286,499010.324011601789
2024-02-01,37,680284174,ccf6c29d87eb2c0bafede74f5df35f84541f4549,1,325350000000000000000000,325350.000000000000
2024-02-01,38,1610702874,3b4bfb2c38462e0493e506e7a7e4f9525682ec18,1,250000000000000000000000,250000.000000000000
2024-02-01,39,1907631359,0d47dedddaebcf1b0651a517b3cbc4f1ffd14424,1,224794489431325150622061,224794.489431325151
2024-02-01,40,1534411893,a1980a25985ad1f2eddb096f0f5f792787de4c9b,1,199287048143085026238744,199287.048143085026
2024-02-01,41,1283034033,799fdb02e49c5b77fddb4b271adf11bf42dca586,1,149627500000000000000000,149627.500000000000
2024-02-01,42,1916010427,5aa5d1ce3c082b16f700d47576fe5ea1ac4045cf,1,113129060582654202056367,113129.060582654202
2024-02-01,43,1744938583,796ee28ce42bf7bd43a09acd43fad0aacd7c3b29,1,104952000000000000000000,104952.000000000000
2024-02-01,44,647031450,3b11b48de7cf69b7c1f0465862a4f3dc725ed1ce,1,104578559500000000000000,104578.559500000000
2024-02-01,45,1896649478,4170c7b13bbd5507254e0d03e8a6d7b279233417,1,99886550910183355082718,99886.550910183355
2024-02-01,46,1871362621,e15c12784050a8a2da52cefa33a10f96f8cc8ee0,1,99811322614540384214948,99811.322614540384
2024-02-01,47,1824993967,df9f6510bcce264402c8fd7271055257f3b06c38,1,99798684361072748024058,99798.684361072748
2024-02-01,48,1115566128,300f0aaf276e70fe8e1ed3c33bdb1a347c5d12be,1,99620885170563455499918,99620.885170563455
2024-02-01,49,1623589562,7dffa9a1b85f3d8e4c76b407319ab7eb3a89c382,1,67525080652290944423992,67525.080652290944
2024-02-01,50,13563870,c8484d4a6baaaa7c31f411b1362145da109f9b50,1,56222277313495419572621,56222.277313495420
2024-02-01,51,519596010,12b0e1b718b33d16512bd7a81c3680faee3c7e3f,1,51177845386031889486590,51177.845386031889
2024-02-01,52,1909763567,23990bd18c33cf834ffd3b52f76456d1d90bad3c,1,49909686851386748034448,49909.686851386748
2024-02-01,53,1666336652,2a47a9ad17bd1bbc31a4ee8a44d0a183a3e46693,1,46127863833600522000000,46127.863833600522
2024-02-01,54,1546948338,cb52eb36a48c9b50569aba1f6def63b74c59babe,1,29937455318206543076070,29937.455318206543
2024-02-01,55,1811132653,93bbf2b1ffe750fad9a83384e6c4fbca01401b03,1,24950898332930461236580,24950.898332930461
2024-02-01,56,1658713559,d8a7d78f5f13318ea5c982170d13fec69151d170,1,19966862579462725782011,19966.862579462726
2024-02-01,57,886593739,54aef52fff2d7b34caa94df24f2bbb872dcb0bbb,1,19000000000000000000000,19000.000000000000
2024-02-01,58,1907932715,f622cfe7a920f75385adf6f407574b69532c6803,1,18776052437749344044129,18776.052437749344
2024-02-01,59,646155538,e5ec1103810217a3f83262c66c6a38a8e6387366,1,15005808872028281537772,15005.808872028282
2024-02-01,60,679889508,53fdeae44f9b09a467327a3531049ef48405959e,1,15005808872028281537772,15005.808872028282
2024-02-01,61,5028906,35831dd1b909058c06d1a81d652bae40c10f70df,1,14574855754053738971443,14574.855754053739
2024-02-01,62,598090721,c62d9c14ef200bacab10d87ffff81a317fe01c7b,1,13006836348549295218272,13006.836348549295
2024-02-01,63,1522801478,e0e63a4f08d755c822a793237ce357a790812ea0,1,11837350346559112177292,11837.350346559112
2024-02-01,64,1911102989,89749f7e9cb3c2291fbdfb9998bdbccaf3d553e5,1,10003093800467423546811,10003.0938004674235468
2024-02-01,65,960262778,d0d9f565fc290b0eb8baec8fe8629c28b4086f1b,1,9977957170950794920913,9977.9571709507949209
2024-02-01,66,1501449315,52945e762a7fdc152ba25b54c293cd2537742bcc,1,9963146372101213450090,9963.1463721012134501
2024-02-01,67,1911116218,23444e5d9f2145c403194366be483ba2a1332709,1,7985268561884908346800,7985.2685618849083468
2024-02-01,68,1723313355,b00ba0316266bfd62b332c1a740c17932c661a60,1,7850000000000000000000,7850.0000000000000000
2024-02-01,69,605743029,a59c45a960d85bccfdd3beb380b3157d2405badb,1,7769101482559592257504,7769.1014825595922575
2024-02-01,70,1908802885,5e9132b79219a32a83e3cae79229af8d691b857d,1,7487331925402442934487,7487.3319254024429345
2024-02-01,71,1009287744,2a9d7781014b23f4d96988c701783283371b7f15,1,5989946754117417989109,5989.9467541174179891
2024-02-01,72,1086340286,0b8cc15b339cf281a5e8a98a727ab33d94545160,1,5000000000000000000000,5000.0000000000000000
2024-02-01,73,747970928,28c01b64f2492d82fd58feecf8c71603c769bb4a,1,4991030923000063822683,4991.0309230000638227
2024-02-01,74,70532681,940ea03a1c05e7cf1451ad07fefec116eb19ab68,1,4982092347136089229669,4982.0923471360892297
2024-02-01,75,1908225210,3f81adf16698d5f33f072eb20aeca0cdd06da39f,1,4947678767117921339782,4947.6787671179213398
2024-02-01,76,715614552,2afff51692e30794dda298d2581bbf517e251cc1,1,4210000000000000000000,4210.0000000000000000
2024-02-01,77,1077246710,9687761d9b2154517f6164f9250b335040ed3598,1,3982000000000000000000,3982.0000000000000000
2024-02-01,78,1912129547,d97aaa170e18c23fc0a77df238d416c7af8bfe9a,1,3380962631944998032433,3380.9626319449980324
2024-02-01,79,1422464658,a8ce53894fe8139c6d49a654d72486e2bff6f14b,1,2982000000000000000000,2982.0000000000000000
2024-02-01,80,1890059355,e03ec6dc8f81b120f3cdaff7cdedb8a8eb52b1e7,1,2874151689591533980992,2874.1516895915339810
2024-02-01,81,1680144913,8d2e05ece07f65daca283666d1a419e93a1d6b5f,1,2152117666332339570104,2152.1176663323395701
2024-02-01,82,198992296,0ab993ab9aaa55f7c80d63d8237706c228f89d9e,1,2045000000000000000000,2045.0000000000000000
2024-02-01,83,1704953093,158d5248e4027e1edec9473a3638d32d3dfcd785,1,2005000000000000000000,2005.0000000000000000
2024-02-01,84,633330690,d15444371a1f304871888a62a352a8271fe9b4cf,1,2002276082179142328059,2002.2760821791423281
2024-02-01,85,1578065719,3502dd3046bdbc27c9b23a2a323dc050ce64a8b3,1,2000000000000000000000,2000.0000000000000000
2024-02-01,86,1424665304,98aabb6fa6e23d28087323ce01f35cbaaa699989,1,1999616556166443295113,1999.6165561664432951
2024-02-01,87,1188160869,d8691ef43788378118b37c31b8cfcaa897a08264,1,1987940000000000000000,1987.9400000000000000
2024-02-01,88,729925673,5f78b8363fec154970748d1d61319fbe89f59727,1,1982092347136089229669,1982.0923471360892297
2024-02-01,89,1532838473,f7df1596451bfca2fa9a97cf769a15270a680810,1,1982000000000000000000,1982.0000000000000000
2024-02-01,90,1666211828,0a5c18e7d4b9a2771487dac09fa183982b96a8e2,1,1900000000000000000000,1900.0000000000000000
2024-02-01,91,916496748,5c090d636db202b91ea1f1056e00decbf2f3407e,1,1603055746034103825684,1603.0557460341038257
2024-02-01,92,531407942,5ec6abff9bb4c673f63d077a962a29945f744857,1,1464554000000000000000,1464.5540000000000000
2024-02-01,93,1506054314,e5c9d04a861a9c3c08879a990d51d81ebcdbc6df,1,1259893167131037060591,1259.8931671310370606
2024-02-01,94,919418445,c9f8ce0fc268949b70d55a055db879ed8d9656af,1,1199939674620520411981,1199.9396746205204120
2024-02-01,95,1841433508,a674d416d95d1b75f658b08eac28224d5c9eb9fe,1,1073600000000000000000,1073.6000000000000000
2024-02-01,96,1908377039,ac5f9ae2a1276537d11f5a22cc570a8118fa4d0b,1,1047127556269401717168,1047.1275562694017172
2024-02-01,97,1705189178,82d20968ab929211865e3b56d43be62ab0f8989a,1,1010000000000000000000,1010.0000000000000000
2024-02-01,98,797440179,2cd03d3ce4c5ec075f259ccc85d19706a9090dcc,1,1008283090568683062644,1008.2830905686830626
2024-02-01,99,1000243626,72bb3e08f6b00e59e40cfcb24fd944ca5e135752,1,1006116934064849161690,1006.1169340648491617
2024-02-01,100,992513846,4c9788c8b20aacaae1ef7560a65d5410a35d8515,1,1004881417309859859872,1004.8814173098598599
2024-03-01,1,1669997385,89bfb817cefcd9350b6f30ead484e95c53003b6f,19,18968089285768658718988,18968.089285768659
2024-03-01,2,1551097553,8595c2ed39f37531a1886908fed92b176a7008b9,15,2975955237706466457037,2975.9552377064664570
2024-03-01,3,567629983,1a2d65eefb073158f42a3044dd08a183d6ca94c0,11,11088794553374910351358,11088.794553374910
2024-03-01,4,804255157,07f038582c8949ff4f7208b5e315f76e21def757,10,19991609361054400427289,19991.609361054400
2024-03-01,5,1950468981,b6706ec41c9e649fedc5407a1615f6494734ce58,9,9008310000000000000000,9008.3100000000000000
2024-03-01,6,1950338543,f1320b6eb5817f14820de1a22be1b75500198c28,9,5940000000000000000000,5940.0000000000000000
2024-03-01,7,948897391,55aa0df6beac45b79512bbfaaeb9c25f78628d1e,9,450000000000000000000,450.0000000000000000
2024-03-01,8,1947441790,bed4e06379c77f5d4893a71035a3f9518fcb2a6b,8,8001231000000000000000,8001.2310000000000000
2024-03-01,9,1953602081,472afe30014ca1fc384d9143564018f4a8b2fd21,8,825998058089749706985,825.9980580897497070
2024-03-01,10,1916859829,d6564fbeaefea799dffd070fe2767085f144d15a,6,15169526780000000000000,15169.526780000000
2024-03-01,11,1840903948,ee72c6f3428353be7bc1e877af61dcee42fc22e4,6,656000000000000000000,656.0000000000000000
2024-03-01,12,1923730985,b54e5a7653332c64b3d0f44a21718b5adc195735,5,80152800000000000000000,80152.800000000000
2024-03-01,13,1936456127,a036dea078650c1915cbc3c22776b55dae3a19ae,4,200612423364629140155232,200612.423364629140
2024-03-01,14,1936477267,448906c481df1df1cc63c7485a052d3ad97def1d,4,159675151449853099667346,159675.151449853100
2024-03-01,15,819296972,6194b725e9d6c713ed3206d4f6814862e7ebfb5f,4,103328626193845375561681,103328.626193845376
2024-03-01,16,1748515966,18dc1b356cc1b008d141dd19d7c242062f445928,4,41088290000000000000000,41088.290000000000
2024-03-01,17,1068594110,0fca69173e39316d52cce65ba08be40f7c0b75ce,4,40020898432000000000000,40020.898432000000
2024-03-01,18,1949336957,753295892ca3a7afbc7346d577abc8aceb2c855e,4,39931945047783488944539,39931.945047783489
2024-03-01,19,1354722584,afcfa40098ce3b02be9925c8442cc8681845270c,4,401017066114712012195,401.0170661147120122
2024-03-01,20,1239748498,551b30bc933e26e098bd2e68d436c24ed39b7312,3,876165438244576215058338,876165.438244576215
2024-03-01,21,1371361808,6fc0af3756c7300943019e7349bcfcb80e76966c,3,307727569049412779921438,307727.569049412780
2024-03-01,22,1110178166,514a6402cff709da36fcc47d8c8cb7b7e7dc886a,3,13983549379187591882253,13983.549379187592
2024-03-01,23,1808950858,dc9cb85585f0a60e8ed82e54c2cb15c24ed29b88,3,10783000000000000000000,10783.000000000000
2024-03-01,24,828659864,d06eb8961af3def8df7de0254d6e0d2c5346eff1,3,600000000000000000000,600.0000000000000000
2024-03-01,25,725190796,71d30d13c8ac4da640cc27c7c51ef717fbf6ee70,3,403000000000000000000,403.0000000000000000
2024-03-01,26,777915258,109428f056519946075ba96a8367762f6e082dcb,3,361000000000000000000,361.0000000000000000
2024-03-01,27,1537379882,ba85ddf1d7bb1ed4bdf0a6901c372daa148d0210,3,300026981639280382823,300.0269816392803828
2024-03-01,28,1959863489,536034d8fd02d0bc6a247141419c728a1cb3528c,2,1400000000000000000000000,1400000.000000000000
2024-03-01,29,1000630951,a1a41ac903a6c3183a33a4cb74d7c02683db17ac,2,998375241992066559417904,998375.241992066559
2024-03-01,30,1808935317,3fea9525aa5aa14e06ca4b46a571e9f98b7bb132,2,150679601647062382038715,150679.601647062382
2024-03-01,31,950667523,1c2b1310c986cf71752a5a4b805444913722e1c9,2,102001279035828439611454,102001.279035828440
2024-03-01,32,1936480900,98f3134f944a28629e6ddbc499a6c4efcb17614f,2,59851365876875718011001,59851.365876875718
2024-03-01,33,1237028586,90763cf0ceb2d3ea37702d69db885e498eee14fb,2,20287720585543480680780,20287.720585543481
2024-03-01,34,1845010495,55a26dc1a408a2e412ba75fcfa12d1f38ebac43f,2,20009143285304869134960,20009.143285304869
2024-03-01,35,919472737,3118f4acda3c76c02c0f209278dfc5324d8d8e48,2,2989397505933855627188,2989.3975059338556272
2024-03-01,36,1097990303,20eafd7d579b840507009651a8c72bba88005e2d,2,2302000000000000000000,2302.0000000000000000
2024-03-01,37,807565254,175d7ac3844ac969c1d17431e59ff057ad17ee3b,2,2185926618088214052341,2185.9266180882140523
2024-03-01,38,560745206,2b81cf00392506d1ccba003d400e32af8d0861a9,2,2180000000000000000000,2180.0000000000000000
2024-03-01,39,743653818,88b2780bf14b96f531167f615ba13af70075a7a2,2,2131754286411673535495,2131.7542864116735355
2024-03-01,40,1879867671,b5a5c7cd50fd6303278328e10f598e038a0f6f36,2,839857413146043875328,839.8574131460438753
2024-03-01,41,1922308839,85245c58ff375f5d339645c6f7dee49286a684c5,2,558316160920877247137,558.3161609208772471
2024-03-01,42,567403001,813ac5ce8669c5ac186f0bfb38187750b11f5377,2,509159455715228435656,509.1594557152284357
2024-03-01,43,1885883264,f9bb8412af1cf28da42c968cec830dcf3469f9fb,2,197454583161865127988,197.4545831618651280
2024-03-01,44,1507810871,3786cef5e21d1f375ba0fa9bf848773d3410f7ef,2,189069011089758691455,189.0690110897586915
2024-03-01,45,1459444813,255f111950d6d77119abad298b035e9fb53e6405,2,150488383870073320425,150.4883838700733204
2024-03-01,46,1508782258,55823ce333b668eb9a526a150cd53196bd6d172b,2,95988811918168778528,95.9888119181687785
2024-03-01,47,863843442,3860d78e9124b7b0ce1b268700741c4d797ffb7a,2,42963255253383077450,42.9632552533830775
2024-03-01,48,30202689,180835acf8b80ef09b8f913866f5cc3dbb20e0ea,2,34785254568012750043,34.7852545680127500
2024-03-01,49,1865839500,99b12c90a1245617e31dbc937f3028534d3d02f0,2,3199480000000000000,3.1994800000000000
2024-03-01,50,1712565812,8a25d8c9fa8c7a726137f2d618d85cbc2c083f78,1,4506889489000000000000000,4506889.489000000000
2024-03-01,51,1867266374,4f389d33500fdf46a038c80290e1f2f751cc8dd7,1,2215235478000000000000000,2215235.478000000000
2024-03-01,52,1226646805,695624c9aaec6a1a8b37c349eab06e92ad8e9be4,1,1995311735891524525308381,1995311.735891524525
2024-03-01,53,998792854,7b8e0066791a0e4bd16c5cf1b02c97661ae086b4,1,1582345680334809509969257,1582345.680334809510
2024-03-01,54,1426476548,a173f7e6563f527f27a0b222fc80bff3fb21456a,1,1080000000020539359275779,1080000.000020539359
2024-03-01,55,1903956747,6e7647eef7ecf4368e51027de4c2d92cd82a5326,1,1003330000000000000000000,1003330.000000000000
2024-03-01,56,1958090393,e3a9d6e3971bd27b1ca49ef04a65ea04e8bbe9c1,1,1003329000000000000000000,1003329.000000000000
2024-03-01,57,1000617474,a4a5c3591abbfed86ea1ed80495d7e27ef05200a,1,998375241992066559417904,998375.241992066559
2024-03-01,58,1948182467,2af65e24d7ffbb197cb256c3782d268ebc5e756e,1,998217352090063054537854,998217.352090063055
2024-03-01,59,1375028187,1a85597ffd2c374e117d8892bd213ffb8bbc43ef,1,997641949850063925314243,997641.949850063925
2024-03-01,60,1929200741,f7718a0735ebcdc45241c9cc31be1dd8ea5773dd,1,997421728904373096285406,997421.728904373096
2024-03-01,61,709987182,12e08b091a8b6419502449bbb369709c1e4a60e0,1,606889586113300708682751,606889.586113300709
2024-03-01,62,1907716795,7e9c6e648e9d10febeb0185a936cce926c518f4a,1,500000493559511119398603,500000.493559511119
2024-03-01,63,723327158,6fedfdb4249cd5dca3030fd09e0e1368f23cb4f8,1,500000000000000000000000,500000.000000000000
2024-03-01,64,1924779255,e76ada2ade5585859789b3500dde494e5479fb75,1,499438156000000000000000,499438.156000000000
2024-03-01,65,1910924043,74882149e6a43b8e69cac6aef92d753e96054b78,1,489462870000000000000000,489462.870000000000
2024-03-01,66,1793332991,9e990c8dc9768f959b5abf7910f5fd3b965ccf24,1,360000000000000000000000,360000.000000000000
2024-03-01,67,1593517723,08d92207a07e0789cfcf19413123c3eb919d3480,1,344808477898001356631260,344808.477898001357
2024-03-01,68,847163682,36209cad56c31332d575bed3e989c988c2ad8eee,1,300000000000000000000000,300000.000000000000
2024-03-01,69,1909044968,48d70e519ac261d10c1445aad4dcd78f2b5413d3,1,299598637348784356893416,299598.637348784357
2024-03-01,70,1929580246,5c22fa4089cfab73af86951e2ce324a51f3a8e4e,1,299598637348784356893416,299598.637348784357
2024-03-01,71,708800483,3cf7654333cb7c24eff8e21d7a6882ae3a057759,1,259524384774194052045180,259524.384774194052
2024-03-01,72,1611852092,b19a2bb0a44fc737c085994fd972b4e950af14ce,1,219347103369655802371819,219347.103369655802
2024-03-01,73,997674131,6b969b780dd8e48b679ba152a459d28845404cf4,1,218488439436743010116722,218488.439436743010
2024-03-01,74,1892767912,353716a599bb51a6e42183f857dd90cde0dd9f93,1,200000000000000000000000,200000.000000000000
2024-03-01,75,648166346,cdd60e7b7ade44053a67349a6e856c0ae33d2b91,1,160463104300000000000000,160463.104300000000
2024-03-01,76,1845607141,6d723461143aca43b24951287f8fdf6c086d59d5,1,150000000000000000000000,150000.000000000000
2024-03-01,77,1784009446,66166d7fa36a27792666aed17a3fc02b0d17b046,1,149783601647062382038715,149783.601647062382
2024-03-01,78,1805690906,52e6ad14c29bf960c479f12e0c398477ea245b0d,1,149551300000000000000000,149551.300000000000
2024-03-01,79,761373222,f896d7e210a8e0100ef9bdcc18a981121aac88b5,1,101860018427740214824555,101860.018427740215
2024-03-01,80,1461764559,098eea8586b9fe3b87549f03df237e89f296f460,1,100424211281593679052640,100424.211281593679
2024-03-01,81,814555386,fbc42b6d570e9e9f14a1bf0a39c85ad2b8f03ba5,1,100145571534238084573013,100145.571534238085
2024-03-01,82,1308869439,48e87c81a1aece2a39b4facd8efdc3fcd63c636c,1,100000000000000000000000,100000.000000000000
2024-03-01,83,1411451674,f9ce24afbb1fe432478ffad1014ae3bc30de2d82,1,99870051436934713628122,99870.051436934714
2024-03-01,84,1955472269,6541ee02afaadae3b7a46d552008f42a2d01c512,1,99864919024518025687764,99864.919024518026
2024-03-01,85,1878542770,1d98bf3887c591e1e25b678b7a053b39e932029a,1,99864919024518025000000,99864.919024518025
2024-03-01,86,1023902230,403d3b21ba8bef93b93460d7ac778c4cce52bc16,1,99846062900000000000000,99846.062900000000
2024-03-01,87,1468795084,c204d01bd43e7d084dcd60cf1a4bf8a75401fdd1,1,89103207519843852734462,89103.207519843853
2024-03-01,88,1127937866,41f16d1cb3d0b1b94b5bca6dbb642f86904e659a,1,79566036061268686748793,79566.036061268687
2024-03-01,89,647031450,3b11b48de7cf69b7c1f0465862a4f3dc725ed1ce,1,75265398256016815126553,75265.398256016815
2024-03-01,90,1583072403,21813dd67fecb6dffb3f74bb35c13336bc99a519,1,75000000000000000000000,75000.000000000000
2024-03-01,91,1546244724,ac6ccad7326eb636bc318944d558ef021cb40051,1,70710496073980485870504,70710.496073980486
2024-03-01,92,1416982182,de6d80a9e5f073d8d9186da3ac6885534e43daa3,1,70000000000000000000000,70000.000000000000
2024-03-01,93,1526042934,35aa732aaa23e0de00d203cfaf6ec7fec0382d74,1,68578322152766333195176,68578.322152766333
2024-03-01,94,1693816513,c02f017879b9933593fbae5333e09724432ca3b2,1,60855160438082304078825,60855.160438082304
2024-03-01,95,1951039381,7bdedbfc20eaa5a745bc2dbc477d5b6a5459dae2,1,60000000000000000000000,60000.000000000000
2024-03-01,96,1618523044,83bc0c89cfc82314f1de4e342406ceb561667ec9,1,60000000000000000000000,60000.000000000000
2024-03-01,97,1936045215,a15929837a275c41e01d216e46cc890dfe2bc05d,1,54007800514287710160537,54007.800514287710
2024-03-01,98,940172695,a57ea614a9d2b58323d382826494f526b4ce52a7,1,52669823064585302273086,52669.823064585302
2024-03-01,99,1888591673,6369bbf80de7a3bda0251c19c22fbf565da03d8b,1,52400000000000000000000,52400.000000000000
2024-03-01,100,1774393829,eca81691cf200d4c252c661f6f3f364bcbe1f6a3,1,50484602042793609634606,50484.602042793610
2024-04-01,1,882940793,f89d7b9c864f589bbf53a82105107622b35eaa40,775,11753649677058970000000000,11753649.677058970000
2024-04-01,2,1861713724,1ab4973a48dc892cd9971ece8e01dcc7688f8f23,391,6046166785287050000000000,6046166.785287050000
2024-04-01,3,1764601375,58edf78281334335effa23101bbe3371b6a36a51,45,55555583879910000000000,55555.583879910000
2024-04-01,4,1927380463,d0220dbc26b0c5e048a273f5f5aff3f1ada3d13b,25,269846334115483089256327,269846.334115483089
2024-04-01,5,1950441902,71f9c6224d5e7735f617db29b4ac66a9f298c305,9,89995980000000000000000,89995.980000000000
2024-04-01,6,381304277,141fef8cd8397a390afe94846c8bd6f4ab981c48,8,453846460867586223655631,453846.460867586224
2024-04-01,7,317905305,85d5e46f0d0bb102b8670b5204dd91a2fe2a30d6,7,130331191908159037609407,130331.191908159038
2024-04-01,8,1949226373,e40004c9d834cc4aa18e386949b3b73996960f0d,6,60000000000000000000000,60000.000000000000
2024-04-01,9,1883064238,00f6a0da55aef8431cce624d466f42d0855fe4d4,6,600379950000000000000,600.3799500000000000
2024-04-01,10,1712245736,6d0d19bdddc5ed1dd501430c9621dd37ebd9062d,6,559730000000000000000,559.7300000000000000
2024-04-01,11,1615025,cb1ec568f627e4766463fc3b751e8fd400afc6ca,5,122629549500045900013500,122629.549500045900
2024-04-01,12,458457564,956befd0d3c8dc001f9a61c741d0ef1d4e62343f,5,89843031688204061191841,89843.031688204061
2024-04-01,13,1961925896,3aaa3830b20633266e435dba5c03d197318ddbda,5,49928505278273435565923,49928.505278273436
2024-04-01,14,1964748534,554608b3066b144c45c38525736c40d6b784b13b,5,41400000000000000000000,41400.000000000000
2024-04-01,15,1965602986,ad9326ad0910e02c73186dd1c42d11bf8b3b2d5a,5,40041430575618812209280,40041.430575618812
2024-04-01,16,998792854,7b8e0066791a0e4bd16c5cf1b02c97661ae086b4,4,2800000000000000000000000,2800000.000000000000
2024-04-01,17,1223031790,1f37068fed5524aa4efa4408c3758cf3edfc520f,4,2000000000000000000000000,2000000.000000000000
2024-04-01,18,1373260732,57655b342b7bf1a1134b572e43eb62bbe56bf7cf,4,998100308613865753668194,998100.308613865754
2024-04-01,19,1835156671,57d7b62c7b877f315b2d0cac98c4775f5bd3cd0b,4,900000000000000000000000,900000.000000000000
2024-04-01,20,1836355368,310a785a2e595e7874e8249c9dc197b2cf6c258e,4,400000000000000000000000,400000.000000000000
2024-04-01,21,1868543636,d50cf91efd34996ea0526489979784d8f5b92661,4,86400000000000000000000,86400.000000000000
2024-04-01,22,1487188884,076bfa7b1e3f1bb41bc84aac5e99e1a7a086c6a5,4,69607988807388623792056,69607.988807388624
2024-04-01,23,1999993049,049cc1e37610dcf036d4ad57f5396ec584ba8e23,4,20800000000000000000000,20800.000000000000
2024-04-01,24,1936553385,5a63ccb54a936357839f9d3a8d580e9e1024d5b7,3,523000000000000000000000,523000.000000000000
2024-04-01,25,1781635012,f2f6709f1917b3ecb2e97fadfec206cd56da76ed,3,150001884498085569101824,150001.884498085569
2024-04-01,26,1806308559,02bb11ac6121de64fb931219712eb0073c182174,3,108617064487842746953649,108617.064487842747
2024-04-01,27,1968743387,fdcb7c88544076f4598e9832ffb130f09ed7f4de,3,75000000000000000000000,75000.000000000000
2024-04-01,28,1839229511,62f3b6e14e391496b548fcf163b6ceaee8c13c97,3,20069701943509187253452,20069.701943509187
2024-04-01,29,1363509319,8e641328da95f2f8d87f653a3385dcd6b3db8edf,3,16498709043457216463228,16498.709043457216
2024-04-01,30,1328153,bac95904d29b845f6eb6abe2ce8b8de03033b71f,3,7710000000000000000000,7710.0000000000000000
2024-04-01,31,1915006321,f95054533ee43f3f323c62eac8a92f4d5d33a07c,3,6015000000000000000000,6015.0000000000000000
2024-04-01,32,1936391365,e73d139509708d3883324ce640309e764cc617a0,3,4022248665133324775571,4022.2486651333247756
2024-04-01,33,929776458,dd4b4d44bfba72ef6cddc4048ed2b678105dc008,3,3003000000000000000000,3003.0000000000000000
2024-04-01,34,353968827,7495faf6f68a2c7dfea7f9f7e712ab0dd2468386,3,3000000000000000000000,3000.0000000000000000
2024-04-01,35,1626820459,85b5e540a0ff6c2923ca8aab43b69bec64bd6a08,3,455421932237707184842,455.4219322377071848
2024-04-01,36,1960307253,323988665d2d273249ab5babf2a9d6227b46868a,3,252507446678575742976,252.5074466785757430
2024-04-01,37,1432378166,825f23921dcff36944d8b0b0ca23ac7d05fb86cb,2,1998954417000000000000000,1998954.417000000000
2024-04-01,38,1965224750,b168175b5e565f78f9ef3d5863b0a55de1a2984e,2,1196508315599365110959449,1196508.315599365111
2024-04-01,39,1964935923,6cba077d58fa613b793168c705d1a656ba4f50e3,2,501000000000000000000000,501000.000000000000
2024-04-01,40,1958252727,1ac6129381a888206694eefb5f6054b60cc36d9c,2,434113764282141326158111,434113.764282141326
2024-04-01,41,1598519563,a501677470278d37d21e304010b0efbe1e3b9355,2,351835240000000000000000,351835.240000000000
2024-04-01,42,931350567,87b0186c9629a6bedd3d964de08b286cf47137ac,2,209872041070825975526607,209872.041070825976
2024-04-01,43,1804494617,89c5e25fed0e7a4272a39aaf7318499d9332b627,2,200000000000000000000000,200000.000000000000
2024-04-01,44,1965390769,8bc84657e86898988dcd5bc53b6385bacd9698e7,2,200000000000000000000000,200000.000000000000
2024-04-01,45,1965406911,7a5a3de0bae8ef4909f6dd8876d3d447e925105a,2,150100000000000000000000,150100.000000000000
2024-04-01,46,1095753863,0c1ea5cc5c188de0d49311f22de31839352282a5,2,142542911878874357656281,142542.911878874358
2024-04-01,47,1839581211,b486b89c14d97099d2705c03a69d4ac52f4c2f13,2,110710496000000000000000,110710.496000000000
2024-04-01,48,1965398326,01d2325d243c156331beae063a50281ff2a8f92a,2,104433418626978710637984,104433.418626978711
2024-04-01,49,1127489204,e0a36d3d6ae9aacae6755243fa850974c71a9e05,2,79895469422939734240431,79895.469422939734
2024-04-01,50,1952188819,74d052f0e927df952dae68d9d181c8a296976479,2,63005575632826334033079,63005.575632826334
2024-04-01,51,1540827926,b4996473337d5eac539f0f6cb27c1c552effc96b,2,63001000072114328290463,63001.000072114328
2024-04-01,52,545436186,d8d6ffe342210057bf4dcc31da28d006f253cef0,2,50100000000000000000000,50100.000000000000
2024-04-01,53,1919331940,ac702992a785ba15d1c8e26d518a2fd09bffb834,2,39545841767093354587962,39545.841767093355
2024-04-01,54,904539942,86eaa58f41ba0437498581ce9eda504ba6cf5ab9,2,35900459362085557789579,35900.459362085558
2024-04-01,55,880784968,fddd8e89dfb65fe2da8e907939a281135ef3802d,2,34098742984270532126434,34098.742984270532
2024-04-01,56,1569323424,f20b14bd606e38229a28b9308bb541aacb24fa50,2,20074144087622392322649,20074.144087622392
2024-04-01,57,1909537453,1b85bf2d99d27f2eb4e204c79870da7314c5da04,2,20053004420008833382113,20053.004420008833
2024-04-01,58,789815437,3824ae6a823812d889c971d3cdf8ee54671451ca,2,20001907587960181986816,20001.907587960182
2024-04-01,59,1907825117,b411e60e10d597d52df85c752f05e077675795a8,2,19985017204837794033089,19985.017204837794
2024-04-01,60,1836442397,1565a6c733d703fe08795255569779a2f3864e1d,2,19973029600392787799863,19973.029600392788
2024-04-01,61,1645212232,edb65ed1adcead235b641eb7ee95b1b66139468a,2,19483420948665170062591,19483.420948665170
2024-04-01,62,569476465,98098214ad5b1b08cc9d94e32f056e9a0de18110,2,18973969914667889233700,18973.969914667889
2024-04-01,63,1921837366,1a9c982c4962a6350f335770ca6e1c573a79eecb,2,18210181194563870593473,18210.181194563871
2024-04-01,64,936160997,5c1382d90372d3dc7dae534a0ee9359b346f6773,2,14986615731069952907950,14986.615731069953
2024-04-01,65,1962301233,c3b2b36f472bcbef811a6c2c8d6b1a1d11d9ab80,2,8018175712435446730474,8018.1757124354467305
2024-04-01,66,1654834547,c0ac0bd03e0dbf8ddd9b1534156f43343f26cfb1,2,7167590670526292879790,7167.5906705262928798
2024-04-01,67,1896327322,b47c494c07f3be5826997fae9363da4b2503942f,2,7073744210978438921276,7073.7442109784389213
2024-04-01,68,1239193380,9bd03673f9f3db5037cd839e96675b047eed143f,2,6610621565993054196102,6610.6215659930541961
2024-04-01,69,1846210997,533376a8c8aac56059554ac3a28985d4765010b6,2,4747963633714604388963,4747.9636337146043890
2024-04-01,70,1920479754,677add2dcc445e7eebfcdde2fc8e2b72d73840e5,2,4422112506857330389401,4422.1125068573303894
2024-04-01,71,1634055507,48183e086ec1b49fad7f6cfb3de0b42f364c6d60,2,4261111597188718986755,4261.1115971887189868
2024-04-01,72,1972145364,993409ce70e8055a2ab080f74d0f8a7a3e6968fb,2,4200000000000000000000,4200.0000000000000000
2024-04-01,73,1834315747,4d482a8ef3b6a03b71f25177cff744315f123cf9,2,3978397612101679710879,3978.3976121016797109
2024-04-01,74,1967278492,13ff77e0df34868146f5c8d73a76b3593743d26c,2,3000000020000000000000,3000.0000200000000000
2024-04-01,75,1385554948,f26870f52014ca12e415a79d5591a127d89f4a5a,2,2023552881570343430544,2023.5528815703434305
2024-04-01,76,850484096,f9ec946c7d7fa6189147eee1c2b7bf418e7eb705,2,2016779365462675734782,2016.7793654626757348
2024-04-01,77,1965065355,4521ab44f2fae376850cb5d0152ef19b866adda8,2,1849013591680000000000,1849.0135916800000000
2024-04-01,78,1873396846,e7604fe8667f1dd4d31db267da88a354cc762516,2,1638094078470531558337,1638.0940784705315583
2024-04-01,79,1865840845,88ca2f593b5052a79a291f3d24a0989f67ba470d,2,1496492638455407716912,1496.4926384554077169
2024-04-01,80,794060579,54debebf7613a2cc2bc7fcbf8024ca798ef5636c,2,1288373330000000000000,1288.3733300000000000
2024-04-01,81,1949410430,9371dbfeafcdd58dead2ca8773359c3cd581d70d,2,1286880422888698734584,1286.8804228886987346
2024-04-01,82,535153587,eda39af25b25f179bed410ecc6d33060952b7db3,2,1076000000000000000000,1076.0000000000000000
2024-04-01,83,1989613326,d7bf68eb984235052425c749c683d22f5ccb2b13,2,1058486440000000000000,1058.4864400000000000
2024-04-01,84,860790791,04c53f413300addfe8626e3073920c0db29d6fb7,2,1025097657480000000000,1025.0976574800000000
2024-04-01,85,1836951002,d63fca366dbbdeeee76edb4e637c8f89c4605388,2,1000000000000000000000,1000.0000000000000000
2024-04-01,86,586129859,02c3cbc66814c92de073ef536390105704d126d3,2,993839080001660651685,993.8390800016606517
2024-04-01,87,1972841910,c5d8a2acbbc65dfcd775809564071cd215936bb5,2,853509500000000000000,853.5095000000000000
2024-04-01,88,1886893616,877c05a811c215b4a6927443e8b0993cbb063b9e,2,769972996401185065962,769.9729964011850660
2024-04-01,89,1911075309,67806bba403e8e262ee51cccd8b4d3a4a5c8e623,2,759689234216669997491,759.6892342166699975
2024-04-01,90,1737720279,805131c05f6b1b768f84efbe961c89f3e3a9e990,2,675919943273079862524,675.9199432730798625
2024-04-01,91,1801536425,f3f9b339ab267fc3e2edabf140fabfa5fa1251cf,2,583824465282909157132,583.8244652829091571
2024-04-01,92,811208945,8d3de41d374760c056f7dd880583d1f410b0d783,2,580092466795441409032,580.0924667954414090
2024-04-01,93,1369860475,47e5cf45c3c3bbee7007be4e329245be56bc67fd,2,530200000000000000000,530.2000000000000000
2024-04-01,94,1977523902,6e0ebc4a8a3b3dd03a447d78ab6ae6a474797394,2,424802750000000000000,424.8027500000000000
2024-04-01,95,1347170509,05a9b4185184705b89fc75513e4ae4ba1466e061,2,400970521880000000000,400.9705218800000000
2024-04-01,96,1988393604,b7c48b6d9edebf8661277147f2b4edb45b9ae5a9,2,361106876820000000000,361.1068768200000000
2024-04-01,97,1765080557,e90bd9ab721a36391126b7483234bb7307031fd1,2,272926505306950517166,272.9265053069505172
2024-04-01,98,804737434,48c04ed5691981c42154c6167398f95e8f38a7ff,2,214875033950000000000,214.8750339500000000
2024-04-01,99,1224592957,5b9d31c7ac0fdaea286c8814306f698ca8903ae5,2,211263151748844037995,211.2631517488440380
2024-04-01,100,1587338670,5ef3ad75519bf76ef49ff37b5d93311f3f03de58,2,156066549000000000000,156.0665490000000000
2024-05-01,1,882940793,f89d7b9c864f589bbf53a82105107622b35eaa40,275,4117036652944430000000000,4117036.652944430000
2024-05-01,2,1861713724,1ab4973a48dc892cd9971ece8e01dcc7688f8f23,23,150851432341000000000000,150851.432341000000
2024-05-01,3,746876554,2e5c0674da08c3461a12bc4b44dad48727729497,12,12000000000000000000,12.0000000000000000
2024-05-01,4,1764601375,58edf78281334335effa23101bbe3371b6a36a51,8,76353509236440000000000,76353.509236440000
2024-05-01,5,2009243077,1767e4443ba7acc907b39d94e4d9862d3c97d90d,6,19980000000000000000000,19980.000000000000
2024-05-01,6,4232500,585116c7fd176a39f1b974c5ad3002e16a17cc6b,5,10000000000000000000000,10000.0000000000000000
2024-05-01,7,804737434,48c04ed5691981c42154c6167398f95e8f38a7ff,5,1859746141010000000000,1859.7461410100000000
2024-05-01,8,1131943337,0561e5b036ddcf2401c2b6b486f85451d75760a2,4,121366865645780181523670,121366.865645780182
2024-05-01,9,381304277,141fef8cd8397a390afe94846c8bd6f4ab981c48,4,21986018315212452488029,21986.018315212452
2024-05-01,10,1919331940,ac702992a785ba15d1c8e26d518a2fd09bffb834,3,46109550943474630696755,46109.550943474631
2024-05-01,11,1712245736,6d0d19bdddc5ed1dd501430c9621dd37ebd9062d,3,1789570000000000000000,1789.5700000000000000
2024-05-01,12,860790791,04c53f413300addfe8626e3073920c0db29d6fb7,3,1278188631290000000000,1278.1886312900000000
2024-05-01,13,2000517447,61df57b2f8ad50f2ea86a21ab1db322723b0b419,3,35000000000000000000,35.0000000000000000
2024-05-01,14,1640788311,775c3ba30de946a621e23c86a58fd9143165f5d7,2,1996516504075287156151049,1996516.504075287156
2024-05-01,15,1108728051,79b991a6f04566b390ea07dc3907d65c3cfbfdb5,2,223142145902790064982473,223142.145902790065
2024-05-01,16,1977367519,c7298fd394edf5541445c6bc836aa7b0b4408387,2,100000000000000000000000,100000.000000000000
2024-05-01,17,1957230230,5727a84f6d25746e38272b5681770d1fe5c9d932,2,12018036630424904976058,12018.036630424905
2024-05-01,18,1907457257,fff1b384722d2d4e73abfd470b1e4c42366a6953,2,11000000000000000000000,11000.000000000000
2024-05-01,19,1915614171,f484d19f5557d3a2fb0a014d5875dc2742648e66,2,6620000000000000000000,6620.0000000000000000
2024-05-01,20,2001675009,407554579e5846cc592adbf53594e545c1eeaa8d,2,6600000000000000000000,6600.0000000000000000
2024-05-01,21,1978491251,f29cc23cf0df9a87afa219dab728d6f52e2e81a7,2,4022389567110548052957,4022.3895671105480530
2024-05-01,22,2006617815,dad0bd75718707bde3a0fedbfc84968678692162,2,3560000000000000000000,3560.0000000000000000
2024-05-01,23,1293189745,d49f511cf14138b7d4a0a8bcb0aca60738fd4018,2,2391053466497843638383,2391.0534664978436384
2024-05-01,24,812977171,bc04f04d84d891e4cc86625d2144955bf0af69b4,2,2000000000000000000000,2000.0000000000000000
2024-05-01,25,1952038315,6d8e2d18394be57767f6091d1ee938fcb19664a3,2,1209145880133957193991,1209.1458801339571940
2024-05-01,26,2001975557,79888dec224314deaadf8c3d6df5d15e18b2dfc6,2,1200000000000000000000,1200.0000000000000000
2024-05-01,27,2033946824,8f2296f8037a4208803189312aafca23e404785a,2,994911571144326913500,994.9115711443269135
2024-05-01,28,1457825125,f60f0f51811d11a3be3237f3ccfbf85c813e4dc2,2,549731100000000000000,549.7311000000000000
2024-05-01,29,2003992633,a2a9c241a4e6a06dded1b8afbef8f7fac35b1eb2,2,400000000000000000000,400.0000000000000000
2024-05-01,30,1916945358,f77881245637ff239349d4bdffb2905825f17a91,2,20000000000000000000,20.0000000000000000
2024-05-01,31,1318553832,34a979cc9cda90b0a412bb40d675dd06e99fefda,2,7000000000000000000,7.0000000000000000
2024-05-01,32,1974883418,7eddfb7f6ccef601b7737407a5c88be16150ace8,2,2000000000000000000,2.0000000000000000
2024-05-01,33,1984168986,0955874d0d1ec5b43c5eec3cf1da3263ad15577c,1,1081146119136000000000000,1081146.119136000000
2024-05-01,34,1868902293,ca6ca788b17526afa8ef50e60f04e6c396773b6e,1,697901210907190738201534,697901.210907190738
2024-05-01,35,1967975905,d259f0f14515a700dd603be4746af6d67f03bfff,1,625478101818044304190764,625478.101818044304
2024-05-01,36,1927538538,e6d4eef7c62ba114ff6fddaa27a7535d74c7c0af,1,600000000000000000000000,600000.000000000000
2024-05-01,37,2004255901,111c9e55d7738464dc7ba9cec088faabc64eedfa,1,503016455557717262925824,503016.455557717263
2024-05-01,38,12257487,3dd48ad861f0b77d1312f9c95a13e52871ca95e0,1,478696227763482174773233,478696.227763482175
2024-05-01,39,1203612579,aa39971b5995ed5e1009f719adf941cb613ae199,1,465221564036575509197248,465221.564036575509
2024-05-01,40,1912220382,014bcdef1b61948246319206b89efb9f6e6f688d,1,405423351166594697008506,405423.351166594697
2024-05-01,41,1983903296,0ed71c51b312b21b9883f53072a90b4881cdb086,1,400792500000000000000000,400792.500000000000
2024-05-01,42,1514312542,236f968b3e9cc45d6d86bc95386a27c8051ab1ce,1,370087743000000000000000,370087.743000000000
2024-05-01,43,1992316179,b5b68809672c2d27b4b89c6c6f3043a010b63163,1,369999999788702843708318,369999.999788702844
2024-05-01,44,1959463135,9bc863ecc977fbc5223e31609bb77c5f0fdef456,1,338508347667199974923789,338508.347667199975
2024-05-01,45,712932142,80ac8b6f4cacea6129f5cf1365904f056b4e29ea,1,299806005077155825666596,299806.005077155826
2024-05-01,46,1411451674,f9ce24afbb1fe432478ffad1014ae3bc30de2d82,1,299576056349454361717633,299576.056349454362
2024-05-01,47,1797585496,22b9a3617a83d92a6977dafeb1d2e0cf3cc8776f,1,250000000000000000000000,250000.000000000000
2024-05-01,48,1885825047,8c35b0b65fc680dac8719b79d01b4c46590d4d8b,1,250000000000000000000000,250000.000000000000
2024-05-01,49,1821343620,1f4059e3a39d2a2304f65dfe8b0c54a351d005c4,1,250000000000000000000000,250000.000000000000
2024-05-01,50,2026768184,ab3ad522aa7c8f6d021614fca8f936cb23d9e2a3,1,240000000000000000000000,240000.000000000000
2024-05-01,51,2011500055,1018f6b0625f365917446d80e09c02f42a036ec0,1,210000000000000000000000,210000.000000000000
2024-05-01,52,537641658,f7a819deba0d69c4f3567cb9fac04b05ec3a6516,1,200000397878688616766609,200000.397878688617
2024-05-01,53,450365297,c50ec622b9da9a15695f394b06655c4731faa833,1,200000000000000000000000,200000.000000000000
2024-05-01,54,100684752,d3e3ece7aa0e799fc9bd48319db9a8b71eabddf6,1,186614774879000000000000,186614.774879000000
2024-05-01,55,1970626403,0231980b046e30181eb239a9d6be1462587fc9eb,1,170000000000000000000000,170000.000000000000
2024-05-01,56,1781635012,f2f6709f1917b3ecb2e97fadfec206cd56da76ed,1,159486160007668889433674,159486.160007668889
2024-05-01,57,545436186,d8d6ffe342210057bf4dcc31da28d006f253cef0,1,150000000000000000000000,150000.000000000000
2024-05-01,58,1919228723,c8084f0227d4f857ec9d48c481abc040ec4a4f1f,1,149845470751182317067760,149845.470751182317
2024-05-01,59,1951039381,7bdedbfc20eaa5a745bc2dbc477d5b6a5459dae2,1,119710966438594988774290,119710.966438594989
2024-05-01,60,1389233640,194772668b6d800ba24d3f910bb004da1a81cc81,1,115766304568967280790630,115766.304568967281
2024-05-01,61,1974884513,dd72d6d1dc7897fe7661d4ca8d10437b7b569aca,1,110751285287557947760381,110751.285287557948
2024-05-01,62,1538431553,3682c053ab355c0521375447701dca128de408b7,1,110000000000000000000000,110000.000000000000
2024-05-01,63,2018930023,f2bf4bdeab2da195294704b06f4e6e903143e262,1,109729018930607684637083,109729.018930607685
2024-05-01,64,2018954573,55a2ecf9e8f96164b0663b47e245352926c3fba3,1,109729018930607684637083,109729.018930607685
2024-05-01,65,1791498470,e93ce78b11bd984086e778e1de7ca3c4eb7fea62,1,102917409691397433063240,102917.409691397433
2024-05-01,66,2009150487,633103be738252f7831acb1a1b4e311cf0153118,1,100128897988226932907529,100128.897988226933
2024-05-01,67,1768765333,bb518c7a5870317f2ddca6417deea7445f12c588,1,100000000000000000000000,100000.000000000000
2024-05-01,68,1821295558,d832db8f55334a0d2a91b3181e8e0bc2b552e898,1,100000000000000000000000,100000.000000000000
2024-05-01,69,1943876209,9f5393fd052c24c96ecd87cd2966eee964c0a01e,1,100000000000000000000000,100000.000000000000
2024-05-01,70,2019276673,362fc270be382e4694bccba2d674126fc1fcb7fb,1,100000000000000000000000,100000.000000000000
2024-05-01,71,1792098532,47ec15bbfb916a0a366dff177aa0f8c4aea742a1,1,100000000000000000000000,100000.000000000000
2024-05-01,72,761014720,74f91d657a5e2dd1f8bf446180be84da3a8c4fb3,1,99878746090853349203673,99878.746090853349
2024-05-01,73,1568211679,b38bbe3b0a6f35e20a57bf88f1acd3f1a0ad17ba,1,99810960415604826514688,99810.960415604827
2024-05-01,74,1885977352,e31deacee1770dfa56f8849724bcb7f8e5f76ef2,1,97025137106491907306882,97025.137106491907
2024-05-01,75,1639256855,d5432cd4cd98f201afac9998b35ce9731da1b498,1,91696207272319999820458,91696.207272320000
2024-05-01,76,369449560,caf1d9298a0a7ea465deedc2da60f1cc0e798cee,1,85865325773375368000000,85865.325773375368
2024-05-01,77,2035545425,3e451d44d34c29ae2bf24762be2450faeeabf0f0,1,80000000000000000000000,80000.000000000000
2024-05-01,78,2670039,f85385347f56819c316939434d427d0c9537eddc,1,80000000000000000000000,80000.000000000000
2024-05-01,79,1833406620,453ee44cc48f4d66ad54123efb466ba79426b1be,1,79889453710775039659384,79889.453710775040
2024-05-01,80,1398265242,9697f47318ae3f33bdd6cc8739fb0979f1b8134d,1,77155552264001686061813,77155.552264001686
2024-05-01,81,2016064188,6a810d74d07327627d651d59c567d9a7399372a5,1,76220424983883625000000,76220.424983883625
2024-05-01,82,1737656438,a7f7db0eb0368d386d8d0ceb46a8fb207178fec1,1,74584862385739321591178,74584.862385739322
2024-05-01,83,679526514,c7b4087483d7ade2904411ceb6ca4008260b2e1c,1,70409299953812220506902,70409.299953812221
2024-05-01,84,1291986800,3428cfd24666a0e0f34654373cadecd698b7b2ee,1,70000000000000000000000,70000.000000000000
2024-05-01,85,1952998473,3e8d77e0ae9524c7970e69a783aac73208f8c6dd,1,70000000000000000000000,70000.000000000000
2024-05-01,86,1978242403,e5fe028fbb17c64e1bf8ec1b5586bff5e78191e6,1,68770615405297892275831,68770.615405297892
2024-05-01,87,1788000742,698dfc89af0536ecaf73b2616db6effca262fbb5,1,67535086861459619672893,67535.086861459620
2024-05-01,88,273364603,6ab615cf8decfc488186e54066fc10589c9293a3,1,65737967861452150098346,65737.967861452150
2024-05-01,89,1608798732,2c0cfbd2e21090e76e4f665af5b5716df9db21fe,1,50924197917496085371499,50924.197917496085
2024-05-01,90,998005325,7f84e5c1b910b6cf82473bf0284622f6b219b888,1,50276000000000000000000,50276.000000000000
2024-05-01,91,889024098,a02113a2ed51e82b05649709fbbd4232dc11244c,1,50000000000000000003462,50000.000000000000
2024-05-01,92,1580397614,4e77294c095ecf0c842eab844b9e53a2e24bb01d,1,50000000000000000000000,50000.000000000000
2024-05-01,93,2004415883,eaa018ad6f3c96c8c3a4918275aa4392662d18e8,1,50000000000000000000000,50000.000000000000
2024-05-01,94,753257963,6608d5342ca0fc0acf0c334c2496f1542af1fc71,1,49999903028000000000000,49999.903028000000
2024-05-01,95,1234925903,00481898361901f3e49bfe3e40872d09e93c2c11,1,45109026920140667499585,45109.026920140667
2024-05-01,96,1992208072,b3590d79cfd34293cfb29d487197f9dcca897f60,1,44048205620807563514006,44048.205620807564
2024-05-01,97,1936592723,b19bc877addd6132a50151d61fe8aa383c00541d,1,43378389115047043246506,43378.389115047043
2024-05-01,98,494081559,dd84ce1adcb3a4908db61a1dfa3353c3974c5a2b,1,42042314184824039478911,42042.314184824039
2024-05-01,99,1973513437,ba53d9fb6af2db00d462021ba75a6e9a06881039,1,40449610959220000000000,40449.610959220000
2024-05-01,100,1796158270,833b99b27dac651d02080f5e220e929df891db06,1,40436518250276170983240,40436.518250276171
2024-06-01,1,882940793,f89d7b9c864f589bbf53a82105107622b35eaa40,342,6023113165566160000000000,6023113.165566160000
2024-06-01,2,1861713724,1ab4973a48dc892cd9971ece8e01dcc7688f8f23,39,917155366697770000000000,917155.366697770000
2024-06-01,3,1764601375,58edf78281334335effa23101bbe3371b6a36a51,18,158418060738910000000000,158418.060738910000
2024-06-01,4,1712245736,6d0d19bdddc5ed1dd501430c9621dd37ebd9062d,13,1682640000000000000000,1682.6400000000000000
2024-06-01,5,2067156191,bc469c0ac87dae142883d23cfbab7d128f55ba55,8,893000000000000000000,893.0000000000000000
2024-06-01,6,2067245683,d78ec7e40459e1bbefa186b6872915b3a72bd616,8,885000000000000000000,885.0000000000000000
2024-06-01,7,2067178571,cee89590b734305920eb9edcddd53979c49366a8,8,861000000000000000000,861.0000000000000000
2024-06-01,8,860790791,04c53f413300addfe8626e3073920c0db29d6fb7,7,35306452747230000000000,35306.452747230000
2024-06-01,9,804737434,48c04ed5691981c42154c6167398f95e8f38a7ff,7,17701047711360000000000,17701.047711360000
2024-06-01,10,2069351760,e3eefa0ddcc4b4803be00e459ba189f969d80229,7,773000000000000000000,773.0000000000000000
2024-06-01,11,1745100139,ede1faaf984763a544ac3e95b4198434c552a2a3,5,40128230000000000000000,40128.230000000000
2024-06-01,12,1949315164,4fa2b394436efa33b82c0937f5cce8044602c0ea,4,714660407744689667185144,714660.407744689667
2024-06-01,13,746433710,406d39cab61d587610a674ad8d0eae7214d460c5,3,600000000000000000000000,600000.000000000000
2024-06-01,14,1811844463,a24403595c2d5a54aec42b77150f923d7838d4b9,3,299580000000000000000000,299580.000000000000
2024-06-01,15,1956859435,350777bf5490b55bf271866e1caae579f53e8eb9,3,150000000000000000000000,150000.000000000000
2024-06-01,16,2061288984,92ef82633c904eeb4bcaa7276e5dc081f77e4444,2,900207834808895278702819,900207.834808895279
2024-06-01,17,2073517802,da7494c5a27b54cce62ca0c58303a5af8ca6df15,2,399939122493732981415070,399939.122493732981
2024-06-01,18,2022869787,a7e376e050c6195f46a28289a51598ec6bb4ebc6,2,368479198333417361983993,368479.198333417362
2024-06-01,19,1390811126,d658e07f51ee3b3b5dfb1238ef6aefc7287d2f58,2,299507000000000000000000,299507.000000000000
2024-06-01,20,920378918,5bba7d169b3bf51558e53641e22a40526b26c369,2,280601307355179266028656,280601.307355179266
2024-06-01,21,1434182941,667840ea0c7a55fe710b62d76c8794b73fc58c0d,2,134903530000000000000000,134903.530000000000
2024-06-01,22,1483851087,7c6782476e29fb26e1556fba058eb7eced93d327,2,108099840000000000000000,108099.840000000000
2024-06-01,23,1102723750,f1c7e19a34cad5c49a79dcdea2406668fb1dcb8b,2,56699956475290244383086,56699.956475290244
2024-06-01,24,1116414805,bcd93566ee5c12ab20a01cdd26c68b55eefbac61,2,42752820000000000000000,42752.820000000000
2024-06-01,25,1921335854,a9b50fee028ff0de5f234ae62b8e169bb5cb0f60,2,37500756332030401079641,37500.756332030401
2024-06-01,26,1702166084,0804fe007dce1e12d87e72bd68e84e626028c1f3,2,32298659247588044377528,32298.659247588044
2024-06-01,27,1981486133,a781376098cbda8684a0bb41ef9544922aa22b6a,2,21391303704201821857107,21391.303704201822
2024-06-01,28,1705463067,fb7151084810adf2e11c2a3e5683466aa08b3007,2,12976000000000000000000,12976.000000000000
2024-06-01,29,1945479885,a09e0041853cc8008f87cd333852e092136ffacb,2,10000000000000000000000,10000.0000000000000000
2024-06-01,30,2055057742,a17af1dc85c8ed7c93a8bc96d4aad8dfaf5433af,2,9584980045000000000000,9584.9800450000000000
2024-06-01,31,1921757181,64ad2fbe526f7d19299afbe8537fddfd699bc075,2,8008010000000000000000,8008.0100000000000000
2024-06-01,32,1992261931,1a1104edd92f68c657cb108acd3132827cdb610a,2,5967255983421000000000,5967.2559834210000000
2024-06-01,33,381304277,141fef8cd8397a390afe94846c8bd6f4ab981c48,2,4843373696716623551372,4843.3736967166235514
2024-06-01,34,1642072699,3dd8a4db86249d2dd329dff6a5bb41c49352f721,2,3797716918451717206503,3797.7169184517172065
2024-06-01,35,2046444453,56528795fc315a2b9a63f7f8d3ad8bb98bd9ad3d,2,3652820000000000000000,3652.8200000000000000
2024-06-01,36,2038302344,4dfd36978463c05785f6dc9ae2ab8abb49e0e1a8,2,2014000000000000000000,2014.0000000000000000
2024-06-01,37,1975620237,45d3ef64ba0cb4d3e4fed1ce4785c7fa724074ba,2,1800000000000000000000,1800.0000000000000000
2024-06-01,38,936147936,046020bf59d0896371c0388baca5549e566b2f73,2,1296232479062572911263,1296.2324790625729113
2024-06-01,39,1901726307,1cb21c9634a974791111d8835513b3d6a5894bf4,2,1123144977349385998912,1123.1449773493859989
2024-06-01,40,2031873498,32f06adac21dec313b0d75a65436017b1bae59ea,2,1100000000000000000000,1100.0000000000000000
2024-06-01,41,1990538167,91238ee7a5d4d37454a879c8b02c19386532a464,2,1010000000000000000000,1010.0000000000000000
2024-06-01,42,1820237703,8fca4ade3a517133ff23ca55cdaea29c78c990b8,2,900548699750000000000,900.5486997500000000
2024-06-01,43,2054855378,6afa5635d4482e2737bb1588276952ae2419fffe,2,666069540443843838459,666.0695404438438385
2024-06-01,44,1205810540,0000006d14ce3cf81449c3ba1f26108df0a4de8b,2,603016364008885047614,603.0163640088850476
2024-06-01,45,2063582079,b30cee179bb130853fdd25d2fd0f023f1535f070,2,599238308700000000000,599.2383087000000000
2024-06-01,46,1410995224,99ba443054d3cc44fb5e375f19cd9c0d106f5afd,2,77700910696479937146,77.7009106964799371
2024-06-01,47,2062724099,d7aa240292ae5b8ed451be83d9bcc9faa27a16bf,2,64000000000000000000,64.0000000000000000
2024-06-01,48,1877392883,c40091d4fbba534777dfc685710bffeb141c4250,2,3000000000000000000,3.0000000000000000
2024-06-01,49,1592409003,1d90f97b87c6e4da1a125040ac6dd8731008f796,2,1000000000000000000,1.00000000000000000000
2024-06-01,50,1835611965,521147999dedda5918627b15a8386ce6175a4ccb,1,2491453836715759520532489,2491453.836715759521
2024-06-01,51,1966256619,4562542378de676d05b837d92f17d609065ac552,1,2291211520000000000000000,2291211.520000000000
2024-06-01,52,1954645225,a542b55ede9ec2dadff0803b98b46d94cc471174,1,1700059415000000000000000,1700059.415000000000
2024-06-01,53,1438021540,a5995359b9941e060e366b4ee3ebb6a9f47649be,1,1400000000000000000000000,1400000.000000000000
2024-06-01,54,753240519,418aa6bf98a2b2bc93779f810330d88cde488888,1,1035269138118813426380186,1035269.138118813426
2024-06-01,55,1783865226,e7eca8ee29ce17a58e6daaed1b2654e809636f53,1,997372839246249079387771,997372.839246249079
2024-06-01,56,1096848036,4728ab363bb9edbbcf70ab53fb948437315810cc,1,891523611211065070152749,891523.611211065070
2024-06-01,57,1801671073,9d91b3d7990f16c86b4169f7d020e30e9b8c7bb3,1,704653616123179343990288,704653.616123179344
2024-06-01,58,1950275459,67cc971a96a1a0eabeb48d5ba4544a25908b5a7e,1,679235601481473177840447,679235.601481473178
2024-06-01,59,1964762297,e4ccb8bebe2224e02336c5fa2be4186715216131,1,654201377837158818987259,654201.377837158819
2024-06-01,60,2045702515,12c6a8d4928fa4685474b0e2def82adec9e5650c,1,623262271709262137291331,623262.271709262137
2024-06-01,61,1973459980,ed0c6079229e2d407672a117c22b62064f4a4312,1,599374894000000000000000,599374.894000000000
2024-06-01,62,2043333830,e06c5938afb94d3604c7159f3084edc5a3886fb6,1,598794809668395788752651,598794.809668395789
2024-06-01,63,1415635849,5fe77169ee8a147ee63662160449c9bc84570f3b,1,551250000000000000000000,551250.000000000000
2024-06-01,64,1576005586,b902fa5db702561ee9dab2bb765050c0c8e2036f,1,541122748363958878889554,541122.748363958879
2024-06-01,65,1821343620,1f4059e3a39d2a2304f65dfe8b0c54a351d005c4,1,500000000000811229650222,500000.000000811230
2024-06-01,66,14827295,adf5e32eb413e62dc072aa5fd12f19a115ac3c12,1,499615577000000000000000,499615.577000000000
2024-06-01,67,1883105353,5d0e2f8fcd9fdcf53f15a988eea53b51e50a59df,1,498537632444441135192342,498537.632444441135
2024-06-01,68,2042237695,023b46ebe6144bca1eab1cdec8e698d1a28e9a72,1,445936239343438995920902,445936.239343438996
2024-06-01,69,1976166453,c3aab477f9279ba2d4697f804518fa91696de042,1,419427306088644431000000,419427.306088644431
2024-06-01,70,1582142084,a4159ea134253bac6da80fbc2f06cd727186a828,1,409586879131174765493535,409586.879131174765
2024-06-01,71,819863279,a00b0540f43e00a634d016a31b0a39d95170e6bf,1,399781846951745099195460,399781.846951745099
2024-06-01,72,889595162,8e1493554901ae0e5cfd17bfb5a860e6a21a1901,1,399775332913179742466404,399775.332913179742
2024-06-01,73,1856431681,9f5237babaef17324d4fc577a35dc0c40d4e2164,1,391006077262607648289877,391006.077262607648
2024-06-01,74,2045519717,c7d2eec4bdd3c3acbda408ee028934888a27b606,1,380000000000000000000000,380000.000000000000
2024-06-01,75,1825979234,e5a6ea7214df53d14b8bb4ea8967f80feaa55011,1,319764852548071817544521,319764.852548071818
2024-06-01,76,2053211584,ce45a69c6f63e949a0ac712ac6a7cab9d7a53b94,1,275888556515063329406283,275888.556515063329
2024-06-01,77,1622643268,58c641ad788fdc393f5ad5b9ae8d1aff90f6659a,1,273290000000000000000000,273290.000000000000
2024-06-01,78,1385167973,c8810fde8e6f0911d8b180e03c367b2a2838bad6,1,250000000000000000000000,250000.000000000000
2024-06-01,79,1839108436,0a421aea6ee6469deffca736e5864f92ea398336,1,250000000000000000000000,250000.000000000000
2024-06-01,80,905732485,f595f488ea4e994511a3242b24503f38adc6a77a,1,235000000000000000000000,235000.000000000000
2024-06-01,81,1419875650,3efd6dae4295902987075467e62666bc9ff50ac5,1,229751850748246237018524,229751.850748246237
2024-06-01,82,1391143381,7d1177bb7128575451aec8ce611bcf01eb3643e7,1,209878307766124907449794,209878.307766124907
2024-06-01,83,1911095003,59426902b232182a6e833903761ef617e1375f83,1,202446638575894593587116,202446.638575894594
2024-06-01,84,1863399075,364f818d34b0ef1e69ce337140056faaff8f18e9,1,199871307766839891815415,199871.307766839892
2024-06-01,85,1558558939,4aa2fe6eff94babd6b9a1534410c003cd5a89788,1,199862284518829983977749,199862.284518829984
2024-06-01,86,1974099906,75fa38284279e8d0a733ca1004db44e25ec2ce98,1,199861353321240000000000,199861.353321240000
2024-06-01,87,1892840917,947cc9d4bbf55669e3f2fda246d9a962380feff3,1,198853052530656079926754,198853.052530656080
2024-06-01,88,587442985,5dffdbcdcfb4293f2ee961044c3f360f40d4ec79,1,174924286891434996737712,174924.286891434997
2024-06-01,89,890154364,cd812016b15e1937e281b7b7b1f1654e54cc0818,1,172478740988932850085630,172478.740988932850
2024-06-01,90,1975063101,41150a95a5e92c9fde2c645441e8ef761f6b35f8,1,159988006211272308050280,159988.006211272308
2024-06-01,91,961691409,da39e48523770197ef3cbb70c1bf1cccf9b4b1e7,1,150000000000000000000000,150000.000000000000
2024-06-01,92,1834587184,ebe261438943f3c1f5e7533a9ba64628fdb31489,1,135508000000000000000000,135508.000000000000
2024-06-01,93,910300987,6a553970d1c03493fc3b1df43022939a0b0b818d,1,134286545295000000000000,134286.545295000000
2024-06-01,94,1649013991,3a333726f865b86d35cee03805a949c2c9e2bb10,1,124337920137934686040671,124337.920137934686
2024-06-01,95,2001390204,f1dadf11219e31a9dd98277fcebde57fb5299080,1,119631591420123384000000,119631.591420123384
2024-06-01,96,2012962514,446e226b5f1a1586bb4570cabb0aa70308c6e1c6,1,115145611439581418060100,115145.611439581418
2024-06-01,97,1124528053,696339c0ea108a2cd880f7aab102e19759f09024,1,113900000000000000000000,113900.000000000000
2024-06-01,98,1817987022,abe1a006c31497440aef2bcd1bc7550bc3fd8ed7,1,109932246272915817848434,109932.246272915818
2024-06-01,99,759479746,40faebbca9316f50168e260a316373a86be8505f,1,104669715153250000000000,104669.715153250000
2024-06-01,100,2053172434,baad3cf1ea366757a5de2e19e72ae0c731b626d5,1,104047926828743562211838,104047.926828743562
2024-07-01,1,1861713724,1ab4973a48dc892cd9971ece8e01dcc7688f8f23,138,6286718164086310000000000,6286718.164086310000
2024-07-01,2,882940793,f89d7b9c864f589bbf53a82105107622b35eaa40,127,5475820165011210000000000,5475820.165011210000
2024-07-01,3,1764601375,58edf78281334335effa23101bbe3371b6a36a51,14,186324399110160000000000,186324.399110160000
2024-07-01,4,1957957963,ee46101c2f4194866189c0e020ec661194ee5998,14,59500000000000000000000,59500.000000000000
2024-07-01,5,1949960184,4c4dbbe55f71419c0ac47de1607eb2e5c95c4507,6,30000000000000000000000,30000.000000000000
2024-07-01,6,860790791,04c53f413300addfe8626e3073920c0db29d6fb7,5,7819423058570000000000,7819.4230585700000000
2024-07-01,7,2029791805,c9d4e02e2017bbdee2bf50971cadbfc82fc33bbe,3,89999000000000000000000,89999.000000000000
2024-07-01,8,2080713286,9aa5b23363547f09cff00572a7c12ce3c9642ed2,3,8799999896095473576936,8799.9998960954735769
2024-07-01,9,1985521664,fdf4e25f929544f8fe164eb90e1cff3a5a391631,3,6098955064000000000000,6098.9550640000000000
2024-07-01,10,1917881082,ff46609f2a1fc385f135d0c54a02a981fd747b2c,3,3961958897899914549073,3961.9588978999145491
2024-07-01,11,443939389,a12be66dc0c7f33050692b7ccf44723454e5c1a0,3,2425774263430600000000,2425.7742634306000000
2024-07-01,12,1974278510,196ff5bdef0adb23cec2ac6429f01c67774bd4f3,3,750000000000000000000,750.0000000000000000
2024-07-01,13,2013884787,c3b99cd362894c8dbf2a8e2dedf597db77a975ef,3,550000000000000000000,550.0000000000000000
2024-07-01,14,2054068373,c914d1e86ab4a58c18300b20a834b00847fe77e3,3,5050000000000000000,5.0500000000000000
2024-07-01,15,870280168,6c9a8e12106aece721c7e3cc7770960fc86b37f9,3,3000000000000000000,3.0000000000000000
2024-07-01,16,2107618271,037c3ecef7e3a95debb233990795f547e4b8b903,3,1510000000000000000,1.5100000000000000
2024-07-01,17,1916022401,9bc7cbbba4a61c3f0f7773ef629221603ed61b87,2,1094090004714658620488575,1094090.004714658620
2024-07-01,18,2061288984,92ef82633c904eeb4bcaa7276e5dc081f77e4444,2,300007288180345566000000,300007.288180345566
2024-07-01,19,1010752073,a97a3a828335a8612d340f609622de92753c5b96,2,180000000000000000000000,180000.000000000000
2024-07-01,20,1712245736,6d0d19bdddc5ed1dd501430c9621dd37ebd9062d,2,36054633528250000000000,36054.633528250000
2024-07-01,21,1960028601,878b9ff0aa2022dc3913f320533d83f403e439e2,2,12520153777628979303059,12520.153777628979
2024-07-01,22,1974189597,07bdb51309dd467e1fa2618d884fc7efdf3c4736,2,10000000000000000000000,10000.0000000000000000
2024-07-01,23,1965974378,dcf43233e7504a2359e2322b1fbbf8b53655d686,2,9678476169011036103672,9678.4761690110361037
2024-07-01,24,2081052092,35ba2dddd5ba702d55dc18856e06a337251ddb87,2,8603127027637471716440,8603.1270276374717164
2024-07-01,25,1981676915,aa4d0f9506b8514289c28ceee60c418ef97b5151,2,5885799677268688240326,5885.7996772686882403
2024-07-01,26,1975630857,109d95b6b515cedd41aa4fb4c503190977a13974,2,5020777688076050000000,5020.7776880760500000
2024-07-01,27,1821652729,44c63ae56c188ad85aa1530518263fc4187dd6ba,2,3062221050349417455167,3062.2210503494174552
2024-07-01,28,1483851087,7c6782476e29fb26e1556fba058eb7eced93d327,2,3015000000000000000000,3015.0000000000000000
2024-07-01,29,1444555001,888c15c949a7bb3360bf023944db440138c4946e,2,1760488550821552588376,1760.4885508215525884
2024-07-01,30,1381091406,cd5bd47d3d1d8412b241ce9015c5032142948c12,2,1707175742950000000000,1707.1757429500000000
2024-07-01,31,1219741418,084f1a3ec5d2c5c3da6126a262d0d9f19bfee12c,2,1078116967906572761243,1078.1169679065727612
2024-07-01,32,1996766603,f8511bb483f9eb8c52e01066646b141a35fe2893,2,893574746014407677849,893.5747460144076778
2024-07-01,33,2088369216,fcc686a0674b0c5ae13b98669eefa8490ef2633d,2,791630752336832854564,791.6307523368328546
2024-07-01,34,2095693574,e46d60ebb78831b026e4d46c7c00efb6c22cc0a1,2,67000000000000000000,67.0000000000000000
2024-07-01,35,804737434,48c04ed5691981c42154c6167398f95e8f38a7ff,2,15490309620000000000,15.4903096200000000
2024-07-01,36,2002938645,a9b84cb6f8888b86e9f3e72c654e75341724e5aa,2,8320144000000000000,8.3201440000000000
2024-07-01,37,2070122632,c38add300cb29d7dce0542d571290591dcc9e5f2,2,33990027714771366,0.03399002771477136600
2024-07-01,38,746433710,406d39cab61d587610a674ad8d0eae7214d460c5,1,4000000000000000000000000,4000000.000000000000
2024-07-01,39,1675424407,81d2b644b64296725a7de123b965b699a165aa79,1,2901639745835656371230295,2901639.745835656371
2024-07-01,40,1956524803,33541a6b380720c79f1bdbf2f120f9ceed8403be,1,2689613264326223269000000,2689613.264326223269
2024-07-01,41,2106972925,8c82c4a38cd832b9237826b2fe4379b7fb184f35,1,2179371191411000000000000,2179371.191411000000
2024-07-01,42,2070628960,c4e01c638065d1e7bb25596b85d73e1f85469d7d,1,2007163078990723007875482,2007163.078990723008
2024-07-01,43,2112578944,36f91853114cbb5c6b2758a5fc00d6b82ba8167b,1,1381684590774564263300648,1381684.590774564263
2024-07-01,44,1963623630,aa4cf724a400f6fc7e25e177fc6ef68857712285,1,1373506364621547831170544,1373506.364621547831
2024-07-01,45,2086116889,f3aa67e15026aeac68d7091425d90e68976c5a14,1,1373449020437326085642607,1373449.020437326086
2024-07-01,46,1989214197,49915eaf50bffbaaf0219c4d0f29045722c5f9e8,1,998624143083191299019062,998624.143083191299
2024-07-01,47,1963616948,3971e238a194c77ad085f81f295fcc86221ae696,1,888450852930977169666819,888450.852930977170
2024-07-01,48,654536341,71ce5058e55abb09b3813e90496df5e3a3a151e8,1,716076000623036052921349,716076.000623036053
2024-07-01,49,1804333209,b39862e5287aa1a51dc78f733b15ab65fa1c0ec1,1,618998552629590072752230,618998.552629590073
2024-07-01,50,1598519563,a501677470278d37d21e304010b0efbe1e3b9355,1,600000000000000000000000,600000.000000000000
2024-07-01,51,2051104640,22aaa22ebcb87b31d8f78e0c34310a4644ecd589,1,571586508286315330264288,571586.508286315330
2024-07-01,52,1544912566,8303a1bff1dfafce8d8361e36c706705176ada86,1,500300000000000000000000,500300.000000000000
2024-07-01,53,1989243390,3ca02b8e131fbbfbb8653f287a11c36e6d50b3c7,1,499341974418645084070598,499341.974418645084
2024-07-01,54,1795750664,c23a23d95a6a49d8b3eb70df91ea6a550ca2daba,1,392382402737340220641315,392382.402737340221
2024-07-01,55,1290799501,ef4cb37a94ef06958063b406e96c1a8b201d2699,1,375292720158620000000000,375292.720158620000
2024-07-01,56,1919334295,a43865b38cb8ff616af3eaa333486404a7d9912c,1,318333930904864595530073,318333.930904864596
2024-07-01,57,859037635,d3e0d660d8fab05b34ccb7fe7681628d9a46c675,1,300000000000000000000009,300000.000000000000
2024-07-01,58,60876,14dcae28535c4ede02d0b7ec4d5257f7326e0bf9,1,250177883456404788993364,250177.883456404789
2024-07-01,59,1961754866,205765a97e2c54ab5571e04a8d7eefa3de3f8117,1,215169480535666496014949,215169.480535666496
2024-07-01,60,1955472269,6541ee02afaadae3b7a46d552008f42a2d01c512,1,200045190859279029124708,200045.190859279029
2024-07-01,61,1561260869,4c9e87ff9769d724c608758fa3b0e87d66cb091e,1,199181343130132352927343,199181.343130132353
2024-07-01,62,2110030659,5d03b8ce0f3a3e58bcf20ba3de7bebee0c365a26,1,196000000000000000000000,196000.000000000000
2024-07-01,63,1804161472,ba146536cc1585b2e192358263197ac1dfb87639,1,188562116805911872284650,188562.116805911872
2024-07-01,64,1935557082,abdbca561f51626a217cbacdd95fcbd95b6484ac,1,171199000000000000000000,171199.000000000000
2024-07-01,65,1919228723,c8084f0227d4f857ec9d48c481abc040ec4a4f1f,1,150931670288873037372119,150931.670288873037
2024-07-01,66,1138274915,038a0c287296ef1801c5e4e56d4ea2f3232544d4,1,150000000000000000000000,150000.000000000000
2024-07-01,67,2068672296,74532e036a9815be07f98e02fa340f5f442e653e,1,150000000000000000000000,150000.000000000000
2024-07-01,68,1628019543,1e48f1007fa133f643941d58cb6b080dc621e773,1,143715379916854832995011,143715.379916854833
2024-07-01,69,1890245477,8a3c59048908844c355ee6d650b7016c33b450b3,1,140000000000000000000000,140000.000000000000
2024-07-01,70,172334,9235397b559382a9ea7646280a38e31b12af4cf6,1,133864561638401729322478,133864.561638401729
2024-07-01,71,2078440928,9e47f24db2fd4877d3aa013daaaa2abb6099a31f,1,130859004666510343000000,130859.004666510343
2024-07-01,72,2081197980,e9884f4b85d88cf87e68a8677abbcf83dbd64898,1,125000000000000000000000,125000.000000000000
2024-07-01,73,1096848036,4728ab363bb9edbbcf70ab53fb948437315810cc,1,121496876910794612788791,121496.876910794613
2024-07-01,74,803142803,07d6bb77118451425511744cabc92fb58ce9566e,1,120000000000000000000000,120000.000000000000
2024-07-01,75,751147970,9dce437923dd00894c38ed38f9a20c8948c05480,1,116727473470688420651128,116727.473470688421
2024-07-01,76,396104997,f748879edbe8cca140940788163d7be4d2a2e46a,1,104607793337035539640385,104607.793337035540
2024-07-01,77,1890565685,cd60678472acfdaba912fff2ce85ce54fb556fab,1,102856451271897260000000,102856.451271897260
2024-07-01,78,931267922,1c883820af4e18178069258ea61e1cd0a6b1de41,1,102777219372677588852267,102777.219372677589
2024-07-01,79,991429561,47798dc3057dfb1612de932e7d2c7efa4fc421ca,1,102266761459436539385811,102266.761459436539
2024-07-01,80,1963634070,b0ad83f09a4ca40a1a54d4a938f7a82ceacecc84,1,101637000000000000000000,101637.000000000000
2024-07-01,81,2048426163,acacb98d4419e37aec57b738f7b2f6982d0075bb,1,101276261030852288825473,101276.261030852289
2024-07-01,82,1967722338,61ab6a0e1aa91b3fb715916e76938c07e8a2f181,1,101127571842317229926203,101127.571842317230
2024-07-01,83,1893769035,aa7637d371fe5c04259e044cd34876a1d699a9ad,1,101030000000000000000000,101030.000000000000
2024-07-01,84,1849850449,7c36ed92f5d5058f5aaea2ac2abcf86da607b7fb,1,100910208759420000000000,100910.208759420000
2024-07-01,85,2073189072,ae5c8c54fee1b9acec8fe23baabcbe9599b57e74,1,100111535105421452022011,100111.535105421452
2024-07-01,86,2098581957,c2b5d56e36503fda4e32e74137fb4285ecfa4e2e,1,100025797824001314516847,100025.797824001315
2024-07-01,87,2107102912,f66b4c013f168e4470864a04241ec93c06637958,1,100000000000000000000000,100000.000000000000
2024-07-01,88,1528626148,499ad7d5b5cda2467a849a334057df7f21dcadda,1,99999000000000000000000,99999.000000000000
2024-07-01,89,1784421430,ab575ba76fc1d1905f7b04f7b64e92d0ad964a12,1,90000000000000000000000,90000.000000000000
2024-07-01,90,1590310167,674453fa2cc2e579c8ef39e4f88fd98cc960ed95,1,89998066200000000000000,89998.066200000000
2024-07-01,91,2083746235,f10f9f48390d67d402feb89d623d1f0ca42fa462,1,89662345881756759672525,89662.345881756760
2024-07-01,92,2029146117,c54509b0e354ccb8a377f3612e466a5a5232d0e9,1,80000000000000000000000,80000.000000000000
2024-07-01,93,1930519784,655b35f11006617696a4b31978ba4c078b6b7145,1,79674685208637919217671,79674.685208637919
2024-07-01,94,1042150721,c6491d4e5873d0c9bf81087b90f095c848f106e9,1,78182656231984928877807,78182.656231984929
2024-07-01,95,1977663833,af973f5e9c84f574e5a092cd86aaf28f734505f7,1,77979199774830000000000,77979.199774830000
2024-07-01,96,2000415290,7bd811ffb55168f940e398e1ab2ec2c86ea07f10,1,77337302567832850133890,77337.302567832850
2024-07-01,97,1426408597,4fe9535357350ed05e2899eb0695c9a758f63848,1,76837934904652242391921,76837.934904652242
2024-07-01,98,1886715103,d3fc05cf2a06c0db2965b793f4894fdf9476c686,1,73476635284811296942839,73476.635284811297
2024-07-01,99,1629888900,6e2cce29c459ce60a9ba267cb10d7bb3b7a939c2,1,71045114042463763802105,71045.114042463764
2024-07-01,100,1643750620,bba851e8a621f88a213c9dae27ab758ef2a3e6ba,1,70443639545482206628097,70443.639545482207
2024-08-01,1,882940793,f89d7b9c864f589bbf53a82105107622b35eaa40,110,17153221690628080000000000,17153221.690628080000
2024-08-01,2,1861713724,1ab4973a48dc892cd9971ece8e01dcc7688f8f23,109,5726948233293370000000000,5726948.233293370000
2024-08-01,3,2139657362,baf61aa50e9c6ab914e28045dd0992da5cdfd21f,10,259000000000000000000,259.0000000000000000
2024-08-01,4,2069523289,e459f2d3a42d22149562669bcab427ce22373df1,7,182000000000000000000,182.0000000000000000
2024-08-01,5,2048213750,8cacad8f692824da5cdb8f49ce190df74c279ccc,6,386149340879739168948,386.1493408797391689
2024-08-01,6,2139261438,8f405603a964f5e80ed38bbd852ebac3c3215660,6,176707029108681019703,176.7070291086810197
2024-08-01,7,1632962699,e898630505c126dfd532f80dbcf5f74250bd9dca,5,2428800000000000000000,2428.8000000000000000
2024-08-01,8,2127577320,fd5d8d682e78da31d17ed9b3313780f8f16ebaa8,5,184569141242912000000,184.5691412429120000
2024-08-01,9,2123334662,ede1436afc5dd469f15b291986ce7c201ba6ff91,5,155000000000000000000,155.0000000000000000
2024-08-01,10,1720276273,19d02acc8c4cfc19ed0483cfee08af09ce592252,4,4510000000000000000000,4510.0000000000000000
2024-08-01,11,2139795766,de44e67c531be6f36b0fb825107282e731fa21f0,4,104000000000000000000,104.0000000000000000
2024-08-01,12,2117633678,a9ed0db00e5c29e7e18a55db159ea33fb5fea60a,3,5001013915959985624354325,5001013.915959985624
2024-08-01,13,1438021540,a5995359b9941e060e366b4ee3ebb6a9f47649be,3,874305000000000000000000,874305.000000000000
2024-08-01,14,2099313824,ef18da1cb955e71765c7ac434b6fbfeaca10f034,3,70274000000000000000000,70274.000000000000
2024-08-01,15,914711597,9a2d82e134fd7b79cb0445a8f5f0afab34760a53,3,1194908675597224648633,1194.9086755972246486
2024-08-01,16,1398946008,75f047253a2baf70275780f7f72e181462061e14,3,150723188071737830294,150.7231880717378303
2024-08-01,17,2043333830,e06c5938afb94d3604c7159f3084edc5a3886fb6,2,4097092172349345753981983,4097092.172349345754
2024-08-01,18,1790360734,2a73295a9bc6f4bc998fe5a02f8f74b8e1a1d0d7,2,400000000000000000000000,400000.000000000000
2024-08-01,19,1872222799,cea292daa1d95c83da4814b9ad07dae391950fc0,2,192007437141325105763336,192007.437141325106
2024-08-01,20,1167061428,199d28f8346522fafe309a531e18bc81260fd239,2,100101000000000000000000,100101.000000000000
2024-08-01,21,1856437605,7b9e2fb7c4a62584fe9391303782031b7b597c23,2,95870932553906112858500,95870.932553906113
2024-08-01,22,1277668340,35e2a11f743a43f00381a0aeb6764322ef1eb788,2,20001000000000000000000,20001.000000000000
2024-08-01,23,2112664510,a44f87ac52b8b5e7fc9d21e2b90177957bbcad81,2,11794432491434331605277,11794.432491434332
2024-08-01,24,830283174,111eaa31b2a1484191cf7eaf495beddc12469f38,2,7400000000000000000000,7400.0000000000000000
2024-08-01,25,860790791,04c53f413300addfe8626e3073920c0db29d6fb7,2,6211299890420000000000,6211.2998904200000000
2024-08-01,26,942504826,da6b5f1fd0b81ed81ddb9ad84f07912b3ee21de3,2,5333070000000000000000,5333.0700000000000000
2024-08-01,27,888928772,b059f585b992cf8b80448470ad9d055b9f9d0808,2,1290540636659592648341,1290.5406366595926483
2024-08-01,28,1916950519,2209b9e6d5179f4635468d9fa655615e5324c4fa,2,1187604426951830599694,1187.6044269518305997
2024-08-01,29,2001779650,6007ed24f3edea47e3ad66d90d47541bc5cfac99,2,1100000000000000000000,1100.0000000000000000
2024-08-01,30,2068858696,145ee1809f361d6f808dc09845866c882c93d92b,2,798601143233173700402,798.6011432331737004
2024-08-01,31,735578690,94dbe9bf1fb3ff67c3c5c7f34e4f27816b4cf558,2,582916662822717963755,582.9166628227179638
2024-08-01,32,1876419371,7257e00d0d6a513165efb254f27988ac8f2092ee,2,120847637233538568388,120.8476372335385684
2024-08-01,33,1039321955,6cd66dbdfe289ab83d7311b668ada83a12447e21,2,110000000000000000000,110.0000000000000000
2024-08-01,34,1536798102,5eac117187cac1e5654080835b086776fe2ec179,2,101000000000000000000,101.0000000000000000
2024-08-01,35,2031517436,2f0cf65b109b0fcfc038d4039593e99ee63ee273,2,82994292052769406232,82.9942920527694062
2024-08-01,36,1602096637,044e0786a2b354aab35fd72c98673813c4c321a0,2,75759157527532880000,75.7591575275328800
2024-08-01,37,2031602088,6756c25833bfb98113801d8a9a1f0f02f0139e3d,2,59000000000000000000,59.0000000000000000
2024-08-01,38,2031613782,de1b80f149410d00a2eedaeac0024594ad6294fb,2,56000000000000000000,56.0000000000000000
2024-08-01,39,2138327564,e4fbe4c3aa36700875ce0bb18ff201062f190671,2,54000000000000000000,54.0000000000000000
2024-08-01,40,1441890000,67e4f291e89420c0fe611863bb9139e7dce82fb4,2,52755000000000000000,52.7550000000000000
2024-08-01,41,2139674259,1eae8bb938a27e926b3f3d15e4f341acf241789f,2,52000000000000000000,52.0000000000000000
2024-08-01,42,2141498550,79948969d7363cc5b36a939cd766bf9466d92797,2,50000000000000000000,50.0000000000000000
2024-08-01,43,2144785992,c2dcff234e4d9bfe0f964b56ad76a21f278aabea,2,37248268548408732483,37.2482685484087325
2024-08-01,44,1712245736,6d0d19bdddc5ed1dd501430c9621dd37ebd9062d,2,27490000000000000000,27.4900000000000000
2024-08-01,45,1603117039,18276d403e7ceb8df49abb0746141d87e8d13708,2,25000000000000000000,25.0000000000000000
2024-08-01,46,1915828311,675d89946a63bd80849f03398e5ab59d1eb63273,2,21000000000000000000,21.0000000000000000
2024-08-01,47,1965749427,ca03647db18e5c53a3616ab89cb72d65686aade8,2,8000000000000000000,8.0000000000000000
2024-08-01,48,1239850575,f6b521a205424bd5f29ab48ccb30d4f5e7b82757,2,6005574370393567435,6.0055743703935674
2024-08-01,49,2054068373,c914d1e86ab4a58c18300b20a834b00847fe77e3,2,600010000000000000,0.60001000000000000000
2024-08-01,50,1025622048,e58cc28797d717420b309fb9fed22878c4055614,2,400000000000000000,0.40000000000000000000
2024-08-01,51,2087961881,22a709eece6ee82293e5fcdeea7ceefdefd499cd,1,3499625424107376070854330,3499625.424107376071
2024-08-01,52,1950254944,22b6f518acd6e51c1aac905aaf6b27fa6110c2d2,1,2497688674156845290082519,2497688.674156845290
2024-08-01,53,1908168346,c231c2e35532825968715ff8187776ef731529b2,1,2337700130716077879082061,2337700.130716077879
2024-08-01,54,955081280,4307b4c9d5a48ac7cb112ef6af7fbeff5efa6af7,1,2186120499144247098504625,2186120.499144247099
2024-08-01,55,1151643408,777b943a861babb31eb4eeef137845f79029f319,1,2132814696336918591981884,2132814.696336918592
2024-08-01,56,1804345379,c08b122fb1057149f55d49d3d5cea0d083b37ffb,1,2000000000000000000000000,2000000.000000000000
2024-08-01,57,599491486,bd1d7db08ee482204435caa49a99538de4c71c0e,1,1999039313329429805044146,1999039.313329429805
2024-08-01,58,1885895822,440255c51109df3e549ca343a2b4a06f9059ffc5,1,1883953569380023234867530,1883953.569380023235
2024-08-01,59,1207171169,73a9ee34eaa91046b12e7598a540f28fa1b590a6,1,1880062963140010302418311,1880062.963140010302
2024-08-01,60,1702166084,0804fe007dce1e12d87e72bd68e84e626028c1f3,1,1563849135701000000000000,1563849.135701000000
2024-08-01,61,1924162553,a945e9cd8e44c5dc148e6b22786caa3b8f83cea0,1,1289800722393772982343681,1289800.722393772982
2024-08-01,62,1920702529,85a275aa320554997f6702589cc51bf4cbb651c2,1,1015006064066902074355775,1015006.064066902074
2024-08-01,63,2052579122,5602605a0a3c9ca48f48057e31f328f40e2adcb8,1,1000258650904496807387399,1000258.650904496807
2024-08-01,64,1426566060,f34b1bf36728dbee1ab4737134a6133680eaaa08,1,1000000000000000000000000,1000000.000000000000
2024-08-01,65,690932580,dbf5e9c5206d0db70a90108bf936da60221dc080,1,1000000000000000000000000,1000000.000000000000
2024-08-01,66,2057938542,429149aa7192a95e58f5dc0398beae3670afeb25,1,857302704935073748495655,857302.704935073748
2024-08-01,67,2120207441,334fd4bf164a20242ac02e9b2cba56265669d934,1,764677992255361803271060,764677.992255361803
2024-08-01,68,2001973670,09c3cc4e39cd1280be9fd54b978e589fb39f090e,1,759568748153391318999907,759568.748153391319
2024-08-01,69,1268223924,54e324219979c0d1e9a895122edaaaa3c02cb6b4,1,718804115334890030834383,718804.115334890031
2024-08-01,70,851321747,d2a1c124df98c0df474c990419ae470f11dc2fe8,1,718803703119242121468736,718803.703119242121
2024-08-01,71,1974256472,ec8d8f67dfd6e1512e3bbdced79f735f9f90c29e,1,704905348802194000000000,704905.348802194000
2024-08-01,72,1462711356,b1d72dd9cd988c727b160886b864ee0004965c8a,1,605152833687982884563466,605152.833687982885
2024-08-01,73,1883701386,6fa24aff6847d59d8f9d04c149c48aba0c270e10,1,582009515887965237902163,582009.515887965238
2024-08-01,74,514801285,22b2ccb53963da600c83191db1ce3f61f92dcf45,1,580178906387975221668000,580178.906387975222
2024-08-01,75,1323255925,083e952464b4a8e988abe39868a652f9c2ad050e,1,575336033030125290435664,575336.033030125290
2024-08-01,76,2123733392,75b035e7afc299e5e25c4e1bd7b8f10e4f5642ca,1,556077346562770000000000,556077.346562770000
2024-08-01,77,1673251451,019e281295950b79c05c2db906afe5172814d849,1,534461433248781439731640,534461.433248781440
2024-08-01,78,2119823420,870ab3ba8590ad91ded3e4762d827f4c14d6adfe,1,505846163616354891479845,505846.163616354891
2024-08-01,79,2119795898,7e1295d517e9838d461431f91428374605518e8b,1,500264971506840000000000,500264.971506840000
2024-08-01,80,1965396649,23ddfe708e80b05d4796bdb121e3e2787a11f8f6,1,500000022192056052015578,500000.022192056052
2024-08-01,81,1914838712,6ae3cb35f1ed950b237a6ec1081b2140822bd19e,1,438667000000000000000000,438667.000000000000
2024-08-01,82,1808935317,3fea9525aa5aa14e06ca4b46a571e9f98b7bb132,1,381963780932970541750397,381963.780932970542
2024-08-01,83,1964863451,b423bf047018d701dbafbe1312f3750221f292a7,1,361514530000000000000000,361514.530000000000
2024-08-01,84,1544912566,8303a1bff1dfafce8d8361e36c706705176ada86,1,349058022268619408681777,349058.022268619409
2024-08-01,85,2088189852,405b2847551c41a010e51cb5645798fa51a285d0,1,340000000000000000000000,340000.000000000000
2024-08-01,86,1895554951,0d2fb3d6fe32dbdc3c52147bc6dbe8310781ac07,1,316302257848896047430757,316302.257848896047
2024-08-01,87,1949315164,4fa2b394436efa33b82c0937f5cce8044602c0ea,1,311032599710887259663899,311032.599710887260
2024-08-01,88,1863399075,364f818d34b0ef1e69ce337140056faaff8f18e9,1,305737656661013568387232,305737.656661013568
2024-08-01,89,1934467372,b7217dff43cf5baeefd626a55922827b368d3cc3,1,300371289487946611000000,300371.289487946611
2024-08-01,90,1426408597,4fe9535357350ed05e2899eb0695c9a758f63848,1,300214650010724766765457,300214.650010724767
2024-08-01,91,1950259678,151a82747c8959af83da35d8c4d8535cc18d22d8,1,300000000445274933332872,300000.000445274933
2024-08-01,92,2120289635,8b87cf6cccb30fd12d5303c76a4c72fd72db2b64,1,300000000000000000000000,300000.000000000000
2024-08-01,93,1936359770,b69058a93fc3b0f098f8d43895452745d9535d39,1,293023008362450792993100,293023.008362450793
2024-08-01,94,1164041116,0cabcb0adda9ea6b057d89c0fd1bc79e323a963c,1,290000000000000000000000,290000.000000000000
2024-08-01,95,1423230696,bb226555fbb98850273b10b0cf55ad2f99966d20,1,282682732306612720153382,282682.732306612720
2024-08-01,96,707730492,321f011917e384e43e5e85b8d6f4a56dcdfe31e8,1,277501789118053882445959,277501.789118053882
2024-08-01,97,2004526091,bf8a27e3442db9451f596e2e0b8ebef9f741d15f,1,258573297235721667883424,258573.297235721668
2024-08-01,98,2033918366,252bea6e56a8c070e7cfcae3bfa5b2687b65c177,1,256892579366000000000000,256892.579366000000
2024-08-01,99,2043110523,9fb9fc9296e9e5f3c1532a50bee89715a19161fe,1,253148546373306448438969,253148.546373306448
2024-08-01,100,1564085739,81a0192319e4fbe8819c4429f5434a7f0f3d09ff,1,252442921000000000000000,252442.921000000000
2024-09-01,1,882940793,f89d7b9c864f589bbf53a82105107622b35eaa40,208,21210228168547380000000000,21210228.168547380000
2024-09-01,2,1861713724,1ab4973a48dc892cd9971ece8e01dcc7688f8f23,33,150662383368070000000000,150662.383368070000
2024-09-01,3,1938034701,979e3060a772c7fa381bf17e748dae9d50943862,7,4718073685086764227569,4718.0736850867642276
2024-09-01,4,86372871,0d0707963952f2fba59dd06f2b425ace40b492fe,5,441187511950000000000,441.1875119500000000
2024-09-01,5,2096984191,e4359594e7f6b0ababd9928e262282cb9f8a7bd7,3,4181315188955466494583952,4181315.188955466495
2024-09-01,6,1970807987,0409225e1adf5623373523e8a898052261a96e99,3,170000000000000000000000,170000.000000000000
2024-09-01,7,1764601375,58edf78281334335effa23101bbe3371b6a36a51,3,16252180000000000000000,16252.180000000000
2024-09-01,8,-16869704,a082b1eaa940aee7176666c99e19e14db8884516,3,30000000000000000000,30.0000000000000000
2024-09-01,9,1920366037,cac7144ee898a2fd27f22131684a9b76e88386dd,2,140037229124228922768903,140037.229124228923
2024-09-01,10,1807576134,a833cca2e8298366eaaeb3807656f01a084f2ec5,2,69995834704321849378237,69995.834704321849
2024-09-01,11,1366576745,7f782756323f5b87c7513cbcd4eeaf9aa95a1b1c,2,19021973853240000000000,19021.973853240000
2024-09-01,12,689410991,2082c5a3c08a4d5ade0ce779e24b463daa241646,2,11200000000000000000000,11200.000000000000
2024-09-01,13,2028046965,f0043b2669e4b9b80e0f3ad10b8d1d682ebda71b,2,5292918939150421929321,5292.9189391504219293
2024-09-01,14,2057050488,51650d940d503cecf6e75d7bc1dd15a9cef66e2e,2,4000000000000000000000,4000.0000000000000000
2024-09-01,15,1978642228,c1bfecba0200b997631b5a8577c18a12b6a25082,2,3054968183874619111051,3054.9681838746191111
2024-09-01,16,2047565930,e413e8543b2c2818ac54306810cebc48266392f2,2,2154485443100150743521,2154.4854431001507435
2024-09-01,17,1934701017,0e951d492a996c64f0dfbce116d6c48409b4a6e3,2,2099950414000000000000,2099.9504140000000000
2024-09-01,18,707289860,98e59fcafa8ed5a288a74d03d144d3fb42adfb64,2,2066045277000000000000,2066.0452770000000000
2024-09-01,19,1959000229,f1c4846defa6c8380e34378cd4c3fd27122b6a8c,2,1868526110566006526974,1868.5261105660065270
2024-09-01,20,1804899205,42908773603bb69db2020e5c0d105be9c773ae4d,2,1111000000000000000000,1111.0000000000000000
2024-09-01,21,1950657212,6cc97f09f72f8107012f6651459a73ae09635269,2,966318000000000000000,966.3180000000000000
2024-09-01,22,1258854952,1b7ebd42d4869cd7865e2f939add07854c5466c3,2,954440060973491667319,954.4400609734916673
2024-09-01,23,742731655,0c3a4a0ed70fdb29860760b5ca78b116fe77de00,2,616215030000000000000,616.2150300000000000
2024-09-01,24,2121030945,9389ccb899a533bb8eaa7c4b3a937152eaf2959f,2,502885604511999142072,502.8856045119991421
2024-09-01,25,2058829840,730a983fb8f1a14607c861f1dc1add4d80c539f4,2,475853520648988510303,475.8535206489885103
2024-09-01,26,860790791,04c53f413300addfe8626e3073920c0db29d6fb7,2,193855927920000000000,193.8559279200000000
2024-09-01,27,1535523528,c750a2eb0b526bf8c7534639221432a19cfeabf7,2,160100000000000000000,160.1000000000000000
2024-09-01,28,1933451273,0e9fc1c47fc6be0fe1db291e250d67c4ec420988,2,160000000000000000000,160.0000000000000000
2024-09-01,29,1862163042,e73e86f4b6e1b88ad59bb2be516b6b75c7cad21f,2,125000000000000000000,125.0000000000000000
2024-09-01,30,1808935317,3fea9525aa5aa14e06ca4b46a571e9f98b7bb132,2,63369825884460000000,63.3698258844600000
2024-09-01,31,1139941887,6cce281a9bf3dd8e04423d8e08ddd85f15910fe3,2,2000000000000000000,2.0000000000000000
2024-09-01,32,2099084119,1ec74913a55408882d5885ca333896bba80c266f,2,130000000000000000,0.13000000000000000000
2024-09-01,33,1916945358,f77881245637ff239349d4bdffb2905825f17a91,1,6000000000000000000000000,6000000.000000000000
2024-09-01,34,1438021540,a5995359b9941e060e366b4ee3ebb6a9f47649be,1,1500000000000000000000000,1500000.000000000000
2024-09-01,35,1977667813,87ba8df0d3ece26175a2533c702e3253598c7fa9,1,1466341440969261388993414,1466341.440969261389
2024-09-01,36,748369805,568d0e1f84db2eef8578c8cedccf9e78a47c661c,1,1000446417903192796518591,1000446.417903192797
2024-09-01,37,1814689274,0ac47b271bdfa48d198934e61ad25ff6b1183bf8,1,1000000000000000000000000,1000000.000000000000
2024-09-01,38,1384085576,45ebb1c54f223c5905a7683164656b63527bc11b,1,500560734139214031318486,500560.734139214031
2024-09-01,39,1879543738,aaf9f14f20145ad50db369e52b2793bfeb18a45b,1,500000000000000000000000,500000.000000000000
2024-09-01,40,1774228545,44b17ac19532d4a2e90638ed5cf9aca190c0a257,1,481927068373000000000000,481927.068373000000
2024-09-01,41,904861518,3c7902c1c927ceadb56a8d3fb568d77f1e12edb8,1,447693925046000000000000,447693.925046000000
2024-09-01,42,1711549201,acef190eb6a33c4b8f4ab86a679c0d5baabe1a97,1,386243118949190000000000,386243.118949190000
2024-09-01,43,1938013975,2639db27d59d2a1b4e4663f45e489ed9bd2e5e10,1,360000000000000000000000,360000.000000000000
2024-09-01,44,673730730,891a144965c72c50201bf06f851d3a25d1d07946,1,352853203257906383481341,352853.203257906383
2024-09-01,45,1698493675,0594eed4247745248ad46812c7ff84c5a61cc20e,1,300000000000000000000000,300000.000000000000
2024-09-01,46,1880216238,fb3ccb28aed313e47a844583e8b03de0fa4b15e8,1,299574156708929245323934,299574.156708929245
2024-09-01,47,-6710482,fd57c36337dcd3f86ffb242d5129e33621fbb257,1,285019357789995058293103,285019.357789995058
2024-09-01,48,1438827031,aabdf7aa6830da9e6d3ed00aeb82ae401233ea49,1,240717405410752039432652,240717.405410752039
2024-09-01,49,1487508005,59b68c860dedadb1c1ad89be235e6ab5a7cb7b9a,1,227000000000000000000000,227000.000000000000
2024-09-01,50,-4182672,9a48a0f78fb47d675139452024dbc1d6fc4986f6,1,220301900000000000000000,220301.900000000000
2024-09-01,51,1804345379,c08b122fb1057149f55d49d3d5cea0d083b37ffb,1,200000000000000000000000,200000.000000000000
2024-09-01,52,1933413553,ef85f53b3b29901f00ff6b722d4577aa1bde00ad,1,153027270301952788966247,153027.270301952789
2024-09-01,53,1559419868,00f727e5aba932b09040d3bb28a8a9da53c45354,1,150767683900000000000000,150767.683900000000
2024-09-01,54,2022399312,213213f8bda3af228fc512781840c5e9bd14758a,1,133132134681874672836264,133132.134681874673
2024-09-01,55,1126547370,5291db72b4f2d090955712c9dc146738064250b2,1,132128656960513900091515,132128.656960513900
2024-09-01,56,1805690906,52e6ad14c29bf960c479f12e0c398477ea245b0d,1,130000000000000000000000,130000.000000000000
2024-09-01,57,1858906108,b474a81820d3c6678fc03704b795bc1adb9bdb7e,1,117326696640737544996166,117326.696640737545
2024-09-01,58,768995260,8dcac18996dc58b5eebfdc5d0a7b22e0b951a4b7,1,111874466313584007645713,111874.466313584008
2024-09-01,59,1967847491,456ef0a53c92d4596b467e61ff056bbc1c51f556,1,101000000000000000000000,101000.000000000000
2024-09-01,60,1965241174,f991acd672d5b344afcb29931af6401ed32e2691,1,99703274862204939897600,99703.274862204940
2024-09-01,61,1974850807,6e33e78c99131e2849ea7978e1225b5f8cc99f45,1,93125000000000000000000,93125.000000000000
2024-09-01,62,-12577585,34be252f5111f5b7d45b7f2d4db621d7819d6368,1,93089141002926286278558,93089.141002926286
2024-09-01,63,1999118131,102f094d72f4e81205527cbc3cd0a0cf0401c523,1,92876336777910000000000,92876.336777910000
2024-09-01,64,2030629977,1622bf66e644a0d002035faa659d9f7167960c88,1,86272165264140000000000,86272.165264140000
2024-09-01,65,595925381,2cb18953434923af99f10ca7a960dd385e72f6b1,1,86049289240597968978264,86049.289240597969
2024-09-01,66,1990868179,73c8f95073e312e9ff75a7055a6294f88723c217,1,82109000000000000000000,82109.000000000000
2024-09-01,67,-33990247,02270cda2b17dbe9e70d459c569cd03498d76717,1,82109000000000000000000,82109.000000000000
2024-09-01,68,2007712616,ca6cd189f505f74ae798aa589b639131ecf201ba,1,80212214000000000000000,80212.214000000000
2024-09-01,69,1168412886,8901d9cf0272a2876525ee25fcbb9e423c4b95f6,1,71539787560212630135818,71539.787560212630
2024-09-01,70,549963,a402364b61d16e8c4b9d683604a9a21e8f0d2967,1,63952400000000000000000,63952.400000000000
2024-09-01,71,1937622242,d30b0f115a708b735a4b0cc9fd3369eb1f88c0c7,1,60000000000000000000000,60000.000000000000
2024-09-01,72,660763544,cd81917ff5313d02d7da3d47a9afcd3f635c36e3,1,59993000000000000000000,59993.000000000000
2024-09-01,73,2120127085,4d8733b9874f8721874e5a1586cbc89f2b25b73d,1,59849466980000000000000,59849.466980000000
2024-09-01,74,1412209801,48e756eae97c0123cc88c660987793b49e48afa3,1,50084893047773544962000,50084.893047773545
2024-09-01,75,599455604,ed2c2cdec695be3a4dc421c1a8a6756dc5a927b6,1,50084893047773544962000,50084.893047773545
2024-09-01,76,1944906917,1ab3991857bd239cf9a7e76793e0add4a4b865d2,1,50000000000000000000000,50000.000000000000
2024-09-01,77,1032977262,b845d3c82853b362adf47a045c087d52384a7776,1,49620228078699639188410,49620.228078699639
2024-09-01,78,485028304,f6ee1a630bc3ecd8c3fb11520d5952031d7b4c24,1,49067432463013005294166,49067.432463013005
2024-09-01,79,1554813384,9471498baa1080e2775f8acf93ec30dc2a0ff81c,1,46469309332286472961988,46469.309332286473
2024-09-01,80,2048535554,5fa850f6b467f4588b555934a42dfda24ab40d4d,1,43676724271809657779095,43676.724271809658
2024-09-01,81,2062584406,915d22bf6dd6ba843ccfea673cf4d466e7346e89,1,40200000000000000000000,40200.000000000000
2024-09-01,82,1884865162,97d23a9eefbd0d4f774bd10733992be11c9af182,1,30067915194230000000000,30067.915194230000
2024-09-01,83,1117291134,c94f282af425199b29a406c30f9c0093241b6085,1,29861517862466761011086,29861.517862466761
2024-09-01,84,1374024053,3bd0bfbe2d88ff1a666bed5311e251a44253418d,1,29805954370112301699135,29805.954370112302
2024-09-01,85,1556845241,eb3c6787bf39961ef413678c5a4bd4f0a586ced2,1,26135236008673453798881,26135.236008673454
2024-09-01,86,1394569094,6949a8837eff81e7fe03cc754f72884bb9bf0bed,1,25409800000000000000000,25409.800000000000
2024-09-01,87,1931948691,9237b43a6697f4b887bd42d73d594e543f39b315,1,22345375546916134566980,22345.375546916135
2024-09-01,88,2052401686,841f4feea33b33d1e5ab89370b4849eee6736f1e,1,22030603508880898981007,22030.603508880899
2024-09-01,89,746706773,a64c30981ae629ac9e2d5f11b006426e0536c9b3,1,21745839585933267254907,21745.839585933267
2024-09-01,90,1336046712,bed60b619979604ee2b763bcbfeb9251633c53d2,1,20208777633826355460495,20208.777633826355
2024-09-01,91,1854076975,46bef98b12ae40816d89a70211328269a3e04382,1,20208114897746112740708,20208.114897746113
2024-09-01,92,1911203056,d1c09cefcc4e8d71872e3f6465ac13d8a55a4e25,1,20000000000000000000000,20000.000000000000
2024-09-01,93,1943438457,d1123e76fad75eb3f738660dfb5e4cec670fe9c2,1,20000000000000000000000,20000.000000000000
2024-09-01,94,1912190015,10ad62dc77ec4ed8681d30ea0a77a2538caa5375,1,18563709054060016529573,18563.709054060017
2024-09-01,95,1942168118,4f9ac51934b8861c856dfd3022881efa8023dade,1,18182895476000000000000,18182.895476000000
2024-09-01,96,1035760228,a914ef4e060049a4aa3e523a673f383a1cbf276f,1,17103885274132226382266,17103.885274132226
2024-09-01,97,1904363461,1e598e1a4782f0ecfc8bd8ff5d7862dbc96ed8f5,1,16793000000000000000000,16793.000000000000
2024-09-01,98,1415554606,4a4256c06150a98b886fc1e6de8cf3e900141f2d,1,16419004205106414943209,16419.004205106415
2024-09-01,99,536924517,278d9db7032ffe25c5fcec6fb517f4e2041805d3,1,15999000000000000000000,15999.000000000000
2024-09-01,100,2111047066,503de3655f14d62f8e4aaf3f4b3f0f20754737ac,1,15015605151392956741175,15015.605151392957
2024-10-01,1,-66232727,2d7bf69d6d5c801aa0f67d5fb569c8b6f43e4862,130,73694387377940877233472,73694.387377940877
2024-10-01,2,882940793,f89d7b9c864f589bbf53a82105107622b35eaa40,70,5136381902463750000000000,5136381.902463750000
2024-10-01,3,1861713724,1ab4973a48dc892cd9971ece8e01dcc7688f8f23,16,137147804149500000000000,137147.804149500000
2024-10-01,4,1967718427,0be9f082a65ab502979aa4a17912fa71328476f2,16,14670000000000000000,14.6700000000000000
2024-10-01,5,86372871,0d0707963952f2fba59dd06f2b425ace40b492fe,12,7321033360080000000000,7321.0333600800000000
2024-10-01,6,1676160145,54d0d64f7326b128959bf37ed7b5f2510656a471,6,225000000000000000000,225.0000000000000000
2024-10-01,7,1764601375,58edf78281334335effa23101bbe3371b6a36a51,5,65319893699350000000000,65319.893699350000
2024-10-01,8,1139941887,6cce281a9bf3dd8e04423d8e08ddd85f15910fe3,4,16000000000000000000,16.0000000000000000
2024-10-01,9,2140212128,d7cddc66e4b4cd9267adbdf585630671ae4d6d5f,3,64097753000000000000000,64097.753000000000
2024-10-01,10,1381091406,cd5bd47d3d1d8412b241ce9015c5032142948c12,3,11915388619020000000000,11915.388619020000
2024-10-01,11,32120747,95b2d116981f1d13086c32ba5f223d6fc5753827,3,3000000000000000000000,3000.0000000000000000
2024-10-01,12,1938013975,2639db27d59d2a1b4e4663f45e489ed9bd2e5e10,2,2041416368910079052289602,2041416.368910079052
2024-10-01,13,1438021540,a5995359b9941e060e366b4ee3ebb6a9f47649be,2,1203934000000000000000000,1203934.000000000000
2024-10-01,14,1282476148,7ef10e74fdbd7dde8807580bc9e165d5f0031993,2,109544853714505806983126,109544.853714505807
2024-10-01,15,1712245736,6d0d19bdddc5ed1dd501430c9621dd37ebd9062d,2,23231800000000000000000,23231.800000000000
2024-10-01,16,1968915596,b6e8d8a490f51e4345791a314c365fc496d1f734,2,13164546555634713042475,13164.546555634713
2024-10-01,17,381304277,141fef8cd8397a390afe94846c8bd6f4ab981c48,2,6303741361417376035114,6303.7413614173760351
2024-10-01,18,-59325298,944ec1adc1a0e237b7775243be00a73b05185f85,2,4240000000000000000000,4240.0000000000000000
2024-10-01,19,2102495566,10423119b7574ee8fcde46c517b81841ae584e5d,2,2671797622727827047359,2671.7976227278270474
2024-10-01,20,2027574488,1545ba126527529d33828ceb334c90c6a3337004,2,2110000000000000000000,2110.0000000000000000
2024-10-01,21,1673767091,ae2e198386c6310b081663d5710b1c937f683ba1,2,2010203775042382963882,2010.2037750423829639
2024-10-01,22,333413979,4803d7c3db77ceedd192975c3c422c0260fad0dc,2,1019784668152630314299,1019.7846681526303143
2024-10-01,23,1546697785,382f4bf7dd3448660d96718b924502bf5800db7f,2,771000000000000000000,771.0000000000000000
2024-10-01,24,1609051330,b6043b72db48554aed3ce6e89204bd5fbc0e84fe,2,261000000000000000000,261.0000000000000000
2024-10-01,25,1202428161,6a783364db56a53d881a314a86e7ec411bc155a9,2,200184825508570819344,200.1848255085708193
2024-10-01,26,1754291563,71468c55564715aae02612902176b4f8e4973594,2,135537500392176644424,135.5375003921766444
2024-10-01,27,-8637939,dd3d72c53ff982ff59853da71158bf1538b3ceee,2,131471022060000000000,131.4710220600000000
2024-10-01,28,2145548773,13a8dec15e4ed13b39cb59fdc8add9758136a8be,2,20000000000000000000,20.0000000000000000
2024-10-01,29,1883529387,a4f545a3f143c4c6a590c463e71e8cef595da7a9,2,2001210592692517913,2.0012105926925179
2024-10-01,30,1870764986,c049f307dc4db93747c943c33eb99d5ac2164b45,1,5032138907279801191578148,5032138.907279801192
2024-10-01,31,1886075949,11d85ca027f31b6ced197c4c3b9dffc6396b9fc1,1,3383722033056663616532743,3383722.033056663617
2024-10-01,32,1957062863,afeb95def3b2a3d532d74dabd51e62048d6c07a4,1,3017888000000000000000000,3017888.000000000000
2024-10-01,33,1953914926,239c426a1bfeff3a9cf6490b1ddf9c602a840a9c,1,1588117719115897933764148,1588117.719115897934
2024-10-01,34,-71525861,f42b61420a3e763371f1803b47966edc984e06d5,1,1393572850000000000000000,1393572.850000000000
2024-10-01,35,1886092595,1675e2d40c5a01a415d630f5bfb677ab59aac535,1,1200036158731358465251133,1200036.158731358465
2024-10-01,36,734119481,b0f7cc5d06113faa7de34592efce38e96ccbf171,1,1072171604567321132374664,1072171.604567321132
2024-10-01,37,1853904891,bb0ff467be94c2d760f20e54cef3d4197b6538cd,1,1000000000000000000000000,1000000.000000000000
2024-10-01,38,1711697250,9cf2ed21fcafc8e8d5ef0d9b889eaae4cf59bd20,1,995228882405316698986674,995228.882405316699
2024-10-01,39,1268223924,54e324219979c0d1e9a895122edaaaa3c02cb6b4,1,718803703119242121468736,718803.703119242121
2024-10-01,40,1835691771,7cbae8f7541e9e67bd21e493f2cd106909f7d229,1,549423994263361565527126,549423.994263361566
2024-10-01,41,-74577215,c749a5b4bc339a097fcf0d93662e84d1b44e19bc,1,500310000000000000000000,500310.000000000000
2024-10-01,42,1854173970,4630d169433b2adaa94692e7c0a8ea4572647523,1,500233674578600837078552,500233.674578600837
2024-10-01,43,1626390718,2b451fc8ec89449c6721078ffad8024a6b29fe9c,1,377094892669995448125838,377094.892669995448
2024-10-01,44,1197945785,f292c8167bba21806b3525ca4cacc1ea755b9747,1,349607487964345223542130,349607.487964345224
2024-10-01,45,-50133857,bc623262d1e5bbad7855081ae5fd59571ab0b37d,1,299671000000000000000000,299671.000000000000
2024-10-01,46,1825428427,b9d29d9ae2ac20b5b2ed4e2f47f3f2927957b4c8,1,274694529082324077435025,274694.529082324077
2024-10-01,47,2015310387,f83c4ccf2556d45b9f670900343885549f612240,1,257498143301903565922421,257498.143301903566
2024-10-01,48,-48663943,411d0e0e7b56a5bf668f8fe0c28aca229a67cd16,1,250218166652739383424459,250218.166652739383
2024-10-01,49,1581653612,e3021f9bcd85cda17ba8a766eed41e22076cecb0,1,240696989700404846580643,240696.989700404847
2024-10-01,50,1485939151,8a05d886aaa096652506f0207df13d16ba6f032a,1,201610000000000000000000,201610.000000000000
2024-10-01,51,1892110540,7beafe6ea85d5672b85254ad3f7f60a35b610d2f,1,200990027453031417217421,200990.027453031417
2024-10-01,52,1171604516,01b2e49f1f3fbf81db90fc9718672900c12dd249,1,200000000000000000000000,200000.000000000000
2024-10-01,53,914798293,cdeaafc4ae84e619f0c4c86cbeb32a7436ff46ca,1,193639143923068234478286,193639.143923068234
2024-10-01,54,-41871096,17b759fc1cd0a86f22008a57da3ed4047476273a,1,193639143923068234478286,193639.143923068234
2024-10-01,55,2022042376,101c2919dd5743cc7728a9de3e551e6c7794a06a,1,180923972388301974063241,180923.972388301974
2024-10-01,56,202846392,abde1ada0c69ec4f46eef405e19fd7c9d338ee49,1,170021211967221009977151,170021.211967221010
2024-10-01,57,1795348419,6c42eb1c7f7d4ea88596b33bbf074c9de28c9be5,1,168078887669998128893606,168078.887669998129
2024-10-01,58,1949191259,076bca1fd514dd0baf03e2515aa356b553c23a85,1,157698000000000000000000,157698.000000000000
2024-10-01,59,1778048404,cfc5ad80a2d19652c253fe098e787da8913b96c5,1,150000000000000000000000,150000.000000000000
2024-10-01,60,1889113858,ad71881bac84be4f7e7ef875d496b9670fb2759f,1,149850571918409304516951,149850.571918409305
2024-10-01,61,654454097,78b609dc7d13ab8360460e8fd31bcfb43f3e3b9d,1,147257369386521188430444,147257.369386521188
2024-10-01,62,561161635,050f7cbe91f4ba3af844ac807c86ae0f38a28974,1,121949703315081204666984,121949.703315081205
2024-10-01,63,1829314354,3ce41647b6b9d19e57f2ac8f149245228171d6a6,1,113801563893539396069983,113801.563893539396
2024-10-01,64,1024716029,505d981b8d0df243f06f8a8b49d7d514dab98552,1,110373172757241828084910,110373.172757241828
2024-10-01,65,2004866031,737effa444983ffaaa7dc35599b5d273192419dc,1,109026126577761354210510,109026.126577761354
2024-10-01,66,1839197929,dbef76244deb4f63612fa82ee6b78c523b636346,1,105895879416922749063452,105895.879416922749
2024-10-01,67,1665336756,569ddba95a4ba347bd239ded8f8983bb5c4acfc8,1,100743237479511406674614,100743.237479511407
2024-10-01,68,1808094399,99fd78c210b3dec66607d2235784c3f9512cb1c9,1,100080589052489719703178,100080.589052489720
2024-10-01,69,1311643841,b5c4402ff7cbe97785dddc768c4e3a4f033474fb,1,100015791201329123533070,100015.791201329124
2024-10-01,70,1232347375,429797776999e11f63c649fb31fc89afb41521c4,1,100000100000000000000000,100000.100000000000
2024-10-01,71,1345931078,f638d508b1d48b12105c58038220bbe9b3e919d1,1,100000000000000000000000,100000.000000000000
2024-10-01,72,930825032,d4b74bb4e826d0eacc847861ea0938d5830a23c9,1,100000000000000000000000,100000.000000000000
2024-10-01,73,2135137290,9f985eafe393958fc43b4ab6dba85e768dc47e0d,1,98946201862405679458244,98946.201862405679
2024-10-01,74,910045209,2ded933b1588da379fbe9e4d5f09eda2d5d3f564,1,84436326304000000000000,84436.326304000000
2024-10-01,75,-17067525,60ca6241e4e4568a4cad0a971b469726044b58eb,1,83305097749874821872397,83305.097749874822
2024-10-01,76,1984326504,b26ed43a8b7b933e6ac5474208f6584ad242c7ba,1,78385000000000000000000,78385.000000000000
2024-10-01,77,1966928500,bcbb171156ad8c52dbb10ba637b52008ccf645e0,1,71758855448716697537516,71758.855448716698
2024-10-01,78,1876744214,249de9abb54bf9896fc414a493abb1eb50fff952,1,68439000000000000000000,68439.000000000000
2024-10-01,79,1176197922,a4609e1fdf0b1dccac961185087fcb9e8916fa25,1,64608040288353019103649,64608.040288353019
2024-10-01,80,1911095003,59426902b232182a6e833903761ef617e1375f83,1,63044019630970148345329,63044.019630970148
2024-10-01,81,1949302063,6297c4ab4c35632cf55cdb36baacc21feca269f9,1,60486498309851366689287,60486.498309851367
2024-10-01,82,2008353821,fc46d4a74fdcb41c883a5177ea3df61f6016b56b,1,60053507049000000000000,60053.507049000000
2024-10-01,83,893924603,0dd5c258be7117cae1eafccb8a30e0b3fce3e2ee,1,58598558495288824000000,58598.558495288824
2024-10-01,84,1488244530,6212fb7476decbcd0f0d30030727eb4d86c6e654,1,58312154994969803228730,58312.154994969803
2024-10-01,85,2001616961,40e7d26bd7a40b34ab6799a2b67be81d1c66c026,1,51368733839642807720470,51368.733839642808
2024-10-01,86,944154549,2a50862a9618369ebe85856c12fd3a90109fc0f1,1,49915925701344949462121,49915.925701344949
2024-10-01,87,936193397,67c1d46dca2d2637d781e858bd38eccdfdf32f9f,1,49915925701344949462121,49915.925701344949
2024-10-01,88,965563806,fa2c847addbeb298fe01e12686696481d820b7dc,1,49915317248114200732748,49915.317248114201
2024-10-01,89,2014552990,de2d40872ffbc52b35829eca55fae99acd8aa3e7,1,49889000000000000000000,49889.000000000000
2024-10-01,90,1896168635,2d7d73f0aaa2882f2c1aeedffd761e5da9e9c401,1,47832292324000000000000,47832.292324000000
2024-10-01,91,-63840862,6ceb86f1e15981040e75af6a3380b071611bc779,1,46161816368181725655477,46161.816368181726
2024-10-01,92,1414675491,5bbd2ccec0fb2686aafe040ef5d2ecd1d8c31ba8,1,45027460499195981695122,45027.460499195982
2024-10-01,93,1833524958,f3c6f11ea2dda70c9283cafdcdd909860b3de080,1,44879320709364989622779,44879.320709364990
2024-10-01,94,1010752073,a97a3a828335a8612d340f609622de92753c5b96,1,41103000000000000000000,41103.000000000000
2024-10-01,95,1910931412,d4cc4e417c26ea61e6e1db48ea0ad76cc976ddbf,1,40600000000000000000000,40600.000000000000
2024-10-01,96,588825587,e4c66916d44dca977231eae4eb9d34154ae39e7b,1,40000000000000000000000,40000.000000000000
2024-10-01,97,738555391,f003c7540eb55057e95bad50d7d8c55d327dc571,1,40000000000000000000000,40000.000000000000
2024-10-01,98,1770443351,8250a7f9fca9c33e68eead8c05c1d58c8fd70d13,1,35034079124590618863928,35034.079124590619
2024-10-01,99,1974658442,f1f3ece6fa315fd0ccbc1e85393e52684686e2a6,1,33029898902720944968603,33029.898902720945
2024-10-01,100,1852007044,85b0c2fdf7a69f0ce4fd42c2995fadd8cd68f66a,1,32702838906244401455671,32702.838906244401
2024-11-01,1,882940793,f89d7b9c864f589bbf53a82105107622b35eaa40,266,21966187963807490000000000,21966187.963807490000
2024-11-01,2,-26901682,9b4f3ae19cf52b25932ae2b60752331479688c9f,58,117026066900000000000,117.0260669000000000
2024-11-01,3,86372871,0d0707963952f2fba59dd06f2b425ace40b492fe,57,6644988865398495790888153,6644988.865398495791
2024-11-01,4,1861713724,1ab4973a48dc892cd9971ece8e01dcc7688f8f23,54,1221541356463070000000000,1221541.356463070000
2024-11-01,5,-112542928,6125bbbfad45325ce5b700d7acb4ab59e83293fe,31,214000000000000000000,214.0000000000000000
2024-11-01,6,1967718427,0be9f082a65ab502979aa4a17912fa71328476f2,26,27211484829375000000,27.2114848293750000
2024-11-01,7,-113746573,2d87d0a24a111ce746fd07f6e79eab7a8b4256d8,19,33978387000000000000,33.9783870000000000
2024-11-01,8,-109214794,ac0c080a8b23756108715c0d1b41c4ee22a9034d,13,13900000000000000000,13.9000000000000000
2024-11-01,9,1808935317,3fea9525aa5aa14e06ca4b46a571e9f98b7bb132,8,6300000000000000000,6.3000000000000000
2024-11-01,10,1764601375,58edf78281334335effa23101bbe3371b6a36a51,7,174167570000000000000000,174167.570000000000
2024-11-01,11,-8637939,dd3d72c53ff982ff59853da71158bf1538b3ceee,5,243880378580000000000,243.8803785800000000
2024-11-01,12,-94376841,ee95153af22e1ca43ab76ca158eed695017f17de,5,202125000000000000000,202.1250000000000000
2024-11-01,13,1483851087,7c6782476e29fb26e1556fba058eb7eced93d327,4,307337681939200000000000,307337.681939200000
2024-11-01,14,711195293,fe6800e13bc0a998e8d0532184989623b80d9354,4,40488202440715686354,40.4882024407156864
2024-11-01,15,1438021540,a5995359b9941e060e366b4ee3ebb6a9f47649be,3,4051087300000000000000000,4051087.300000000000
2024-11-01,16,1122622037,3d1bc92b1635a76193e67e86fa0b10cd8b8b1ab9,3,2097492263048895485117011,2097492.263048895485
2024-11-01,17,-103855715,5a0bc8d87c95e4de39295954f065551211e8376f,3,1544129959934867527359708,1544129.959934867527
2024-11-01,18,1531427112,74c6dfb56af7c029d88823f9e64307849f4b902d,3,16404530476888100116273,16404.530476888100
2024-11-01,19,-110527982,491b2d86354ef902ffb454d89ce66c640c0e9b8f,3,8000000000000000000,8.0000000000000000
2024-11-01,20,746433710,406d39cab61d587610a674ad8d0eae7214d460c5,2,2996830954342402822708003,2996830.954342402823
2024-11-01,21,1856431681,9f5237babaef17324d4fc577a35dc0c40d4e2164,2,2208914883765278050650740,2208914.883765278051
2024-11-01,22,1489819804,bbacb7f97ba96aa90e5603cfb47eae09517c8731,2,2037802277220313788449716,2037802.277220313788
2024-11-01,23,1899092567,73cd272e5e0bce2dd37a57af5972e5b7ce9925a6,2,1748253180000000000000000,1748253.180000000000
2024-11-01,24,-110364746,76ae24ef5b556c39c7680c93d1f0f3b7aa9980e8,2,1498493123571617451180757,1498493.123571617451
2024-11-01,25,1649842468,a3cd31949438e49ff7411a23aa844a9ffe8d02cd,2,884541021583210823370782,884541.021583210823
2024-11-01,26,2110030659,5d03b8ce0f3a3e58bcf20ba3de7bebee0c365a26,2,798882359685965381762883,798882.359685965382
2024-11-01,27,1547215877,9c0a628ffac8c01eae0f646d4ca364778abc342f,2,760206978000000000000000,760206.978000000000
2024-11-01,28,-58360697,2820a86fcfa677059c4266908e015d88c8d30241,2,437202666693342925360968,437202.666693342925
2024-11-01,29,1959317896,086217d064afe5f52fb7693e1dffb282817f9a8e,2,199420946191305852605619,199420.946191305853
2024-11-01,30,1907539510,26960e40a78cd2fb9311df58088c38230757ef67,2,199316459177547222799681,199316.459177547223
2024-11-01,31,42748185,c139971529fe84dfac8c91241506860ca8f5009d,2,156814640294888419201938,156814.640294888419
2024-11-01,32,1533075069,511d22e33c8fd4549aab789c509a5dac772195fd,2,39658951178047181279071,39658.951178047181
2024-11-01,33,1188569966,9767fad260c66025120b9c5d359343715903a461,2,24547432891090809719921,24547.432891090810
2024-11-01,34,2126177594,567515ce442ddd02531fcddef44c22a09eb5db0d,2,19973000000000000000000,19973.000000000000
2024-11-01,35,1958090575,7ba7c4cd15a6e70774df123ecd79623c05c1a3fb,2,1900000207000000000000,1900.0002070000000000
2024-11-01,36,1124921273,02013dd12ef13ca4823ed4c2513e2437c3921f91,2,1240381723051892972592,1240.3817230518929726
2024-11-01,37,1676160145,54d0d64f7326b128959bf37ed7b5f2510656a471,2,200000000000000000000,200.0000000000000000
2024-11-01,38,1548114619,4a3f5dd88e64f2002f82b720c7b4d5bf7195db54,2,192071026000000000000,192.0710260000000000
2024-11-01,39,1820789703,ba27524122ea12b056ab04e1baf1893a25344553,1,11000000000000000000000000,11000000.000000000000
2024-11-01,40,2053446983,e026aa32dab306f5fc845a0f7170ad671d7d42a8,1,3096433522351926818861982,3096433.522351926819
2024-11-01,41,1950259678,151a82747c8959af83da35d8c4d8535cc18d22d8,1,2341204356000000000000000,2341204.356000000000
2024-11-01,42,1654913214,43fc188f003e444e9e538189fc675acdfb8f5d12,1,1997979000787297835178407,1997979.000787297835
2024-11-01,43,1909898833,ec0ba205b2d233de34cf505dcfc1a5eda2f00518,1,1997208570000000000000000,1997208.570000000000
2024-11-01,44,1886075949,11d85ca027f31b6ced197c4c3b9dffc6396b9fc1,1,1212976042426980061187878,1212976.042426980061
2024-11-01,45,459443204,2d876806411a36407350a626bf42d62c82b7d005,1,999451694332776561689143,999451.694332776562
2024-11-01,46,1853904891,bb0ff467be94c2d760f20e54cef3d4197b6538cd,1,998984663750000687498384,998984.663750000687
2024-11-01,47,65824534,35da3d2f891ba64e6fc625a1ff2b1074c41f5559,1,998505706409567982381924,998505.706409567982
2024-11-01,48,932182760,dad36a77358ce31324b9c51687fee6ace5ac60ef,1,997650380021600596552449,997650.380021600597
2024-11-01,49,1807352821,656c54089502d4ab36a35166b514ec761c33f4b7,1,997556142742042649000000,997556.142742042649
2024-11-01,50,1457503608,d07f497c3d8cb785eef8652fbd98e0f681b31558,1,997514709269105536567952,997514.709269105537
2024-11-01,51,890154364,cd812016b15e1937e281b7b7b1f1654e54cc0818,1,900534791144092269953090,900534.791144092270
2024-11-01,52,2016851435,bf796e96551339e70b45ec4d259372693d49fdd5,1,900000000000000000000000,900000.000000000000
2024-11-01,53,1977862442,91bf56a84989163ccdb27fb0ad6bed49e02b2141,1,831566546483781034000000,831566.546483781034
2024-11-01,54,2023497947,f893af96a3a57737fcbcb05f4973489aafba5fdc,1,831566546483781034000000,831566.546483781034
2024-11-01,55,1593517723,08d92207a07e0789cfcf19413123c3eb919d3480,1,808376788002531799000000,808376.788002531799
2024-11-01,56,1806785932,fe7095c9de2c5c76638f31c00dc90b94c4938801,1,798614399115147454317003,798614.399115147454
2024-11-01,57,1229111605,cf342658d025e760a19e5862018a03878fd40028,1,750803266934590000000000,750803.266934590000
2024-11-01,58,2057165353,415b453cbe3cce0386c7fac174f1d14873dd0dcb,1,698961742309661037184939,698961.742309661037
2024-11-01,59,1426294311,df56e3ce6dcb744b4cd7990301b35d3c804582cd,1,698939673020463018751474,698939.673020463019
2024-11-01,60,1913363653,94d283704da7969ef64b2f21202cc8127d9adda4,1,698461612626838491000000,698461.612626838491
2024-11-01,61,1892840917,947cc9d4bbf55669e3f2fda246d9a962380feff3,1,659418044975811302155144,659418.044975811302
2024-11-01,62,1031729960,26f26f4fd2aa37d62a52705a5f40855cbc23005d,1,650099223322969060743833,650099.223322969061
2024-11-01,63,1990868179,73c8f95073e312e9ff75a7055a6294f88723c217,1,599206051745110820347402,599206.051745110820
2024-11-01,64,1211369489,f605859cf3cd1e26738976b9da7b60d5efe4caa1,1,593678514960371167247466,593678.514960371167
2024-11-01,65,2004255901,111c9e55d7738464dc7ba9cec088faabc64eedfa,1,499891649456852179272825,499891.649456852179
2024-11-01,66,852807601,4e63de28138c18c4f76dbd49f05053918ebc5864,1,499795638342732977801699,499795.638342732978
2024-11-01,67,2045074134,4c59a47b92dd6fee3c09b86219bb7d07fa789f61,1,499315330945874357489604,499315.330945874357
2024-11-01,68,1969472665,f7eec250d1096c330de38bc196f14442e9e22fa6,1,449080789610962926711471,449080.789610962927
2024-11-01,69,1869772851,7552ab18f8de66a51801d040b98afb0db5e38141,1,435415205858500000000000,435415.205858500000
2024-11-01,70,1910837976,82a65bc55952095d79c3468a422a18bfaf794857,1,400219426237725878817219,400219.426237725879
2024-11-01,71,-111356945,5ead70fef317b629838c8bfbffab0a08a9cfd893,1,399620000000000000000000,399620.000000000000
2024-11-01,72,2047085623,2f429fe320dc80416dfd78597344866fb5d0a93d,1,370000420772409280801520,370000.420772409281
2024-11-01,73,1972965587,20d05a0c0e967084b6f152036b79d9ccd9678c6d,1,365826603170895644724462,365826.603170895645
2024-11-01,74,-85484796,363d1bc97415b2f12ea731df20d480d3c0d80b9e,1,318532329001885302199274,318532.329001885302
2024-11-01,75,2047158041,c6c54397af46f0a8d201a53ac9f4b9ee5d3e9ce8,1,301794519058521010603051,301794.519058521011
2024-11-01,76,1362302228,67ba6abf3fd1b9668f1aae171ff450d054418ed7,1,300827598501488728598669,300827.598501488729
2024-11-01,77,1511788527,40319e0554413c69ec23bd1c59cdff1734524c16,1,299993000000000000000000,299993.000000000000
2024-11-01,78,769993582,fbd7c645d01eb0f231352288e1e121ca8053abb9,1,299604300000000000000000,299604.300000000000
2024-11-01,79,1788974506,9e796fafbaead9c6a04e6798a0dad3717818465d,1,287120083048895485000000,287120.083048895485
2024-11-01,80,1979102234,32af049b15fa1c166b949bb6380c1f24d4277857,1,282260174459586732030811,282260.174459586732
2024-11-01,81,-99022426,9e5b40c14ca27f409360c3d10625316fc2421efb,1,229390042186578451147508,229390.042186578451
2024-11-01,82,1309294049,2de373887b9742162c9a5885ddb5debea8e4486d,1,208287052546556211290620,208287.052546556211
2024-11-01,83,1916004073,e2b79cb54fb10c00f827ef92084a1fbb2388f5d0,1,200008563015925189028736,200008.563015925189
2024-11-01,84,-33990247,02270cda2b17dbe9e70d459c569cd03498d76717,1,200000000000000000000000,200000.000000000000
2024-11-01,85,2017071774,b53d38c2736cddff72ec9e1727ce5ce313b29400,1,200000000000000000000000,200000.000000000000
2024-11-01,86,1518378164,55cbf1ab4ac2241060cee651aec4bcf76555263a,1,199766944372308780776392,199766.944372308781
2024-11-01,87,-52518906,f952481d7902dccb59a2b18042cfb01927c34f89,1,199750493849924118492839,199750.493849924118
2024-11-01,88,1522659820,ab9e7619fb1e41f68b8ccc6bf774d9c5b9ea6a1a,1,199748601614157478899704,199748.601614157479
2024-11-01,89,1978615412,95c4afcfc0baab563fdd934b7c739ba09c675035,1,199732626785107319664846,199732.626785107320
2024-11-01,90,1887804217,9444eb5cd71eea640762aec49247ed50c768b397,1,199729812756019817988828,199729.812756019818
2024-11-01,91,1880529712,8f68f44a9b808bbe8cf39f421932cc94c379e24c,1,199465906711862174539732,199465.906711862175
2024-11-01,92,1306420374,c18c9c9b4e44a0a68739dd9dc1e793ea499df240,1,195307714734064899457024,195307.714734064899
2024-11-01,93,2055193185,d410a508fa7e214f2069d4a325a528d2b2c85eb3,1,183751888570000000000000,183751.888570000000
2024-11-01,94,1407335163,8d8174eb1006fdf3b3748ecd55a2b84cf3a2dae3,1,173352353569935283624124,173352.353569935284
2024-11-01,95,-13637426,1208c52237a89a9081f7f96820773c66a28dc27e,1,169770166395789055287206,169770.166395789055
2024-11-01,96,-109355931,dee299a5671fad97d2e7f6f9d8440dd911d233da,1,163183387248979085000000,163183.387248979085
2024-11-01,97,1938013975,2639db27d59d2a1b4e4663f45e489ed9bd2e5e10,1,159440405524569993973375,159440.405524569994
2024-11-01,98,1847534093,b42013aa0d41df853a1688f4a274f7ffab2cde8d,1,123708958384433541562470,123708.958384433542
2024-11-01,99,907619346,153bba4043d929f7498c882aa88e3bb8b378309f,1,119839464551813350292314,119839.464551813350
2024-11-01,100,1913537779,2049197ea0d104e373b98c4b062d21816a9a02f0,1,116192064335579266203825,116192.064335579266
2024-12-01,1,882940793,f89d7b9c864f589bbf53a82105107622b35eaa40,781,43049587755273200000000000,43049587.755273200000
2024-12-01,2,1861713724,1ab4973a48dc892cd9971ece8e01dcc7688f8f23,396,10329810243954630000000000,10329810.243954630000
2024-12-01,3,86372871,0d0707963952f2fba59dd06f2b425ace40b492fe,267,17018265535908640000000000,17018265.535908640000
2024-12-01,4,-151939844,b4161fa4b9c584fa83de094c796929e0b999b9dc,37,80818366060000000000,80.8183660600000000
2024-12-01,5,-133507096,6c8773bed9aa778c12b2bb3cfb155ab42fee1ceb,23,26490000000000000000,26.4900000000000000
2024-12-01,6,1764601375,58edf78281334335effa23101bbe3371b6a36a51,20,202503360143570000000000,202503.360143570000
2024-12-01,7,-113746573,2d87d0a24a111ce746fd07f6e79eab7a8b4256d8,17,39952560000000000000,39.9525600000000000
2024-12-01,8,-24076311,9555d2aa056070c9f45cb1100b7083a20f8a27e5,11,100123001825327446755,100.1230018253274468
2024-12-01,9,1884865162,97d23a9eefbd0d4f774bd10733992be11c9af182,10,4280627244200401507899454,4280627.244200401508
2024-12-01,10,-124416163,e4e88b86662c77f00d730442f4493c2cdb5dd152,10,79000000000000000000,79.0000000000000000
2024-12-01,11,941430874,1df45375279374dfe00b76d5c6a27bacbb611e07,9,70037797308642886487702,70037.797308642886
2024-12-01,12,-117548844,381a25cdc9a94e320f07fd40e23774b098b1752b,9,13400000000000000000,13.4000000000000000
2024-12-01,13,-151603263,582cafec7bcd26307b7a7703fdbde4bea258a884,7,17521143736953233656283,17521.143736953234
2024-12-01,14,932490995,f85fe17faaaaddd20fa588a6c4ca06914d507a84,5,30072200000000000000000,30072.200000000000
2024-12-01,15,1044492381,262252af4868da6c5a6f6c5f0970f1c628616811,4,348057625315551948694015,348057.625315551949
2024-12-01,16,-93474557,6cae092020d06717ec4e69259d87667be14174b7,4,8872993170000000000000,8872.9931700000000000
2024-12-01,17,1548642717,b658b9cac5c983783e7f0617282e4c31e0794f58,4,8092564822251159412696,8092.5648222511594127
2024-12-01,18,1555739094,6bfd11cc43e8b1fece21ddff3e5462c1d233b713,4,1200000000000000000000,1200.0000000000000000
2024-12-01,19,1209780386,aeaa79446659cb5c93e7893d7ed14d9af68abc27,4,1190000000000000000000,1190.0000000000000000
2024-12-01,20,-8637939,dd3d72c53ff982ff59853da71158bf1538b3ceee,4,1079230893130000000000,1079.2308931300000000
2024-12-01,21,1713128816,7c77256f455d8f15f57f27b5b5529d90248c754c,4,442000000000000000000,442.0000000000000000
2024-12-01,22,-103855715,5a0bc8d87c95e4de39295954f065551211e8376f,3,2009718982036063835757771,2009718.982036063836
2024-12-01,23,-103128245,c25820394d150a3e926591ab516fe4012d9b8f92,3,158321826465154940127147,158321.826465154940
2024-12-01,24,-83538210,79238feadd08f383592abdd02cd69131d1872795,3,21576591880533844938264,21576.591880533845
2024-12-01,25,1892455929,746f7c80f819ac41c7f5b62f2aa53644fc4724fa,3,12787295482000000000000,12787.295482000000
2024-12-01,26,1506605544,e5d484f90ef24eb9158c4e64431a0eea575decf8,3,2265832846617341194404,2265.8328466173411944
2024-12-01,27,1941628881,4723f912fcd70f428ab9d801e03908ab91660bcf,3,300000000000000000000,300.0000000000000000
2024-12-01,28,-147807432,ae24e65439fc23c7e819aa21162441ba82915317,3,300000000000000000000,300.0000000000000000
2024-12-01,29,-44058571,3f946f00a00eb2a66a4bd1aeaf137e05db6caec6,2,21000000000000000000000000,21000000.000000000000
2024-12-01,30,1820789703,ba27524122ea12b056ab04e1baf1893a25344553,2,12284393930000000000000000,12284393.930000000000
2024-12-01,31,1990939475,c6deb0338869beed7cd6a18bb0458dbbd8b59506,2,1197779181135430000000000,1197779.181135430000
2024-12-01,32,1139067499,d852e3a7a2abca6aecd0fa39147851ae96eba5d7,2,1000000000000000000000000,1000000.000000000000
2024-12-01,33,-120259559,e8a246272fb89230a564d4854af06f3fb926f4a7,2,653952443399999935888256,653952.443399999936
2024-12-01,34,1822392055,218e312ff5181290a46e3f87a73a8ad40c05a944,2,500003000302390000000000,500003.000302390000
2024-12-01,35,1489798298,98251f94644f56a20e430ac309e03906fca46e28,2,202099959636236514000000,202099.959636236514
2024-12-01,36,1975740174,a606c2fdc5098441db41f649ca3b978313887c6f,2,194195676494130986000000,194195.676494130986
2024-12-01,37,-113578926,3a79d23a95c04b442b02370678fcc52cdd41cbd0,2,144392737519063069159400,144392.737519063069
2024-12-01,38,1507907657,5a7051bbfbdad628bff35225139a896d657cbff3,2,133638612883630000000000,133638.612883630000
2024-12-01,39,937064838,ff0b9681ef40fd0992ef52fd5bd94e0fa21c0359,2,91516712772992648000000,91516.712772992648
2024-12-01,40,2142931985,bacdb53bda061b6ea1fae435df50c7ce41664f9c,2,17817580664867458677121,17817.580664867459
2024-12-01,41,1126890596,9ef83a39e0e367d7edb2b54a8c0fcb6ab77c4863,2,17248951873205629865700,17248.951873205630
2024-12-01,42,-21736239,91589a16deb47a4e1082764728955626631c6c9a,2,8638491235867376504103,8638.4912358673765041
2024-12-01,43,1274732905,ba17568538b79e3a79d27ea2d44c9484384ce899,2,5501657984440000000000,5501.6579844400000000
2024-12-01,44,2026115742,27f344b94c7c3d32aa355ea9c46daaf56b038c6b,2,5444000000000000000000,5444.0000000000000000
2024-12-01,45,648941394,b39cb03e2f5e31b1b305afcdb4057771526853b4,2,5133665482253180513995,5133.6654822531805140
2024-12-01,46,1830960946,63075beee3383210664c8af615a228431b1701f0,2,3857131718916602000000,3857.1317189166020000
2024-12-01,47,-118276124,204e87c543c467f2b3bcf28c75d01948396f9edc,2,3281643320610240403396,3281.6433206102404034
2024-12-01,48,531969146,0e024cdba8377acf2d83e23090e27f5f8f490497,2,3000000000000000000000,3000.0000000000000000
2024-12-01,49,1543460597,4e98feed0a06e95b7bf45e619b2b709e30e1c00f,2,2986975912420000000000,2986.9759124200000000
2024-12-01,50,-84637538,cabdd347a2a0a6a51ea0fbd48afc9537935b93c1,2,2500000000000000000000,2500.0000000000000000
2024-12-01,51,1137644232,a55773c74c90994fbd88389934abafa3b006c9d6,2,2475935254364103570424,2475.9352543641035704
2024-12-01,52,554937769,58276321d7a5569627eb89709afe109a85328c3e,2,2299058863112667722606,2299.0588631126677226
2024-12-01,53,1548994142,01f0bcb29901144c860583f1b5e028d28ebeb2b1,2,2192074381078750145230,2192.0743810787501452
2024-12-01,54,1549021218,21cc41ac12766756f12bf6f24206f39ed76857aa,2,2030000000000000000000,2030.0000000000000000
2024-12-01,55,-126646953,1cf80c046d44d12c2488c12252fa95862fa78c47,2,1972000000000000000000,1972.0000000000000000
2024-12-01,56,1417729259,b7c4bafcc596b2f994e26409fd22e2a88f52a239,2,1650901894120000000000,1650.9018941200000000
2024-12-01,57,1303227501,7625cab89531f80d505c5cc277166bd5aea37c62,2,1320000000000000000000,1320.0000000000000000
2024-12-01,58,691510693,f038a1d0af303c1fbe91ea43345734ae754370ca,2,1206960370774369834459,1206.9603707743698345
2024-12-01,59,946490842,43757a499fec0dd9be3980d6ad2bd34573dbe9b7,2,1000000000000000000000,1000.0000000000000000
2024-12-01,60,1381091406,cd5bd47d3d1d8412b241ce9015c5032142948c12,2,629939285860000000000,629.9392858600000000
2024-12-01,61,1712245736,6d0d19bdddc5ed1dd501430c9621dd37ebd9062d,2,596162989340000000000,596.1629893400000000
2024-12-01,62,1193130229,4f04a9d148e4b903ba70e22b54e9c07e89b41d93,2,200000000000000000000,200.0000000000000000
2024-12-01,63,1713302233,3f45f0b9a8d09f876487dbdd1a6ca3039b25589c,2,122000000000000000000,122.0000000000000000
2024-12-01,64,1713112528,ebcc2731d489a0be81243f0dbed6d2553b9fd02f,2,104000000000000000000,104.0000000000000000
2024-12-01,65,-127640290,e93f8868491ce14719405d59acf813ab19a9c333,2,55619003339376852992,55.6190033393768530
2024-12-01,66,-136865234,1647482ffe55b18b19053cf9d1a895e1c53c6712,2,9000000000000000000,9.0000000000000000
2024-12-01,67,-145289439,58a68f0beb4c186cd3c9d839b39b38abde5a0347,2,3000000000000000000,3.0000000000000000
2024-12-01,68,902997605,0dc7a32042ce2e55ede97aae926c4e52af85b268,2,2000000000000000000,2.0000000000000000
2024-12-01,69,2036321253,0ec99033647baf24eaf79bf4adf41627e202af3c,1,9980979910000000000000000,9980979.910000000000
2024-12-01,70,1489819804,bbacb7f97ba96aa90e5603cfb47eae09517c8731,1,4497736000000000000000000,4497736.000000000000
2024-12-01,71,1438021540,a5995359b9941e060e366b4ee3ebb6a9f47649be,1,3999993000000000000000000,3999993.000000000000
2024-12-01,72,1870764986,c049f307dc4db93747c943c33eb99d5ac2164b45,1,1997984162222991690641488,1997984.162222991691
2024-12-01,73,-72378393,8c0b334ca809c3e4c58701d4238a6ed4132febee,1,1997810370000000000000000,1997810.370000000000
2024-12-01,74,-117610730,f08b611160cb9de7291c7b8f6b9cb180904fe000,1,1498031037810630200542053,1498031.037810630201
2024-12-01,75,-94643881,8a49fb3011c09aa63366f50a3774a72f804b1070,1,1466984104178429577790095,1466984.104178429578
2024-12-01,76,1091284663,66e2a637cc99dd0bfe1922a77cf747de727836b0,1,1284407930000000000000000,1284407.930000000000
2024-12-01,77,1839362061,fe99cc4664a939f826dbeb545c1aad4c89ee737a,1,1200000000000000000000000,1200000.000000000000
2024-12-01,78,978062500,70fdff0c6a9c2d68c778c54e54fe2e82ae7787dc,1,1197916463685810926350652,1197916.463685810926
2024-12-01,79,1144842428,b3b45cbc7b4650035a15c4e858bf7c21667a4741,1,1000000000000000000000000,1000000.000000000000
2024-12-01,80,-100933718,b658c0d9cf9eb21d29eb1d40c69d70755425d6df,1,1000000000000000000000000,1000000.000000000000
2024-12-01,81,746433710,406d39cab61d587610a674ad8d0eae7214d460c5,1,998801667123164519029068,998801.667123164519
2024-12-01,82,654454097,78b609dc7d13ab8360460e8fd31bcfb43f3e3b9d,1,998714197553515570370351,998714.197553515570
2024-12-01,83,-115424999,b1e3bd05552290e8122b77ee73d244f4bfaeb750,1,998676612141012088724707,998676.612141012089
2024-12-01,84,-134488110,0821354da7c79d9890b41be3f9742cfe2a728997,1,998396796099249377097960,998396.796099249377
2024-12-01,85,-131293161,338e8ae266cef759282742c6384f085e07f037c1,1,809730065030590118277746,809730.065030590118
2024-12-01,86,1003659972,79688d81c318aeaf0fda6a667af6aeab102cfc23,1,776893976239892046542601,776893.976239892047
2024-12-01,87,2094248035,df2609ec3d2e07a79d2e25e52960e75250bd9aaa,1,747986725068308129348860,747986.725068308129
2024-12-01,88,-125303238,f0aef500553de6a4ad8e2e7cdf22270e0bc34186,1,703645932305412000000000,703645.932305412000
2024-12-01,89,-125536589,e7b0762e51d624eba05c56f1102210e1c32d451f,1,701099594264340000000000,701099.594264340000
2024-12-01,90,25098874,b14d56ce29dade0316ea5df06d491636a7c4f3c8,1,665789941493936920784595,665789.941493936921
2024-12-01,91,596587845,a6a1fac4430cff1d6ca66e490ab16b0c8422ae23,1,642212148375020507930075,642212.148375020508
2024-12-01,92,-140479294,5be28cf3fb3f034858b34c5557564a9077c2ddd0,1,604506450000000000000000,604506.450000000000
2024-12-01,93,1850322078,a943c09367ea8fcc8e3b012149078748b60610bc,1,599448640921714075000000,599448.640921714075
2024-12-01,94,1451927006,0a91a528c5dabe20ee77468844904da390af7c6a,1,583091366438322349415961,583091.366438322349
2024-12-01,95,1570330783,965ed9d88fded99baef0733eb4dc4e0c96316ae7,1,501352566286632344816947,501352.566286632345
2024-12-01,96,1808935317,3fea9525aa5aa14e06ca4b46a571e9f98b7bb132,1,500311946866070000000000,500311.946866070000
2024-12-01,97,1543671085,f6f410df9f6d0a4d4aa8a7e1b2b192daeec84361,1,499353420103561915470838,499353.420103561915
2024-12-01,98,-115267701,cde9c07eec8803ef24da0165e46967f07775dd28,1,499100854077913697221388,499100.854077913697
2024-12-01,99,1882378878,4625d1e3b392a9c28a1e6c6d0938fdba57f53a96,1,497864653909346733276851,497864.653909346733
2024-12-01,100,858389758,b232d899b39ee282ec26bba385497b9fcd150ed3,1,449471358176322323840146,449471.358176322324
2025-01-01,1,882940793,f89d7b9c864f589bbf53a82105107622b35eaa40,469,38971425396626000000000000,38971425.396626000000
2025-01-01,2,1861713724,1ab4973a48dc892cd9971ece8e01dcc7688f8f23,209,2461523108809700000000000,2461523.108809700000
2025-01-01,3,86372871,0d0707963952f2fba59dd06f2b425ace40b492fe,50,4226604688808570000000000,4226604.688808570000
2025-01-01,4,-151939844,b4161fa4b9c584fa83de094c796929e0b999b9dc,39,55475318700000000000,55.4753187000000000
2025-01-01,5,-145253814,6312fbd448ae3220aa9755723d628a440419c901,24,15400535573063177601,15.4005355730631776
2025-01-01,6,-160452897,cc2eeeb11185b7f97ce2938e9013856896bc6f67,19,20300000000000000000,20.3000000000000000
2025-01-01,7,-168649665,c45d81e1421c78c66d850ab55e0a592d9dd7fcdd,19,15250000000000000000,15.2500000000000000
2025-01-01,8,-192583926,772397c31f781fcf21afcee8cfc850b4fabd1564,18,20458040000000000000,20.4580400000000000
2025-01-01,9,-112542928,6125bbbfad45325ce5b700d7acb4ab59e83293fe,11,84000000000000000000,84.0000000000000000
2025-01-01,10,-8637939,dd3d72c53ff982ff59853da71158bf1538b3ceee,9,7825752661500000000000,7825.7526615000000000
2025-01-01,11,1483851087,7c6782476e29fb26e1556fba058eb7eced93d327,3,246293002793100000000000,246293.002793100000
2025-01-01,12,1680879709,31bacbbf2c5a364c345055fe47556d42f42937a3,3,60000000000000000000000,60000.000000000000
2025-01-01,13,2035162663,422b2902d50bcd0843a0402e96f956946910619c,3,6500000000000000000000,6500.0000000000000000
2025-01-01,14,-81658225,8bba0da8648b43c697ee8adaf3df5f6bca0e6604,3,2002556925168103029114,2002.5569251681030291
2025-01-01,15,-51008300,b4dd187523ca68fa0af45412b35723509c94b468,2,101621479116805569492072,101621.479116805569
2025-01-01,16,-159331106,168776a6dc5f5538752649eca839c58d13f85f65,2,60081005317943569524908,60081.005317943570
2025-01-01,17,1645994700,7a66989fb18486ee01629cbb58ea6629db4aa364,2,45000000000000000000000,45000.000000000000
2025-01-01,18,1764601375,58edf78281334335effa23101bbe3371b6a36a51,2,38104405371050000000000,38104.405371050000
2025-01-01,19,-161569447,f4b317602feaa83ea0d89112fd84adf61669bed0,2,30038072316509163000000,30038.072316509163
2025-01-01,20,-143032548,2d52085331dbe477218763b73bdc9bae90d0b5d3,2,27531294578079816164522,27531.294578079816
2025-01-01,21,2018493961,c03ded2c784b22de5ef40caf8a50ab18ba1ac320,2,26091162937780037258200,26091.162937780037
2025-01-01,22,-160533159,6eae35d61c21ffbcc66cb5ecdf8a042e800c1168,2,20149222910047614973343,20149.222910047615
2025-01-01,23,1910697670,c4d5871bb3e1690337a04e0eb4fbd455b5413bcc,2,6000000000000001853656,6000.0000000000018537
2025-01-01,24,-107364970,eabc6827c67662cb92066bcdb63f40d31592d109,2,3278038316108972420183,3278.0383161089724202
2025-01-01,25,1160214233,46764997ef1e4be2b8094906e562c44882085f83,2,2500000000000000000000,2500.0000000000000000
2025-01-01,26,1546282942,47475984ecf8f4768bc7080a53ab2d82b5239292,2,1997570727847895912181,1997.5707278478959122
2025-01-01,27,1388340399,029c30b4f0945d9b0e9ec2d36322b444706819c2,2,1972762722098213118555,1972.7627220982131186
2025-01-01,28,1892551833,40dba006673ee66e28b4662dfaf0a388185e60ee,2,1499817557180089434507,1499.8175571800894345
2025-01-01,29,1712245736,6d0d19bdddc5ed1dd501430c9621dd37ebd9062d,2,482910000000000000000,482.9100000000000000
2025-01-01,30,-23804137,469b7202589087779f00d20c95ef62157aa57081,2,350589793230000000000,350.5897932300000000
2025-01-01,31,821193832,97d13afedd3d16112caa531a3fc495ad5edd671c,2,340524133074314776150,340.5241330743147762
2025-01-01,32,1489641331,c3ff3d67232d601fa632ca2c9c0624ffbdec4d59,2,142104974000000000000,142.1049740000000000
2025-01-01,33,1370281946,ed0ad573ed79f094a7a94506fbf9239650f3b798,2,55045708998212602893,55.0457089982126029
2025-01-01,34,-65597374,2721223af3c43f77efeab74d03a816cf5295ceb8,2,20000000000000000000,20.0000000000000000
2025-01-01,35,-151230463,c5d20940d4b00972cd3c613cacd5411befb99c18,2,202000000000000000,0.20200000000000000000
2025-01-01,36,1804345379,c08b122fb1057149f55d49d3d5cea0d083b37ffb,1,29251935179142458255271089,29251935.179142458255
2025-01-01,37,-44058571,3f946f00a00eb2a66a4bd1aeaf137e05db6caec6,1,3994988964000000000000000,3994988.964000000000
2025-01-01,38,-50131676,022ea4bfdb1d9166bb6fd44305a86055aab8b994,1,3865102049931764136496464,3865102.049931764136
2025-01-01,39,1935386740,cf68f8f5041a2757bdc7e7cab1b342189a1803c6,1,3865102049931764136496464,3865102.049931764136
2025-01-01,40,1496632020,4e4398f4b7683f721add73fc515d7db4f1a4df6e,1,2474628390000000000000000,2474628.390000000000
2025-01-01,41,1172606172,9cb4f2da14f6d816e1f111f3f3183aa41c4849f7,1,2258271567765333181888451,2258271.567765333182
2025-01-01,42,-137463081,f81e27618a5ba1daa49edf8f97a7336945510b57,1,2012155294990065254332480,2012155.294990065254
2025-01-01,43,-137448285,38cc174685852510d5887be0d9da66e6b8a4a0dc,1,2001672502354898563153466,2001672.502354898563
2025-01-01,44,1891782434,15bb5d31048381c84a157526cef9513531b8be1e,1,2000000000000000000000000,2000000.000000000000
2025-01-01,45,1451927006,0a91a528c5dabe20ee77468844904da390af7c6a,1,1930000000000000000000000,1930000.000000000000
2025-01-01,46,-170875935,8512ea1937f60401492efc07bdafaa1203782fda,1,1930000000000000000000000,1930000.000000000000
2025-01-01,47,1702166084,0804fe007dce1e12d87e72bd68e84e626028c1f3,1,1699993875796890000000000,1699993.875796890000
2025-01-01,48,2064634348,5aac27a4262b6426152a08722d4eef2a3a738341,1,1699993875796890000000000,1699993.875796890000
2025-01-01,49,1489819804,bbacb7f97ba96aa90e5603cfb47eae09517c8731,1,1664700271529253443912808,1664700.271529253444
2025-01-01,50,2047565930,e413e8543b2c2818ac54306810cebc48266392f2,1,1257149472725481714618452,1257149.472725481715
2025-01-01,51,690473977,2744fec1df92b381458793b50f464a41c2f601ca,1,1199959362677611223071866,1199959.362677611223
2025-01-01,52,1901722872,f0c23cc5d01395a8cc178fe52fbd9aa6f6de87c2,1,1072794097305533851511505,1072794.097305533852
2025-01-01,53,1914838712,6ae3cb35f1ed950b237a6ec1081b2140822bd19e,1,1000000000000000000000000,1000000.000000000000
2025-01-01,54,-173084453,33bb4e64b8e5cd456ac9de3b8444b037f7aff4bb,1,999993000000000000000000,999993.000000000000
2025-01-01,55,2114657669,5b1b1ef66214fe163b602fc5b81903906a786211,1,999867927542333581949114,999867.927542333582
2025-01-01,56,-154495947,bd9ca508d6475ab7eb9da9ad6127691e6e79c911,1,914364186094990090875531,914364.186094990091
2025-01-01,57,1818005,61a82421cfd3385080234c7fecbed6b3535d1d76,1,881251619435778017749162,881251.619435778018
2025-01-01,58,1841364340,8ea6f18a67023141ac0f9200e91aa65bb27e8086,1,815843142564518532427169,815843.142564518532
2025-01-01,59,-136028495,9890ef41c8780b569b09e64dc4415cc01f58bfe3,1,708174988291184505845408,708174.988291184506
2025-01-01,60,1581845184,d2eda519196fb6baa1aa602820130ef3093f9c23,1,640280000000000000000000,640280.000000000000
2025-01-01,61,1053556910,705d5657f5a07558ca9208f5b7e4e2ae9c4c7004,1,614829800494861461237713,614829.800494861461
2025-01-01,62,1990868179,73c8f95073e312e9ff75a7055a6294f88723c217,1,581638350044771542253729,581638.350044771542
2025-01-01,63,1047788714,decfd713aa4fc16e974d57c9c58c295ca2244d04,1,526236579861322390865013,526236.579861322391
2025-01-01,64,1272985700,54207bdd0b6b1daa5bd98c0c8c2ebdef65f63a3b,1,509469205547631422211960,509469.205547631422
2025-01-01,65,-104356074,e07e33405abf776b1674a5cafba0b3303c3c2ac0,1,503161817390507461089084,503161.817390507461
2025-01-01,66,-68347582,4a48753b1a184e7eeda58b56797c43303b06e790,1,500000000000000000000000,500000.000000000000
2025-01-01,67,1631893951,3f14fae79d203f84d9c3047774dcc4400b969f09,1,499974395450887487000000,499974.395450887487
2025-01-01,68,1835156671,57d7b62c7b877f315b2d0cac98c4775f5bd3cd0b,1,499595423189080000000000,499595.423189080000
2025-01-01,69,2055200266,ac3224af823e5bc3ec1c7bf0760f61a2a0446c35,1,491640589125492679845532,491640.589125492680
2025-01-01,70,2071577842,4578997af86fe4d6d69aee9946bf752d98e31498,1,400000000000000000000000,400000.000000000000
2025-01-01,71,2131386377,166594c7adba66141e4c4e37be2b37255c399d57,1,356215411024855495516623,356215.411024855496
2025-01-01,72,889555344,d507eeef2152d54b8c00cba499340f7b7a59c948,1,349908773033501269674157,349908.773033501270
2025-01-01,73,2021047485,f9d764fc6a64181669d4b883fb8686479d2a6cfc,1,347044727481944309283237,347044.727481944309
2025-01-01,74,-118919141,a3a3740c7e8d1de4132f963b18fcb7a7fc9537f9,1,304248132582783132218793,304248.132582783132
2025-01-01,75,2005742134,b7253cb6f826b985483645517bee08da61579b45,1,300000394769209281601864,300000.394769209282
2025-01-01,76,-136327597,bf3ce4b977bab67d8e803841af6305bfe1a7ae04,1,300000000000000000000000,300000.000000000000
2025-01-01,77,678544623,70eda29d64d959cc4e75381b79bc94ae456d69bb,1,299993000000000000000000,299993.000000000000
2025-01-01,78,780029770,9dd87184d2b4945437c2671a277cab687bd8ab47,1,287262677518640708064452,287262.677518640708
2025-01-01,79,945098029,f9b95cb9f9afa8a9971a65001bc2905327dee682,1,284336818525103628231507,284336.818525103628
2025-01-01,80,1814687388,b4b34f9ffb2d4465a4e130016a12c2e016b73242,1,281337871641190000000000,281337.871641190000
2025-01-01,81,1939147120,7c9b9c1df29ca0bac1c91feb1401a20ab7c820a6,1,270221400000000000000000,270221.400000000000
2025-01-01,82,-145790002,e77b6130895ffb5b0acd3d3822e5b867779ed200,1,247775516184353057879231,247775.516184353058
2025-01-01,83,-119146667,4039e99f204166ced3de916c0f5287aaab8c9f4b,1,239599760366679656398674,239599.760366679656
2025-01-01,84,1957196465,90489a1f557fba381660192836446db659186c55,1,205000000000000000000000,205000.000000000000
2025-01-01,85,1628330243,772d986974b41a79601000e27a89cc29168fd69d,1,201950469207173609054690,201950.469207173609
2025-01-01,86,1015058187,091c22b75c478726f6752fcca80d56e612c11d53,1,200000000000000000000000,200000.000000000000
2025-01-01,87,938557939,de888b3624946825feed1f9a2a24d85d26c95f38,1,200000000000000000000000,200000.000000000000
2025-01-01,88,-114020909,0ad93b2b4977b4126b74a99e3e5a81519d29e617,1,200000000000000000000000,200000.000000000000
2025-01-01,89,-90666497,6b0ad41d29ec870c603da101c2bb6a03d4cbc5e7,1,200000000000000000000000,200000.000000000000
2025-01-01,90,-17262927,a994295e2e3598460c959b4a9d91c763fd5c3827,1,199993004388800000000000,199993.004388800000
2025-01-01,91,1877392883,c40091d4fbba534777dfc685710bffeb141c4250,1,199249840000000000000000,199249.840000000000
2025-01-01,92,1126965410,edff952d2a318cd14663c0440d2eff4ff3ebd5cb,1,169960672786605058228498,169960.672786605058
2025-01-01,93,2041144726,48c2fb65a0797e2a1b8c325c7bf8b46fa5fbfbf6,1,166519287645000000000000,166519.287645000000
2025-01-01,94,2045713947,632adf007b697bed10eccd7f4aaa307b8cdc88ec,1,147333964553199709043332,147333.964553199709
2025-01-01,95,1970849102,a8466811a9c62e98f9b21df45d13ff5a1280b1be,1,143208000000000000000000,143208.000000000000
2025-01-01,96,-14834314,6a212c0bef09e23626c19a9ba96b9d318c1c99c9,1,137000000000000000000000,137000.000000000000
2025-01-01,97,2123790112,2023b43b9cfc2377ebb20886dca2603d9d7c41b0,1,134811539519350000000000,134811.539519350000
2025-01-01,98,-129750367,834f2d4dedc5e0b9b3612a9779bdfa8c8e99e6e8,1,119376927699416763000000,119376.927699416763
2025-01-01,99,1920786635,b881c4a5e181dbe1aad0b165942987fa10360dee,1,119376927699416763000000,119376.927699416763
2025-01-01,100,1886261077,e3ba40675e1f98b6ccced86e5a902cb3c745af53,1,113000512526054318406078,113000.512526054318
2025-02-01,1,882940793,f89d7b9c864f589bbf53a82105107622b35eaa40,2134,70767716090757690000000000,70767716.090757690000
2025-02-01,2,1861713724,1ab4973a48dc892cd9971ece8e01dcc7688f8f23,970,3544632493340760000000000,3544632.493340760000
2025-02-01,3,86372871,0d0707963952f2fba59dd06f2b425ace40b492fe,131,2484191281693020000000000,2484191.281693020000
2025-02-01,4,-214463143,d7cc7277eae78496cc3afc6615bf0238175161ea,29,28100000000000000000,28.1000000000000000
2025-02-01,5,1764601375,58edf78281334335effa23101bbe3371b6a36a51,28,332948135063320000000000,332948.135063320000
2025-02-01,6,-167531603,7ccaf3edda4ca3e1f61c81d19019c92dd250fa26,27,344005776442676323,0.34400577644267632300
2025-02-01,7,-192583926,772397c31f781fcf21afcee8cfc850b4fabd1564,26,32984000000000000000,32.9840000000000000
2025-02-01,8,1236810485,5952a379296d4a1a63fca0f2bfa78f835021bdb2,20,984232000000000000000000,984232.000000000000
2025-02-01,9,-195699192,dcd13edbbd47196b14b57964e46950b3fc5fcc89,19,10800000000000000000,10.8000000000000000
2025-02-01,10,1998442633,0958698775d1d3470a117e84e76ab64e4d66a91a,18,45000000000000000000000,45000.000000000000
2025-02-01,11,-195691845,c6ab71ca75364cba7aed7644bf708a52f815777a,16,18500000000000000000,18.5000000000000000
2025-02-01,12,1088415421,397342042c5e02a0e5d0deff209ac6ec719b3775,16,1794200000000000000,1.7942000000000000
2025-02-01,13,-8637939,dd3d72c53ff982ff59853da71158bf1538b3ceee,14,49243274182300000000000,49243.274182300000
2025-02-01,14,-227679811,5864e01d335942f74ba4f5d963892ee40c8bcf30,14,1517730333000000000000,1517.7303330000000000
2025-02-01,15,-189718384,700467e37b269bc3e2c5f3948c76947d6134b126,14,14000000000000000000,14.0000000000000000
2025-02-01,16,-227637783,1d81408e5b0f92aa605fce16c7cad1f11482e23b,13,1358714069000000000000,1358.7140690000000000
2025-02-01,17,-24076311,9555d2aa056070c9f45cb1100b7083a20f8a27e5,11,87000000000000000000,87.0000000000000000
2025-02-01,18,-227580417,163506c684a7ebd400debc9947f7af54b0326c75,10,1673537978584591995500,1673.5379785845919955
2025-02-01,19,-215530118,1bf587504207b61aff9a2937f8da234188406cac,9,40018240329672634922632,40018.240329672635
2025-02-01,20,2005649270,2cb2c8d1d7b0bcfdc6544e0488161d13d774426f,9,18000000000000000000,18.0000000000000000
2025-02-01,21,-224761001,94ab2834a1283226b4c791c5274768838dfefdff,8,120000000000000000000000,120000.000000000000
2025-02-01,22,1595711827,1914717974224765b85636159d48f46dbbdbde27,8,1600000000000000000000,1600.0000000000000000
2025-02-01,23,-213125172,2ae8705fd457853adfd9620298591f49c8f7af49,7,435554000000000000000000,435554.000000000000
2025-02-01,24,-215547286,7497beca5ccd78aa64e0addcde0a82ad62de26bf,7,40013000000000000000000,40013.000000000000
2025-02-01,25,63799116,664537fef11a1aa84769789615fc272e1a18a1bd,7,808026959510000000000,808.0269595100000000
2025-02-01,26,-215617234,460cb16ff8097a479100216485b84b06febbd790,6,40122250379298197853211,40122.250379298198
2025-02-01,27,900648885,bcec43bbc3c9a4cc2a133e92e8b200e0e92c221b,6,15954331065334605052945,15954.331065334605
2025-02-01,28,1020324762,ff979f78948291e4c6105509f4155d5c707e6c1c,6,5756758577230000000000,5756.7585772300000000
2025-02-01,29,1712245736,6d0d19bdddc5ed1dd501430c9621dd37ebd9062d,6,4330090000000000000000,4330.0900000000000000
2025-02-01,30,-216134535,8766893d27ec1905887299662ea583e0575fa15a,5,2000000000000000000000000,2000000.000000000000
2025-02-01,31,1483851087,7c6782476e29fb26e1556fba058eb7eced93d327,5,266197536200960000000000,266197.536200960000
2025-02-01,32,1332006476,aab7db20add7126d61faf24baedc5f71225961f3,5,228547596522883904571446,228547.596522883905
2025-02-01,33,996159529,0fbeabcafcf817d47e10a7bcfc15ba194dbd4eef,5,33000000000000000000000,33000.000000000000
2025-02-01,34,1019953370,6e0c89ed168fe72563c9e2141c88740ef1ea4ba6,5,2515000000000000000000,2515.0000000000000000
2025-02-01,35,-227646015,667ab145315643480a1a7be70e766e67f4f05323,5,538926701000000000000,538.9267010000000000
2025-02-01,36,723257793,4d168ae4409f7b4dcb62525ea00e311500873844,5,515000000000000000000,515.0000000000000000
2025-02-01,37,-139691696,76c0dca0004367b4025925a7f13b9dec0432505b,4,442297077496511562966915,442297.077496511563
2025-02-01,38,-220487044,70e7ff5f8cde80eb420041a03352118bb2cb3e1b,4,40025090000000000000000,40025.090000000000
2025-02-01,39,1919894181,a10cfb05d8955a0b54a24be549cdc974f4f36983,4,20000000000000000000000,20000.000000000000
2025-02-01,40,-222902458,09f2554eb4c29ef58fdd2593c556b5c27e48e0e4,4,5000000000000000000000,5000.0000000000000000
2025-02-01,41,2027916755,7f72bd2695b7d06f593d312cd3a445d86cc3d8ea,4,1993600000000000000000,1993.6000000000000000
2025-02-01,42,-150777497,cde9f2fb540c528d7b0cacc76cbb4fb1a9a938da,4,400000000000000000000,400.0000000000000000
2025-02-01,43,-224602273,d32dec89efffdddeb9b6940a1ecd90296cc89bd9,4,399744788991178422067,399.7447889911784221
2025-02-01,44,1489819804,bbacb7f97ba96aa90e5603cfb47eae09517c8731,4,0,0E-36
2025-02-01,45,-76166674,f6931f5275aebb58d866d4f8cf8bfa86b678ea98,3,1483200000000000000000000,1483200.000000000000
2025-02-01,46,2055210541,6d0665990541b19846d1901f031a7870a34bacd4,3,1176762628820830000000000,1176762.628820830000
2025-02-01,47,-230231238,b8ff82c18db30cc0938552b82fb04f5c337ad62d,3,300000000000000000000000,300000.000000000000
2025-02-01,48,1911256677,2eb9efb3ac0e40cebee24641492dea67bc8929ff,3,150072174939060000000000,150072.174939060000
2025-02-01,49,-180092942,b365c2656215146b54e5a18e5aac7d75217a895d,3,74976565787580000000000,74976.565787580000
2025-02-01,50,1068594110,0fca69173e39316d52cce65ba08be40f7c0b75ce,3,70000000000000000000000,70000.000000000000
2025-02-01,51,-134845436,78427af7f8fa6b45f2f3c2551f4812062e292267,3,57000000000000000000000,57000.000000000000
2025-02-01,52,-212420230,0d0785efa05f99518a8c211ec6270a121cd54f89,3,44959677577401434000000,44959.677577401434
2025-02-01,53,-220476058,55b1e0ae6a914f16c9fc5fff4d6511f3fe877a69,3,32760366014191085277660,32760.366014191085
2025-02-01,54,985455549,2560e18187362f970b19c5e85f71e37fce5847f5,3,25002520000000000000000,25002.520000000000
2025-02-01,55,2109738979,74cee38c22f8c0568b5bc364c27ef077a9230da1,3,13491526514000000000000,13491.526514000000
2025-02-01,56,567057986,6cc8dcbca746a6e4fdefb98e1d0df903b107fd21,3,11890310000000000000000,11890.310000000000
2025-02-01,57,1384068877,6b1e5cd84bd83160e904aa4e236659265d499c81,3,11008554228933237519809,11008.554228933238
2025-02-01,58,1880709889,115429208229ecbfb444610e8fd777c5844eacd1,3,3000000000000000000000,3000.0000000000000000
2025-02-01,59,1083478831,45cef20a3ab9a806851d19783a727c04b23303af,3,1100979871151689253126,1100.9798711516892531
2025-02-01,60,1032221041,6117f1e345df77234ede45d49c2bea9cdd0256df,3,733150000000000000000,733.1500000000000000
2025-02-01,61,-104806931,fa82afe218c3af406fb601e8c63051f6e1048b09,3,450000000000000000000,450.0000000000000000
2025-02-01,62,906045285,2dc5b4261159fffaa56c4e197605d05a72a7b368,3,300163270000000000000,300.1632700000000000
2025-02-01,63,1820237703,8fca4ade3a517133ff23ca55cdaea29c78c990b8,3,245150510450000000000,245.1505104500000000
2025-02-01,64,1438021540,a5995359b9941e060e366b4ee3ebb6a9f47649be,2,3244422777922880000000000,3244422.777922880000
2025-02-01,65,1995409435,fb4db1e33f6ab336b66be4512d8747ea0419a9c6,2,3099958000000000000000000,3099958.000000000000
2025-02-01,66,1423458513,94fe65681527c14fe6eb153a4e64052b6c3d814a,2,1857337175684880000000000,1857337.175684880000
2025-02-01,67,588135314,34b2e4cc56b7160d86951310b7351e7983842a9a,2,1818309281001199711091571,1818309.281001199711
2025-02-01,68,1690530208,5e1c2c88cb62fc57f91f081987a149896074138f,2,1020526448250780000000000,1020526.448250780000
2025-02-01,69,-197294921,dff08b4735118f28643846149c939e483836729d,2,1003377690000000000000000,1003377.690000000000
2025-02-01,70,1914838712,6ae3cb35f1ed950b237a6ec1081b2140822bd19e,2,1000419952930800855715608,1000419.952930800856
2025-02-01,71,1947237056,a28d8d7083dcf1988aee50bdbf15f47532759bc2,2,1000001000000000000000000,1000001.000000000000
2025-02-01,72,-164998783,7ae202be0b6e8422141138a67c97e6a5539c9b39,2,782071280887927293993279,782071.280887927294
2025-02-01,73,931609445,42e3da8e7c1dbff7f9fe544fff5c4531ecd6f8a4,2,759539000000660000000000,759539.000000660000
2025-02-01,74,1926494889,daa7143682fe59f6d2d541ff285d44b0ae3d37a2,2,685896225703600000000000,685896.225703600000
2025-02-01,75,2101907541,d5e5879fef5bf2d6d0ebb9e49bcf41cf3128f10b,2,550366397579384645085199,550366.397579384645
2025-02-01,76,-203849459,0130e0418d8308f42a9dfd57c5a2ea872526628d,2,548637308102410000000000,548637.308102410000
2025-02-01,77,2047659822,cfbb7813ab2f6c744f0bfd3f3ba439f2c1cd01ee,2,450211923699429965000000,450211.923699429965
2025-02-01,78,-219097613,fbc83f8af6cec34d6cff343a93f162aed2789c20,2,406027353768075439000000,406027.353768075439
2025-02-01,79,-187176545,b6bcf7c699be3bad2729cb90c6e19f1589efd84c,2,400000000000000000000000,400000.000000000000
2025-02-01,80,-105004906,d47f5a2bf688999017163f4da7f39159650d7133,2,380603000000000000000000,380603.000000000000
2025-02-01,81,-145790002,e77b6130895ffb5b0acd3d3822e5b867779ed200,2,341000000000000000000000,341000.000000000000
2025-02-01,82,-143105000,09e8640d856a562ad3ea98cd42cf9c323836d2e7,2,301155442930797275083806,301155.442930797275
2025-02-01,83,981062382,31b7b4f598c6d898b55d93b0ef659e83d4a8f890,2,299769858110000000000000,299769.858110000000
2025-02-01,84,-156466259,2cc00fb7a42465ea4d9d49ae750ac24ec391c2d7,2,281092513840725213473345,281092.513840725213
2025-02-01,85,1949355169,8260d98772d2493b425891b62aff52c4a5eedc52,2,246249013582070000000000,246249.013582070000
2025-02-01,86,2096564573,c54994f730330a7dab0aa9ee039ad7bf67e5f018,2,246090766305986112864470,246090.766305986113
2025-02-01,87,1975898639,bd98432bd7e403aa7db27d4140f00e6781544208,2,231527200453200000000000,231527.200453200000
2025-02-01,88,-147835105,ff5d91a482db1414ec3bee14b8b13da836f810dc,2,207004190963343614489435,207004.190963343614
2025-02-01,89,-2695034,8125c968d9a23567008a63ffc2c418d694ee7176,2,200500000000000000000000,200500.000000000000
2025-02-01,90,-211843862,227e19b5050a3b4631d02b003e92ec72f6740181,2,200002000000000000000000,200002.000000000000
2025-02-01,91,1958953478,3751c00497a12161658d6bd5c5bf0ab2d039e3a8,2,176230933436440000000000,176230.933436440000
2025-02-01,92,-204936996,a23e3951fb8dac1cf524ad6153d25962a17ad9af,2,160027725283495400243701,160027.725283495400
2025-02-01,93,1392884966,4a4037e53306f284cf214b733e9a54d6a5939818,2,151431104426215938273240,151431.104426215938
2025-02-01,94,1858649103,834a9065ef6369eb4b17afcf4c3e70ec4bfffa9e,2,150917779016290000000000,150917.779016290000
2025-02-01,95,2073659793,163b7cf0e0953685846c005bc3c8af074baac532,2,117572450239421114790678,117572.450239421115
2025-02-01,96,1958920793,c20baadf32107af89eed89e3b8046daea26b053f,2,105443488143370000000000,105443.488143370000
2025-02-01,97,1472857193,5766fff31c3b9ba98b92870709ff21443b406ed5,2,105241370102248709043782,105241.370102248709
2025-02-01,98,-9654138,f264c4842a2f77b185ad632543d9424bc5aa0e44,2,102474633461641801087892,102474.633461641801
2025-02-01,99,-66445778,19c9e371d8a87f0f1ed1ce6e621472ddabda9ab6,2,100100000000000000000000,100100.000000000000
2025-02-01,100,-153084489,dae242cb6c3f9b4be5ed9937d4d3cf9f34d11faf,2,100000013000000000000000,100000.013000000000
2025-03-01,1,1911647799,5f1e20e2cc21a745e97fa859848fc8e06bf315bd,997,101230680000000000000000,101230.680000000000
2025-03-01,2,882940793,f89d7b9c864f589bbf53a82105107622b35eaa40,364,8301700509816370000000000,8301700.509816370000
2025-03-01,3,1861713724,1ab4973a48dc892cd9971ece8e01dcc7688f8f23,282,2745755259550220000000000,2745755.259550220000
2025-03-01,4,2073796322,9642b23ed1e01df1092b92641051881a322f5d4e,170,309418147376860000000000,309418.147376860000
2025-03-01,5,-238310883,6d7be3c8fce0de1ac8594c0daecc84441dff0b81,96,1304871562562010653,1.3048715625620107
2025-03-01,6,-192583926,772397c31f781fcf21afcee8cfc850b4fabd1564,51,67136230000000000000,67.1362300000000000
2025-03-01,7,86372871,0d0707963952f2fba59dd06f2b425ace40b492fe,48,1199237600044620000000000,1199237.600044620000
2025-03-01,8,-255976096,020500aafc12d79918f8424ee66560b5266617e9,36,3867665254000000000000,3867.6652540000000000
2025-03-01,9,-256003192,c32b1e846af14588c27c4be269b4a335d0315218,35,3716227840000000000000,3716.2278400000000000
2025-03-01,10,-255964751,ebdfcc15346ab3f18c397a97a8bb78ad21e34ea8,22,2464366463000000000000,2464.3664630000000000
2025-03-01,11,-167531603,7ccaf3edda4ca3e1f61c81d19019c92dd250fa26,16,187138073436129893,0.18713807343612989300
2025-03-01,12,-174023501,e189d910ab722872a257b7f7dce37c01ca358d65,15,15000000000000000000,15.0000000000000000
2025-03-01,13,1764601375,58edf78281334335effa23101bbe3371b6a36a51,14,72856464089230000000000,72856.464089230000
2025-03-01,14,-213100092,07abd47974682f591b289dbce3fc90d5391ffa28,12,55561000000000000000000,55561.000000000000
2025-03-01,15,-24076311,9555d2aa056070c9f45cb1100b7083a20f8a27e5,11,87000000000000000000,87.0000000000000000
2025-03-01,16,1775184789,b6ee2eb7e8a415b60899ad8aa9a96eb379554757,10,10000000000000000000,10.0000000000000000
2025-03-01,17,-241026826,f8d937f782c9f866ccd5016e61f5ecf0f0fc711b,7,11000000000000000000,11.0000000000000000
2025-03-01,18,-238896165,427fb6224b5f8c6f6a562cddc420b7c2520e456c,6,131888912901530486936955,131888.912901530487
2025-03-01,19,-44102933,d1751b92a87d73488dcc9526a88b972f19f40266,6,600325760241854285745,600.3257602418542857
2025-03-01,20,-8637939,dd3d72c53ff982ff59853da71158bf1538b3ceee,6,250018973330000000000,250.0189733300000000
2025-03-01,21,-236013701,7796577cf026238b1cc6649a2fda14f9f000280a,6,200000000000000000000,200.0000000000000000
2025-03-01,22,2050093999,dbcdecdb7addac6a0726b9df363bdaa1b0fe8aae,6,13203228910000000000,13.2032289100000000
2025-03-01,23,1015100134,15434a35e00897252a16f9edc45147d92fc52725,6,10898198910000000000,10.8981989100000000
2025-03-01,24,-212842646,f5bdaba5ead123a71ea670e60473a7da345c54e3,5,13193509002298340000000000,13193509.002298340000
2025-03-01,25,-214539779,af491a74b2baf1254ddec38d838280313ec05f89,5,1601136019959799883168431,1601136.019959799883
2025-03-01,26,-138136881,7bee8d37fba61a6251a08b957d502c56e2a50fab,5,1211587266053064501507486,1211587.266053064502
2025-03-01,27,2135856812,94b3e915cd7d34989fff8ee85c9a33de9d4f78f6,5,393000000000000000000,393.0000000000000000
2025-03-01,28,860790791,04c53f413300addfe8626e3073920c0db29d6fb7,5,327898141730000000000,327.8981417300000000
2025-03-01,29,1892118809,697d55f4a164c0bb8a4056e4ae176bc10f648563,5,5528122347203406761,5.5281223472034068
2025-03-01,30,-147266555,ed3eef7bc6beefe77ee4bc13b3fc2067c66ef02d,5,5520000000000000000,5.5200000000000000
2025-03-01,31,1896178040,7f7e2f02d7125f9ad99d1dcedb99d01e1f29d9cd,4,500496503481845578751086,500496.503481845579
2025-03-01,32,1529466882,f0c98a45d3421575ccb1800fd522b817a9212a5d,4,391120631314420611827195,391120.631314420612
2025-03-01,33,1030560726,ab25d4a2ae7c9259b9cc9d08776c9ac7fef8acf3,4,68275631521390000000000,68275.631521390000
2025-03-01,34,1611828961,fc268e42603f09f6a34ada5b3f40e4448950ab59,4,58185627764451790794184,58185.627764451791
2025-03-01,35,1284670123,19f2ae691578474714e2cba94e377234f9584520,4,9969102889551030099,9.9691028895510301
2025-03-01,36,973268927,96c5161617323a56434753cbe43bad516adc7f48,4,3800000000000000000,3.8000000000000000
2025-03-01,37,1821352972,0ad500d23a43ae9b26a570cfb02b68c48a866565,3,5818002161818608679770475,5818002.161818608680
2025-03-01,38,2051623243,1f89253802aeae9ec508350ceba63e5d43fe99a3,3,4633538000000000000000000,4633538.000000000000
2025-03-01,39,714100672,5f397b62502e255f68382791947d54c4b2d37f09,3,3601000000000000000000000,3601000.000000000000
2025-03-01,40,1380399547,77021d475e36b3ab1921a0e3a8380f069d3263de,3,2159175865712252000000000,2159175.865712252000
2025-03-01,41,-39393655,cac31a5763c00db35bbacac317855a0a0181badf,3,1957376938149586957748001,1957376.938149586958
2025-03-01,42,1438021540,a5995359b9941e060e366b4ee3ebb6a9f47649be,3,1582567000000000000000000,1582567.000000000000
2025-03-01,43,-170839353,5c5a20b6a29c426a0aecf1a20f953df6914aa07d,3,623962873000010000000000,623962.873000010000
2025-03-01,44,-238526801,3dc325062fff751e0c9d8416ab31dbc4b7185e10,3,485823216840746958000000,485823.216840746958
2025-03-01,45,1507907657,5a7051bbfbdad628bff35225139a896d657cbff3,3,186015961841747650032236,186015.961841747650
2025-03-01,46,2124479240,dd647ce113505b34c62412d2a804ce1bfbcfc737,3,100100000000000000000000,100100.000000000000
2025-03-01,47,1420079419,f9b9f66077ca02cef2f5e4c82e19bd66868b635b,3,50974979166173257000000,50974.979166173257
2025-03-01,48,2077554062,cddac5e935debf5ebcb1127d619bf6142ee0f59c,3,42644289502700000000000,42644.289502700000
2025-03-01,49,871383990,b91627ec58c37dee493a4d335a5de0395791b8b0,3,34105205759060495000000,34105.205759060495
2025-03-01,50,-150789986,dab38e567b86d6ccbff738cd48f714e9f94103b0,3,29128337350000000000000,29128.337350000000
2025-03-01,51,596340803,a72283113d253155fdeabe499d3f7436456c8279,3,20152807493625291726045,20152.807493625292
2025-03-01,52,2032220582,c96c21fecd75e5e5e740b0d94d07c6cad7b3ed41,3,17125652055792038695032,17125.652055792039
2025-03-01,53,1668276028,f138722054ee98d1d9ac80f97b7c11a7e3ed66f5,3,2970066284000000000000,2970.0662840000000000
2025-03-01,54,1881536575,13963e9a5dd816bb1da9f2c036d644c739903727,3,1026000000000000000000,1026.0000000000000000
2025-03-01,55,-35298664,4830ffefc4b44f6796e9e56e7e646cda47ba5eb7,3,251864097216625162044,251.8640972166251620
2025-03-01,56,1820237703,8fca4ade3a517133ff23ca55cdaea29c78c990b8,3,77322659230000000000,77.3226592300000000
2025-03-01,57,-97267703,5fca93b3d5442f30a85aa3358a59c6f7f5f0d8f0,3,20000000000000000000,20.0000000000000000
2025-03-01,58,1151682340,5582ecc5f7e6fa68719fe70b3e4902b426482763,3,10000000000000000000,10.0000000000000000
2025-03-01,59,1579529223,573b5708f20c9322147600abf0dba7188c6c5e37,3,3900000000000000000,3.9000000000000000
2025-03-01,60,-237370326,c7e82a4cd6bdd7c32cac4aff18528543467c72f1,3,47472017379170002,0.04747201737917000200
2025-03-01,61,1654534858,88a1493366d48225fc3cefbdae9ebb23e323ade3,2,70000000000000000000000000,70000000.000000000000
2025-03-01,62,2027659310,b99a2c4c1c4f1fc27150681b740396f6ce1cbcf5,2,56881192162090000000000000,56881192.162090000000
2025-03-01,63,-195063145,b04f9a8cb1d38685cf6cc1eb7760b02f95fdfe52,2,5032215865960255178269469,5032215.865960255178
2025-03-01,64,2064634348,5aac27a4262b6426152a08722d4eef2a3a738341,2,3401173365259560000000000,3401173.365259560000
2025-03-01,65,-212863521,ba33d63b99a7e0492e582aa3007d51ad01354ad0,2,2000000000000000000000000,2000000.000000000000
2025-03-01,66,1858740394,bc334785d79836043a647e1ee686bd36d6cf27c4,2,1469773671446515085537005,1469773.671446515086
2025-03-01,67,1528067452,eb20033b26d6540f7c421f8296cceadbe489f6a2,2,1242134291453370000000000,1242134.291453370000
2025-03-01,68,-230516347,ecac5000f9d7450408e0b6b55a8bf46fda5d5a83,2,1233064677824474370683146,1233064.677824474371
2025-03-01,69,-177835001,81453b68b25a1e95dcf47b9d7c2413b5d52aafaa,2,1018864652022286251152339,1018864.652022286251
2025-03-01,70,1484030207,367e6a73a56b338f0e79c061407458f40f79264e,2,901784612527472813444704,901784.612527472813
2025-03-01,71,1821206607,547c705fbeddbf32c96b552ab1045f5555ba5edf,2,850022087112353394198196,850022.087112353394
2025-03-01,72,2045663879,ccee77e74c4466df0da0ec85f2d3505956fd6fa7,2,688888000000000000000000,688888.000000000000
2025-03-01,73,972343366,d49f9d2309d4167cd25cd6bb14cdce6e55b33ffe,2,600000000000000000000000,600000.000000000000
2025-03-01,74,1835156671,57d7b62c7b877f315b2d0cac98c4775f5bd3cd0b,2,599394000000000000000000,599394.000000000000
2025-03-01,75,-172427415,5673f52b7ae10ddc19bd3aead02a24f40914a795,2,502343844065879286487013,502343.844065879286
2025-03-01,76,25197239,9841cf34bc16af4658ff83a1837dc7d5da6ffa3b,2,374000000000000000000000,374000.000000000000
2025-03-01,77,-111356945,5ead70fef317b629838c8bfbffab0a08a9cfd893,2,374000000000000000000000,374000.000000000000
2025-03-01,78,-231601406,2e60b1dcdedd188680dc5160e0e171fbf9cc0fdd,2,331026661487152348699323,331026.661487152349
2025-03-01,79,-139760885,4b01cc62abad25a1060cbb22cf44c700152973b1,2,301771951645288295108762,301771.951645288295
2025-03-01,80,1711333118,341226f4583c692f3c0b9dfb092d289367aa0148,2,238209509026014531449758,238209.509026014531
2025-03-01,81,1527839583,042b85d132241b43e4a34c8342ae6cf9e2055aef,2,233268548835319786242048,233268.548835319786
2025-03-01,82,1960739559,40b0c69a68624282e04238d02d317853b5c25434,2,214331178374399446000000,214331.178374399446
2025-03-01,83,-145480821,9a145525beba26d9bb99749be882c3254b7527b4,2,208448111496126831180234,208448.111496126831
2025-03-01,84,2055938756,b50aec5645de2ae4d988a10d78f1ed6f0d1a5f73,2,200768180050501093448815,200768.180050501093
2025-03-01,85,-237439615,a71fe6482e886137288e91d285be55c2612a8cf7,2,200598661693334937471334,200598.661693334937
2025-03-01,86,2133155596,9028a08abb20893bf779d154f64c4006d982ae89,2,200000019900010000000000,200000.019900010000
2025-03-01,87,-220785225,bf72ac4b4dd62cc2311ae0b2b5fbf07b508bc9fe,2,182175000000000000000000,182175.000000000000
2025-03-01,88,-61508765,c4e5b8ca99605f36a6d7cb05d353146a70d77323,2,157831579225811476208996,157831.579225811476
2025-03-01,89,-233308811,9c84ffb70b9bf28036c7ff75f43829a14d2e8f14,2,150000000000000000000000,150000.000000000000
2025-03-01,90,1134946512,386aa7556b556d8e9552c38e74be1b1b47ecfef4,2,147473593004885758956284,147473.593004885759
2025-03-01,91,-56460031,3a0f5eb7658eb530a513d63b13136b5629182c40,2,146676399296619110577913,146676.399296619111
2025-03-01,92,-97111598,a18e8c5c2c7af9f718253029a5b15d6a6655898b,2,131888900801530486936955,131888.900801530487
2025-03-01,93,1832753883,4da09f26c2a420d0ce36e60ad0de0510a757b4ce,2,121743285409337812726140,121743.285409337813
2025-03-01,94,2014761815,76a0fdf9fcf64a42ad51c98bbe087dd8d208a084,2,119967961927287669535951,119967.961927287670
2025-03-01,95,890154364,cd812016b15e1937e281b7b7b1f1654e54cc0818,2,119074051262492632343545,119074.051262492632
2025-03-01,96,-249257291,88420b4976d29142c2f6bdcac9f228c1fc88b0de,2,114728000000000000000000,114728.000000000000
2025-03-01,97,2055200266,ac3224af823e5bc3ec1c7bf0760f61a2a0446c35,2,101728138297930000000000,101728.138297930000
2025-03-01,98,991504548,c1bc6d974043ac1b0655a530e980d86798abb7a0,2,100492672336680090818407,100492.672336680091
2025-03-01,99,1967718427,0be9f082a65ab502979aa4a17912fa71328476f2,2,100378000000000000000000,100378.000000000000
2025-03-01,100,2107377083,10a1bd97b73e13bb30f6ecf7cc89cec41dc80d7b,2,100084372717669743000000,100084.372717669743
2025-04-01,1,882940793,f89d7b9c864f589bbf53a82105107622b35eaa40,127,7913545937554460000000000,7913545.937554460000
2025-04-01,2,1861713724,1ab4973a48dc892cd9971ece8e01dcc7688f8f23,106,1756223879366080000000000,1756223.879366080000
2025-04-01,3,2073796322,9642b23ed1e01df1092b92641051881a322f5d4e,100,418296151015480000000000,418296.151015480000
2025-04-01,4,86372871,0d0707963952f2fba59dd06f2b425ace40b492fe,86,2108182716281660000000000,2108182.716281660000
2025-04-01,5,-238310883,6d7be3c8fce0de1ac8594c0daecc84441dff0b81,25,313026774697763811,0.31302677469776381100
2025-04-01,6,-192583926,772397c31f781fcf21afcee8cfc850b4fabd1564,17,21191231000000000000,21.1912310000000000
2025-04-01,7,1764601375,58edf78281334335effa23101bbe3371b6a36a51,13,67765721092190000000000,67765.721092190000
2025-04-01,8,567057986,6cc8dcbca746a6e4fdefb98e1d0df903b107fd21,9,160954357750000000000000,160954.357750000000
2025-04-01,9,-89344108,fcedc9aa10574dcfe90594ea56eea2bae6790098,9,4501500000000000000000,4501.5000000000000000
2025-04-01,10,2031432710,6c9a6df51376dcbdcbb344ed81cabb926de04176,8,10987639395241036067148,10987.639395241036
2025-04-01,11,975900052,d868d0afd2806ead92567e1e42f804bb482b6e14,8,16005233711423635200,16.0052337114236352
2025-04-01,12,1663909535,d7e855e7e9f3ca1ee6f064e1b78f6bff8935709d,6,5600000000000000000000000,5600000.000000000000
2025-04-01,13,1971665771,038cb6b5fad884933bd3795af15aa8775a5587a6,6,2340000000000000000000,2340.0000000000000000
2025-04-01,14,-8637939,dd3d72c53ff982ff59853da71158bf1538b3ceee,6,101879954090000000000,101.8799540900000000
2025-04-01,15,-128997832,c1d023141ad6935f81e5286e577768b75c9ff8eb,5,1827335028166000000000000,1827335.028166000000
2025-04-01,16,-276637504,fbb4a15acf2d48a2c967236e44dba835c2a5c663,5,1800346258819793438531091,1800346.258819793439
2025-04-01,17,1614048155,1bae874af9f81b8f93315b27f080260da4702d3a,4,11956790803682000000000000,11956790.803682000000
2025-04-01,18,1712245736,6d0d19bdddc5ed1dd501430c9621dd37ebd9062d,4,9402215068600000000000,9402.2150686000000000
2025-04-01,19,1548922769,f1d7edb02881c1211ae6c4870589d869cfbb5ffb,4,999455780000000000000,999.4557800000000000
2025-04-01,20,-211211442,9a8751b170e7fe5b47b330319207dbb3217c4be9,4,85000000000000000000,85.0000000000000000
2025-04-01,21,-72153574,dfba2debc09bdd8041206127617bd9b8a05fadc7,3,8000424997465682612473971,8000424.997465682612
2025-04-01,22,-179793102,947a70083c2d276a2035a2cb961c6b1da692325e,3,500373529734026058000000,500373.529734026058
2025-04-01,23,882604014,449a2f4e6767842ca9829c968aa52fbcae0a9615,3,314119185008815509757204,314119.185008815510
2025-04-01,24,2055200266,ac3224af823e5bc3ec1c7bf0760f61a2a0446c35,3,241780430000000000000000,241780.430000000000
2025-04-01,25,347266071,65eec061e7697bdaf54303b8201567f61e05f552,3,180000000000000000000000,180000.000000000000
2025-04-01,26,-284841982,b304d3cba8d67aaab64a7617fc83c56f606fae38,3,100000000000000000000000,100000.000000000000
2025-04-01,27,-201627518,c2f7c38af1bc3919a9d4bab4d3c6b8847e2d318f,3,37625811264625976127586,37625.811264625976
2025-04-01,28,1889747955,233922784f49b3a19bb26489acd9126d202d336f,3,30000000000000000000000,30000.000000000000
2025-04-01,29,753242849,b035e70084ec95f323a441600e37d766302094ca,3,3001676793415627440254,3001.6767934156274403
2025-04-01,30,33272589,f60f6d5acfaae09e666f0efac21b29290e4a9109,3,2998653748642076082818,2998.6537486420760828
2025-04-01,31,-215981368,f8b741ee337a43f39a7f8c0b838fe5850f58d874,3,1887492917088594382434,1887.4929170885943824
2025-04-01,32,1380399547,77021d475e36b3ab1921a0e3a8380f069d3263de,3,1822999900000000000000,1822.9999000000000000
2025-04-01,33,1670981295,6ba9d02a65933561d31e6b34655fb1a2e2325be6,3,1500000000000000000000,1500.0000000000000000
2025-04-01,34,-119146667,4039e99f204166ced3de916c0f5287aaab8c9f4b,3,333000000000000000000,333.0000000000000000
2025-04-01,35,-83221456,a2024f1f3ef3a9e188dbe81a4cfa05ae659a2488,3,168000000060000000000,168.0000000600000000
2025-04-01,36,1859729425,e9b2fc5f89ca0f6f88122feb3f88f5308b86c7a0,3,100000000000000000000,100.0000000000000000
2025-04-01,37,2005742134,b7253cb6f826b985483645517bee08da61579b45,3,100000000000000000000,100.0000000000000000
2025-04-01,38,-88162237,cd407b757613e245d2b13ba98c982856942064d6,3,32049904846524300,0.03204990484652430000
2025-04-01,39,-165278569,683ae2dcb4a06ef22ba6b7b201c1961090c981f5,3,30000000000000000,0.03000000000000000000
2025-04-01,40,2119729236,81ebde24453b8e40454616579ea79c79a197699d,2,5300000000000000000000000,5300000.000000000000
2025-04-01,41,1108614165,6cea03069a82943d7e20e256a2892b95b15bd6ef,2,2203174524217106350949911,2203174.524217106351
2025-04-01,42,1979517160,53f4ec44c6786c4b15945b4321ac23e9eaab597c,2,2000769399251447874402631,2000769.399251447874
2025-04-01,43,1690213175,c487370895f6e8f5b62d99bf1472c95a94073379,2,1753582098866027212803955,1753582.098866027213
2025-04-01,44,1949234031,93b738c754c528e6445d23e6c3a6cb610a022ca3,2,1249420974742789786982616,1249420.974742789787
2025-04-01,45,1882122774,877650db959ff9830878b04f7f1c77da414f8b2b,2,1004079834366120000000000,1004079.834366120000
2025-04-01,46,787638497,2aee4201ee3e63040ef86e1fffe4e13e3faddca9,2,736523160452810000000000,736523.160452810000
2025-04-01,47,1992644910,9ba506a04d01c81043a8bede40a27bc3776f7736,2,600488408023109248622455,600488.408023109249
2025-04-01,48,1938013975,2639db27d59d2a1b4e4663f45e489ed9bd2e5e10,2,558330863497750000000000,558330.863497750000
2025-04-01,49,-225793767,27066fe06eac215aa0c9991449dcf513b8638f92,2,519542971581689781869536,519542.971581689782
2025-04-01,50,2034988,e51231daa306acf16eac34a864564ca36b262a1f,2,500921619612410185891951,500921.619612410186
2025-04-01,51,2080244990,12d693b9550eb3e9aa53ed309eaf2a6dd90f83eb,2,500643544677595912242306,500643.544677595912
2025-04-01,52,2080237007,f10836f64eb589646076efb6ead7a50af00ce7a4,2,500598027875007361871480,500598.027875007362
2025-04-01,53,-53682614,93e1d4f1a271a3bfddafe0db0ccad4c97688c2cb,2,500000000000000000000000,500000.000000000000
2025-04-01,54,-281504925,ab903362a197ee76b1b0af45bfa86e997c848789,2,400248888564108507145163,400248.888564108507
2025-04-01,55,2040600470,01d7266d668ab1f53ae50b53f882c74f9fa18499,2,340382035809044858025453,340382.035809044858
2025-04-01,56,1593517723,08d92207a07e0789cfcf19413123c3eb919d3480,2,313011768508488727059917,313011.768508488727
2025-04-01,57,1893666952,e117d3d94b30f7e7aa4f29704d0d2f43c009b9a8,2,301073423910000000000000,301073.423910000000
2025-04-01,58,-16106928,e9bb74fe148e41ff9f0a4cae504005015ee6919d,2,300958135158975102423040,300958.135158975102
2025-04-01,59,667076136,b5ab290e152290b6bd5bdb04e23236d3f9d4aaec,2,300000000000000000000000,300000.000000000000
2025-04-01,60,876222,d9a4693bc2d2b0246f931cd307d2bc53328cd73d,2,299804337803444728861898,299804.337803444729
2025-04-01,61,1927773072,06f7f50edd09beb0ea674fcc1da3cf2c2d6f7f74,2,220000000000000000000000,220000.000000000000
2025-04-01,62,-141804407,35d95d54520eff12356836c0daf5a662b441e440,2,200369000000000000000000,200369.000000000000
2025-04-01,63,1446445982,3f2af031ffcd01d2d4811dda6f96a41ab2b91eca,2,195000000000000000000000,195000.000000000000
2025-04-01,64,1096938983,70e61970a31e2f13ecd46d836251572151fa438e,2,194712736760000000000000,194712.736760000000
2025-04-01,65,-233510286,07a0e5ccd3b61a7650935663abda4b770a50cf10,2,167139767706961613855378,167139.767706961614
2025-04-01,66,-125141386,87e52590e90ef0a8e9262511997cbbd2e78c1d96,2,162172725570573226712734,162172.725570573227
2025-04-01,67,1963029512,1d23960284b643685899c27cf90f45a23cced3fb,2,150014995552270000000000,150014.995552270000
2025-04-01,68,-190215332,e2d1dc59cef73fc1dc7ec0e19926105cd32bfb3d,2,150000000000000000000000,150000.000000000000
2025-04-01,69,1067597516,e7d4d40bf81d854405b6391071c94a8e131e5c30,2,150000000000000000000000,150000.000000000000
2025-04-01,70,-160793564,a7df5fb1cf7b04a53ecdf195a2bc2123e707b38e,2,125557333080000000000000,125557.333080000000
2025-04-01,71,-142355976,2c4d8a8d64b883a0ab4f95740c5f5215f1b48c8e,2,120266101233454585330452,120266.101233454585
2025-04-01,72,187918628,1cdde20fd300c95427819be44a4fdc8c537361f1,2,120000000000000000000000,120000.000000000000
2025-04-01,73,-101739449,1829b1cd7385de33e1e9d46e9a341a81c8ab44a7,2,103111225592738412442155,103111.225592738412
2025-04-01,74,606347088,8d339490827b323295da0a003096e18b0dd99a2f,2,100901936882897558823530,100901.936882897559
2025-04-01,75,-125967616,a7982aa03e83a33aebcec935c910d48da3c83e7f,2,100000000000000000000000,100000.000000000000
2025-04-01,76,1475975734,94a13a9116a24e5fcfd57380009444f0cd8fa2dc,2,85056443210841089000000,85056.443210841089
2025-04-01,77,-155456800,bcfbed32720881cb4d033d6691774671a3b406b6,2,60000000000000000000000,60000.000000000000
2025-04-01,78,1878815364,573c41f2653d01a3abcece3fd3b49b391430fbc9,2,50178817347299361695710,50178.817347299362
2025-04-01,79,-238927285,261d3d0701e323ed76d0064d8eb359ae6aac9f11,2,50000000000000000000000,50000.000000000000
2025-04-01,80,1889487593,ce0a4211bd85fc080b7ce1349ee4c837d103fd36,2,50000000000000000000000,50000.000000000000
2025-04-01,81,-290333870,0dfa926091b33a9fc5efced1d4a46ef62a173ff9,2,24895000000000000000000,24895.000000000000
2025-04-01,82,1564085739,81a0192319e4fbe8819c4429f5434a7f0f3d09ff,2,20000000000000000000000,20000.000000000000
2025-04-01,83,1078561258,fd81e74545056d170be7d471b81c1aa6da92d135,2,15050000000000000000000,15050.000000000000
2025-04-01,84,-191329512,d2a6c7a65ff8de203f0c6a4663c2b84c7d113c3b,2,10001000000000000000000,10001.0000000000000000
2025-04-01,85,1827184598,fba50f618598ea123fb20fbfe0a651620e35ff40,2,8000000000000000000000,8000.0000000000000000
2025-04-01,86,595480361,a0299c4ab1243fed7afc61f36e72e1f74474de1f,2,7948893540000000000000,7948.8935400000000000
2025-04-01,87,2120548490,31a256e01900f93831361df928eb32f83a6af40e,2,5942328115511489000000,5942.3281155114890000
2025-04-01,88,-259075991,ead9129da7981a4109ec9fde0f23312f3ee50716,2,2500000000000000000000,2500.0000000000000000
2025-04-01,89,2028953809,45a965b5bbcfb9ec1b628d1cb3cb52119a6f8c5b,2,2000000000000000000000,2000.0000000000000000
2025-04-01,90,-143300219,daa49a919b34c1955ce8f196b1c44c435927cbcd,2,2000000000000000000000,2000.0000000000000000
2025-04-01,91,-269344511,3aaf9733290689f17371d756a34039518f08b17b,2,1904000000000000000000,1904.0000000000000000
2025-04-01,92,1195617999,083a6763d2ae5d4938c8dbba767dbfea6135c4f5,2,1900623871591641560369,1900.6238715916415604
2025-04-01,93,1192755758,25e7ac67a022601a506483656ae6898af9846815,2,1800496214460570016115,1800.4962144605700161
2025-04-01,94,1209289705,47163ad3c13a280c1da8f5a90bbea9eeac75e252,2,1545600077695901131460,1545.6000776959011315
2025-04-01,95,532018864,2e71f6147b1f28c2b9ccc2d4a566b86b7a52298e,2,1113239688162749764908,1113.2396881627497649
2025-04-01,96,-140834191,df0cadb0f650bd01db42a05dea13cdcd3d8af95e,2,1025000000000000000000,1025.0000000000000000
2025-04-01,97,-227471135,e3ff5dd2e44d402eabce24cc6e058277446574e2,2,1000000000000000000000,1000.0000000000000000
2025-04-01,98,671795958,f70e49153e8a2be17b2d04da0a5cae7b2549d16e,2,769904074574044026381,769.9040745740440264
2025-04-01,99,-149593744,d0ee2eb36768e063142f456867912185e0f15e89,2,457797766361621784770,457.7977663616217848
2025-04-01,100,-294417219,ce75908c3841dadb8d6e864f68feebcc7b8f7814,2,441600000000000000000,441.6000000000000000
2025-05-01,1,882940793,f89d7b9c864f589bbf53a82105107622b35eaa40,97,8379944503222520000000000,8379944.503222520000
2025-05-01,2,1861713724,1ab4973a48dc892cd9971ece8e01dcc7688f8f23,88,902575439647220000000000,902575.439647220000
2025-05-01,3,2073796322,9642b23ed1e01df1092b92641051881a322f5d4e,86,708957954889230000000000,708957.954889230000
2025-05-01,4,1857427468,a66dd875a686bade6abbb642efbff070d6afc28e,75,344687000000000000000000,344687.000000000000
2025-05-01,5,795613755,9930b243fa35bad07eea3ac7e3dd3c72ecdbd1a2,50,31062000000000000000000,31062.000000000000
2025-05-01,6,86372871,0d0707963952f2fba59dd06f2b425ace40b492fe,30,304642998121790000000000,304642.998121790000
2025-05-01,7,-8124136,5ff998c628d600c319c1334b9e05c5129dad1a34,8,1487267468510000000000,1487.2674685100000000
2025-05-01,8,1380399547,77021d475e36b3ab1921a0e3a8380f069d3263de,7,218526821685000000000000,218526.821685000000
2025-05-01,9,1410988559,07d3ea39440a53cd65295b3d0bf15077ae531391,6,1343317233217521412150016,1343317.233217521412
2025-05-01,10,-163672380,9c46bb29336a49f9915f1adab34badc83180b417,6,206761000000000000000000,206761.000000000000
2025-05-01,11,1894515661,e1df1926ad0ff7af3edd74f76acb0ef2402f3e59,5,20016000000000000000000,20016.000000000000
2025-05-01,12,-203356962,4abb81f5296519863e09046e1009e2dc0b049181,5,3000000000000000000000,3000.0000000000000000
2025-05-01,13,-8637939,dd3d72c53ff982ff59853da71158bf1538b3ceee,5,1111787651130000000000,1111.7876511300000000
2025-05-01,14,1886261077,e3ba40675e1f98b6ccced86e5a902cb3c745af53,4,1335980720801000000000000,1335980.720801000000
2025-05-01,15,-334667875,b3a5ec2c7d139c6bdd7b477572b8f975022a1301,4,300010000000000000000000,300010.000000000000
2025-05-01,16,244689083,b8001c3ec9aa1985f6c747e25c28324e4a361ec1,4,208055749470000000000000,208055.749470000000
2025-05-01,17,-2032598,8c5cb83b823448e2369b54acb30f31203bef37a7,4,50000000000000000000000,50000.000000000000
2025-05-01,18,-339870724,a9520f10758db605079b367c409ae20003530a11,4,13992000000000000000000,13992.000000000000
2025-05-01,19,-263327872,664565a0225b9908f63b985384128213700d9853,4,236078561423725757041,236.0785614237257570
2025-05-01,20,1023915661,9cbf099ff424979439dfba03f00b5961784c06ce,3,1730846761363898848726582,1730846.761363898849
2025-05-01,21,1040702021,9fb1750da6266a05601855bb62767ebc742707b1,3,1203142722662323973672397,1203142.722662323974
2025-05-01,22,-152098685,665d5d46b8ea4b4846f7284de3cfb08525d0a79f,3,1001000000000000000000000,1001000.000000000000
2025-05-01,23,1137699004,5a98dbceeca053b7845fc4dd79124f66908ade50,3,759057317100802140173339,759057.317100802140
2025-05-01,24,1577768976,861bb4224873ad1c6c48c55952acd179ad838c05,3,499203302252783770816084,499203.302252783771
2025-05-01,25,-341977189,1024f785724fe08902438761b288eff3ae41048a,3,300418260957159988671822,300418.260957159989
2025-05-01,26,3504742,4733d8e32496e1e7cbc0c734b565a32e84676b5f,3,300000000000000000000000,300000.000000000000
2025-05-01,27,-348609341,98dcccde1815028e172a2606e0f82c66b5205ad2,3,205761000000000000000000,205761.000000000000
2025-05-01,28,927736206,c88f7057d7bd54d80d2110b6e271e0f52f5eab39,3,201049572151539496753727,201049.572151539497
2025-05-01,29,-138576665,e0d3055c7fc5e548558d6e4148b3cffdce3a9776,3,77216805131716412015081,77216.805131716412
2025-05-01,30,-152673706,eea7c725ded949b222565aa458647ebc73ef6282,3,71303570398301924846291,71303.570398301925
2025-05-01,31,1915994203,6a1b3cb57a6bb61fdcf3e8b9f88465a378fd5c39,3,15961446671520526200904,15961.446671520526
2025-05-01,32,911710600,8c9c7ac244b6a95e07bdb1458d25fbdaa8c38355,3,1394000000000000000000,1394.0000000000000000
2025-05-01,33,-199752099,a5d93d56bd4ce5754940749930c1cb4c7b5feb9d,3,1020190727640279668351,1020.1907276402796684
2025-05-01,34,1971665771,038cb6b5fad884933bd3795af15aa8775a5587a6,3,830000000000000000000,830.0000000000000000
2025-05-01,35,-348586296,5750fb286c66283f1527f7bbfef2960dce699192,3,100000000000000000000,100.0000000000000000
2025-05-01,36,1793727966,75b345aaaf2ea21f89a554900e63b4905277bb1a,3,69000000000000000000,69.0000000000000000
2025-05-01,37,-227171625,a183523644414b7fcfb84af210a7898c219c9785,3,10000000000000000000,10.0000000000000000
2025-05-01,38,-76401998,0bda59997765a113bea8ca9cba319b35fb287fc8,3,10000000000000000000,10.0000000000000000
2025-05-01,39,-286933249,9d86f6d0492a0369570e11b02643977bbf6677bb,3,0,0E-36
2025-05-01,40,747523018,6b28fb12ee41baa9d1df16971de53adde6d1be5b,3,0,0E-36
2025-05-01,41,1943765312,63f4cbbd88033c366507c3f6edf0ad64c32cb641,2,61441652164622938158098497,61441652.164622938158
2025-05-01,42,-137448285,38cc174685852510d5887be0d9da66e6b8a4a0dc,2,4000000000000000000000000,4000000.000000000000
2025-05-01,43,1318496439,49e96e255ba418d08e66c35b588e2f2f3766e1d0,2,3900000000000000000000000,3900000.000000000000
2025-05-01,44,1998948740,2c106367ec891c1d7de2d2c3cf5f369845f5db1e,2,2858590684124467653521379,2858590.684124467654
2025-05-01,45,1964810152,349937ad5db113cfe177fef8f9031878eb255583,2,1858978686508445821106915,1858978.686508445821
2025-05-01,46,1884590208,366c608ebea8e8162bbbaa650ae0ab02b9b2be72,2,1290179656357657871554431,1290179.656357657872
2025-05-01,47,1695726495,c6dd9976066f3364b4d6a72cd4f1fa0468327aa7,2,1111437000000000000000000,1111437.000000000000
2025-05-01,48,-343568309,4f6dd0ef416a9c6e7283c9342ceceaee0c484402,2,1000000000000000000000000,1000000.000000000000
2025-05-01,49,-199443903,1046016e4dd00a70e3c1284155963de1dc918df7,2,899541199000000000000000,899541.199000000000
2025-05-01,50,2116920483,6aadf6ea81d149f4409f904d4b23ea0b9c397668,2,799386336704180000000000,799386.336704180000
2025-05-01,51,1913066650,45fda0f7604af6f9396662916149798ad554889a,2,560490249444687215131410,560490.249444687215
2025-05-01,52,1837774888,3a54df4cc72a4ca65e1a53e28e9912535ff07641,2,468852789044440398435915,468852.789044440398
2025-05-01,53,-335174634,030fc19baef2e82dc2b9a9b031f0cc0a68f32a9d,2,449373922731897243262552,449373.922731897243
2025-05-01,54,1438021540,a5995359b9941e060e366b4ee3ebb6a9f47649be,2,446329000000000000000000,446329.000000000000
2025-05-01,55,1045933668,3f59dc1724c5568cd742d784f8580077159daf50,2,400592253784521281451982,400592.253784521281
2025-05-01,56,1207171169,73a9ee34eaa91046b12e7598a540f28fa1b590a6,2,400000000000000000000000,400000.000000000000
2025-05-01,57,-330613475,cdaecabb2c5f1f9d2b5c9efa6f559654d0d06603,2,390000089570551619014723,390000.089570551619
2025-05-01,58,696363611,af0c57295e243f33cf82f3c65bd49716a71ba59c,2,372492276060000000000000,372492.276060000000
2025-05-01,59,-139691696,76c0dca0004367b4025925a7f13b9dec0432505b,2,300000000000000000000000,300000.000000000000
2025-05-01,60,1489819804,bbacb7f97ba96aa90e5603cfb47eae09517c8731,2,299764630797688508145015,299764.630797688508
2025-05-01,61,561380412,053ab16a247321e312f3a8a2a0a8abda48707241,2,262878459210000000000000,262878.459210000000
2025-05-01,62,1647238357,74380cd1131528a603053cf4a41702f26aa867d7,2,262648178580593138765128,262648.178580593139
2025-05-01,63,-332163269,5190d351c3b86d0a982e604b885a407c3e8ea85a,2,247101585457000000000000,247101.585457000000
2025-05-01,64,-132748875,efa51f0e133974497887f02a69036d7ee19c9493,2,245862270410794552959217,245862.270410794553
2025-05-01,65,-282540646,29940573b41b6315339e3da689f6e90b711f34a7,2,222758000000000000000000,222758.000000000000
2025-05-01,66,154747665,3ee505ba316879d246a8fd2b3d7ee63b51b44fab,2,217747020337540502991044,217747.020337540503
2025-05-01,67,-314502537,19087cd19b4202ffc40e5b4432b107b33b3c4569,2,217498874626932158848601,217498.874626932159
2025-05-01,68,1208814034,86aef245207e2f93fba083d51852c91a7e711eb6,2,200280292861689918651580,200280.292861689919
2025-05-01,69,1837694520,df25bf99ca43df527093588a6fa2aee7d484762d,2,200000000000000000000000,200000.000000000000
2025-05-01,70,-66176401,8fdc8b871355529741073c083a1c8a6a71853ee0,2,200000000000000000000000,200000.000000000000
2025-05-01,71,578859458,9d8320c0d6f0130434fb945072d6fff879576697,2,199930137393092718000000,199930.137393092718
2025-05-01,72,-349647278,bc38b5975efd7330ee3db7e85eb46135f6b36913,2,188653925650490647630250,188653.925650490648
2025-05-01,73,-254301683,e25a493b2794db9a7c27849f93a0e35b69c8bcfc,2,149983330980000000000000,149983.330980000000
2025-05-01,74,-324181541,8454af97906722cef10f39203e0e579518e6fdec,2,138713064503724425303469,138713.064503724425
2025-05-01,75,1916022044,2ec6bd6eba393b62d83dc00c8df7c3194de18f20,2,101203023036961094336120,101203.023036961094
2025-05-01,76,880148803,e05ccac337e32ab8028903a320e911e34f12405d,2,100604754402000000000000,100604.754402000000
2025-05-01,77,1106449959,3941fc2a70ed0c3072783d88d8a2fad416d966be,2,79675779539702041016912,79675.779539702041
2025-05-01,78,2065757279,3feb789a337e7c9e82d6e1ab16f1c9ac116c6956,2,38796931744863031946981,38796.931744863032
2025-05-01,79,1883948877,62fd9fdf99220fe1ea7f034d5bf66e8afed4e302,2,33086589414222870884831,33086.589414222871
2025-05-01,80,25324536,894d75da0c3f50ffe7da1f4d77d11edbcde2c008,2,27565030006908958550857,27565.030006908959
2025-05-01,81,1390833807,f7a1cafa5f0c57bfddc0571a6f559582107f78af,2,25418000000000000000000,25418.000000000000
2025-05-01,82,-45833708,712f200e5a6c77352ab7dd663a1bae7f441a06d9,2,21961699116414053755439,21961.699116414054
2025-05-01,83,2013114639,bdcaacf5988b5e9bd4a086d7b8b42fc22b151add,2,16310543049516249735043,16310.543049516250
2025-05-01,84,1483851087,7c6782476e29fb26e1556fba058eb7eced93d327,2,11216000000000000000000,11216.000000000000
2025-05-01,85,1007373658,835bb2a16656bb928eb5a4c1d07ede6660957076,2,6059087766770031147670,6059.0877667700311477
2025-05-01,86,1999222993,259346407484602a795dd5ef126a61d9879392f1,2,3762999900000000000000,3762.9999000000000000
2025-05-01,87,1032571953,fcf66b4119c32b28765e956bf93e64bc549c6503,2,2800000000000000000000,2800.0000000000000000
2025-05-01,88,-240509708,6a2a94291c34beb0751c088bbc818312c77e913b,2,1992857042414178015833,1992.8570424141780158
2025-05-01,89,-320104924,043884d4f08795513b03ecd9e14f7abe2ca0fe5b,2,1582019436870000000000,1582.0194368700000000
2025-05-01,90,-206294015,7c2f3e46ba5d468e1b2150d1877da7e01654eb93,2,1000000000000000000000,1000.0000000000000000
2025-05-01,91,1122285997,361bf224281789a2fef1c253dc22ab2da2a89141,2,663000000000000000000,663.0000000000000000
2025-05-01,92,1113221431,d97b638e59a1b5b3d995ead94bb2b2bce33aad16,2,300000000000000000000,300.0000000000000000
2025-05-01,93,1954569908,d591ea58f2167796fe2a65a32b65cbcd5f52c8e5,2,200000000000000000000,200.0000000000000000
2025-05-01,94,2141499909,0a87ff9d6b6dec7452f0b470eb4aedcfa2c1d44e,2,199430198155060060733,199.4301981550600607
2025-05-01,95,-341980207,9e15259b1de80979e5aaedc62bc2631573940dfa,2,150000000000000000000,150.0000000000000000
2025-05-01,96,1355928786,ca7b8e6a0ce3827e962015af6080abd11f332698,2,140478513209629000000,140.4785132096290000
2025-05-01,97,-335062744,3deb5e744afc77b89f93e9d12c19a0d87c178335,2,100000000000000000000,100.0000000000000000
2025-05-01,98,807620952,d6334ef2c7c6d3212cd2848a82ab32452812b8b3,2,88910000000000000000,88.9100000000000000
2025-05-01,99,-327566181,cc6324e49b035555b141a1d81d47ecfaeb047a1c,2,71040000000000000000,71.0400000000000000
2025-05-01,100,409078242,5145866b80cfd99eeb968b6dc7148b921aed61c4,2,60830208807203243350,60.8302088072032434
2025-06-01,1,882940793,f89d7b9c864f589bbf53a82105107622b35eaa40,113,8629249108183000000000000,8629249.108183000000
2025-06-01,2,86372871,0d0707963952f2fba59dd06f2b425ace40b492fe,89,384447086102852841974292,384447.086102852842
2025-06-01,3,1861713724,1ab4973a48dc892cd9971ece8e01dcc7688f8f23,81,710192821958520000000000,710192.821958520000
2025-06-01,4,2073796322,9642b23ed1e01df1092b92641051881a322f5d4e,81,279400903287310000000000,279400.903287310000
2025-06-01,5,-8637939,dd3d72c53ff982ff59853da71158bf1538b3ceee,12,1142042586170000000000,1142.0425861700000000
2025-06-01,6,860790791,04c53f413300addfe8626e3073920c0db29d6fb7,12,728657326220000000000,728.6573262200000000
2025-06-01,7,-199956007,bf86b9856b9672a23bf80c18df1a9a687f211562,10,2528600000000000000000000,2528600.000000000000
2025-06-01,8,-342914783,828b684fbaa3f9d588ded8f361227f261577bb2d,9,200019398400000000001,200.0193984000000000
2025-06-01,9,-381848637,a937d576eb152a7ba8a2176e75c25abced5d94cd,9,20625000000000000,0.02062500000000000000
2025-06-01,10,-381847155,43d210f15e720713493439eec5f1222687c14cc4,8,15990800000000000,0.01599080000000000000
2025-06-01,11,-381840515,89a777753f2b51ef82f8d44aa5459dda32acbe45,8,11309800000000000,0.01130980000000000000
2025-06-01,12,1390833807,f7a1cafa5f0c57bfddc0571a6f559582107f78af,7,428471000000000000000000,428471.000000000000
2025-06-01,13,-381861673,633dcf31bb890b26279c9a0480754dc09e27c01e,7,26358900000000000,0.02635890000000000000
2025-06-01,14,-167968519,8dea54e8d930cc83644cced8ccaf7e86701cd4b9,6,10727450000000000000000,10727.450000000000
2025-06-01,15,1240567730,34ee2e826d3c6701df3b081d84c282c11c5eb4fc,5,50004727532143181451340,50004.727532143181
2025-06-01,16,-224238664,c904f0d9f63d5eeff58c0a958b385cb9918b96cd,5,0,0E-36
2025-06-01,17,2058841116,472e9743065d0274b3e6fd4e26895e002fdef216,4,14010000000000000000000,14010.000000000000
2025-06-01,18,603057495,bf0f1a907967cabddf946693155c71d174bff7de,4,9731289847793062894224,9731.2898477930628942
2025-06-01,19,1764601375,58edf78281334335effa23101bbe3371b6a36a51,4,6624564338420000000000,6624.5643384200000000
2025-06-01,20,-357787932,5a97daceb56316f71bf6516b25fe4fe88f4fbf15,4,3500000000000000000000,3500.0000000000000000
2025-06-01,21,-338869954,95c92c0a9fb0e83674e60521414f254ae96e5a98,4,40000000000000000000,40.0000000000000000
2025-06-01,22,-275777943,8a9fbbcc20fb93848c0d07ceb8a6abe896f48396,3,6640000000000000000000000,6640000.000000000000
2025-06-01,23,2103355288,24390ce57883670134451d5e3c62ac9e19c21ef7,3,3963081396660756402348735,3963081.396660756402
2025-06-01,24,1460568626,a58627a29bb59743ce1d781b1072c59bb1dda86d,3,1192139169186483870962363,1192139.169186483871
2025-06-01,25,-374980309,b249c260d643735034507e88fd5011c39e09f729,3,1006000000000845147478898,1006000.000000845147
2025-06-01,26,855759453,6dae3f488035023cf7df5fa51e685c3b3cbe50d7,3,996612688048347462930834,996612.688048347463
2025-06-01,27,1793727966,75b345aaaf2ea21f89a554900e63b4905277bb1a,3,563492000000000000000000,563492.000000000000
2025-06-01,28,-360913340,a6cb81271418b9f41295fff54be05f6250c7cbf6,3,545000000000000000000000,545000.000000000000
2025-06-01,29,-76863493,23b9b8c57d0fc914c6648baa31f624d8214a0dd4,3,317694236648575760000000,317694.236648575760
2025-06-01,30,-372053021,af7fd67ae6b3e25f83291d5600fbe3b776eea4d3,3,303043701795000000000000,303043.701795000000
2025-06-01,31,1916787718,2b7ee73a7b73b044e4fd1330015dfc25dbc3d697,3,300000000000000000000000,300000.000000000000
2025-06-01,32,-156469315,d7bfa4ca101acf59ef5d74b0b94ff53791cd8d32,3,255729720000000000000000,255729.720000000000
2025-06-01,33,-198530142,6cec97709e9666fae0902bab94b229bf6a073e94,3,250000000000000000000000,250000.000000000000
2025-06-01,34,682976376,8a6b54f6212673af30c2135838db29b5c79b86bb,3,230147896456405707935608,230147.896456405708
2025-06-01,35,1561399284,fc88e456b3a5620e63a449ce429dccf2687cac26,3,199921718441269075605411,199921.718441269076
2025-06-01,36,1568449069,b3b5610c62b4416f2cd4fbe16aa620b86e60ada7,3,175911948350000000000000,175911.948350000000
2025-06-01,37,1961762597,86a76669cdf8473731cd40b3d2c5ea46a2edf71c,3,171085831174188898153744,171085.831174188898
2025-06-01,38,2071226830,b250570d1595c1fe4759fa4a8b140a86858ae39f,3,150170095692000000000000,150170.095692000000
2025-06-01,39,-168222687,852f5016cafe44a184621976b302a85174971fac,3,122432137650999716562612,122432.137650999717
2025-06-01,40,25378872,09c0e7d6c97b942a06361bed21a1f4224d7988f5,3,119000000000000000000000,119000.000000000000
2025-06-01,41,-226065564,1bff3759b4836e7f64f59992120b09b3d7bad165,3,103854820770000000000000,103854.820770000000
2025-06-01,42,1698830869,7f5ae914b86ea68173712df7e76c518a2ae08710,3,90036562760061309000000,90036.562760061309
2025-06-01,43,1076417365,3936bdddbe6d6f5a724e71ca9b0b0edaf0cf7388,3,70030557212186737000000,70030.557212186737
2025-06-01,44,-345427338,5e7c4f771352f1892e0e5d11b126055beb12ab26,3,70000000000000000000000,70000.000000000000
2025-06-01,45,-231508345,4ac58de4cce36b62b4e3737d834c98cab8e206b6,3,53775033407579694544104,53775.033407579695
2025-06-01,46,2006079443,82dfae0255b844cbadfa36003e5937441c5f8d58,3,13036717314438767339918,13036.717314438767
2025-06-01,47,1920521157,b1bc0548a2a9afa1f3eb7b76c1ce6f51dc23d351,3,5000000000000000000000,5000.0000000000000000
2025-06-01,48,-320996901,f2b3f79b4ad02b8d5bfa5d46a92b3ce7f59bf096,3,3100000000000000000000,3100.0000000000000000
2025-06-01,49,-109978358,e080896bb649342f68c70ee769fe851e820f8063,3,100000000000000000000,100.0000000000000000
2025-06-01,50,-267979892,d41a7bee4aebcfda6875dcce7e8414b66e02ee68,3,50000000000000000000,50.0000000000000000
2025-06-01,51,1957099661,4ef880525383ab4e3d94b7689e3146bf899a296e,3,26000000000000000000,26.0000000000000000
2025-06-01,52,-359918153,ca0c01253be2b6d7dd22f2fe5da1869fc77ab7eb,3,21000000000000000000,21.0000000000000000
2025-06-01,53,-267744272,e6fe4ced05523e7d5f95e5c6dc6fd8de1361655c,3,10000000000000000000,10.0000000000000000
2025-06-01,54,1825972060,7b6229e7744b25780d7190328a68d7d18ef1b652,3,3000000000000000000,3.0000000000000000
2025-06-01,55,1960051827,84bf954247c39fa093bbbf7e3defec31cdc8f992,3,0,0E-36
2025-06-01,56,1529466882,f0c98a45d3421575ccb1800fd522b817a9212a5d,3,0,0E-36
2025-06-01,57,1908898002,9c0023cd4db868d1cf938ecf187846b654dea6d6,2,1646755664723990000000000,1646755.664723990000
2025-06-01,58,-383889899,b7443465811505df6554e8ec2432b4650c9297e3,2,1332940771619826810545089,1332940.771619826811
2025-06-01,59,1427374025,24c098e495dc3c1ee7942d68453fc4a833a26b07,2,1000000000000000000000000,1000000.000000000000
2025-06-01,60,154747665,3ee505ba316879d246a8fd2b3d7ee63b51b44fab,2,710902735579805735009616,710902.735579805735
2025-06-01,61,-250147622,a93766e827e9430352ff1892e210f89cfba2a915,2,563492000000000000000000,563492.000000000000
2025-06-01,62,1673179015,df9e6beac070699b262df28bb7b0bcd7eff33d95,2,496825364824670745260458,496825.364824670745
2025-06-01,63,1835060543,1f620e6ed04de2347f05e8fa214ee47e2c8f8371,2,238626000000000000000000,238626.000000000000
2025-06-01,64,598534229,a62315902faadc69f898cc8b85f86ffd1f6aaed8,2,220064262970000000000000,220064.262970000000
2025-06-01,65,594324227,5d0ac389c669d6efe3ba96b9878d8156f180c539,2,119870771640000000000000,119870.771640000000
2025-06-01,66,415457777,75627e9cd1af20f0cac03d127fbd0653d906c3b6,2,104041725882843865444709,104041.725882843865
2025-06-01,67,1483851087,7c6782476e29fb26e1556fba058eb7eced93d327,2,94268627500000000000000,94268.627500000000
2025-06-01,68,4152783,b4b6a076241c45e579246bbac2bad516ca3bf17f,2,59000000000000000000000,59000.000000000000
2025-06-01,69,-241081978,7e593457ed381546787beb14fdc9ec6cc0c135fd,2,40010000000000000000000,40010.000000000000
2025-06-01,70,731437363,d595710aedaba1d2e18bfdbab46ab796664c6d89,2,32507421296591844650992,32507.421296591845
2025-06-01,71,-364394572,e1eeff96e88fcbc11cbb8122d8597f49a018f85a,2,17696878410478702746257,17696.878410478703
2025-06-01,72,-294311436,1c3bd522ea4060068a7d3b55c386e83734af7ea1,2,10000000000000000000000,10000.0000000000000000
2025-06-01,73,-379158939,f258b6224209108a32b528d7e48e717702d0733e,2,5100689102321238000000,5100.6891023212380000
2025-06-01,74,-393149659,2cd9260559f4a651d55520a485e87c8043714458,2,4059000000000000000000,4059.0000000000000000
2025-06-01,75,1373509543,4a77e37ac37e56b63be11eb79ca5a2ba46006359,2,1513141760000000000000,1513.1417600000000000
2025-06-01,76,-366901526,1da0128d92bbdea7a1d427c2cfa843e1a5c646ab,2,213991137452714349139,213.9911374527143491
2025-06-01,77,-378007838,8bea866da64d4f308278d80a391ad98250535ca8,2,52841813423884945076,52.8418134238849451
2025-06-01,78,2083766451,2852613a7b33836199bd82984ecb58529306ea81,2,18300000000000000000,18.3000000000000000
2025-06-01,79,-375698318,cdd6c4e71ec6c3331148d9117aa01d493a91d697,2,18000000000000000000,18.0000000000000000
2025-06-01,80,-381833174,85fc6f2bb1c1fabedfd33ebfe04487b9a161112f,2,13771517683853105590,13.7715176838531056
2025-06-01,81,-265783471,c546486bf156732f702c4118f59c2fe6ca6971a8,2,4000000000000000000,4.0000000000000000
2025-06-01,82,1916151953,1a49910222094c3a06cacced6efee137895936f5,2,2000000000000000000,2.0000000000000000
2025-06-01,83,-208583387,d3cef2e8740fb706520bd6eda850864a88620344,2,2000000000000000000,2.0000000000000000
2025-06-01,84,1220376193,a7aae418ee1714642f46b577c5b6f6c8bcb561dc,2,0,0E-36
2025-06-01,85,-137448285,38cc174685852510d5887be0d9da66e6b8a4a0dc,2,0,0E-36
2025-06-01,86,2131726746,429c98fc75b94baf61f677fb360349a58356e88d,2,0,0E-36
2025-06-01,87,-169769396,51e49ce1f4ace38ac815cfe2cef14397cd9932fb,2,0,0E-36
2025-06-01,88,-172610113,619286ca2d23cc3f04978e69983e6358fcce3723,2,0,0E-36
2025-06-01,89,-175264680,feb5109404f81f2dd5f0fb6ba8dc921ae2538b88,2,0,0E-36
2025-06-01,90,-128492149,05f7531563b7d42f2776bf848da0568af916665b,2,0,0E-36
2025-06-01,91,2073919283,72a1e5cc5f583e6275e6c87e26643e6c3299e78e,2,0,0E-36
2025-06-01,92,2069991993,e857b09411fcb70e376b06e98d6b69856808f020,2,0,0E-36
2025-06-01,93,-109777668,7013e10a7453c5bd073a7339f1f9cb5dd3cc40a3,2,0,0E-36
2025-06-01,94,-76245106,3f43ca9fed3968abb621589ba6c06f85879e7d57,2,0,0E-36
2025-06-01,95,2048710175,67ae9ee1255bbea7ea06d143c6dd02756e17564d,2,0,0E-36
2025-06-01,96,-75132631,968d2857b6f22e78de086d4710ecdff0563bdc15,2,0,0E-36
2025-06-01,97,2022962140,5bb6b1470271bdfc3166ba4d4de229e545264fd5,2,0,0E-36
2025-06-01,98,1975898639,bd98432bd7e403aa7db27d4140f00e6781544208,2,0,0E-36
2025-06-01,99,1973242205,a8a29bc8816e19d2b41cdaae48bd602180b0ff3e,2,0,0E-36
2025-06-01,100,1935557082,abdbca561f51626a217cbacdd95fcbd95b6484ac,2,0,0E-36
2025-07-01,1,-381069639,4865d4bcf4ab92e1c9ba5011560e7d4c36f54106,348,18995232950699000000000000,18995232.950699000000
2025-07-01,2,-200502243,124eb0924966f5793b52961d894780e15e3b4958,298,29890000000000000000000,29890.000000000000
2025-07-01,3,2073796322,9642b23ed1e01df1092b92641051881a322f5d4e,133,240337424480860000000000,240337.424480860000
2025-07-01,4,1861713724,1ab4973a48dc892cd9971ece8e01dcc7688f8f23,75,383936669921070000000000,383936.669921070000
2025-07-01,5,86372871,0d0707963952f2fba59dd06f2b425ace40b492fe,53,333916569510350000000000,333916.569510350000
2025-07-01,6,1093728043,a212a4d97d66cecb3425633f77f27b52d93e0b78,50,10000000000000000000000,10000.0000000000000000
2025-07-01,7,1175772130,dac884a856e90e70fe18219094f89d79de60a015,40,4888012020000000000,4.8880120200000000
2025-07-01,8,-438192655,131d6dc517910709e939eee2d9d19182876e703f,29,1457820000000000000000,1457.8200000000000000
2025-07-01,9,882940793,f89d7b9c864f589bbf53a82105107622b35eaa40,25,294008798369000000000000,294008.798369000000
2025-07-01,10,-342914783,828b684fbaa3f9d588ded8f361227f261577bb2d,23,82530784999999999,0.08253078499999999900
2025-07-01,11,-381848637,a937d576eb152a7ba8a2176e75c25abced5d94cd,19,49842412999999999,0.04984241299999999900
2025-07-01,12,-97528807,2269612790808372f4511aff24da0a297e78cdb4,18,3269661562414625955292,3269.6615624146259553
2025-07-01,13,-381847155,43d210f15e720713493439eec5f1222687c14cc4,16,66729399999999999,0.06672939999999999900
2025-07-01,14,-381840515,89a777753f2b51ef82f8d44aa5459dda32acbe45,15,58186574999999999,0.05818657499999999900
2025-07-01,15,-381861673,633dcf31bb890b26279c9a0480754dc09e27c01e,11,38162522999999998,0.03816252299999999800
2025-07-01,16,-8637939,dd3d72c53ff982ff59853da71158bf1538b3ceee,8,2920872584000000000000,2920.8725840000000000
2025-07-01,17,-212842646,f5bdaba5ead123a71ea670e60473a7da345c54e3,7,6496743130000000000000000,6496743.130000000000
2025-07-01,18,1405932467,839a8de8e0aff8021a0aec2e42ef1f229ec99235,7,5750000000000000000000000,5750000.000000000000
2025-07-01,19,-372053021,af7fd67ae6b3e25f83291d5600fbe3b776eea4d3,7,1111194568507000000000000,1111194.568507000000
2025-07-01,20,1764601375,58edf78281334335effa23101bbe3371b6a36a51,7,10152953608010000000000,10152.953608010000
2025-07-01,21,1615990407,83f9bd3e591059a59c0a400c3d2aa4195ba21c75,7,9355221852683206918144,9355.2218526832069181
2025-07-01,22,-8124136,5ff998c628d600c319c1334b9e05c5129dad1a34,7,553416662080000000000,553.4166620800000000
2025-07-01,23,2116773388,2eeafbac331ca88b1983b7d9f888c5437c6bf217,6,9462613223830685434205426,9462613.223830685434
2025-07-01,24,-333664913,032e93c5d1d5e749b4f2331f9a20d9e7150de2a0,6,180000000000000000000000,180000.000000000000
2025-07-01,25,1831449559,4f31e05967a312414ff42115ba6de54d56f08f80,5,2378847450000000000000000,2378847.450000000000
2025-07-01,26,-441845817,e7cd2fa44cce16e70867338f7b9fd60ad3b9d4b5,5,691002000000000000000000,691002.000000000000
2025-07-01,27,-155920533,ff7440df18af98cdfae210ce359013129035634e,5,208955534230720283455500,208955.534230720283
2025-07-01,28,1016745635,7a846b91ae793ed7ac1316b355d170a416997167,5,0,0E-36
2025-07-01,29,1900905977,3b3f03015b479b734f41b77dd72851e676d0f406,4,6747611160000000000000000,6747611.160000000000
2025-07-01,30,-287025210,2f53d23196fa489e2e5bf4b5494a03ab7611c4ff,4,1014753347703000000000000,1014753.347703000000
2025-07-01,31,-352773823,3a81a25d75d367fb327ef36df68974dcf7fc6321,4,850000000000000000000000,850000.000000000000
2025-07-01,32,-423485642,7ec570bb8ef8806200cda2531f7a65b5a1d61566,4,717000000000000000000000,717000.000000000000
2025-07-01,33,-403549945,67e814eb06759736632e11408278a26df4ec9357,4,282872687456624002872990,282872.687456624003
2025-07-01,34,-280511677,0bd0f54233943af998c8adcb64c67a4554311b60,4,249806120000000000000000,249806.120000000000
2025-07-01,35,1483851087,7c6782476e29fb26e1556fba058eb7eced93d327,4,130107396584000000000000,130107.396584000000
2025-07-01,36,769993582,fbd7c645d01eb0f231352288e1e121ca8053abb9,4,65697460593266238753341,65697.460593266239
2025-07-01,37,2051615651,95fc66395fa1b331ba7891e57c8e0e99494735b5,4,1000000000000000000000,1000.0000000000000000
2025-07-01,38,-309053640,8afb4f5e445eef0a14d42dd39a8fbe167ac3590f,4,800000000000000000000,800.0000000000000000
2025-07-01,39,377688398,c2292b5295571cb6ae911f89020ff034e78d95f1,4,460000000000000000000,460.0000000000000000
2025-07-01,40,1867550197,9411389a4f3d5c8c9466a8126d13deb4e2c46d51,4,100000000000000000000,100.0000000000000000
2025-07-01,41,-424031694,1bd4a3e3402bf0e419a111deffc8871d9ca983a1,4,10000000000000000000,10.0000000000000000
2025-07-01,42,1830222994,da92cfbba87fd98d35e320db18176bfe47a140ca,4,0,0E-36
2025-07-01,43,1487508005,59b68c860dedadb1c1ad89be235e6ab5a7cb7b9a,4,0,0E-36
2025-07-01,44,386258321,4924cf2c7d5b5d34b46df58d42ef55ed832a6894,4,0,0E-36
2025-07-01,45,1819122099,01f78f128f09034744d2847cc8d5939719285527,4,0,0E-36
2025-07-01,46,1770439799,80dca3125961abd9d6e6b62b488fa3c6d6cfff2e,3,13403803269020548853012722,13403803.269020548853
2025-07-01,47,1168278012,6a0c777309ed8f502425ac106c5eac3a6245aaf6,3,5000000000000000000000000,5000000.000000000000
2025-07-01,48,-431887310,ce32aac4652a5e9533c64e0d76bc4bff2ce46169,3,4195275913046456536279590,4195275.913046456536
2025-07-01,49,1997355423,a136987200b091d50060b27e59997fe051345dfc,3,3300000000000000000000000,3300000.000000000000
2025-07-01,50,1157950246,fa4fc4ec2f81a4897743c5b4f45907c02ce06199,3,2696255063241554541164544,2696255.063241554541
2025-07-01,51,-352056459,f4bfb03db1e6964943f216a61188bbc0290e916e,3,2076466598070000000000000,2076466.598070000000
2025-07-01,52,2016851435,bf796e96551339e70b45ec4d259372693d49fdd5,3,2000000000000000000000000,2000000.000000000000
2025-07-01,53,1108614165,6cea03069a82943d7e20e256a2892b95b15bd6ef,3,1997765638448595809940847,1997765.638448595810
2025-07-01,54,2101263982,6c3efab8916e4aeea48536fe893dc665bf5c82df,3,1304957683608158952426106,1304957.683608158952
2025-07-01,55,-432691469,19d42049c10074beac0540d00c94c60e88f9007e,3,1269900000000000000000000,1269900.000000000000
2025-07-01,56,-131279397,6efc48b8b6222924fa6ea95d174af5518b761177,3,1130000000000000000000000,1130000.000000000000
2025-07-01,57,1904547279,9c916524ffa3a3d0accc4cbb4cb9d3fb54fad37b,3,1066280395634682756579967,1066280.395634682757
2025-07-01,58,-409097514,57d816664a9257f842e5f3e04bf15ee5b59a01c8,3,1063139534965346068929818,1063139.534965346069
2025-07-01,59,-359466258,0daf132c5554fd7d5eb422585426af557d8847e0,3,1000000000000000000000000,1000000.000000000000
2025-07-01,60,-193105551,a9ccf9242a643a58b56c09b0f107d71cb4d0e5ec,3,1000000000000000000000000,1000000.000000000000
2025-07-01,61,889555344,d507eeef2152d54b8c00cba499340f7b7a59c948,3,999322341801983039277232,999322.341801983039
2025-07-01,62,1415635849,5fe77169ee8a147ee63662160449c9bc84570f3b,3,999155540000000000000000,999155.540000000000
2025-07-01,63,1971864882,87cbc9601bd222953990cce73748067bb7765a81,3,871431947635917945325448,871431.947635917945
2025-07-01,64,1045894093,78034551d19bfdc5567041028cb2d2e400059d3e,3,750040000000000000000000,750040.000000000000
2025-07-01,65,1045940078,6f0f01aa6101ed4577760edd2405a4455a60a304,3,750000000000000000000000,750000.000000000000
2025-07-01,66,2053036365,408d6acc336f6cbcd91db7ff354c51110bd6d05c,3,662432545015454548954814,662432.545015454549
2025-07-01,67,-69443730,3d64602571acee9da1c931b173fc81c5ac4fc721,3,608238333509138989083671,608238.333509138989
2025-07-01,68,1207171169,73a9ee34eaa91046b12e7598a540f28fa1b590a6,3,600043855127444254939677,600043.855127444255
2025-07-01,69,-315951911,fa932bba93116870e4b82b6890cb754077759c49,3,598109900000000000000000,598109.900000000000
2025-07-01,70,1886261077,e3ba40675e1f98b6ccced86e5a902cb3c745af53,3,504107551471201147871154,504107.551471201148
2025-07-01,71,236595372,d72b0b5f4005f421f3c70cbf02e2f0aa3b497a86,3,500471004386883939372050,500471.004386883939
2025-07-01,72,-405183310,98083ef695040db3e8c1897fd7fd629c1e93ca5b,3,500205960000000000000000,500205.960000000000
2025-07-01,73,1838825925,f833603a864d2d36ce8bf0b9451ffd468b8df376,3,500000000000000000000000,500000.000000000000
2025-07-01,74,-440176569,ade05abe8cc14d13830bb22dd15bc92c0b07bae4,3,500000000000000000000000,500000.000000000000
2025-07-01,75,-36932482,a1735bc7b6a568d2e305f6759d0dcbfb8fe5adea,3,499851831048527627853217,499851.831048527628
2025-07-01,76,2119729236,81ebde24453b8e40454616579ea79c79a197699d,3,477867939863077247535826,477867.939863077248
2025-07-01,77,-432832678,a38de0d0cab58b8715d4c8e5206b2ab710d294b8,3,419565994077723212329893,419565.994077723212
2025-07-01,78,-440506427,2ef1556c9f1a782f745c53d2f821e392224dc4ad,3,400000000000000000000000,400000.000000000000
2025-07-01,79,-429842375,4b476f7f11bb1446ae2b74e563d8124cbb11aa60,3,400000000000000000000000,400000.000000000000
2025-07-01,80,1649080873,160dbddc299dd258e510f4cb5aa9b26cd98d6f5a,3,399603380000000000000000,399603.380000000000
2025-07-01,81,1834601160,01973b0f3ad8277429964150e564ccb724c49409,3,390279213491644029125748,390279.213491644029
2025-07-01,82,890154364,cd812016b15e1937e281b7b7b1f1654e54cc0818,3,382326732158140869446311,382326.732158140869
2025-07-01,83,-300972075,983bf5a2bebd3374fbc181fe0b21f7dcde3ea4b9,3,330000000000000000000000,330000.000000000000
2025-07-01,84,883358873,6a99dadc216a83adb0191c264a1774e82fd31aff,3,330000000000000000000000,330000.000000000000
2025-07-01,85,2137894645,f276d10b388e00b8a04b1362f66c6e2aad8a1960,3,310000000000000000000000,310000.000000000000
2025-07-01,86,-356869299,9cc981b2f986fb51373ff7cca80882592e0559b0,3,300000000000000000000000,300000.000000000000
2025-07-01,87,1820965321,b566f98023ad311499f4a30350da878ffd543954,3,273144000000000000000000,273144.000000000000
2025-07-01,88,-431853057,5b9ad0602fa8aea01550b0e648a08b20d086d76f,3,270000000000000000000000,270000.000000000000
2025-07-01,89,-446975274,542d7f6ab1f23868b11bc2195b307cda48596084,3,264915829133266296766464,264915.829133266297
2025-07-01,90,-370889756,4fa4638c6ee0cec596e5be63d0857f0074178191,3,259999895968410642000000,259999.895968410642
2025-07-01,91,1965396649,23ddfe708e80b05d4796bdb121e3e2787a11f8f6,3,246042537185000000000000,246042.537185000000
2025-07-01,92,-152017456,752bc39eb6605c81f3f75023e45aa7325e2f84cc,3,222316529329476348601645,222316.529329476349
2025-07-01,93,731437363,d595710aedaba1d2e18bfdbab46ab796664c6d89,3,204641077948789735539578,204641.077948789736
2025-07-01,94,-229454834,ec201af690631999b7773cdc66655dc0b31a4b15,3,203578635681556011494100,203578.635681556011
2025-07-01,95,1777516153,84838a8c45a9572846ec1c7a7f7fd8183fca9d3f,3,202632040063274022869732,202632.040063274023
2025-07-01,96,-403821547,01fa998b0b43b5c00c350dbe5e93cb44c9666d40,3,202449124658878275892475,202449.124658878276
2025-07-01,97,1977566801,b4189ac17a0416f967cfa99a4127f87f5e1e76c3,3,200000000000000000000000,200000.000000000000
2025-07-01,98,1122622037,3d1bc92b1635a76193e67e86fa0b10cd8b8b1ab9,3,199898098172673788182441,199898.098172673788
2025-07-01,99,-176208619,3f1647d33707830e088e9cb6aa791017a1dfdf84,3,186647579952059493999999,186647.579952059494
2025-07-01,100,-387035342,d16d7a150d3b7863b4654ec74822d8a332f0c8ca,3,159129914640344386468515,159129.914640344386
2025-08-01,1,-381069639,4865d4bcf4ab92e1c9ba5011560e7d4c36f54106,334,54018151699059000000000000,54018151.699059000000
2025-08-01,2,2073796322,9642b23ed1e01df1092b92641051881a322f5d4e,157,588447433646340000000000,588447.433646340000
2025-08-01,3,1861713724,1ab4973a48dc892cd9971ece8e01dcc7688f8f23,72,4464903548573081849520000,4464903.548573081850
2025-08-01,4,86372871,0d0707963952f2fba59dd06f2b425ace40b492fe,40,1236494087737480000000000,1236494.087737480000
2025-08-01,5,-461960757,6af7ce164e2527cf1bc1cd7c9c8b515df475fa40,35,7145504691000000000000000,7145504.691000000000
2025-08-01,6,-381847155,43d210f15e720713493439eec5f1222687c14cc4,31,88781935999999996,0.08878193599999999600
2025-08-01,7,-342914783,828b684fbaa3f9d588ded8f361227f261577bb2d,31,74597700000000000,0.07459770000000000000
2025-08-01,8,1122622037,3d1bc92b1635a76193e67e86fa0b10cd8b8b1ab9,29,8996505000000000000000000,8996505.000000000000
2025-08-01,9,-381861673,633dcf31bb890b26279c9a0480754dc09e27c01e,29,99562519999999999,0.09956251999999999900
2025-08-01,10,-381848637,a937d576eb152a7ba8a2176e75c25abced5d94cd,24,62851829999999999,0.06285182999999999900
2025-08-01,11,-381840515,89a777753f2b51ef82f8d44aa5459dda32acbe45,24,49248629999999999,0.04924862999999999900
2025-08-01,12,-8637939,dd3d72c53ff982ff59853da71158bf1538b3ceee,16,8964747851330000000000,8964.7478513300000000
2025-08-01,13,1380399547,77021d475e36b3ab1921a0e3a8380f069d3263de,15,235373981584000000000000,235373.981584000000
2025-08-01,14,1797925792,ddf725d2ebd795748dd8c6b700b7c98d1dfb8ce5,12,3200000000000000000000000,3200000.000000000000
2025-08-01,15,-448402569,f9241861043a531d14a604915fbd8e07d0bf0db5,12,520000000000000000000000,520000.000000000000
2025-08-01,16,1764601375,58edf78281334335effa23101bbe3371b6a36a51,12,240035595550540000000000,240035.595550540000
2025-08-01,17,-473955300,82b2526cc7da0bf57a63a6b8bb66b571aaf6c555,11,117000000000000000000000,117000.000000000000
2025-08-01,18,-457057029,ed8750cc2787a45198162ea2576531a6e4242425,11,1600000000000000000000,1600.0000000000000000
2025-08-01,19,1456740934,78e43e8bc8e415bab2788413f9564db790a5acaf,11,751509025270000000000,751.5090252700000000
2025-08-01,20,-242906909,4841052c54c3a5738264c889427b4f407417e896,11,102710398683656896946,102.7103986836568969
2025-08-01,21,-448420043,adc9e50415f9cc1423155a10a26cc2b9c165430e,10,2326800634916000000000000,2326800.634916000000
2025-08-01,22,-242774353,89fc4e65ceee63f4d32c8820ce095d02e977956a,9,2999128000000000000000000,2999128.000000000000
2025-08-01,23,-184229947,3f3dd5111acb5ec5f0e3efdfbbacef652bfc8736,9,1000001001083000000000000,1000001.001083000000
2025-08-01,24,747523018,6b28fb12ee41baa9d1df16971de53adde6d1be5b,9,592168694298738221021614,592168.694298738221
2025-08-01,25,895354234,12f7f7dd18a59a98e57d65a79122820d952023c5,9,300000000000000000000000,300000.000000000000
2025-08-01,26,-479959529,1bed130989a9c328aa5f5fe33df29662f339baa3,9,101504008170000000000000,101504.008170000000
2025-08-01,27,-471060364,c43c604a43adb3506dc05c7136a479d884d551fb,9,90000000000000000000000,90000.000000000000
2025-08-01,28,-471983604,ff4c0c7f40ad0c5339e0d144cdc8a00d2885f813,9,90000000000000000000000,90000.000000000000
2025-08-01,29,1821299480,47669d1cd7091fe1dafe741fe3528fdf559b8a67,8,6235996745219460295235847,6235996.745219460295
2025-08-01,30,860790791,04c53f413300addfe8626e3073920c0db29d6fb7,8,2577735045110000000000,2577.7350451100000000
2025-08-01,31,-287079537,37829fe9b8e67b8267c2058b9459f524b9e3ca5d,6,16628312382895032999704440,16628312.382895033000
2025-08-01,32,-349647278,bc38b5975efd7330ee3db7e85eb46135f6b36913,6,2420700589428474639163885,2420700.589428474639
2025-08-01,33,-223753911,27c2a147a8420471c4164d5e8c497e9d937223de,6,2134000007179268890373520,2134000.007179268890
2025-08-01,34,-84618038,d162e7744ffd970a385fd9888e30a08f1fff8101,6,2005039686808239813343417,2005039.686808239813
2025-08-01,35,-432618367,68e7e72938db36a5cbbca7b52c71dbbaadfb8264,6,1922238692395907767498201,1922238.692395907767
2025-08-01,36,-228469799,3874b310ad937f556144bb0f6ea06461ac209cca,6,1520817566524844983538513,1520817.566524844984
2025-08-01,37,2047148291,02b6d055477669cfa1a1a81b3c08c55857e573a8,6,1300000000000000000000000,1300000.000000000000
2025-08-01,38,1619219751,553608af743606683ae841ba1c517006fda90112,6,1001883000000000000000000,1001883.000000000000
2025-08-01,39,1390833807,f7a1cafa5f0c57bfddc0571a6f559582107f78af,6,971136000000000000000000,971136.000000000000
2025-08-01,40,1990508218,f8a675ea246339ea86280770e0fd6e83f53bb2b5,6,460544528118152162425126,460544.528118152162
2025-08-01,41,1412057143,db5f00b55723ef190a041f9f3f7dbd20086bd79c,6,322905000000000000000000,322905.000000000000
2025-08-01,42,-450043012,31f983ebfe54d9c75f957356778b4122c34dfd3e,6,246150889376742082260417,246150.889376742082
2025-08-01,43,-120030779,e00cd6731919e1de67cc0ed19da2e421732ea7a4,6,211030899476528490835083,211030.899476528491
2025-08-01,44,-473945451,2d54d82091edeb285da278f2a66276197c7f3358,6,199912959743039805883152,199912.959743039806
2025-08-01,45,-8124136,5ff998c628d600c319c1334b9e05c5129dad1a34,6,6398486202720000000000,6398.4862027200000000
2025-08-01,46,-97528807,2269612790808372f4511aff24da0a297e78cdb4,6,1250664106420000000000,1250.6641064200000000
2025-08-01,47,-163279958,1597e4b7cf6d2877a1d690b6088668afdb045763,6,10690000000000000000,10.6900000000000000
2025-08-01,48,-356178435,55f6ccf0f57c3de5914d90721ad4e9fbce4f3266,6,0,0E-36
2025-08-01,49,-124266248,7fedd5f58697d432e207444000259bf26fc2bbd3,5,2661204866880000000000000,2661204.866880000000
2025-08-01,50,-470263633,32e5eea6908127eedf4d1deff6b344c16f4eda3e,5,2000100000000000000000000,2000100.000000000000
2025-08-01,51,1817701823,5081e5d4725f436b8d624c0dbc9c6c805cc53425,5,1000000009992120000000000,1000000.009992120000
2025-08-01,52,-124565703,3de83ce6ff61e67b8d0f75b7bd549e4f3bb524b2,5,1000000000000000000000000,1000000.000000000000
2025-08-01,53,-224521978,39177b3fba98312eb59f0f00b13e245ef12ec3cb,5,650000000000000000000000,650000.000000000000
2025-08-01,54,-141203851,1239043f21b3177b0ad496ec00a88d249e0e8b2e,5,499744965000000000000000,499744.965000000000
2025-08-01,55,831350957,1164ce0bd345e28ac72ee6212ea4ecf560d88a4f,5,455759680026115982393473,455759.680026115982
2025-08-01,56,-344248478,a67789413dd32b41d9c86b6cf3395a0f58535f96,5,384063426911467944299360,384063.426911467944
2025-08-01,57,1975868512,aa43c5a5a62c7db0ee87d311dc66f419f6360c05,5,315000000000000000000000,315000.000000000000
2025-08-01,58,1426408597,4fe9535357350ed05e2899eb0695c9a758f63848,5,199833120025000000000000,199833.120025000000
2025-08-01,59,1672174794,5bd42f95866a02d62c07b696a56f7e315b64caf3,5,100000000000000000000000,100000.000000000000
2025-08-01,60,1882590712,f8b8ca21e8e461708d5c410f0d680e0272e6a199,5,89928270981935807130773,89928.270981935807
2025-08-01,61,-472117438,ab704bf1cb30ae52683899caeab58cb2e81df59e,5,50000000000000000000000,50000.000000000000
2025-08-01,62,-444596778,87ddf7d4309741d1d4b7dff66eac0c61d09271d6,5,50000000000000000000000,50000.000000000000
2025-08-01,63,-148546583,5c7e07be50970b5aef841810b590d63c1f12471a,5,100000000000000000000,100.0000000000000000
2025-08-01,64,-461950078,92ba5fc2ccf81877dc9027531b1c22719f6fc72b,5,100000000000000000000,100.0000000000000000
2025-08-01,65,-472695027,84780ec2650663a89747345cdd29a311f528e44e,5,5000000000000000000,5.0000000000000000
2025-08-01,66,2047085623,2f429fe320dc80416dfd78597344866fb5d0a93d,5,1000000000000000000,1.00000000000000000000
2025-08-01,67,-193182902,a694618de89cf6bd383401312851b46a4d3a5f8d,5,0,0E-36
2025-08-01,68,-335034859,09a199099ceee2da7b1da1afd3031c3d40f01b00,5,0,0E-36
2025-08-01,69,1023915661,9cbf099ff424979439dfba03f00b5961784c06ce,4,14948584317602824757817617,14948584.317602824758
2025-08-01,70,-121339891,6cce05b9b1f7e2b5990556b9faebd742adc16d11,4,5010597724412149099029979,5010597.724412149099
2025-08-01,71,-211332150,8e6eb661a5b70cefcaec13adf8f0ff3218d69e72,4,2000000000000000000000000,2000000.000000000000
2025-08-01,72,1668726487,111069efb5241d44f527f2f28eba5d26d7a2f8f0,4,1989854632839256350452712,1989854.632839256350
2025-08-01,73,1873997458,847aa28551516b76e6acae980cd9b5dfa3e14357,4,1800000000000000000000000,1800000.000000000000
2025-08-01,74,690890311,3bec5a2012ad1a6e7a6868b023944e49087e9356,4,1352817460070954324539238,1352817.460070954325
2025-08-01,75,-365388677,7daf3b6b9f50bee5f6f4679ed8fa16014b15e509,4,1281577984243669912911505,1281577.984243669913
2025-08-01,76,1735945448,0e4eddc36848590d1b036f517ee32a0eb79c7dd4,4,1000000000000000000000000,1000000.000000000000
2025-08-01,77,-185744336,fd611154c5222652e0bab6589c7c1b2c82501708,4,800000000000000000000000,800000.000000000000
2025-08-01,78,584584539,15e7e224dcfa4dba59f342f01c70007b8a8f4aa0,4,777000000000000000000000,777000.000000000000
2025-08-01,79,1646177773,d283691dcd0316b80b59edf2e36214662fc1c9ba,4,711146436698126102409051,711146.436698126102
2025-08-01,80,-488085811,1d440a65d3f701561d1fed432998fc6cef44e2a0,4,542693403079000000000000,542693.403079000000
2025-08-01,81,1319644469,6a0ac34a3726daff83a83e5e454a4a976e33ffac,4,529621102090000000000000,529621.102090000000
2025-08-01,82,-29865173,b2929cd026a23aac1b5d5699e56c9dff26b60eb3,4,497045922110951578000000,497045.922110951578
2025-08-01,83,-53292190,9e541ee02ef7867eede79e77fe338330e03f7442,4,467204827079126389446828,467204.827079126389
2025-08-01,84,1835737813,b813d6006578d60e70fcc04d21895b05f363aeaf,4,422437000000000000000000,422437.000000000000
2025-08-01,85,-139811359,13a32e15d4e4119dea98fdfb3dc0e7be246f6479,4,400400219698779913460270,400400.219698779913
2025-08-01,86,-386470581,f59362defff3de62f6d757e155f1842a3a888982,4,300000000000000000000000,300000.000000000000
2025-08-01,87,-449313698,028291bcb08233c4886a0bcd9ba0ab092beb03bb,4,250878245301000000000000,250878.245301000000
2025-08-01,88,1957470699,ce6a7960b9580423aa3b4f16ee620c7582dae42d,4,216077336976000761486283,216077.336976000761
2025-08-01,89,-473931052,7373da82d9b72e1d36d5f673fe7328e7dce1133e,4,189840120000000000000000,189840.120000000000
2025-08-01,90,1032870462,6f10719408d99d917f395efc2e2ec9136b873ceb,4,154268000000000000000000,154268.000000000000
2025-08-01,91,-335081501,53a5b94fc399a5f979200f3fc8664dd980e3f8bc,4,144734000000000000000000,144734.000000000000
2025-08-01,92,-205677516,feffc588f4ea9c18a8b6cfb96e2ea9556bc516fd,4,142219988603057923993675,142219.988603057924
2025-08-01,93,-152929455,f6122467136d2a7e1049d956cde46ceb56c8fc17,4,110164388436461525671428,110164.388436461526
2025-08-01,94,-450870858,1510a8c2792e75aa5d8dc6159f0c2e56c8b178e8,4,99985000000000000000000,99985.000000000000
2025-08-01,95,-467650483,7c150d1280b34e108d1fee3ff949dd420d2b7af8,4,99141954786748773590705,99141.954786748774
2025-08-01,96,-381129140,4a6e423e7a5db1145618e253321f1d4f16cc6374,4,84596822144565973871423,84596.822144565974
2025-08-01,97,1657247961,869c98f94c1a15118ca10cd86f74b1a3550cdd29,4,50000088368613592610017,50000.088368613593
2025-08-01,98,1939191725,10436966f0065f815d4185c4f5e9f4b03290b823,4,50000000000000000000000,50000.000000000000
2025-08-01,99,-472024144,737694df301534c4fe4fd63b134fc1e355678385,4,40000000000000000000000,40000.000000000000
2025-08-01,100,1978584036,3b14c72c51b11b64092fae019ccae2625d64efc6,4,40000000000000000000000,40000.000000000000
2025-09-01,1,-381069639,4865d4bcf4ab92e1c9ba5011560e7d4c36f54106,418,63257313196294000000000000,63257313.196294000000
2025-09-01,2,779989060,28c6c06298d514db089934071355e5743bf21d60,413,226354799133734600000000000,226354799.13373460
2025-09-01,3,2073796322,9642b23ed1e01df1092b92641051881a322f5d4e,193,1018849954594360000000000,1018849.954594360000
2025-09-01,4,1861713724,1ab4973a48dc892cd9971ece8e01dcc7688f8f23,124,1520964592902450000000000,1520964.592902450000
2025-09-01,5,86372871,0d0707963952f2fba59dd06f2b425ace40b492fe,66,4554297115546000000000000,4554297.115546000000
2025-09-01,6,512796957,abc2860ab3a173d3030ec63c6862843cfae42d53,38,2135000000000000000000,2135.0000000000000000
2025-09-01,7,-143032548,2d52085331dbe477218763b73bdc9bae90d0b5d3,27,29935578836579551879255,29935.578836579552
2025-09-01,8,-342914783,828b684fbaa3f9d588ded8f361227f261577bb2d,27,67035473000000000,0.06703547300000000000
2025-09-01,9,-381847155,43d210f15e720713493439eec5f1222687c14cc4,23,62511230000000000,0.06251123000000000000
2025-09-01,10,-381861673,633dcf31bb890b26279c9a0480754dc09e27c01e,18,42095810000000000,0.04209581000000000000
2025-09-01,11,1854178492,fedb7220169cc948ec5e0fbbe4030fef98ebf57a,16,10976083730000000000000000,10976083.730000000000
2025-09-01,12,816889289,dfd5293d8e347dfe59e90efd55b2956a1343963d,16,1895891964203020000000000,1895891.964203020000
2025-09-01,13,-381848637,a937d576eb152a7ba8a2176e75c25abced5d94cd,16,34881580000000001,0.03488158000000000100
2025-09-01,14,-139031532,1be45fef92c4e2538fecd150757ed62b7b3757d7,15,132929493868458000000000000,132929493.86845800
2025-09-01,15,-154195444,fa8a2a7c4964db3bff6e9ff07627b5f460de10b7,15,150000000000000000000,150.0000000000000000
2025-09-01,16,-381840515,89a777753f2b51ef82f8d44aa5459dda32acbe45,15,49019763000000000,0.04901976300000000000
2025-09-01,17,1919794213,6873a97b6a2512b3a275ad6d21e88c15da97b0a6,12,26724547925176877242886801,26724547.925176877243
2025-09-01,18,1734988910,3247f6b66f24f672eacf52080e0381fa45deb307,12,3367050000000000000000,3367.0500000000000000
2025-09-01,19,-474011791,33464c505cf05d2d375ff7473755f4e11f64fe2e,11,2918680000000000000000000,2918680.000000000000
2025-09-01,20,-125626074,f388d96f92e1035acf7afd8173b87482cca8992f,11,30000000000000000000,30.0000000000000000
2025-09-01,21,2120548490,31a256e01900f93831361df928eb32f83a6af40e,10,1850778514639134023000000,1850778.514639134023
2025-09-01,22,780100773,21a31ee1afc51d94c2efccaa2092ad1028285549,10,101092334892740000000000,101092.334892740000
2025-09-01,23,-375104455,a14a9fe7c7723a7dbd89a6f16433f8e5c8402926,10,3010000000000000000000,3010.0000000000000000
2025-09-01,24,932046771,31850235b73dbfaeadb6f1ccff2789e27877bd30,9,5995284718821711235612154,5995284.718821711236
2025-09-01,25,1489819804,bbacb7f97ba96aa90e5603cfb47eae09517c8731,9,4489260911000000000000000,4489260.911000000000
2025-09-01,26,1882501111,9a20bed545c3ccb0be85b182f47225fe74cead02,9,4141112002141112000000000,4141112.002141112000
2025-09-01,27,-133873401,b66f376f3699c8e87c115de85575be49ae29a20c,9,3598445851040270023205008,3598445.851040270023
2025-09-01,28,-212842646,f5bdaba5ead123a71ea670e60473a7da345c54e3,9,3002278773000000000000000,3002278.773000000000
2025-09-01,29,-178170654,4421d14d4ab52c7c4bb82741ed274415563a0e22,9,3000629257306598572113785,3000629.257306598572
2025-09-01,30,-546182981,83a3302179ffb195296c6cf3421e1ea1bca38460,9,2409038708601819722252789,2409038.708601819722
2025-09-01,31,-243496217,6f23c9e430c3fa9b55896901f7100c2dc18ee6e9,9,560205312216995174619388,560205.312216995175
2025-09-01,32,-430382262,731c2ded4e05224d2b362b676b1b3d80de1f0e5b,9,240100000000000000000000,240100.000000000000
2025-09-01,33,1380399547,77021d475e36b3ab1921a0e3a8380f069d3263de,9,93913753372000000000000,93913.753372000000
2025-09-01,34,-350252901,388364512b2603eb2588ea12eda201423d5f7ffe,9,20762857619172272171506,20762.857619172272
2025-09-01,35,-8637939,dd3d72c53ff982ff59853da71158bf1538b3ceee,9,2196525893540000000000,2196.5258935400000000
2025-09-01,36,-467494288,56626169451d0aca031702e7cfe3502ec1eec49a,8,6108629065696072217596300,6108629.065696072218
2025-09-01,37,-461960757,6af7ce164e2527cf1bc1cd7c9c8b515df475fa40,8,629618705900000000000000,629618.705900000000
2025-09-01,38,-213619001,7d5b8b1863f2e9c5c9b39ce9685d82db2bec5192,8,133000000000000000000000,133000.000000000000
2025-09-01,39,-238516967,8a8fa799d8799d6cac92196a96708d0228825628,8,131450529649290520922250,131450.529649290521
2025-09-01,40,-95338050,0a6ade2d0c6ea9812b6af2d1b58f60848fd354af,8,40707562777387402499462,40707.562777387402
2025-09-01,41,1764601375,58edf78281334335effa23101bbe3371b6a36a51,8,12166120000000000000000,12166.120000000000
2025-09-01,42,-161660805,2b9232f26580ad2c230b328a46626f25153c7280,8,5000000000000000000,5.0000000000000000
2025-09-01,43,-465402440,ad0491aa202e1d63ea1cb6f25057e54383f4452e,8,1000000000000000000,1.00000000000000000000
2025-09-01,44,-203991235,799d19a8af3098830e2d1bd9b1fc888aca82c484,7,439520208161055455501032,439520.208161055456
2025-09-01,45,1882590712,f8b8ca21e8e461708d5c410f0d680e0272e6a199,7,300000000000000000000000,300000.000000000000
2025-09-01,46,-540402104,c415cd5e1b2ce7ed75a425934326deade5713b57,7,77142000000000000000000,77142.000000000000
2025-09-01,47,924709117,b41e2dc939611c71371533faea878ca3194e3b7c,7,75000000000000000000000,75000.000000000000
2025-09-01,48,-562063241,9dce7e018f2dfc858eb6649f481fd5301de4e095,7,51000000000000000000000,51000.000000000000
2025-09-01,49,-473926378,92951653e9d68e19e3c179948481d0edc97f9e10,7,50101917800000000000000,50101.917800000000
2025-09-01,50,1810943377,6626735e51b34119f971d29241f2bbcded57cc78,7,33983000000000000000000,33983.000000000000
2025-09-01,51,1538733218,a1cdaf825928b25b562e7e72f59e36631e837267,7,1500000000000000000000,1500.0000000000000000
2025-09-01,52,-352056459,f4bfb03db1e6964943f216a61188bbc0290e916e,7,224456000000000000000,224.4560000000000000
2025-09-01,53,-281762723,7d38d99b555d20c7b43aaed69a05d16312765889,7,110000000000000000000,110.0000000000000000
2025-09-01,54,1896178040,7f7e2f02d7125f9ad99d1dcedb99d01e1f29d9cd,7,11000000000000000000,11.0000000000000000
2025-09-01,55,-554269412,ae6f8bf8ab9b6087ddff1730c3139e253f0e9fa1,6,11588185465683070158096410,11588185.465683070158
2025-09-01,56,-369448053,5b5b7ebb201b6f1cd964e85dbb50ff8268f5c5d0,6,6778621021200869898468712,6778621.021200869898
2025-09-01,57,1831449559,4f31e05967a312414ff42115ba6de54d56f08f80,6,6151506150000000000000000,6151506.150000000000
2025-09-01,58,1819122099,01f78f128f09034744d2847cc8d5939719285527,6,5996628290000000000000000,5996628.290000000000
2025-09-01,59,1886261077,e3ba40675e1f98b6ccced86e5a902cb3c745af53,6,4113712504297773651147468,4113712.504297773651
2025-09-01,60,2145110364,7bdc2f3352429c8a9aa518dfcde3813bda522f68,6,2997701157466101352646539,2997701.157466101353
2025-09-01,61,1408091086,ee02a8447b885a64eba7042d824e65aa07aba10c,6,2021696792948280222900177,2021696.792948280223
2025-09-01,62,-312297496,aa6ad8cfe896c1dfcb6aa856cd115c513de7cfb3,6,1517701787053798381992250,1517701.787053798382
2025-09-01,63,1319644469,6a0ac34a3726daff83a83e5e454a4a976e33ffac,6,549607544253000000000000,549607.544253000000
2025-09-01,64,-153101415,66232f59a2041145177678071d4080b1aea0df7b,6,517035178789212568510678,517035.178789212569
2025-09-01,65,-291643800,c7780bcb766acfab9d1434785241c2290de1220c,6,402509212201859889828894,402509.212201859890
2025-09-01,66,-340350855,381dee51c00d5f3d10b3383597dad121db3d467c,6,303333804109819942249199,303333.804109819942
2025-09-01,67,1535628484,cc050caf8236deb42820b6df1597934fa3762348,6,225000000000000000000000,225000.000000000000
2025-09-01,68,1515773332,5e18a3dcb5df855689118cc086dba7fb0c63bf54,6,131967247793280000000000,131967.247793280000
2025-09-01,69,-384274358,4dc58ce70232694163f8503c1d5829f5f9bb1082,6,36884215052340972148761,36884.215052340972
2025-09-01,70,-168842070,8df677e0067feb05d3bbd613db0ffbcd330e7361,6,32000960254489316383539,32000.960254489316
2025-09-01,71,244689083,b8001c3ec9aa1985f6c747e25c28324e4a361ec1,6,20199834151770000000000,20199.834151770000
2025-09-01,72,860790791,04c53f413300addfe8626e3073920c0db29d6fb7,6,484122492150000000000,484.1224921500000000
2025-09-01,73,1810082977,2f821d8936d47b2fd15371fb0812fda35396036b,6,22000000000000000000,22.0000000000000000
2025-09-01,74,-143652041,a587fa14944507d66d748c910018c113e78c194a,6,0,0E-36
2025-09-01,75,-304688224,cf0a315f4822efae0c97d1b58ee0f4fe5da8686b,5,5603593253471759595071982,5603593.253471759595
2025-09-01,76,1797925792,ddf725d2ebd795748dd8c6b700b7c98d1dfb8ce5,5,4935372688231709612095101,4935372.688231709612
2025-09-01,77,1879543738,aaf9f14f20145ad50db369e52b2793bfeb18a45b,5,4000000000000000000000000,4000000.000000000000
2025-09-01,78,-125068417,e8d6d51476092a2cd88af615839d31b03cad7621,5,2000000000000000000000000,2000000.000000000000
2025-09-01,79,-471318087,c574566c67b3f1b161eb823adab4efbc19f1d6ed,5,1000000000000000000000000,1000000.000000000000
2025-09-01,80,-398717390,45551cbfbff4086b25cf2a47b9c4dee7689ad1b3,5,800000000000000000000000,800000.000000000000
2025-09-01,81,-243388782,8bd30fc805e672e1d978138ecbedcb48479ce275,5,800000000000000000000000,800000.000000000000
2025-09-01,82,1945064466,cff0f064f2a2972f6efbc2e674eac7c22eeba272,5,694793604030897574431097,694793.604030897574
2025-09-01,83,2054612568,a052d039738d667f1e12180c388816308e9d022d,5,600000000000000000000000,600000.000000000000
2025-09-01,84,1731016954,0db01e4ce32f79ed0516675ec0619ee3290ae4e2,5,406584071780353888898555,406584.071780353889
2025-09-01,85,1695726495,c6dd9976066f3364b4d6a72cd4f1fa0468327aa7,5,403300000000000000000000,403300.000000000000
2025-09-01,86,-474048529,1b40f2b1c19644042e03621b82f20db24df4a373,5,369097666423559900679971,369097.666423559901
2025-09-01,87,728366762,50b73d52a00dd10feef49a074657285515020320,5,302078410000000000000000,302078.410000000000
2025-09-01,88,-386470581,f59362defff3de62f6d757e155f1842a3a888982,5,298721244682999193660118,298721.244682999194
2025-09-01,89,1927015303,b937bf362cd897e05eb3d351575598c4f9b55839,5,257211964000000000000000,257211.964000000000
2025-09-01,90,-235773197,f66e90dd79441c05d9f9d680f03681ea61499c68,5,200000000000000000000000,200000.000000000000
2025-09-01,91,-228574078,89e0ac18e6ea8a36a7642ccf75783ee86d5c179b,5,199713333397540398968826,199713.333397540399
2025-09-01,92,930444523,3519ee4d387150f230baca90f5c50e9d296164c6,5,130000000000000000000000,130000.000000000000
2025-09-01,93,1857623043,bffbd95ae87552b9e9e1101b1c174311dc7a6e7b,5,115569796984257594185978,115569.796984257594
2025-09-01,94,1896260371,6ae843c002133b7c643cbde0ced26145afa4555e,5,107688000000000000000000,107688.000000000000
2025-09-01,95,1502853046,a910ea01d5cd2afe8d09c326d714384c1d6a9ed4,5,102048911758037455611011,102048.911758037456
2025-09-01,96,851489898,1ef50a5784b56561d7538cbda9a686003e709264,5,100000000000000000000000,100000.000000000000
2025-09-01,97,-143998282,aa643c73d54d8c9f9dfdc50250a78a89fc044ab0,5,100000000000000000000000,100000.000000000000
2025-09-01,98,-139914406,68e2048a65eecb5b584ae3e43f4a5c8bc67406fc,5,10316830660804745163781,10316.830660804745
2025-09-01,99,-242774353,89fc4e65ceee63f4d32c8820ce095d02e977956a,5,10000000000000000000000,10000.0000000000000000
2025-09-01,100,-259158394,a0ed4aa3261b89540ce069df5e8dded26376687c,5,10000000000000000000000,10000.0000000000000000
2025-10-01,1,779989060,28c6c06298d514db089934071355e5743bf21d60,507,213102007907879510000000000,213102007.90787951
2025-10-01,2,816889289,dfd5293d8e347dfe59e90efd55b2956a1343963d,395,58077738379298160000000000,58077738.379298160000
2025-10-01,3,780100773,21a31ee1afc51d94c2efccaa2092ad1028285549,361,41319995701193230000000000,41319995.701193230000
2025-10-01,4,-381069639,4865d4bcf4ab92e1c9ba5011560e7d4c36f54106,157,38625149731777000000000000,38625149.731777000000
2025-10-01,5,2073796322,9642b23ed1e01df1092b92641051881a322f5d4e,113,1407108217289410000000000,1407108.217289410000
2025-10-01,6,86372871,0d0707963952f2fba59dd06f2b425ace40b492fe,95,867646568435720000000000,867646.568435720000
2025-10-01,7,1884030996,f70da97812cb96acdf810712aa562db8dfa3dbef,90,28895842976651486636921,28895.842976651487
2025-10-01,8,1861713724,1ab4973a48dc892cd9971ece8e01dcc7688f8f23,65,739457730969410000000000,739457.730969410000
2025-10-01,9,1884220556,f38206ad1f9002ccb0be688fe724667cf0bc9b58,64,18051000200126219000000,18051.000200126219
2025-10-01,10,-564829024,5167503b73a8695dd191c6c3916dccb1b3dd3dec,45,378992720780000000000000,378992.720780000000
2025-10-01,11,-8124136,5ff998c628d600c319c1334b9e05c5129dad1a34,28,82882737211000000000000,82882.737211000000
2025-10-01,12,91138,167a9333bf582556f35bd4d16a7e80e191aa6476,24,340808985928040000000000,340808.985928040000
2025-10-01,13,-342914783,828b684fbaa3f9d588ded8f361227f261577bb2d,22,100062599087999999998,100.0625990880000000
2025-10-01,14,-381861673,633dcf31bb890b26279c9a0480754dc09e27c01e,19,58809875599999999,0.05880987559999999900
2025-10-01,15,-598690373,4a37fb7b43ec09bd13cccd065634b5281450c571,16,33293992570000000000000,33293.992570000000
2025-10-01,16,-381848637,a937d576eb152a7ba8a2176e75c25abced5d94cd,16,42271266000000001,0.04227126600000000100
2025-10-01,17,1897067440,888591240455ff2d73679aabec58730abdea3a0a,14,903520003359656887713758,903520.003359656888
2025-10-01,18,-582686029,f4371b7233402f99e72dfe20eed9c8e67e5dd1b2,14,2796000000000000000000,2796.0000000000000000
2025-10-01,19,-381840515,89a777753f2b51ef82f8d44aa5459dda32acbe45,14,54267616000000000,0.05426761600000000000
2025-10-01,20,-381847155,43d210f15e720713493439eec5f1222687c14cc4,13,39091149999999999,0.03909114999999999900
2025-10-01,21,-196796449,83733e30355218086a2341db905c9da815254e1a,10,750000000000000000000000,750000.000000000000
2025-10-01,22,1309294049,2de373887b9742162c9a5885ddb5debea8e4486d,10,359157239555539375803027,359157.239555539376
2025-10-01,23,1764601375,58edf78281334335effa23101bbe3371b6a36a51,10,334611820000000000000000,334611.820000000000
2025-10-01,24,1820965321,b566f98023ad311499f4a30350da878ffd543954,10,20500000000000000000000,20500.000000000000
2025-10-01,25,-168586850,51b5a686c53918c0e4ce37e471c233f17bcb4c51,10,1000000000000000000000,1000.0000000000000000
2025-10-01,26,1634646213,16f6d15381bee4a25b25f0d1c4161b78f7f21fde,9,671877000000000000000000,671877.000000000000
2025-10-01,27,1571569863,cd6aeb5f524df50311308fcbb39dad1e61505023,9,46451656397880336425744,46451.656397880336
2025-10-01,28,1643878824,790faa0c5e4af6490a3fd5c457380dc2613568db,9,15004000000000000000000,15004.000000000000
2025-10-01,29,-589305230,7aafe96ef381d307ecae9e6612827df2e302324e,9,9678700000000000000000,9678.7000000000000000
2025-10-01,30,-589308996,0f5d11a23ec942ce0ac919e2083957dfedd64d45,9,9674000000000000000000,9674.0000000000000000
2025-10-01,31,-589176102,6d2d6f507fd6d3bcd9dbedb809d7a4fb18c9d4f7,9,9538700000000000000000,9538.7000000000000000
2025-10-01,32,-168484138,f4052a372a9e2901628588e77dd2c70c2e7c08f4,9,900000000000000000000,900.0000000000000000
2025-10-01,33,-168470770,11ddc8c9185a0b0d526b009481956278b2301222,9,887000000000000000000,887.0000000000000000
2025-10-01,34,1365781760,0d01ffcd7c1a17eb87718470ca2f227097234cd5,8,120100000000000000000000,120100.000000000000
2025-10-01,35,-593183633,667ec6682c37967bbdd4e2cdf7bd792b91f86f66,8,29998866200000000000000,29998.866200000000
2025-10-01,36,-564715953,8b84d377e717d4dde695abcbb10a2aadc4934b77,8,8057000000000000000000,8057.0000000000000000
2025-10-01,37,1059177915,59a661f1c909ca13ba3e9114bfdd81e5a420705d,7,48000000000000000000000000,48000000.000000000000
2025-10-01,38,-532717633,351574d133a0fb7f0e9491f4d11138d91deeef66,7,4380000000000000000000000,4380000.000000000000
2025-10-01,39,-591035414,c4b15a2dcbf89eb0500a5abdf93edc68a4f73336,7,787768080430462395407071,787768.080430462395
2025-10-01,40,1199282534,016606acc6b0cfe537acc221e3bf1bb44b4049ee,7,66687994075305957484312,66687.994075305957
2025-10-01,41,-594944715,44b61b6eba87d39951228f4ade2bc0c89d9bfdda,7,20000000000000000000000,20000.000000000000
2025-10-01,42,-594790267,840def09887afd1419b386cc0258b8950d01aca8,7,2652000000000000000000,2652.0000000000000000
2025-10-01,43,-133873401,b66f376f3699c8e87c115de85575be49ae29a20c,6,3201455254817317802550599,3201455.254817317803
2025-10-01,44,-575082685,e4678ba2b1f5d959ac06731690f210c1b4551ad4,6,1585340187651958938322602,1585340.187651958938
2025-10-01,45,1319644469,6a0ac34a3726daff83a83e5e454a4a976e33ffac,6,1541758543176088351675975,1541758.543176088352
2025-10-01,46,-590776795,e0299106e7a2ba0598c20c32a88703069d6b31ec,6,1113631260991503308989698,1113631.260991503309
2025-10-01,47,-295339722,970d2b755bbd5680dfe30ff206497d5bcdede7e2,6,587476000000000000000000,587476.000000000000
2025-10-01,48,628508610,9fdc6c51ac273637ead71b34e031c4e6b52bc57b,6,426390454000000000000000,426390.454000000000
2025-10-01,49,-329739490,0c98081e9a1013aef2c554c66cf13cf6d5238393,6,389858032819440796939581,389858.032819440797
2025-10-01,50,-595223632,ede8ba49601d6fd69e249b81b86df6e988fcd7b9,6,301371758370000000000000,301371.758370000000
2025-10-01,51,1929470844,3797fed8ec80092032725d61d9a7bfce4b1a4c1b,6,234214505394814603501424,234214.505394814604
2025-10-01,52,-249436103,89ee59cec3a09baa4a46fbd9d435b80883fbab70,6,20000000000000000000000,20000.000000000000
2025-10-01,53,-75913625,ef5276b4291af759808b4289b757d57a37a31995,6,150000000000000000000,150.0000000000000000
2025-10-01,54,-473114075,19566dbe6402258edd885ec307666360155ca47b,6,100000000000000000000,100.0000000000000000
2025-10-01,55,-561871378,590bd9bf3c58a706d555f0cd649eaf952392c86d,6,16000000000000000000,16.0000000000000000
2025-10-01,56,1886261077,e3ba40675e1f98b6ccced86e5a902cb3c745af53,5,2000000000000000000000000,2000000.000000000000
2025-10-01,57,-626549692,6c894e697aa1fd472894e09b1d5e82c39a0cb69a,5,844472318487736043070498,844472.318487736043
2025-10-01,58,-281762723,7d38d99b555d20c7b43aaed69a05d16312765889,5,400000000000000000000000,400000.000000000000
2025-10-01,59,-504623104,07d65f37f0b4e10070eb683e51ebce416eb5aa3a,5,321276124913794128301957,321276.124913794128
2025-10-01,60,-605734521,876450844bb33c46c2e79e231ac0221cd9815958,5,300213887818000000000000,300213.887818000000
2025-10-01,61,1967975905,d259f0f14515a700dd603be4746af6d67f03bfff,5,250000000000000000000000,250000.000000000000
2025-10-01,62,1131863572,2526a6efeef588bdfb0d572d8c373dd71ef4e4f4,5,153020100000000000000000,153020.100000000000
2025-10-01,63,-534226262,c94fe69b0b3832a267ab09e41fb534940f2716d0,5,111561907403000000000000,111561.907403000000
2025-10-01,64,-342164564,c1a224e5b9552b342f58148dc1f43b483a5f54f6,5,10000000000000000000000,10000.0000000000000000
2025-10-01,65,-477815934,9f15bc93d3b59b74fedb834765da72915bfb9daf,5,1000000000000000000000,1000.0000000000000000
2025-10-01,66,1209789419,a1cf58d6293d5e6e510831f59731c5e239d00a76,5,560000000000000000000,560.0000000000000000
2025-10-01,67,1867550197,9411389a4f3d5c8c9466a8126d13deb4e2c46d51,5,100000000000000000000,100.0000000000000000
2025-10-01,68,860790791,04c53f413300addfe8626e3073920c0db29d6fb7,5,50029114620000000000,50.0291146200000000
2025-10-01,69,380797680,8b362012dab07856f369a280568b1930b6c2afaa,5,25000000000000000000,25.0000000000000000
2025-10-01,70,-120127459,d9dc80e4ca0d86cfe0ee4f76fd2f10f24bd07307,5,1000000000000000000,1.00000000000000000000
2025-10-01,71,714100672,5f397b62502e255f68382791947d54c4b2d37f09,5,0,0E-36
2025-10-01,72,-139031532,1be45fef92c4e2538fecd150757ed62b7b3757d7,4,22245312000521925167036030,22245312.000521925167
2025-10-01,73,710806763,ec4e118838268d0546e6c3d7749cc1fd51291487,4,5006793729108922725861443,5006793.729108922726
2025-10-01,74,-255872456,ae9746a85f7e08cbfd08db00edf9b6c21f592fec,4,3198904174354040231251188,3198904.174354040231
2025-10-01,75,1885036893,54df9eedd4bca708c98a4b2f35e979af9452cfcc,4,1707934179590741278948662,1707934.179590741279
2025-10-01,76,-356178435,55f6ccf0f57c3de5914d90721ad4e9fbce4f3266,4,1570000000000000000000000,1570000.000000000000
2025-10-01,77,556253586,f6853c77a2452576eae5af424975a101ffc47308,4,1488424669140245700050985,1488424.669140245700
2025-10-01,78,-286721826,d2ce90a31f62de79c64583f56165c971b9a33dfa,4,1246598456953730022372732,1246598.456953730022
2025-10-01,79,1557280506,dcdf90ba589c5ed9c06ed90f8b8c4c2d6d2a1999,4,1104634000000000000000000,1104634.000000000000
2025-10-01,80,1881705237,491aa86f7d6544c594c6bd573f1adeb640bba32f,4,1085743360343288569848852,1085743.360343288570
2025-10-01,81,758179194,2874aa935c118b8e170c35ae0e75e507d1332218,4,550000000000475428000000,550000.000000475428
2025-10-01,82,241572,3ec6732676db7996c1b34e64b0503f941025cb63,4,513008020033662945265413,513008.020033662945
2025-10-01,83,660763544,cd81917ff5313d02d7da3d47a9afcd3f635c36e3,4,500000000000000000000000,500000.000000000000
2025-10-01,84,949768310,fe3768c6fea412adb2750bfe2e1606b81980f967,4,300000000000000000000000,300000.000000000000
2025-10-01,85,-399410826,862e098ddeabd33f786fe8571aaa4ba257cf4171,4,267739129912069724145640,267739.129912069724
2025-10-01,86,696104195,aee2ae13ebf81d38df5a9ed7013e80ea3f72e39b,4,265158497012132280421998,265158.497012132280
2025-10-01,87,-628207919,445a13c8a29d67960c89fa0d60f8792a69a7c799,4,250000000000000000000000,250000.000000000000
2025-10-01,88,1320764406,d49417f37ced33aba35ddabf208d5bfcd87b4ebe,4,218032288812780000000000,218032.288812780000
2025-10-01,89,836709683,343dff3a1692a674f5dd6a5515d2d2184d20efae,4,205309928770000000000000,205309.928770000000
2025-10-01,90,-403464456,27821eabd6a2cb1421b058530e80d8726c6bdfb5,4,200000000000000000000000,200000.000000000000
2025-10-01,91,-582939389,0480e0a023c9c0c52ed5ceb85250f27a0592b46e,4,179451786431189387882961,179451.786431189388
2025-10-01,92,-333664913,032e93c5d1d5e749b4f2331f9a20d9e7150de2a0,4,175000000000000000000000,175000.000000000000
2025-10-01,93,1503055255,6d3b90747dbf5883bf88ff7eb5fcc86f408b5409,4,134493241806000000000000,134493.241806000000
2025-10-01,94,1835737813,b813d6006578d60e70fcc04d21895b05f363aeaf,4,100000000000000000000000,100000.000000000000
2025-10-01,95,727929518,5f6fd9d880be6e209d5ee7a5517dfb40b8a9d81b,4,100000000000000000000000,100000.000000000000
2025-10-01,96,-516702564,53ff31bd93b01ddb4274d45d428e1d100576a17e,4,99996000000000000000000,99996.000000000000
2025-10-01,97,1386461310,b2e7ea59e890335776ade475a7fdc51da1e89775,4,99892601680000000000000,99892.601680000000
2025-10-01,98,1810943377,6626735e51b34119f971d29241f2bbcded57cc78,4,17584000000000000000000,17584.000000000000
2025-10-01,99,1797389756,f474bf732417d42a2866b03aa32f76b722950deb,4,10000000000000000000000,10000.0000000000000000
2025-10-01,100,-598815419,1e1930dca2f76175704a4b6c60d3c3fe313ce0a1,4,9300000000000000000000,9300.0000000000000000
2025-11-01,1,1884030996,f70da97812cb96acdf810712aa562db8dfa3dbef,234,457998442661223047230561,457998.442661223047
2025-11-01,2,-381069639,4865d4bcf4ab92e1c9ba5011560e7d4c36f54106,88,4291756973397000000000000,4291756.973397000000
2025-11-01,3,779989060,28c6c06298d514db089934071355e5743bf21d60,60,4527530016149970000000000,4527530.016149970000
2025-11-01,4,2073796322,9642b23ed1e01df1092b92641051881a322f5d4e,55,66146518228220000000000,66146.518228220000
2025-11-01,5,780100773,21a31ee1afc51d94c2efccaa2092ad1028285549,52,5976495806984820000000000,5976495.806984820000
2025-11-01,6,816889289,dfd5293d8e347dfe59e90efd55b2956a1343963d,47,21754094859822010000000000,21754094.859822010000
2025-11-01,7,1528876738,01eab665bf562df4b8da02871bb0d007e53acf49,46,743180000000000000000,743.1800000000000000
2025-11-01,8,1320764406,d49417f37ced33aba35ddabf208d5bfcd87b4ebe,35,1262370758328970000000000,1262370.758328970000
2025-11-01,9,1861713724,1ab4973a48dc892cd9971ece8e01dcc7688f8f23,34,319714321756130000000000,319714.321756130000
2025-11-01,10,-8124136,5ff998c628d600c319c1334b9e05c5129dad1a34,27,15982428377980000000000,15982.428377980000
2025-11-01,11,86372871,0d0707963952f2fba59dd06f2b425ace40b492fe,23,568030238073930000000000,568030.238073930000
2025-11-01,12,-564829024,5167503b73a8695dd191c6c3916dccb1b3dd3dec,22,97110870970000000000000,97110.870970000000
2025-11-01,13,91138,167a9333bf582556f35bd4d16a7e80e191aa6476,12,33824239659530000000000,33824.239659530000
2025-11-01,14,-8637939,dd3d72c53ff982ff59853da71158bf1538b3ceee,9,6529308976370000000000,6529.3089763700000000
2025-11-01,15,-657145746,68dd88f002b7d855868dfd10c49e734ee85feb66,9,9000000000000000,0.00900000000000000000
2025-11-01,16,-569051707,a6d7676e8e4c2f58b0c26d8b29242c1df302a7bc,8,1322472811621917880010885,1322472.811621917880
2025-11-01,17,-578711003,147e84c37b85370d4eecc304ec3d88d64c4772fa,8,18204903432400000000000,18204.903432400000
2025-11-01,18,1907631359,0d47dedddaebcf1b0651a517b3cbc4f1ffd14424,7,757781997688740409426826,757781.997688740409
2025-11-01,19,1764601375,58edf78281334335effa23101bbe3371b6a36a51,7,57342194815900000000000,57342.194815900000
2025-11-01,20,-640350136,30a9a429cf10c7de17280dacd2659b46a3d5cf35,6,6000000000000000,0.00600000000000000000
2025-11-01,21,1547215877,9c0a628ffac8c01eae0f646d4ca364778abc342f,5,10000000000000000000000000,10000000.000000000000
2025-11-01,22,1046548193,f533cb8d9ce3524c7d4db70b4aa3caf9ba7850db,5,1554276696097519914283740,1554276.696097519914
2025-11-01,23,-171118189,c7b45b74519d298f8f55d342cafa7b3b66cd12bd,5,300000002380000000000000,300000.002380000000
2025-11-01,24,-258570954,c1eeab7248f9ad3c9f8fac94865feac6ad2758cc,5,253334344571041651604451,253334.344571041652
2025-11-01,25,-51457318,36077816517bb361631f8580e3299eaf7167ddc0,5,100073254997000000000000,100073.254997000000
2025-11-01,26,-259102516,1165cda5bc0bd968f8f4129d99c9841b90e97683,5,20000000000000000000000,20000.000000000000
2025-11-01,27,-493890752,2bfabae35eef537561e77715c4e7d7d8a8010e7c,5,10200000000000000000000,10200.000000000000
2025-11-01,28,1380399547,77021d475e36b3ab1921a0e3a8380f069d3263de,5,361986231000000000000,361.9862310000000000
2025-11-01,29,1483772585,1980475c3a279935ca611c9a41f17974ebc2e050,4,2834498823353055618793319,2834498.823353055619
2025-11-01,30,600100427,63950cfd75e2290a3581b6b0e39c86bc11697d5b,4,500000000000000000000000,500000.000000000000
2025-11-01,31,-269505405,304f3500d54aa82910a4013fbd84a8f4f905b5ac,4,120027935531956377244253,120027.935531956377
2025-11-01,32,1979947981,3b05d5be70292bc7dc0b3daed22f586ba6ae1767,4,39208496146000000000000,39208.496146000000
2025-11-01,33,2100380378,2e1ae54224ceb7b01c0bf82c8134bf68febb8947,4,10200000000000000000000,10200.000000000000
2025-11-01,34,-206027036,a60d41ae297a08e57d1f86ecce9db67a149d5393,4,9720000000000000000000,9720.0000000000000000
2025-11-01,35,690473977,2744fec1df92b381458793b50f464a41c2f601ca,4,2925686372025885650985,2925.6863720258856510
2025-11-01,36,2127817784,a1f53c31d3638aab3d02d93372d62e567735df44,4,20000000000000000000,20.0000000000000000
2025-11-01,37,848204781,2a0bdd6810204fc703499424020c449eab395ab3,4,10000000000000000000,10.0000000000000000
2025-11-01,38,2124529777,1aae24f41d1f310043d6b66451a3f1729f028549,3,23663115076625141535900303,23663115.076625141536
2025-11-01,39,-124390899,531e08e19e54ea655822d62f160e27af727b6e9f,3,8711696308374000000000000,8711696.308374000000
2025-11-01,40,-449447806,784a76cb0565bf535cc5799b3642d00116e18915,3,8009709062913639053276359,8009709.062913639053
2025-11-01,41,654536341,71ce5058e55abb09b3813e90496df5e3a3a151e8,3,5915465226000000000000000,5915465.226000000000
2025-11-01,42,-363984600,4352cc849b33a936ad93bb109afdec1c89653b4f,3,5000000000000000000000000,5000000.000000000000
2025-11-01,43,1514312542,236f968b3e9cc45d6d86bc95386a27c8051ab1ce,3,4000000000000000000000000,4000000.000000000000
2025-11-01,44,1947455209,86ad7c74f3e5af471212afbe0b49dfbb5983864c,3,3791113000000000000000000,3791113.000000000000
2025-11-01,45,1964033678,58fdfc3a08934fc45c6e262d626e71befd2b4e82,3,3791000000000000000000000,3791000.000000000000
2025-11-01,46,2067483658,8a95a711a56bd837d678ab299de7b1ec9863051c,3,3010889997489188022582555,3010889.997489188023
2025-11-01,47,-247021931,8d3a354f187065e0d4cece0c3a5886ac4ebc4903,3,2817919087751546432928042,2817919.087751546433
2025-11-01,48,1964834762,e2321c8324c1da7b3ba790627d0e4ee444188a23,3,2744451870590348342726846,2744451.870590348343
2025-11-01,49,1423230696,bb226555fbb98850273b10b0cf55ad2f99966d20,3,2650000000000000000000000,2650000.000000000000
2025-11-01,50,-102029423,eb2a1125f1e14822d0708464b795baad6b9038ce,3,1936242080605276821130424,1936242.080605276821
2025-11-01,51,-170839353,5c5a20b6a29c426a0aecf1a20f953df6914aa07d,3,1767660483541058047129062,1767660.483541058047
2025-11-01,52,-171132889,1bfd06b7da5469b461d7032ebfdbdf81781ca6df,3,1500000000000516054497634,1500000.000000516054
2025-11-01,53,-632330006,5d45190a8132cf3520a0bf81063c15cde1bee6e9,3,1350000000000000000000000,1350000.000000000000
2025-11-01,54,-628090991,848f45882063bac092ebdaaae1fad23907a3a9c2,3,1010000000000595009553979,1010000.000000595010
2025-11-01,55,1881699849,5b5ae04d4b14dcd58f1dea073f7476b4b5e303cc,3,1003383642700611444588115,1003383.642700611445
2025-11-01,56,1231067748,f28e1b06e00e8774c612e31ab3ac35d5a720085f,3,1000000000000000000000000,1000000.000000000000
2025-11-01,57,1938013975,2639db27d59d2a1b4e4663f45e489ed9bd2e5e10,3,999993005060000000000000,999993.005060000000
2025-11-01,58,-149280088,bd8fff67553c2caaf78de9731d61fae0005e7223,3,996838151690253481150452,996838.151690253481
2025-11-01,59,2128556646,a9f86d9eaf339305cd36e76bc0de7ac5b024f075,3,890420066264235744949999,890420.066264235745
2025-11-01,60,955081280,4307b4c9d5a48ac7cb112ef6af7fbeff5efa6af7,3,676131539364305630079098,676131.539364305630
2025-11-01,61,-506093593,ade458da8401feb8997a3bc11442b10626bfaf7f,3,673683699466395693498838,673683.699466395693
2025-11-01,62,-350625852,d383165100047d9b3691eebcbb490f481f6ada2c,3,642451043235197823973626,642451.043235197824
2025-11-01,63,-636820694,0305c8aa090070000ee41a82d9226482f0296e08,3,581985584694006101371582,581985.584694006101
2025-11-01,64,1283034033,799fdb02e49c5b77fddb4b271adf11bf42dca586,3,500000000000000000000000,500000.000000000000
2025-11-01,65,1891782434,15bb5d31048381c84a157526cef9513531b8be1e,3,500000000000000000000000,500000.000000000000
2025-11-01,66,-579893921,47acde75bc4edff25ac6b88ccf93dac4e0cffc94,3,499991000000000000000000,499991.000000000000
2025-11-01,67,875658808,4e7bec47b0c553fd0e70912d9023b6e881bdc710,3,412437524058187941637357,412437.524058187942
2025-11-01,68,-211833871,ed1ff0c0861a125f2b8de24ceb875abd3350ead6,3,399998000000000000000000,399998.000000000000
2025-11-01,69,2032024600,226f134c537697be7e43d2504b68bc9afd2dbde3,3,379235205367605257013319,379235.205367605257
2025-11-01,70,837055205,c65c762fc8a7e1618529c1e49ea3fe572dbdc40b,3,373976000000000000000000,373976.000000000000
2025-11-01,71,1040425114,366a5b0b2bc2eb4046edd59b2052b865efe8d354,3,347421775676991204768780,347421.775676991205
2025-11-01,72,-294743668,e758320ddf2d2436d61d9a462bf53664895cc853,3,311299908662984005920012,311299.908662984006
2025-11-01,73,1892941138,110da9f84e60d1dd62641fff1c6c390139dc44db,3,300000000000000000000000,300000.000000000000
2025-11-01,74,1706919972,4444ee1efbcfc7716754d4df119a1dbbe29934b3,3,300000000000000000000000,300000.000000000000
2025-11-01,75,636474488,65ae0ed283fa71fd0d22f13512d7e0bd9e54c14a,3,300000000000000000000000,300000.000000000000
2025-11-01,76,-569360049,867726a44be9aa01e0db0205091bc7e9ea25a3d8,3,250415672436000000000000,250415.672436000000
2025-11-01,77,-429963055,b1455c3790197e3d20e1dc81e350ec7fdcfdd45a,3,217018185655202957459375,217018.185655202957
2025-11-01,78,1125640581,8f456e525ed0115e22937c5c8afac061cc697f21,3,214495840787362164744153,214495.840787362165
2025-11-01,79,1810684694,e27977d8030379f1f00541d0e7e4a2dde2056927,3,214495840787362164744153,214495.840787362165
2025-11-01,80,-467813812,97aea4bcb66d4ce76143300d30ef5137eaee3c0f,3,213459053831861625237700,213459.053831861625
2025-11-01,81,-624111921,2cdf4767ea81a7c7ea9964e076498b3869f50ec4,3,207664027668103034617518,207664.027668103035
2025-11-01,82,-593814669,f8413486e0ea3d4b94b5bb029a5dab2a2cea237f,3,203072596291000000000000,203072.596291000000
2025-11-01,83,2040600470,01d7266d668ab1f53ae50b53f882c74f9fa18499,3,200809521871000000000000,200809.521871000000
2025-11-01,84,1426729812,1119c4ce8f56d96a51b5a38260fede037c7126f5,3,157779434644272149000000,157779.434644272149
2025-11-01,85,1600776400,5ad9fec493e4e8544c1dd7b203855915eba1e12f,3,154554286213280401458797,154554.286213280401
2025-11-01,86,-344045670,197d0b8d520667f6a14ce98215c2f945e6cd3ccc,3,146955672145515080222884,146955.672145515080
2025-11-01,87,10153077,533caaeaee0396bed2714c547104591ca3e2f345,3,136219404063000000000000,136219.404063000000
2025-11-01,88,1848398024,4a3690dadf5537d1464217d5d20058215a19b29f,3,131652130764254919130413,131652.130764254919
2025-11-01,89,2052945674,ad5ddcd6f2fd094d37dde6c9f8708af16992d6c2,3,131644737172961018408463,131644.737172961018
2025-11-01,90,1801583880,6f61fb469de84daf595f5198d15dac82d79b34ee,3,126054682000000000000000,126054.682000000000
2025-11-01,91,-655499050,9ce5bb5b73cb2ea878f52782f045980d02e6a990,3,125206445397249084845907,125206.445397249085
2025-11-01,92,-394000176,db5318004f5c9a014826510f42387a2a8f693c2d,3,122005394798096145000000,122005.394798096145
2025-11-01,93,2020966383,b49d105fc04b12ab72689dcbf1b964d91095ad4e,3,117326940171496962582470,117326.940171496963
2025-11-01,94,-616029932,cea3cc0af4e58a50c570394e53e89d92c783d1ad,3,109991999998903987301843,109991.999998903987
2025-11-01,95,-97468642,e3de40029774a0bdbea68328464785472bf1b3b4,3,109238175909882068888565,109238.175909882069
2025-11-01,96,1165811249,be540a7daf95accb7f4dffc3f72d215876f40010,3,107240258175539355982486,107240.258175539356
2025-11-01,97,1973444205,aa3a22f31b42642f80a43d8332354c38104faa71,3,101025749231237799309436,101025.749231237799
2025-11-01,98,-137604677,9185d4aeec1cde48ec95ae5e849d83f9dd4efca7,3,101010595172144711747186,101010.595172144712
2025-11-01,99,-441845817,e7cd2fa44cce16e70867338f7b9fd60ad3b9d4b5,3,100140000000000000000000,100140.000000000000
2025-11-01,100,-576450349,e1f98dde38d3e475632494e51847e32d78c46940,3,100000000000000000000000,100000.000000000000
2025-12-01,1,-553813801,0b7403c8430807433af5463978ab92029298fa14,250,10293000000000000000000,10293.000000000000
2025-12-01,2,-381069639,4865d4bcf4ab92e1c9ba5011560e7d4c36f54106,115,3116602384181000000000000,3116602.384181000000
2025-12-01,3,1884030996,f70da97812cb96acdf810712aa562db8dfa3dbef,93,49072048210046295796342,49072.048210046296
2025-12-01,4,780100773,21a31ee1afc51d94c2efccaa2092ad1028285549,64,6399715233630890000000000,6399715.233630890000
2025-12-01,5,779989060,28c6c06298d514db089934071355e5743bf21d60,63,6091750696221910000000000,6091750.696221910000
2025-12-01,6,816889289,dfd5293d8e347dfe59e90efd55b2956a1343963d,61,7580591081686180000000000,7580591.081686180000
2025-12-01,7,1861713724,1ab4973a48dc892cd9971ece8e01dcc7688f8f23,52,231914793399350000000000,231914.793399350000
2025-12-01,8,2073796322,9642b23ed1e01df1092b92641051881a322f5d4e,49,62054267601000000000000,62054.267601000000
2025-12-01,9,-8124136,5ff998c628d600c319c1334b9e05c5129dad1a34,44,13036165146070000000000,13036.165146070000
2025-12-01,10,1597626132,697678dc6b4717e672673283e78d27006c2b91a7,35,28997232557130000000000,28997.232557130000
2025-12-01,11,-657145746,68dd88f002b7d855868dfd10c49e734ee85feb66,26,26000000000000000,0.02600000000000000000
2025-12-01,12,-749174544,69bab788854a774969870e6d6b0ea7cdc5616f7a,24,147679310239290000000,147.6793102392900000
2025-12-01,13,86372871,0d0707963952f2fba59dd06f2b425ace40b492fe,22,197777016101140000000000,197777.016101140000
2025-12-01,14,-564829024,5167503b73a8695dd191c6c3916dccb1b3dd3dec,22,152644390250000000000000,152644.390250000000
2025-12-01,15,91138,167a9333bf582556f35bd4d16a7e80e191aa6476,19,12931508921110000000000,12931.508921110000
2025-12-01,16,1994307361,44d3b229449d54e6f38218104957cd28f5aefec8,15,165000000000000000000,165.0000000000000000
2025-12-01,17,1320764406,d49417f37ced33aba35ddabf208d5bfcd87b4ebe,14,39040760360620000000000,39040.760360620000
2025-12-01,18,-239254470,e9ae7ab96ad29dafcb4ccfac46b2162010c660ed,12,5100000000000000000000,5100.0000000000000000
2025-12-01,19,1873947174,d129b1827aadf46685072ce16b8964bff73b7b79,11,3303860000000000000000,3303.8600000000000000
2025-12-01,20,1977791460,d2428df2b8d9219f1d76570796f1a52c9447697c,11,415000000000000000000,415.0000000000000000
2025-12-01,21,2042113876,64c8cc5d748738b6bb6527e465cc878260d3d4f3,10,2037000000000000000000,2037.0000000000000000
2025-12-01,22,1915994203,6a1b3cb57a6bb61fdcf3e8b9f88465a378fd5c39,9,849893000000000000000000,849893.000000000000
2025-12-01,23,1380399547,77021d475e36b3ab1921a0e3a8380f069d3263de,8,73143968449000000000000,73143.968449000000
2025-12-01,24,-216451300,b001c27b3f07fd5a6837fcd30b9d5191d3d5d0e6,8,2740451832987944915519,2740.4518329879449155
2025-12-01,25,1764601375,58edf78281334335effa23101bbe3371b6a36a51,7,13079397209370000000000,13079.397209370000
2025-12-01,26,-167274401,4beab62f8a503e5bcd2b637a575d04eac6b3b1ef,7,9606563262000000000000,9606.5632620000000000
2025-12-01,27,-723300858,76543bddc37cca543286c7c9c22bd2b32df7b866,7,6006000245470000000000,6006.0002454700000000
2025-12-01,28,2099485287,6ed28cd6b2ded5fb106771d078c63c484fc4839d,7,400000000000000000000,400.0000000000000000
2025-12-01,29,1882505895,dbc652411605f8bb8969136923aa039c79989482,7,0,0E-36
2025-12-01,30,-451533538,f18964642ad8183df3e65fb523bcc22d1afd61c6,7,0,0E-36
2025-12-01,31,-569993491,7b874e9e6029197dd287910f9b3edd27c10db51e,6,1000217378166404457544490,1000217.378166404458
2025-12-01,32,1877038680,da3d20278ec5d01a420c0ba9a5a7a0a963099660,6,110000000000000000000000,110000.000000000000
2025-12-01,33,1934059001,ada4067cf6bfa0c6018d82a5e1f9db6ca598255c,6,1053601803929488724456,1053.6018039294887245
2025-12-01,34,2002737432,ea1444023e1d063904920f70c228cf9922ed01e4,6,500000000000000000000,500.0000000000000000
2025-12-01,35,2099491534,35a457650d01f824026c818f28572bcba8d08e08,6,0,0E-36
2025-12-01,36,-379351918,7cb4b068e3294b0c365a8368b9798e5db91ebefe,5,400000000000000000000000,400000.000000000000
2025-12-01,37,-166374653,1d1d0a6f0a8a259297fc99f70ccf20cbbf2c63c3,5,247397059091927936961992,247397.059091927937
2025-12-01,38,-159836397,f53410e63e154edc07d8e206d7fb36864d526715,5,19300000000000000000000,19300.000000000000
2025-12-01,39,-241184001,b5387b47941d4ef6a67aab047972e99073545c01,5,1600000000000000000000,1600.0000000000000000
2025-12-01,40,-247278305,b7325a7b9811e1fa30e63e8ebcb67f5109fed92c,5,199966917119373050000,199.9669171193730500
2025-12-01,41,1886142210,8a3d9b06ab28daddbae7f51c1f1d83bd9c1bd7a2,5,0,0E-36
2025-12-01,42,586426098,e7eb077d77f09b469b2ea8548aa860b137039977,4,1293838947874053568437885,1293838.947874053568
2025-12-01,43,2124478891,5ddcf5ae2a437370b72c3ff3c6b27beaa5843715,4,130945900000000000000000,130945.900000000000
2025-12-01,44,-161502888,a827da72c022d6a5c1fa64dc37a0051af6912a4a,4,77887960454545702406451,77887.960454545702
2025-12-01,45,-116051457,f86149475b49bdb11cd8b27c38ae11a1569fbbdc,4,60000000000000000000000,60000.000000000000
2025-12-01,46,-305065197,1ac0660eed3892117e55efcec6088aa6d04f7622,4,14580310330026987445541,14580.310330026987
2025-12-01,47,2059508429,80ec5abcf89565681832958ae4804b3378cacff0,4,4703630601970000000000,4703.6306019700000000
2025-12-01,48,1332006476,aab7db20add7126d61faf24baedc5f71225961f3,4,2600000000000000000000,2600.0000000000000000
2025-12-01,49,-41321445,38474fab5fbcc6338ae741f4aedd6a9f568859ee,4,2200000000000000000000,2200.0000000000000000
2025-12-01,50,1034051611,662dd6980f2442e1db4ba4ecc5518eed376005e4,4,1600000000000000000000,1600.0000000000000000
2025-12-01,51,880784968,fddd8e89dfb65fe2da8e907939a281135ef3802d,4,1100000000000000000000,1100.0000000000000000
2025-12-01,52,1734988910,3247f6b66f24f672eacf52080e0381fa45deb307,4,527700000000000000000,527.7000000000000000
2025-12-01,53,1936605300,b9f8fc7b81cfd4be2178777d7d60c57057ef00d4,4,100000000000000000000,100.0000000000000000
2025-12-01,54,2101787562,568c09cadbb8f9ba3ff621eaa3125ef1561d5cd6,4,101000000000000000,0.10100000000000000000
2025-12-01,55,-721472024,8a801df0d0462d21f76f9cb9896b5fb61f2a9909,4,4000000000000000,0.00400000000000000000
2025-12-01,56,-60178890,b2a648c8ec1692f00319a98314a375e0504c64b5,4,0,0E-36
2025-12-01,57,-255872456,ae9746a85f7e08cbfd08db00edf9b6c21f592fec,3,12135057836972626990236120,12135057.836972626990
2025-12-01,58,-334126335,5a0b551b6a13b85c2000f4478b2ed3ae317c9473,3,4504972440370689577730636,4504972.440370689578
2025-12-01,59,-562487675,2290661dd55d8698599f63ea0f9e46b52e1f80d2,3,3200000000000000000000000,3200000.000000000000
2025-12-01,60,-749638266,0b9d43ca86e540aab5d2fde84a331aa2b970bfc8,3,1000000000000000000000000,1000000.000000000000
2025-12-01,61,-629798092,1c934e8029d17920e697e3eb214014806576983f,3,812988619749143558530007,812988.619749143559
2025-12-01,62,795508070,438bbff80252c9c959797d0180a5c868e1a86c91,3,728236197101265549609826,728236.197101265550
2025-12-01,63,-358953297,827602e6e66251aab485ea89c94c8666d4ecf242,3,594884886481038987688399,594884.886481038988
2025-12-01,64,-653287755,94fe21fbdf7b00422049a8d5bdfc060b8ab29f99,3,573626499500493193212696,573626.499500493193
2025-12-01,65,1398401389,65b865668c29025c79a7cf7dec48bdc8abc3c45c,3,525552170000000000000000,525552.170000000000
2025-12-01,66,-172427415,5673f52b7ae10ddc19bd3aead02a24f40914a795,3,507887666530145048668655,507887.666530145049
2025-12-01,67,-414455496,c7f94fb3b3ba614b9b2bf80697ab5a31917005a2,3,500138563053250026487421,500138.563053250026
2025-12-01,68,-198270595,af51478ceee54a4770efa8fffbe9c15fbe80f2d6,3,500000000000000000000000,500000.000000000000
2025-12-01,69,-324275140,aa2bf5ed0e9f595ede3cdf90608accee36c70b94,3,500000000000000000000000,500000.000000000000
2025-12-01,70,-707137369,e2c70d39c78d71f2562be4157ecbd647735124c0,3,500000000000000000000000,500000.000000000000
2025-12-01,71,-289565800,5c9920764a30abef3fd7d8524d253f428a3b7987,3,481318512085424418717735,481318.512085424419
2025-12-01,72,-655283417,32cdb91b062f4a6a2931b2d701abe93252f21b48,3,421989125968597015619165,421989.125968597016
2025-12-01,73,-57588753,aabefa74e7f088e1de9559071f44afd45112d392,3,301188150519235879034747,301188.150519235879
2025-12-01,74,-164789609,bab9f5af018f93d0fbfa17f5036149af818359ec,3,300170898364328694627077,300170.898364328695
2025-12-01,75,1984951526,7ca4b04a451b409d82b85b542d35386743a6da7b,3,299985319183999976996864,299985.319183999977
2025-12-01,76,-358959996,2a52bf79e63296c08e2853b194ab43b92972897a,3,254672000000000000000000,254672.000000000000
2025-12-01,77,-176207642,21c9ce0611541099583e4249bfb583606715a796,3,240366001461283807382099,240366.001461283807
2025-12-01,78,-182652647,7b3d2bc16e11008ab5a50637eace6700d98bcfa5,3,202416219184221379821706,202416.219184221380
2025-12-01,79,-102857981,97e7da815fca8ae05aaf7c5d5c8d25d45c76e1ad,3,200832897489206616780216,200832.897489206617
2025-12-01,80,1847857087,004daae2621017da004fbf15135f9ecb6d3b900c,3,200294483743634326099668,200294.483743634326
2025-12-01,81,919482186,a54f59fbc7626a25e54a910f9323d87681890f31,3,200294483743634326099668,200294.483743634326
2025-12-01,82,2125880937,aaabbbc86a0a8358d73302abcd6777c059bc2335,3,200294483743634326099668,200294.483743634326
2025-12-01,83,-712575859,d65aef82b5083c262b436377e0fd8493cfe090d5,3,200000000000000000000000,200000.000000000000
2025-12-01,84,-13433647,d196148cef1eb7398658b1c75528c324d47658e6,3,186381923413870974633925,186381.923413870975
2025-12-01,85,-750407859,50f83d2cc0cffed3ddcddaa4cbf38548d4cd0a9c,3,150530080000000000000000,150530.080000000000
2025-12-01,86,1575864748,068765a13c211383c2b41bd3861292a5bdd33048,3,150499082162746402439956,150499.082162746402
2025-12-01,87,-597130804,a4a5cc8c29353f333d031f7df7a717ef86caa7de,3,144000000000000000000000,144000.000000000000
2025-12-01,88,-266746948,2c8524d155614ee03534bbd1e2d0a384c46869dc,3,111048345727850816849027,111048.345727850817
2025-12-01,89,-656057632,436f4c3e8eaeed52f2deb4578d7feb976d8eedd9,3,110000000000000000000000,110000.000000000000
2025-12-01,90,-620308340,4559b138e75202e3f46be1a046c193c9ca85fb0c,3,110000000000000000000000,110000.000000000000
2025-12-01,91,-492998809,1b6201accc757d4f9dc5825eb453aaa13a5e6708,3,100490772433652882649217,100490.772433652883
2025-12-01,92,-267559518,6397c5f4f8467d61c6906838961720cc032badde,3,100469395405983331193264,100469.395405983331
2025-12-01,93,-365140764,001331e3fb511bdbdd45b41b4904909e5359778a,3,100207988858663373787040,100207.988858663374
2025-12-01,94,-629657838,d4da65123ef4a70ff8a1e0777ce634d881f99b16,3,100000000000000000000000,100000.000000000000
2025-12-01,95,784756559,7344e478574acbe6dac9de1077430139e17eec3d,3,99996000000000000000000,99996.000000000000
2025-12-01,96,844530683,a75ede99f376dd47f3993bc77037f61b5737c6ea,3,99996000000000000000000,99996.000000000000
2025-12-01,97,2052153258,32d08fde723c687a2bc6f5321bae63c7189483ed,3,90000000000000000000000,90000.000000000000
2025-12-01,98,-393370241,3e7383c6a75e6e595f5d0ad60f89252ba3390572,3,34159672618000000000000,34159.672618000000
2025-12-01,99,-314129880,25cb1cd41c82b821d3859e23dcbeeaa77e97fafb,3,25000000000000000000000,25000.000000000000
2025-12-01,100,761335774,dec960c1ded3634c16f5b6c239452fc591b205bb,3,23382201928090518630229,23382.201928090519
2026-01-01,1,-787540031,054a35052b5e4d3b6e581cf3119ce3d36b52fd07,1489,1969054329576790000000000,1969054.329576790000
2026-01-01,2,1884030996,f70da97812cb96acdf810712aa562db8dfa3dbef,207,714813731003791600352514,714813.731003791600
2026-01-01,3,-787360860,58c43b51285570449115c89e71da1be330983ade,198,3530803176495420000000000,3530803.176495420000
2026-01-01,4,779989060,28c6c06298d514db089934071355e5743bf21d60,171,10157636496541600000000000,10157636.496541600000
2026-01-01,5,816889289,dfd5293d8e347dfe59e90efd55b2956a1343963d,168,14705627504330870000000000,14705627.504330870000
2026-01-01,6,780100773,21a31ee1afc51d94c2efccaa2092ad1028285549,158,5795503107185760000000000,5795503.107185760000
2026-01-01,7,-381069639,4865d4bcf4ab92e1c9ba5011560e7d4c36f54106,151,12760855273420000000000000,12760855.273420000000
2026-01-01,8,-787416417,8ac341e89dc45d94976a871b12384a61d7cba011,145,5999373262072265000000000,5999373.262072265000
2026-01-01,9,-787392063,e5f3063323b6fbd6cafaf3293c392c5374f8c61c,139,2606283573832840000000000,2606283.573832840000
2026-01-01,10,-750505580,582ff3b74b22e9f4749cd577777198367bd69404,126,22780756466747528,0.02278075646674752800
2026-01-01,11,-752789825,8193c238fc9021cb0be9b4d137ddc66b6ac3394d,115,15709264393773782,0.01570926439377378200
2026-01-01,12,-750361908,9cc31ae18cbc3db0bbee90f06d51a2ad29eedab5,115,7140693354585009,0.00714069335458500900
2026-01-01,13,2073796322,9642b23ed1e01df1092b92641051881a322f5d4e,104,768207756110300000000000,768207.756110300000
2026-01-01,14,-769354216,e7c11661532718c1dfb2c785e95900503b0ce7e3,104,12496949043380217,0.01249694904338021700
2026-01-01,15,-746421475,f8906babc3b1a70639e46748f7c44d1feb516f13,101,31752425342455994,0.03175242534245599400
2026-01-01,16,-787413471,dcb951829f6961b5679674947e265c3e8ad5b67e,99,14587928894376770,0.01458792889437677000
2026-01-01,17,-752564820,9bfd0ff90860da24fd63db31fec6c3475ade08b8,93,24321512432657275,0.02432151243265727500
2026-01-01,18,-787390282,39bb4e23d436a53f71916fa8e5942e93853ca6b8,81,7998023161947076,0.00799802316194707600
2026-01-01,19,1861713724,1ab4973a48dc892cd9971ece8e01dcc7688f8f23,80,645226040482990000000000,645226.040482990000
2026-01-01,20,-657145746,68dd88f002b7d855868dfd10c49e734ee85feb66,71,71000000000000000,0.07100000000000000000
2026-01-01,21,86372871,0d0707963952f2fba59dd06f2b425ace40b492fe,57,2057859028487540000000000,2057859.028487540000
2026-01-01,22,-8124136,5ff998c628d600c319c1334b9e05c5129dad1a34,30,11631935470900000000000,11631.935470900000
2026-01-01,23,1947237056,a28d8d7083dcf1988aee50bdbf15f47532759bc2,29,37997479540470000000000,37997.479540470000
2026-01-01,24,91138,167a9333bf582556f35bd4d16a7e80e191aa6476,21,52216979152580000000000,52216.979152580000
2026-01-01,25,618341465,8e3e13554ad5a10b224f9021d77bee8ecc217c26,21,428410000000000000000,428.4100000000000000
2026-01-01,26,-471983604,ff4c0c7f40ad0c5339e0d144cdc8a00d2885f813,20,0,0E-36
2026-01-01,27,1390833807,f7a1cafa5f0c57bfddc0571a6f559582107f78af,18,9677529445199999991808,9677.5294451999999918
2026-01-01,28,-471060364,c43c604a43adb3506dc05c7136a479d884d551fb,18,0,0E-36
2026-01-01,29,-293120457,b95f46139c0c4cd1b7b728be10c104866706e250,15,8000000000000000000000,8000.0000000000000000
2026-01-01,30,-807988444,5d315d4913f2e41273e549e81077c7b8e5ba6f3a,15,41966870960277000,0.04196687096027700000
2026-01-01,31,-787361550,1d111883505ac9c67d30c60fc96afd4acf795bde,15,0,0E-36
2026-01-01,32,1380399547,77021d475e36b3ab1921a0e3a8380f069d3263de,9,2326912416000000000000,2326.9124160000000000
2026-01-01,33,-564829024,5167503b73a8695dd191c6c3916dccb1b3dd3dec,8,105793231310000000000000,105793.231310000000
2026-01-01,34,-538667478,e2ee74cd3f4e673de7259d6a77d47a51b120a8de,8,20000000000000000000,20.0000000000000000
2026-01-01,35,-472024144,737694df301534c4fe4fd63b134fc1e355678385,8,0,0E-36
2026-01-01,36,1978584036,3b14c72c51b11b64092fae019ccae2625d64efc6,8,0,0E-36
2026-01-01,37,607264737,4ad61ae047e4849bee9d9520e52a5f6d6c629c93,7,400000000000000000000000,400000.000000000000
2026-01-01,38,664910386,fe705ae5da9b962e3856e0be0253c55d73fdd950,7,352598001230540000000000,352598.001230540000
2026-01-01,39,907672455,4ccffbc75f38bc534cf2ab99a749266a148a4f04,7,199585551988120000000000,199585.551988120000
2026-01-01,40,1475667862,ecbdc920a7ae7d9099e354a0e78610e816f00506,7,100000000000000000000000,100000.000000000000
2026-01-01,41,1764601375,58edf78281334335effa23101bbe3371b6a36a51,7,21949270000000000000000,21949.270000000000
2026-01-01,42,925241645,144a94641f0c9f9a57c05d7966d38c9364e838be,7,2365506076608974629888,2365.5060766089746299
2026-01-01,43,1585330782,855b77fc563bb5a2c062b9ad3bdf7984883ee8b8,7,2000000000000000000000,2000.0000000000000000
2026-01-01,44,-212842646,f5bdaba5ead123a71ea670e60473a7da345c54e3,6,18993343760705341333773137,18993343.760705341334
2026-01-01,45,-102029423,eb2a1125f1e14822d0708464b795baad6b9038ce,6,5006000000000000000000000,5006000.000000000000
2026-01-01,46,1348367443,2802c4451544c25550bec6c0ba493a043024526a,6,600000000000000000000000,600000.000000000000
2026-01-01,47,1055281287,eda73567de37a3e984340bbaa7129056451e6514,6,60000000000000000000000,60000.000000000000
2026-01-01,48,-568778792,dc4da6b85b93631409df8faf7a0536aa7b66b3a5,6,200000000000000000000,200.0000000000000000
2026-01-01,49,-757833511,a83b5d25b62d865444d033c2c26db610b90e50d8,6,18545476379700000,0.01854547637970000000
2026-01-01,50,-759446896,609d10933f3eb0caa767ba700e7b46dbc963c6ed,6,15069454842397644,0.01506945484239764400
2026-01-01,51,-688473414,e9a911b75ff5bb6e7b41a045b4d3ceedb6101381,6,0,0E-36
2026-01-01,52,1990070842,957763aa67de8bbbd3fa72e3fef6f9436797d9c7,5,700000000000000000000000,700000.000000000000
2026-01-01,53,-771613943,36d217a33e1a33ee83faf9270bf7298792699108,5,322456456780461800359410,322456.456780461800
2026-01-01,54,-552720060,adbbe26fcf0fc102a6cb282eef4538a1645b785f,5,241043168849487333443779,241043.168849487333
2026-01-01,55,1081618949,a547b34cb11ac670628b188207567e9f11a676aa,5,91143305055753414716193,91143.305055753415
2026-01-01,56,-793873498,4c1255791f5144f8d41c0a88a48cd0d627f7c23b,5,4363294324884085015737,4363.2943248840850157
2026-01-01,57,-159802318,c468315a2df54f9c076bd5cfe5002ba211f74ca6,5,1000000000000000000000,1000.0000000000000000
2026-01-01,58,2134451877,d0076b85c236d38628f692bc5aa9e8b77edfed15,5,100000000000000000000,100.0000000000000000
2026-01-01,59,-423587322,27a9f8f6e95bd1bea2cd38016eab94da2687da38,5,20000000000000000000,20.0000000000000000
2026-01-01,60,1073965009,8ba2d005da1ea23271e7b61efa52e72c6b372459,5,10000000000000000000,10.0000000000000000
2026-01-01,61,-759427772,626627ddce96786a4cff25b6daacc71d06bb069b,5,15959999999999999,0.01595999999999999900
2026-01-01,62,-757848275,ae6bda20e69162cc03d5fd010ee7086438bb5f48,5,14032822131999999,0.01403282213199999900
2026-01-01,63,-757854648,f3fc67f9f1a631d8a62bc1795196cbf4c3d94d9d,5,13000000000000000,0.01300000000000000000
2026-01-01,64,-637857169,69674867cc3ff1826994be126b6e700c054d5c6d,4,110427000000000000000000,110427.000000000000
2026-01-01,65,1264012609,32f4b3bddab67397605bbf6136c879fc5e5fc9a4,4,65000006330000000000000,65000.006330000000
2026-01-01,66,695633918,51ca1aee6818ebec633d365c85ae7257c826b234,4,62000000000000000000000,62000.000000000000
2026-01-01,67,4077677,b0a1f2545c53ac4818a9a55804c6e927fb0e001a,4,60000003000000000000000,60000.003000000000
2026-01-01,68,743731306,795a72371f8199c20cf06dc74309cb19fce220a8,4,60000000000000000000000,60000.000000000000
2026-01-01,69,-8637939,dd3d72c53ff982ff59853da71158bf1538b3ceee,4,42391418401100000000000,42391.418401100000
2026-01-01,70,926050427,55726b149171416e467120110e9ff707e3bbc69a,4,39976983000000000000000,39976.983000000000
2026-01-01,71,732830329,0c2c40f59d416d17879508fb977aabf05c7a51f6,4,8752558829510889746867,8752.5588295108897469
2026-01-01,72,1551857414,c4e64ee8541fb582704a8e526a152b2cb051d65f,4,6490999679930000000000,6490.9996799300000000
2026-01-01,73,-184768955,8df967d6dcc41e1bf7f3f56204ceca6f96001657,4,5000000000000000000000,5000.0000000000000000
2026-01-01,74,-100645567,dd7e7253c73ce7351c6c966bb852d6d552b75469,4,3995000200000000000000,3995.0002000000000000
2026-01-01,75,-342164564,c1a224e5b9552b342f58148dc1f43b483a5f54f6,4,2000000000000000000000,2000.0000000000000000
2026-01-01,76,1894912031,45a4a85eab274b45aeec8042402af28f8ac80f62,4,1419000000000000000000,1419.0000000000000000
2026-01-01,77,-686735865,877c77da8d0bd152ba9023bbd1a43deccba38a2b,4,1000000000000000000000,1000.0000000000000000
2026-01-01,78,1906422107,7db7a320c9998c3c8c713cb29ce0c7327c29fa85,4,640000000000000000000,640.0000000000000000
2026-01-01,79,-539373260,957d5a9593438cee1e79bde6c3ee5f10e93793ec,4,400000000000000000000,400.0000000000000000
2026-01-01,80,1813886914,cc2bd945fda6b3c6ca067b657cbe10485e1aa780,4,199000000000000000000,199.0000000000000000
2026-01-01,81,-373195109,432ee4a705afff819a60dfb34404ff61063c4baa,4,100000000000000000000,100.0000000000000000
2026-01-01,82,860790791,04c53f413300addfe8626e3073920c0db29d6fb7,4,40842725390000000000,40.8427253900000000
2026-01-01,83,-787528499,522b088a87d88061e635bfc046ce2d37b9f3382d,4,10000000000000000000,10.0000000000000000
2026-01-01,84,-713247565,7b1404560c25d6e74d89216107d3c54ba530b8b1,4,10000000000000000000,10.0000000000000000
2026-01-01,85,935705838,416bf0c000935bfeb47348ed0e697098c9376730,4,10000000000000000000,10.0000000000000000
2026-01-01,86,1909835453,69f729005781eb5f281a9d44257821a63acaae63,4,10000000000000000000,10.0000000000000000
2026-01-01,87,-147753540,ad83038b6901b7e9adbd6c4e1ee0ca52218b6311,4,10000000000000000000,10.0000000000000000
2026-01-01,88,-553679849,34be9253bb5108dbc38220ad34090b4e583d1e9d,4,10000000000000000000,10.0000000000000000
2026-01-01,89,2072810729,b7832cdf244aa5ff5f02d340c50a4ed47fc93a49,4,9000000000000000000,9.0000000000000000
2026-01-01,90,-768868397,f5679dd0baab9b72b9ee76bdb930593a0fa82994,4,4120745483998075242,4.1207454839980752
2026-01-01,91,760144920,8ffd3e95e71c1b975eda461e54af27d10bedab44,4,1000000000000000000,1.00000000000000000000
2026-01-01,92,-820594473,5d3e020fed230898183ab0f1c0b26b9b91600f3a,4,16266957084730000,0.01626695708473000000
2026-01-01,93,-759417324,74f527f017e4ed9026f166dd4bb0702eac8c72ac,4,12000000000000000,0.01200000000000000000
2026-01-01,94,-757824525,bcdeabbd97c2346af049c6d8946f293023bf7d09,4,9969451872945772,0.00996945187294577200
2026-01-01,95,-757884816,88a763cef4eb0d5f8b712ace337f79aefaa599ff,4,8800000000000000,0.00880000000000000000
2026-01-01,96,-759469573,c9ad3e65040d277a6eeb13985c13c5d7ab02a488,4,6919927770000000,0.00691992777000000000
2026-01-01,97,-792171468,f6f51b843c3b6e75cf70109494dc1f0d4e304dda,3,4500000000000000000000000,4500000.000000000000
2026-01-01,98,-579707073,f1419f352846b723720424dc8bda9e80342ea01d,3,3042905168939807246402090,3042905.168939807246
2026-01-01,99,1976247609,0faf0df2d6c93d69154b52575d238c7283054851,3,1300000000000000000000000,1300000.000000000000
2026-01-01,100,-691113746,d62555ab18ea8fa8566eea8e117b9e3ee4212d97,3,1149996000000000000000000,1149996.000000000000
2026-02-01,1,-698295113,ad6752e44b90f0dde02e80ee9d1624adb3c90008,235,2373500000000000,0.00237350000000000000
2026-02-01,2,1805763895,a03400e098f4421b34a3a44a1b4e571419517687,191,31829448864675310000000000,31829448.864675310000
2026-02-01,3,-769354216,e7c11661532718c1dfb2c785e95900503b0ce7e3,165,58438763890682427,0.05843876389068242700
2026-02-01,4,-381069639,4865d4bcf4ab92e1c9ba5011560e7d4c36f54106,164,16451226966317000000000000,16451226.966317000000
2026-02-01,5,-787413471,dcb951829f6961b5679674947e265c3e8ad5b67e,145,37555069688469939,0.03755506968846993900
2026-02-01,6,-752564820,9bfd0ff90860da24fd63db31fec6c3475ade08b8,143,48269800083661738,0.04826980008366173800
2026-02-01,7,-752789825,8193c238fc9021cb0be9b4d137ddc66b6ac3394d,140,39094458388181455,0.03909445838818145500
2026-02-01,8,-750505580,582ff3b74b22e9f4749cd577777198367bd69404,138,34882947717282071,0.03488294771728207100
2026-02-01,9,-746421475,f8906babc3b1a70639e46748f7c44d1feb516f13,135,24972746142153891,0.02497274614215389100
2026-02-01,10,-750361908,9cc31ae18cbc3db0bbee90f06d51a2ad29eedab5,127,46152300707752594,0.04615230070775259400
2026-02-01,11,-787390282,39bb4e23d436a53f71916fa8e5942e93853ca6b8,127,39358602608740981,0.03935860260874098100
2026-02-01,12,779989060,28c6c06298d514db089934071355e5743bf21d60,119,12371528910386120000000000,12371528.910386120000
2026-02-01,13,780100773,21a31ee1afc51d94c2efccaa2092ad1028285549,111,4602562027853750000000000,4602562.027853750000
2026-02-01,14,816889289,dfd5293d8e347dfe59e90efd55b2956a1343963d,109,7584410067462170000000000,7584410.067462170000
2026-02-01,15,1884030996,f70da97812cb96acdf810712aa562db8dfa3dbef,105,50901223792708644277944,50901.223792708644
2026-02-01,16,2073796322,9642b23ed1e01df1092b92641051881a322f5d4e,44,753878882712300000000000,753878.882712300000
2026-02-01,17,86372871,0d0707963952f2fba59dd06f2b425ace40b492fe,43,1016398785072800000000000,1016398.785072800000
2026-02-01,18,-787392063,e5f3063323b6fbd6cafaf3293c392c5374f8c61c,43,912637712174270000000000,912637.712174270000
2026-02-01,19,1861713724,1ab4973a48dc892cd9971ece8e01dcc7688f8f23,36,763421818610710000000000,763421.818610710000
2026-02-01,20,-657145746,68dd88f002b7d855868dfd10c49e734ee85feb66,27,27000000000000000,0.02700000000000000000
2026-02-01,21,1962229729,a52555c9270b3f4ff10925d20d0284b3472a6e97,23,1357360000000000000000,1357.3600000000000000
2026-02-01,22,618341465,8e3e13554ad5a10b224f9021d77bee8ecc217c26,23,661590000000000000000,661.5900000000000000
2026-02-01,23,-856013244,ad11109039f5f2c954db600c03ba0ef25e5fe9bd,20,69687000000000001,0.06968700000000000100
2026-02-01,24,-677105979,27326bd8e518183c5266b031cf90734e17dc4800,18,2097828111196002349827615,2097828.111196002350
2026-02-01,25,-601011243,5acf29b77ded777ea5c6366d125a2e8ca6ccd6fa,17,182957761078000000000000,182957.761078000000
2026-02-01,26,-8124136,5ff998c628d600c319c1334b9e05c5129dad1a34,16,3833257573200000000000,3833.2575732000000000
2026-02-01,27,-787540031,054a35052b5e4d3b6e581cf3119ce3d36b52fd07,15,13933315205670000000000,13933.315205670000
2026-02-01,28,2007348315,19d604836079b94280737841e1a27469c6d7d181,14,950342539826105577641895,950342.539826105578
2026-02-01,29,1561385246,de6a36a42234fe10d2bae1a354d871c68c23c055,14,800572240691389206485879,800572.240691389206
2026-02-01,30,1883701386,6fa24aff6847d59d8f9d04c149c48aba0c270e10,11,2498989058453131054585348,2498989.058453131055
2026-02-01,31,-787360860,58c43b51285570449115c89e71da1be330983ade,11,377991178172490000000000,377991.178172490000
2026-02-01,32,2086945745,c5a792a3feb7865370a1c7376d841aeba234d062,9,1445675201714788036336599,1445675.201714788036
2026-02-01,33,2031227721,f251a06b6e3f5da6337af93619705a703d162431,9,1000001000000000000000000,1000001.000000000000
2026-02-01,34,1380399547,77021d475e36b3ab1921a0e3a8380f069d3263de,9,101072909609000000000000,101072.909609000000
2026-02-01,35,-293120457,b95f46139c0c4cd1b7b728be10c104866706e250,9,5000000000000000000000,5000.0000000000000000
2026-02-01,36,1040702021,9fb1750da6266a05601855bb62767ebc742707b1,8,2563713366406451612137233,2563713.366406451612
2026-02-01,37,-901169506,4e728f8787e1c87b446389dd0504a184ea23b76a,8,590000000398000000000000,590000.000398000000
2026-02-01,38,1534148866,bee93812bad90d12a45b9bf943a372b497ac69e3,8,200263611543000000000000,200263.611543000000
2026-02-01,39,91138,167a9333bf582556f35bd4d16a7e80e191aa6476,8,2471387222250000000000,2471.3872222500000000
2026-02-01,40,-874424397,b045ec565c954d54de665ddd2ee329c2c38d42b2,8,13000000000000000000,13.0000000000000000
2026-02-01,41,-53682614,93e1d4f1a271a3bfddafe0db0ccad4c97688c2cb,7,1000000000000000000000000,1000000.000000000000
2026-02-01,42,-826999195,1d33357193861773acfd78f0a4924c9539ad5043,7,541002691284156074207244,541002.691284156074
2026-02-01,43,2009498538,8f1b2d1a2d1cfb1128182eefebb0e741034a5940,7,400310333585367067541506,400310.333585367068
2026-02-01,44,1967056557,5ee8c81d68bcb66d060246d18b8274992674afc2,7,120097340000000000000000,120097.340000000000
2026-02-01,45,-176294238,bfda621a26dd2aded5b27eb3a2c9fa54ea5f6936,7,200121937318098745164,200.1219373180987452
2026-02-01,46,-161278291,1111027d75220d6b59a7147e12c3039372b6ba4a,7,150000000000000000000,150.0000000000000000
2026-02-01,47,-532717633,351574d133a0fb7f0e9491f4d11138d91deeef66,6,500000000049239223349806,500000.000049239223
2026-02-01,48,1887393842,eef2b441c6408dbbe65ef8afb5b982c9e5361071,6,344163506372738822121454,344163.506372738822
2026-02-01,49,1456883042,30f773d7bf7842c3d937e1a001e074af2e0401d3,6,327107163309979504320012,327107.163309979504
2026-02-01,50,1847037352,f9ae699810b6931fb7378e171038d66f81dc4023,6,200000000000000000000000,200000.000000000000
2026-02-01,51,-44058571,3f946f00a00eb2a66a4bd1aeaf137e05db6caec6,5,2727684000000000000000000,2727684.000000000000
2026-02-01,52,1390833807,f7a1cafa5f0c57bfddc0571a6f559582107f78af,5,780010000000000000000000,780010.000000000000
2026-02-01,53,-272973355,bab1aacca392c0afbf6eb519fc986fb12d7cb14c,5,420108900542098536657810,420108.900542098537
2026-02-01,54,1534150142,ba4838e098f21b09382717ea58b725e371c52615,5,203324556291000000000000,203324.556291000000
2026-02-01,55,2128719808,8d62cd9877df024118218fd2f9f588df5843b0ed,5,200154494841636387384087,200154.494841636387
2026-02-01,56,1534158025,e4451ce80616cfc18b339a85d2b02f2f13d3b802,5,199998000000000000000000,199998.000000000000
2026-02-01,57,-354265208,f3b28f6c9d6e758cdff225ed0f246923944312be,5,116198379665482648029097,116198.379665482648
2026-02-01,58,-603998307,b525075fc3f8bda3481fd5b1b1d4527ccdc428e8,5,73283030559550575203322,73283.030559550575
2026-02-01,59,-403870532,63ba406a430351a887db1db1e4f02398fc6e9f10,5,35611891170374064473544,35611.891170374064
2026-02-01,60,1500522318,745bdcc4004a8d594cb58213541170a3924e1106,5,14606000000000000000000,14606.000000000000
2026-02-01,61,-787416417,8ac341e89dc45d94976a871b12384a61d7cba011,5,8799327483680000000000,8799.3274836800000000
2026-02-01,62,-564829024,5167503b73a8695dd191c6c3916dccb1b3dd3dec,5,1969107940000000000000,1969.1079400000000000
2026-02-01,63,1890878135,76bdfe7fd87427b19626d244c496cfea221707d8,5,200000000000000000000,200.0000000000000000
2026-02-01,64,-637857169,69674867cc3ff1826994be126b6e700c054d5c6d,5,23185441672153352227,23.1854416721533522
2026-02-01,65,-632872370,7dcdc275700f4362ae9919b05ff07fa29d5dc2f1,5,10000000000000000000,10.0000000000000000
2026-02-01,66,-624680455,7d520ca42dbf26a1091924f32ec37499392f4492,5,10000000000000000000,10.0000000000000000
2026-02-01,67,-265040804,3c9870cdd46d0c28491a9cf52ad00012216e4b8d,5,10000000000000000000,10.0000000000000000
2026-02-01,68,-245285140,ad0f19ba6735cb7f6669a07b6600b5cc14ab9c3a,5,5000000000000000000,5.0000000000000000
2026-02-01,69,-843186413,cf0a12cbd8088fc5f84ad431e71787157041cd69,5,0,0E-36
2026-02-01,70,-690953343,83748bde10f03a8490f19918a4b129d9cb93eaa5,4,6000000700000000000000000,6000000.700000000000
2026-02-01,71,1561399284,fc88e456b3a5620e63a449ce429dccf2687cac26,4,201165524829355862194773,201165.524829355862
2026-02-01,72,818019601,72827c4311e0335b6149fbef8788cd82bb251fe5,4,126923391636563826097763,126923.391636563826
2026-02-01,73,1764601375,58edf78281334335effa23101bbe3371b6a36a51,4,105155289226820000000000,105155.289226820000
2026-02-01,74,1166864306,d3efed76c62da18e18c2ee339951530277e80c6e,4,100000000000000000000000,100000.000000000000
2026-02-01,75,-647416114,e36b597f5ffc3ed6be8e138f8172bbd7d065c990,4,50564964461314713197390,50564.964461314713
2026-02-01,76,716118432,63c7758b14545ff35186418729bfea18984e0d7d,4,14375000000000000000000,14375.000000000000
2026-02-01,77,-75204830,962935da59ba225e533f1c20fa8c90a70bd30b80,4,10000000000000000000000,10000.0000000000000000
2026-02-01,78,2073662732,7d57cf97ae356880fcc6bb25f635687e990dade8,4,10000000000000000000000,10000.0000000000000000
2026-02-01,79,-539738849,0021758395ee676dc0ba74e29f8aebbfb3c0e486,4,662000000000000000000,662.0000000000000000
2026-02-01,80,-8637939,dd3d72c53ff982ff59853da71158bf1538b3ceee,4,165820055360000000000,165.8200553600000000
2026-02-01,81,1901904933,1690842b72edd4fd754af6404291e70d8c439b31,4,150000000000000000000,150.0000000000000000
2026-02-01,82,-895996760,f4743df6be2fac0cc6b233a2020758aa572b1985,4,138000845334597223630,138.0008453345972236
2026-02-01,83,60828146,6e44c0efeca886b546bc2aa85118094b83b87297,4,100000000000000000000,100.0000000000000000
2026-02-01,84,-828499718,7035c168cfc9566eac030b426a1116136fad4ad9,4,100000000000000000000,100.0000000000000000
2026-02-01,85,1887287784,1c00881a4b935d58e769e7c85f5924b8175d1526,4,100000000000000000000,100.0000000000000000
2026-02-01,86,96609,8a64f5ec2e49b33b6e4c2b61bc868e1d3cec167d,4,100000000000000000000,100.0000000000000000
2026-02-01,87,714810843,82e7aabaf30066da0c3723e4ada8fc4cf85df72a,4,10000000000000000000,10.0000000000000000
2026-02-01,88,-233032801,a87abc246305360e2a904d0ddeea209c24360e59,4,10000000000000000000,10.0000000000000000
2026-02-01,89,1067358117,f8a73dc669381d936e636a580cfdb090a8187486,4,10000000000000000000,10.0000000000000000
2026-02-01,90,1965386020,72ab85f00f760226395900c9b4b087db8b735017,4,10000000000000000000,10.0000000000000000
2026-02-01,91,1145954013,7aaf6b8506f030f0dac415d03c87e89dc891eeed,4,10000000000000000000,10.0000000000000000
2026-02-01,92,2070668692,2d4845cfcbf88cd6d49f21beb73d16dac043bc68,4,1000000000000000000,1.00000000000000000000
2026-02-01,93,-800955173,09e4d69a0330098064288d5d6a23ebe8bfc1a097,4,1000000000000000000,1.00000000000000000000
2026-02-01,94,1914429476,c938b31abc64c6a9479aeb6864d27c27e0fa90ae,4,1000000000000000000,1.00000000000000000000
2026-02-01,95,2019432092,1f6a1cd06fa93ea1854facf14d9cc1c70cad6c6c,4,8210000000000000,0.00821000000000000000
2026-02-01,96,-402614242,1337c163a5d5b60618ffceaf3a7f2130e607f39b,4,0,0E-36
2026-02-01,97,-352901898,a4a1ae640df6625d28aa87740a32bff7e15437e1,3,2696474109373760889746678,2696474.109373760890
2026-02-01,98,-607341344,815f5bb257e88b67216a344c7c83a3ea4ee74748,3,2111112193377276851082829,2111112.193377276851
2026-02-01,99,-746528677,352f3a205a117763ec2dc3351122a2c540b473be,3,696385850967111934100987,696385.850967111934
2026-02-01,100,1795461523,d3da353aa7567a4e01b46c10c962d3858683c866,3,600000000000000000000000,600000.000000000000
2026-03-01,1,-698295113,ad6752e44b90f0dde02e80ee9d1624adb3c90008,153,1545300000000000,0.00154530000000000000
2026-03-01,2,1884030996,f70da97812cb96acdf810712aa562db8dfa3dbef,88,64816391777678054147816,64816.391777678054
2026-03-01,3,-787413471,dcb951829f6961b5679674947e265c3e8ad5b67e,67,34670020904603539,0.03467002090460353900
2026-03-01,4,-381069639,4865d4bcf4ab92e1c9ba5011560e7d4c36f54106,62,2364894757445000000000000,2364894.757445000000
2026-03-01,5,-746421475,f8906babc3b1a70639e46748f7c44d1feb516f13,54,17393939778741641,0.01739393977874164100
2026-03-01,6,-769354216,e7c11661532718c1dfb2c785e95900503b0ce7e3,52,33410994768921155,0.03341099476892115500
2026-03-01,7,-752789825,8193c238fc9021cb0be9b4d137ddc66b6ac3394d,52,31029606635818148,0.03102960663581814800
2026-03-01,8,-787390282,39bb4e23d436a53f71916fa8e5942e93853ca6b8,50,27796859276797254,0.02779685927679725400
2026-03-01,9,-750361908,9cc31ae18cbc3db0bbee90f06d51a2ad29eedab5,50,17985449831169010,0.01798544983116901000
2026-03-01,10,-750505580,582ff3b74b22e9f4749cd577777198367bd69404,48,23835869035538584,0.02383586903553858400
2026-03-01,11,-752564820,9bfd0ff90860da24fd63db31fec6c3475ade08b8,45,21550685562523234,0.02155068556252323400
2026-03-01,12,779989060,28c6c06298d514db089934071355e5743bf21d60,40,1386620201582530000000000,1386620.201582530000
2026-03-01,13,-787392063,e5f3063323b6fbd6cafaf3293c392c5374f8c61c,35,334128988130940000000000,334128.988130940000
2026-03-01,14,-856013244,ad11109039f5f2c954db600c03ba0ef25e5fe9bd,29,95599000000000000,0.09559900000000000000
2026-03-01,15,780100773,21a31ee1afc51d94c2efccaa2092ad1028285549,28,1419585909967080000000000,1419585.909967080000
2026-03-01,16,816889289,dfd5293d8e347dfe59e90efd55b2956a1343963d,28,385989741857140000000000,385989.741857140000
2026-03-01,17,-564829024,5167503b73a8695dd191c6c3916dccb1b3dd3dec,25,17848896938000000000000,17848.896938000000
2026-03-01,18,1805763895,a03400e098f4421b34a3a44a1b4e571419517687,22,1283013984759940000000000,1283013.984759940000
2026-03-01,19,-113746573,2d87d0a24a111ce746fd07f6e79eab7a8b4256d8,21,21320040000000000000,21.3200400000000000
2026-03-01,20,-967367737,76fbd7016f8d0810b5c74c186637a9b1ff2752e7,21,370531069899954754,0.37053106989995475400
2026-03-01,21,618341465,8e3e13554ad5a10b224f9021d77bee8ecc217c26,19,635810000000000000000,635.8100000000000000
2026-03-01,22,86372871,0d0707963952f2fba59dd06f2b425ace40b492fe,18,267762928318950000000000,267762.928318950000
2026-03-01,23,2073796322,9642b23ed1e01df1092b92641051881a322f5d4e,18,60922468868970000000000,60922.468868970000
2026-03-01,24,1861713724,1ab4973a48dc892cd9971ece8e01dcc7688f8f23,16,153400706178690000000000,153400.706178690000
2026-03-01,25,-657145746,68dd88f002b7d855868dfd10c49e734ee85feb66,16,16000000000000000,0.01600000000000000000
2026-03-01,26,-787540031,054a35052b5e4d3b6e581cf3119ce3d36b52fd07,12,12613660259430000000000,12613.660259430000
2026-03-01,27,-936902227,4b555f84dec88166d3b2c4c765d72ffc9c486c53,10,9500000000000000000,9.5000000000000000
2026-03-01,28,-936892105,738fbf67092a8855d5d00f4c66f563482bd125b4,10,9500000000000000000,9.5000000000000000
2026-03-01,29,-936876841,37255f78c63cfb2b94d30480381e2975f09ffe1d,10,9500000000000000000,9.5000000000000000
2026-03-01,30,-936875197,91f91fe6f560cf82a3d12d5302b80d08c11cd4bb,10,9500000000000000000,9.5000000000000000
2026-03-01,31,-936870078,fc65fe325f07a090018c379f5ceb8b46bbf6adf0,10,9500000000000000000,9.5000000000000000
2026-03-01,32,-936867308,ca8d1c7d110ab6e2b2adb41340318d70f76fc312,10,9500000000000000000,9.5000000000000000
2026-03-01,33,-936911457,ca36d6b7f230b7b8d8386cd0287d6276d71854de,10,9500000000000000000,9.5000000000000000
2026-03-01,34,-936909309,ec1f45c7bfa5880dacd08630652bebf71c4fba12,10,9500000000000000000,9.5000000000000000
2026-03-01,35,-936901848,0e8ff6f82beac941b0e97248cbddc1cacca6f66a,10,9500000000000000000,9.5000000000000000
2026-03-01,36,-130896210,d53df2d5eb9ed4fd5e346867d57ea1ed62661e5c,7,94500000000000000000,94.5000000000000000
2026-03-01,37,-8124136,5ff998c628d600c319c1334b9e05c5129dad1a34,6,19392783015350000000000,19392.783015350000
2026-03-01,38,-936902268,9e49c837b11443f98e95cedabc22921bf28a1703,6,5700000000000000000,5.7000000000000000
2026-03-01,39,91138,167a9333bf582556f35bd4d16a7e80e191aa6476,5,810930672560000000000,810.9306725600000000
2026-03-01,40,-993265732,2229ae06a149e4c4554122e57471a1049d1cfbce,5,4750000000000000000,4.7500000000000000
2026-03-01,41,-988505732,7d595f6ceaaddba1d043f9f88c05fe8b0634e225,5,4750000000000000000,4.7500000000000000
2026-03-01,42,-988405394,6a3193e5473976e8615d60b7b6b6797ec0f5f75c,5,4750000000000000000,4.7500000000000000
2026-03-01,43,-988353578,27c3d6f0cdd49d0bae51aa920b5aa0c849f83a36,5,4750000000000000000,4.7500000000000000
2026-03-01,44,-988358090,326e4e34b3daeab891a777b125de2f0f3fe71c19,5,4750000000000000000,4.7500000000000000
2026-03-01,45,-988372741,765819a46ae403e8707675e8039368959ae352cc,5,4750000000000000000,4.7500000000000000
2026-03-01,46,-951918450,5d31b9fdd6cfd49a977798d1ca761bc1a9e6ef3a,5,13146738000000000,0.01314673800000000000
2026-03-01,47,1772235070,0695396ac1bc01a6a940b4b13459ce9210ad9ed7,4,50000000000000000000000,50000.000000000000
2026-03-01,48,-607915354,089fa9741628c1a4576f5ba47e02d1180b581e36,4,20000000000000000000000,20000.000000000000
2026-03-01,49,-203580112,1e83a9e8b8dc73faa2db4e8330dc5a768da3ba37,4,1311000000000000000000,1311.0000000000000000
2026-03-01,50,-8637939,dd3d72c53ff982ff59853da71158bf1538b3ceee,4,35141366080000000000,35.1413660800000000
2026-03-01,51,1078589671,d508c555c8349ae273c1da1fad738e9b66950d4b,4,1000000000000000000,1.00000000000000000000
2026-03-01,52,1132970442,225c63381cb487f64aa1fc37a59baa3228d6d4ef,4,1000000000000000000,1.00000000000000000000
2026-03-01,53,-677088600,d8b354df995ecadf48128851786725101033a568,4,0,0E-36
2026-03-01,54,-896489234,75bfd7bbd5bc1b0196a80c704a40afcbe3051a1b,3,1151511302937768162476320,1151511.302937768162
2026-03-01,55,1569406658,0c883bacaf927076c702fd580505275be44fb63e,3,1000000000000000000000000,1000000.000000000000
2026-03-01,56,-800977018,cf1162a73b17507709ac91c3d2f110cab33a4486,3,500000000000000000000000,500000.000000000000
2026-03-01,57,-749402723,f69dcf2f1345c38b3bd4615e5974fc92ff2a20e4,3,370000000000000000000000,370000.000000000000
2026-03-01,58,747970928,28c01b64f2492d82fd58feecf8c71603c769bb4a,3,300776266346000000000000,300776.266346000000
2026-03-01,59,-118743904,887fd380c1e4cc28e119917015fe7fb0062c5d67,3,300000000000000000000000,300000.000000000000
2026-03-01,60,1654111660,4e8f8b13d07abe0dbd49d613f97b45cc45ec40e2,3,256030817109168344511584,256030.817109168345
2026-03-01,61,1914530488,7dde9b0b90daaded81b2f362b36e85e4aed44175,3,207598101372023698199296,207598.101372023698
2026-03-01,62,-779304218,4bb9a3e79a7d87bf710bfc1a0e19c3d80e4909b4,3,169000000000000000000000,169000.000000000000
2026-03-01,63,-909340023,e9a8e03d42dae54bcf1fce40f5071e8f5f9c3e33,3,144815477005813460152849,144815.477005813460
2026-03-01,64,-51994050,30d89c919fd6c3b1fa82eb388eed5ddd8d94b51c,3,140012864775964228174102,140012.864775964228
2026-03-01,65,-958958461,f3e55c582d35b09b160ece906f4d2d2a0fd82063,3,130610683423099719715339,130610.683423099720
2026-03-01,66,-356261976,120f86d336201459e4bf72381f57adc7f3dc4979,3,125877488222081000000000,125877.488222081000
2026-03-01,67,1906043771,a7a71e78128f6e3f6db404ec47806e472f280ef8,3,101234508953758825133747,101234.508953758825
2026-03-01,68,1796668327,851cad3e0b90c2535725ecefccdfeeb7996b9414,3,99702158064866914829631,99702.158064866915
2026-03-01,69,1920913730,265043c03fb2ee255e10ac5deb2b36f38d8d81c8,3,50000000000000000000000,50000.000000000000
2026-03-01,70,1126088954,2127935ee7e5334d92f91748cf5d2c801b3cc554,3,40000000000000000000000,40000.000000000000
2026-03-01,71,-831274036,4cd98d9721b22933d56cd6f7f597c239e29a701f,3,29994000015518000000000,29994.000015518000
2026-03-01,72,-431799306,284a356c339f28aa6a87f8018c36ccb59fcab2fa,3,22500000000000000000000,22500.000000000000
2026-03-01,73,2100380378,2e1ae54224ceb7b01c0bf82c8134bf68febb8947,3,14000000000000000000000,14000.000000000000
2026-03-01,74,1447841675,51bc708e8d6229286c59a759dbc3da3c9e5f681d,3,10000000000000000000000,10000.0000000000000000
2026-03-01,75,-766692329,fb6b786ddc92e44db67d37bd5b8aeb974d5576d2,3,10000000000000000000000,10000.0000000000000000
2026-03-01,76,-185474433,1d0c29583656ded5a332d93b3366fa1e05116d2b,3,9000000000000000000000,9000.0000000000000000
2026-03-01,77,-366210719,2a4eb31f71879a8b1850d232265c3dadbade2207,3,2673000000000000000000,2673.0000000000000000
2026-03-01,78,1712245736,6d0d19bdddc5ed1dd501430c9621dd37ebd9062d,3,1068265870090000000000,1068.2658700900000000
2026-03-01,79,-373160514,9353c8cda3e7513961e0fab3e722395dc127b454,3,1000000000000000000000,1000.0000000000000000
2026-03-01,80,-600902869,42842b06467b159d950469e7ee1dbc4110f3cc16,3,1000000000000000000000,1000.0000000000000000
2026-03-01,81,-967255883,336f951f9226dbcb1d6b9368614b12879a2bb897,3,199999999999991611392,199.9999999999916114
2026-03-01,82,1380399547,77021d475e36b3ab1921a0e3a8380f069d3263de,3,114982050000000000000,114.9820500000000000
2026-03-01,83,-281762723,7d38d99b555d20c7b43aaed69a05d16312765889,3,100000000000000000000,100.0000000000000000
2026-03-01,84,-867934655,73a106345cd931367197dd7327c8a996ae8f411b,3,25100000000000000000,25.1000000000000000
2026-03-01,85,1280637006,3178490d60b5cceaa5a79fd4d9050c7405bab80c,3,20000000000000000000,20.0000000000000000
2026-03-01,86,-620201850,1d0b7a23b1ccf220675ed77ad1c239cb01d8255f,3,10000000000000000000,10.0000000000000000
2026-03-01,87,1866287049,9f90b6e512beb953ade144ccc03065b4aa18b7d4,3,10000000000000000000,10.0000000000000000
2026-03-01,88,2070668692,2d4845cfcbf88cd6d49f21beb73d16dac043bc68,3,5000000000000000000,5.0000000000000000
2026-03-01,89,-216915749,e6e7023bc900f2d40b749ba87c79ce964df7118a,3,238400000000000000,0.23840000000000000000
2026-03-01,90,-925631214,5d3a3c7c52dd32e626364706ba8b20e81a52ef34,3,8605550000000000,0.00860555000000000000
2026-03-01,91,1977693099,cdee4d129b46168739f38e2333a9e0af7ece6ecb,3,0,0E-36
2026-03-01,92,-887344278,aa8e6b5e0fb2111805d476d578016a7ac095b7b9,2,1562002410788882737269970,1562002.410788882737
2026-03-01,93,2018492739,9c25ed183becc534bf94a3a4d937f43b716b73ee,2,242666851701000000000000,242666.851701000000
2026-03-01,94,-601011243,5acf29b77ded777ea5c6366d125a2e8ca6ccd6fa,2,156454960873776516329654,156454.960873776516
2026-03-01,95,2022778897,166ce42df5f4baa94abc5b62c60dab1b3c73d2a3,2,122000000000000000000000,122000.000000000000
2026-03-01,96,-695521140,82ef860391faea5facaa60d2d816bedb59796470,2,38998000000000000000000,38998.000000000000
2026-03-01,97,-576458111,0ab7725d6634ede85b569c4521a9aebbd6565d2d,2,34070648902167041283642,34070.648902167041
2026-03-01,98,-926512355,5d8043a06c0e1ae4340344b7cb435ac7a6ee91e2,2,11067458379483241434952,11067.458379483241
2026-03-01,99,2011958183,5ebe5223831523823528ef0a7edf67d288b1b070,2,9652377534335462434390,9652.3775343354624344
2026-03-01,100,1500522318,745bdcc4004a8d594cb58213541170a3924e1106,2,3178587664700322805000,3178.5876647003228050
2026-04-01,1,1884030996,f70da97812cb96acdf810712aa562db8dfa3dbef,75,66291262290931665201089,66291.262290931665
2026-04-01,2,-698295113,ad6752e44b90f0dde02e80ee9d1624adb3c90008,60,606000000000000,0.00060600000000000000
2026-04-01,3,-381069639,4865d4bcf4ab92e1c9ba5011560e7d4c36f54106,43,9859178563886000000000000,9859178.563886000000
2026-04-01,4,779989060,28c6c06298d514db089934071355e5743bf21d60,32,3228823200559290000000000,3228823.200559290000
2026-04-01,5,780100773,21a31ee1afc51d94c2efccaa2092ad1028285549,32,3082252575873470000000000,3082252.575873470000
2026-04-01,6,816889289,dfd5293d8e347dfe59e90efd55b2956a1343963d,31,5638947223813880000000000,5638947.223813880000
2026-04-01,7,-787392063,e5f3063323b6fbd6cafaf3293c392c5374f8c61c,18,312762745940410000000000,312762.745940410000
2026-04-01,8,1861713724,1ab4973a48dc892cd9971ece8e01dcc7688f8f23,18,233241876393430000000000,233241.876393430000
2026-04-01,9,1805763895,a03400e098f4421b34a3a44a1b4e571419517687,17,1425149851846770000000000,1425149.851846770000
2026-04-01,10,-564829024,5167503b73a8695dd191c6c3916dccb1b3dd3dec,16,74638443365000000000000,74638.443365000000
2026-04-01,11,-856013244,ad11109039f5f2c954db600c03ba0ef25e5fe9bd,16,70792000000000000,0.07079200000000000000
2026-04-01,12,2073796322,9642b23ed1e01df1092b92641051881a322f5d4e,12,98973235350100000000000,98973.235350100000
2026-04-01,13,-8124136,5ff998c628d600c319c1334b9e05c5129dad1a34,10,1854932267140000000000,1854.9322671400000000
2026-04-01,14,-601011243,5acf29b77ded777ea5c6366d125a2e8ca6ccd6fa,9,168107338524810000000000,168107.338524810000
2026-04-01,15,-787540031,054a35052b5e4d3b6e581cf3119ce3d36b52fd07,7,12522498195610000000000,12522.498195610000
2026-04-01,16,-833781380,57d542571481a1b3081e9d7a3f03fa28bda452ee,6,210100320094495240376183,210100.320094495240
2026-04-01,17,86372871,0d0707963952f2fba59dd06f2b425ace40b492fe,6,109280329592770000000000,109280.329592770000
2026-04-01,18,-828455694,5ed1ef4ab13ab3d929a5178b4c1f24fa09fe53bb,5,105903039193927265159421,105903.039193927265
2026-04-01,19,1380399547,77021d475e36b3ab1921a0e3a8380f069d3263de,5,595178022000000000000,595.1780220000000000
2026-04-01,20,-130896210,d53df2d5eb9ed4fd5e346867d57ea1ed62661e5c,5,71628203596005727515,71.6282035960057275
2026-04-01,21,-1016769448,7732240f4c7b98ae4e12da3033b1266052528630,5,2400000000000000000,2.4000000000000000
2026-04-01,22,-1078729338,80f776e20a51fc9f9b52686d518a3695a8d41e91,5,2400000000000000000,2.4000000000000000
2026-04-01,23,-1078719988,933cd3d4473e9760b6f53c1d1320ddd2acc4faa3,5,2400000000000000000,2.4000000000000000
2026-04-01,24,-1078738386,d0fe229bb21ee095c9c5a83c0b60368faf3a6a57,5,2400000000000000000,2.4000000000000000
2026-04-01,25,-1074643142,fec2af8ea6928e7feae9022ff86270b9cc6c514c,5,2400000000000000000,2.4000000000000000
2026-04-01,26,-1015951842,924ad8910a27dfad5a1a7d1e0b6d97eee0f52508,5,2400000000000000000,2.4000000000000000
2026-04-01,27,-1016032429,66d03947489a52be67cc93272e20fec13b238153,5,2400000000000000000,2.4000000000000000
2026-04-01,28,-1016203639,86921a5a7dd46a0e4228593ae856ccd5dd02535c,5,2400000000000000000,2.4000000000000000
2026-04-01,29,-1016251362,09d7f1cfa2fe6375776112ae0de99b428053747e,5,2400000000000000000,2.4000000000000000
2026-04-01,30,-1016294113,6c69d50d5dcff60b49d55df7d0cd23dc78433f10,5,2400000000000000000,2.4000000000000000
2026-04-01,31,-1016312789,a39c21d06890e3b131d36808fa1af97d91543f52,5,2400000000000000000,2.4000000000000000
2026-04-01,32,-1078725613,e05aaa26df89614cba83af3a648ace53ed0e2a19,5,2400000000000000000,2.4000000000000000
2026-04-01,33,-1016719482,9a741543f316d0bb9237f35374d76312332fd0ff,5,2400000000000000000,2.4000000000000000
2026-04-01,34,-1016760105,69f3d573826a230f2c34065079cd1c99903263a1,5,2400000000000000000,2.4000000000000000
2026-04-01,35,-597393443,502d222e8e4daef69032f55f0c1a999effd78fb3,4,8168000000000381759419572,8168000.000000381759
2026-04-01,36,-754618173,8b41013f5f0e23f5444d4a7927da0e567f50cdd7,4,2958270724616386271113144,2958270.724616386271
2026-04-01,37,1026238776,01b0d1dd8302374403b5f6697bb4f5992f1c75a3,4,272401350141225576320553,272401.350141225576
2026-04-01,38,-600079330,91aeddc4ab91a90aa1aa1ae94a5ad9a869295aff,4,220823177167000000000000,220823.177167000000
2026-04-01,39,-645769575,e4b78f12ee05fa325fe5340d52856206cc271e03,4,112506000050995889978800,112506.000050995890
2026-04-01,40,91138,167a9333bf582556f35bd4d16a7e80e191aa6476,4,75845546410000000000,75.8455464100000000
2026-04-01,41,1207193793,46db0650645f7c9a29783c89171a62240ccc35cf,4,10000000000000000000,10.0000000000000000
2026-04-01,42,-1074658021,6fb2903ad81ba4cfdd8d670479578cb924915451,4,1920000000000000000,1.9200000000000000
2026-04-01,43,1883895972,f76aec346d25d6e4279251634cecc4a11c79caaa,4,0,0E-36
2026-04-01,44,1860316527,754901b2fb44485f8c79ff0ff6f23c83eae4cc1a,3,5003212863203236388667396,5003212.863203236389
2026-04-01,45,-803573104,5732b9f8c80a8fa48879bbfd0f51344e94fc532c,3,4911552767816093595731101,4911552.767816093596
2026-04-01,46,-1041489929,88cb93e1015108f75dd6ac29a7f2f3ecb8f0204d,3,2501005300125151369185352,2501005.300125151369
2026-04-01,47,1389700621,8e3ff5639aec60121a3a627bf50f4aac31ff21fc,3,1277785246810723582181310,1277785.246810723582
2026-04-01,48,1550153471,7fe4b2632f5ae6d930677d662af26bc0a06672b3,3,1233000000000000000000000,1233000.000000000000
2026-04-01,49,1915994203,6a1b3cb57a6bb61fdcf3e8b9f88465a378fd5c39,3,1001985933594944783642529,1001985.933594944784
2026-04-01,50,1797788342,b729dbf1b0dce96ed77453e5f2c6b49525ae7929,3,1001899506651813631791577,1001899.506651813632
2026-04-01,51,-1036664029,256bac1ba917140a77322a32f2ca9470a5c095e0,3,1001057187904713276942344,1001057.187904713277
2026-04-01,52,-1071797199,94d6942ae7cca45b5c54baad6620c8c4af61e7f2,3,1000710250855775586897014,1000710.250855775587
2026-04-01,53,-415680252,4f900024c8cf3dec13db7eb0519f720b996d7476,3,1000000000000000000000000,1000000.000000000000
2026-04-01,54,-110453540,f83bcdd35dbe0cd43b9989fed6ea690914451eea,3,905227228626140000000000,905227.228626140000
2026-04-01,55,1522506456,8708d4e0d37402a89f8c5836878c86ae33543ba0,3,602545828376180638305559,602545.828376180638
2026-04-01,56,-1034016537,9a9ab237bcbacf4dabbc22716e9502dcc2802f59,3,563598665212883012138098,563598.665212883012
2026-04-01,57,-933611146,4b6b0e13b97d77c900f42352105cf6ac6c319d47,3,500786352218428962080738,500786.352218428962
2026-04-01,58,-140479294,5be28cf3fb3f034858b34c5557564a9077c2ddd0,3,500760100000000000000000,500760.100000000000
2026-04-01,59,1673179015,df9e6beac070699b262df28bb7b0bcd7eff33d95,3,472742963879575007254515,472742.963879575007
2026-04-01,60,-324877833,81377b59e1c115ac63b21067b589266cdd5ffbd1,3,420321546791189349113896,420321.546791189349
2026-04-01,61,274484576,1b72bac3772050fdcaf468cce7e20deb3cb02d89,3,405960715512109897346280,405960.715512109897
2026-04-01,62,-581897071,bf5ea50bf6b434952d93f16591a089deac7fec0b,3,395301651295440000000000,395301.651295440000
2026-04-01,63,-678335838,2535783eec3cab574725aa19fe22d15a8db26838,3,365419000000000000000000,365419.000000000000
2026-04-01,64,-940812181,5fa5053e50046b01035c35c381ef01d023a1f67b,3,355754000000230000000000,355754.000000230000
2026-04-01,65,-535880033,2f0cd1755841a8f1c1889690490714dee481d156,3,350193181000000000000000,350193.181000000000
2026-04-01,66,-940780339,13859f929be1f9c0443b2f6214fdf24b77c23b40,3,340391000000000000000000,340391.000000000000
2026-04-01,67,1320764406,d49417f37ced33aba35ddabf208d5bfcd87b4ebe,3,300599000000000000000000,300599.000000000000
2026-04-01,68,-784569312,36f36527d3e7f1236fd92a836aab9d3fbc9b3659,3,225000000000439755713256,225000.000000439756
2026-04-01,69,-637811691,b2e0a660ea47119bd1f5ffbed83f5932375d0622,3,200028459591506321397656,200028.459591506321
2026-04-01,70,1803730778,ff43c5727fbfc31cb96e605dfd7546eb8862064c,3,200000000000000000000000,200000.000000000000
2026-04-01,71,-87242508,5de1b7f14de50ed6e430ea144eed8bc9d0bbb30c,3,168130358336539262761315,168130.358336539263
2026-04-01,72,-940801092,2cabc076b9411f24655dc620799b128c6847f05e,3,151513000000000000000000,151513.000000000000
2026-04-01,73,-903825945,f1d02c127cc753cec3f771763af28bef392172b7,3,141848000000000000000000,141848.000000000000
2026-04-01,74,-896882632,6eaddd09516cfd509290f7c78c2850f0bceadee9,3,120402697185616570354502,120402.697185616570
2026-04-01,75,-239623039,0597f9299bbd40a8031df82455c5238c22938638,3,119998000000000000000000,119998.000000000000
2026-04-01,76,-189821822,9877e9cad659c5cba6295b063a3d0faa0ce87f42,3,119198002002079000000000,119198.002002079000
2026-04-01,77,1475811761,9adb65df1938867dee1fd09607ae596cabb54a94,3,103254946759938339456852,103254.946759938339
2026-04-01,78,1984187126,d4897bf356ed15528cbfdb386228f65ea90a01a3,3,101458433779560162297655,101458.433779560162
2026-04-01,79,847478575,5db201ae15f9702f0a0ff9f00b8c1c18355373d0,3,100004084281697074645000,100004.084281697075
2026-04-01,80,-432618367,68e7e72938db36a5cbbca7b52c71dbbaadfb8264,3,100000000000000000000000,100000.000000000000
2026-04-01,81,1164809141,239c756f5f26cef33e35bf9d5ca985522ae515d9,3,100000000000000000000000,100000.000000000000
2026-04-01,82,-327554992,aac02f6989c0ef2cd5ed5402047ce4024162060d,3,70272187765810093300268,70272.187765810093
2026-04-01,83,1395268509,954054abdbdead4f4bc6d857fb6925fbd744437e,3,42490000000000000000000,42490.000000000000
2026-04-01,84,2058979180,f341b91b0b8f43fa7093c582ef4782ecf517ad1d,3,3969013943411000000000,3969.0139434110000000
2026-04-01,85,1820237703,8fca4ade3a517133ff23ca55cdaea29c78c990b8,3,281523904500000000000,281.5239045000000000
2026-04-01,86,1115475913,7199ac8636ffcba1af3d21c10eb8a23c5b4930aa,3,102487705110000000000,102.4877051100000000
2026-04-01,87,-343645317,c6de88d5a438678bf948fd2d7a38977c6c5dcf08,3,100000000000000000000,100.0000000000000000
2026-04-01,88,-938280118,bd47fcb68c0e7f395e94822529e6412731acbd13,3,100000000000000000000,100.0000000000000000
2026-04-01,89,-350543009,159431e234fe731f9c50f40ce9dc533966fa842e,3,100000000000000000000,100.0000000000000000
2026-04-01,90,-416542875,de0ea31b4084b428ca85205a5e6dbaf16818d253,3,10000000000000000000,10.0000000000000000
2026-04-01,91,-771635440,b98909dd9cf5a95fe7079ee5bb4698cdad72b05e,3,10000000000000000000,10.0000000000000000
2026-04-01,92,-765908828,7eb565e2efe7fc7fd9e896c5ec83fad892189925,3,10000000000000000000,10.0000000000000000
2026-04-01,93,-628090991,848f45882063bac092ebdaaae1fad23907a3a9c2,3,10000000000000000000,10.0000000000000000
2026-04-01,94,-986513169,9f763729c7d713f7a79810c9790c7656dbeb7dac,3,2000000000000000000,2.0000000000000000
2026-04-01,95,1965469327,fdaf23c6d37caa0119e706599144be694f003480,3,1000000000000000000,1.00000000000000000000
2026-04-01,96,-375067799,645e0dbdb5fc2594b8913d7d7c627afe250ab550,3,0,0E-36
2026-04-01,97,1045933668,3f59dc1724c5568cd742d784f8580077159daf50,3,0,0E-36
2026-04-01,98,-637857169,69674867cc3ff1826994be126b6e700c054d5c6d,3,0,0E-36
2026-04-01,99,497816519,b4fb31e7b1471a8e52dd1e962a281a732ead59c1,2,5000000000000000000000000,5000000.000000000000
2026-04-01,100,-857186113,1e75a0dcd6da47d6ef1cf51e53974a07d3b6dfcf,2,3116875352085690716930257,3116875.352085690717
2026-05-01,1,1884030996,f70da97812cb96acdf810712aa562db8dfa3dbef,169,57995107477978775104767,57995.107477978775
2026-05-01,2,-381069639,4865d4bcf4ab92e1c9ba5011560e7d4c36f54106,57,4947344739123000000000000,4947344.739123000000
2026-05-01,3,779989060,28c6c06298d514db089934071355e5743bf21d60,27,10012312638154250000000000,10012312.638154250000
2026-05-01,4,780100773,21a31ee1afc51d94c2efccaa2092ad1028285549,16,372935978975800000000000,372935.978975800000
2026-05-01,5,-564829024,5167503b73a8695dd191c6c3916dccb1b3dd3dec,16,108123359509000000000000,108123.359509000000
2026-05-01,6,-787392063,e5f3063323b6fbd6cafaf3293c392c5374f8c61c,16,9029269441390000000000,9029.2694413900000000
2026-05-01,7,816889289,dfd5293d8e347dfe59e90efd55b2956a1343963d,11,134572496084970000000000,134572.496084970000
2026-05-01,8,1805763895,a03400e098f4421b34a3a44a1b4e571419517687,10,379484088991170000000000,379484.088991170000
2026-05-01,9,1861713724,1ab4973a48dc892cd9971ece8e01dcc7688f8f23,10,99543582263000000000000,99543.582263000000
2026-05-01,10,1380399547,77021d475e36b3ab1921a0e3a8380f069d3263de,8,2041981382157000000000000,2041981.382157000000
2026-05-01,11,-222749878,3e756be298ea913947525b0b0babcd0b09e3e708,8,199999169447078097560685,199999.169447078098
2026-05-01,12,2073796322,9642b23ed1e01df1092b92641051881a322f5d4e,8,188785791663930000000000,188785.791663930000
2026-05-01,13,-787416417,8ac341e89dc45d94976a871b12384a61d7cba011,7,0,0E-36
2026-05-01,14,882940793,f89d7b9c864f589bbf53a82105107622b35eaa40,6,1239566826681000000000000,1239566.826681000000
2026-05-01,15,-828455694,5ed1ef4ab13ab3d929a5178b4c1f24fa09fe53bb,6,218837932396000000000000,218837.932396000000
2026-05-01,16,-841664112,77b8d80755406a7cc3b2787fd1272e5410214edb,5,89991469463679000000000,89991.469463679000
2026-05-01,17,2049137419,109e8d93943e519e1ef75335a1757e05b71a2e9a,5,70000000000000000000000,70000.000000000000
2026-05-01,18,-787360860,58c43b51285570449115c89e71da1be330983ade,5,0,0E-36
2026-05-01,19,-451533538,f18964642ad8183df3e65fb523bcc22d1afd61c6,5,0,0E-36
2026-05-01,20,1984319186,6025ad293fcfda90c2d152a3c120a472441a3693,4,1500000000000000000000000,1500000.000000000000
2026-05-01,21,-8124136,5ff998c628d600c319c1334b9e05c5129dad1a34,4,3186748679780000000000,3186.7486797800000000
2026-05-01,22,1962229729,a52555c9270b3f4ff10925d20d0284b3472a6e97,4,1534670000000000000000,1534.6700000000000000
2026-05-01,23,-212842646,f5bdaba5ead123a71ea670e60473a7da345c54e3,3,999498971594821414743860,999498.971594821415
2026-05-01,24,86372871,0d0707963952f2fba59dd06f2b425ace40b492fe,3,170308836614910000000000,170308.836614910000
2026-05-01,25,1914212488,15b406194bfc09a92a3fadc40e7091f61ad07c4c,3,74998218283174362997980,74998.218283174363
2026-05-01,26,-8637939,dd3d72c53ff982ff59853da71158bf1538b3ceee,3,51111652115360000000000,51111.652115360000
2026-05-01,27,-1024605597,035422691f33758f820fd61a20233ef8e73ae8e4,3,18084202756000000000000,18084.202756000000
2026-05-01,28,-782070773,b0f8c20b849886cad270d705acc39739c0683f64,3,8107376438980191075605,8107.3764389801910756
2026-05-01,29,-1024778175,9d0d6ed5f7f93056b982037ba3d5cc32ef4a1a0c,3,7222471526000000000000,7222.4715260000000000
2026-05-01,30,-1024811322,ea56adfef83f86f98b7524061a0ddcd359f4fe75,3,5487285275000000000000,5487.2852750000000000
2026-05-01,31,-654736045,92f5942fe6832ad5d578cdbe99d2c5028363eec5,3,100000000000000000000,100.0000000000000000
2026-05-01,32,-1104996956,fa6b87cd4ae573930078bee0f3fb74b1bd15c821,3,10001195288353233016,10.0011952883532330
2026-05-01,33,-448963369,a86582ee31a4df93d032d5b62c94a815f4661138,3,3000000000000000000,3.0000000000000000
2026-05-01,34,-1060360515,f16e1061c62c913bc3246e7889876ed0f05af0d6,3,227254456841000000,0.22725445684100000000
2026-05-01,35,-31503558,2402350e9844204690bbc5a889ad56872868f465,3,0,0E-36
2026-05-01,36,1602235915,a7db55e153c0c71ff35432a9abe2a853f886ce0d,3,0,0E-36
2026-05-01,37,1059177915,59a661f1c909ca13ba3e9114bfdd81e5a420705d,2,10000000000000000000000000,10000000.000000000000
2026-05-01,38,-1042666227,7b1054f56374178550a0d121635d155e83acd18f,2,8901749703200000000000000,8901749.703200000000
2026-05-01,39,-573209523,a427def3f920f718a89e5ab473c79c065ab10ef4,2,2000381806586681950443224,2000381.806586681950
2026-05-01,40,731614070,120680a60f98eae167f8a17667e877935fa2db90,2,500000000000000000000000,500000.000000000000
2026-05-01,41,1880529712,8f68f44a9b808bbe8cf39f421932cc94c379e24c,2,348435000000000000000000,348435.000000000000
2026-05-01,42,1460575158,62600c5936f82e6d241cadf731d656e36a62fe12,2,333333000000000000000000,333333.000000000000
2026-05-01,43,-34234838,82f12c7032ffebb69d3ed34e762c6903f1c599d6,2,320017781874872480057986,320017.781874872480
2026-05-01,44,-940780339,13859f929be1f9c0443b2f6214fdf24b77c23b40,2,260835000000910000000000,260835.000000910000
2026-05-01,45,-940812181,5fa5053e50046b01035c35c381ef01d023a1f67b,2,243558003558430000004600,243558.003558430000
2026-05-01,46,1313437859,9e8c69da57a2802375e974133dedf19a58de102e,2,199580008913436161249288,199580.008913436161
2026-05-01,47,1825044770,cae262f96e1872e01d09c7b3f90690f5ff14cd07,2,195338701015572907439503,195338.701015572907
2026-05-01,48,-1100863759,b4d8c5ff96e408bf5a4837b9840776271179e5ff,2,190134042297859970917313,190134.042297859971
2026-05-01,49,1280637006,3178490d60b5cceaa5a79fd4d9050c7405bab80c,2,177124437799901994977551,177124.437799901995
2026-05-01,50,905765495,52883b07aadb4a4df673f546d00065e2d923088f,2,116894660000000000000000,116894.660000000000
2026-05-01,51,-934615548,9182f85f604765d5b7bcf73dfc6fd0436560dc94,2,103756028718576187014105,103756.028718576187
2026-05-01,52,-934609877,c41478c997ac83bbe7849a54f75e3523096e7aba,2,100547151630260307244334,100547.151630260307
2026-05-01,53,1836967695,efc24206053a452e2299bf3b8f964512b041db4c,2,50000006000000000000000,50000.006000000000
2026-05-01,54,912438430,bc62b7e073f9a569c21e29868c4ce984117fed26,2,50000000000000000000000,50000.000000000000
2026-05-01,55,-313797793,b4e49173eb93891faf01d6a97d1a57694b5aaab5,2,49948250000000000000000,49948.250000000000
2026-05-01,56,-210538724,953d04e85d9d2de87fa4d95813c90f2cc6b031a5,2,48944452153416190944635,48944.452153416191
2026-05-01,57,-1012627284,b000dc1225a37bc244fbfd345b730da772f5835b,2,44996001499800000000000,44996.001499800000
2026-05-01,58,1856824061,dfaa1186c496f6b879823ab319b13ffd2f064890,2,39694066606560000000000,39694.066606560000
2026-05-01,59,-1015802586,7249e1acbf667049d0c9706a3da9e29de1ebcfe8,2,33780223100000000000000,33780.223100000000
2026-05-01,60,1936381551,85d9ba5e2910c080893a828976cd7ca040ceb5a5,2,19996763268994000000000,19996.763268994000
2026-05-01,61,1395268509,954054abdbdead4f4bc6d857fb6925fbd744437e,2,13005295997251000000000,13005.295997251000
2026-05-01,62,91138,167a9333bf582556f35bd4d16a7e80e191aa6476,2,6695625246250000000000,6695.6252462500000000
2026-05-01,63,-1024775359,7690d698c2fd7782435f93add859e553ff0131dc,2,5494052809000000000000,5494.0528090000000000
2026-05-01,64,841408674,48f3318c958f91cb5f0fda63cbeab2403afe0bd4,2,5244184916000000000000,5244.1849160000000000
2026-05-01,65,1631475974,d88f11579b14d67a2871a717e238c80c017c14e2,2,3200920166247000000000,3200.9201662470000000
2026-05-01,66,-214550161,53229c35b8894cd1a15daa08c24387c08e933ee6,2,2737355341801573638217,2737.3553418015736382
2026-05-01,67,-712064661,608774ee691efa8ac788c7aa04c81a6672c9a225,2,2465288323120000000000,2465.2883231200000000
2026-05-01,68,-1120055042,9b52c6f95b2c5d512068af2077aeb839119620be,2,1000000000000000000000,1000.0000000000000000
2026-05-01,69,-285520507,0515dfff60375b5d1c794aadfaacc5efb69642db,2,963771698420000000000,963.7716984200000000
2026-05-01,70,-313952295,5530626b7e11189e5174b9e794467960a7a0f4b2,2,848539478078000000000,848.5394780780000000
2026-05-01,71,-784569312,36f36527d3e7f1236fd92a836aab9d3fbc9b3659,2,500000000000000000000,500.0000000000000000
2026-05-01,72,811258323,ae38aaff2efd122c55b5b95eb28fbf8f75710600,2,300000000000000000000,300.0000000000000000
2026-05-01,73,1089221996,b67c16f52ee9dac6b552c29790b0ca7365dc162f,2,200000000000000000000,200.0000000000000000
2026-05-01,74,1726709671,4bbc5e1608a254358e97ef32329eab966a80db9f,2,112363700000000000000,112.3637000000000000
2026-05-01,75,-1115398161,69988a13975635761d5417e78eec6dd081f52c8f,2,100000000000000000000,100.0000000000000000
2026-05-01,76,1655377245,e4f79f0daf5a6a3830d60aef9daf8c6b7a2fe5d4,2,100000000000000000000,100.0000000000000000
2026-05-01,77,-111215475,900ee846c22a5527bf09daeb9f70e98272475868,2,61705319000000000000,61.7053190000000000
2026-05-01,78,-775108211,cad8ec0831896be8481d766212a06ff581466f3f,2,30141179000000000000,30.1411790000000000
2026-05-01,79,-617939481,47a96dcb58e36b8c4a80ef72a50843de0fa382d9,2,0,0E-36
2026-05-01,80,-394429213,584708bf806e2772a801683150d73fa9fa199c3f,2,0,0E-36
2026-05-01,81,-552699533,f6cab30dbb355c58e261d5fc299f11f8f706a9e3,2,0,0E-36
2026-05-01,82,-155850848,3290b7e095e756ee0fa9f51c4087c9f6546ee4fb,2,0,0E-36
2026-05-01,83,-816490268,4c153e0b87cc3fd87ba0e744671c13a33d3acf88,2,0,0E-36
2026-05-01,84,-449454886,caab6ff98989fdd4f47e7db6152e6fb47994ec1e,2,0,0E-36
2026-05-01,85,1766229536,c8116a8778191e351067c64bc9b80196ad3cf6e0,2,0,0E-36
2026-05-01,86,921306281,5bfcd9fe67a606a6b6756db3db647ea166e91aa0,2,0,0E-36
2026-05-01,87,2126318755,412500d4c70f35aa8e997788388830eb7d2e2a40,2,0,0E-36
2026-05-01,88,-741362183,3e3c41353ef8d64d6cad1b7614583c20a39a6f42,2,0,0E-36
2026-05-01,89,2071935982,234b73d02d01fe1db4eb54986012a65648d91619,2,0,0E-36
2026-05-01,90,1809679284,e8f4f324e11c1cadf348b9bf201e380b61d3c695,2,0,0E-36
2026-05-01,91,2128800849,1f7589d2d5738e976734490c2162f23e62ee4693,2,0,0E-36
2026-05-01,92,-559843210,a5b6cebb8343253c6f4d73333da6d110a3fa9406,2,0,0E-36
2026-05-01,93,-194004641,29f9a97de93ba4c8257c315f81ae3c4a72d06d15,1,10803054600000000000000000,10803054.600000000000
2026-05-01,94,-198223899,b7210a359cd2034126b8b2c8b95e748f04fffa38,1,499899042009102000000000,499899.042009102000
2026-05-01,95,-893157888,62400ebfb8a87302d62ce1fc3472916991f8291d,1,335346451000000000000000,335346.451000000000
2026-05-01,96,-321002606,7c1e064bb347cfa8b042e33baf38503014dfc58e,1,335346450000000000000000,335346.450000000000
2026-05-01,97,2135837050,fa2ddc58232885e2e442a7361137ee6e606c3d33,1,335000000000000000000000,335000.000000000000
2026-05-01,98,-940801092,2cabc076b9411f24655dc620799b128c6847f05e,1,262634000000000000000000,262634.000000000000
2026-05-01,99,704271853,9772fedc43123a6efbd1965617d0e079de2689e4,1,190983872000000000000000,190983.872000000000
2026-05-01,100,-324877833,81377b59e1c115ac63b21067b589266cdd5ffbd1,1,180664617851910071312384,180664.617851910071
2026-06-01,1,1884030996,f70da97812cb96acdf810712aa562db8dfa3dbef,72,18486780188766783867508,18486.780188766784
2026-06-01,2,-1175714401,9be5b8a7314552fa47feb1355cd5b4adc7bb7516,33,552871773207530000000000,552871.773207530000
2026-06-01,3,-381069639,4865d4bcf4ab92e1c9ba5011560e7d4c36f54106,32,2035590325657000000000000,2035590.325657000000
2026-06-01,4,-222749878,3e756be298ea913947525b0b0babcd0b09e3e708,30,150000000000442886859709,150000.000000442887
2026-06-01,5,-1179194922,98fd0842de7fe9816dcfdbca2374114ddedfa829,29,576000000000000000000,576.0000000000000000
2026-06-01,6,-564829024,5167503b73a8695dd191c6c3916dccb1b3dd3dec,18,25893207727000000000000,25893.207727000000
2026-06-01,7,779989060,28c6c06298d514db089934071355e5743bf21d60,17,307408895151430000000000,307408.895151430000
2026-06-01,8,2073796322,9642b23ed1e01df1092b92641051881a322f5d4e,16,622554242745880000000000,622554.242745880000
2026-06-01,9,930444523,3519ee4d387150f230baca90f5c50e9d296164c6,13,25400890551784424190631,25400.890551784424
2026-06-01,10,882940793,f89d7b9c864f589bbf53a82105107622b35eaa40,12,1294016974612000000000000,1294016.974612000000
2026-06-01,11,2055938756,b50aec5645de2ae4d988a10d78f1ed6f0d1a5f73,12,50099976851526196606331,50099.976851526197
2026-06-01,12,1616690253,06a612d453e0c3d87a3ae58c67ff61a23329a249,12,49921662027974885764368,49921.662027974886
2026-06-01,13,86372871,0d0707963952f2fba59dd06f2b425ace40b492fe,11,372718591956970000000000,372718.591956970000
2026-06-01,14,-822494089,1140160bb790e8fa907705aeea7925cb6e122139,11,213082581017747000000000,213082.581017747000
2026-06-01,15,-1186773603,3e81156b32135605261802630fc83f04305dbd8c,11,26900609620600000000000,26900.609620600000
2026-06-01,16,816889289,dfd5293d8e347dfe59e90efd55b2956a1343963d,9,65821117397130000000000,65821.117397130000
2026-06-01,17,780100773,21a31ee1afc51d94c2efccaa2092ad1028285549,9,29884889000000000000000,29884.889000000000
2026-06-01,18,-965661561,2156f29d64f81701b58877129006e8b1964149b6,7,99998161802855969284257,99998.161802855969
2026-06-01,19,1861713724,1ab4973a48dc892cd9971ece8e01dcc7688f8f23,7,43481535368000000000000,43481.535368000000
2026-06-01,20,-1250757440,4527da7abb3269941f854ddbbabbeeefacc62210,6,25010000000000000000000,25010.000000000000
2026-06-01,21,941421118,7fa9ae25d2666f142d2e974a0ba537056be18e9a,5,1610376864283574398892902,1610376.864283574399
2026-06-01,22,-1204388530,95c0af87596f9552ffb507a25f2d76b52a4397db,5,86473682571507699345979,86473.682571507699
2026-06-01,23,-1191340585,42fae436a2b706ee558e0255afd75cd819081ebe,5,60016470107430000000000,60016.470107430000
2026-06-01,24,-154129358,8a0a1b3ed096027ef4d8f9886ff9e5af57274089,5,24999199053080747096282,24999.199053080747
2026-06-01,25,1712245736,6d0d19bdddc5ed1dd501430c9621dd37ebd9062d,5,22640037763460000000000,22640.037763460000
2026-06-01,26,-100645567,dd7e7253c73ce7351c6c966bb852d6d552b75469,5,6128192500000000000000,6128.1925000000000000
2026-06-01,27,-8637939,dd3d72c53ff982ff59853da71158bf1538b3ceee,5,2413707373330000000000,2413.7073733300000000
2026-06-01,28,-813738117,f689f8f685ddfb2ac81709160813878caf185092,4,241894099111804066852017,241894.099111804067
2026-06-01,29,-1175067941,7ab05181fe6c5a8039d6a08854b55c8b826a5af2,4,34000000000000000000000,34000.000000000000
2026-06-01,30,1513895484,e5af6db1c7eec2916d02e6e76e991ef2e50d52ec,4,11111000000000000000000,11111.000000000000
2026-06-01,31,1199823839,be3dd11bbc1819d45842f2af188ad7b2b0bc4821,4,1512570000000000000000,1512.5700000000000000
2026-06-01,32,-8124136,5ff998c628d600c319c1334b9e05c5129dad1a34,4,672179784880000000000,672.1797848800000000
2026-06-01,33,877906009,b32b84494df2b99cae50683a4273cce4a21429bf,4,48000000000000000000,48.0000000000000000
2026-06-01,34,-951918450,5d31b9fdd6cfd49a977798d1ca761bc1a9e6ef3a,4,826299239000000,0.00082629923900000000
2026-06-01,35,2124529777,1aae24f41d1f310043d6b66451a3f1729f028549,3,18813307602005332900720548,18813307.602005332901
2026-06-01,36,-1173373729,8d1b9690b524c7be5924fbf19de35c79508ed95c,3,249874346379589425613982,249874.346379589426
2026-06-01,37,-1139737579,c7125da07a7110049ecc68f43bf10de4d45ca84e,3,202547196429000000000000,202547.196429000000
2026-06-01,38,1280637006,3178490d60b5cceaa5a79fd4d9050c7405bab80c,3,200000000000000000000000,200000.000000000000
2026-06-01,39,-705811002,6f64630a0c12c60813a80a215fb9a31e52528820,3,200000000000000000000000,200000.000000000000
2026-06-01,40,1237020460,f4b71fa8d983f16b83484f05838aad4ab3fe3918,3,160000000000000000000000,160000.000000000000
2026-06-01,41,-1148493171,7f324545c481f8c150802103a8ee94014251b888,3,149999005998167129540000,149999.005998167130
2026-06-01,42,-1237725721,8ae04f1b2e61f44ea80172520b2f69ceab424dfc,3,100000000000000000000000,100000.000000000000
2026-06-01,43,1513892583,f93679f396d668b601453c135e4769ce965430e6,3,91683381670034521043133,91683.381670034521
2026-06-01,44,-818804330,a801eeb6edd71d01128f6fb2871013be0a5e6617,3,56560087860800141839181,56560.087860800142
2026-06-01,45,-787392063,e5f3063323b6fbd6cafaf3293c392c5374f8c61c,3,56464121218810000000000,56464.121218810000
2026-06-01,46,-800236012,683540d4e0fd2bcb23bb5162dbbd98394c111ef8,3,50002494262176016448128,50002.494262176016
2026-06-01,47,1496709968,011d19410fc79f140c08ffa8301e4153f17f4e27,3,47229990000000000000000,47229.990000000000
2026-06-01,48,-150859240,d408ca7aeb4838625d134d4676242f821c70506d,3,25000000000000000000000,25000.000000000000
2026-06-01,49,-13433647,d196148cef1eb7398658b1c75528c324d47658e6,3,24992260000000000000000,24992.260000000000
2026-06-01,50,-150954271,07084de3ebd2c95c613c3be49059105457ce74a8,3,24991065998000000000000,24991.065998000000
2026-06-01,51,-149738956,e9916c28f490157d5a2e67c00b33ab3df74ae1ff,3,24922101744936111273334,24922.101744936111
2026-06-01,52,2134007287,97105cf9fe2a44295c000f2f6e1ca9ce1a3036af,3,23850888131416215860282,23850.888131416216
2026-06-01,53,1856824061,dfaa1186c496f6b879823ab319b13ffd2f064890,3,20846842362000000000000,20846.842362000000
2026-06-01,54,-85718924,3c046f2bb9c877b1987f934e5b633380667b76a9,3,20000000000000000000000,20000.000000000000
2026-06-01,55,1873419269,16b58403d2768988c82eada42330785e1c1aa4e2,3,4998968438766069698400,4998.9684387660696984
2026-06-01,56,-232993157,89d0f51052ccc2fd49bec6a0487855da7defa82b,3,579691949263000000000,579.6919492630000000
2026-06-01,57,-787540031,054a35052b5e4d3b6e581cf3119ce3d36b52fd07,3,396849062320000000000,396.8490623200000000
2026-06-01,58,-1178391496,a9be489a9b83c6eb2dc891569793510a54d78102,3,319000000000000000000,319.0000000000000000
2026-06-01,59,91138,167a9333bf582556f35bd4d16a7e80e191aa6476,3,182693311270000000000,182.6933112700000000
2026-06-01,60,-1243180152,df7c43ee2e96ea7f2f847f11302699427fa471f5,3,100000000000000000000,100.0000000000000000
2026-06-01,61,1734988910,3247f6b66f24f672eacf52080e0381fa45deb307,3,39520000000000000000,39.5200000000000000
2026-06-01,62,1551758535,0fe2acb3385fc83e29cee8fc18128a56468e7550,3,21000000000550672161,21.0000000005506722
2026-06-01,63,-1094688696,b992ad53ee7dbdaa7e01631f97a2f05c10ed9f00,3,10000000000000000000,10.0000000000000000
2026-06-01,64,-654736045,92f5942fe6832ad5d578cdbe99d2c5028363eec5,3,0,0E-36
2026-06-01,65,2020872882,31173ed183e5a9450c3671018ec4d770c8a8bf18,2,10000000000000000000000000,10000000.000000000000
2026-06-01,66,-785343492,33fabaf3ab516576f96dac29a888ff7c613078fc,2,3637032970263050224755474,3637032.970263050225
2026-06-01,67,-1237700948,3924132cb73aeaaa2ee1637285799e9dddb9a435,2,1236545787267529988464351,1236545.787267529988
2026-06-01,68,-899664698,230f4e9db3570f24afed77d7ee3c0c0c740f1324,2,325953666514000000000000,325953.666514000000
2026-06-01,69,1869772851,7552ab18f8de66a51801d040b98afb0db5e38141,2,151322000000599113496000,151322.000000599113
2026-06-01,70,-979765936,d6f05b19bf2c05c264a646b7757057d774661c5c,2,100004773202688097570604,100004.773202688098
2026-06-01,71,1568211679,b38bbe3b0a6f35e20a57bf88f1acd3f1a0ad17ba,2,99805054471953011100690,99805.054471953011
2026-06-01,72,1409889534,addc4ad3bd46dda0d030d1ced93fb51871484886,2,49440000000000000000000,49440.000000000000
2026-06-01,73,-1085226682,c1ae6c4978fd78188537d1d017338d95ec5c1ddb,2,28464682229000000000000,28464.682229000000
2026-06-01,74,1470830461,0b919e8e21ddfadbe8d9a0f7687b69c20058a48c,2,27471000000000000000000,27471.000000000000
2026-06-01,75,-13410278,2e38774ed63afdcc8d7e90ccf201c9184e02d4d6,2,25000000000000000000000,25000.000000000000
2026-06-01,76,-13413096,b6adf8769c931a69e426dee342f99982becefc97,2,25000000000000000000000,25000.000000000000
2026-06-01,77,-100543435,bc3f8b685b0622c46292f8a876d3a66b365b2582,2,24546000000000000000000,24546.000000000000
2026-06-01,78,-779777578,e9e40cb35c359bb9efd2b8e06bd6a4c66b25fccc,2,20000000000000000000000,20000.000000000000
2026-06-01,79,1723101271,e8d6063b122047ee2dd7ef5717faeac4cb31a2ee,2,19817454479062283791456,19817.454479062284
2026-06-01,80,-854419868,60bf14cb3d21a3544bd700e969e0b2f44b2294b4,2,17268363692028690429734,17268.363692028690
2026-06-01,81,-449454886,caab6ff98989fdd4f47e7db6152e6fb47994ec1e,2,15000000000000000000000,15000.000000000000
2026-06-01,82,-646975118,782880ed751aec786eb67cabd56e0c6c9a6a88a2,2,13200000000000000000000,13200.000000000000
2026-06-01,83,-1166018731,0aaa503651f52b0f01272b052bfb7331bebef640,2,8920000000000000000000,8920.0000000000000000
2026-06-01,84,-200250096,62e4abc9ce6f1f09de90ec19a25de2585f3d64f3,2,8181812000961000000000,8181.8120009610000000
2026-06-01,85,-298131510,64ffcd17b5bc1461bd513d0f3e65a343dd507163,2,7008404777107358200699,7008.4047771073582007
2026-06-01,86,-709136627,aa9fc48c6fc41b61fa4ddf1746c4fb13e7d258a5,2,2000000000000000000000,2000.0000000000000000
2026-06-01,87,-1239646454,99993511177cfe22f0aa7ffcf307ec470d568ae2,2,1996063532000000000000,1996.0635320000000000
2026-06-01,88,-400861084,10b29115e9e46d128db303bf34ac504e860e8a14,2,600000000000000000000,600.0000000000000000
2026-06-01,89,1764601375,58edf78281334335effa23101bbe3371b6a36a51,2,350347163470000000000,350.3471634700000000
2026-06-01,90,-832071375,be9d381968482cbd19ffa92a6b29c39b3e3fe086,2,320938479060000000000,320.9384790600000000
2026-06-01,91,-161660020,7904c2eeec63315ad1634ab7d7b94c8c198160c8,2,241300000000000000000,241.3000000000000000
2026-06-01,92,-1185378856,8d114102252be84073a48b9cff0174e35e5be966,2,109000000000000000000,109.0000000000000000
2026-06-01,93,-269775206,0cfab7c33daef6f95a8dfc36c7480db676f51daa,2,100000000000000000000,100.0000000000000000
2026-06-01,94,2012645181,9859d1542cbe5e17f3fd30501e900a7054e293e1,2,50000000000000000000,50.0000000000000000
2026-06-01,95,-1122411274,d8f6cbd00e3ec2b79d5eac128de2c6ea3c281086,2,29349116280000000000,29.3491162800000000
2026-06-01,96,-775108211,cad8ec0831896be8481d766212a06ff581466f3f,2,27775813000000000000,27.7758130000000000
2026-06-01,97,1805603874,61ed4b62e03798305818607c7160b2abff15cfed,2,23473591370000000000,23.4735913700000000
2026-06-01,98,-517647028,2b00e6508d4cf0c81ae2fe645c564899b89f85e5,2,15000000000000000000,15.0000000000000000
2026-06-01,99,-996168665,64e6e435bbce9f6e964f01222d8f7a27e66254a5,2,10000000000000000000,10.0000000000000000
2026-06-01,100,-137446418,22f34f08406073bd27239cbacf7942ba0477704a,2,10000000000000000000,10.0000000000000000
