month,user_rank,address_id,address,outgoing_transfer_count,outgoing_transaction_count,raw_outgoing_volume,outgoing_volume
2024-09-01,1,1804345379,c08b122fb1057149f55d49d3d5cea0d083b37ffb,25,25,208443463512149653340598754,208443463.51214965
2024-09-01,2,1153711585,8fd589aa8bfa402156a6d1ad323fec0ecee50d9d,2,2,90016287929264603955259674,90016287.929264603955
2024-09-01,3,1712565812,8a25d8c9fa8c7a726137f2d618d85cbc2c083f78,7,7,28977219646417999917678038,28977219.646417999918
2024-09-01,4,-26602737,0c65bdf84927beda9afa9c47fe0f610bc28693d3,8,8,21931322493642006264085112,21931322.493642006264
2024-09-01,5,1402185963,3d2b93409174c9cf48fbe31447ef6fc738f0d7a2,3,3,20098751694511869437012792,20098751.694511869437
2024-09-01,6,1696425324,8af700ba841f30e0a3fcb0ee4c4a9d223e1efa05,2,2,15693943217617146704420828,15693943.217617146704
2024-09-01,7,-26012388,99d7043940bee529c315f9bcc27a06ef91661a62,12,12,13819869662112710912000470,13819869.662112710912
2024-09-01,8,1879543738,aaf9f14f20145ad50db369e52b2793bfeb18a45b,2,2,13000000000000000000000000,13000000.000000000000
2024-09-01,9,2006917728,c19fedff930e13d38dbb7d5f2ac6df1ac5fc9abd,4,4,12778417731766775144159228,12778417.731766775144
2024-09-01,10,1573731160,77fc6e36d82010b2263b76959720e9ee2c947467,17,17,11298785544636050724063044,11298785.544636050724
2024-09-01,11,1199766106,d14f57283d1487f7bec9a3b4ccfed80930bbc91c,18,18,10966276407661150313977931,10966276.407661150314
2024-09-01,12,1535455103,aa1582084c4f588ef9be86f5ea1a919f86a3ee57,4,4,10108584444146628269494100,10108584.444146628269
2024-09-01,13,-27684478,488a6853e9604c3b9e4e711c20adf88f241a51c5,6,6,10001908285565258972078177,10001908.285565258972
2024-09-01,14,1984418655,afcdd4d31b89e7baaa00d22fa018bef6bd59aa73,3,3,9424320091367734454713556,9424320.091367734455
2024-09-01,15,2119729236,81ebde24453b8e40454616579ea79c79a197699d,7,7,9020985813883098015271142,9020985.813883098015
2024-09-01,16,1550153471,7fe4b2632f5ae6d930677d662af26bc0a06672b3,7,7,8666754907750178131058758,8666754.907750178131
2024-09-01,17,1539791159,728ac133a5c9250a61f7b27abbe7a823e786ff66,2,2,8524234000000000000000000,8524234.000000000000
2024-09-01,18,600100427,63950cfd75e2290a3581b6b0e39c86bc11697d5b,4,4,8000000000000000000000000,8000000.000000000000
2024-09-01,19,-25872635,ae0c80271c262b1330e9effd8e59f79652d1e087,7,7,7900063730299000046178304,7900063.730299000046
2024-09-01,20,2006926309,e7203a25bf8f44699fb8296caf73b70f78d8a36c,2,2,7889907000000000000000000,7889907.000000000000
2024-09-01,21,13596055,0f3c2476fbf0ed09dff00ea7f4ef252dcc72e6f1,2,2,7332424732197076891073725,7332424.732197076891
2024-09-01,22,1545786351,844dc85edd8492a56228d293cfebb823ef3e10ec,3,3,7109957950278072185099342,7109957.950278072185
2024-09-01,23,2086191864,3c66133a7fd29ab1e551db9e8832dca0cead7a16,8,8,6885874210701134686770688,6885874.210701134687
2024-09-01,24,2088528243,31078100f05988e15407aac745fcd141f9440475,2,2,5999957513644000000000000,5999957.513644000000
2024-09-01,25,2029717815,c465f4846e8d9d7add866d3e95f32708d9cf7a0a,1,1,5998863525505563683946237,5998863.525505563684
2024-09-01,26,608648476,2326d4fb2737666dda96bd6314e3d4418246cfe8,6,6,5981702785961962205486947,5981702.785961962205
2024-09-01,27,736646119,8df175aba312ce90aa03f636573ca99c29fbb9d0,5,5,5257074459457920345002315,5257074.459457920345
2024-09-01,28,-27220921,a514c8fb21e0bce2fac086b8aa4910c9bbee0c95,17,17,5170358300885844682920010,5170358.300885844683
2024-09-01,29,830139263,31345e8a872c5a34e6264b1c2ad3fc8d13a0734e,3,3,5000001373133999969366711,5000001.373133999969
2024-09-01,30,1165462523,99e5d4a7fb7ba7281d1f4fc5dce311f1d832796c,4,4,4677700000000000000000000,4677700.000000000000
2024-09-01,31,2079193600,d567006082e89cc07f65d4ff6699dd5f2c55c687,2,2,4518305253697391712574274,4518305.253697391713
2024-09-01,32,1271913269,3f3429d28438cc14133966820b8a9ea61cf1d4f0,3,3,4464812412957843572771084,4464812.412957843573
2024-09-01,33,1990508218,f8a675ea246339ea86280770e0fd6e83f53bb2b5,5,5,4184238873916035000000000,4184238.873916035000
2024-09-01,34,1994716675,de5423bf5fd8f034eaf81b473cff0bb950a9d336,2,2,3885977159493000000000000,3885977.159493000000
2024-09-01,35,1856431681,9f5237babaef17324d4fc577a35dc0c40d4e2164,2,2,3553924554276140596683968,3553924.554276140597
2024-09-01,36,-28216048,61c2d45bcf7840d8286baa986797c2b709651b78,3,3,3414838036805000000000000,3414838.036805000000
2024-09-01,37,1881090579,76be51aa94fb1c9632107349aab0488d878e4395,3,3,3408961628883000033722344,3408961.628883000034
2024-09-01,38,1381081054,79dc1620b19298e29af58e5ebb2983bec2ab544d,1,1,3374574032311013891909869,3374574.032311013892
2024-09-01,39,2146286021,2326ad5530c12cf9f0b32415fc53dbdfe6459cbf,3,3,3231701785961962205486947,3231701.785961962205
2024-09-01,40,1956134581,9bef6bf8e6b1ed4f8b6f2db3c1d86df19eebd454,6,6,3226157196645123824606618,3226157.196645123825
2024-09-01,41,5288884,a53a13a80d72a855481de5211e7654fabdfe3526,5,5,3075466476983517562893754,3075466.476983517563
2024-09-01,42,1798854680,6c413690c19cfc80c3db3211c80993bf642c6456,2,2,3004270647686845126718817,3004270.647686845127
2024-09-01,43,873030932,4b0aba5b8501f215c2c13cc7ce4ef857d5a4f67c,5,5,2947359500370250209744590,2947359.500370250210
2024-09-01,44,1145636204,cdc8bbc2c740e44e9231dc3a8842800aa2433d18,2,2,2759918855782000209641440,2759918.855782000210
2024-09-01,45,2135717099,116e8a740a2889835f0991a25efbe48fb8f0e16d,2,2,2703535620919884392300700,2703535.620919884392
2024-09-01,46,1757681643,bdaecd69e160d9cc51732d46faeb391f85c15b66,2,2,2677283467260092715353295,2677283.467260092715
2024-09-01,47,76251604,7c4a909da802a74d83a381b157fe773ff3a67177,1,1,2634156547301423982803059,2634156.547301423983
2024-09-01,48,365318,ee2826453a4fd5afeb7ceffeef3ffa2320081268,1,1,2605085695024449612888455,2605085.695024449613
2024-09-01,49,431855878,50d1b550f854b785cedf754114e28d496c8a89c1,1,1,2500000000000000000000000,2500000.000000000000
2024-09-01,50,819457661,cf7841fd47bf33004b07ede874e7afc714616231,3,3,2462989969048000000000000,2462989.969048000000
2024-09-01,51,1947683049,b3abe0777aa9685941e54744e704378b4b33eeaa,5,5,2417591496414110467282573,2417591.496414110467
2024-09-01,52,798877442,344d9c4f488bb5519d390304457d64034618145c,5,5,2253451198304027987317901,2253451.198304027987
2024-09-01,53,1599725856,8c56019eb53d97f9c69b0e03676ebe679a98f9de,2,2,2200188289852004167119674,2200188.289852004167
2024-09-01,54,1833578865,efa41158a618fe12ba150922f10124b582a25f92,7,7,2171599853274955344032709,2171599.853274955344
2024-09-01,55,2144502429,09085809fb3e4b58a83a187adfd91a2eff3fa41d,4,4,2130778743792432284632798,2130778.743792432285
2024-09-01,56,1386260773,4927216349870f396b5ffc34155786c16df37bf0,3,3,2126989473719047347646230,2126989.473719047348
2024-09-01,57,1885729150,fb94d3404c1d3d9d6f08f79e58041d5ea95accfa,2,2,2117502711985999999999998,2117502.711986000000
2024-09-01,58,1450693022,c40ca9847255a1b89ac50ee08555ec150a1e23a1,6,6,2063476965326000394669838,2063476.965326000395
2024-09-01,59,1759635056,f0a9234e0c5f50127b82960bae21f05f9dd9aaf4,1,1,2023255591123729694070084,2023255.591123729694
2024-09-01,60,1806457598,ebed9e54184ff323b1b5bc2487f358e12bf906c1,4,4,2000982255702000000000000,2000982.255702000000
2024-09-01,61,-37931821,aae15100d2ce0c40be7ae3083b71c29bc74e30d2,1,1,1999995516443000000000000,1999995.516443000000
2024-09-01,62,1347308373,d090d2c8475c5ebdd1434a48897d81b9aaa20594,1,1,1999991076114000001242781,1999991.076114000001
2024-09-01,63,1432378166,825f23921dcff36944d8b0b0ca23ac7d05fb86cb,8,8,1942400625909000132956160,1942400.625909000133
2024-09-01,64,-26024165,0c7370cfddcd49126dd61d2b90eb05dd8afe530d,1,1,1885850209068543524919103,1885850.209068543525
2024-09-01,65,1935563260,9b864dde6ed1c21608b1665a0ac0faa4f7e36e6e,17,17,1798622363387035590334480,1798622.363387035590
2024-09-01,66,1952275568,de0c939fe0c55c8852b09aa58909aa6797b781c9,4,4,1780353744051726158552809,1780353.744051726159
2024-09-01,67,1440642546,a02c5aa7df8fb9429811a0ca6a13faa38c64ede6,6,6,1687751921603681751769286,1687751.921603681752
2024-09-01,68,1721592897,593c1254eff380c7498f4861b44e1acc74284be6,3,3,1671771351376370965414365,1671771.351376370965
2024-09-01,69,130353790,30c0ed6047752b0cd93754e84dbd919662c2d79e,4,4,1637794241788567592743555,1637794.241788567593
2024-09-01,70,1272985700,54207bdd0b6b1daa5bd98c0c8c2ebdef65f63a3b,11,11,1618402349349398913500620,1618402.349349398914
2024-09-01,71,-26959438,4c63f811177621f13527c3d61b1f8aec804dc201,1,1,1586495975367575208346108,1586495.975367575208
2024-09-01,72,-31450602,e91c3a00b9b2918bab23262312d829037cf1204d,2,2,1569163256000000000000000,1569163.256000000000
2024-09-01,73,2123717297,20d04b71ea3c962928532c8bb2168aeda5f50d5a,2,2,1493385857646000050307050,1493385.857646000050
2024-09-01,74,2010231508,03efba502883e05ad15fc351b1582bc55a54d5d3,3,3,1435073609316698386621400,1435073.609316698387
2024-09-01,75,1536798102,5eac117187cac1e5654080835b086776fe2ec179,4,4,1410955509858535810789685,1410955.509858535811
2024-09-01,76,-26022708,5e1e32fc8446b32aea60280812cb6facb303ad07,1,1,1406216279132646244874345,1406216.279132646245
2024-09-01,77,1965241174,f991acd672d5b344afcb29931af6401ed32e2691,2,2,1352885877324000000000000,1352885.877324000000
2024-09-01,78,1534139776,69e9db93500000965a0bc97afc973bfd221034e9,3,3,1332345088860006235931890,1332345.088860006236
2024-09-01,79,1721635054,e292ba9c64dc4ba5c04c02635c6d9117af1e771a,5,5,1307328521220405656162362,1307328.521220405656
2024-09-01,80,1380749848,ce4c3e4abb8a3bc23b828327c363e1dcc748d6a5,1,1,1299991612955000000000000,1299991.612955000000
2024-09-01,81,1660426476,18740a8020dc029b7b8156a7af8bd951b65029b0,3,3,1203965032814000000000000,1203965.032814000000
2024-09-01,82,-27863543,23541bc675e8c1c6368629127ac2e81479968271,1,1,1200402615959851010511715,1200402.615959851011
2024-09-01,83,2010845873,4d72f20eca365b1ffb64694b6b52451c950f5981,1,1,1174351826457878698929449,1174351.826457878699
2024-09-01,84,1806785932,fe7095c9de2c5c76638f31c00dc90b94c4938801,1,1,1105412666207000000000000,1105412.666207000000
2024-09-01,85,1132058419,916792f7734089470de27297903bed8a4630b26d,1,1,1099973113351002081538657,1099973.113351002082
2024-09-01,86,1978638434,5a54ad9860b08aaee07174887f9ee5107b0a2e72,2,2,1081517081881440530517392,1081517.081881440531
2024-09-01,87,-34800190,8b6f987d56231a126f89323def7159d3beb6ab94,2,2,1057172564951063212144654,1057172.564951063212
2024-09-01,88,1715872443,4f0a01badaa24f762cee620883f16c4460c06be0,4,4,1026699763310834308285018,1026699.763310834308
2024-09-01,89,-31320464,a6665558ba5e2020d4594cc6ef90135098b526b8,2,2,1023128941843874426396212,1023128.941843874426
2024-09-01,90,1823367813,868d38d6bcb9a2efe2e23f4211d497908e99d66b,2,2,999977932775000000000000,999977.932775000000
2024-09-01,91,622950334,13e382dfe53207e9ce2eeeab330f69da2794179e,2,2,991000000000000000000000,991000.000000000000
2024-09-01,92,2006718038,75f74429c7f05f88580d32cb816bc422c7807087,4,4,990274678203813756832271,990274.678203813757
2024-09-01,93,2004658580,96cfd8029307cf028d6eb2124f28714a8af7e912,4,4,986495336577747084303901,986495.336577747084
2024-09-01,94,636474488,65ae0ed283fa71fd0d22f13512d7e0bd9e54c14a,1,1,944211160581000000000000,944211.160581000000
2024-09-01,95,1002343556,bc3a058d1c919f6b1f48e8846246d04d467902c8,39,39,927671621438118317598265,927671.621438118318
2024-09-01,96,1549695687,3c37dc9b5d4c60d404ec834987c106510d03442f,7,7,923622755787636591507096,923622.755787636592
2024-09-01,97,1527078170,0f574d3e29224535533ed039e39c65911564770b,1,1,904819419353698465006263,904819.419353698465
2024-09-01,98,931267922,1c883820af4e18178069258ea61e1cd0a6b1de41,1,1,902548888816182612302873,902548.888816182612
2024-09-01,99,-26380625,d74e33c69147f2643f655905ae932cd9d7c0a738,3,3,888014812831999999897600,888014.812832000000
2024-09-01,100,1490339181,a49a74005eef89c132de13b3fc064a73335ac2fb,4,4,887700785540368546739936,887700.785540368547
2024-10-01,1,1973459980,ed0c6079229e2d407672a117c22b62064f4a4312,27,27,224500515147054351445554172,224500515.14705435
2024-10-01,2,1153711585,8fd589aa8bfa402156a6d1ad323fec0ecee50d9d,24,24,206580858743369876335106391,206580858.74336988
2024-10-01,3,2027659310,b99a2c4c1c4f1fc27150681b740396f6ce1cbcf5,14,14,196056892455333293408667305,196056892.45533329
2024-10-01,4,1879543738,aaf9f14f20145ad50db369e52b2793bfeb18a45b,36,36,159096801218101979428965331,159096801.21810198
2024-10-01,5,1804345379,c08b122fb1057149f55d49d3d5cea0d083b37ffb,32,32,157043577722430196006259429,157043577.72243020
2024-10-01,6,1885591420,13f3a4cc089221ffbfaa37b604e1942f16d27e21,28,28,135823298172436284510492541,135823298.17243628
2024-10-01,7,13596055,0f3c2476fbf0ed09dff00ea7f4ef252dcc72e6f1,23,23,127227947534564839981362107,127227947.53456484
2024-10-01,8,170948875,d007058e9b58e74c33c6bf6fbcd38baab813cbb6,32,32,78580513476382094431597681,78580513.476382094432
2024-10-01,9,1426566060,f34b1bf36728dbee1ab4737134a6133680eaaa08,24,24,63782512926159053908012499,63782512.926159053908
2024-10-01,10,9591554,78e96be52e38b3fc3445a2ed34a6e586ffab9631,14,14,54762501478098116704952116,54762501.478098116705
2024-10-01,11,1573731160,77fc6e36d82010b2263b76959720e9ee2c947467,66,66,51333556069615666628556876,51333556.069615666629
2024-10-01,12,2088528243,31078100f05988e15407aac745fcd141f9440475,15,15,49048926690897347839656761,49048926.690897347840
2024-10-01,13,1712565812,8a25d8c9fa8c7a726137f2d618d85cbc2c083f78,7,7,25496879543884186254469433,25496879.543884186254
2024-10-01,14,873820184,b0449ec1a8a60f95322617d6ed52e1ba1a7beb49,1,1,25407756923301119909494641,25407756.923301119909
2024-10-01,15,-54192075,584b9c03e548aa8520bdbc091157e94e1a006542,5,5,24879971015009000000000000,24879971.015009000000
2024-10-01,16,1882160435,e4c8f205aa7a53a3479429913be832294d47297a,9,9,21999933619287148879778717,21999933.619287148880
2024-10-01,17,365318,ee2826453a4fd5afeb7ceffeef3ffa2320081268,10,10,18603345772366455682437202,18603345.772366455682
2024-10-01,18,600100427,63950cfd75e2290a3581b6b0e39c86bc11697d5b,6,6,17320000000000000000000000,17320000.000000000000
2024-10-01,19,-34800190,8b6f987d56231a126f89323def7159d3beb6ab94,14,14,17074247401709461342256028,17074247.401709461342
2024-10-01,20,1696425324,8af700ba841f30e0a3fcb0ee4c4a9d223e1efa05,5,5,15551501092923148239879666,15551501.092923148240
2024-10-01,21,-54210322,fd63ea2792260c21f0f68517b1c06c3a21c391c7,3,3,13899985014510000000000000,13899985.014510000000
2024-10-01,22,1839362061,fe99cc4664a939f826dbeb545c1aad4c89ee737a,17,17,13474502741504359684267574,13474502.741504359684
2024-10-01,23,2006917728,c19fedff930e13d38dbb7d5f2ac6df1ac5fc9abd,3,3,12778417731766775144159228,12778417.731766775144
2024-10-01,24,1759635056,f0a9234e0c5f50127b82960bae21f05f9dd9aaf4,10,10,12154081579119720573968866,12154081.579119720574
2024-10-01,25,-48721856,ebea8eeee8741d2aca117e6e26bcfb510250d4e4,29,29,11511002274632978195794131,11511002.274632978196
2024-10-01,26,1132058419,916792f7734089470de27297903bed8a4630b26d,5,5,11308263111492117155686442,11308263.111492117156
2024-10-01,27,-26012388,99d7043940bee529c315f9bcc27a06ef91661a62,5,5,10642444259760054580690798,10642444.259760054581
2024-10-01,28,1347308373,d090d2c8475c5ebdd1434a48897d81b9aaa20594,5,5,9212083710992643264209739,9212083.710992643264
2024-10-01,29,5288884,a53a13a80d72a855481de5211e7654fabdfe3526,9,9,8331297814958326785948711,8331297.814958326786
2024-10-01,30,2126720686,00236feeac26ef92552e3981096350d136084c64,40,40,8184367507488719219859084,8184367.507488719220
2024-10-01,31,1565807408,366e24f227d7f647687cdc192efbf68e593159de,5,5,8161231763597337082376881,8161231.763597337082
2024-10-01,32,2006926309,e7203a25bf8f44699fb8296caf73b70f78d8a36c,1,1,7889907000000000000000000,7889907.000000000000
2024-10-01,33,1885574639,685a76306aa3e81f3096c7db225cf19fa4794e96,3,3,7801178599327573881321041,7801178.599327573881
2024-10-01,34,2146286021,2326ad5530c12cf9f0b32415fc53dbdfe6459cbf,7,7,6661421706724536014920576,6661421.706724536015
2024-10-01,35,1539791159,728ac133a5c9250a61f7b27abbe7a823e786ff66,3,3,6357311000000000000000000,6357311.000000000000
2024-10-01,36,678496023,6d478cb16317680a517ff89253f82032efdc31ba,9,9,6002552709203047766571726,6002552.709203047767
2024-10-01,37,1798854680,6c413690c19cfc80c3db3211c80993bf642c6456,4,4,6001654970000000000000000,6001654.970000000000
2024-10-01,38,1691544285,3a13186e9644e8862e24f952002dc6e3ddc83ebe,8,8,5489888517799000027235882,5489888.517799000027
2024-10-01,39,-70891502,b075b4756243c12a251e8b63306179f7d80157a5,5,5,5383427132204295027724359,5383427.132204295028
2024-10-01,40,736646119,8df175aba312ce90aa03f636573ca99c29fbb9d0,2,2,5257074459457920345002315,5257074.459457920345
2024-10-01,41,-27220921,a514c8fb21e0bce2fac086b8aa4910c9bbee0c95,14,14,5218512955745722118372604,5218512.955745722118
2024-10-01,42,1402185963,3d2b93409174c9cf48fbe31447ef6fc738f0d7a2,1,1,5000000000000000000000000,5000000.000000000000
2024-10-01,43,674299346,d7a678fcf72c1b602850ef2f3e2d668ec41fa0ed,7,7,4858870483571810731573883,4858870.483571810732
2024-10-01,44,1823543137,fe5a6ab05206cbc76c859ea45cdf90b6bca77e61,13,13,4717204196275473898590953,4717204.196275473899
2024-10-01,45,2079193600,d567006082e89cc07f65d4ff6699dd5f2c55c687,4,4,4556323168556389304029014,4556323.168556389304
2024-10-01,46,-11022509,d332ade19050476a4446bdc03e574255154aaf0d,3,3,4531794635621519632880251,4531794.635621519633
2024-10-01,47,608648476,2326d4fb2737666dda96bd6314e3d4418246cfe8,2,2,4405710853362268007460288,4405710.853362268007
2024-10-01,48,-37931821,aae15100d2ce0c40be7ae3083b71c29bc74e30d2,6,6,4005586592951617556978047,4005586.592951617557
2024-10-01,49,1168124881,520a14f1e610965c7eac4e4038f3783c334b7a52,8,8,3646428505463585805577409,3646428.505463585806
2024-10-01,50,1952275568,de0c939fe0c55c8852b09aa58909aa6797b781c9,6,6,3560764871515778708991724,3560764.871515778709
2024-10-01,51,-70804581,803ed2ab492fba3f71223cf5e83d4957c8903a80,2,2,3546922753772446150059886,3546922.753772446150
2024-10-01,52,2094248035,df2609ec3d2e07a79d2e25e52960e75250bd9aaa,3,3,3442001154448557435365854,3442001.154448557435
2024-10-01,53,-72378393,8c0b334ca809c3e4c58701d4238a6ed4132febee,1,1,3349995000000000000000000,3349995.000000000000
2024-10-01,54,1550153471,7fe4b2632f5ae6d930677d662af26bc0a06672b3,3,3,3288475319596587315011975,3288475.319596587315
2024-10-01,55,1931218973,b9f71287b1c9cc08d351c8f107201e4064f78ac5,1,1,3273495835148358799344601,3273495.835148358799
2024-10-01,56,54596232,f4dfcd61c36fc3ac374e52206c43253e14c2ffe2,4,4,3249629907635000000000000,3249629.907635000000
2024-10-01,57,1145636204,cdc8bbc2c740e44e9231dc3a8842800aa2433d18,6,6,3159164147664678319576853,3159164.147664678320
2024-10-01,58,1535455103,aa1582084c4f588ef9be86f5ea1a919f86a3ee57,2,2,3145219088282258684151474,3145219.088282258684
2024-10-01,59,1285272328,733c33339684f38c8aada0434751611e168255c4,8,8,3106178557530266246314678,3106178.557530266246
2024-10-01,60,734202508,dcf28bc785ae4ba5ebfe4e1fab9d505677aadbe1,4,4,3000000000000000000000000,3000000.000000000000
2024-10-01,61,2086191864,3c66133a7fd29ab1e551db9e8832dca0cead7a16,3,3,2999998155728999910445086,2999998.155728999910
2024-10-01,62,1823367813,868d38d6bcb9a2efe2e23f4211d497908e99d66b,5,5,2999922926068753781174653,2999922.926068753781
2024-10-01,63,2057165353,415b453cbe3cce0386c7fac174f1d14873dd0dcb,8,8,2999385332597965634898440,2999385.332597965635
2024-10-01,64,494081559,dd84ce1adcb3a4908db61a1dfa3353c3974c5a2b,25,25,2922935399203078003754267,2922935.399203078004
2024-10-01,65,819457661,cf7841fd47bf33004b07ede874e7afc714616231,2,2,2912644853100000000000000,2912644.853100000000
2024-10-01,66,448146206,431e81e5dfb5a24541b5ff8762bdef3f32f96354,1,1,2874904103493838960352436,2874904.103493838960
2024-10-01,67,2019794579,ef42d6e46cb8768cfab20333dc5db1a46dfa2a45,7,7,2865893100243731359381188,2865893.100243731359
2024-10-01,68,1242296813,121df6cf9d35c240aa191dc045e24b4f4ef4fa5b,2,2,2589473128067902559911947,2589473.128067902560
2024-10-01,69,1199766106,d14f57283d1487f7bec9a3b4ccfed80930bbc91c,7,7,2480536501659427501049489,2480536.501659427501
2024-10-01,70,-28216048,61c2d45bcf7840d8286baa986797c2b709651b78,3,3,2408025408782000000000000,2408025.408782000000
2024-10-01,71,1616329902,d2b2a8ab7a8c903501f4db4ee45c67522a4511ed,4,4,2181059874442334521112754,2181059.874442334521
2024-10-01,72,-64710781,c837584a1a888d1204fc3980ec36e5b545da663f,4,4,2126073578979841330563336,2126073.578979841331
2024-10-01,73,1922726539,f3a1ce2de3fc5392b7d273d021bc05141941b195,3,3,2085830609709828048303798,2085830.609709828048
2024-10-01,74,707478156,8e83fab54c595ee085111ae498c8bbca8c8b2c92,5,5,2070769872113242402819508,2070769.872113242403
2024-10-01,75,-72396065,47f7198d84be6ebd7beb7f1553244903563af7c9,2,2,2012615096980000102399982,2012615.096980000102
2024-10-01,76,-73318026,23fb4fc3356670f01461975b4a1374b566416232,2,2,2000017743766000000000000,2000017.743766000000
2024-10-01,77,-74521100,24756f55b07bb72bea6484f2b13d6e0ea66012a0,4,4,1993982668194000000000000,1993982.668194000000
2024-10-01,78,-75780480,6f43b63a17f1f510e54f03e482ea73ff92745c85,2,2,1987964004446000000000000,1987964.004446000000
2024-10-01,79,655581146,19e0c4c43c3f08baebdc4fc4c4c7a58ab02bc18f,23,23,1932665569816178911347218,1932665.569816178911
2024-10-01,80,-69855687,d0bef079afc67225c84a486109379ef91e79b6c4,2,2,1932664548908000046219264,1932664.548908000046
2024-10-01,81,-71247031,c1478deb7ab444e156907110a8be0624c7586f6c,2,2,1932659207559822780995490,1932659.207559822781
2024-10-01,82,-67624531,682306a480656fb01cc63261c76a1f1c571a09e1,2,2,1912695736911010027771150,1912695.736911010028
2024-10-01,83,-68754802,5e37adb312b818de12751e00d7019531c33211f6,2,2,1912685676632887318086570,1912685.676632887318
2024-10-01,84,1527078170,0f574d3e29224535533ed039e39c65911564770b,2,2,1912253032228418424361159,1912253.032228418424
2024-10-01,85,944211123,07499c08287a6cd6514cace69100916c67631dc7,1,1,1897081786914714625725384,1897081.786914714626
2024-10-01,86,-45228790,93a5703e6c7f2d9a523250b23b53d659aaa5e395,1,1,1894309403028700106429114,1894309.403028700106
2024-10-01,87,-65288833,e568065a7882b42db60843774cf8b814134f8f3c,2,2,1852724034560333289338512,1852724.034560333289
2024-10-01,88,-14398839,1fcb671b1c6025c90ee12f9ffdf5a917f910dec0,1,1,1769444582170726179256477,1769444.582170726179
2024-10-01,89,2004658580,96cfd8029307cf028d6eb2124f28714a8af7e912,11,11,1753954236684137452679759,1753954.236684137453
2024-10-01,90,130353790,30c0ed6047752b0cd93754e84dbd919662c2d79e,4,4,1738818739086032881769407,1738818.739086032882
2024-10-01,91,2047085623,2f429fe320dc80416dfd78597344866fb5d0a93d,7,7,1656738321858347878787027,1656738.321858347879
2024-10-01,92,1630364212,7052d6e780435e09901bd73ce280183f40a65459,10,10,1633098176463438594984333,1633098.176463438595
2024-10-01,93,1639078293,0bb2a39bf84f8f857c1ed4029c0206705ddfadef,6,6,1594513932708818318830920,1594513.932708818319
2024-10-01,94,1989403633,eca11c909d39f27262f41587f11f4047b20a0fb8,1,1,1592300029812000000000000,1592300.029812000000
2024-10-01,95,2054612568,a052d039738d667f1e12180c388816308e9d022d,7,7,1590023142408615272607845,1590023.142408615273
2024-10-01,96,1881711418,5411fbba3ce8ec41225f3412720551b1f5ef26e6,8,8,1498507814352448713072890,1498507.814352448713
2024-10-01,97,2006718038,75f74429c7f05f88580d32cb816bc422c7807087,6,6,1482862100561813794621967,1482862.100561813795
2024-10-01,98,1440642546,a02c5aa7df8fb9429811a0ca6a13faa38c64ede6,8,8,1464458107385576549679858,1464458.107385576550
2024-10-01,99,1080965352,4c2baa098e9ea53af7664746f492ea06914f4d79,3,3,1458404514333803493266887,1458404.514333803493
2024-10-01,100,-26022708,5e1e32fc8446b32aea60280812cb6facb303ad07,1,1,1406216279132646244874345,1406216.279132646245
2024-11-01,1,1879543738,aaf9f14f20145ad50db369e52b2793bfeb18a45b,169,169,1969312197593978399757355975,1969312197.59397840
2024-11-01,2,2027659310,b99a2c4c1c4f1fc27150681b740396f6ce1cbcf5,53,53,803678779342460016500167802,803678779.34246002
2024-11-01,3,1973459980,ed0c6079229e2d407672a117c22b62064f4a4312,23,23,278032620750618153995161285,278032620.75061815
2024-11-01,4,1804345379,c08b122fb1057149f55d49d3d5cea0d083b37ffb,82,82,238187162296739919214719400,238187162.29673992
2024-11-01,5,1153711585,8fd589aa8bfa402156a6d1ad323fec0ecee50d9d,15,15,108136340861890355527508369,108136340.86189036
2024-11-01,6,1254801885,4ee79e19c9c398e364d135f01b25dccc0473047c,8,8,82000000000000000000000000,82000000.000000000000
2024-11-01,7,170948875,d007058e9b58e74c33c6bf6fbcd38baab813cbb6,32,32,68665675427016451630720245,68665675.427016451631
2024-11-01,8,690932580,dbf5e9c5206d0db70a90108bf936da60221dc080,186,186,64165044000000000000000000,64165044.000000000000
2024-11-01,9,1712565812,8a25d8c9fa8c7a726137f2d618d85cbc2c083f78,8,8,52205470126307320438177921,52205470.126307320438
2024-11-01,10,13596055,0f3c2476fbf0ed09dff00ea7f4ef252dcc72e6f1,8,8,48151228344254907588157430,48151228.344254907588
2024-11-01,11,-103396510,9295bd6ce26e5896dc21feda84ef65d2472070dc,2,2,46006378525385000000000000,46006378.525385000000
2024-11-01,12,2055387334,b282081b2681ba4eb2899c2722eeef0a98515b98,46,46,45440832765172989660786137,45440832.765172989661
2024-11-01,13,1885574639,685a76306aa3e81f3096c7db225cf19fa4794e96,7,7,42361159022161471089515600,42361159.022161471090
2024-11-01,14,1145636204,cdc8bbc2c740e44e9231dc3a8842800aa2433d18,34,34,35785809264201797495932360,35785809.264201797496
2024-11-01,15,-72378393,8c0b334ca809c3e4c58701d4238a6ed4132febee,19,19,30621270263544558322046629,30621270.263544558322
2024-11-01,16,1318496439,49e96e255ba418d08e66c35b588e2f2f3766e1d0,11,11,30200000000000000000000000,30200000.000000000000
2024-11-01,17,2099296334,e009367f3892dc4902f94f9a4639917d0a03b616,4,4,30053327821044980221748431,30053327.821044980222
2024-11-01,18,9591554,78e96be52e38b3fc3445a2ed34a6e586ffab9631,4,4,28512672433059520724186993,28512672.433059520724
2024-11-01,19,-54210322,fd63ea2792260c21f0f68517b1c06c3a21c391c7,9,9,28416087063137999999999998,28416087.063138000000
2024-11-01,20,-34800190,8b6f987d56231a126f89323def7159d3beb6ab94,18,18,24527325099012378226928418,24527325.099012378227
2024-11-01,21,1122622037,3d1bc92b1635a76193e67e86fa0b10cd8b8b1ab9,33,33,24073982899409027793101272,24073982.899409027793
2024-11-01,22,-83577134,43d2a401749093aeaf7a3e821699df9bbcc7967d,2,2,20556126070586531405698527,20556126.070586531406
2024-11-01,23,3808903,d553294b42bdfeb49d8f5a64e8b2d3a65fc673a9,17,17,20401933264046773480936609,20401933.264046773481
2024-11-01,24,-75660162,1c6586f4895a569d9efac5abd231b79e0d47caad,23,23,18878848667303679427349518,18878848.667303679427
2024-11-01,25,2056386871,2ae08196c5323f5cd1a792de2124914ff4704e03,7,7,18241929843375928106274816,18241929.843375928106
2024-11-01,26,1384162637,298629982613bf36c48d0b31afd2fe7d1b4604dc,5,5,16423694437801201700908658,16423694.437801201701
2024-11-01,27,1285272328,733c33339684f38c8aada0434751611e168255c4,38,38,16372510974879588761337447,16372510.974879588761
2024-11-01,28,608648476,2326d4fb2737666dda96bd6314e3d4418246cfe8,14,14,16038769288148033796586092,16038769.288148033797
2024-11-01,29,1896711333,7f021f9c6fe8c4b744e8ff2ad51ec8bf175f98d4,5,5,15761727183071999999999994,15761727.183072000000
2024-11-01,30,-99910961,02f295d4cfb4b2c4a562fe79754fafea87b98318,1,1,15239498954246967436838883,15239498.954246967437
2024-11-01,31,1402185963,3d2b93409174c9cf48fbe31447ef6fc738f0d7a2,1,1,15098751694511869437012792,15098751.694511869437
2024-11-01,32,1573731160,77fc6e36d82010b2263b76959720e9ee2c947467,20,20,14844898245195723249436900,14844898.245195723249
2024-11-01,33,560607792,f567361ff0bcdcad1252c8e2fb8e5d4a9bb4e266,7,7,14443717409590757292666865,14443717.409590757293
2024-11-01,34,1696425324,8af700ba841f30e0a3fcb0ee4c4a9d223e1efa05,1,1,13147266586340294944300494,13147266.586340294944
2024-11-01,35,-95525033,8899faed2e1b0e9b7f41e08b79be71ec3d1f9ec1,9,9,12808595215333000000000000,12808595.215333000000
2024-11-01,36,580151905,597568694fe6ee1b701ec8578bd57102c9a29abd,6,6,12009896947095186301274938,12009896.947095186301
2024-11-01,37,206911220,39d787fdf7384597c7208644dbb6fda1cca4ebdf,4,4,11434222171946542533321853,11434222.171946542533
2024-11-01,38,-70891502,b075b4756243c12a251e8b63306179f7d80157a5,8,8,10979828505732308009780905,10979828.505732308010
2024-11-01,39,747523018,6b28fb12ee41baa9d1df16971de53adde6d1be5b,10,10,10842995924720809088060883,10842995.924720809088
2024-11-01,40,636474488,65ae0ed283fa71fd0d22f13512d7e0bd9e54c14a,20,20,10588490114611384954325521,10588490.114611384954
2024-11-01,41,1199766106,d14f57283d1487f7bec9a3b4ccfed80930bbc91c,25,25,10271584287647574236952998,10271584.287647574237
2024-11-01,42,1864986256,2c412e7c3fe89711440e745f462409b73a66c32d,1,1,10146026521382306678153276,10146026.521382306678
2024-11-01,43,-27684478,488a6853e9604c3b9e4e711c20adf88f241a51c5,2,2,9999708285565258972078177,9999708.285565258972
2024-11-01,44,2119729236,81ebde24453b8e40454616579ea79c79a197699d,10,10,9708082000000000000000000,9708082.000000000000
2024-11-01,45,2117633678,a9ed0db00e5c29e7e18a55db159ea33fb5fea60a,9,9,9699087325331641403924388,9699087.325331641404
2024-11-01,46,365318,ee2826453a4fd5afeb7ceffeef3ffa2320081268,12,12,9252498177143575404429292,9252498.177143575404
2024-11-01,47,2126720686,00236feeac26ef92552e3981096350d136084c64,24,24,8403155749270372588109186,8403155.749270372588
2024-11-01,48,-99375472,7db1644d6f9d88f12831cd6626289acf1ebe8348,2,2,7981697691978141476048576,7981697.691978141476
2024-11-01,49,2021574853,3134c7d0a8178c0f3b8d9c8f360e0177f8910229,13,13,7388854816510954572782010,7388854.816510954573
2024-11-01,50,1535629643,4624cb6d50edfe9e4471dbf34b63af2dbd2173b0,5,5,7107463841564343060711429,7107463.841564343061
2024-11-01,51,1839362061,fe99cc4664a939f826dbeb545c1aad4c89ee737a,7,7,7050000291645344468008076,7050000.291645344468
2024-11-01,52,685867300,665671de9ac530d7bb982bc440be9741d25c3eb0,6,6,7010090611157473268627856,7010090.611157473269
2024-11-01,53,2086191864,3c66133a7fd29ab1e551db9e8832dca0cead7a16,8,8,7008344812425525654677578,7008344.812425525655
2024-11-01,54,-11022509,d332ade19050476a4446bdc03e574255154aaf0d,4,4,7003481895118994898729329,7003481.895118994899
2024-11-01,55,-100993683,21be6569c0a01488c5b02428fd45bf6248042e2c,4,4,6836014097133000000000000,6836014.097133000000
2024-11-01,56,9488437,4740fa6b32c5b41ebbf631fe1af41e6fff6e2388,9,9,6239962835431173609622332,6239962.835431173610
2024-11-01,57,2094248035,df2609ec3d2e07a79d2e25e52960e75250bd9aaa,7,7,6212680000000000000000000,6212680.000000000000
2024-11-01,58,1347308373,d090d2c8475c5ebdd1434a48897d81b9aaa20594,4,4,6043097648164987476365386,6043097.648164987476
2024-11-01,59,1759635056,f0a9234e0c5f50127b82960bae21f05f9dd9aaf4,3,3,6037345295504063164726068,6037345.295504063165
2024-11-01,60,-113751618,43911ee0012cdabf825d1ffe3a3e372c9d477618,3,3,6000394931988246664078640,6000394.931988246664
2024-11-01,61,-74906579,a580fe412dfbc2754bf0b9006075bd4b64a6752b,2,2,6000000000000000000000000,6000000.000000000000
2024-11-01,62,-16629953,961972a5c91e7237a3b02d2ee173ac3999e49480,10,10,5805304557760658681718728,5805304.557760658682
2024-11-01,63,2016851435,bf796e96551339e70b45ec4d259372693d49fdd5,5,5,5761639032052334784929634,5761639.032052334785
2024-11-01,64,2062311036,70a99d1698c2ad1427a68ae37894cb90244ba275,5,5,5625000000000000000000000,5625000.000000000000
2024-11-01,65,2088528243,31078100f05988e15407aac745fcd141f9440475,4,4,5552115489913353313119494,5552115.489913353313
2024-11-01,66,1891548680,c65236e35c1e0dc9e2044f6f38c9c3497e95ffa2,3,3,5511612803417000000000000,5511612.803417000000
2024-11-01,67,1571722990,99b95c60b2d68db15dffb11a71076a31ccaf1487,15,15,5432481502027135442196671,5432481.502027135442
2024-11-01,68,-101198104,54f0baa82ca537a76bb3354eb22a21d05f4274b7,4,4,5071397694279000000000000,5071397.694279000000
2024-11-01,69,839887091,a5cce50b52eba6c30be3f18def74a98472ff3f3d,17,17,5019058849131000000000000,5019058.849131000000
2024-11-01,70,721103,61c808d82a3ac53231750dadc13c777b59310bd9,2,2,5000826126783000000000000,5000826.126783000000
2024-11-01,71,1179880785,18f7a7ad23163c5ea7d5c059c1a98c3ce57cb5c0,1,1,4998411032887000000000000,4998411.032887000000
2024-11-01,72,-54192075,584b9c03e548aa8520bdbc091157e94e1a006542,1,1,4899995015009000000000000,4899995.015009000000
2024-11-01,73,857642183,9e380c121d291596812d680465156dde3bfba9c6,8,8,4831531181213000000000000,4831531.181213000000
2024-11-01,74,2054612568,a052d039738d667f1e12180c388816308e9d022d,15,15,4803401881130000000000000,4803401.881130000000
2024-11-01,75,773991434,fca6e196c2ad557e64d9397e283c2afe57344b75,2,2,4701913200000000000000000,4701913.200000000000
2024-11-01,76,1023915661,9cbf099ff424979439dfba03f00b5961784c06ce,10,10,4593289183753005571038586,4593289.183753005571
2024-11-01,77,5288884,a53a13a80d72a855481de5211e7654fabdfe3526,15,15,4553129209872864792426312,4553129.209872864792
2024-11-01,78,1878845690,4711b67b499da8baa13c004c72f60eb3b7c8e792,8,8,4520000000000000000000000,4520000.000000000000
2024-11-01,79,1271913269,3f3429d28438cc14133966820b8a9ea61cf1d4f0,1,1,4464812412957843572771084,4464812.412957843573
2024-11-01,80,1539791159,728ac133a5c9250a61f7b27abbe7a823e786ff66,1,1,4371530000000000000000000,4371530.000000000000
2024-11-01,81,2087961881,22a709eece6ee82293e5fcdeea7ceefdefd499cd,15,15,4333300011466846459208162,4333300.011466846459
2024-11-01,82,979289503,08d49c032f268d3ac4265d1909c28dfaab440040,5,5,4309220960800376879019202,4309220.960800376879
2024-11-01,83,1545417532,43e1ccfe765f6c2a09bbe63d456bcb1e85835fe5,6,6,4092411657120249042968148,4092411.657120249043
2024-11-01,84,1132058419,916792f7734089470de27297903bed8a4630b26d,5,5,4066313085191989383208401,4066313.085191989383
2024-11-01,85,896690761,46a83dc1a264bff133db887023d2884167094837,6,6,4001393340266029556297004,4001393.340266029556
2024-11-01,86,1797925792,ddf725d2ebd795748dd8c6b700b7c98d1dfb8ce5,1,1,4000000000000000000000000,4000000.000000000000
2024-11-01,87,16022913,8017ff21bc4972d84a4dfff2141517daefd0c256,2,2,4000000000000000000000000,4000000.000000000000
2024-11-01,88,678496023,6d478cb16317680a517ff89253f82032efdc31ba,12,12,3956941661177421549466179,3956941.661177421549
2024-11-01,89,1607882072,0bac795307a5f8a5a07a79d335b41ae5320b3f00,2,2,3899999000000000000000000,3899999.000000000000
2024-11-01,90,1593517723,08d92207a07e0789cfcf19413123c3eb919d3480,5,5,3805851416173475799018226,3805851.416173475799
2024-11-01,91,734202508,dcf28bc785ae4ba5ebfe4e1fab9d505677aadbe1,4,4,3800059826246447543222633,3800059.826246447543
2024-11-01,92,1697739337,d8675bcfc11d5de3293e58740779a609c6c41418,6,6,3703234377735000000000000,3703234.377735000000
2024-11-01,93,2006718038,75f74429c7f05f88580d32cb816bc422c7807087,6,6,3700683162116000031825940,3700683.162116000032
2024-11-01,94,1715872443,4f0a01badaa24f762cee620883f16c4460c06be0,16,16,3530000000000000000000000,3530000.000000000000
2024-11-01,95,1989403633,eca11c909d39f27262f41587f11f4047b20a0fb8,4,4,3519856748680516839630442,3519856.748680516840
2024-11-01,96,1931218973,b9f71287b1c9cc08d351c8f107201e4064f78ac5,2,2,3308399600000000000000000,3308399.600000000000
2024-11-01,97,1936553385,5a63ccb54a936357839f9d3a8d580e9e1024d5b7,7,7,3181039368000000000000000,3181039.368000000000
2024-11-01,98,1108108855,e9e6d5663ec820bc5bebaca5555120ab6b4a437d,3,3,3156727427019411677541983,3156727.427019411678
2024-11-01,99,566191727,e67e43b831a541c5fa40de52ab0afbe311514e64,2,2,3114686779146747041818229,3114686.779146747042
2024-11-01,100,1268223924,54e324219979c0d1e9a895122edaaaa3c02cb6b4,4,4,3100788803879969103359594,3100788.803879969103
2024-12-01,1,1879543738,aaf9f14f20145ad50db369e52b2793bfeb18a45b,103,103,1138468264281412000000000000,1138468264.28141200
2024-12-01,2,1973459980,ed0c6079229e2d407672a117c22b62064f4a4312,19,19,435503125317258060634826219,435503125.31725806
2024-12-01,3,2027659310,b99a2c4c1c4f1fc27150681b740396f6ce1cbcf5,7,7,186796256631513138940679230,186796256.63151314
2024-12-01,4,-85209082,9b138b53d7897525ee536d6b07c00e813be57fc6,10,10,149708359915433871993352363,149708359.91543387
2024-12-01,5,1804345379,c08b122fb1057149f55d49d3d5cea0d083b37ffb,26,26,121989893802680031276276613,121989893.80268003
2024-12-01,6,13596055,0f3c2476fbf0ed09dff00ea7f4ef252dcc72e6f1,20,20,98862146659038481882877002,98862146.659038481883
2024-12-01,7,1153711585,8fd589aa8bfa402156a6d1ad323fec0ecee50d9d,13,13,97157210081702565418150351,97157210.081702565418
2024-12-01,8,1797925792,ddf725d2ebd795748dd8c6b700b7c98d1dfb8ce5,33,33,77286536403047795325221398,77286536.403047795325
2024-12-01,9,-83577134,43d2a401749093aeaf7a3e821699df9bbcc7967d,3,3,61845104526996173381709986,61845104.526996173382
2024-12-01,10,690932580,dbf5e9c5206d0db70a90108bf936da60221dc080,48,48,53471774000000000000000000,53471774.000000000000
2024-12-01,11,1948685288,06f5c1e53f803c3554c4a044dec4f5e1de087fff,17,17,40776692877988142458785595,40776692.877988142459
2024-12-01,12,-139031532,1be45fef92c4e2538fecd150757ed62b7b3757d7,3,3,39001808171783957836215296,39001808.171783957836
2024-12-01,13,1712565812,8a25d8c9fa8c7a726137f2d618d85cbc2c083f78,17,17,36846256188107878264700077,36846256.188107878265
2024-12-01,14,3808903,d553294b42bdfeb49d8f5a64e8b2d3a65fc673a9,11,11,34475283628143376712118128,34475283.628143376712
2024-12-01,15,9591554,78e96be52e38b3fc3445a2ed34a6e586ffab9631,12,12,29219823894450161241726946,29219823.894450161242
2024-12-01,16,608648476,2326d4fb2737666dda96bd6314e3d4418246cfe8,11,11,28670784499332089079473226,28670784.499332089079
2024-12-01,17,-144263855,9901d4c113432a7821b366e501d51c1de7a58a8a,2,2,26981977624708587100346509,26981977.624708587100
2024-12-01,18,580151905,597568694fe6ee1b701ec8578bd57102c9a29abd,4,4,25044818853047952898420749,25044818.853047952898
2024-12-01,19,-72378393,8c0b334ca809c3e4c58701d4238a6ed4132febee,9,9,24532495736130997014634496,24532495.736130997015
2024-12-01,20,-27684478,488a6853e9604c3b9e4e711c20adf88f241a51c5,6,6,20025344498910195505266980,20025344.498910195505
2024-12-01,21,170948875,d007058e9b58e74c33c6bf6fbcd38baab813cbb6,6,6,20004631413174881251351185,20004631.413174881251
2024-12-01,22,1600620284,aa7577a7a27aa7fcf6d0ec481b87df3ad0f6a88e,15,15,19806216480317000000000000,19806216.480317000000
2024-12-01,23,531407942,5ec6abff9bb4c673f63d077a962a29945f744857,19,19,17949509291913385251349274,17949509.291913385251
2024-12-01,24,1819122099,01f78f128f09034744d2847cc8d5939719285527,8,8,17500000000000000000000000,17500000.000000000000
2024-12-01,25,-99910961,02f295d4cfb4b2c4a562fe79754fafea87b98318,2,2,15348645130121161290069387,15348645.130121161290
2024-12-01,26,2117633678,a9ed0db00e5c29e7e18a55db159ea33fb5fea60a,7,7,15208945248979383798272801,15208945.248979383798
2024-12-01,27,-125133404,a0937af02291e4ddc8442f4571796d806f7b19f2,1,1,15000000000000000000000000,15000000.000000000000
2024-12-01,28,-75660162,1c6586f4895a569d9efac5abd231b79e0d47caad,31,31,14945739993970976586327055,14945739.993970976586
2024-12-01,29,1535629643,4624cb6d50edfe9e4471dbf34b63af2dbd2173b0,9,9,14819126786932169433091488,14819126.786932169433
2024-12-01,30,1935386740,cf68f8f5041a2757bdc7e7cab1b342189a1803c6,12,12,14758180010844005070277099,14758180.010844005070
2024-12-01,31,16022913,8017ff21bc4972d84a4dfff2141517daefd0c256,4,4,13622195308344000000000000,13622195.308344000000
2024-12-01,32,2056386871,2ae08196c5323f5cd1a792de2124914ff4704e03,6,6,12931458431644998814978048,12931458.431644998815
2024-12-01,33,2053345140,89b0a5e2863b1aa6b321b17e3e7f632a46b4b941,15,15,12725296973159846068477136,12725296.973159846068
2024-12-01,34,1145636204,cdc8bbc2c740e44e9231dc3a8842800aa2433d18,12,12,12267117307120933275422998,12267117.307120933275
2024-12-01,35,1891548680,c65236e35c1e0dc9e2044f6f38c9c3497e95ffa2,4,4,11931242923361953129729043,11931242.923361953130
2024-12-01,36,1804318336,a8c18057c5aaaaff6000d28a057a6994b2e09bfb,2,2,11500000000000000000000000,11500000.000000000000
2024-12-01,37,685867300,665671de9ac530d7bb982bc440be9741d25c3eb0,7,7,10798489893557747803104248,10798489.893557747803
2024-12-01,38,2099296334,e009367f3892dc4902f94f9a4639917d0a03b616,2,2,10047540579331000000000000,10047540.579331000000
2024-12-01,39,849833446,1778767436111ec0adb10f9ba4f51a329d0e7770,4,4,9803386946756080791020641,9803386.946756080791
2024-12-01,40,1550153471,7fe4b2632f5ae6d930677d662af26bc0a06672b3,11,11,9687946605522252413031912,9687946.605522252413
2024-12-01,41,1539791159,728ac133a5c9250a61f7b27abbe7a823e786ff66,5,5,8718807410000000000000000,8718807.410000000000
2024-12-01,42,1318496439,49e96e255ba418d08e66c35b588e2f2f3766e1d0,9,9,8635618171751895441675408,8635618.171751895442
2024-12-01,43,566191727,e67e43b831a541c5fa40de52ab0afbe311514e64,3,3,8501145886510747041818229,8501145.886510747042
2024-12-01,44,768606638,0ad1763dddd2aa9284b3828c19eed0a1960f362b,5,5,8338329453606471130242264,8338329.453606471130
2024-12-01,45,-45650621,7bed7fe141dfb09ba88a598f89a82bcfeb4acd38,5,5,7801180657393502855332238,7801180.657393502855
2024-12-01,46,1166506911,4be62b7de5f4544d35300bf7de9114e997c5c5e1,4,4,7339316033260142714074418,7339316.033260142714
2024-12-01,47,365318,ee2826453a4fd5afeb7ceffeef3ffa2320081268,7,7,7300593203795629828463865,7300593.203795629828
2024-12-01,48,-26012388,99d7043940bee529c315f9bcc27a06ef91661a62,1,1,7050956584649533379749092,7050956.584649533380
2024-12-01,49,1085672321,5d7aaa862681920ea4f350a670816b0977c80b37,1,1,7019799993838435681334014,7019799.993838435681
2024-12-01,50,581135653,8d1b878509562fe8c097536e6e8da5bdeed05d1b,10,10,6924073000000000000000000,6924073.000000000000
2024-12-01,51,-125076566,c03957d3e08e7fc43b447cbbe5dec75c07404739,6,6,6551315229380524801046792,6551315.229380524801
2024-12-01,52,2094248035,df2609ec3d2e07a79d2e25e52960e75250bd9aaa,5,5,6200000000000000000000000,6200000.000000000000
2024-12-01,53,220440357,49a2dcc237a65cc1f412ed47e0594602f6141936,2,2,6052925101822707264587562,6052925.101822707265
2024-12-01,54,-74906579,a580fe412dfbc2754bf0b9006075bd4b64a6752b,6,6,6030598395593067688308545,6030598.395593067688
2024-12-01,55,1347308373,d090d2c8475c5ebdd1434a48897d81b9aaa20594,4,4,5848571935569944751318419,5848571.935569944751
2024-12-01,56,1691544285,3a13186e9644e8862e24f952002dc6e3ddc83ebe,3,3,5766136968764000000000000,5766136.968764000000
2024-12-01,57,2087961881,22a709eece6ee82293e5fcdeea7ceefdefd499cd,3,3,5621064086931383963179695,5621064.086931383963
2024-12-01,58,2088528243,31078100f05988e15407aac745fcd141f9440475,11,11,5562877921207705493166970,5562877.921207705493
2024-12-01,59,1092816085,f4477e81f2de150d48c4941c93e54d36ab82ad3f,1,1,5289526554322986599326419,5289526.554322986599
2024-12-01,60,-83579498,2febf25fa2d6c9151a6879172ff314bcc3574ac7,1,1,5236674957281702415365864,5236674.957281702415
2024-12-01,61,1371332921,bf47e471eee2c58782abd0b66cb7be865c809a95,5,5,5144605610505648966585960,5144605.610505648967
2024-12-01,62,-25872635,ae0c80271c262b1330e9effd8e59f79652d1e087,4,4,5003573503321889799565060,5003573.503321889800
2024-12-01,63,1384162637,298629982613bf36c48d0b31afd2fe7d1b4604dc,1,1,5000000000000000000000000,5000000.000000000000
2024-12-01,64,839887091,a5cce50b52eba6c30be3f18def74a98472ff3f3d,15,15,4961199011826000000000000,4961199.011826000000
2024-12-01,65,857642183,9e380c121d291596812d680465156dde3bfba9c6,8,8,4834074354565000000000000,4834074.354565000000
2024-12-01,66,1885729150,fb94d3404c1d3d9d6f08f79e58041d5ea95accfa,4,4,4808457622502503522577079,4808457.622502503523
2024-12-01,67,1798215613,42a285ab44114ee4d76054056e4c7c78ae01befb,10,10,4745323526385000000000000,4745323.526385000000
2024-12-01,68,1936553385,5a63ccb54a936357839f9d3a8d580e9e1024d5b7,8,8,4702622219549936637647591,4702622.219549936638
2024-12-01,69,1199766106,d14f57283d1487f7bec9a3b4ccfed80930bbc91c,10,10,4415201174649459835756929,4415201.174649459836
2024-12-01,70,-127716086,8b97983ebc60f826e29ab9bdbce828c81e8aa34b,5,5,4171291496411158289577295,4171291.496411158290
2024-12-01,71,1272985700,54207bdd0b6b1daa5bd98c0c8c2ebdef65f63a3b,8,8,4147127007984246361624374,4147127.007984246362
2024-12-01,72,1428617396,b1e037aa54e1f3bc096e1c09791ac27fe388aba8,5,5,4071265645600000000000000,4071265.645600000000
2024-12-01,73,2062311036,70a99d1698c2ad1427a68ae37894cb90244ba275,4,4,3949301849664024806311292,3949301.849664024806
2024-12-01,74,1802516275,4aa29d0aec8c80cad432cc2e272ab2351b72b745,1,1,3921488621779000000000000,3921488.621779000000
2024-12-01,75,1263345545,c4e866cf9dfa2c1b827c671dee36365f8189a6b0,4,4,3898569149202000000000000,3898569.149202000000
2024-12-01,76,-138411732,355f69a27f62ea8a852298b84e232579a9f4eeaf,3,3,3749948785779000000000000,3749948.785779000000
2024-12-01,77,-123545641,b74f69ef985f2ec8c552507c712b8b0911be8348,1,1,3513138576877326962000288,3513138.576877326962
2024-12-01,78,-116042602,c8cd509de83b99838939c195e11ebd477bb029a9,4,4,3467239059347000000000000,3467239.059347000000
2024-12-01,79,1627131082,f3c5de0eab23702287d4793acbf0e18bf755b833,1,1,3407862296803605929122056,3407862.296803605929
2024-12-01,80,1381081054,79dc1620b19298e29af58e5ebb2983bec2ab544d,3,3,3374574032311000000000000,3374574.032311000000
2024-12-01,81,2016851435,bf796e96551339e70b45ec4d259372693d49fdd5,1,1,3369781628662492136192716,3369781.628662492136
2024-12-01,82,1680517700,9079a7110808e9355a75d9da53c280c4b6dc5875,5,5,3211968070196957221964483,3211968.070196957222
2024-12-01,83,-121782409,e08d6e6411ba4d65802a0051d1c692972c7bad93,1,1,3193676797264925996613529,3193676.797264925997
2024-12-01,84,-142652627,0f6c33a3517f83a94ea9640e55a464de66662d41,2,2,3094398490000000000000000,3094398.490000000000
2024-12-01,85,-126644416,3f1c4fe16db25df8baaa4b3ef72ced1eb96b6ec7,3,3,3002804011415000000000000,3002804.011415000000
2024-12-01,86,380630374,33eecc48943aaeabb5328a25ff28eb85f67945c2,4,4,3000698903248302115491272,3000698.903248302115
2024-12-01,87,1502853046,a910ea01d5cd2afe8d09c326d714384c1d6a9ed4,9,9,2947000000000000000000000,2947000.000000000000
2024-12-01,88,1176868372,a701b1315168f2cd290c3f3df3427e88e946f91c,2,2,2870455684773272840692379,2870455.684773272841
2024-12-01,89,1956134581,9bef6bf8e6b1ed4f8b6f2db3c1d86df19eebd454,1,1,2849944023173000000000000,2849944.023173000000
2024-12-01,90,1989403633,eca11c909d39f27262f41587f11f4047b20a0fb8,1,1,2771149121254000000000000,2771149.121254000000
2024-12-01,91,1177203529,2674341d40b445c21287b81c4bc95ec8e358f7e8,1,1,2769668410317415070641294,2769668.410317415071
2024-12-01,92,2078257762,53462590ee77ce6ead19d2caa9f3d84dca95022a,9,9,2761649244880997652073282,2761649.244880997652
2024-12-01,93,-127364192,074ec6cd648aba7de61f07fb4b96672b00f4f09a,3,3,2753661432215354815071868,2753661.432215354815
2024-12-01,94,819457661,cf7841fd47bf33004b07ede874e7afc714616231,2,2,2722007129030001072737236,2722007.129030001073
2024-12-01,95,-100928632,751cea080ad674753e4da827786e1c2a0ce893f1,4,4,2634020315509000000000000,2634020.315509000000
2024-12-01,96,1964834762,e2321c8324c1da7b3ba790627d0e4ee444188a23,1,1,2494885757821000049550861,2494885.757821000050
2024-12-01,97,-34800190,8b6f987d56231a126f89323def7159d3beb6ab94,2,2,2487478161150244582856850,2487478.161150244583
2024-12-01,98,1123551784,06d486a38e1195fdee147fbe309821d72b06f197,1,1,2429026505861784541209336,2429026.505861784541
2024-12-01,99,-144090739,6737af2e686d7e7dff528ccd49a8342e3695c58e,14,14,2417996853330364897399026,2417996.853330364897
2024-12-01,100,755241215,1adb67a4c80a760579378624714dc01b89e69549,5,5,2400045000000000000000000,2400045.000000000000
2025-01-01,1,1973459980,ed0c6079229e2d407672a117c22b62064f4a4312,48,48,1294119687345017634963476335,1294119687.34501763
2025-01-01,2,2027659310,b99a2c4c1c4f1fc27150681b740396f6ce1cbcf5,19,19,416315384450404464108491684,416315384.45040446
2025-01-01,3,1153711585,8fd589aa8bfa402156a6d1ad323fec0ecee50d9d,18,18,117902004811994236171554659,117902004.81199424
2025-01-01,4,1633644621,d48573cda0fed7144f2455c5270ffa16be389d04,1,1,100151440432495000000000000,100151440.432495000000
2025-01-01,5,13596055,0f3c2476fbf0ed09dff00ea7f4ef252dcc72e6f1,15,15,88313215400752784041643470,88313215.400752784042
2025-01-01,6,170948875,d007058e9b58e74c33c6bf6fbcd38baab813cbb6,6,6,63288741632951434609006137,63288741.632951434609
2025-01-01,7,-146336467,925109e0affe306c31b55d8181e766d53af7a778,3,3,50000000000000000000000000,50000000.000000000000
2025-01-01,8,1879543738,aaf9f14f20145ad50db369e52b2793bfeb18a45b,10,10,44499986501599845870676601,44499986.501599845871
2025-01-01,9,2119729236,81ebde24453b8e40454616579ea79c79a197699d,10,10,40009594543791368352922174,40009594.543791368353
2025-01-01,10,608648476,2326d4fb2737666dda96bd6314e3d4418246cfe8,12,12,35037309155776987783333801,35037309.155776987783
2025-01-01,11,1132058419,916792f7734089470de27297903bed8a4630b26d,14,14,31806816850326175355667663,31806816.850326175356
2025-01-01,12,849833446,1778767436111ec0adb10f9ba4f51a329d0e7770,10,10,31383764275917111907503042,31383764.275917111908
2025-01-01,13,2117633678,a9ed0db00e5c29e7e18a55db159ea33fb5fea60a,6,6,30630285886981390664424502,30630285.886981390664
2025-01-01,14,2088528243,31078100f05988e15407aac745fcd141f9440475,14,14,29236231710732159783909466,29236231.710732159784
2025-01-01,15,-139031532,1be45fef92c4e2538fecd150757ed62b7b3757d7,4,4,25685398523809040525991668,25685398.523809040526
2025-01-01,16,1964834762,e2321c8324c1da7b3ba790627d0e4ee444188a23,4,4,24866253346608620691078701,24866253.346608620691
2025-01-01,17,1804345379,c08b122fb1057149f55d49d3d5cea0d083b37ffb,3,3,24219729315282000000000000,24219729.315282000000
2025-01-01,18,690932580,dbf5e9c5206d0db70a90108bf936da60221dc080,13,13,17863536000000000000000000,17863536.000000000000
2025-01-01,19,2025171974,30043ad8a03d17f2dc9077564db24820f3af2056,8,8,17483740552308163906209729,17483740.552308163906
2025-01-01,20,-16629953,961972a5c91e7237a3b02d2ee173ac3999e49480,15,15,14855394097839906543443869,14855394.097839906543
2025-01-01,21,2056386871,2ae08196c5323f5cd1a792de2124914ff4704e03,11,11,14079046584506999196192768,14079046.584506999196
2025-01-01,22,497816519,b4fb31e7b1471a8e52dd1e962a281a732ead59c1,2,2,13844444420502777799579816,13844444.420502777800
2025-01-01,23,1036539257,1be3d6c73e7af74a0ab818c4a95bd72f058f320a,3,3,13549504041938000000000000,13549504.041938000000
2025-01-01,24,5288884,a53a13a80d72a855481de5211e7654fabdfe3526,21,21,13392933939731904634821399,13392933.939731904635
2025-01-01,25,531407942,5ec6abff9bb4c673f63d077a962a29945f744857,15,15,12540933306494560048084474,12540933.306494560048
2025-01-01,26,-169801981,877f3e62532da273c7d02ab02a6f39f0e8106ee6,6,6,11548915092661000000000000,11548915.092661000000
2025-01-01,27,1989403633,eca11c909d39f27262f41587f11f4047b20a0fb8,3,3,10977721353611000000000000,10977721.353611000000
2025-01-01,28,1798854680,6c413690c19cfc80c3db3211c80993bf642c6456,9,9,10861231339456642554968372,10861231.339456642555
2025-01-01,29,1423230696,bb226555fbb98850273b10b0cf55ad2f99966d20,9,9,10021995817388000000000000,10021995.817388000000
2025-01-01,30,-144154419,68c73bdfc1a9b08602c01454221007838c8827c3,8,8,9351587398068139186253403,9351587.398068139186
2025-01-01,31,636474488,65ae0ed283fa71fd0d22f13512d7e0bd9e54c14a,18,18,8652398390934049090568670,8652398.390934049091
2025-01-01,32,1347308373,d090d2c8475c5ebdd1434a48897d81b9aaa20594,6,6,8517630699895023484499684,8517630.699895023484
2025-01-01,33,-45650621,7bed7fe141dfb09ba88a598f89a82bcfeb4acd38,4,4,7874734810013999040483328,7874734.810013999040
2025-01-01,34,839887091,a5cce50b52eba6c30be3f18def74a98472ff3f3d,21,21,7501238739585618453151020,7501238.739585618453
2025-01-01,35,581135653,8d1b878509562fe8c097536e6e8da5bdeed05d1b,13,13,6651602000000000000000000,6651602.000000000000
2025-01-01,36,1891548680,c65236e35c1e0dc9e2044f6f38c9c3497e95ffa2,3,3,6100973784028000000000000,6100973.784028000000
2025-01-01,37,1715872443,4f0a01badaa24f762cee620883f16c4460c06be0,70,70,5996180355445402345308891,5996180.355445402345
2025-01-01,38,-172340658,86836fc0342bef5466fc2530da8be656359c1e81,11,11,5960990249911000000000000,5960990.249911000000
2025-01-01,39,2047148291,02b6d055477669cfa1a1a81b3c08c55857e573a8,11,11,5620664800692390811308836,5620664.800692390811
2025-01-01,40,2053345140,89b0a5e2863b1aa6b321b17e3e7f632a46b4b941,4,4,5515033630492675013541585,5515033.630492675014
2025-01-01,41,-83579498,2febf25fa2d6c9151a6879172ff314bcc3574ac7,1,1,5314203597373552398124932,5314203.597373552398
2025-01-01,42,1207193793,46db0650645f7c9a29783c89171a62240ccc35cf,1,1,5093519848846000000000000,5093519.848846000000
2025-01-01,43,1573731160,77fc6e36d82010b2263b76959720e9ee2c947467,4,4,5040848181385688217635646,5040848.181385688218
2025-01-01,44,-125133404,a0937af02291e4ddc8442f4571796d806f7b19f2,1,1,5000000000000000000000000,5000000.000000000000
2025-01-01,45,-165379245,60c88c2fab35c8bfa1286db52e1ad34e5cb879ef,2,2,4834547999683437781379901,4834547.999683437781
2025-01-01,46,1023915661,9cbf099ff424979439dfba03f00b5961784c06ce,16,16,4815833088742967334521924,4815833.088742967335
2025-01-01,47,1428617396,b1e037aa54e1f3bc096e1c09791ac27fe388aba8,5,5,4585095791400000000000000,4585095.791400000000
2025-01-01,48,434344083,cea4e535d03086dbaa04c71675129654e92cc055,16,16,4495427274998473719675405,4495427.274998473720
2025-01-01,49,1478193861,1dff1b18a06ca76014ceeab849aab8dccfab4329,2,2,4157770970420855815924707,4157770.970420855816
2025-01-01,50,2094248035,df2609ec3d2e07a79d2e25e52960e75250bd9aaa,3,3,4144345865291423593306704,4144345.865291423593
2025-01-01,51,979289503,08d49c032f268d3ac4265d1909c28dfaab440040,2,2,4058446270300400611769793,4058446.270300400612
2025-01-01,52,-121638577,66667ea2891bfb7791409b0e19057a2f6237788c,2,2,4049284971579000141104294,4049284.971579000141
2025-01-01,53,-95525033,8899faed2e1b0e9b7f41e08b79be71ec3d1f9ec1,4,4,4000029933791000000000000,4000029.933791000000
2025-01-01,54,1199766106,d14f57283d1487f7bec9a3b4ccfed80930bbc91c,4,4,3939095520744995917023396,3939095.520744995917
2025-01-01,55,-124266248,7fedd5f58697d432e207444000259bf26fc2bbd3,6,6,3853155686861694481612366,3853155.686861694482
2025-01-01,56,1502853046,a910ea01d5cd2afe8d09c326d714384c1d6a9ed4,11,11,3735693020029525262763262,3735693.020029525263
2025-01-01,57,206911220,39d787fdf7384597c7208644dbb6fda1cca4ebdf,1,1,3694699328438000000000000,3694699.328438000000
2025-01-01,58,2144502429,09085809fb3e4b58a83a187adfd91a2eff3fa41d,19,19,3495947777086957269130221,3495947.777086957269
2025-01-01,59,2062311036,70a99d1698c2ad1427a68ae37894cb90244ba275,9,9,3461931959033421453220731,3461931.959033421453
2025-01-01,60,938505381,2bc75b9ad918814eb699578ffe113b9d04228f34,9,9,3444693892270000000000000,3444693.892270000000
2025-01-01,61,1483810949,c0c597d4234bf1ed01cff725302fefc1010577ba,5,5,3395658786763000000000000,3395658.786763000000
2025-01-01,62,685867300,665671de9ac530d7bb982bc440be9741d25c3eb0,5,5,3196900000000000000000000,3196900.000000000000
2025-01-01,63,-125076566,c03957d3e08e7fc43b447cbbe5dec75c07404739,6,6,3073288292969000000000000,3073288.292969000000
2025-01-01,64,-173728277,ed96c177eb097d9c6b547116262391d36947ec81,1,1,3042255024580000000000000,3042255.024580000000
2025-01-01,65,1393836495,61329adc9362b5906a6e098ac01616a70fe57080,5,5,3042161668937965271146477,3042161.668937965271
2025-01-01,66,-62311684,f93457533efd041d2a5200a82cca718fcdc42103,3,3,3000000000000000000000000,3000000.000000000000
2025-01-01,67,-184447477,687feda45b6847763f5bf5c01a2f6c1a3d727f5c,1,1,3000000000000000000000000,3000000.000000000000
2025-01-01,68,-156625537,ed97c437cf7fe5b4f446b82256f7647e21ad496f,1,1,2991776000000000000000000,2991776.000000000000
2025-01-01,69,448146206,431e81e5dfb5a24541b5ff8762bdef3f32f96354,1,1,2874904103493838960352436,2874904.103493838960
2025-01-01,70,1600620284,aa7577a7a27aa7fcf6d0ec481b87df3ad0f6a88e,18,18,2778442880085892542166849,2778442.880085892542
2025-01-01,71,2067483658,8a95a711a56bd837d678ab299de7b1ec9863051c,2,2,2678286798483517116278223,2678286.798483517116
2025-01-01,72,1111674962,a4b29e4f7e0dab7925623aa19259c44082ada76c,2,1,2645991463852653622942368,2645991.463852653623
2025-01-01,73,-34800190,8b6f987d56231a126f89323def7159d3beb6ab94,1,1,2539990430926010275710162,2539990.430926010276
2025-01-01,74,9591554,78e96be52e38b3fc3445a2ed34a6e586ffab9631,1,1,2493861610528902350206611,2493861.610528902350
2025-01-01,75,-144160841,90ed405a0ae793ac6abcdec224f71167d22d2473,6,6,2475431194418191711993971,2475431.194418191712
2025-01-01,76,1123551784,06d486a38e1195fdee147fbe309821d72b06f197,2,2,2463943505752540848886004,2463943.505752540849
2025-01-01,77,1687220346,31f4ee28f2fb544e54a981eaa9a7a4eac7b9a07b,2,2,2417325545653000000000000,2417325.545653000000
2025-01-01,78,-53948402,abd8092554616bead8f281aa710db382a988f74c,2,2,2267101663928000000000000,2267101.663928000000
2025-01-01,79,2054612568,a052d039738d667f1e12180c388816308e9d022d,4,4,2209779894337000000000000,2209779.894337000000
2025-01-01,80,1964240412,d0ea4fd0073ae1d8910aedaab679d8e51a879ce3,2,2,2199634165208313790257444,2199634.165208313790
2025-01-01,81,747523018,6b28fb12ee41baa9d1df16971de53adde6d1be5b,7,7,2187563489780000000000000,2187563.489780000000
2025-01-01,82,1936553385,5a63ccb54a936357839f9d3a8d580e9e1024d5b7,3,3,2186165320000000000000000,2186165.320000000000
2025-01-01,83,1165462523,99e5d4a7fb7ba7281d1f4fc5dce311f1d832796c,2,2,2140182000000000000000000,2140182.000000000000
2025-01-01,84,-169801129,893aaadeea5f2d97820c7382f7109bf2eed08176,2,2,2054234527637999980642304,2054234.527637999981
2025-01-01,85,-170458237,4588c839b93e5829867a703c3c8943901ce73a7c,2,2,2054218149216005558582314,2054218.149216005559
2025-01-01,86,1702895912,8dd0d83783cdda5b2900310e6834a650ddaa2124,65,65,2045515498748804199830773,2045515.498748804200
2025-01-01,87,-37931821,aae15100d2ce0c40be7ae3083b71c29bc74e30d2,1,1,2045103609277000069683289,2045103.609277000070
2025-01-01,88,-170441729,6f9447f9e3758d95e118ba153ebf035b978c7a3f,4,4,2034210177237898026200002,2034210.177237898026
2025-01-01,89,1571722990,99b95c60b2d68db15dffb11a71076a31ccaf1487,10,10,2028319819701193952909360,2028319.819701193953
2025-01-01,90,2067333152,60924676e29f558ecec0920efe60ef4ba50e701e,3,3,2014894335738000000000000,2014894.335738000000
2025-01-01,91,2116004531,88cecde3305cc211998b58c87af5c6db8be36ee6,2,2,2008483669536362270000000,2008483.669536362270
2025-01-01,92,1409580392,5eb275fb4248c19fd9fdfd5ca93f30c4b5fb42b8,10,10,1981186959585664672108756,1981186.959585664672
2025-01-01,93,1176844809,837fe4e43d18307157ef898fbe14c1225759f61b,2,1,1977106961296728046330974,1977106.961296728046
2025-01-01,94,1798215613,42a285ab44114ee4d76054056e4c7c78ae01befb,4,4,1934116061310043455071971,1934116.061310043455
2025-01-01,95,-157806654,d84613cd3ef8c3c077a92006e322fb04ac11f312,1,1,1868881759726000290693906,1868881.759726000291
2025-01-01,96,-109411501,c3f7ddefab6492445a3655ab3e92e72e7342e58b,1,1,1861588000000000000000000,1861588.000000000000
2025-01-01,97,1166506911,4be62b7de5f4544d35300bf7de9114e997c5c5e1,2,2,1850365542738921068817633,1850365.542738921069
2025-01-01,98,655581146,19e0c4c43c3f08baebdc4fc4c4c7a58ab02bc18f,22,22,1803432133592362868518651,1803432.133592362869
2025-01-01,99,2047085623,2f429fe320dc80416dfd78597344866fb5d0a93d,5,5,1798359428793000000000000,1798359.428793000000
2025-01-01,100,494081559,dd84ce1adcb3a4908db61a1dfa3353c3974c5a2b,33,33,1773637601488751330932694,1773637.601488751331
2025-02-01,1,-25058922,688cc76d3b009d805ab6b4d0a1cbd228131b5cbf,17,17,850215977342508265786169752,850215977.34250827
2025-02-01,2,-163088482,7cd0b7ed790f626ef1bd42db63b5ebeb5970c912,17,17,800000010015002669481634277,800000010.01500267
2025-02-01,3,1973459980,ed0c6079229e2d407672a117c22b62064f4a4312,37,37,706703098399583541763479159,706703098.39958354
2025-02-01,4,1879543738,aaf9f14f20145ad50db369e52b2793bfeb18a45b,15,15,259259997000000000000000000,259259997.00000000
2025-02-01,5,2027659310,b99a2c4c1c4f1fc27150681b740396f6ce1cbcf5,10,10,217436422651517697984452292,217436422.65151770
2025-02-01,6,2119729236,81ebde24453b8e40454616579ea79c79a197699d,37,37,139016085763474885080613162,139016085.76347489
2025-02-01,7,170948875,d007058e9b58e74c33c6bf6fbcd38baab813cbb6,18,18,130184380508273368387332150,130184380.50827337
2025-02-01,8,1153711585,8fd589aa8bfa402156a6d1ad323fec0ecee50d9d,11,11,125309372154383708474403894,125309372.15438371
2025-02-01,9,13596055,0f3c2476fbf0ed09dff00ea7f4ef252dcc72e6f1,7,7,52158412348174879321060649,52158412.348174879321
2025-02-01,10,-139031532,1be45fef92c4e2538fecd150757ed62b7b3757d7,2,2,46566377256845541996929097,46566377.256845541997
2025-02-01,11,3808903,d553294b42bdfeb49d8f5a64e8b2d3a65fc673a9,13,13,33841504295667991748317780,33841504.295667991748
2025-02-01,12,2025171974,30043ad8a03d17f2dc9077564db24820f3af2056,10,10,33755323606631980247323067,33755323.606631980247
2025-02-01,13,636474488,65ae0ed283fa71fd0d22f13512d7e0bd9e54c14a,64,64,32168788645594614661863619,32168788.645594614662
2025-02-01,14,1964834762,e2321c8324c1da7b3ba790627d0e4ee444188a23,4,4,28429609301440348337573495,28429609.301440348338
2025-02-01,15,690932580,dbf5e9c5206d0db70a90108bf936da60221dc080,30,30,26351088000000000000000000,26351088.000000000000
2025-02-01,16,1787467554,ba15e9b644685cb845af18a738abd40c6bcd78ed,11,11,26124010280664189583118751,26124010.280664189583
2025-02-01,17,736007061,b81a0e6c38c3fec8a171cfe9631f60127a0c5bfd,21,21,23002623624921000000000000,23002623.624921000000
2025-02-01,18,1318496439,49e96e255ba418d08e66c35b588e2f2f3766e1d0,21,21,22266261987224242637110624,22266261.987224242637
2025-02-01,19,-154629312,0a9de34698a5ad0c3aec8c2ffa7e85db103df0ff,2,2,20061365930565619853550556,20061365.930565619854
2025-02-01,20,849833446,1778767436111ec0adb10f9ba4f51a329d0e7770,5,5,19635205432025000000000000,19635205.432025000000
2025-02-01,21,-95525033,8899faed2e1b0e9b7f41e08b79be71ec3d1f9ec1,22,22,17035422172067881581951768,17035422.172067881582
2025-02-01,22,2055387334,b282081b2681ba4eb2899c2722eeef0a98515b98,18,18,16393929357597111660486363,16393929.357597111660
2025-02-01,23,1804318336,a8c18057c5aaaaff6000d28a057a6994b2e09bfb,6,6,15500000000000000000000000,15500000.000000000000
2025-02-01,24,-16362663,b041569b6ffac3b2cb6d289e85458e90b62d6ecb,9,9,15022550376477371008807722,15022550.376477371009
2025-02-01,25,-169801981,877f3e62532da273c7d02ab02a6f39f0e8106ee6,4,4,14667843055971000000000000,14667843.055971000000
2025-02-01,26,2065817764,613bab536cce2162f42e26e77fa1ea6eba531869,7,7,13977220018846068770139428,13977220.018846068770
2025-02-01,27,1384085576,45ebb1c54f223c5905a7683164656b63527bc11b,7,7,13545029999865999460829280,13545029.999865999461
2025-02-01,28,-173728277,ed96c177eb097d9c6b547116262391d36947ec81,6,6,12901238657292000000000000,12901238.657292000000
2025-02-01,29,1881090579,76be51aa94fb1c9632107349aab0488d878e4395,13,13,12785024215305836501011250,12785024.215305836501
2025-02-01,30,-167424799,67b878c9eb0cca9694c8ec0b007af53b34a86256,25,25,12408736590785879499947395,12408736.590785879500
2025-02-01,31,-121638577,66667ea2891bfb7791409b0e19057a2f6237788c,6,6,12178462394344812209769615,12178462.394344812210
2025-02-01,32,2094248035,df2609ec3d2e07a79d2e25e52960e75250bd9aaa,11,11,12055780348634511404875426,12055780.348634511405
2025-02-01,33,2053345140,89b0a5e2863b1aa6b321b17e3e7f632a46b4b941,7,7,11526348416834751368073112,11526348.416834751368
2025-02-01,34,1560785123,0a009741192aa0bffe53b376e000ce7435f00012,20,20,11477583325022358329749939,11477583.325022358330
2025-02-01,35,2054612568,a052d039738d667f1e12180c388816308e9d022d,24,24,10977831154925707601753015,10977831.154925707602
2025-02-01,36,5288884,a53a13a80d72a855481de5211e7654fabdfe3526,19,19,10688477517002276464463692,10688477.517002276464
2025-02-01,37,9591554,78e96be52e38b3fc3445a2ed34a6e586ffab9631,1,1,10031527983978301942043055,10031527.983978301942
2025-02-01,38,-208249658,0fdc7e0e92c0586ca477da2293f2ae147a077d7d,2,2,10024142982606000000000000,10024142.982606000000
2025-02-01,39,-219257804,dd098e58685709e681c051acebe40efdad6864b5,2,2,10001000026000000000000000,10001000.026000000000
2025-02-01,40,1858654853,61ad82d4466437d4cc250a0ceffbcbd7e07b8f96,5,5,9619601666509246325016453,9619601.666509246325
2025-02-01,41,1573731160,77fc6e36d82010b2263b76959720e9ee2c947467,10,10,9253836693888328335078053,9253836.693888328335
2025-02-01,42,1994571191,b81780457a6fa7bb92e6edd00de2c5142aa97a9b,4,4,9000011610651000000000000,9000011.610651000000
2025-02-01,43,2114056193,48e731267ddcda81abe99c727cffa302a7c39a98,6,6,8530705649061815399669215,8530705.649061815400
2025-02-01,44,932065118,4b745b4e9925778f85ee364681a6d809bb899bc1,4,4,8032242459872000000000000,8032242.459872000000
2025-02-01,45,1426566060,f34b1bf36728dbee1ab4737134a6133680eaaa08,15,15,7114506231312757815550417,7114506.231312757816
2025-02-01,46,2126720686,00236feeac26ef92552e3981096350d136084c64,16,16,6971653335232682450711532,6971653.335232682451
2025-02-01,47,1570417084,1cb7f3eab52bbe5f6635378b09d4856fb43ff7be,3,3,6290120527992805233921552,6290120.527992805234
2025-02-01,48,1806710692,e6aec0ffa75c25d495bcfaf9341763a8be9c40c7,1,1,6267500437084511913815321,6267500.437084511914
2025-02-01,49,1660334490,6826be6819eee574b89b886289c454c4e9b73b6d,18,18,6251734388223953678701986,6251734.388223953679
2025-02-01,50,1535629643,4624cb6d50edfe9e4471dbf34b63af2dbd2173b0,3,3,6203048361874193516207779,6203048.361874193516
2025-02-01,51,-75660162,1c6586f4895a569d9efac5abd231b79e0d47caad,7,7,6197330393808000000000000,6197330.393808000000
2025-02-01,52,-122761187,3953d0c62d960e25ccb588a7402f01c9ae84a6ea,8,8,6016261310795025792698262,6016261.310795025793
2025-02-01,53,-230515307,e9bf64eea46087f029e6d6e720654b89897d9846,2,2,6000907140625211498903331,6000907.140625211499
2025-02-01,54,1989403633,eca11c909d39f27262f41587f11f4047b20a0fb8,2,2,5923453549169000000000000,5923453.549169000000
2025-02-01,55,1751036592,e389b7f43dc6f382309abf2b5fd5e629703f9696,1,1,5898664781035756859449915,5898664.781035756859
2025-02-01,56,-194004641,29f9a97de93ba4c8257c315f81ae3c4a72d06d15,5,5,5750000000000000000000000,5750000.000000000000
2025-02-01,57,-138411732,355f69a27f62ea8a852298b84e232579a9f4eeaf,2,2,5475091455022665015932769,5475091.455022665016
2025-02-01,58,544961203,2926b9b273ba30b666345532d7bf5eb561e9ca89,15,15,5353184865190730423246057,5353184.865190730423
2025-02-01,59,-16629953,961972a5c91e7237a3b02d2ee173ac3999e49480,11,11,5345459328708670729636998,5345459.328708670730
2025-02-01,60,-153368089,82358705e1bea6c8cdfe10a4324205439e774680,1,1,5263000000000000000000000,5263000.000000000000
2025-02-01,61,-140085432,cbb151dd2cd748f81dce1410e2e77612e5f7ae91,5,5,5252659969647837738604325,5252659.969647837739
2025-02-01,62,2088528243,31078100f05988e15407aac745fcd141f9440475,4,4,5099991271488802585242866,5099991.271488802585
2025-02-01,63,1839362061,fe99cc4664a939f826dbeb545c1aad4c89ee737a,7,7,5088042976591936899007024,5088042.976591936899
2025-02-01,64,1647511868,fd81b27d9796a1ba7d7171ea70010c9befb2a62a,10,10,5014520054338917904482068,5014520.054338917904
2025-02-01,65,-228698674,82a7a093ae0d1efee5d70e4c35410f11be3f37a1,2,2,5012386954763000000000000,5012386.954763000000
2025-02-01,66,-215249457,81633c1357ddb25d8625efb2cad26a60988475bf,1,1,5007970100000000000000000,5007970.100000000000
2025-02-01,67,-204982729,eb6c3bfaf67e68e017846ca9032652432acabc70,5,5,5000346433274424686656609,5000346.433274424687
2025-02-01,68,-181432180,7ce123fbcd752fbcc160f2ccce44aaeb969dd248,3,3,4685533667857379337396265,4685533.667857379337
2025-02-01,69,1483772585,1980475c3a279935ca611c9a41f17974ebc2e050,10,10,4669511830208004488092708,4669511.830208004488
2025-02-01,70,2047085623,2f429fe320dc80416dfd78597344866fb5d0a93d,18,18,4650317342761093806650441,4650317.342761093807
2025-02-01,71,-209882589,092f22f3f1a6f249a8d1ad38203558a6fe257a97,6,6,4574838679947000174821376,4574838.679947000175
2025-02-01,72,581135653,8d1b878509562fe8c097536e6e8da5bdeed05d1b,11,11,4382447000000000000000000,4382447.000000000000
2025-02-01,73,685867300,665671de9ac530d7bb982bc440be9741d25c3eb0,4,4,4316214417495863262628400,4316214.417495863263
2025-02-01,74,1242296813,121df6cf9d35c240aa191dc045e24b4f4ef4fa5b,4,4,4261551110524000000000000,4261551.110524000000
2025-02-01,75,1787355314,9ec7868ebae98a73cb65711f6fc941436187a3c9,1,1,4182526906085761467387043,4182526.906085761467
2025-02-01,76,1571722990,99b95c60b2d68db15dffb11a71076a31ccaf1487,14,14,4147214866128653383430224,4147214.866128653383
2025-02-01,77,1539791159,728ac133a5c9250a61f7b27abbe7a823e786ff66,5,5,4040255000000000000000000,4040255.000000000000
2025-02-01,78,1534139776,69e9db93500000965a0bc97afc973bfd221034e9,4,4,4036855439627531327004530,4036855.439627531327
2025-02-01,79,993789475,6b868c4f47a6cc0f1eaa1da14af932d82951b805,5,5,4008875012436349829326321,4008875.012436349829
2025-02-01,80,1132058419,916792f7734089470de27297903bed8a4630b26d,4,4,3899983969497000535008840,3899983.969497000535
2025-02-01,81,1393836495,61329adc9362b5906a6e098ac01616a70fe57080,3,3,3899076266744306851258284,3899076.266744306851
2025-02-01,82,605267890,6cfc7a799709b223994c530f16dd44aeb55cf096,2,2,3759428839223113773938571,3759428.839223113774
2025-02-01,83,2116004531,88cecde3305cc211998b58c87af5c6db8be36ee6,2,2,3585903966651001664743801,3585903.966651001665
2025-02-01,84,1450693022,c40ca9847255a1b89ac50ee08555ec150a1e23a1,4,4,3576814302984685848830548,3576814.302984685849
2025-02-01,85,-199786778,7d549ebd0416728957fd86bf1fc28e106826f9f1,4,4,3363000000000000000000000,3363000.000000000000
2025-02-01,86,2051380514,a002d299b6d01061a13e8b38cc3bc7ac4946eef8,20,20,3244036470877721266487510,3244036.470877721266
2025-02-01,87,-74906579,a580fe412dfbc2754bf0b9006075bd4b64a6752b,3,3,3202870259762463681613646,3202870.259762463682
2025-02-01,88,1806457598,ebed9e54184ff323b1b5bc2487f358e12bf906c1,1,1,3181494858479000000000000,3181494.858479000000
2025-02-01,89,1971469099,f0577f032c2f20c6d0562880dda979267ab9244d,8,8,3173528475699477635238938,3173528.475699477635
2025-02-01,90,1668346579,dec02df2fa44a32b3f13efc783ef92298062aca9,3,3,3162420847769517778404522,3162420.847769517778
2025-02-01,91,1283418215,7ed7f89d01dca1b60bf8bc5882f7603b8ae900d9,10,10,3123588159190561763228118,3123588.159190561763
2025-02-01,92,1199766106,d14f57283d1487f7bec9a3b4ccfed80930bbc91c,5,5,3102358187077485170340440,3102358.187077485170
2025-02-01,93,868465172,b4e168232ac61b49053f263f57920f9bf38856c2,6,4,3064885580061906030538304,3064885.580061906031
2025-02-01,94,1798854680,6c413690c19cfc80c3db3211c80993bf642c6456,9,9,3052098482430567178497765,3052098.482430567178
2025-02-01,95,-156625537,ed97c437cf7fe5b4f446b82256f7647e21ad496f,1,1,3038358167867000000000000,3038358.167867000000
2025-02-01,96,-62311684,f93457533efd041d2a5200a82cca718fcdc42103,2,2,3037971486958000000000000,3037971.486958000000
2025-02-01,97,-227049612,828d077c72b4ca97dd00c6bb5f99f0f5cfa70136,6,6,3024697860065832005703664,3024697.860065832006
2025-02-01,98,-184447477,687feda45b6847763f5bf5c01a2f6c1a3d727f5c,2,2,3024452514218570869387271,3024452.514218570869
2025-02-01,99,1968477945,c7b640db892c3429c2a0f9817101881e75ddf192,1,1,3013002516234115596136472,3013002.516234115596
2025-02-01,100,-190398280,c9716e991396aa933fa7a481003a5953bcbabc17,1,1,3009361593485000000000000,3009361.593485000000
2025-03-01,1,-25058922,688cc76d3b009d805ab6b4d0a1cbd228131b5cbf,40,40,2685872444915046078471063254,2685872444.91504608
2025-03-01,2,-163088482,7cd0b7ed790f626ef1bd42db63b5ebeb5970c912,40,40,2205494565358395968395212727,2205494565.35839597
2025-03-01,3,1879543738,aaf9f14f20145ad50db369e52b2793bfeb18a45b,61,61,662295477935195365833800882,662295477.93519537
2025-03-01,4,1973459980,ed0c6079229e2d407672a117c22b62064f4a4312,34,34,313781188869701289628782059,313781188.86970129
2025-03-01,5,-146336467,925109e0affe306c31b55d8181e766d53af7a778,5,5,205172874963103109625765796,205172874.96310311
2025-03-01,6,2119729236,81ebde24453b8e40454616579ea79c79a197699d,52,52,105591769895212344598091269,105591769.89521234
2025-03-01,7,2027659310,b99a2c4c1c4f1fc27150681b740396f6ce1cbcf5,8,8,95329652077862469938915289,95329652.077862469939
2025-03-01,8,170948875,d007058e9b58e74c33c6bf6fbcd38baab813cbb6,18,18,88844539848149380505557555,88844539.848149380506
2025-03-01,9,1153711585,8fd589aa8bfa402156a6d1ad323fec0ecee50d9d,12,12,80074933411514923791964110,80074933.411514923792
2025-03-01,10,13596055,0f3c2476fbf0ed09dff00ea7f4ef252dcc72e6f1,7,7,42001508693884236740985044,42001508.693884236741
2025-03-01,11,-121638577,66667ea2891bfb7791409b0e19057a2f6237788c,16,16,34334958972239315194794425,34334958.972239315195
2025-03-01,12,2053345140,89b0a5e2863b1aa6b321b17e3e7f632a46b4b941,10,10,34160234405013101939805780,34160234.405013101940
2025-03-01,13,690932580,dbf5e9c5206d0db70a90108bf936da60221dc080,5,5,28055449000000000000000000,28055449.000000000000
2025-03-01,14,-167424799,67b878c9eb0cca9694c8ec0b007af53b34a86256,59,59,27161523375447015263293885,27161523.375447015263
2025-03-01,15,-16629953,961972a5c91e7237a3b02d2ee173ac3999e49480,20,20,23381756605918640789852546,23381756.605918640790
2025-03-01,16,1145636204,cdc8bbc2c740e44e9231dc3a8842800aa2433d18,10,10,23258075167132819705389024,23258075.167132819705
2025-03-01,17,497816519,b4fb31e7b1471a8e52dd1e962a281a732ead59c1,12,12,22780861644862200003700951,22780861.644862200004
2025-03-01,18,-95525033,8899faed2e1b0e9b7f41e08b79be71ec3d1f9ec1,19,19,21205449398449875906453776,21205449.398449875906
2025-03-01,19,9591554,78e96be52e38b3fc3445a2ed34a6e586ffab9631,2,2,20100403226874142739483865,20100403.226874142739
2025-03-01,20,-255591204,427af3ea33671551939f138e8149e69ab31daa0d,2,2,20009340269916000000000000,20009340.269916000000
2025-03-01,21,1786235719,6859da14835424957a1e6b397d8026b1d9ff7e1e,43,43,17203276709070000000000000,17203276.709070000000
2025-03-01,22,1384085576,45ebb1c54f223c5905a7683164656b63527bc11b,8,8,15147827873565576268788659,15147827.873565576269
2025-03-01,23,2137894645,f276d10b388e00b8a04b1362f66c6e2aad8a1960,17,17,13444132980325519819422460,13444132.980325519819
2025-03-01,24,1778925026,12ba33c6b8ac904b6fd9cb6dff3fdb86bc19b75a,24,24,13152537450840103318746712,13152537.450840103319
2025-03-01,25,1875854305,cd22cd6e25edacc5ea3b9a1ecc25d6b2ee88c254,2,2,13103033323329916266002034,13103033.323329916266
2025-03-01,26,1900905977,3b3f03015b479b734f41b77dd72851e676d0f406,1,1,13095110187430480355529510,13095110.187430480356
2025-03-01,27,1804318336,a8c18057c5aaaaff6000d28a057a6994b2e09bfb,12,12,11853324191878000000000000,11853324.191878000000
2025-03-01,28,-236317071,7a9e7a2453cc940b112d668656404a8ffea8cb98,7,7,11372909405547867711568918,11372909.405547867712
2025-03-01,29,1534139776,69e9db93500000965a0bc97afc973bfd221034e9,9,9,11059645515581005847973242,11059645.515581005848
2025-03-01,30,1207171169,73a9ee34eaa91046b12e7598a540f28fa1b590a6,5,5,11059517083506000000000000,11059517.083506000000
2025-03-01,31,1570417084,1cb7f3eab52bbe5f6635378b09d4856fb43ff7be,1,1,10521196011506000000000000,10521196.011506000000
2025-03-01,32,2047148291,02b6d055477669cfa1a1a81b3c08c55857e573a8,33,33,10308318671913315083810127,10308318.671913315084
2025-03-01,33,-95098091,e418ee2df21ef818d20194113281d3f4300aead3,19,19,10276182910710552350564626,10276182.910710552351
2025-03-01,34,1091284663,66e2a637cc99dd0bfe1922a77cf747de727836b0,5,5,10142838524596999999999998,10142838.524597000000
2025-03-01,35,-153368089,82358705e1bea6c8cdfe10a4324205439e774680,5,5,10085776520284400458452228,10085776.520284400458
2025-03-01,36,-154629312,0a9de34698a5ad0c3aec8c2ffa7e85db103df0ff,10,10,10064168328315079853550556,10064168.328315079854
2025-03-01,37,736007061,b81a0e6c38c3fec8a171cfe9631f60127a0c5bfd,11,11,10000000000001003843242068,10000000.000001003843
2025-03-01,38,-190846043,672c461658e04cecce56f28f72eff133d33ab9b6,3,3,9463927094216000000000000,9463927.094216000000
2025-03-01,39,2094248035,df2609ec3d2e07a79d2e25e52960e75250bd9aaa,4,4,9111208835456047178260245,9111208.835456047178
2025-03-01,40,1150186631,1a5213554ac2f7056c554fb19416ff9738e165ba,6,6,7815000000000000000000000,7815000.000000000000
2025-03-01,41,1423230696,bb226555fbb98850273b10b0cf55ad2f99966d20,9,9,7785778569778000000000000,7785778.569778000000
2025-03-01,42,-173728277,ed96c177eb097d9c6b547116262391d36947ec81,2,2,7486636207986657630055947,7486636.207986657630
2025-03-01,43,1552315806,8f576283e7ed8f40348ac7b61a3cc6c9b8556b8d,10,10,7474389089182232895524073,7474389.089182232896
2025-03-01,44,966734347,6c76e681cbc01b283677cb5255587c22a29780f0,12,12,7432872228053196243329948,7432872.228053196243
2025-03-01,45,784805087,c77c6375e9fd581701425a6fb70bf371fb1cba28,7,7,7335303634439465118749788,7335303.634439465119
2025-03-01,46,-232617064,975287654dc27472d252a996375c9abce794493c,6,6,7187402795771000000000000,7187402.795771000000
2025-03-01,47,-262849918,44eb044aa553e45c17d029983727abc8b633cb9a,1,1,7137096943064000000000000,7137096.943064000000
2025-03-01,48,1550153471,7fe4b2632f5ae6d930677d662af26bc0a06672b3,6,6,7114820258174353422233327,7114820.258174353422
2025-03-01,49,1393836495,61329adc9362b5906a6e098ac01616a70fe57080,7,7,6991046357812761173532608,6991046.357812761174
2025-03-01,50,2092829662,3d7464c836406f3fc9fdd17fe6e6108dcf7bb22c,18,18,6606181043116828835686979,6606181.043116828836
2025-03-01,51,1839362061,fe99cc4664a939f826dbeb545c1aad4c89ee737a,3,3,6275497000000000000000000,6275497.000000000000
2025-03-01,52,-125733960,0d3ce85b919fffd09146d6f7950a0cb2bc0be9a6,1,1,6231579772366999624843266,6231579.772366999625
2025-03-01,53,-215249457,81633c1357ddb25d8625efb2cad26a60988475bf,2,2,6010781235776999972143104,6010781.235776999972
2025-03-01,54,1647511868,fd81b27d9796a1ba7d7171ea70010c9befb2a62a,21,21,5838230329481690105962325,5838230.329481690106
2025-03-01,55,1286571710,3ec92c9d09403a76bda445ffdfaf6de59717219f,4,4,5523403191258403453214660,5523403.191258403453
2025-03-01,56,1843308001,59f694d74d94b18e3d1bbdb628b96d5fe6af0361,2,2,5495903850831000000000000,5495903.850831000000
2025-03-01,57,-2840622,bd81af754bb298744147b8bd451e10a92b719e32,4,4,5402501793030845087159752,5402501.793030845087
2025-03-01,58,-140085432,cbb151dd2cd748f81dce1410e2e77612e5f7ae91,8,8,5190068069312159399654485,5190068.069312159400
2025-03-01,59,1560785123,0a009741192aa0bffe53b376e000ce7435f00012,17,17,5116431008416941901841472,5116431.008416941902
2025-03-01,60,-194004641,29f9a97de93ba4c8257c315f81ae3c4a72d06d15,2,2,5066257146343069129221617,5066257.146343069129
2025-03-01,61,1450693022,c40ca9847255a1b89ac50ee08555ec150a1e23a1,5,5,5052990420468242512151104,5052990.420468242512
2025-03-01,62,917716897,f5830ff9b625b60131d82530c51c9e294a9f7478,4,4,4571820799552498131751934,4571820.799552498132
2025-03-01,63,2080407421,00f55fcdf3d2a2d647aac84f857c471e05f6f3d7,5,5,4311805487806752143101782,4311805.487806752143
2025-03-01,64,1655355719,955302f48a919ea0b84000e2316c3ed1afe396a8,1,1,3969810581734000000000000,3969810.581734000000
2025-03-01,65,-230748264,12786a0048adaf6badac262c874c9512b09d6b6a,3,3,3949000123011530710885073,3949000.123011530711
2025-03-01,66,2100968896,901470c39473956c5d5631b13c774d5c7581eda2,9,9,3800910329634307246113082,3800910.329634307246
2025-03-01,67,578112430,64f80d81f4ae9858a9e92dce8d19ee1686cc8e04,3,3,3788115484673603482143344,3788115.484673603482
2025-03-01,68,1371022481,ff04026530372ee46aa122dacb8093218051f3cd,3,3,3458861280957000000000000,3458861.280957000000
2025-03-01,69,1935563260,9b864dde6ed1c21608b1665a0ac0faa4f7e36e6e,18,18,3408727489872949091284157,3408727.489872949091
2025-03-01,70,-125133404,a0937af02291e4ddc8442f4571796d806f7b19f2,5,5,3400000000000000000000000,3400000.000000000000
2025-03-01,71,1916190404,4b5d5cfc9d4a5468fcc06663ee4ef4c8cfa96a40,7,7,3359921508592677704109745,3359921.508592677704
2025-03-01,72,1390594624,4fbe48ff25b3c43946524e4896edddfacab592d9,76,76,3358997099170416699237847,3358997.099170416699
2025-03-01,73,-263906345,073ddcf59285989e89e58d9665617ec6967fb85e,12,12,3280725219167968342759687,3280725.219167968343
2025-03-01,74,-139104052,91670f213508e7fad9f75501351ae99f0fe72348,4,4,3223451044693687299729524,3223451.044693687300
2025-03-01,75,-70057774,a2a19c7a84c285ca68706904018d6eeae3972096,1,1,3219561341493079479119292,3219561.341493079479
2025-03-01,76,1883108225,aba21dcd28287c3d03a7ea2c5db920d46725c6b8,11,11,3207287663975486110612751,3207287.663975486111
2025-03-01,77,-190279457,ef191d180ef7ba4191feff04db6d4f4b7d5e91d8,5,5,3187599174573945675564544,3187599.174573945676
2025-03-01,78,1806457598,ebed9e54184ff323b1b5bc2487f358e12bf906c1,1,1,3181494858479000000000000,3181494.858479000000
2025-03-01,79,-230588507,aac1f0140be1b31938285cb9980ae199d157791b,2,2,3099750000000000000000000,3099750.000000000000
2025-03-01,80,2144502429,09085809fb3e4b58a83a187adfd91a2eff3fa41d,10,10,3065073956205438351208455,3065073.956205438351
2025-03-01,81,-227049612,828d077c72b4ca97dd00c6bb5f99f0f5cfa70136,3,3,3028389188307937925066575,3028389.188307937925
2025-03-01,82,-172195026,28399cd15292dc7e2ed47a8b122b1da9231c3b40,2,2,3014437038931660171951622,3014437.038931660172
2025-03-01,83,-230515307,e9bf64eea46087f029e6d6e720654b89897d9846,1,1,3001823129079426450724421,3001823.129079426451
2025-03-01,84,-265977252,8ca3cff6d91c3e4656e7355649db2ce4ff0e2572,2,2,3001750968062344940878714,3001750.968062344941
2025-03-01,85,-252683958,c4ba8e5083795d8128abd6c2306b742e41245f60,3,3,3001304957630000000000000,3001304.957630000000
2025-03-01,86,-203353804,119d9e8c12c7bb6d81af2a2b231e08bfaa077790,3,3,2999998074135562816789431,2999998.074135562817
2025-03-01,87,636474488,65ae0ed283fa71fd0d22f13512d7e0bd9e54c14a,4,4,2987773186750000000000000,2987773.186750000000
2025-03-01,88,859037635,d3e0d660d8fab05b34ccb7fe7681628d9a46c675,2,2,2976654572882042228916553,2976654.572882042229
2025-03-01,89,-220715064,410e70c52319d4c51f43d56254afebbe0170826c,1,1,2933967286702000000000000,2933967.286702000000
2025-03-01,90,-167040276,3d7ca562bc898e5b3a0cc4b1b08cf035d2760167,5,5,2931659961842896495499174,2931659.961842896495
2025-03-01,91,1921221700,b0f184e070e059bac147f53f281e9221ce473d2e,2,2,2737608845473000000000000,2737608.845473000000
2025-03-01,92,1457503608,d07f497c3d8cb785eef8652fbd98e0f681b31558,2,2,2672375663959487479535342,2672375.663959487480
2025-03-01,93,2073828543,f4b6b926c563d4d3602a24d79598fb97452719c2,1,1,2636239170740000000000000,2636239.170740000000
2025-03-01,94,-169938095,482bcb74ad5cbec33875b2037ff1d2dec1b17ae4,5,5,2628786286533506093332739,2628786.286533506093
2025-03-01,95,-120117814,7a7316a0d71b083dfec776186b4b1058df98e2ff,5,5,2601567332988000000000000,2601567.332988000000
2025-03-01,96,1704542994,da76442991b470751aadd4dbf63bdc46d3bc3c02,8,8,2593833292678155378029377,2593833.292678155378
2025-03-01,97,5288884,a53a13a80d72a855481de5211e7654fabdfe3526,4,4,2574798609536000000000000,2574798.609536000000
2025-03-01,98,-42393363,a4ec98bbf7da31dec204b72bf6c1b7d23f1001e6,2,2,2512258814547139880008103,2512258.814547139880
2025-03-01,99,-122761187,3953d0c62d960e25ccb588a7402f01c9ae84a6ea,6,6,2499124035426208963813115,2499124.035426208964
2025-03-01,100,2015841006,ef21cec92a0ef30278df2f7ca832c0c12185930b,2,2,2413989122379075895990547,2413989.122379075896
2025-04-01,1,-25058922,688cc76d3b009d805ab6b4d0a1cbd228131b5cbf,34,34,2712944808150920000000000000,2712944808.15092000
2025-04-01,2,-163088482,7cd0b7ed790f626ef1bd42db63b5ebeb5970c912,28,28,2412139291299190139862839231,2412139291.29919014
2025-04-01,3,1879543738,aaf9f14f20145ad50db369e52b2793bfeb18a45b,34,34,422800730191994359920190135,422800730.19199436
2025-04-01,4,1973459980,ed0c6079229e2d407672a117c22b62064f4a4312,27,27,418835753773089671579682237,418835753.77308967
2025-04-01,5,1804318336,a8c18057c5aaaaff6000d28a057a6994b2e09bfb,13,13,175470912760468300224470454,175470912.76046830
2025-04-01,6,-146336467,925109e0affe306c31b55d8181e766d53af7a778,4,4,137251535343754888833899906,137251535.34375489
2025-04-01,7,1956680972,1c5584b98b06f9e86a6971bd838dc1dbe2c70294,16,16,125215607273856792065803858,125215607.27385679
2025-04-01,8,2119729236,81ebde24453b8e40454616579ea79c79a197699d,47,47,108574870530433769369777508,108574870.53043377
2025-04-01,9,1153711585,8fd589aa8bfa402156a6d1ad323fec0ecee50d9d,8,8,74045095914247965260414298,74045095.914247965260
2025-04-01,10,1881090579,76be51aa94fb1c9632107349aab0488d878e4395,15,15,45318629025829000000000000,45318629.025829000000
2025-04-01,11,-236317071,7a9e7a2453cc940b112d668656404a8ffea8cb98,11,11,43180172738507295268513143,43180172.738507295269
2025-04-01,12,-26012388,99d7043940bee529c315f9bcc27a06ef91661a62,7,7,33012369762187645381784424,33012369.762187645382
2025-04-01,13,1570417084,1cb7f3eab52bbe5f6635378b09d4856fb43ff7be,4,4,31207060884259000000000000,31207060.884259000000
2025-04-01,14,-215249457,81633c1357ddb25d8625efb2cad26a60988475bf,11,11,26832923800974364722050813,26832923.800974364722
2025-04-01,15,-262849918,44eb044aa553e45c17d029983727abc8b633cb9a,3,3,26010367016138070151883786,26010367.016138070152
2025-04-01,16,1165462523,99e5d4a7fb7ba7281d1f4fc5dce311f1d832796c,7,7,22018001000000000000000000,22018001.000000000000
2025-04-01,17,573404202,28a55c4b4f9615fde3cdaddf6cc01fcf2e38a6b0,2,2,22003997277136834370092235,22003997.277136834370
2025-04-01,18,2053345140,89b0a5e2863b1aa6b321b17e3e7f632a46b4b941,6,6,20008568795464866724146954,20008568.795464866724
2025-04-01,19,690932580,dbf5e9c5206d0db70a90108bf936da60221dc080,4,4,18540705000000000000000000,18540705.000000000000
2025-04-01,20,736007061,b81a0e6c38c3fec8a171cfe9631f60127a0c5bfd,25,25,17257500000000501921621034,17257500.000000501922
2025-04-01,21,1887393202,8dce28736c766c8d3529d1d6d7f9bfcc886480bd,13,13,17108984743994601667641728,17108984.743994601668
2025-04-01,22,1207171169,73a9ee34eaa91046b12e7598a540f28fa1b590a6,16,16,17105145966175000000000000,17105145.966175000000
2025-04-01,23,-121638577,66667ea2891bfb7791409b0e19057a2f6237788c,9,9,14917716246985031297458765,14917716.246985031297
2025-04-01,24,170948875,d007058e9b58e74c33c6bf6fbcd38baab813cbb6,5,5,13500016744644018812694558,13500016.744644018813
2025-04-01,25,-167424799,67b878c9eb0cca9694c8ec0b007af53b34a86256,23,23,13415591676517984903240991,13415591.676517984903
2025-04-01,26,1423230696,bb226555fbb98850273b10b0cf55ad2f99966d20,8,8,13169849809506000000000000,13169849.809506000000
2025-04-01,27,1900905977,3b3f03015b479b734f41b77dd72851e676d0f406,1,1,13095110187430480355529510,13095110.187430480356
2025-04-01,28,1384085576,45ebb1c54f223c5905a7683164656b63527bc11b,5,5,12845421357348616262908160,12845421.357348616263
2025-04-01,29,2088528243,31078100f05988e15407aac745fcd141f9440475,4,4,12627072814738268341696063,12627072.814738268342
2025-04-01,30,1132058419,916792f7734089470de27297903bed8a4630b26d,4,4,10989025264031492424811279,10989025.264031492425
2025-04-01,31,1550153471,7fe4b2632f5ae6d930677d662af26bc0a06672b3,13,13,10845606550460644547071334,10845606.550460644547
2025-04-01,32,306671,375f95fb45811ace248adc5baee5228d91ffca50,2,2,10788897807374233535607820,10788897.807374233536
2025-04-01,33,1091284663,66e2a637cc99dd0bfe1922a77cf747de727836b0,9,9,10603531133212693938943500,10603531.133212693939
2025-04-01,34,9591554,78e96be52e38b3fc3445a2ed34a6e586ffab9631,1,1,10019476934314612431638106,10019476.934314612432
2025-04-01,35,-232617064,975287654dc27472d252a996375c9abce794493c,6,6,9899992036485000000000000,9899992.036485000000
2025-04-01,36,-124266248,7fedd5f58697d432e207444000259bf26fc2bbd3,11,11,9033083748771964671090600,9033083.748771964671
2025-04-01,37,2137894645,f276d10b388e00b8a04b1362f66c6e2aad8a1960,16,16,8660846435017000000000000,8660846.435017000000
2025-04-01,38,1388806989,f8e572b93449b61fac68b0cfc9eb4646aea4edb8,3,3,8637780230134111485316871,8637780.230134111485
2025-04-01,39,1786235719,6859da14835424957a1e6b397d8026b1d9ff7e1e,10,10,8311253129911579834449664,8311253.129911579834
2025-04-01,40,1647511868,fd81b27d9796a1ba7d7171ea70010c9befb2a62a,15,15,7919230569391768613071042,7919230.569391768613
2025-04-01,41,1393836495,61329adc9362b5906a6e098ac01616a70fe57080,3,3,7598804793164581510430690,7598804.793164581510
2025-04-01,42,938174869,18ab1f0c8bd5a23a67f7ad8a5a8d342c496a8ed7,1,1,7558746916604010947577330,7558746.916604010948
2025-04-01,43,1891548680,c65236e35c1e0dc9e2044f6f38c9c3497e95ffa2,4,4,7458009062767549740683292,7458009.062767549741
2025-04-01,44,-289750965,2d855063153b553bfdf544d2b33e8a5a870cb4d6,7,7,7000000000000000000000000,7000000.000000000000
2025-04-01,45,-125133404,a0937af02291e4ddc8442f4571796d806f7b19f2,2,2,6600000000000000000000000,6600000.000000000000
2025-04-01,46,1830331099,440888714a6afed60ff44e9975a96e6a36f7fac4,23,23,6551557849960340212824623,6551557.849960340213
2025-04-01,47,-265035249,8c4558543804b97221ff37bb903e13b8aeb1a46f,1,1,6519168458576384413404816,6519168.458576384413
2025-04-01,48,-95525033,8899faed2e1b0e9b7f41e08b79be71ec3d1f9ec1,7,7,6400134040545903222840818,6400134.040545903223
2025-04-01,49,-272551969,8afb3c106911196c6b1a26660a5ac79b35e6c417,6,6,6027815947276001608665648,6027815.947276001609
2025-04-01,50,-287294867,a6385c53f149554ad3b320fe7271a29a7ed7560d,6,6,6018155488568389130117800,6018155.488568389130
2025-04-01,51,-153368089,82358705e1bea6c8cdfe10a4324205439e774680,1,1,5651952908220381135863538,5651952.908220381136
2025-04-01,52,-190279457,ef191d180ef7ba4191feff04db6d4f4b7d5e91d8,9,9,5524830074585772984560412,5524830.074585772985
2025-04-01,53,2073828543,f4b6b926c563d4d3602a24d79598fb97452719c2,7,7,5401273267188575823860052,5401273.267188575824
2025-04-01,54,723327158,6fedfdb4249cd5dca3030fd09e0e1368f23cb4f8,6,6,5357427079083816126153840,5357427.079083816126
2025-04-01,55,365318,ee2826453a4fd5afeb7ceffeef3ffa2320081268,5,5,5293452873167777761616383,5293452.873167777762
2025-04-01,56,1150186631,1a5213554ac2f7056c554fb19416ff9738e165ba,6,6,5179288942764000000000000,5179288.942764000000
2025-04-01,57,-228698674,82a7a093ae0d1efee5d70e4c35410f11be3f37a1,1,1,5012386954763000000000000,5012386.954763000000
2025-04-01,58,-297627070,f8191d98ae98d2f7abdfb63a9b0b812b93c873aa,2,2,5000000000000000000000000,5000000.000000000000
2025-04-01,59,1839362061,fe99cc4664a939f826dbeb545c1aad4c89ee737a,3,3,4846077015720000000000000,4846077.015720000000
2025-04-01,60,1108108855,e9e6d5663ec820bc5bebaca5555120ab6b4a437d,2,2,4811854876089030717481727,4811854.876089030717
2025-04-01,61,-209996959,c72823a5285d59fc8a4cc94c7ae30615cf94f679,10,10,4791094460550081940772091,4791094.460550081941
2025-04-01,62,2087961881,22a709eece6ee82293e5fcdeea7ceefdefd499cd,2,2,4698304136168668035647424,4698304.136168668036
2025-04-01,63,1286571710,3ec92c9d09403a76bda445ffdfaf6de59717219f,4,4,4626469513162000000000000,4626469.513162000000
2025-04-01,64,2083560323,38538384547efde883ed2b623cad1ec9a6a92c72,3,3,4505711038666667101587907,4505711.038666667102
2025-04-01,65,784805087,c77c6375e9fd581701425a6fb70bf371fb1cba28,5,5,4136813152744944007603550,4136813.152744944008
2025-04-01,66,-218048503,663de7931278c02802ab81928e99a7de5d6f7543,2,2,4016597271501084749999315,4016597.271501084750
2025-04-01,67,2089400601,116aedce83a8ed5455f2196858254db2de10ceff,8,8,4016233426864509048964133,4016233.426864509049
2025-04-01,68,-100993683,21be6569c0a01488c5b02428fd45bf6248042e2c,1,1,4003956829386000000000000,4003956.829386000000
2025-04-01,69,-273704838,768f78fd77a4a574286b8b9901606fa3d84e6c77,4,4,4000820397894000000000000,4000820.397894000000
2025-04-01,70,-166327462,cb8b9894e29c0b9aa570c741d7822e58b19120bf,3,3,4000000463393000000000000,4000000.463393000000
2025-04-01,71,1426566060,f34b1bf36728dbee1ab4737134a6133680eaaa08,3,3,3972250631330000000000000,3972250.631330000000
2025-04-01,72,1704542994,da76442991b470751aadd4dbf63bdc46d3bc3c02,12,12,3886065413637511785264464,3886065.413637511785
2025-04-01,73,158974304,2e32935bfd5b2718f99bc8fdf8b37c16811f7d97,18,18,3810618118076706073486620,3810618.118076706073
2025-04-01,74,966734347,6c76e681cbc01b283677cb5255587c22a29780f0,2,2,3669093344432446405516490,3669093.344432446406
2025-04-01,75,-311700583,ce0a8d5b92aef862d0993bebeb8d625f337d8b8c,7,7,3592193345274000000000000,3592193.345274000000
2025-04-01,76,734202508,dcf28bc785ae4ba5ebfe4e1fab9d505677aadbe1,1,1,3414099435852000000000000,3414099.435852000000
2025-04-01,77,-70057774,a2a19c7a84c285ca68706904018d6eeae3972096,3,3,3225049141593866514427324,3225049.141593866514
2025-04-01,78,447285480,2764034e0d06c6d45e66de9de1f8f00e193835c4,25,25,3175038777096744417805328,3175038.777096744418
2025-04-01,79,1972146920,94f81d077a415470a8c3cd331e912f4c32ccf8e7,2,2,3129747400740233854382846,3129747.400740233854
2025-04-01,80,917716897,f5830ff9b625b60131d82530c51c9e294a9f7478,7,7,3032551464599001576561995,3032551.464599001577
2025-04-01,81,-203353804,119d9e8c12c7bb6d81af2a2b231e08bfaa077790,1,1,3005142264949000000000000,3005142.264949000000
2025-04-01,82,1525417292,6a736d2289deebacf3054b712ac76d6f08e54b7e,13,13,2900804108766480707360544,2900804.108766480707
2025-04-01,83,1571722990,99b95c60b2d68db15dffb11a71076a31ccaf1487,12,12,2870374246894510047893405,2870374.246894510048
2025-04-01,84,560566992,1b1a4fb64b5bb26dbd5a4b8a291e4de1bd5d58f9,24,24,2670971080285864555650842,2670971.080285864556
2025-04-01,85,497816519,b4fb31e7b1471a8e52dd1e962a281a732ead59c1,7,7,2559763957582161770956024,2559763.957582161771
2025-04-01,86,-296391871,c99e243fddee0854f07a3a2f5ddc49945e2d8978,4,4,2196664034960738680108931,2196664.034960738680
2025-04-01,87,1197352295,135a5c5f76beaf0c98c9d90079341d3c1a1c8098,1,1,2125147638584789922855358,2125147.638584789923
2025-04-01,88,1798854680,6c413690c19cfc80c3db3211c80993bf642c6456,2,2,2124998933851000000000000,2124998.933851000000
2025-04-01,89,-307426472,c9935383bb5852b40ae044bdc6fae4db26109976,15,15,2111696135734540459444870,2111696.135734540459
2025-04-01,90,1983990894,08d9e6d0be8cd26e93ec8263337250103d4c8427,1,1,2091492718959050664968193,2091492.718959050665
2025-04-01,91,-111553863,2b4fec2ca26f9499d1e8af0a27a38ed78e565187,2,2,2058949326325114091291362,2058949.326325114091
2025-04-01,92,1893701473,805d1d8a8101a93e0a8b03bcaa28c5c3e82cf74a,1,1,2038082887126000000000000,2038082.887126000000
2025-04-01,93,-227049612,828d077c72b4ca97dd00c6bb5f99f0f5cfa70136,4,4,2021125590557706204977003,2021125.590557706205
2025-04-01,94,-273223436,98ae35331d9a10e98e0cde00fd090b6752a31a20,5,5,2004307867136732074973311,2004307.867136732075
2025-04-01,95,1843308001,59f694d74d94b18e3d1bbdb628b96d5fe6af0361,2,2,2001963672435863631154109,2001963.672435863631
2025-04-01,96,-113751618,43911ee0012cdabf825d1ffe3a3e372c9d477618,1,1,2000394931988246664078640,2000394.931988246664
2025-04-01,97,1804238161,41493259ada007ea557a49aa7a1a12ba1f7c8188,2,2,2000000000000000000000000,2000000.000000000000
2025-04-01,98,2114056193,48e731267ddcda81abe99c727cffa302a7c39a98,2,2,2000000000000000000000000,2000000.000000000000
2025-04-01,99,1655355719,955302f48a919ea0b84000e2316c3ed1afe396a8,1,1,1999999006006000000000000,1999999.006006000000
2025-04-01,100,-289007185,7eee93f3278c7358b9a33956e581fa1414ba6c34,1,1,1999998857637000000000000,1999998.857637000000
2025-05-01,1,-25058922,688cc76d3b009d805ab6b4d0a1cbd228131b5cbf,22,22,2421787548488362595339874760,2421787548.48836260
2025-05-01,2,1879543738,aaf9f14f20145ad50db369e52b2793bfeb18a45b,59,59,661399975000164601194263308,661399975.00016460
2025-05-01,3,497816519,b4fb31e7b1471a8e52dd1e962a281a732ead59c1,59,59,297786364432984040057042493,297786364.43298404
2025-05-01,4,2027659310,b99a2c4c1c4f1fc27150681b740396f6ce1cbcf5,22,22,275680423550127895027905358,275680423.55012790
2025-05-01,5,73978,65202b0d78f6a6577e1083fa7c4ca04ab0c615a8,24,24,130980677394132770918307860,130980677.39413277
2025-05-01,6,2119729236,81ebde24453b8e40454616579ea79c79a197699d,31,31,95189097875689000000000000,95189097.875689000000
2025-05-01,7,1973459980,ed0c6079229e2d407672a117c22b62064f4a4312,4,4,57037549053020155611407873,57037549.053020155611
2025-05-01,8,1998948740,2c106367ec891c1d7de2d2c3cf5f369845f5db1e,25,25,51194096526151930185806159,51194096.526151930186
2025-05-01,9,1426566060,f34b1bf36728dbee1ab4737134a6133680eaaa08,26,26,45511999907735870045588049,45511999.907735870046
2025-05-01,10,5288884,a53a13a80d72a855481de5211e7654fabdfe3526,19,19,39475909725372289768332878,39475909.725372289768
2025-05-01,11,1753046924,2466a85341e3a7f24bde0d7e1e055b15617fef91,11,11,38000002000000000000000000,38000002.000000000000
2025-05-01,12,170948875,d007058e9b58e74c33c6bf6fbcd38baab813cbb6,11,11,29500000000000000000000000,29500000.000000000000
2025-05-01,13,1036539257,1be3d6c73e7af74a0ab818c4a95bd72f058f320a,19,19,28709293604116550059978213,28709293.604116550060
2025-05-01,14,1954645225,a542b55ede9ec2dadff0803b98b46d94cc471174,3,3,26647160768230479700447833,26647160.768230479700
2025-05-01,15,9591554,78e96be52e38b3fc3445a2ed34a6e586ffab9631,3,3,26604303496903000000000000,26604303.496903000000
2025-05-01,16,1821352972,0ad500d23a43ae9b26a570cfb02b68c48a866565,3,3,23407645888449819543623233,23407645.888449819544
2025-05-01,17,1153711585,8fd589aa8bfa402156a6d1ad323fec0ecee50d9d,5,5,22104562486981399116487312,22104562.486981399116
2025-05-01,18,-16629953,961972a5c91e7237a3b02d2ee173ac3999e49480,14,14,21437028308026437753194963,21437028.308026437753
2025-05-01,19,1122622037,3d1bc92b1635a76193e67e86fa0b10cd8b8b1ab9,5,5,20034203862959000000000000,20034203.862959000000
2025-05-01,20,1737800013,caf1943ce973c1de423fe6e9f1a255049e51666e,1,1,20000000000000000000000000,20000000.000000000000
2025-05-01,21,1286571710,3ec92c9d09403a76bda445ffdfaf6de59717219f,13,13,17437356856386266352116410,17437356.856386266352
2025-05-01,22,1647511868,fd81b27d9796a1ba7d7171ea70010c9befb2a62a,41,41,16950019946676207963193926,16950019.946676207963
2025-05-01,23,-121638577,66667ea2891bfb7791409b0e19057a2f6237788c,10,10,15363512815521098529580614,15363512.815521098530
2025-05-01,24,1384085576,45ebb1c54f223c5905a7683164656b63527bc11b,8,8,12130399792983263361100757,12130399.792983263361
2025-05-01,25,608648476,2326d4fb2737666dda96bd6314e3d4418246cfe8,5,5,12001324761966160203949550,12001324.761966160204
2025-05-01,26,-351644127,a1a2401268b976cb46c35550f2b2428908dd53cb,11,11,11905000000000000000000000,11905000.000000000000
2025-05-01,27,1914838712,6ae3cb35f1ed950b237a6ec1081b2140822bd19e,19,19,11736274591981000000000000,11736274.591981000000
2025-05-01,28,1956680972,1c5584b98b06f9e86a6971bd838dc1dbe2c70294,1,1,11408386000000000000000000,11408386.000000000000
2025-05-01,29,-208249658,0fdc7e0e92c0586ca477da2293f2ae147a077d7d,2,2,11048381918811389104124477,11048381.918811389104
2025-05-01,30,2053345140,89b0a5e2863b1aa6b321b17e3e7f632a46b4b941,6,6,11012920371796435706851235,11012920.371796435707
2025-05-01,31,573404202,28a55c4b4f9615fde3cdaddf6cc01fcf2e38a6b0,2,2,10654206402213394274130520,10654206.402213394274
2025-05-01,32,1392966987,68c3c539f75e93e7abd2af4d3cdb263364edafd6,2,2,10000999310370000000000000,10000999.310370000000
2025-05-01,33,1450693022,c40ca9847255a1b89ac50ee08555ec150a1e23a1,7,7,9442491280848547417896164,9442491.280848547418
2025-05-01,34,1715872443,4f0a01badaa24f762cee620883f16c4460c06be0,84,84,9211322431484387436188394,9211322.431484387436
2025-05-01,35,-343565798,567a219a9f784225403183e59da8840c50767351,9,9,9150860990553724719225946,9150860.990553724719
2025-05-01,36,1786235719,6859da14835424957a1e6b397d8026b1d9ff7e1e,15,15,9113137079943000000000001,9113137.079943000000
2025-05-01,37,1577593806,7aa61e5fdef15599d2e8cba9b8900d2152e3d3e9,6,6,8501883172942000000000000,8501883.172942000000
2025-05-01,38,779583634,2e4cf76b269f34d83bea428f4c35aa5645191259,2,2,8467258840511248610539073,8467258.840511248611
2025-05-01,39,1095356645,af6ccd55faa9f977f13fbfab6f9ec81dc2028062,2,2,7288002418821538471599479,7288002.418821538472
2025-05-01,40,1881090579,76be51aa94fb1c9632107349aab0488d878e4395,6,6,6656598006649996577127614,6656598.006649996577
2025-05-01,41,1875854305,cd22cd6e25edacc5ea3b9a1ecc25d6b2ee88c254,2,2,6600827850558167872584036,6600827.850558167873
2025-05-01,42,-347334565,71590f4405d3bf57053db5cc5d115b30d55cc159,6,6,6536525367246159958882575,6536525.367246159959
2025-05-01,43,-125733960,0d3ce85b919fffd09146d6f7950a0cb2bc0be9a6,1,1,6231579772366999624843266,6231579.772366999625
2025-05-01,44,1668346579,dec02df2fa44a32b3f13efc783ef92298062aca9,5,5,5928841307775605060245848,5928841.307775605060
2025-05-01,45,306671,375f95fb45811ace248adc5baee5228d91ffca50,9,9,5919353621010196692258755,5919353.621010196692
2025-05-01,46,1639520862,d8c195f8f58d8443c2d79289815ecc348128c59f,4,4,5519925983803231396971394,5519925.983803231397
2025-05-01,47,-232617064,975287654dc27472d252a996375c9abce794493c,5,5,5257355702182000000000000,5257355.702182000000
2025-05-01,48,-315951911,fa932bba93116870e4b82b6890cb754077759c49,5,5,5078012800000000000000000,5078012.800000000000
2025-05-01,49,-236317071,7a9e7a2453cc940b112d668656404a8ffea8cb98,3,3,5000000000000000000000000,5000000.000000000000
2025-05-01,50,-252683958,c4ba8e5083795d8128abd6c2306b742e41245f60,3,3,4999688480000000000000000,4999688.480000000000
2025-05-01,51,938174869,18ab1f0c8bd5a23a67f7ad8a5a8d342c496a8ed7,2,2,4800000000000000000000000,4800000.000000000000
2025-05-01,52,2125605889,06c05fbac28826fa24b5fe806f239277d8b5a9fd,8,8,4712786211352045377059513,4712786.211352045377
2025-05-01,53,-335006276,65cf0a7c2e35ff89d24614de28ca7c53b97bca42,4,4,4704345000000000000000000,4704345.000000000000
2025-05-01,54,-192846248,93fa347d90ac1979d5935b1f81c8554c189ed0d1,6,6,4700813655647999925991161,4700813.655647999926
2025-05-01,55,723327158,6fedfdb4249cd5dca3030fd09e0e1368f23cb4f8,7,7,4683225133715893879322181,4683225.133715893879
2025-05-01,56,-273704838,768f78fd77a4a574286b8b9901606fa3d84e6c77,2,2,4623395880436000000000000,4623395.880436000000
2025-05-01,57,1893425180,653107ab73641b7b15469d33a56a8c5abd9a8006,8,8,4604940311359879364444811,4604940.311359879364
2025-05-01,58,1990533483,77e51ca3ced8ac0ccf2f7916f33f215c888bc987,9,9,4584547756106957741757750,4584547.756106957742
2025-05-01,59,-318022406,e726d1ae4c4766dbb24f2b52391a6735a003b395,4,4,4522139081374523766792202,4522139.081374523767
2025-05-01,60,-317124610,1b23fe057e195f3519dceeb9f892b77129822f9a,6,6,4500000666636000000000000,4500000.666636000000
2025-05-01,61,1108108855,e9e6d5663ec820bc5bebaca5555120ab6b4a437d,2,2,4500000000000000000000000,4500000.000000000000
2025-05-01,62,-332236552,541b3e6b6b88f2ada07c48c41113efb2c4f43e03,5,5,4472599796010185473510587,4472599.796010185474
2025-05-01,63,-124266248,7fedd5f58697d432e207444000259bf26fc2bbd3,7,7,4348581199947396892186259,4348581.199947396892
2025-05-01,64,1388806989,f8e572b93449b61fac68b0cfc9eb4646aea4edb8,2,2,4318890115000000000000000,4318890.115000000000
2025-05-01,65,-155850848,3290b7e095e756ee0fa9f51c4087c9f6546ee4fb,1,1,4287277518023000000000000,4287277.518023000000
2025-05-01,66,-350625852,d383165100047d9b3691eebcbb490f481f6ada2c,10,10,4011033597096719134867547,4011033.597096719135
2025-05-01,67,-74906579,a580fe412dfbc2754bf0b9006075bd4b64a6752b,6,6,3804000000000000000000000,3804000.000000000000
2025-05-01,68,848283293,2a9c628f9b1b06a881407ae457ffb0e51fb7e752,20,20,3726350773955681255094137,3726350.773955681255
2025-05-01,69,-70057774,a2a19c7a84c285ca68706904018d6eeae3972096,4,4,3620717012040034968087793,3620717.012040034968
2025-05-01,70,-354640546,81949f6db1eab9b2486a273eecc563ac54ba8408,1,1,3541760265596832810517543,3541760.265596832811
2025-05-01,71,747523018,6b28fb12ee41baa9d1df16971de53adde6d1be5b,3,3,3506287968983897838435953,3506287.968983897838
2025-05-01,72,1704542994,da76442991b470751aadd4dbf63bdc46d3bc3c02,6,6,3388348233672042463027880,3388348.233672042463
2025-05-01,73,1246733002,c5b2359fe6b4a7118b67b116069ca2e7cf3ccc27,1,1,3004222693521828043006710,3004222.693521828043
2025-05-01,74,-37109950,daae2c3106a2f662529c3ed16280a36978c691f0,1,1,2980350653889000000000000,2980350.653889000000
2025-05-01,75,2054612568,a052d039738d667f1e12180c388816308e9d022d,17,12,2966687594332411702486274,2966687.594332411702
2025-05-01,76,-220715064,410e70c52319d4c51f43d56254afebbe0170826c,1,1,2950228749761863299487413,2950228.749761863299
2025-05-01,77,2073828543,f4b6b926c563d4d3602a24d79598fb97452719c2,2,2,2941273267188000000000000,2941273.267188000000
2025-05-01,78,742671867,439fa9569c5352740883cffb3c09265862c7d7b4,1,1,2911569142807176210414905,2911569.142807176210
2025-05-01,79,930444523,3519ee4d387150f230baca90f5c50e9d296164c6,12,12,2906933447875514565635185,2906933.447875514566
2025-05-01,80,784805087,c77c6375e9fd581701425a6fb70bf371fb1cba28,1,1,2874194566721930908073054,2874194.566721930908
2025-05-01,81,1242296813,121df6cf9d35c240aa191dc045e24b4f4ef4fa5b,6,6,2836582126858161301062685,2836582.126858161301
2025-05-01,82,-339123255,92ee2c2b70a8c14a2dae1ef5beaa5721d0d25c28,4,4,2822359081302953888584740,2822359.081302953889
2025-05-01,83,1839362061,fe99cc4664a939f826dbeb545c1aad4c89ee737a,2,2,2814191833990000000000000,2814191.833990000000
2025-05-01,84,-335113942,3eeff34e100dcf9811aea294a50693bff97024f4,7,7,2760184776180000000000000,2760184.776180000000
2025-05-01,85,-176208619,3f1647d33707830e088e9cb6aa791017a1dfdf84,3,3,2712066639176565249508724,2712066.639176565250
2025-05-01,86,-350083170,1a7d05c0d60151aed7ea72e86948f9446667923c,2,2,2670482140210000000000000,2670482.140210000000
2025-05-01,87,-353251532,e5da9b4f2727112ca0277e72ef827ff4b3005d2d,2,2,2648457140210000000000000,2648457.140210000000
2025-05-01,88,-289750965,2d855063153b553bfdf544d2b33e8a5a870cb4d6,1,1,2639157296351225541686982,2639157.296351225542
2025-05-01,89,2137894645,f276d10b388e00b8a04b1362f66c6e2aad8a1960,6,6,2610000000000000000000000,2610000.000000000000
2025-05-01,90,2047085623,2f429fe320dc80416dfd78597344866fb5d0a93d,14,14,2588754478617380290090161,2588754.478617380290
2025-05-01,91,1550153471,7fe4b2632f5ae6d930677d662af26bc0a06672b3,5,5,2528675301035044960873212,2528675.301035044961
2025-05-01,92,-243916876,ade2c20e99aa3ce0222c67fc0061fb0a88e0a7c0,5,5,2521040304601000000000000,2521040.304601000000
2025-05-01,93,601802523,872bda273fe56aaf7d1d5d727b7088224e68a304,5,5,2501841851277518357437882,2501841.851277518357
2025-05-01,94,54596232,f4dfcd61c36fc3ac374e52206c43253e14c2ffe2,4,4,2500057998932000000000000,2500057.998932000000
2025-05-01,95,1270971838,c1b3a919cd84eb29717a641a86926c3184b0a1af,15,15,2459397666403779419435294,2459397.666403779419
2025-05-01,96,-194354684,c35bc7e918bb4c0159296d9749dc59de605b4b93,2,2,2447642298998877955003708,2447642.298998877955
2025-05-01,97,2043873752,c1bb99caf4e24fbd3272b1cc9d5c57385c3cd342,1,1,2401202713761729714012486,2401202.713761729714
2025-05-01,98,-316753687,8ae3ea3d1162443f4f9dedf25908f38e1a31e2cf,12,12,2388549012253158661148562,2388549.012253158661
2025-05-01,99,-167424799,67b878c9eb0cca9694c8ec0b007af53b34a86256,2,2,2300500351812037491347843,2300500.351812037491
2025-05-01,100,-95525033,8899faed2e1b0e9b7f41e08b79be71ec3d1f9ec1,2,2,2300000000000814149874276,2300000.000000814150
2025-06-01,1,-25058922,688cc76d3b009d805ab6b4d0a1cbd228131b5cbf,4,4,375055241151941000000000000,375055241.15194100
2025-06-01,2,1879543738,aaf9f14f20145ad50db369e52b2793bfeb18a45b,23,23,127996559430985683275840983,127996559.43098568
2025-06-01,3,1803377828,f2085a1521d11396fd182c7a5fb2622f74cf1de6,40,40,111814256505154543867150259,111814256.50515454
2025-06-01,4,2119729236,81ebde24453b8e40454616579ea79c79a197699d,54,54,104887526496141000000000000,104887526.49614100
2025-06-01,5,2027659310,b99a2c4c1c4f1fc27150681b740396f6ce1cbcf5,6,6,95212000000000000000000000,95212000.000000000000
2025-06-01,6,9591554,78e96be52e38b3fc3445a2ed34a6e586ffab9631,9,9,66690781655823078258026473,66690781.655823078258
2025-06-01,7,-138136881,7bee8d37fba61a6251a08b957d502c56e2a50fab,34,34,55129507277198522736387000,55129507.277198522736
2025-06-01,8,1973459980,ed0c6079229e2d407672a117c22b62064f4a4312,6,6,53689159167226000000000000,53689159.167226000000
2025-06-01,9,1153711585,8fd589aa8bfa402156a6d1ad323fec0ecee50d9d,9,9,44010261400131000000000000,44010261.400131000000
2025-06-01,10,73978,65202b0d78f6a6577e1083fa7c4ca04ab0c615a8,9,9,43786392603474156947008658,43786392.603474156947
2025-06-01,11,497816519,b4fb31e7b1471a8e52dd1e962a281a732ead59c1,28,28,42778871028525450239720856,42778871.028525450240
2025-06-01,12,170948875,d007058e9b58e74c33c6bf6fbcd38baab813cbb6,3,3,40000019952832712509376508,40000019.952832712509
2025-06-01,13,-139031532,1be45fef92c4e2538fecd150757ed62b7b3757d7,2,2,35000000000000000000000000,35000000.000000000000
2025-06-01,14,1426566060,f34b1bf36728dbee1ab4737134a6133680eaaa08,14,14,25339273620215465064653024,25339273.620215465065
2025-06-01,15,1752098036,691cb02bf62a0bb2397bfae9a55f7380d415fff2,3,3,25102703472397000000000000,25102703.472397000000
2025-06-01,16,-231601406,2e60b1dcdedd188680dc5160e0e171fbf9cc0fdd,52,52,24662991087731693134094555,24662991.087731693134
2025-06-01,17,1737800013,caf1943ce973c1de423fe6e9f1a255049e51666e,1,1,23757420000000000000000000,23757420.000000000000
2025-06-01,18,365318,ee2826453a4fd5afeb7ceffeef3ffa2320081268,5,5,20968786328403711782657889,20968786.328403711783
2025-06-01,19,1423230696,bb226555fbb98850273b10b0cf55ad2f99966d20,7,7,20837733566417419391109828,20837733.566417419391
2025-06-01,20,1401365054,989536719a72cfd50348ccd5521256c7eb41a999,7,7,19826186142582492553161284,19826186.142582492553
2025-06-01,21,1804318336,a8c18057c5aaaaff6000d28a057a6994b2e09bfb,14,14,15919583631256000000000000,15919583.631256000000
2025-06-01,22,-297627070,f8191d98ae98d2f7abdfb63a9b0b812b93c873aa,6,6,15637343000000000000000000,15637343.000000000000
2025-06-01,23,-379807519,f330d7aff40ac87c9b2b96244ac07f3a8a1d6e73,3,3,15002844281412391279917517,15002844.281412391280
2025-06-01,24,-284796470,84378aaeaffe1557d520f5347613715acea4a729,55,55,14805556487567184282649119,14805556.487567184283
2025-06-01,25,573404202,28a55c4b4f9615fde3cdaddf6cc01fcf2e38a6b0,8,8,14643275129338010977792443,14643275.129338010978
2025-06-01,26,1797925792,ddf725d2ebd795748dd8c6b700b7c98d1dfb8ce5,22,21,14546126237573000000000000,14546126.237573000000
2025-06-01,27,1879500173,55ea3e38fa0aa495b205fe45641a44ccc1c3df26,3,3,13511329000000000000000000,13511329.000000000000
2025-06-01,28,-332499005,793c1a43f2aed8c02ee9005c9de2ecc1cf1580a0,3,3,12581699896626661422056127,12581699.896626661422
2025-06-01,29,1839362061,fe99cc4664a939f826dbeb545c1aad4c89ee737a,16,16,12040166000002333258163266,12040166.000002333258
2025-06-01,30,599583642,16f037a3ddf53da1b047a926e1833219f0a8e1fc,23,22,11148564976648951630494765,11148564.976648951630
2025-06-01,31,-374980309,b249c260d643735034507e88fd5011c39e09f729,13,13,10738436066391569680709298,10738436.066391569681
2025-06-01,32,-16629953,961972a5c91e7237a3b02d2ee173ac3999e49480,8,8,10196003204609996842312687,10196003.204609996842
2025-06-01,33,608648476,2326d4fb2737666dda96bd6314e3d4418246cfe8,3,3,10013666154586481299920235,10013666.154586481300
2025-06-01,34,-373047195,1f4d203c3fa5e76792e6849cca5e74bec978f56d,1,1,10000001000000000000000000,10000001.000000000000
2025-06-01,35,600100427,63950cfd75e2290a3581b6b0e39c86bc11697d5b,1,1,9536897725016787037915932,9536897.725016787038
2025-06-01,36,941421118,7fa9ae25d2666f142d2e974a0ba537056be18e9a,44,44,9503320477041369318009377,9503320.477041369318
2025-06-01,37,-383889899,b7443465811505df6554e8ec2432b4650c9297e3,17,17,9435542983815459106581667,9435542.983815459107
2025-06-01,38,1712565812,8a25d8c9fa8c7a726137f2d618d85cbc2c083f78,5,5,9100000000000000000000000,9100000.000000000000
2025-06-01,39,-137448285,38cc174685852510d5887be0d9da66e6b8a4a0dc,3,3,9000000000000000000000000,9000000.000000000000
2025-06-01,40,1246733002,c5b2359fe6b4a7118b67b116069ca2e7cf3ccc27,12,12,8560000000000000000000000,8560000.000000000000
2025-06-01,41,1674971491,de97bba2f73845bfb3dc28fd4886bb764b503d47,67,67,8410918347386282354586578,8410918.347386282355
2025-06-01,42,-367576947,184b493ecf7c0f18adde26034d73e5bfa9be6840,18,18,8363160153667167345719381,8363160.153667167346
2025-06-01,43,-362144623,22df45090c5da07158187b06c56299f8a2889028,21,21,8317000915381271820972323,8317000.915381271821
2025-06-01,44,-361853504,48ef7f37a5522c5ed77bbcf27a7699e9cfb05494,11,11,8237756516003167123449936,8237756.516003167123
2025-06-01,45,1990508218,f8a675ea246339ea86280770e0fd6e83f53bb2b5,15,15,8039383872224948246134109,8039383.872224948246
2025-06-01,46,1657247961,869c98f94c1a15118ca10cd86f74b1a3550cdd29,7,7,8009990746282176863779316,8009990.746282176864
2025-06-01,47,-140085432,cbb151dd2cd748f81dce1410e2e77612e5f7ae91,4,4,7699024214279880991320982,7699024.214279880991
2025-06-01,48,-335034859,09a199099ceee2da7b1da1afd3031c3d40f01b00,4,4,7662002046846615410805406,7662002.046846615411
2025-06-01,49,-379351918,7cb4b068e3294b0c365a8368b9798e5db91ebefe,11,11,7576940856138849074396316,7576940.856138849074
2025-06-01,50,1573299661,424ffe585300c61f7a92afba971315d0b15c529b,1,1,7000000000000000000000000,7000000.000000000000
2025-06-01,51,-26602737,0c65bdf84927beda9afa9c47fe0f610bc28693d3,2,2,6999993884808000000000000,6999993.884808000000
2025-06-01,52,1384085576,45ebb1c54f223c5905a7683164656b63527bc11b,3,3,6984474940897871884712853,6984474.940897871885
2025-06-01,53,-286519046,75070ff7718fc47bbe8201200d827d79d8b457d0,20,20,6864908880619498770406571,6864908.880619498770
2025-06-01,54,1647511868,fd81b27d9796a1ba7d7171ea70010c9befb2a62a,8,8,6473760067622684464231057,6473760.067622684464
2025-06-01,55,2137894645,f276d10b388e00b8a04b1362f66c6e2aad8a1960,13,13,6412898437772817490579901,6412898.437772817491
2025-06-01,56,-74906579,a580fe412dfbc2754bf0b9006075bd4b64a6752b,6,6,5710950438839970942113700,5710950.438839970942
2025-06-01,57,1384162637,298629982613bf36c48d0b31afd2fe7d1b4604dc,3,3,5680320175552940142438758,5680320.175552940142
2025-06-01,58,1878741368,1a237efd182d3b9ec2932d3201935d7dae19240d,1,1,5525958442330824738072844,5525958.442330824738
2025-06-01,59,-361511811,9708297f6ad91350279287643ff424837cb2add6,118,117,5483167629989209234152283,5483167.629989209234
2025-06-01,60,-247866525,8d4d699abf3044306008c6bea8e78632f999c281,2,2,5399993129015567156879245,5399993.129015567157
2025-06-01,61,1165462523,99e5d4a7fb7ba7281d1f4fc5dce311f1d832796c,1,1,5343080000000000000000000,5343080.000000000000
2025-06-01,62,-95525033,8899faed2e1b0e9b7f41e08b79be71ec3d1f9ec1,7,7,5244695784437542040980089,5244695.784437542041
2025-06-01,63,1393836495,61329adc9362b5906a6e098ac01616a70fe57080,10,10,5228019048211802317045798,5228019.048211802317
2025-06-01,64,-361099471,6e9380b039e15f2fe655c30e746782c6c68a0462,86,86,5057778046237855146818723,5057778.046237855147
2025-06-01,65,607375893,2436c4dc11ed6a990b3ee3ec54e4066496c039e5,2,2,5035783327937000000000000,5035783.327937000000
2025-06-01,66,1471094289,839f654749f493f5407bde26556e5052376f144e,1,1,5002522805943000000000000,5002522.805943000000
2025-06-01,67,-169769396,51e49ce1f4ace38ac815cfe2cef14397cd9932fb,4,4,5000640657704919856756297,5000640.657704919857
2025-06-01,68,-176208619,3f1647d33707830e088e9cb6aa791017a1dfdf84,6,6,4954774952828502590053830,4954774.952828502590
2025-06-01,69,-165379245,60c88c2fab35c8bfa1286db52e1ad34e5cb879ef,2,2,4893712220123723969843542,4893712.220123723970
2025-06-01,70,-389389918,008311fb8c69d393f393ab45154314d74ba45252,1,1,4893612221124270268122402,4893612.221124270268
2025-06-01,71,-173728277,ed96c177eb097d9c6b547116262391d36947ec81,3,3,4798009929733000000000000,4798009.929733000000
2025-06-01,72,1270971838,c1b3a919cd84eb29717a641a86926c3184b0a1af,26,26,4682539507916080221762678,4682539.507916080222
2025-06-01,73,2073828543,f4b6b926c563d4d3602a24d79598fb97452719c2,4,4,4295847347294000000000000,4295847.347294000000
2025-06-01,74,5288884,a53a13a80d72a855481de5211e7654fabdfe3526,7,7,4224597673034489679257435,4224597.673034489679
2025-06-01,75,1914773548,5b11f988f1b78d991a328fc60dce76f726ddf5e9,1,1,4100000000000000000000000,4100000.000000000000
2025-06-01,76,1535629643,4624cb6d50edfe9e4471dbf34b63af2dbd2173b0,2,2,4062066219690000000000000,4062066.219690000000
2025-06-01,77,-357773618,34ded2781bc3441571b7b9c71754e78b51878e9e,3,3,4010993448046138769142184,4010993.448046138769
2025-06-01,78,978501607,a7393d2f073eadd425b254a60e72c464e8fa4c20,2,2,4006147929294528408544855,4006147.929294528409
2025-06-01,79,1680879709,31bacbbf2c5a364c345055fe47556d42f42937a3,6,6,3869023020000000000000000,3869023.020000000000
2025-06-01,80,-307426472,c9935383bb5852b40ae044bdc6fae4db26109976,40,40,3856625974598939568393570,3856625.974598939568
2025-06-01,81,-70057774,a2a19c7a84c285ca68706904018d6eeae3972096,5,5,3736051356279000130603455,3736051.356279000131
2025-06-01,82,605267890,6cfc7a799709b223994c530f16dd44aeb55cf096,1,1,3700028839223000000000000,3700028.839223000000
2025-06-01,83,-208264771,0c9d9fc0227ad6f571e208923414f0413f360c04,11,11,3622780931917803141244191,3622780.931917803141
2025-06-01,84,-317124610,1b23fe057e195f3519dceeb9f892b77129822f9a,4,4,3508714000000000000000000,3508714.000000000000
2025-06-01,85,669538281,4dc083eb64ffb118d1a379ac5008f1e926dbecb6,1,1,3488907655943681759153260,3488907.655943681759
2025-06-01,86,1371022481,ff04026530372ee46aa122dacb8093218051f3cd,1,1,3487054512820622604594663,3487054.512820622605
2025-06-01,87,-388586539,77195c11dee2c4009ad8cccc2084eeefdb9e57f1,35,35,3487034988760972773565247,3487034.988760972774
2025-06-01,88,-390117189,ab6b52df0000b8a61ced9b191c57bedc74fe3e99,3,3,3483501144224272615488221,3483501.144224272615
2025-06-01,89,1909100748,3f735907f2f151786efb59ff6527c74b5ee43199,7,7,3413921000000000000000000,3413921.000000000000
2025-06-01,90,-318022406,e726d1ae4c4766dbb24f2b52391a6735a003b395,5,5,3400515396023143409396753,3400515.396023143409
2025-06-01,91,-350625852,d383165100047d9b3691eebcbb490f481f6ada2c,7,7,3398360515767926929012820,3398360.515767926929
2025-06-01,92,1539791159,728ac133a5c9250a61f7b27abbe7a823e786ff66,5,5,3379361700000000000000000,3379361.700000000000
2025-06-01,93,1550153471,7fe4b2632f5ae6d930677d662af26bc0a06672b3,4,4,3350817990980921285104616,3350817.990980921285
2025-06-01,94,1830331099,440888714a6afed60ff44e9975a96e6a36f7fac4,29,29,3340000000000000000000000,3340000.000000000000
2025-06-01,95,1920137445,7fb4620dfff2178a50dd611a7e7cd8f661806b50,26,26,3189102732671653473431498,3189102.732671653473
2025-06-01,96,1687220346,31f4ee28f2fb544e54a981eaa9a7a4eac7b9a07b,7,7,3186350589018656292026629,3186350.589018656292
2025-06-01,97,1914838712,6ae3cb35f1ed950b237a6ec1081b2140822bd19e,6,6,3126101337895545231784303,3126101.337895545232
2025-06-01,98,2054612568,a052d039738d667f1e12180c388816308e9d022d,19,18,3071991463812668016183633,3071991.463812668016
2025-06-01,99,-273704838,768f78fd77a4a574286b8b9901606fa3d84e6c77,2,2,3069295742662000000000000,3069295.742662000000
2025-06-01,100,1849730332,adf764be90ae4781bf762c9a2a2803209fd10472,2,2,3060875808163823991851538,3060875.808163823992
2025-07-01,1,2027659310,b99a2c4c1c4f1fc27150681b740396f6ce1cbcf5,34,34,471772395687254908247802429,471772395.68725491
2025-07-01,2,1973459980,ed0c6079229e2d407672a117c22b62064f4a4312,25,25,378761291547436040723778857,378761291.54743604
2025-07-01,3,-139031532,1be45fef92c4e2538fecd150757ed62b7b3757d7,27,27,323513529041630000000000000,323513529.04163000
2025-07-01,4,-412816615,19c9ae601431ea610fdd8b288e66d83f884e1157,22,22,180686566536673845609822317,180686566.53667385
2025-07-01,5,1879543738,aaf9f14f20145ad50db369e52b2793bfeb18a45b,63,63,154033758839831016134914592,154033758.83983102
2025-07-01,6,2119729236,81ebde24453b8e40454616579ea79c79a197699d,46,46,146030989108215000000000000,146030989.10821500
2025-07-01,7,-146336467,925109e0affe306c31b55d8181e766d53af7a778,4,4,140397172878934040283715143,140397172.87893404
2025-07-01,8,873820184,b0449ec1a8a60f95322617d6ed52e1ba1a7beb49,6,6,134768207118658048638161501,134768207.11865805
2025-07-01,9,1804345379,c08b122fb1057149f55d49d3d5cea0d083b37ffb,24,24,122757054620056000000000000,122757054.62005600
2025-07-01,10,170948875,d007058e9b58e74c33c6bf6fbcd38baab813cbb6,16,16,119250071195183606744343937,119250071.19518361
2025-07-01,11,1633644621,d48573cda0fed7144f2455c5270ffa16be389d04,2,2,112000007641256336700846478,112000007.64125634
2025-07-01,12,1803377828,f2085a1521d11396fd182c7a5fb2622f74cf1de6,36,36,104314830259408294883858938,104314830.25940829
2025-07-01,13,-412826322,78223608421009f6bf0a22341a00b22e926d17fd,5,5,54516664949472659812053820,54516664.949472659812
2025-07-01,14,1787467554,ba15e9b644685cb845af18a738abd40c6bcd78ed,47,47,51364610134267265022199880,51364610.134267265022
2025-07-01,15,649011951,c37704a457b1ee87eb657cae584a34961e86acac,9,9,50009847349817924499156596,50009847.349817924499
2025-07-01,16,-262849918,44eb044aa553e45c17d029983727abc8b633cb9a,7,7,47664342610973140303767572,47664342.610973140304
2025-07-01,17,1401365054,989536719a72cfd50348ccd5521256c7eb41a999,16,16,45519838485719130391855655,45519838.485719130392
2025-07-01,18,-438333132,f3a4194a512d31066cf342ccd3aee2f299385947,184,183,44185889175540807233370052,44185889.175540807233
2025-07-01,19,784805087,c77c6375e9fd581701425a6fb70bf371fb1cba28,17,17,42512234583437534177210846,42512234.583437534177
2025-07-01,20,-170181361,293d14c72452bf619581a355bbfec76c767d71a0,3,3,40000000000000000000000000,40000000.000000000000
2025-07-01,21,-96597083,2ba553d9f990a3b66b03b2dc0d030dfc1c061036,9,9,36378919624252831119353670,36378919.624252831119
2025-07-01,22,1426566060,f34b1bf36728dbee1ab4737134a6133680eaaa08,25,25,35911226494717985408887827,35911226.494717985409
2025-07-01,23,2094248035,df2609ec3d2e07a79d2e25e52960e75250bd9aaa,42,42,35540365728881316143167738,35540365.728881316143
2025-07-01,24,1674971491,de97bba2f73845bfb3dc28fd4886bb764b503d47,55,55,34913102195658184054275144,34913102.195658184054
2025-07-01,25,-333474849,5bee9b98669d032352e7eec4b7f4486abe00f897,4,4,34470123766880000000000000,34470123.766880000000
2025-07-01,26,1946775856,8c96fcb2f061ee180b1bf967b93874919a8509f6,4,4,30834196185683505421876137,30834196.185683505422
2025-07-01,27,73978,65202b0d78f6a6577e1083fa7c4ca04ab0c615a8,9,9,30531529204130724845090849,30531529.204130724845
2025-07-01,28,1804734915,46df5652d20872234484f20dc9a62350c3452ffc,6,6,28005490402306000000000000,28005490.402306000000
2025-07-01,29,1503372885,0082ce7f8a3e3c69e7c5cd801760d40d55ce119c,4,4,28000000000000000000000000,28000000.000000000000
2025-07-01,30,-25058922,688cc76d3b009d805ab6b4d0a1cbd228131b5cbf,1,1,27000000000000000000000000,27000000.000000000000
2025-07-01,31,1545139749,2c30a3a1b2cc998a95ab60cef376fcc7d8f0bd9d,12,12,26705573736768552741340264,26705573.736768552741
2025-07-01,32,-297627070,f8191d98ae98d2f7abdfb63a9b0b812b93c873aa,12,12,26594364000000000000000000,26594364.000000000000
2025-07-01,33,-284796470,84378aaeaffe1557d520f5347613715acea4a729,46,46,25921678953235714644996896,25921678.953235714645
2025-07-01,34,-436751663,47739b4ab530ce28e1a21a8a8481d64904552954,5,5,24001529286615000000000000,24001529.286615000000
2025-07-01,35,1956680972,1c5584b98b06f9e86a6971bd838dc1dbe2c70294,4,4,22921727922239263837519872,22921727.922239263838
2025-07-01,36,1153711585,8fd589aa8bfa402156a6d1ad323fec0ecee50d9d,5,5,22000000000000000000000000,22000000.000000000000
2025-07-01,37,-247985815,5dd8af416cc9081e4386b676e8d4016994974c48,82,82,21402126772109719077099987,21402126.772109719077
2025-07-01,38,-247866525,8d4d699abf3044306008c6bea8e78632f999c281,9,9,19959240923317057370487627,19959240.923317057370
2025-07-01,39,1657247961,869c98f94c1a15118ca10cd86f74b1a3550cdd29,23,23,19800030715603222114530402,19800030.715603222115
2025-07-01,40,-273704838,768f78fd77a4a574286b8b9901606fa3d84e6c77,19,19,19577362565253000000000000,19577362.565253000000
2025-07-01,41,1752098036,691cb02bf62a0bb2397bfae9a55f7380d415fff2,1,1,19183843525750000000000000,19183843.525750000000
2025-07-01,42,306671,375f95fb45811ace248adc5baee5228d91ffca50,7,7,18509870619305928977022943,18509870.619305928977
2025-07-01,43,1882160435,e4c8f205aa7a53a3479429913be832294d47297a,10,10,17605904328849940781680449,17605904.328849940782
2025-07-01,44,1794038343,07f56a3a9868e38eafe7c82a28b7dc51106d138a,2,2,17579566927804730212873212,17579566.927804730213
2025-07-01,45,-414601518,7da6dde9a33d52392810a06cda448a22dce4f788,1,1,17367544617660000000000000,17367544.617660000000
2025-07-01,46,-16629953,961972a5c91e7237a3b02d2ee173ac3999e49480,13,13,17322189213652422741667290,17322189.213652422742
2025-07-01,47,932065118,4b745b4e9925778f85ee364681a6d809bb899bc1,5,5,16999999547934821946946542,16999999.547934821947
2025-07-01,48,1522506456,8708d4e0d37402a89f8c5836878c86ae33543ba0,8,8,15010015899165478890089874,15010015.899165478890
2025-07-01,49,1607798370,17170904077c84f26c190ec05ff414b7045f4652,1,1,15000000000000000000000000,15000000.000000000000
2025-07-01,50,426325203,5dd596c901987a2b28c38a9c1dfbf86fffc15d77,38,38,14802098411428518678829941,14802098.411428518679
2025-07-01,51,-418461888,9a732577cd102ee30f4551e9cb5e3a6616fdca98,1,1,14445938710333000000000000,14445938.710333000000
2025-07-01,52,-95525033,8899faed2e1b0e9b7f41e08b79be71ec3d1f9ec1,13,13,14099436036586092704152353,14099436.036586092704
2025-07-01,53,-351644127,a1a2401268b976cb46c35550f2b2428908dd53cb,16,16,14075568026235992928218541,14075568.026235992928
2025-07-01,54,1968477945,c7b640db892c3429c2a0f9817101881e75ddf192,1,1,13605203475604209904535560,13605203.475604209905
2025-07-01,55,-231601406,2e60b1dcdedd188680dc5160e0e171fbf9cc0fdd,59,59,13540747227865197830042605,13540747.227865197830
2025-07-01,56,1743358373,7cff6e8eec63aaf0685ebd51c6157c5f53fdf5e6,2,2,13493672935522000000000000,13493672.935522000000
2025-07-01,57,-418503917,17ff113f2ff2c273e9a0415632d22de5fb8f2ac6,1,1,13351988644339000000000000,13351988.644339000000
2025-07-01,58,-418498219,46a705b6fcc52b8f32fe3caab62e86bffed224c8,1,1,13251200234700000000000000,13251200.234700000000
2025-07-01,59,1830331099,440888714a6afed60ff44e9975a96e6a36f7fac4,83,83,12924090557867339642156435,12924090.557867339642
2025-07-01,60,1384162637,298629982613bf36c48d0b31afd2fe7d1b4604dc,6,6,12743913945768529773285790,12743913.945768529773
2025-07-01,61,2039864405,bc830346ca94089cb09169226f07d587b2eb6e2a,29,29,12576408682368581331812232,12576408.682368581332
2025-07-01,62,1352616299,60de7ff4379931ca19f34e4bcdb6bab979a7da30,17,17,12107380309193680919336884,12107380.309193680919
2025-07-01,63,-255313390,9eafeeb1dd77be8b2a0390c562559b47b45ff295,10,10,12037978414789755895719081,12037978.414789755896
2025-07-01,64,938174869,18ab1f0c8bd5a23a67f7ad8a5a8d342c496a8ed7,1,1,11969293182289863891112475,11969293.182289863891
2025-07-01,65,697756873,637dcff017472759bf4ed03b6d12a46929a66154,3,3,11959498056410000000000000,11959498.056410000000
2025-07-01,66,608648476,2326d4fb2737666dda96bd6314e3d4418246cfe8,4,4,11635454338093993202535597,11635454.338093993203
2025-07-01,67,1426294311,df56e3ce6dcb744b4cd7990301b35d3c804582cd,4,4,11618401717929143940245930,11618401.717929143940
2025-07-01,68,1450693022,c40ca9847255a1b89ac50ee08555ec150a1e23a1,7,7,11556328713031001729858919,11556328.713031001730
2025-07-01,69,1947683049,b3abe0777aa9685941e54744e704378b4b33eeaa,31,31,11257786684084414535840512,11257786.684084414536
2025-07-01,70,-295402411,b33b352adccf1199ce30d91539b4f60f85d35231,41,41,10849119535848000000000000,10849119.535848000000
2025-07-01,71,746433710,406d39cab61d587610a674ad8d0eae7214d460c5,9,9,10719792408392000000000000,10719792.408392000000
2025-07-01,72,1696425324,8af700ba841f30e0a3fcb0ee4c4a9d223e1efa05,1,1,10678461400550000000000000,10678461.400550000000
2025-07-01,73,13596055,0f3c2476fbf0ed09dff00ea7f4ef252dcc72e6f1,2,2,10638124811553083063947235,10638124.811553083064
2025-07-01,74,1737800013,caf1943ce973c1de423fe6e9f1a255049e51666e,5,5,10578893316254000000000000,10578893.316254000000
2025-07-01,75,1268223924,54e324219979c0d1e9a895122edaaaa3c02cb6b4,18,18,10518237927201161092934463,10518237.927201161093
2025-07-01,76,365318,ee2826453a4fd5afeb7ceffeef3ffa2320081268,8,8,10293473147078123732858640,10293473.147078123733
2025-07-01,77,1797925792,ddf725d2ebd795748dd8c6b700b7c98d1dfb8ce5,4,4,10225219000000000000000000,10225219.000000000000
2025-07-01,78,1145636204,cdc8bbc2c740e44e9231dc3a8842800aa2433d18,5,5,10180803123159206946257580,10180803.123159206946
2025-07-01,79,1833584510,1e78322001bdc85f21a7a2f3429dc55c1c13cfae,5,5,10124786325002100338794300,10124786.325002100339
2025-07-01,80,1880529712,8f68f44a9b808bbe8cf39f421932cc94c379e24c,8,8,10006913547221748909331559,10006913.547221748909
2025-07-01,81,497816519,b4fb31e7b1471a8e52dd1e962a281a732ead59c1,8,8,9922228831298334518855250,9922228.831298334519
2025-07-01,82,-396738282,c36a3f4991f6091a1f0309ddcb716a9989fc873d,2,2,9903799087206166184949524,9903799.087206166185
2025-07-01,83,-407154476,48b4887f7511d85de8394dee7c46ed5a03110b35,2,2,9872914525134000000000000,9872914.525134000000
2025-07-01,84,1507833200,e32e3bd2ec560513cab4757564ca50d13caf9f7f,2,2,9799991203272000000000000,9799991.203272000000
2025-07-01,85,-450934097,129660683dbb874190673fdb3e3ed9f5f3d021d8,3,3,9667890563238829895298587,9667890.563238829895
2025-07-01,86,1962111152,bc98f3f41da9571bdc5cd96447ae14b1d6e54ebc,2,2,9600000000000000000000000,9600000.000000000000
2025-07-01,87,1129139433,d4f24489c090f2d5f31a3e80a65e69e6807e1749,3,3,9529695819999000000000000,9529695.819999000000
2025-07-01,88,-76516671,6ba9c7d86ebd6a20817d482c42c9de2806eefb7e,6,6,9455561317223622480548160,9455561.317223622481
2025-07-01,89,-70057774,a2a19c7a84c285ca68706904018d6eeae3972096,10,10,9411033535938015439750932,9411033.535938015440
2025-07-01,90,-409681180,05cbb73d661ac1f0422e8a18f31fb265940963bb,10,10,9395812394830045086907530,9395812.394830045087
2025-07-01,91,2016839094,f91577dffc6000bc4c1e11d752cbde084c7fc640,4,4,9200000000000000000000000,9200000.000000000000
2025-07-01,92,1804318336,a8c18057c5aaaaff6000d28a057a6994b2e09bfb,1,1,9000000000000000000000000,9000000.000000000000
2025-07-01,93,-7385788,0bf3d2a08782ca2b75bbbcdad42424bebc38eb96,1,1,8980241000000000000000000,8980241.000000000000
2025-07-01,94,1550153471,7fe4b2632f5ae6d930677d662af26bc0a06672b3,9,9,8713668828650776940307346,8713668.828650776940
2025-07-01,95,2056273015,c3fdb079fec0073d5904fe8aa810a6f97d221228,1,1,8557624000000000000000000,8557624.000000000000
2025-07-01,96,2016851435,bf796e96551339e70b45ec4d259372693d49fdd5,1,1,8156216283664000000000000,8156216.283664000000
2025-07-01,97,-147165179,000001ac4e512d670c34fedf6c71ce2f49fb160a,25,25,8117483987136000000000000,8117483.987136000000
2025-07-01,98,-140404909,5abde7f3fb30220a5e11d06a65fe319e8056f000,2,2,8000000000000000000000000,8000000.000000000000
2025-07-01,99,-419114510,500d75c94f3f99b80c2e1786689bdd4b7b6d60ed,8,8,7795864111371000000000000,7795864.111371000000
2025-07-01,100,-163279958,1597e4b7cf6d2877a1d690b6088668afdb045763,8,8,7651275211662898583311258,7651275.211662898583
2025-08-01,1,2027659310,b99a2c4c1c4f1fc27150681b740396f6ce1cbcf5,71,71,852908271832270000000000000,852908271.83227000
2025-08-01,2,1973459980,ed0c6079229e2d407672a117c22b62064f4a4312,61,61,656134044322525241478267585,656134044.32252524
2025-08-01,3,1633644621,d48573cda0fed7144f2455c5270ffa16be389d04,17,17,545777339238824047465704606,545777339.23882405
2025-08-01,4,-123906151,93904eec579e5bf7a57c2dd4afbea0f1c3e6a1d1,10,10,500220385700000000000000000,500220385.70000000
2025-08-01,5,-146336467,925109e0affe306c31b55d8181e766d53af7a778,16,16,317723413664432040283715143,317723413.66443204
2025-08-01,6,649011951,c37704a457b1ee87eb657cae584a34961e86acac,22,22,182004520139590180287944457,182004520.13959018
2025-08-01,7,-139031532,1be45fef92c4e2538fecd150757ed62b7b3757d7,10,10,133313130551861735354250399,133313130.55186174
2025-08-01,8,-412816615,19c9ae601431ea610fdd8b288e66d83f884e1157,19,19,121847528910881845609822317,121847528.91088185
2025-08-01,9,1803377828,f2085a1521d11396fd182c7a5fb2622f74cf1de6,28,28,97343555061196171511690157,97343555.061196171512
2025-08-01,10,2146286021,2326ad5530c12cf9f0b32415fc53dbdfe6459cbf,10,10,80002759092855528592739754,80002759.092855528593
2025-08-01,11,1879543738,aaf9f14f20145ad50db369e52b2793bfeb18a45b,15,15,66646359661577373920852603,66646359.661577373921
2025-08-01,12,2147062135,901431e0303426d5f28180f0fb2c616e97d3be71,89,89,60875329895376411309875188,60875329.895376411310
2025-08-01,13,2119729236,81ebde24453b8e40454616579ea79c79a197699d,41,41,58960155224440195328189736,58960155.224440195328
2025-08-01,14,170948875,d007058e9b58e74c33c6bf6fbcd38baab813cbb6,16,16,53356881125266523558414507,53356881.125266523558
2025-08-01,15,2094248035,df2609ec3d2e07a79d2e25e52960e75250bd9aaa,62,62,48377194576778263289185413,48377194.576778263289
2025-08-01,16,573404202,28a55c4b4f9615fde3cdaddf6cc01fcf2e38a6b0,10,10,47129027773350773476574200,47129027.773350773477
2025-08-01,17,1804345379,c08b122fb1057149f55d49d3d5cea0d083b37ffb,13,13,43770042012440000000000000,43770042.012440000000
2025-08-01,18,1787467554,ba15e9b644685cb845af18a738abd40c6bcd78ed,64,64,42912013000139305443128607,42912013.000139305443
2025-08-01,19,1657247961,869c98f94c1a15118ca10cd86f74b1a3550cdd29,26,26,42275047066897638092068147,42275047.066897638092
2025-08-01,20,1797925792,ddf725d2ebd795748dd8c6b700b7c98d1dfb8ce5,14,14,41043646106388605291730154,41043646.106388605292
2025-08-01,21,-382106575,5ffcdb28b8cc958afe052947d43cb6af04833c37,2,2,39086492558514960581143510,39086492.558514960581
2025-08-01,22,73978,65202b0d78f6a6577e1083fa7c4ca04ab0c615a8,7,7,37918653387565223599675005,37918653.387565223600
2025-08-01,23,1573299661,424ffe585300c61f7a92afba971315d0b15c529b,85,85,36916821764115261907592386,36916821.764115261908
2025-08-01,24,1153711585,8fd589aa8bfa402156a6d1ad323fec0ecee50d9d,6,6,33000000000000000000000000,33000000.000000000000
2025-08-01,25,1674971491,de97bba2f73845bfb3dc28fd4886bb764b503d47,29,29,29509239083307539535001982,29509239.083307539535
2025-08-01,26,-137324202,d7583e3cf08bbcab66f1242195227bbf9f865fda,33,33,26972776155596498188218966,26972776.155596498188
2025-08-01,27,873820184,b0449ec1a8a60f95322617d6ed52e1ba1a7beb49,1,1,26954403257761000000000000,26954403.257761000000
2025-08-01,28,-379807519,f330d7aff40ac87c9b2b96244ac07f3a8a1d6e73,7,7,25594632040283788363831324,25594632.040283788364
2025-08-01,29,365318,ee2826453a4fd5afeb7ceffeef3ffa2320081268,10,10,21212783791051000000000000,21212783.791051000000
2025-08-01,30,-318818722,b603df9f6633fed65f78970b52d05ed8424f9f4e,46,46,20224438267743544055402685,20224438.267743544055
2025-08-01,31,1415319063,f0c8369bbf509ad67e58f5539acd64aa394dab96,12,12,20200000000000000000000000,20200000.000000000000
2025-08-01,32,-437254383,e7eafc9075572418a7afbc9484061f525ea70476,12,12,19321179811307000000000000,19321179.811307000000
2025-08-01,33,2142369261,61451f9658aedf2a29c0ecd274e5873ecce9db31,7,7,19236915581689874543954617,19236915.581689874544
2025-08-01,34,1804318336,a8c18057c5aaaaff6000d28a057a6994b2e09bfb,7,7,18946624734670216616431950,18946624.734670216616
2025-08-01,35,1023915661,9cbf099ff424979439dfba03f00b5961784c06ce,7,7,18923092975450000000000000,18923092.975450000000
2025-08-01,36,-247985815,5dd8af416cc9081e4386b676e8d4016994974c48,95,95,18847002484618959029896926,18847002.484618959030
2025-08-01,37,-382660537,1fc75ad0511ddc3a23b9583ba1c285b8292faed5,3,3,18160000000000000000000000,18160000.000000000000
2025-08-01,38,-438333132,f3a4194a512d31066cf342ccd3aee2f299385947,124,124,15984620977673796679130333,15984620.977673796679
2025-08-01,39,-297627070,f8191d98ae98d2f7abdfb63a9b0b812b93c873aa,11,11,15280298000000000000000000,15280298.000000000000
2025-08-01,40,784805087,c77c6375e9fd581701425a6fb70bf371fb1cba28,6,6,15078362363256429649522014,15078362.363256429650
2025-08-01,41,1577593806,7aa61e5fdef15599d2e8cba9b8900d2152e3d3e9,6,6,14954595514792000000000000,14954595.514792000000
2025-08-01,42,-364589063,4e5855e1fdc7a518555fdab6090dceddd4bd1c32,21,21,14345272290572982946072702,14345272.290572982946
2025-08-01,43,-293992030,1ed39244d59f3ee811d3f1997dd78e194ca1fa78,5,5,14000016461480000000000000,14000016.461480000000
2025-08-01,44,1095356645,af6ccd55faa9f977f13fbfab6f9ec81dc2028062,3,3,13605427466446642865701296,13605427.466446642866
2025-08-01,45,1743358373,7cff6e8eec63aaf0685ebd51c6157c5f53fdf5e6,1,1,13493672935522000000000000,13493672.935522000000
2025-08-01,46,1299542528,00005ff7b4e62b6b868d36809f8a30c85a6d0000,10,7,13478490298006185600000000,13478490.298006185600
2025-08-01,47,2015841006,ef21cec92a0ef30278df2f7ca832c0c12185930b,8,8,13349692190742542178102221,13349692.190742542178
2025-08-01,48,-369074064,8233fcd712b8febe837ec85ee1bed2a3d1b92bab,13,12,12370860970630679787298134,12370860.970630679787
2025-08-01,49,-205370601,9bd44c57e3360786a5090a8a1af7a36a9047a262,12,12,12072627249005858327892487,12072627.249005858328
2025-08-01,50,-311460762,b4103ed9e8f845bb9848790d337d76ccaa640e16,6,6,11959995670992011606172258,11959995.670992011606
2025-08-01,51,2039864405,bc830346ca94089cb09169226f07d587b2eb6e2a,16,16,11841403278256064187395648,11841403.278256064187
2025-08-01,52,1522506456,8708d4e0d37402a89f8c5836878c86ae33543ba0,9,9,11807152323656532371790095,11807152.323656532372
2025-08-01,53,1268223924,54e324219979c0d1e9a895122edaaaa3c02cb6b4,16,16,11482983339562483638583715,11482983.339562483639
2025-08-01,54,-96597083,2ba553d9f990a3b66b03b2dc0d030dfc1c061036,2,2,11364344449909737688967467,11364344.449909737689
2025-08-01,55,1426566060,f34b1bf36728dbee1ab4737134a6133680eaaa08,8,8,11232091713589529173418395,11232091.713589529173
2025-08-01,56,1956680972,1c5584b98b06f9e86a6971bd838dc1dbe2c70294,1,1,11210890637084513526131648,11210890.637084513526
2025-08-01,57,-436751663,47739b4ab530ce28e1a21a8a8481d64904552954,5,5,11000085451181000000000000,11000085.451181000000
2025-08-01,58,-441616211,e0f06e1042380fdf62b854c019a00a4f47704fc7,3,3,10908908776156000231671969,10908908.776156000232
2025-08-01,59,13596055,0f3c2476fbf0ed09dff00ea7f4ef252dcc72e6f1,2,2,10588124811553083063947235,10588124.811553083064
2025-08-01,60,-360629303,da63c095d885567e606e05b8fe0a21a625cb190b,3,3,10313894484072106022746845,10313894.484072106023
2025-08-01,61,-295402411,b33b352adccf1199ce30d91539b4f60f85d35231,10,10,10129089191313977292240351,10129089.191313977292
2025-08-01,62,1833584510,1e78322001bdc85f21a7a2f3429dc55c1c13cfae,1,1,10124766131799000000000000,10124766.131799000000
2025-08-01,63,1883212292,57b834eec943c4ddaa96a8b2e9fde9de36140326,34,34,10094027698379762354531128,10094027.698379762355
2025-08-01,64,1737800013,caf1943ce973c1de423fe6e9f1a255049e51666e,5,5,10059670000000000000000000,10059670.000000000000
2025-08-01,65,-373047195,1f4d203c3fa5e76792e6849cca5e74bec978f56d,1,1,10003217296723782268804514,10003217.296723782269
2025-08-01,66,932065118,4b745b4e9925778f85ee364681a6d809bb899bc1,2,2,9900000000000410973473271,9900000.000000410973
2025-08-01,67,-450934097,129660683dbb874190673fdb3e3ed9f5f3d021d8,5,5,9667890563229650308610219,9667890.563229650309
2025-08-01,68,-442567721,0ac244fb1991c02ae6ddd48a2ae6d3091ab2137c,29,29,9561211601136362222777210,9561211.601136362223
2025-08-01,69,941421118,7fa9ae25d2666f142d2e974a0ba537056be18e9a,9,9,9513035680468130293761138,9513035.680468130294
2025-08-01,70,-231601406,2e60b1dcdedd188680dc5160e0e171fbf9cc0fdd,14,14,9352009047888458885144886,9352009.047888458885
2025-08-01,71,-158550008,df2ca7fcc8e4d8d2c70d4e2abd45a59569aaa9f7,3,3,9026824249426000000000000,9026824.249426000000
2025-08-01,72,893850802,8c21e8034a67ec06d874db5e845569fb3f6d3355,8,8,9011590784558406686487538,9011590.784558406686
2025-08-01,73,1514312542,236f968b3e9cc45d6d86bc95386a27c8051ab1ce,2,2,9004781348374588587164134,9004781.348374588587
2025-08-01,74,-370757638,25fd009aa2ec23e2d3ebeab04bf8274e11f5d266,4,4,9000000001001000000000000,9000000.001001000000
2025-08-01,75,1388806989,f8e572b93449b61fac68b0cfc9eb4646aea4edb8,4,4,8788086640275875592446759,8788086.640275875592
2025-08-01,76,890154364,cd812016b15e1937e281b7b7b1f1654e54cc0818,11,11,8763877580385390279706383,8763877.580385390280
2025-08-01,77,-362144623,22df45090c5da07158187b06c56299f8a2889028,10,10,8317000915380826354176230,8317000.915380826354
2025-08-01,78,-262849918,44eb044aa553e45c17d029983727abc8b633cb9a,1,1,8311819842823000000000000,8311819.842823000000
2025-08-01,79,1882505895,dbc652411605f8bb8969136923aa039c79989482,1,1,8200000001600000000000000,8200000.001600000000
2025-08-01,80,-354640546,81949f6db1eab9b2486a273eecc563ac54ba8408,7,7,7912949070428545225415530,7912949.070428545225
2025-08-01,81,-147165179,000001ac4e512d670c34fedf6c71ce2f49fb160a,27,27,7760000000000000000000000,7760000.000000000000
2025-08-01,82,1392991848,38e371f5acec3ab65992881d9d669d3e390cc862,1,1,7523844885100000000000000,7523844.885100000000
2025-08-01,83,-425611357,605c5e674209dea3a8dfa19d6ac320d683e1ef49,6,6,7402974625359622891049763,7402974.625359622891
2025-08-01,84,1145636204,cdc8bbc2c740e44e9231dc3a8842800aa2433d18,2,2,7380806030355200389823650,7380806.030355200390
2025-08-01,85,-163279958,1597e4b7cf6d2877a1d690b6088668afdb045763,5,5,7279665493562307906491642,7279665.493562307906
2025-08-01,86,1892394587,5e1c41bd72b6c3d2ac13803da3bf676211d812ef,2,2,7212632676518000000000000,7212632.676518000000
2025-08-01,87,1822326345,0bf6795813b189664e450c59401510916ed9b7ec,3,3,7185000098065084638175123,7185000.098065084638
2025-08-01,88,530707537,bbbc35dfac3a00a03a8fde3540eca4f0e15c5e64,2,2,7048393622574320906869226,7048393.622574320907
2025-08-01,89,1655599736,27d3745135693647155d87706fbff3eb5b7345c2,2,2,7000289459394608333253208,7000289.459394608333
2025-08-01,90,-223753911,27c2a147a8420471c4164d5e8c497e9d937223de,7,7,6917550357951000000000000,6917550.357951000000
2025-08-01,91,586425765,9edcb464c0afdd01a5ffbd09309b437c7dadeab3,3,3,6811994850507000260724980,6811994.850507000261
2025-08-01,92,1875854305,cd22cd6e25edacc5ea3b9a1ecc25d6b2ee88c254,2,2,6693350911794893018743204,6693350.911794893019
2025-08-01,93,1830331099,440888714a6afed60ff44e9975a96e6a36f7fac4,23,23,6633286093847541867313646,6633286.093847541867
2025-08-01,94,2131193458,9dbb4c06357c3e9d92737d78f1a5d541b63ec7ee,15,15,5936576926126500619550124,5936576.926126500620
2025-08-01,95,1472852556,4b56fde8006def65252a38a4b20b13ae03990afa,4,4,5683534331724471460019512,5683534.331724471460
2025-08-01,96,-273704838,768f78fd77a4a574286b8b9901606fa3d84e6c77,3,3,5432125812243000000000000,5432125.812243000000
2025-08-01,97,599583642,16f037a3ddf53da1b047a926e1833219f0a8e1fc,8,8,5427251618064137376781549,5427251.618064137377
2025-08-01,98,2067157248,cb001c598edd8d5a44db6561acca11ca96b96752,2,2,5400000000000000000000000,5400000.000000000000
2025-08-01,99,566191727,e67e43b831a541c5fa40de52ab0afbe311514e64,6,6,5299289366875999999999998,5299289.366876000000
2025-08-01,100,-439016938,901484306e7521e2fe38ac37fedb13cb29c73eec,3,3,5244057918442221566275687,5244057.918442221566
2025-09-01,1,1633644621,d48573cda0fed7144f2455c5270ffa16be389d04,16,16,673090406972318047465704606,673090406.97231805
2025-09-01,2,2027659310,b99a2c4c1c4f1fc27150681b740396f6ce1cbcf5,41,41,653301538864518000000000000,653301538.86451800
2025-09-01,3,1882505895,dbc652411605f8bb8969136923aa039c79989482,25,25,247604100929819056685148629,247604100.92981906
2025-09-01,4,-139031532,1be45fef92c4e2538fecd150757ed62b7b3757d7,14,14,192547983790042625380283127,192547983.79004263
2025-09-01,5,1973459980,ed0c6079229e2d407672a117c22b62064f4a4312,18,18,183438005421610794027406001,183438005.42161079
2025-09-01,6,-25058922,688cc76d3b009d805ab6b4d0a1cbd228131b5cbf,1,1,150018648468746000000000000,150018648.46874600
2025-09-01,7,-349153532,d93814273b33dd33b32cd345225cfb65deb048dd,72,72,112079636545802350679727417,112079636.54580235
2025-09-01,8,1797925792,ddf725d2ebd795748dd8c6b700b7c98d1dfb8ce5,35,35,104456789633188947480357363,104456789.63318895
2025-09-01,9,2119729236,81ebde24453b8e40454616579ea79c79a197699d,36,36,82737891416168591621974172,82737891.416168591622
2025-09-01,10,1153711585,8fd589aa8bfa402156a6d1ad323fec0ecee50d9d,6,6,74000000000000000000000000,74000000.000000000000
2025-09-01,11,-123906151,93904eec579e5bf7a57c2dd4afbea0f1c3e6a1d1,1,1,61230000024201000000000000,61230000.024201000000
2025-09-01,12,-549560411,170016fa0b2ea88014d82eb2a436fb99153f5ee8,1,1,48508059701835000000000000,48508059.701835000000
2025-09-01,13,-146336467,925109e0affe306c31b55d8181e766d53af7a778,5,5,48194136544030040283715143,48194136.544030040284
2025-09-01,14,170948875,d007058e9b58e74c33c6bf6fbcd38baab813cbb6,14,14,41989989932090236693306456,41989989.932090236693
2025-09-01,15,-297627070,f8191d98ae98d2f7abdfb63a9b0b812b93c873aa,9,9,39794053369863000000000000,39794053.369863000000
2025-09-01,16,2094248035,df2609ec3d2e07a79d2e25e52960e75250bd9aaa,41,41,38647652807906993547887954,38647652.807906993548
2025-09-01,17,1787467554,ba15e9b644685cb845af18a738abd40c6bcd78ed,44,44,35829509251359547287878077,35829509.251359547288
2025-09-01,18,-3197481,603816c3c509007cf9265acf85df5927c49d6da4,5,5,33003116138395000000000000,33003116.138395000000
2025-09-01,19,1879543738,aaf9f14f20145ad50db369e52b2793bfeb18a45b,8,8,25247361398846641556508835,25247361.398846641557
2025-09-01,20,-129008131,d2305803ca7821e4e5c3bcaed366ad7de9f13739,3,3,24851886925592897411659421,24851886.925592897412
2025-09-01,21,1695726495,c6dd9976066f3364b4d6a72cd4f1fa0468327aa7,34,34,24670541830441785834015014,24670541.830441785834
2025-09-01,22,599583642,16f037a3ddf53da1b047a926e1833219f0a8e1fc,27,27,22248651217803292161169054,22248651.217803292161
2025-09-01,23,1023915661,9cbf099ff424979439dfba03f00b5961784c06ce,4,4,18650011494850619421377646,18650011.494850619421
2025-09-01,24,839887091,a5cce50b52eba6c30be3f18def74a98472ff3f3d,109,109,18156052014434153786499522,18156052.014434153786
2025-09-01,25,1942561299,91cfbce901ebec39e5fcd4416893a5632b6da004,4,4,17935302712210986184291647,17935302.712210986184
2025-09-01,26,-504603783,15fd0e35a11fdef9a42fb2a5e4172a9b3a4817f1,12,12,16839726999998522835000000,16839726.999998522835
2025-09-01,27,-303823353,c4de1a0f88b5e10bdef769830699c4f6191b4933,3,3,16500011000000000000000000,16500011.000000000000
2025-09-01,28,2088528243,31078100f05988e15407aac745fcd141f9440475,4,4,16006253199784337499073838,16006253.199784337499
2025-09-01,29,1607798370,17170904077c84f26c190ec05ff414b7045f4652,2,2,15000000000000000000000000,15000000.000000000000
2025-09-01,30,-255313390,9eafeeb1dd77be8b2a0390c562559b47b45ff295,5,5,13013572876057187390096880,13013572.876057187390
2025-09-01,31,-332499005,793c1a43f2aed8c02ee9005c9de2ecc1cf1580a0,3,3,12899997201500000000000000,12899997.201500000000
2025-09-01,32,1883212292,57b834eec943c4ddaa96a8b2e9fde9de36140326,20,20,12713430451319829162642964,12713430.451319829163
2025-09-01,33,-205370601,9bd44c57e3360786a5090a8a1af7a36a9047a262,22,22,12226829920347940865509874,12226829.920347940866
2025-09-01,34,938174869,18ab1f0c8bd5a23a67f7ad8a5a8d342c496a8ed7,3,3,12090186287610163744303699,12090186.287610163744
2025-09-01,35,-230748264,12786a0048adaf6badac262c874c9512b09d6b6a,5,5,12063653280162563565790046,12063653.280162563566
2025-09-01,36,531407942,5ec6abff9bb4c673f63d077a962a29945f744857,4,4,11916905712431364812675070,11916905.712431364813
2025-09-01,37,1956680972,1c5584b98b06f9e86a6971bd838dc1dbe2c70294,3,3,11691169103149539492614724,11691169.103149539493
2025-09-01,38,1393836495,61329adc9362b5906a6e098ac01616a70fe57080,25,25,10112571915032811390812715,10112571.915032811391
2025-09-01,39,-468823726,30c86459e7bb95ae269301b441e00bed68f2c088,40,40,10085949266321000000000000,10085949.266321000000
2025-09-01,40,-549702891,2678256bebcd835d5d078231ae369fbe4713e866,3,3,9718684753690000000000000,9718684.753690000000
2025-09-01,41,-16629953,961972a5c91e7237a3b02d2ee173ac3999e49480,3,3,9348742816010011183851892,9348742.816010011184
2025-09-01,42,1877360525,9671b4e6de7a85a45eb603dafbd53a92800b0ba9,5,5,9278937109154558440404203,9278937.109154558440
2025-09-01,43,1794038343,07f56a3a9868e38eafe7c82a28b7dc51106d138a,1,1,8829392043105061175333897,8829392.043105061175
2025-09-01,44,1798854680,6c413690c19cfc80c3db3211c80993bf642c6456,7,7,8356261977030000000000000,8356261.977030000000
2025-09-01,45,1472852556,4b56fde8006def65252a38a4b20b13ae03990afa,7,7,8337166504749929331391191,8337166.504749929331
2025-09-01,46,-389389918,008311fb8c69d393f393ab45154314d74ba45252,4,4,8000000000000000000000000,8000000.000000000000
2025-09-01,47,1804318336,a8c18057c5aaaaff6000d28a057a6994b2e09bfb,1,1,8000000000000000000000000,8000000.000000000000
2025-09-01,48,-335034859,09a199099ceee2da7b1da1afd3031c3d40f01b00,2,2,7999998301100367565863996,7999998.301100367566
2025-09-01,49,1516042725,93adaa5757cb116cbe445f41e65108425d5b102e,18,18,7865243287100313926414545,7865243.287100313926
2025-09-01,50,3808903,d553294b42bdfeb49d8f5a64e8b2d3a65fc673a9,14,14,7550000000000000000000000,7550000.000000000000
2025-09-01,51,2016851435,bf796e96551339e70b45ec4d259372693d49fdd5,1,1,7156216283664000000000000,7156216.283664000000
2025-09-01,52,206911220,39d787fdf7384597c7208644dbb6fda1cca4ebdf,5,5,7129307183457274129354582,7129307.183457274129
2025-09-01,53,-382660537,1fc75ad0511ddc3a23b9583ba1c285b8292faed5,5,5,7005632885295452711532773,7005632.885295452712
2025-09-01,54,-317056195,56e75e42cded046dbf2265e1d95b7f6ba7d06784,6,6,6971190000585134847577926,6971190.000585134848
2025-09-01,55,-415274049,ffb20e9eb8b57beac74ce2eba50b3fc317dc90fb,25,25,6903000057972000000000000,6903000.057972000000
2025-09-01,56,1875854305,cd22cd6e25edacc5ea3b9a1ecc25d6b2ee88c254,1,1,6693350911794893018743204,6693350.911794893019
2025-09-01,57,426325203,5dd596c901987a2b28c38a9c1dfbf86fffc15d77,9,9,6634713493160896266617044,6634713.493160896267
2025-09-01,58,-140030477,901ecaaa2cfe196fd40dad18f00bbd78849fe794,4,4,6455289656388162814866489,6455289.656388162815
2025-09-01,59,1004740681,cfd9eee4c4f335f99c2c1258bf98d21c05d4ee25,6,6,6450000000000000000000000,6450000.000000000000
2025-09-01,60,1268223924,54e324219979c0d1e9a895122edaaaa3c02cb6b4,8,8,6316260931003890324648712,6316260.931003890325
2025-09-01,61,2061664014,a6209cb86ec64833bf7885bfe1a77eb660bee6b8,6,6,6200000000000000000000000,6200000.000000000000
2025-09-01,62,-368828416,0c03765e29222b3cbf0131eb77048653564ec0b7,9,9,6119957723721000000000000,6119957.723721000000
2025-09-01,63,-368892061,1e741fd1689bd206abd30afc221aceea5b499e4d,7,7,5911508476297000000000000,5911508.476297000000
2025-09-01,64,-97822353,98212548722db8a7af0c0c0a8f8e442dc6cef1dd,18,18,5758691125619096090462974,5758691.125619096090
2025-09-01,65,1885729150,fb94d3404c1d3d9d6f08f79e58041d5ea95accfa,144,144,5556755793127075943440124,5556755.793127075943
2025-09-01,66,-176207642,21c9ce0611541099583e4249bfb583606715a796,13,13,5420436652339540313283068,5420436.652339540313
2025-09-01,67,-301226132,7a7aaa537ab136dd7e46ab08a84dab76b5f78d63,59,59,5373551900247907031162450,5373551.900247907031
2025-09-01,68,440438800,46b46931423e711d051e264020acad89c0e147bd,6,6,5213716984352671662689401,5213716.984352671663
2025-09-01,69,-116042602,c8cd509de83b99838939c195e11ebd477bb029a9,3,3,5201414596891330415961698,5201414.596891330416
2025-09-01,70,2016860796,dcc67de094fb4b6301d3dcba3c247988e07bcfbd,3,3,5181575805777031556323990,5181575.805777031556
2025-09-01,71,1036539257,1be3d6c73e7af74a0ab818c4a95bd72f058f320a,1,1,5000019594007000000000000,5000019.594007000000
2025-09-01,72,1737800013,caf1943ce973c1de423fe6e9f1a255049e51666e,1072,979,4887746671136936685041941,4887746.671136936685
2025-09-01,73,365318,ee2826453a4fd5afeb7ceffeef3ffa2320081268,5,5,4810769569231188310533013,4810769.569231188311
2025-09-01,74,1842886583,cb4a7b790edb7fa3e2731efd7ed85275f92fc74a,15,15,4679582465733616768319275,4679582.465733616768
2025-09-01,75,1584076071,60753e8622a6cfea1df449a9625a9778bb922b72,16,16,4669337456380447342278761,4669337.456380447342
2025-09-01,76,-70057774,a2a19c7a84c285ca68706904018d6eeae3972096,3,3,4481361891718240712065857,4481361.891718240712
2025-09-01,77,1951174859,16597bdcb3b2e424d6c701dc41c54fb4ef2de01a,6,6,4317705007435163692135525,4317705.007435163692
2025-09-01,78,1471094289,839f654749f493f5407bde26556e5052376f144e,2,2,4292195600706042445453002,4292195.600706042445
2025-09-01,79,306671,375f95fb45811ace248adc5baee5228d91ffca50,1,1,4246775229011613574123479,4246775.229011613574
2025-09-01,80,-488429178,08e63b00b38ea99d745edf61fb653f8949aea5e0,7,7,4175456798680791254607813,4175456.798680791255
2025-09-01,81,608648476,2326d4fb2737666dda96bd6314e3d4418246cfe8,2,2,4000000000000000000000000,4000000.000000000000
2025-09-01,82,1172782238,a199bed592fbdebaa66674351ae45d5fd9103452,5,5,3962238658156000000000000,3962238.658156000000
2025-09-01,83,-471318087,c574566c67b3f1b161eb823adab4efbc19f1d6ed,2,2,3960814821953000000000000,3960814.821953000000
2025-09-01,84,1892394587,5e1c41bd72b6c3d2ac13803da3bf676211d812ef,5,5,3866316338258645883805678,3866316.338258645884
2025-09-01,85,1668346579,dec02df2fa44a32b3f13efc783ef92298062aca9,6,6,3800002504246323581357381,3800002.504246323581
2025-09-01,86,1446994767,bfed92a0a4a4731d8160f272f210fd349d4893cb,1,1,3736492282569049616346250,3736492.282569049616
2025-09-01,87,534916779,3b15cec2d922ab0ef74688bcc1056461049f89cb,13,13,3600778817516394684243393,3600778.817516394684
2025-09-01,88,-76516671,6ba9c7d86ebd6a20817d482c42c9de2806eefb7e,3,3,3535000000000000000000000,3535000.000000000000
2025-09-01,89,669538281,4dc083eb64ffb118d1a379ac5008f1e926dbecb6,2,2,3529491556897520381727037,3529491.556897520382
2025-09-01,90,-408332634,ffab440b44893afd49650c69fa7a21ddf10e38d5,4,4,3502168971400000000000000,3502168.971400000000
2025-09-01,91,-168177753,6675be06f297ebebb0b45d211f6702ae8e5ba334,10,10,3490665969454121402960729,3490665.969454121403
2025-09-01,92,1034051611,662dd6980f2442e1db4ba4ecc5518eed376005e4,68,68,3398023671574581894641213,3398023.671574581895
2025-09-01,93,-474307877,3f79442d8909d2163191d3ae835e165efddedf46,8,8,3363101190105262497490685,3363101.190105262497
2025-09-01,94,723327158,6fedfdb4249cd5dca3030fd09e0e1368f23cb4f8,6,6,3322662603432404137742636,3322662.603432404138
2025-09-01,95,2005176510,bedde0eef707f26343c9827c2c37ec2068b2e5e3,7,7,3228770097276573470093989,3228770.097276573470
2025-09-01,96,-89593925,2a7db8653ed56dd8ca5d413997a1fab66aa326b0,8,8,3158833189943520773515449,3158833.189943520774
2025-09-01,97,-555769460,86ae1a407dc9091970f7d998839aa819d793e578,3,3,3072901632401000000000000,3072901.632401000000
2025-09-01,98,-158550008,df2ca7fcc8e4d8d2c70d4e2abd45a59569aaa9f7,1,1,3016322000000698460237592,3016322.000000698460
2025-09-01,99,2015841006,ef21cec92a0ef30278df2f7ca832c0c12185930b,2,2,3004017711826930318535596,3004017.711826930319
2025-09-01,100,685867300,665671de9ac530d7bb982bc440be9741d25c3eb0,2,2,3001671233777662750606485,3001671.233777662751
2025-10-01,1,1973459980,ed0c6079229e2d407672a117c22b62064f4a4312,31,31,950346341108864623659813308,950346341.10886462
2025-10-01,2,2027659310,b99a2c4c1c4f1fc27150681b740396f6ce1cbcf5,26,26,687331131951418701218796868,687331131.95141870
2025-10-01,3,-139031532,1be45fef92c4e2538fecd150757ed62b7b3757d7,15,15,463646815729354276062299635,463646815.72935428
2025-10-01,4,-123906151,93904eec579e5bf7a57c2dd4afbea0f1c3e6a1d1,3,3,310000000000120000000000000,310000000.00012000
2025-10-01,5,170948875,d007058e9b58e74c33c6bf6fbcd38baab813cbb6,41,41,267837479019846709331640736,267837479.01984671
2025-10-01,6,1633644621,d48573cda0fed7144f2455c5270ffa16be389d04,16,16,234699093852256000000000000,234699093.85225600
2025-10-01,7,2119729236,81ebde24453b8e40454616579ea79c79a197699d,49,49,76038003235301338615564429,76038003.235301338616
2025-10-01,8,1153711585,8fd589aa8bfa402156a6d1ad323fec0ecee50d9d,7,7,45000000000000399116487312,45000000.000000399116
2025-10-01,9,2094248035,df2609ec3d2e07a79d2e25e52960e75250bd9aaa,20,20,44866880534833849177836712,44866880.534833849178
2025-10-01,10,-255872456,ae9746a85f7e08cbfd08db00edf9b6c21f592fec,6,6,40022554679000000000000000,40022554.679000000000
2025-10-01,11,-432618367,68e7e72938db36a5cbbca7b52c71dbbaadfb8264,16,16,33364389020220888406745265,33364389.020220888407
2025-10-01,12,1712565812,8a25d8c9fa8c7a726137f2d618d85cbc2c083f78,5,5,26283654482201592018704172,26283654.482201592019
2025-10-01,13,365318,ee2826453a4fd5afeb7ceffeef3ffa2320081268,4,4,26116363123525080446054620,26116363.123525080446
2025-10-01,14,-311984272,64471d103a7f77262529383d53bdd28b260b1ae8,10,10,25686508591361366394773259,25686508.591361366395
2025-10-01,15,1401365054,989536719a72cfd50348ccd5521256c7eb41a999,7,7,25162357000693849556797585,25162357.000693849557
2025-10-01,16,-129008131,d2305803ca7821e4e5c3bcaed366ad7de9f13739,3,3,22989851283236373308092820,22989851.283236373308
2025-10-01,17,1956680972,1c5584b98b06f9e86a6971bd838dc1dbe2c70294,4,4,22200023347096513526131648,22200023.347096513526
2025-10-01,18,-433401137,d6c757043e7d59088969b188923c62fa960afe9b,22,22,21008120180424834693036009,21008120.180424834693
2025-10-01,19,-70057774,a2a19c7a84c285ca68706904018d6eeae3972096,11,11,20176258451005970359573669,20176258.451005970360
2025-10-01,20,1999935409,0b43b7d79d361c87a9ffefe105e37bbff7f9eafb,2,2,19999971529984000000000000,19999971.529984000000
2025-10-01,21,1881090579,76be51aa94fb1c9632107349aab0488d878e4395,4,4,19525046689296994710912012,19525046.689296994711
2025-10-01,22,1879543738,aaf9f14f20145ad50db369e52b2793bfeb18a45b,7,7,18251542655813300771063073,18251542.655813300771
2025-10-01,23,1787467554,ba15e9b644685cb845af18a738abd40c6bcd78ed,20,20,16925964943047613641353018,16925964.943047613641
2025-10-01,24,497816519,b4fb31e7b1471a8e52dd1e962a281a732ead59c1,6,6,16472668116421460643520326,16472668.116421460644
2025-10-01,25,1797925792,ddf725d2ebd795748dd8c6b700b7c98d1dfb8ce5,6,6,15622321898443000000000000,15622321.898443000000
2025-10-01,26,1803730778,ff43c5727fbfc31cb96e605dfd7546eb8862064c,4,4,13748057626142425173984072,13748057.626142425174
2025-10-01,27,1655599736,27d3745135693647155d87706fbff3eb5b7345c2,5,5,13508673115885486679518454,13508673.115885486680
2025-10-01,28,-297627070,f8191d98ae98d2f7abdfb63a9b0b812b93c873aa,19,19,13309416000000000000000000,13309416.000000000000
2025-10-01,29,1885729150,fb94d3404c1d3d9d6f08f79e58041d5ea95accfa,10,10,12451169074965548397752388,12451169.074965548398
2025-10-01,30,2088528243,31078100f05988e15407aac745fcd141f9440475,4,4,12105918793377269212409815,12105918.793377269212
2025-10-01,31,-277985325,50b82f42d51d875b1bfdd946ad27aee2a6b1ab41,7,7,11972683883246636079190808,11972683.883246636079
2025-10-01,32,4395050,84abd78727950aa776f7939102f51df6b166ab84,7,7,10615697142795000000000000,10615697.142795000000
2025-10-01,33,1751552478,0e342f1bf748888960e24f03f836768e83d88cee,3,3,10286580787160728249062956,10286580.787160728249
2025-10-01,34,-140404909,5abde7f3fb30220a5e11d06a65fe319e8056f000,2,2,10017898023329000000000000,10017898.023329000000
2025-10-01,35,-415274049,ffb20e9eb8b57beac74ce2eba50b3fc317dc90fb,27,27,9824941411230571413565261,9824941.411230571414
2025-10-01,36,1539791159,728ac133a5c9250a61f7b27abbe7a823e786ff66,14,14,9231320000000000000000000,9231320.000000000000
2025-10-01,37,2124479240,dd647ce113505b34c62412d2a804ce1bfbcfc737,6,6,8693021657731989098248604,8693021.657731989098
2025-10-01,38,-113751618,43911ee0012cdabf825d1ffe3a3e372c9d477618,8,8,8614757960558679177121261,8614757.960558679177
2025-10-01,39,-333474849,5bee9b98669d032352e7eec4b7f4486abe00f897,1,1,8602579001778000000000000,8602579.001778000000
2025-10-01,40,-419494535,50174919350fd2944439ba719488b78ec4be9357,19,19,8150747309957780260911790,8150747.309957780261
2025-10-01,41,-192042773,ff8559f5f4c7c677a1d958313b61dc8b31bb7f47,4,4,8023008727303083312543636,8023008.727303083313
2025-10-01,42,-3197481,603816c3c509007cf9265acf85df5927c49d6da4,2,2,8004943647579000000000000,8004943.647579000000
2025-10-01,43,588135314,34b2e4cc56b7160d86951310b7351e7983842a9a,12,12,7259868543474529088116830,7259868.543474529088
2025-10-01,44,-581734394,2ac7908bd818982373f45fe1e5a6fb3c676fee1d,4,4,7255000000000000000000000,7255000.000000000000
2025-10-01,45,1695726495,c6dd9976066f3364b4d6a72cd4f1fa0468327aa7,12,12,7218915047174336664446730,7218915.047174336664
2025-10-01,46,1545786351,844dc85edd8492a56228d293cfebb823ef3e10ec,2,2,7162911795040219485391321,7162911.795040219485
2025-10-01,47,-359211775,21550c0d8d8e8982cb4702949887a14f66243d0d,3,3,6570061713782216648949163,6570061.713782216649
2025-10-01,48,-600066346,7d4bba5f829fb936b93d39769086d362b431adfc,3,3,6304752071909801073143596,6304752.071909801073
2025-10-01,49,1647511868,fd81b27d9796a1ba7d7171ea70010c9befb2a62a,24,24,6280972214660778198109192,6280972.214660778198
2025-10-01,50,2001879811,e662d37f1d1e2e900820f7c59e9460457c5e2323,2,2,6266791476198484255180885,6266791.476198484255
2025-10-01,51,-550522555,ec31bef615cfcc6ca1d83452599192154d5f8265,4,4,6005620877527078182214293,6005620.877527078182
2025-10-01,52,1384085576,45ebb1c54f223c5905a7683164656b63527bc11b,2,2,6000617751862666718569704,6000617.751862666719
2025-10-01,53,784805087,c77c6375e9fd581701425a6fb70bf371fb1cba28,3,3,6000000000000000000000000,6000000.000000000000
2025-10-01,54,-137324202,d7583e3cf08bbcab66f1242195227bbf9f865fda,6,6,5809763453549285329180469,5809763.453549285329
2025-10-01,55,1584076071,60753e8622a6cfea1df449a9625a9778bb922b72,9,9,5559370024592740015417961,5559370.024592740015
2025-10-01,56,-311900581,4f0eeb8d7797bd005fdf88fcc85b47aacc59cf36,3,3,5420334782485377988842830,5420334.782485377989
2025-10-01,57,-555769460,86ae1a407dc9091970f7d998839aa819d793e578,21,21,5306339184883741256833608,5306339.184883741257
2025-10-01,58,-615016043,cb68229037a40dac8cba39dc417b6d6de8d29e14,6,6,5270000000000000000000000,5270000.000000000000
2025-10-01,59,1970446780,3eaa52e32268ccd2322418fdb1dde03fbb5d66c4,23,23,5237738062021537084776575,5237738.062021537085
2025-10-01,60,-317056195,56e75e42cded046dbf2265e1d95b7f6ba7d06784,3,3,5124690016310230107170782,5124690.016310230107
2025-10-01,61,206911220,39d787fdf7384597c7208644dbb6fda1cca4ebdf,3,3,5068957683869766725273576,5068957.683869766725
2025-10-01,62,3808903,d553294b42bdfeb49d8f5a64e8b2d3a65fc673a9,1,1,5019698741592000000000000,5019698.741592000000
2025-10-01,63,1560785123,0a009741192aa0bffe53b376e000ce7435f00012,10,10,4898929769983165711084245,4898929.769983165711
2025-10-01,64,-601015367,9ae7dbaa073168caae433223cca2d0916cb16808,2,2,4833968811580979673473911,4833968.811580979673
2025-10-01,65,-400850471,f3892bf9c33935d4227900fd1ecab4e1057b2a5b,23,23,4646983681490986940272016,4646983.681490986940
2025-10-01,66,-468823726,30c86459e7bb95ae269301b441e00bed68f2c088,15,15,4550628082177088125365710,4550628.082177088125
2025-10-01,67,2137894645,f276d10b388e00b8a04b1362f66c6e2aad8a1960,7,7,4479270000000000000000000,4479270.000000000000
2025-10-01,68,1877360525,9671b4e6de7a85a45eb603dafbd53a92800b0ba9,2,2,4449219261953948718984676,4449219.261953948719
2025-10-01,69,1354097314,3e23fb0715e9be36eb8d02ce7e50dde80494a90b,6,6,4400687957431571062066809,4400687.957431571062
2025-10-01,70,2144502429,09085809fb3e4b58a83a187adfd91a2eff3fa41d,19,19,4389812448751803871461858,4389812.448751803871
2025-10-01,71,906917378,24eeb5249ce20cfb667e26b463c0ef394588d65f,1,1,4136052814000000000000000,4136052.814000000000
2025-10-01,72,-339205697,9ee87e8c1c672997a81470c0b721f0333e962a00,1,1,4034731414668000000000000,4034731.414668000000
2025-10-01,73,-209992747,f3175f028845f4570d0fb1643765f5de24400e86,7,7,4029460932837007146044671,4029460.932837007146
2025-10-01,74,-137861648,f3ff8db5b15b2ea226fbdcd297749822c9666e5b,2,2,4003575176686000000000000,4003575.176686000000
2025-10-01,75,1680517700,9079a7110808e9355a75d9da53c280c4b6dc5875,3,3,4001000000000000000000000,4001000.000000000000
2025-10-01,76,607375893,2436c4dc11ed6a990b3ee3ec54e4066496c039e5,2,2,4000135727469185043522574,4000135.727469185044
2025-10-01,77,-336403879,04f6b16cee9ee2a2f493e782e95a516baa8077d6,6,6,3998925238044391321565473,3998925.238044391322
2025-10-01,78,534916779,3b15cec2d922ab0ef74688bcc1056461049f89cb,17,17,3851898557023737814571621,3851898.557023737815
2025-10-01,79,581135653,8d1b878509562fe8c097536e6e8da5bdeed05d1b,10,10,3780238320000000000000000,3780238.320000000000
2025-10-01,80,-148258257,bb84de2e0f16041bfa0cd12f3798cca3f2f10772,1,1,3619930824938000000000000,3619930.824938000000
2025-10-01,81,-615189255,ce45a9b52e48fbd29c9f0f89585a036855bc8419,4,4,3600000000000000000000000,3600000.000000000000
2025-10-01,82,-473838567,65cfbe9fc553026ff4d1af52b9d12c30168a0428,15,15,3521281798558122174410772,3521281.798558122174
2025-10-01,83,-474307877,3f79442d8909d2163191d3ae835e165efddedf46,5,5,3509613064622006979843222,3509613.064622006980
2025-10-01,84,-368894881,9b7c57fc46ae08ddc3a451bb7515aacd0defd29c,6,6,3363157166636000000000000,3363157.166636000000
2025-10-01,85,1737800013,caf1943ce973c1de423fe6e9f1a255049e51666e,85,85,3343271388154955192319206,3343271.388154955192
2025-10-01,86,-230964586,6699397361f50f3800d36a7c33620b6df9473d7c,1,1,3264514026377000000000000,3264514.026377000000
2025-10-01,87,-74577215,c749a5b4bc339a097fcf0d93662e84d1b44e19bc,5,5,3215794999015763195364361,3215794.999015763195
2025-10-01,88,-579135007,127d002d4ab4ac82deadf8b19f2b91ac0f1b88e0,9,9,3160679903479980872074598,3160679.903479980872
2025-10-01,89,1757681643,bdaecd69e160d9cc51732d46faeb391f85c15b66,3,3,3123856196906623105590897,3123856.196906623106
2025-10-01,90,1036539257,1be3d6c73e7af74a0ab818c4a95bd72f058f320a,1,1,3002820521598654417687510,3002820.521598654418
2025-10-01,91,1547215877,9c0a628ffac8c01eae0f646d4ca364778abc342f,1,1,3000000000000000000000000,3000000.000000000000
2025-10-01,92,1535629643,4624cb6d50edfe9e4471dbf34b63af2dbd2173b0,1,1,3000000000000000000000000,3000000.000000000000
2025-10-01,93,1985793607,b6f76017b56e84e22b8c1c0147f3aaf547b13b8d,6,6,2941069963511758460224814,2941069.963511758460
2025-10-01,94,1508910292,b401732f87e89b1834ae1554176356190aed1329,21,21,2902760669001936528303004,2902760.669001936528
2025-10-01,95,599583642,16f037a3ddf53da1b047a926e1833219f0a8e1fc,4,4,2863484655066059425870848,2863484.655066059426
2025-10-01,96,-569059655,b7efbb2ceaaba11e2215882673ef4be30b427ea0,2,2,2823146362354000797368394,2823146.362354000797
2025-10-01,97,1789707017,ae67e0441a483deed7792d4572558608e5a99a49,7,7,2814734082996219533764374,2814734.082996219534
2025-10-01,98,-430711975,527bfad478ada73cb7a8edb2af84fc0a388acc99,64,64,2711354471108308828544290,2711354.471108308829
2025-10-01,99,76251604,7c4a909da802a74d83a381b157fe773ff3a67177,1,1,2648851730034388057580432,2648851.730034388058
2025-10-01,100,1137699004,5a98dbceeca053b7845fc4dd79124f66908ade50,13,13,2557625400951019332478340,2557625.400951019332
2025-11-01,1,-139031532,1be45fef92c4e2538fecd150757ed62b7b3757d7,30,30,616664629886458176177108405,616664629.88645818
2025-11-01,2,170948875,d007058e9b58e74c33c6bf6fbcd38baab813cbb6,122,122,531504197511521821082888291,531504197.51152182
2025-11-01,3,-123906151,93904eec579e5bf7a57c2dd4afbea0f1c3e6a1d1,3,3,302000000000000000000000000,302000000.00000000
2025-11-01,4,2027659310,b99a2c4c1c4f1fc27150681b740396f6ce1cbcf5,27,27,301636259594044530411794996,301636259.59404453
2025-11-01,5,1973459980,ed0c6079229e2d407672a117c22b62064f4a4312,27,27,301141675682679311303417250,301141675.68267931
2025-11-01,6,-585856191,cbbc7edb043c18a0bd898ccf2d91089e42cefe8d,755,755,99031808564251776995958678,99031808.564251776996
2025-11-01,7,2094248035,df2609ec3d2e07a79d2e25e52960e75250bd9aaa,49,49,89794764645921513859976053,89794764.645921513860
2025-11-01,8,1153711585,8fd589aa8bfa402156a6d1ad323fec0ecee50d9d,12,12,80554923220466648419658312,80554923.220466648420
2025-11-01,9,2119729236,81ebde24453b8e40454616579ea79c79a197699d,70,70,54231840922862083728879149,54231840.922862083729
2025-11-01,10,-432618367,68e7e72938db36a5cbbca7b52c71dbbaadfb8264,3,3,43759911375428260434071867,43759911.375428260434
2025-11-01,11,365318,ee2826453a4fd5afeb7ceffeef3ffa2320081268,17,17,34068620170119554496846108,34068620.170119554497
2025-11-01,12,1999935409,0b43b7d79d361c87a9ffefe105e37bbff7f9eafb,4,4,33415398937996091694888060,33415398.937996091695
2025-11-01,13,1839362061,fe99cc4664a939f826dbeb545c1aad4c89ee737a,11,11,30513794222447016932297578,30513794.222447016932
2025-11-01,14,-311900581,4f0eeb8d7797bd005fdf88fcc85b47aacc59cf36,9,9,30384899112860738233934165,30384899.112860738234
2025-11-01,15,-137324202,d7583e3cf08bbcab66f1242195227bbf9f865fda,20,20,23825304136847900692893533,23825304.136847900693
2025-11-01,16,-70057774,a2a19c7a84c285ca68706904018d6eeae3972096,6,6,22018791276279538602127742,22018791.276279538602
2025-11-01,17,-360164104,f42bcfd3dd5fcdd984d24fd2787383195c7f2b51,3,3,20064032957268098740540191,20064032.957268098741
2025-11-01,18,1452193919,a87a233e8a7d8951ff790a2e39738086cb5f71b7,1,1,20000000000000000000000000,20000000.000000000000
2025-11-01,19,-618442459,fe5534d7104b062b8d51c0b983804ccfc6717426,1,1,20000000000000000000000000,20000000.000000000000
2025-11-01,20,-433401137,d6c757043e7d59088969b188923c62fa960afe9b,16,16,19334403468723580937610916,19334403.468723580938
2025-11-01,21,1794038343,07f56a3a9868e38eafe7c82a28b7dc51106d138a,1,1,17697117810595016730239895,17697117.810595016730
2025-11-01,22,-273704838,768f78fd77a4a574286b8b9901606fa3d84e6c77,9,9,15053574065348000000000000,15053574.065348000000
2025-11-01,23,-357773618,34ded2781bc3441571b7b9c71754e78b51878e9e,9,9,14553354919250959106954517,14553354.919250959107
2025-11-01,24,-419494535,50174919350fd2944439ba719488b78ec4be9357,36,36,13748260764173202024234653,13748260.764173202024
2025-11-01,25,938174869,18ab1f0c8bd5a23a67f7ad8a5a8d342c496a8ed7,1,1,12166609191375779360232135,12166609.191375779360
2025-11-01,26,1712565812,8a25d8c9fa8c7a726137f2d618d85cbc2c083f78,2,2,11100859606012000000000000,11100859.606012000000
2025-11-01,27,573404202,28a55c4b4f9615fde3cdaddf6cc01fcf2e38a6b0,21,21,11079908216863531617961808,11079908.216863531618
2025-11-01,28,-425611357,605c5e674209dea3a8dfa19d6ac320d683e1ef49,2,2,11051382982977080404608675,11051382.982977080405
2025-11-01,29,1879500173,55ea3e38fa0aa495b205fe45641a44ccc1c3df26,4,4,10003015145100000000000000,10003015.145100000000
2025-11-01,30,1425882132,353567c23fcc251eb8be96eb6580fcf2e7bdebac,7,7,9601787373301000000000000,9601787.373301000000
2025-11-01,31,1972831111,671730450c132914662dfa6beda90f8a1a4cf84a,15,15,9380030000000000000000000,9380030.000000000000
2025-11-01,32,-358946999,dd7b8292601329cc019ffcdcd25822ade43c2734,6,6,9315633444560000000000000,9315633.444560000000
2025-11-01,33,588135314,34b2e4cc56b7160d86951310b7351e7983842a9a,15,15,9021915793779768847908278,9021915.793779768848
2025-11-01,34,1354097314,3e23fb0715e9be36eb8d02ce7e50dde80494a90b,16,16,8700000000022571062066809,8700000.000022571062
2025-11-01,35,-333474849,5bee9b98669d032352e7eec4b7f4486abe00f897,1,1,8613175557116000000000000,8613175.557116000000
2025-11-01,36,-297627070,f8191d98ae98d2f7abdfb63a9b0b812b93c873aa,19,19,8592249000000000000000000,8592249.000000000000
2025-11-01,37,-236596965,485c07c5516315881c732c90122ba4de3f356180,24,24,8414427785288673818446911,8414427.785288673818
2025-11-01,38,1145636204,cdc8bbc2c740e44e9231dc3a8842800aa2433d18,2,2,8382467390650670704541804,8382467.390650670705
2025-11-01,39,1004740681,cfd9eee4c4f335f99c2c1258bf98d21c05d4ee25,7,7,8296149637319615562370701,8296149.637319615562
2025-11-01,40,1879543738,aaf9f14f20145ad50db369e52b2793bfeb18a45b,2,2,8027016690000000000000000,8027016.690000000000
2025-11-01,41,1388806989,f8e572b93449b61fac68b0cfc9eb4646aea4edb8,2,2,7738932298388727507030264,7738932.298388727507
2025-11-01,42,1392991848,38e371f5acec3ab65992881d9d669d3e390cc862,1,1,7677873812827000000000000,7677873.812827000000
2025-11-01,43,784805087,c77c6375e9fd581701425a6fb70bf371fb1cba28,4,4,7392790541223312363461324,7392790.541223312363
2025-11-01,44,1545786351,844dc85edd8492a56228d293cfebb823ef3e10ec,1,1,7190229321988451094147755,7190229.321988451094
2025-11-01,45,1095356645,af6ccd55faa9f977f13fbfab6f9ec81dc2028062,2,2,6896129568033414744117197,6896129.568033414744
2025-11-01,46,2125605889,06c05fbac28826fa24b5fe806f239277d8b5a9fd,11,11,6803191150825408381498155,6803191.150825408381
2025-11-01,47,-403825317,cd4560b862978c9f107a03011fcd8a8e738766dd,4,4,6539683309558000000000000,6539683.309558000000
2025-11-01,48,1584076071,60753e8622a6cfea1df449a9625a9778bb922b72,12,12,6165937734427937477199163,6165937.734427937477
2025-11-01,49,13596055,0f3c2476fbf0ed09dff00ea7f4ef252dcc72e6f1,4,4,6151108576663217560672000,6151108.576663217561
2025-11-01,50,2073828543,f4b6b926c563d4d3602a24d79598fb97452719c2,1,1,6063498646650755302889742,6063498.646650755303
2025-11-01,51,607375893,2436c4dc11ed6a990b3ee3ec54e4066496c039e5,2,2,6000135727469185043522574,6000135.727469185044
2025-11-01,52,649011951,c37704a457b1ee87eb657cae584a34961e86acac,1,1,6000020156130000000000000,6000020.156130000000
2025-11-01,53,1514312542,236f968b3e9cc45d6d86bc95386a27c8051ab1ce,2,2,5974339640581000000000000,5974339.640581000000
2025-11-01,54,-148258257,bb84de2e0f16041bfa0cd12f3798cca3f2f10772,2,2,5854168351375640115512702,5854168.351375640116
2025-11-01,55,-321002606,7c1e064bb347cfa8b042e33baf38503014dfc58e,48,48,5474023760778403382076264,5474023.760778403382
2025-11-01,56,1726060532,bf3ce3b958e09b7437ae08307ef32429aaa36cb4,2,2,5413331660754753472036644,5413331.660754753472
2025-11-01,57,839887091,a5cce50b52eba6c30be3f18def74a98472ff3f3d,16,16,5370794905790000000000000,5370794.905790000000
2025-11-01,58,-654146340,8bb1320af13dfc78983db3f46241e30403574a4a,7,7,5310166064844000000000000,5310166.064844000000
2025-11-01,59,1446994767,bfed92a0a4a4731d8160f272f210fd349d4893cb,1,1,5293562961981582349094287,5293562.961981582349
2025-11-01,60,-317056195,56e75e42cded046dbf2265e1d95b7f6ba7d06784,8,8,5262008223818567015680874,5262008.223818567016
2025-11-01,61,1885729150,fb94d3404c1d3d9d6f08f79e58041d5ea95accfa,2,2,5261130936268337404201686,5261130.936268337404
2025-11-01,62,-116042602,c8cd509de83b99838939c195e11ebd477bb029a9,1,1,5234264834710305532173726,5234264.834710305532
2025-11-01,63,1797925792,ddf725d2ebd795748dd8c6b700b7c98d1dfb8ce5,4,4,5201289726755506005962820,5201289.726755506006
2025-11-01,64,2146286021,2326ad5530c12cf9f0b32415fc53dbdfe6459cbf,1,1,5000000000000000000000000,5000000.000000000000
2025-11-01,65,2139209976,6c2d8c9df5dbc0459920cd176f3f487f3f8bfff8,1,1,5000000000000000000000000,5000000.000000000000
2025-11-01,66,1655599736,27d3745135693647155d87706fbff3eb5b7345c2,2,2,4999817281667000000000000,4999817.281667000000
2025-11-01,67,680526142,c0368e2453a2f9fee1819bccafff4d92265af096,4,4,4838534912767000000000000,4838534.912767000000
2025-11-01,68,-409615128,05dd8288b4951f282efa607fb6ca72c13380fba2,8,8,4728200244839171643743193,4728200.244839171644
2025-11-01,69,-155908474,1d098a8d7fa63a39e0884b720f86f9ba8cbbeef1,11,11,4642579495837061440460753,4642579.495837061440
2025-11-01,70,1539791159,728ac133a5c9250a61f7b27abbe7a823e786ff66,4,4,4612000000000000000000000,4612000.000000000000
2025-11-01,71,1660334490,6826be6819eee574b89b886289c454c4e9b73b6d,11,11,4559207421962420806994793,4559207.421962420807
2025-11-01,72,-674193486,0e5a73ed876d326c832bf5f7540ca6c84d9c3022,1,1,4500000000000000000000000,4500000.000000000000
2025-11-01,73,8966962,5546174c0fde2dc85e4fd5d4e6e9c5af8d9569c3,2,2,4456650246352132642186735,4456650.246352132642
2025-11-01,74,-172340658,86836fc0342bef5466fc2530da8be656359c1e81,4,4,4156461975019000000000000,4156461.975019000000
2025-11-01,75,1535629643,4624cb6d50edfe9e4471dbf34b63af2dbd2173b0,1,1,4147615514901000000000000,4147615.514901000000
2025-11-01,76,1355615101,ae4f35d0b1f14c108c002df28243b6093765ed80,1,1,4120387903084064452614749,4120387.903084064453
2025-11-01,77,-339205697,9ee87e8c1c672997a81470c0b721f0333e962a00,1,1,4035173131952000000000000,4035173.131952000000
2025-11-01,78,-338193963,165e9ba1d396ec151c29455b20d5ed9eb4256fc0,1,1,4035171640022000000000000,4035171.640022000000
2025-11-01,79,-440959685,26b4b1842038b7578e84b4dbe588e65ff00df6a9,16,16,4003413390241034942583411,4003413.390241034943
2025-11-01,80,1695726495,c6dd9976066f3364b4d6a72cd4f1fa0468327aa7,6,6,3947954877333554286636414,3947954.877333554287
2025-11-01,81,1877360525,9671b4e6de7a85a45eb603dafbd53a92800b0ba9,9,9,3705342602821882401667460,3705342.602821882402
2025-11-01,82,-450903205,aa2a33c424b92cdc042e40c522cb48e586e83026,2,2,3693454311780621868572173,3693454.311780621869
2025-11-01,83,-328303105,c9287d916e40ab6c3ade93f32a5b3063e6cbc72e,4,4,3684711277361000000000000,3684711.277361000000
2025-11-01,84,-232242889,5988e42443d8bb5a8ad4155589f886e8fea755d5,3,3,3601846645362111833444770,3601846.645362111833
2025-11-01,85,1577986487,2e42c9e6c4e4725bcc568d4b4f716c34fd354f02,26,26,3587424811984315996414790,3587424.811984315996
2025-11-01,86,-637811691,b2e0a660ea47119bd1f5ffbed83f5932375d0622,10,10,3572473422932000000000000,3572473.422932000000
2025-11-01,87,-132501991,ff0189f3d569b47d3ef668067cac4c968adaff64,1,1,3434103750692204353942434,3434103.750692204354
2025-11-01,88,-394429213,584708bf806e2772a801683150d73fa9fa199c3f,8,8,3415514507050509892127193,3415514.507050509892
2025-11-01,89,-638734546,f567d9f94fb01e5646710e54a4301cff8064321d,4,4,3356603193576998032895108,3356603.193576998033
2025-11-01,90,-379807519,f330d7aff40ac87c9b2b96244ac07f3a8a1d6e73,1,1,3311216043607357494178239,3311216.043607357494
2025-11-01,91,-569051707,a6d7676e8e4c2f58b0c26d8b29242c1df302a7bc,5,5,3184060206762000000000000,3184060.206762000000
2025-11-01,92,636474488,65ae0ed283fa71fd0d22f13512d7e0bd9e54c14a,4,4,3074422573790000000000000,3074422.573790000000
2025-11-01,93,-389365042,3b541394c0db5192324ee2db3989a6d1c3b47be9,3,3,3028194410334000000000000,3028194.410334000000
2025-11-01,94,630453362,3d79eb61a495653c940d14fb8f5b52b7dc785dd6,3,3,2886850621884119393512466,2886850.621884119394
2025-11-01,95,1684699321,a79a356b01ef805b3089b4fe67447b96c7e6dd4c,3,3,2879422257155157506998599,2879422.257155157507
2025-11-01,96,-375067799,645e0dbdb5fc2594b8913d7d7c627afe250ab550,11,11,2858615543295786344487118,2858615.543295786344
2025-11-01,97,-92184288,96a98d05449672a06ff621b9af12f20f61c2330b,3,3,2681114000000000000000000,2681114.000000000000
2025-11-01,98,76251604,7c4a909da802a74d83a381b157fe773ff3a67177,1,1,2648851730034000000000000,2648851.730034000000
2025-11-01,99,566191727,e67e43b831a541c5fa40de52ab0afbe311514e64,2,2,2532836678163121675659924,2532836.678163121676
2025-11-01,100,-147165179,000001ac4e512d670c34fedf6c71ce2f49fb160a,7,7,2439333646747367664195295,2439333.646747367664
2025-12-01,1,-123906151,93904eec579e5bf7a57c2dd4afbea0f1c3e6a1d1,3,3,141000000000000000000000000,141000000.00000000
2025-12-01,2,1973459980,ed0c6079229e2d407672a117c22b62064f4a4312,7,7,76507160570830697811779246,76507160.570830697812
2025-12-01,3,2027659310,b99a2c4c1c4f1fc27150681b740396f6ce1cbcf5,11,11,67854013303570276990101715,67854013.303570276990
2025-12-01,4,2094248035,df2609ec3d2e07a79d2e25e52960e75250bd9aaa,27,27,48699874689864731326311705,48699874.689864731326
2025-12-01,5,1153711585,8fd589aa8bfa402156a6d1ad323fec0ecee50d9d,7,7,46554923220466000000000000,46554923.220466000000
2025-12-01,6,170948875,d007058e9b58e74c33c6bf6fbcd38baab813cbb6,23,23,46112787956722616689399850,46112787.956722616689
2025-12-01,7,-139031532,1be45fef92c4e2538fecd150757ed62b7b3757d7,3,3,45000000000020000000000000,45000000.000020000000
2025-12-01,8,2119729236,81ebde24453b8e40454616579ea79c79a197699d,52,52,40128502124298571149338121,40128502.124298571149
2025-12-01,9,-357773618,34ded2781bc3441571b7b9c71754e78b51878e9e,11,11,35832566402458094210027743,35832566.402458094210
2025-12-01,10,-360164104,f42bcfd3dd5fcdd984d24fd2787383195c7f2b51,9,8,25100333213818589325823973,25100333.213818589326
2025-12-01,11,-246925634,9adb88133772ba81ae856aa42355ed00a15b0141,6,6,22353748023944282386192756,22353748.023944282386
2025-12-01,12,856773726,500bea59133e20dc63b7e88913b30348494b84ba,51,51,21756885872476232390423937,21756885.872476232390
2025-12-01,13,-379807519,f330d7aff40ac87c9b2b96244ac07f3a8a1d6e73,8,8,20329823384565000000000000,20329823.384565000000
2025-12-01,14,-70057774,a2a19c7a84c285ca68706904018d6eeae3972096,8,8,18262572699241911504680233,18262572.699241911505
2025-12-01,15,-236596965,485c07c5516315881c732c90122ba4de3f356180,36,36,15504780493640143293136546,15504780.493640143293
2025-12-01,16,938174869,18ab1f0c8bd5a23a67f7ad8a5a8d342c496a8ed7,1,1,12204865673472273416324445,12204865.673472273416
2025-12-01,17,365318,ee2826453a4fd5afeb7ceffeef3ffa2320081268,11,11,12069556746477212629352881,12069556.746477212629
2025-12-01,18,-293992030,1ed39244d59f3ee811d3f1997dd78e194ca1fa78,7,7,12006919734096926871956047,12006919.734096926872
2025-12-01,19,-573209523,a427def3f920f718a89e5ab473c79c065ab10ef4,2,2,11669627745546961888291297,11669627.745546961888
2025-12-01,20,1743358373,7cff6e8eec63aaf0685ebd51c6157c5f53fdf5e6,1,1,10683178402027133572212540,10683178.402027133572
2025-12-01,21,1388806989,f8e572b93449b61fac68b0cfc9eb4646aea4edb8,3,3,8005549531514441975232544,8005549.531514441975
2025-12-01,22,1712565812,8a25d8c9fa8c7a726137f2d618d85cbc2c083f78,2,2,7310524314815132097301966,7310524.314815132097
2025-12-01,23,-637811691,b2e0a660ea47119bd1f5ffbed83f5932375d0622,17,17,7215284092314728163185140,7215284.092314728163
2025-12-01,24,2125605889,06c05fbac28826fa24b5fe806f239277d8b5a9fd,12,12,7172985967416044125446745,7172985.967416044125
2025-12-01,25,2073828543,f4b6b926c563d4d3602a24d79598fb97452719c2,1,1,6063498646650755302889742,6063498.646650755303
2025-12-01,26,-518764694,325228217e02e31529bf4bc6e32db695ea525669,2,2,5909999030670000000000000,5909999.030670000000
2025-12-01,27,-708846081,0f365d86809a00761a8df914c812dbfdf481c149,2,2,5733422918299157626085710,5733422.918299157626
2025-12-01,28,306671,375f95fb45811ace248adc5baee5228d91ffca50,5,5,5509623546793365408460831,5509623.546793365408
2025-12-01,29,-116042602,c8cd509de83b99838939c195e11ebd477bb029a9,1,1,5250704174566331599711179,5250704.174566331600
2025-12-01,30,-441845817,e7cd2fa44cce16e70867338f7b9fd60ad3b9d4b5,8,8,5080473122508436952984959,5080473.122508436953
2025-12-01,31,2146286021,2326ad5530c12cf9f0b32415fc53dbdfe6459cbf,2,2,5000000000000000000000000,5000000.000000000000
2025-12-01,32,1726060532,bf3ce3b958e09b7437ae08307ef32429aaa36cb4,14,14,4947127629332191306548900,4947127.629332191307
2025-12-01,33,-562487675,2290661dd55d8698599f63ea0f9e46b52e1f80d2,2,2,4872988238851987259843880,4872988.238851987260
2025-12-01,34,867015288,701aecf92edcc1daa86c5e7eddbad5c311ad720c,2,2,4808362517510122802659397,4808362.517510122803
2025-12-01,35,784805087,c77c6375e9fd581701425a6fb70bf371fb1cba28,4,4,4380299641906738988952114,4380299.641906738989
2025-12-01,36,-171803661,d5ff8bdef23fc3c8ff6815c6b4051f9809c877a5,5,5,4205000000000000000000000,4205000.000000000000
2025-12-01,37,1647511868,fd81b27d9796a1ba7d7171ea70010c9befb2a62a,8,8,4049752173872828115026195,4049752.173872828115
2025-12-01,38,-585795713,7de2181413be517de5002647a362291c3a12b993,1,1,4019100000000000000000000,4019100.000000000000
2025-12-01,39,-701846879,54c1d1efd3d491f8bc0ed7572fa3dd5283374d67,1,1,4000000001000000000000000,4000000.001000000000
2025-12-01,40,-158550008,df2ca7fcc8e4d8d2c70d4e2abd45a59569aaa9f7,2,2,4000000000000000000000000,4000000.000000000000
2025-12-01,41,-425611357,605c5e674209dea3a8dfa19d6ac320d683e1ef49,2,2,4000000000000000000000000,4000000.000000000000
2025-12-01,42,-16629953,961972a5c91e7237a3b02d2ee173ac3999e49480,6,6,3893964232832754859770468,3893964.232832754860
2025-12-01,43,-148258257,bb84de2e0f16041bfa0cd12f3798cca3f2f10772,1,1,3692016549364015116638013,3692016.549364015117
2025-12-01,44,1668346579,dec02df2fa44a32b3f13efc783ef92298062aca9,2,2,3622379927303080413654970,3622379.927303080414
2025-12-01,45,839887091,a5cce50b52eba6c30be3f18def74a98472ff3f3d,12,12,3610325154690000000000000,3610325.154690000000
2025-12-01,46,736007061,b81a0e6c38c3fec8a171cfe9631f60127a0c5bfd,1,1,3500000000000000000000000,3500000.000000000000
2025-12-01,47,1108108855,e9e6d5663ec820bc5bebaca5555120ab6b4a437d,1,1,3431326192909703558246358,3431326.192909703558
2025-12-01,48,-156625537,ed97c437cf7fe5b4f446b82256f7647e21ad496f,1,1,3004690818126000000000000,3004690.818126000000
2025-12-01,49,-679371705,5beee800548f30a4a5216339afd5a8c62ecca7f5,1,1,3000000000000000000000000,3000000.000000000000
2025-12-01,50,-375067799,645e0dbdb5fc2594b8913d7d7c627afe250ab550,3,3,2673059295406521065347590,2673059.295406521065
2025-12-01,51,-408332634,ffab440b44893afd49650c69fa7a21ddf10e38d5,1,1,2462476612513000000000000,2462476.612513000000
2025-12-01,52,1695726495,c6dd9976066f3364b4d6a72cd4f1fa0468327aa7,2,2,2367249278984000000000000,2367249.278984000000
2025-12-01,53,-138908695,43d271c17612f8f431c7533b7827993e203e9e83,6,6,2297658243352527981365814,2297658.243352527981
2025-12-01,54,1392991848,38e371f5acec3ab65992881d9d669d3e390cc862,1,1,2194011406153683046164654,2194011.406153683046
2025-12-01,55,-394429213,584708bf806e2772a801683150d73fa9fa199c3f,9,9,2174143280836497197030603,2174143.280836497197
2025-12-01,56,-102175758,cb173738313a3237b24124fa09377ca515515899,5,5,2135500747459146164795105,2135500.747459146165
2025-12-01,57,-374567146,90bc921fec1103db40871eb32c2d0134dbf962e6,1,1,2045704972360927343293435,2045704.972360927343
2025-12-01,58,-363984600,4352cc849b33a936ad93bb109afdec1c89653b4f,3,3,2013777816274000000000000,2013777.816274000000
2025-12-01,59,991551688,b6a40866b80074e478d349c0aa5ddeb47405fd06,2,2,2000200000000000000000000,2000200.000000000000
2025-12-01,60,1401365054,989536719a72cfd50348ccd5521256c7eb41a999,1,1,2000198842924000000000000,2000198.842924000000
2025-12-01,61,-336403879,04f6b16cee9ee2a2f493e782e95a516baa8077d6,4,4,1999774524442391321565473,1999774.524442391322
2025-12-01,62,491376432,6c241d66bd75774f417134f0268adf43067d7c07,2,2,1999276364222051279493701,1999276.364222051279
2025-12-01,63,1040702021,9fb1750da6266a05601855bb62767ebc742707b1,2,2,1999173839487000000000000,1999173.839487000000
2025-12-01,64,-585856191,cbbc7edb043c18a0bd898ccf2d91089e42cefe8d,19,19,1960393783064669221483585,1960393.783064669221
2025-12-01,65,4395050,84abd78727950aa776f7939102f51df6b166ab84,2,2,1866180041863000000000000,1866180.041863000000
2025-12-01,66,1957945035,596af0a1c99f5e86ff9506b4ff1fb83782fad115,5,5,1774886908433000000000000,1774886.908433000000
2025-12-01,67,-321002606,7c1e064bb347cfa8b042e33baf38503014dfc58e,30,30,1759850266666959153422577,1759850.266666959153
2025-12-01,68,1030200562,6f0970a341733718b181aae1febae09c73f68e3d,5,5,1699493152387348253988399,1699493.152387348254
2025-12-01,69,-92184288,96a98d05449672a06ff621b9af12f20f61c2330b,2,2,1684089000000000000000000,1684089.000000000000
2025-12-01,70,-586545741,68230e37b83fd2b586b51f3e58f6ed4a0689a4af,4,4,1650000000000000000000000,1650000.000000000000
2025-12-01,71,1080965352,4c2baa098e9ea53af7664746f492ea06914f4d79,3,3,1646784367659933972727620,1646784.367659933973
2025-12-01,72,-731120107,566fd81ea7c38083e64d9ef3d0b424105b91829f,6,6,1582400378860539897619682,1582400.378860539898
2025-12-01,73,-503878525,05ab9caac4c091d73299e58aa33fb7d15d98d895,5,5,1580082442887853023993877,1580082.442887853024
2025-12-01,74,669538281,4dc083eb64ffb118d1a379ac5008f1e926dbecb6,2,2,1562686460394222978535156,1562686.460394222979
2025-12-01,75,-347327640,03da0865312de62ee22fd0664ee8bf0bee7306fb,6,6,1553771582885000000000000,1553771.582885000000
2025-12-01,76,1443022321,2b5cf321db9f04046b366844a86b5b41a2f9b1c7,5,5,1546882255581919558642331,1546882.255581919559
2025-12-01,77,930165251,8db903c0753dde0e7dfffa8310357a741b3ebeef,5,5,1525180569122072837406720,1525180.569122072837
2025-12-01,78,1345536444,587157ba5cd0dd90f0b8db05be44d4731be79458,1,1,1501101199852000000000013,1501101.199852000000
2025-12-01,79,1137699004,5a98dbceeca053b7845fc4dd79124f66908ade50,7,7,1488271462545270446799880,1488271.462545270447
2025-12-01,80,630453362,3d79eb61a495653c940d14fb8f5b52b7dc785dd6,1,1,1451253591793662907730886,1451253.591793662908
2025-12-01,81,636474488,65ae0ed283fa71fd0d22f13512d7e0bd9e54c14a,5,5,1426908024537300000000000,1426908.024537300000
2025-12-01,82,-650041484,be0ca442d6b7d81e0faa7dbfd09331019f893f89,8,8,1421815349890270159503360,1421815.349890270160
2025-12-01,83,1545786351,844dc85edd8492a56228d293cfebb823ef3e10ec,1,1,1418392224652000000000000,1418392.224652000000
2025-12-01,84,1600620284,aa7577a7a27aa7fcf6d0ec481b87df3ad0f6a88e,8,8,1404809041355872158069130,1404809.041355872158
2025-12-01,85,1660334490,6826be6819eee574b89b886289c454c4e9b73b6d,33,33,1357544808481578567045928,1357544.808481578567
2025-12-01,86,1571572027,b47c72be8a2968dec42d3b9d8c6f464224605bfd,4,4,1350000000000000000000000,1350000.000000000000
2025-12-01,87,588135314,34b2e4cc56b7160d86951310b7351e7983842a9a,4,4,1307473087929362311517035,1307473.087929362312
2025-12-01,88,206911220,39d787fdf7384597c7208644dbb6fda1cca4ebdf,1,1,1259401237686197756849363,1259401.237686197757
2025-12-01,89,-419494535,50174919350fd2944439ba719488b78ec4be9357,3,3,1254564055900793873519954,1254564.055900793874
2025-12-01,90,746152714,79f08f2e75a8c99428de4a2e6456c07c99e55da5,3,3,1242876000000000000000000,1242876.000000000000
2025-12-01,91,-723555706,07ea5d36b9a29886b270378643edfa774c19ae27,2,2,1221888285168332045337661,1221888.285168332045
2025-12-01,92,471040709,b5a9621b0397bfc5b45896cae5998b6111bcdce6,1,1,1190384742806000000000000,1190384.742806000000
2025-12-01,93,2056246308,ad78662714cd0042b4c602a8e18d0e4a25cf79d7,10,10,1189697647194418697986831,1189697.647194418698
2025-12-01,94,1671680869,f0b394bb98ab8cf09b06700274d71b78ceb128d8,3,3,1188849938467435044409036,1188849.938467435044
2025-12-01,95,1848398024,4a3690dadf5537d1464217d5d20058215a19b29f,16,16,1133176848231171933495796,1133176.848231171933
2025-12-01,96,-495406166,1992d237a1070587e28e2c039324c0bf5aa229f8,3,3,1130063142997000000000000,1130063.142997000000
2025-12-01,97,1035156510,48b63725b0111c1bd9f36d777fe5cd5c3a3e9454,4,4,1100199292067022261738813,1100199.292067022262
2025-12-01,98,-192042773,ff8559f5f4c7c677a1d958313b61dc8b31bb7f47,2,2,1099999000000000000000000,1099999.000000000000
2025-12-01,99,606463731,ed78afd8acba4b56703c4c0ac6cdfa6b7433c1aa,4,4,1073404707045000000000000,1073404.707045000000
2025-12-01,100,-295954447,4199559fbffc5265e96d8ef191a0a676d6af0549,6,6,1069774166151731276336580,1069774.166151731276
2026-01-01,1,-123906151,93904eec579e5bf7a57c2dd4afbea0f1c3e6a1d1,2,2,603000000000000000000000000,603000000.00000000
2026-01-01,2,1973459980,ed0c6079229e2d407672a117c22b62064f4a4312,20,20,277072611692788000000000000,277072611.69278800
2026-01-01,3,-387028562,d00e0079b8cab524f3fa20ea879a7736e512a5fc,3,3,259951817079791000000000000,259951817.07979100
2026-01-01,4,2027659310,b99a2c4c1c4f1fc27150681b740396f6ce1cbcf5,36,36,199189530842925270453322073,199189530.84292527
2026-01-01,5,-360164104,f42bcfd3dd5fcdd984d24fd2787383195c7f2b51,50,50,107984339433376116241014162,107984339.43337612
2026-01-01,6,365318,ee2826453a4fd5afeb7ceffeef3ffa2320081268,45,45,96719853067075572036984884,96719853.067075572037
2026-01-01,7,2119729236,81ebde24453b8e40454616579ea79c79a197699d,67,67,59550222542201071250446307,59550222.542201071250
2026-01-01,8,170948875,d007058e9b58e74c33c6bf6fbcd38baab813cbb6,7,7,56604396197552329462953790,56604396.197552329463
2026-01-01,9,-379807519,f330d7aff40ac87c9b2b96244ac07f3a8a1d6e73,9,9,54650042272913966895009580,54650042.272913966895
2026-01-01,10,2136264885,ce9d00377edc72ddfbf0c9e0f007b614e9257c69,10,10,43631419171957000000000000,43631419.171957000000
2026-01-01,11,1254801885,4ee79e19c9c398e364d135f01b25dccc0473047c,25,25,41207586998844211976256712,41207586.998844211976
2026-01-01,12,1153711585,8fd589aa8bfa402156a6d1ad323fec0ecee50d9d,4,4,34000000000000648419658312,34000000.000000648420
2026-01-01,13,-139031532,1be45fef92c4e2538fecd150757ed62b7b3757d7,4,4,31870131549712000000000000,31870131.549712000000
2026-01-01,14,1706919972,4444ee1efbcfc7716754d4df119a1dbbe29934b3,15,15,31213964182268512311898642,31213964.182268512312
2026-01-01,15,-764764857,4668b74e2cf7583761252d35a741cc6a830ef2e1,5,5,23938991947935911937195004,23938991.947935911937
2026-01-01,16,1452193919,a87a233e8a7d8951ff790a2e39738086cb5f71b7,2,2,20143784821376935152192635,20143784.821376935152
2026-01-01,17,-3197481,603816c3c509007cf9265acf85df5927c49d6da4,4,4,19869280551779000000000000,19869280.551779000000
2026-01-01,18,-441845817,e7cd2fa44cce16e70867338f7b9fd60ad3b9d4b5,39,39,19465440932655684522863323,19465440.932655684523
2026-01-01,19,1751552478,0e342f1bf748888960e24f03f836768e83d88cee,3,3,17500000001000000000000000,17500000.001000000000
2026-01-01,20,306671,375f95fb45811ace248adc5baee5228d91ffca50,4,4,16339917117674113970278690,16339917.117674113970
2026-01-01,21,-828224513,d8f34e5359c39f438ceae5737a243ac9fbade729,7,7,16269860259538417359468275,16269860.259538417359
2026-01-01,22,2125605889,06c05fbac28826fa24b5fe806f239277d8b5a9fd,14,14,13196261167924624616675035,13196261.167924624617
2026-01-01,23,2094248035,df2609ec3d2e07a79d2e25e52960e75250bd9aaa,6,6,13078730618040212267962217,13078730.618040212268
2026-01-01,24,-790793764,01d31708f439402206ce9283b3befa66f5865f8f,3,3,12796626246366564724037900,12796626.246366564724
2026-01-01,25,938174869,18ab1f0c8bd5a23a67f7ad8a5a8d342c496a8ed7,2,2,12326754659853633433824605,12326754.659853633434
2026-01-01,26,2073828543,f4b6b926c563d4d3602a24d79598fb97452719c2,2,2,12156403644916569202140156,12156403.644916569202
2026-01-01,27,-753094758,2c6736b6d4bc89458137f68f0ca78b0916e33075,3,3,11873206097110449052109898,11873206.097110449052
2026-01-01,28,2142778830,7c6211ab60fda17eecb0f7f5d3d252dcb84924c8,14,14,9628828356082295745439581,9628828.356082295745
2026-01-01,29,1392991848,38e371f5acec3ab65992881d9d669d3e390cc862,2,2,9540278649117270648127849,9540278.649117270648
2026-01-01,30,-236596965,485c07c5516315881c732c90122ba4de3f356180,8,8,8943962903028102919971500,8943962.903028102920
2026-01-01,31,-394429213,584708bf806e2772a801683150d73fa9fa199c3f,6,6,8693770835002560491538626,8693770.835002560492
2026-01-01,32,-569796106,8fee409f8f772667add2a2ccfb8c5182a7349ce9,5,5,8430940339884244770291353,8430940.339884244770
2026-01-01,33,-658884509,fb6678f8bb51215606b01ca1162afa005b28e4c2,5,5,8115668549118516957151810,8115668.549118516957
2026-01-01,34,-608829580,090f0f4836b9d19c6fc35e3892927c6ecc0c76f4,2,2,8001080457797815141118744,8001080.457797815141
2026-01-01,35,736007061,b81a0e6c38c3fec8a171cfe9631f60127a0c5bfd,9,9,7900000000000975655188446,7900000.000000975655
2026-01-01,36,1388806989,f8e572b93449b61fac68b0cfc9eb4646aea4edb8,5,5,7031186589597385257790826,7031186.589597385258
2026-01-01,37,966734347,6c76e681cbc01b283677cb5255587c22a29780f0,26,26,6776413540588272405706579,6776413.540588272406
2026-01-01,38,1726060532,bf3ce3b958e09b7437ae08307ef32429aaa36cb4,5,5,6053676334205559802943990,6053676.334205559803
2026-01-01,39,2146286021,2326ad5530c12cf9f0b32415fc53dbdfe6459cbf,1,1,6000000000000000000000000,6000000.000000000000
2026-01-01,40,-708846081,0f365d86809a00761a8df914c812dbfdf481c149,2,2,5921044918103084619952177,5921044.918103084620
2026-01-01,41,1695726495,c6dd9976066f3364b4d6a72cd4f1fa0468327aa7,13,13,5646598399702348622470673,5646598.399702348622
2026-01-01,42,-254414029,2f161912dee9a0a456d19449a247b8823c5f19d1,24,24,5608405176890220000000000,5608405.176890220000
2026-01-01,43,-510291993,08b6470e62235947b766ac63f584a52d25cb14e6,5,5,5550391305994000000000000,5550391.305994000000
2026-01-01,44,1994716675,de5423bf5fd8f034eaf81b473cff0bb950a9d336,2,2,5354297493850239203382163,5354297.493850239203
2026-01-01,45,-116042602,c8cd509de83b99838939c195e11ebd477bb029a9,2,2,5302948434600771620958411,5302948.434600771621
2026-01-01,46,-70057774,a2a19c7a84c285ca68706904018d6eeae3972096,6,6,5080703620548788113519283,5080703.620548788114
2026-01-01,47,-654146340,8bb1320af13dfc78983db3f46241e30403574a4a,7,7,5045882114588000000000000,5045882.114588000000
2026-01-01,48,1945970543,253dfe2422ea022b15820fec9f94bcc5312511aa,1,1,4975136775045697341064724,4975136.775045697341
2026-01-01,49,-760139282,022f5d1d8bfb0fc8f5cd233dcd1b66727ee490ee,9,9,4928815056412116089132165,4928815.056412116089
2026-01-01,50,2107601962,1a8f742adf62564cc998e02f854fff74eedb4f87,2,2,4904807737983604373289624,4904807.737983604373
2026-01-01,51,1970446780,3eaa52e32268ccd2322418fdb1dde03fbb5d66c4,12,12,4785047456531674098646570,4785047.456531674099
2026-01-01,52,-190011790,084640be412a4390947359d1130df6fd8e465ece,2,2,4462137285897207792298390,4462137.285897207792
2026-01-01,53,-600066346,7d4bba5f829fb936b93d39769086d362b431adfc,10,10,4357603649773159018854655,4357603.649773159019
2026-01-01,54,4395050,84abd78727950aa776f7939102f51df6b166ab84,5,5,4282047341157000000000000,4282047.341157000000
2026-01-01,55,-638734546,f567d9f94fb01e5646710e54a4301cff8064321d,2,2,4177643000000000000000000,4177643.000000000000
2026-01-01,56,-631208163,933adedd85824da75ec8a334a7907e69e7c02833,8,8,4146382555001892004800000,4146382.555001892005
2026-01-01,57,-574997141,e8a9693002d1397ca7a0ee11c2ab2ed6932d2966,30,30,3875531669606082705981760,3875531.669606082706
2026-01-01,58,917716897,f5830ff9b625b60131d82530c51c9e294a9f7478,15,15,3858371542720305671361596,3858371.542720305671
2026-01-01,59,-297627070,f8191d98ae98d2f7abdfb63a9b0b812b93c873aa,8,8,3850282000000000000000000,3850282.000000000000
2026-01-01,60,-637811691,b2e0a660ea47119bd1f5ffbed83f5932375d0622,13,13,3638839981586000000000000,3638839.981586000000
2026-01-01,61,-77673731,8daf1adc3f1ca6fd8728570674f2cdb5ea7560d9,9,9,3618631732703757717227924,3618631.732703757717
2026-01-01,62,-148382955,b5b3f3caf9d778b1293e5cd29f32e84b04c67a08,2,2,3593206425244578039901826,3593206.425244578040
2026-01-01,63,1795066330,8b3eec94fbc15c89a74d35bd21b0767e6a8ce099,3,3,3517000000000000000000000,3517000.000000000000
2026-01-01,64,206911220,39d787fdf7384597c7208644dbb6fda1cca4ebdf,4,4,3391600349953483583094544,3391600.349953483583
2026-01-01,65,-562487675,2290661dd55d8698599f63ea0f9e46b52e1f80d2,6,6,3389187961924047638452049,3389187.961924047638
2026-01-01,66,-650041484,be0ca442d6b7d81e0faa7dbfd09331019f893f89,10,10,3130961446525010119315269,3130961.446525010119
2026-01-01,67,-273704838,768f78fd77a4a574286b8b9901606fa3d84e6c77,3,3,3039039774521000000000000,3039039.774521000000
2026-01-01,68,2049344234,c3b31afff65bd6208769c978700382cfb504f53b,4,4,3000127544448238931076981,3000127.544448238931
2026-01-01,69,-158550008,df2ca7fcc8e4d8d2c70d4e2abd45a59569aaa9f7,1,1,3000000000000000000000000,3000000.000000000000
2026-01-01,70,-149836269,8b45ad98e0e884bc034dca08a785c7a07df70b95,3,3,2996439584584162265229559,2996439.584584162265
2026-01-01,71,-518764694,325228217e02e31529bf4bc6e32db695ea525669,3,3,2750168234045000000000000,2750168.234045000000
2026-01-01,72,-113751618,43911ee0012cdabf825d1ffe3a3e372c9d477618,5,5,2661590999898238686936537,2661590.999898238687
2026-01-01,73,-749841293,080ccea8654fd4ff80b81e46cff2278689d88fb0,8,8,2576569805550739114044707,2576569.805550739114
2026-01-01,74,-323139533,4a090fdea61b0544bd06a8550e31403e3e40c9ac,6,6,2502281641046965179532602,2502281.641046965180
2026-01-01,75,-771007749,7c906dd9fbf91116c859c363c64a85547fd6865f,12,12,2350032698318833678870480,2350032.698318833679
2026-01-01,76,-736830635,a7b6296945906d190fc0ddfdc0fa1da03382b891,8,8,2315066933448000000000000,2315066.933448000000
2026-01-01,77,-705811002,6f64630a0c12c60813a80a215fb9a31e52528820,11,11,2238398639029000000000000,2238398.639029000000
2026-01-01,78,-382082101,466a682931825f320f0327f65ed1607939f57501,1,1,2208329936946777790814679,2208329.936946777791
2026-01-01,79,-790740230,8741e8ff675accb88be2886415292fc9f4984130,1,1,2153021224167105380233310,2153021.224167105380
2026-01-01,80,1920137445,7fb4620dfff2178a50dd611a7e7cd8f661806b50,15,15,2130309323833043093032033,2130309.323833043093
2026-01-01,81,914722038,a0894a415c4f246ce95bae718849579c099cc1d2,2,2,2072239256543656529520490,2072239.256543656530
2026-01-01,82,-207331552,7c9665c5acd51402f2f2d4034a5489df72658ed7,1,1,2057536393748350626076143,2057536.393748350626
2026-01-01,83,-411567974,20919ce4bc18b80881106e4cca70c0ebc0a2af20,1,1,2044621572553915657792907,2044621.572553915658
2026-01-01,84,-113620579,00c04ae980a41825fcb505797d394090295b5813,1,1,2026714500589000000000000,2026714.500589000000
2026-01-01,85,1688416549,b543657b1dadd04f7ebd6064f5d559f8f8ade44a,1,1,2003627912956000000000000,2003627.912956000000
2026-01-01,86,1885729150,fb94d3404c1d3d9d6f08f79e58041d5ea95accfa,1,1,2001446156984382409455446,2001446.156984382409
2026-01-01,87,-824554051,0c70a59f44154e864c2a0dccb34009719dea0770,3,3,2000342030821121379345645,2000342.030821121379
2026-01-01,88,-37931821,aae15100d2ce0c40be7ae3083b71c29bc74e30d2,1,1,2000000000000000000000000,2000000.000000000000
2026-01-01,89,-615016043,cb68229037a40dac8cba39dc417b6d6de8d29e14,3,3,1999999999999999733968846,1999999.999999999734
2026-01-01,90,1893425180,653107ab73641b7b15469d33a56a8c5abd9a8006,1,1,1974246058915914358546295,1974246.058915914359
2026-01-01,91,-285984347,6e96e500e8e95f42d017c7d4029dd73e8b4a7ff0,2,2,1971320092178945889431103,1971320.092178945889
2026-01-01,92,882474117,b497070466dc15fa6420b4781bb0352257146495,21,21,1925602004974516902893135,1925602.004974516903
2026-01-01,93,2131193458,9dbb4c06357c3e9d92737d78f1a5d541b63ec7ee,9,9,1890512188314000000000000,1890512.188314000000
2026-01-01,94,-347327640,03da0865312de62ee22fd0664ee8bf0bee7306fb,13,13,1882827533852308401350622,1882827.533852308401
2026-01-01,95,1888617457,5020616a96dbfaa2b6aac8db3889ee16b04d2a28,3,3,1871472640958949312870122,1871472.640958949313
2026-01-01,96,1785872588,004397a3573c77bdf6c422314e88cc0a805a7e71,5,5,1794220423992272630313186,1794220.423992272630
2026-01-01,97,-552724736,17df4ba1acb3f792ec28fcb4ade8aee24d664a24,9,9,1793933434277072872778360,1793933.434277072873
2026-01-01,98,-669243687,a7bc411ce0add516ce453646788b3dcb62a24017,4,4,1719297244314735937871872,1719297.244314735938
2026-01-01,99,-314784948,432861922cf8d3a1aa74bfdcf780149ddcf228c5,1,1,1634798551489679060096779,1634798.551489679060
2026-01-01,100,-731120107,566fd81ea7c38083e64d9ef3d0b424105b91829f,5,5,1585573090578634357920171,1585573.090578634358
2026-02-01,1,1973459980,ed0c6079229e2d407672a117c22b62064f4a4312,22,22,204847869996071000000000000,204847869.99607100
2026-02-01,2,2027659310,b99a2c4c1c4f1fc27150681b740396f6ce1cbcf5,23,23,178480140982274807254722323,178480140.98227481
2026-02-01,3,365318,ee2826453a4fd5afeb7ceffeef3ffa2320081268,78,78,173082761735404800991727290,173082761.73540480
2026-02-01,4,2119729236,81ebde24453b8e40454616579ea79c79a197699d,109,109,129698174676642617530071610,129698174.67664262
2026-02-01,5,-123906151,93904eec579e5bf7a57c2dd4afbea0f1c3e6a1d1,1,1,69394131453746000000000000,69394131.453746000000
2026-02-01,6,2147408862,73781209f3b0f195d0d3fa9d6b95bb61c54c1ca6,6,6,37000000007000137254418027,37000000.007000137254
2026-02-01,7,-360164104,f42bcfd3dd5fcdd984d24fd2787383195c7f2b51,19,19,34101066543704874290073903,34101066.543704874290
2026-02-01,8,1695726495,c6dd9976066f3364b4d6a72cd4f1fa0468327aa7,56,56,33348194899583719637246346,33348194.899583719637
2026-02-01,9,170948875,d007058e9b58e74c33c6bf6fbcd38baab813cbb6,8,8,30048481647349290567947722,30048481.647349290568
2026-02-01,10,-139031532,1be45fef92c4e2538fecd150757ed62b7b3757d7,1,1,25484435929126885418603114,25484435.929126885419
2026-02-01,11,-432618367,68e7e72938db36a5cbbca7b52c71dbbaadfb8264,19,19,25170446192993008669996087,25170446.192993008670
2026-02-01,12,-3197481,603816c3c509007cf9265acf85df5927c49d6da4,5,5,24434365159859000000000000,24434365.159859000000
2026-02-01,13,13596055,0f3c2476fbf0ed09dff00ea7f4ef252dcc72e6f1,8,8,23914847590864124764491677,23914847.590864124764
2026-02-01,14,2125605889,06c05fbac28826fa24b5fe806f239277d8b5a9fd,13,13,20930331823454913729341159,20930331.823454913729
2026-02-01,15,966734347,6c76e681cbc01b283677cb5255587c22a29780f0,64,64,19848990206445551622669869,19848990.206445551623
2026-02-01,16,1323759618,1be8b8bd3126f919245e3664887b762db7546d2a,19,19,18034338150567215973824522,18034338.150567215974
2026-02-01,17,-16629953,961972a5c91e7237a3b02d2ee173ac3999e49480,21,21,17918481239765787020358307,17918481.239765787020
2026-02-01,18,-764764857,4668b74e2cf7583761252d35a741cc6a830ef2e1,2,2,17151856643079231466934607,17151856.643079231467
2026-02-01,19,-854452290,9ddde970d2e1b4a70081d5151dcb13c2d8298f7c,3,3,16000000000000000000000000,16000000.000000000000
2026-02-01,20,-207331552,7c9665c5acd51402f2f2d4034a5489df72658ed7,10,10,15333445481210834053501761,15333445.481210834054
2026-02-01,21,-631208163,933adedd85824da75ec8a334a7907e69e7c02833,17,17,14479346009496030811710956,14479346.009496030812
2026-02-01,22,2015738896,d1668fb5f690c59ab4b0cabad0f8c1617895052b,2,2,13888881785286538015795864,13888881.785286538016
2026-02-01,23,-828224513,d8f34e5359c39f438ceae5737a243ac9fbade729,3,3,12810823118225121690056952,12810823.118225121690
2026-02-01,24,1961991994,7d5bb9874bb1747d7489bdf6eb4de04ce339221a,1,1,12139610841632000000000000,12139610.841632000000
2026-02-01,25,2096062790,0e88ba265cc9a201e0d3a36be5681428acc39d52,4,4,11989906202030000000000000,11989906.202030000000
2026-02-01,26,-574997141,e8a9693002d1397ca7a0ee11c2ab2ed6932d2966,84,84,11886847873176426271881932,11886847.873176426272
2026-02-01,27,2056273015,c3fdb079fec0073d5904fe8aa810a6f97d221228,1,1,11608056002010000000000000,11608056.002010000000
2026-02-01,28,-297627070,f8191d98ae98d2f7abdfb63a9b0b812b93c873aa,25,25,11584014000000000000000000,11584014.000000000000
2026-02-01,29,1254801885,4ee79e19c9c398e364d135f01b25dccc0473047c,14,14,11449994164303015792047507,11449994.164303015792
2026-02-01,30,1635698892,ea77ccff4472123b6956457f86fe45680b8e01af,13,13,11294734868307653890572647,11294734.868307653891
2026-02-01,31,-314502537,19087cd19b4202ffc40e5b4432b107b33b3c4569,16,16,10606776588689973012187799,10606776.588689973012
2026-02-01,32,1852626357,bae837e30183fecba40878eff116ba085637c887,2,2,10558750343689000000000000,10558750.343689000000
2026-02-01,33,1999935409,0b43b7d79d361c87a9ffefe105e37bbff7f9eafb,1,1,10060412841432000000000000,10060412.841432000000
2026-02-01,34,-382075148,9cc65c0560acdb03c4e7cef83e02fbe413920f98,14,14,10001276847329999999512576,10001276.847330000000
2026-02-01,35,-379807519,f330d7aff40ac87c9b2b96244ac07f3a8a1d6e73,3,3,9658144352951000000000000,9658144.352951000000
2026-02-01,36,-807946746,f74982c16985b4c5cc817ebd3b6d5b462d9e5078,3,3,9424876605444177049809431,9424876.605444177050
2026-02-01,37,-637811691,b2e0a660ea47119bd1f5ffbed83f5932375d0622,36,36,9364371550713145856013787,9364371.550713145856
2026-02-01,38,-803573104,5732b9f8c80a8fa48879bbfd0f51344e94fc532c,3,3,9075302480782968467900935,9075302.480782968468
2026-02-01,39,607375893,2436c4dc11ed6a990b3ee3ec54e4066496c039e5,6,6,9000335727469185043522574,9000335.727469185044
2026-02-01,40,-7385788,0bf3d2a08782ca2b75bbbcdad42424bebc38eb96,1,1,8980241000000000000000000,8980241.000000000000
2026-02-01,41,-569796106,8fee409f8f772667add2a2ccfb8c5182a7349ce9,22,22,7957924163274988396695726,7957924.163274988397
2026-02-01,42,-285984347,6e96e500e8e95f42d017c7d4029dd73e8b4a7ff0,16,16,7728353286902966869927600,7728353.286902966870
2026-02-01,43,1539791159,728ac133a5c9250a61f7b27abbe7a823e786ff66,4,4,7325008000000000000000000,7325008.000000000000
2026-02-01,44,-103597143,ddeecb1676b1ab2c030f0abab7052303ecc253b7,13,13,7275157302571742590091273,7275157.302571742590
2026-02-01,45,-234366326,5e593a46447c18bd46cd3c825853d99e6a2e3d9a,10,10,6886134002976863368155101,6886134.002976863368
2026-02-01,46,-843186413,cf0a12cbd8088fc5f84ad431e71787157041cd69,5,5,6762560630871715023158082,6762560.630871715023
2026-02-01,47,1678357978,99298b15b5dda538c67f08af804d85e82450ce39,40,40,6708493345771531388428818,6708493.345771531388
2026-02-01,48,1751552478,0e342f1bf748888960e24f03f836768e83d88cee,1,1,6500000000000000000000000,6500000.000000000000
2026-02-01,49,-389389918,008311fb8c69d393f393ab45154314d74ba45252,8,8,6355304007894289007344804,6355304.007894289007
2026-02-01,50,779583634,2e4cf76b269f34d83bea428f4c35aa5645191259,1,1,6144001748707857461566603,6144001.748707857462
2026-02-01,51,813835049,ae0a739c3724bb5cd2bdcf73764c87a5a6ec21a3,13,13,6036634545968401073741795,6036634.545968401074
2026-02-01,52,-792171468,f6f51b843c3b6e75cf70109494dc1f0d4e304dda,3,3,6001922642517000000000000,6001922.642517000000
2026-02-01,53,2094248035,df2609ec3d2e07a79d2e25e52960e75250bd9aaa,2,2,6000000034807592633601288,6000000.034807592634
2026-02-01,54,-701784582,1f2cfaddcad3a4e398fac6df39b51c310dd1729a,2,2,5999770339778015602576260,5999770.339778015603
2026-02-01,55,-251293074,f4766c366f15ab0f338ecc9bef49bbaac13649a6,25,25,5832663869674313270755571,5832663.869674313271
2026-02-01,56,-850385479,c5682e404f3d68ea4b461f0a22dfe8d7155de86a,6,6,5718853674117235245567692,5718853.674117235246
2026-02-01,57,-382106575,5ffcdb28b8cc958afe052947d43cb6af04833c37,8,8,5713175361876999714787328,5713175.361876999715
2026-02-01,58,2136264885,ce9d00377edc72ddfbf0c9e0f007b614e9257c69,2,2,5504341181365853951152442,5504341.181365853951
2026-02-01,59,-638734546,f567d9f94fb01e5646710e54a4301cff8064321d,2,2,5448568000000000000000000,5448568.000000000000
2026-02-01,60,-236596965,485c07c5516315881c732c90122ba4de3f356180,6,6,5400000000000000000000000,5400000.000000000000
2026-02-01,61,-81664234,f792c959ac78e7b4bfb7c8b3c11390475b9b1761,11,11,5185042338136000000000000,5185042.338136000000
2026-02-01,62,2035267627,ac376cd0ef088e33268a2e90b031ff45a27a4b92,2,2,5026617441825337355099797,5026617.441825337355
2026-02-01,63,-74660925,5d2f4460ac3514ada79f5d9838916e508ab39bb7,1,1,5000000000000000000000000,5000000.000000000000
2026-02-01,64,2139209976,6c2d8c9df5dbc0459920cd176f3f487f3f8bfff8,1,1,5000000000000000000000000,5000000.000000000000
2026-02-01,65,-425611357,605c5e674209dea3a8dfa19d6ac320d683e1ef49,5,5,4600000270496242499649497,4600000.270496242500
2026-02-01,66,1885729150,fb94d3404c1d3d9d6f08f79e58041d5ea95accfa,3,3,4382918562959536697321619,4382918.562959536697
2026-02-01,67,1355615101,ae4f35d0b1f14c108c002df28243b6093765ed80,1,1,4156743696314702256669748,4156743.696314702257
2026-02-01,68,1830331099,440888714a6afed60ff44e9975a96e6a36f7fac4,9,9,4097116297964753235597966,4097116.297964753236
2026-02-01,69,-149836269,8b45ad98e0e884bc034dca08a785c7a07df70b95,6,6,3975410683396523254764111,3975410.683396523255
2026-02-01,70,-659719577,8e6db92f047069d57250b65a9177561ab4ba2cc9,21,21,3900335959132887862105779,3900335.959132887862
2026-02-01,71,-776930797,7b59d2447211b663280287e73e9b3240af3b952d,31,31,3820261107846171960818931,3820261.107846171961
2026-02-01,72,-645484737,471e73a3b1120c1f5c3a30d71dc750e45dcc7da6,9,9,3789925836238184058153983,3789925.836238184058
2026-02-01,73,-428825221,fab78ab6ad918e08805f090d8f30a4e814020332,2,2,3538618897554634219874605,3538618.897554634220
2026-02-01,74,-321002606,7c1e064bb347cfa8b042e33baf38503014dfc58e,32,32,3516362210850501772574683,3516362.210850501773
2026-02-01,75,54596232,f4dfcd61c36fc3ac374e52206c43253e14c2ffe2,3,3,3513502483696000000000000,3513502.483696000000
2026-02-01,76,-390117189,ab6b52df0000b8a61ced9b191c57bedc74fe3e99,1,1,3419960139147926511497728,3419960.139147926511
2026-02-01,77,1877493213,3af4a49c8e2fcaf33fd3389543b80d320fcc9091,3,3,3411500000000000000000000,3411500.000000000000
2026-02-01,78,-567307265,ecd09feaa768b3c2c3d3b868598e136e0c6fe162,5,5,3369415000000000000000000,3369415.000000000000
2026-02-01,79,1401365054,989536719a72cfd50348ccd5521256c7eb41a999,2,2,3369150878501422360463209,3369150.878501422360
2026-02-01,80,704271853,9772fedc43123a6efbd1965617d0e079de2689e4,3,3,3304035130000000000000000,3304035.130000000000
2026-02-01,81,1856288245,d8b88c185e06ebf8c58b7dc8b7aff18304cdd888,7,7,3289691783470149239917139,3289691.783470149240
2026-02-01,82,1514312542,236f968b3e9cc45d6d86bc95386a27c8051ab1ce,1,1,3232287414290172913825160,3232287.414290172914
2026-02-01,83,1888617457,5020616a96dbfaa2b6aac8db3889ee16b04d2a28,1,1,3194907284282000000000000,3194907.284282000000
2026-02-01,84,1166506911,4be62b7de5f4544d35300bf7de9114e997c5c5e1,4,4,3192893691731411919594892,3192893.691731411920
2026-02-01,85,-600066346,7d4bba5f829fb936b93d39769086d362b431adfc,7,7,3182307058937335244416676,3182307.058937335244
2026-02-01,86,-585856191,cbbc7edb043c18a0bd898ccf2d91089e42cefe8d,22,22,3038835187364338288921380,3038835.187364338289
2026-02-01,87,1706919972,4444ee1efbcfc7716754d4df119a1dbbe29934b3,3,3,3006496000004008453000001,3006496.000004008453
2026-02-01,88,-394429213,584708bf806e2772a801683150d73fa9fa199c3f,2,2,3002457615591753619765455,3002457.615591753620
2026-02-01,89,1922726539,f3a1ce2de3fc5392b7d273d021bc05141941b195,5,5,2996000000000000000000000,2996000.000000000000
2026-02-01,90,1450693022,c40ca9847255a1b89ac50ee08555ec150a1e23a1,2,2,2922977346071720918191635,2922977.346071720918
2026-02-01,91,-799416872,9e03dd6e0648c52c6601cf44ed875d38d72534cc,13,13,2874183191670748968237298,2874183.191670748968
2026-02-01,92,-510291993,08b6470e62235947b766ac63f584a52d25cb14e6,2,2,2856824755510268898045985,2856824.755510268898
2026-02-01,93,-347327640,03da0865312de62ee22fd0664ee8bf0bee7306fb,19,19,2853936754835006161044907,2853936.754835006161
2026-02-01,94,-336403879,04f6b16cee9ee2a2f493e782e95a516baa8077d6,3,3,2702861188043391321565473,2702861.188043391322
2026-02-01,95,2142369261,61451f9658aedf2a29c0ecd274e5873ecce9db31,3,3,2660000000000000000000000,2660000.000000000000
2026-02-01,96,-314784948,432861922cf8d3a1aa74bfdcf780149ddcf228c5,6,6,2642057702653208519822207,2642057.702653208520
2026-02-01,97,1353540595,79894ffa16f90264dbdc8a781be06d9123cfe1d5,1,1,2606984644590188663930796,2606984.644590188664
2026-02-01,98,609508366,7d1faeb1cbde3764b38702d127f163141ec301b7,4,4,2603594304472607924894639,2603594.304472607925
2026-02-01,99,-102175758,cb173738313a3237b24124fa09377ca515515899,5,5,2601931557530522311573476,2601931.557530522312
2026-02-01,100,-630118263,537c351c374b013f4db9bbe2b078803ecffc6d54,3,3,2560854986636547686400000,2560854.986636547686
2026-03-01,1,-123906151,93904eec579e5bf7a57c2dd4afbea0f1c3e6a1d1,9,9,1065880338718645502290376266,1065880338.71864550
2026-03-01,2,1355327085,18709e89bd403f470088abdacebe86cc60dda12e,9,9,318295507683344721756475587,318295507.68334472
2026-03-01,3,1973459980,ed0c6079229e2d407672a117c22b62064f4a4312,8,8,164854965189430130603991270,164854965.18943013
2026-03-01,4,-606672456,f50623b782fb0c7cd3966b20f6ecb7d791a36ec6,5,5,121332608000000000000000000,121332608.00000000
2026-03-01,5,-387028562,d00e0079b8cab524f3fa20ea879a7736e512a5fc,2,2,120554853219112000000000000,120554853.21911200
2026-03-01,6,1633644621,d48573cda0fed7144f2455c5270ffa16be389d04,6,6,86888557000000000000000000,86888557.000000000000
2026-03-01,7,-39388897,53f6b45a381a9fd2da9d7159b3be8ee405442923,2,2,85997682565480000000000000,85997682.565480000000
2026-03-01,8,365318,ee2826453a4fd5afeb7ceffeef3ffa2320081268,27,27,68062262569493964622926610,68062262.569493964623
2026-03-01,9,2027659310,b99a2c4c1c4f1fc27150681b740396f6ce1cbcf5,12,12,60517813183897000000000000,60517813.183897000000
2026-03-01,10,-379807519,f330d7aff40ac87c9b2b96244ac07f3a8a1d6e73,10,10,58323845984504519278488251,58323845.984504519278
2026-03-01,11,2119729236,81ebde24453b8e40454616579ea79c79a197699d,37,37,57275779317092580831573252,57275779.317092580832
2026-03-01,12,-700308080,9f1a1479191af103ff82fead23e950b6b3b2bd1a,11,11,54815595383781330212430656,54815595.383781330212
2026-03-01,13,1695726495,c6dd9976066f3364b4d6a72cd4f1fa0468327aa7,93,93,52343151788596745902856510,52343151.788596745903
2026-03-01,14,-432618367,68e7e72938db36a5cbbca7b52c71dbbaadfb8264,26,26,50125292577238465774644434,50125292.577238465775
2026-03-01,15,2125605889,06c05fbac28826fa24b5fe806f239277d8b5a9fd,38,38,33036243145396257697308551,33036243.145396257697
2026-03-01,16,2117200554,30a97d2bd4268df1b5dc0e7d4d92eb3d3bcefb9d,6,6,30352768126042000000000000,30352768.126042000000
2026-03-01,17,1999935409,0b43b7d79d361c87a9ffefe105e37bbff7f9eafb,3,3,27177534443447943296224336,27177534.443447943296
2026-03-01,18,-975168068,7b4314c900ad5c1fe5ec10744dedeba14e7a33b5,8,8,19903720744911242321874338,19903720.744911242322
2026-03-01,19,-914520100,24d64e1027528cfadb96d84eb97e11901bf74512,7,7,19116673216959802388870694,19116673.216959802389
2026-03-01,20,-569796106,8fee409f8f772667add2a2ccfb8c5182a7349ce9,23,23,17697136880573704197894189,17697136.880573704198
2026-03-01,21,-953384677,ada0c04b2b998e59e0e334475ff22b4da08c8a9b,31,31,16938541464832392820695449,16938541.464832392821
2026-03-01,22,813835049,ae0a739c3724bb5cd2bdcf73764c87a5a6ec21a3,29,29,16596713837539792110580827,16596713.837539792111
2026-03-01,23,-81664234,f792c959ac78e7b4bfb7c8b3c11390475b9b1761,33,33,15562345610493709256129181,15562345.610493709256
2026-03-01,24,-637811691,b2e0a660ea47119bd1f5ffbed83f5932375d0622,59,59,15266978229215303808080989,15266978.229215303808
2026-03-01,25,2073828543,f4b6b926c563d4d3602a24d79598fb97452719c2,2,2,14563265157712079531496407,14563265.157712079531
2026-03-01,26,-113620579,00c04ae980a41825fcb505797d394090295b5813,4,4,14086712084070308550573440,14086712.084070308551
2026-03-01,27,1706919972,4444ee1efbcfc7716754d4df119a1dbbe29934b3,11,11,13711357000008457430229704,13711357.000008457430
2026-03-01,28,-965832112,73c220eee4db445abf5b61545759734634142a0d,15,15,13463726370656408770695678,13463726.370656408771
2026-03-01,29,588135314,34b2e4cc56b7160d86951310b7351e7983842a9a,7,7,11607648246405729307909140,11607648.246405729308
2026-03-01,30,-481355916,5cbc6299fab3320e7758ac97fd4ca45e5b722059,2,2,11000000020000000000000000,11000000.020000000000
2026-03-01,31,-236596965,485c07c5516315881c732c90122ba4de3f356180,11,11,10922963264346000000000000,10922963.264346000000
2026-03-01,32,-655593340,1c4609e0995a7225599cf3c81353786614c06889,13,13,10507948308186968620472920,10507948.308186968620
2026-03-01,33,1660334490,6826be6819eee574b89b886289c454c4e9b73b6d,23,23,10406694689528975379115786,10406694.689528975379
2026-03-01,34,-360164104,f42bcfd3dd5fcdd984d24fd2787383195c7f2b51,9,9,10027292503956083345960562,10027292.503956083346
2026-03-01,35,-607341344,815f5bb257e88b67216a344c7c83a3ea4ee74748,3,3,9874172668112689113999124,9874172.668112689114
2026-03-01,36,1401365054,989536719a72cfd50348ccd5521256c7eb41a999,2,2,9674419582015897924718791,9674419.582015897925
2026-03-01,37,1254801885,4ee79e19c9c398e364d135f01b25dccc0473047c,8,8,9004899425845192074532913,9004899.425845192075
2026-03-01,38,-273704838,768f78fd77a4a574286b8b9901606fa3d84e6c77,8,8,8704723374143384985139223,8704723.374143384985
2026-03-01,39,-421162116,361af8231c136f1f270c988274b93fb9ad53ade9,1,1,8505274322894147600141030,8505274.322894147600
2026-03-01,40,-692241931,1dec34af2db84359c078050e964560f47a669ea2,15,15,8201611304776108472086398,8201611.304776108472
2026-03-01,41,1323759618,1be8b8bd3126f919245e3664887b762db7546d2a,5,5,7997841332865915825822482,7997841.332865915826
2026-03-01,42,566191727,e67e43b831a541c5fa40de52ab0afbe311514e64,8,8,7950183349771884179479733,7950183.349771884179
2026-03-01,43,-285984347,6e96e500e8e95f42d017c7d4029dd73e8b4a7ff0,7,7,7853230161519962400402952,7853230.161519962400
2026-03-01,44,740805442,a796cf39340575f7fecc27f75f328f290960ccd8,4,4,7035074653436761621064705,7035074.653436761621
2026-03-01,45,220494708,4f76ff660dc5e37b098de28e6ec32978e4b5beb6,5,5,6701000000000000000000000,6701000.000000000000
2026-03-01,46,-574997141,e8a9693002d1397ca7a0ee11c2ab2ed6932d2966,47,47,6582452293479407775716962,6582452.293479407776
2026-03-01,47,-149836269,8b45ad98e0e884bc034dca08a785c7a07df70b95,7,7,6486017550024714548849896,6486017.550024714549
2026-03-01,48,1539791159,728ac133a5c9250a61f7b27abbe7a823e786ff66,3,3,6080000000000000000000000,6080000.000000000000
2026-03-01,49,-113751618,43911ee0012cdabf825d1ffe3a3e372c9d477618,17,17,6075388265781561762977858,6075388.265781561763
2026-03-01,50,-453013105,82fcfffe80d80365a5f2f42a6ea87d1e815bec4c,22,22,5740346423132441684302902,5740346.423132441684
2026-03-01,51,1830331099,440888714a6afed60ff44e9975a96e6a36f7fac4,8,8,5465651337676486427954531,5465651.337676486428
2026-03-01,52,-385179711,295f67fdb21255a3db82964445628a706fbe689e,9,9,5178901093303247059212852,5178901.093303247059
2026-03-01,53,-710595665,b030b5d277f37775a6890d963fec172073609632,8,8,5061515918274111925378818,5061515.918274111925
2026-03-01,54,-251293074,f4766c366f15ab0f338ecc9bef49bbaac13649a6,23,23,4763740447430299760055432,4763740.447430299760
2026-03-01,55,-878740197,7dee3ff13e5f66a951e0ea9706544f76262a061e,6,6,4669685606662099408878350,4669685.606662099409
2026-03-01,56,2142778830,7c6211ab60fda17eecb0f7f5d3d252dcb84924c8,60,60,4666197124293101699071692,4666197.124293101699
2026-03-01,57,1145636204,cdc8bbc2c740e44e9231dc3a8842800aa2433d18,2,2,4355743686157001011882258,4355743.686157001012
2026-03-01,58,-87242508,5de1b7f14de50ed6e430ea144eed8bc9d0bbb30c,20,20,4323991563381363609131861,4323991.563381363609
2026-03-01,59,-123535645,8e87caf1fc5a0d4aebe0e0c976b24a3a9e3672c4,8,8,4289932529722892024976256,4289932.529722892025
2026-03-01,60,1546365203,0000aa99e12ad566e4c97882296076023d123cfe,28,28,4273993555498546223030029,4273993.555498546223
2026-03-01,61,1994716675,de5423bf5fd8f034eaf81b473cff0bb950a9d336,4,4,4147431096231889926896477,4147431.096231889927
2026-03-01,62,-314502537,19087cd19b4202ffc40e5b4432b107b33b3c4569,7,7,4079978316835716711952612,4079978.316835716712
2026-03-01,63,-792171468,f6f51b843c3b6e75cf70109494dc1f0d4e304dda,2,2,4030994650701240008767150,4030994.650701240009
2026-03-01,64,-838388730,dd1a3de4d78736a8fcd89aa4351e6d128810ec1e,2,2,3999998860000000000000000,3999998.860000000000
2026-03-01,65,1545139749,2c30a3a1b2cc998a95ab60cef376fcc7d8f0bd9d,2,2,3920376509366514885976281,3920376.509366514886
2026-03-01,66,753257963,6608d5342ca0fc0acf0c334c2496f1542af1fc71,14,14,3918383249919276660441401,3918383.249919276660
2026-03-01,67,-645484737,471e73a3b1120c1f5c3a30d71dc750e45dcc7da6,7,7,3798485564350000000000000,3798485.564350000000
2026-03-01,68,-514630409,13ae603d36142c64c74cd5dd2c7b50de8bccad37,2,2,3597156064827005659748742,3597156.064827005660
2026-03-01,69,-609929659,701516fccd12a6f56a39cbe68c394136001d6526,2,2,3559504598991850346853562,3559504.598991850347
2026-03-01,70,1284217395,7ef216afdf22d1b336169a0c4bb7b5a531d1e528,8,8,3514373722323889925123666,3514373.722323889925
2026-03-01,71,1450693022,c40ca9847255a1b89ac50ee08555ec150a1e23a1,3,3,3310452555227000000000000,3310452.555227000000
2026-03-01,72,-16629953,961972a5c91e7237a3b02d2ee173ac3999e49480,4,4,3263728219498594881269609,3263728.219498594881
2026-03-01,73,-206317164,a4bf0486a3a874015aca7e8c5f3cba642a4719bd,7,7,3100340215167299594491998,3100340.215167299594
2026-03-01,74,1354097314,3e23fb0715e9be36eb8d02ce7e50dde80494a90b,6,6,3100000000000000000000000,3100000.000000000000
2026-03-01,75,-158550008,df2ca7fcc8e4d8d2c70d4e2abd45a59569aaa9f7,3,2,3014763000000000000000000,3014763.000000000000
2026-03-01,76,-784742880,8714d57fbbdbd202b10cafdf562996a2ed961e13,6,6,3014141203696884531922733,3014141.203696884532
2026-03-01,77,1969472665,f7eec250d1096c330de38bc196f14442e9e22fa6,1,1,2999999200000874523801478,2999999.200000874524
2026-03-01,78,1483287542,99f6d2bbd6a2da57830248b73ea558f62ebf9870,1,1,2999909469038000000000000,2999909.469038000000
2026-03-01,79,-824542331,b6cc9275c70a7a9dcdf4fec36d3c00d8ce62f334,1,1,2994024280128000000000000,2994024.280128000000
2026-03-01,80,-347327640,03da0865312de62ee22fd0664ee8bf0bee7306fb,14,14,2977651032944288729922778,2977651.032944288730
2026-03-01,81,1893914362,c6f39b010e380fd543f49a6450194f7dd3bdef4f,12,12,2871165796079702033589745,2871165.796079702034
2026-03-01,82,-352431812,c41da5ba176dab7a5859722788cf91d56c43cd71,4,4,2852399952668935474127854,2852399.952668935474
2026-03-01,83,3808903,d553294b42bdfeb49d8f5a64e8b2d3a65fc673a9,8,8,2705051653554211930214562,2705051.653554211930
2026-03-01,84,-1454016,026346aa00bcbfdbfa2f8f87ec963d2939018bdd,3,3,2697290356071534490810184,2697290.356071534491
2026-03-01,85,206911220,39d787fdf7384597c7208644dbb6fda1cca4ebdf,3,3,2650100000000000000000000,2650100.000000000000
2026-03-01,86,1721592897,593c1254eff380c7498f4861b44e1acc74284be6,5,5,2527210733584602415561457,2527210.733584602416
2026-03-01,87,1527576340,5a28075fb3d5594b1ddfef2aa6c65699c87ad6c8,1,1,2498842000000000000000000,2498842.000000000000
2026-03-01,88,-611138270,211b7210dbec6eeefec4872672fe5f4f94bc04dc,28,28,2496844808098978510714626,2496844.808098978511
2026-03-01,89,1889405078,21e9c1004717f6abb6670e1bba709d8c1d83ad4e,20,20,2457870070762797621526395,2457870.070762797622
2026-03-01,90,-535600025,088d4426e37a484f764223c1fa50e7cdd9dc052d,1,1,2440705812344000000000000,2440705.812344000000
2026-03-01,91,-386167923,4364ca14fb795140339f22ed7ff39ae4ea5cf064,3,3,2400000000000000000000000,2400000.000000000000
2026-03-01,92,-821521848,a25b313a928499d54722c636b064a9f230270c1a,7,7,2390739138479244745774390,2390739.138479244746
2026-03-01,93,2142369261,61451f9658aedf2a29c0ecd274e5873ecce9db31,2,2,2370000000000000000000000,2370000.000000000000
2026-03-01,94,2136719957,28785741a33013484597c4f20367a6b40055af4d,3,3,2361971451161879196154453,2361971.451161879196
2026-03-01,95,-98796498,24217fae768ba51c53d066eb41224bd335ff046d,1,1,2344241723456360080409699,2344241.723456360080
2026-03-01,96,723327158,6fedfdb4249cd5dca3030fd09e0e1368f23cb4f8,7,7,2342752364028546208040888,2342752.364028546208
2026-03-01,97,2010047008,c65e27b69cd445b8bdfc05aaf0f7f7e973d72fc9,2,2,2329032744592663388858645,2329032.744592663389
2026-03-01,98,-102175758,cb173738313a3237b24124fa09377ca515515899,6,6,2259595846194643600748778,2259595.846194643601
2026-03-01,99,1064334959,4cb9362d9d3a2d83fd1838620f60930d9d27c488,2,2,2253998302604000000000000,2253998.302604000000
2026-03-01,100,-850757606,49f915787cb075ba90c87ae0154081a2668ce67a,4,4,2200000001233000000000000,2200000.001233000000
2026-04-01,1,-123906151,93904eec579e5bf7a57c2dd4afbea0f1c3e6a1d1,3,3,600000000000000000000000000,600000000.00000000
2026-04-01,2,365318,ee2826453a4fd5afeb7ceffeef3ffa2320081268,27,27,252757203834200921147410852,252757203.83420092
2026-04-01,3,1752098036,691cb02bf62a0bb2397bfae9a55f7380d415fff2,37,37,236721993155904962241217233,236721993.15590496
2026-04-01,4,2119729236,81ebde24453b8e40454616579ea79c79a197699d,71,71,129797478501245087208331413,129797478.50124509
2026-04-01,5,1973459980,ed0c6079229e2d407672a117c22b62064f4a4312,8,8,102639532805960869396008730,102639532.80596087
2026-04-01,6,-387028562,d00e0079b8cab524f3fa20ea879a7736e512a5fc,2,2,100000000000000000000000000,100000000.000000000000
2026-04-01,7,74966259,a2c0f1083ea1c5279a0111d8886989fb5299d483,4,4,64220919533232809991050484,64220919.533232809991
2026-04-01,8,736007061,b81a0e6c38c3fec8a171cfe9631f60127a0c5bfd,30,30,60321155706127195345776462,60321155.706127195346
2026-04-01,9,-412816615,19c9ae601431ea610fdd8b288e66d83f884e1157,38,38,55729195260297161687542123,55729195.260297161688
2026-04-01,10,2027659310,b99a2c4c1c4f1fc27150681b740396f6ce1cbcf5,14,14,55509570157597161857825245,55509570.157597161858
2026-04-01,11,-385063920,d964c9742093e4333d5be8f9eb5eac02ba153d54,445,445,48289752128848867296450855,48289752.128848867296
2026-04-01,12,-60632073,7df56ef0219d653258bc9bf9b6d3a16e082b5fa0,8,8,45825730166716000000000000,45825730.166716000000
2026-04-01,13,1695726495,c6dd9976066f3364b4d6a72cd4f1fa0468327aa7,62,62,43344260512057937299814521,43344260.512057937300
2026-04-01,14,1821352972,0ad500d23a43ae9b26a570cfb02b68c48a866565,6,6,41484578958790106590277021,41484578.958790106590
2026-04-01,15,-379807519,f330d7aff40ac87c9b2b96244ac07f3a8a1d6e73,8,8,37859141792027261973857486,37859141.792027261974
2026-04-01,16,-1062826888,907bfb54c7c20cfb0b16c137d33d6687a52ebd1b,2,2,32080327778263000000000000,32080327.778263000000
2026-04-01,17,-536438338,af9b98d2acde5f13eaeaeb0101273cdfa86dcc95,10,10,22343175358759805251711805,22343175.358759805252
2026-04-01,18,-230964586,6699397361f50f3800d36a7c33620b6df9473d7c,7,7,21108097208416246409610066,21108097.208416246410
2026-04-01,19,-569796106,8fee409f8f772667add2a2ccfb8c5182a7349ce9,18,18,19819519421841762351279913,19819519.421841762351
2026-04-01,20,-1069308323,524ea5ee10fb3d28a07d30be49d2b3527a31f41d,5,5,18990171024191832571260921,18990171.024191832571
2026-04-01,21,-965832112,73c220eee4db445abf5b61545759734634142a0d,17,17,18264776915877773345038440,18264776.915877773345
2026-04-01,22,-314502537,19087cd19b4202ffc40e5b4432b107b33b3c4569,29,29,17617783105949220655368897,17617783.105949220655
2026-04-01,23,685867300,665671de9ac530d7bb982bc440be9741d25c3eb0,11,11,17407735828617785310447664,17407735.828617785310
2026-04-01,24,-607341344,815f5bb257e88b67216a344c7c83a3ea4ee74748,2,2,17261591115866996995862528,17261591.115866996996
2026-04-01,25,-83738397,ac860a0b1c178303a7f085f3842a157e91a241b1,3,3,15100871349162678278924534,15100871.349162678279
2026-04-01,26,-360164104,f42bcfd3dd5fcdd984d24fd2787383195c7f2b51,5,5,15020030618631512569089718,15020030.618631512569
2026-04-01,27,1633644621,d48573cda0fed7144f2455c5270ffa16be389d04,1,1,15000000000000000000000000,15000000.000000000000
2026-04-01,28,-655593340,1c4609e0995a7225599cf3c81353786614c06889,5,5,14661792390310523393126044,14661792.390310523393
2026-04-01,29,-564951081,92ee32937f3a86bb897e3b15de55078f18cb7cb2,62,62,14294247859506524118838538,14294247.859506524119
2026-04-01,30,-614594348,f2224bf4f29205522e1400720217d3f19709331c,2,2,13983712215061438086382054,13983712.215061438086
2026-04-01,31,-236596965,485c07c5516315881c732c90122ba4de3f356180,8,8,13292915513959108475858171,13292915.513959108476
2026-04-01,32,697756873,637dcff017472759bf4ed03b6d12a46929a66154,2,2,12364536524798000000000000,12364536.524798000000
2026-04-01,33,1254801885,4ee79e19c9c398e364d135f01b25dccc0473047c,17,17,11903890637557237738888645,11903890.637557237739
2026-04-01,34,1384085576,45ebb1c54f223c5905a7683164656b63527bc11b,2,2,11338775205789597611713778,11338775.205789597612
2026-04-01,35,-637811691,b2e0a660ea47119bd1f5ffbed83f5932375d0622,42,42,11122444303241710637389259,11122444.303241710637
2026-04-01,36,-701784582,1f2cfaddcad3a4e398fac6df39b51c310dd1729a,7,7,11085257751824598905437699,11085257.751824598905
2026-04-01,37,-977800946,2ce4ba554950a5e2f4dd77ad1308c91568dac155,10,10,11034923905021472849511378,11034923.905021472850
2026-04-01,38,-934434518,042e5cc11d54344a6ad76d46b2b7f7f89b6f93da,33,33,10125737376911780110630840,10125737.376911780111
2026-04-01,39,1738451020,2a7a1c05f0c6954a39e3e47d5d6eb057f798e797,3,3,10003213916567326237145228,10003213.916567326237
2026-04-01,40,-533851842,85cb649808e0c701715c9d2f67266fdcfa6c0d6f,2,2,9998531383645514175192986,9998531.383645514175
2026-04-01,41,-599637025,e837770fc477522360cf620bc15ba34cb9e4a6d0,6,6,9930728293627336164087841,9930728.293627336164
2026-04-01,42,-638734546,f567d9f94fb01e5646710e54a4301cff8064321d,5,5,9744490815291098638315105,9744490.815291098638
2026-04-01,43,-113578926,3a79d23a95c04b442b02370678fcc52cdd41cbd0,18,18,9097332351499416985081550,9097332.351499416985
2026-04-01,44,-1020560027,f54ac7966dad594dc4952b3eccc8f77cd77fde92,5,5,8970133084034333162175261,8970133.084034333162
2026-04-01,45,-759645897,8c237e6d3cdd547e8a69e517180c081baf3b0103,32,32,8903481164837258074632760,8903481.164837258075
2026-04-01,46,-285984347,6e96e500e8e95f42d017c7d4029dd73e8b4a7ff0,7,7,8871236349984624722542545,8871236.349984624723
2026-04-01,47,1635348618,5f4b7f166dfbd52cf1bce5893292b9a2bbecfa08,12,12,8757539903645310721173194,8757539.903645310721
2026-04-01,48,1401365054,989536719a72cfd50348ccd5521256c7eb41a999,6,6,8702367585908479682413018,8702367.585908479682
2026-04-01,49,-790793764,01d31708f439402206ce9283b3befa66f5865f8f,3,3,8482346664220438196533284,8482346.664220438197
2026-04-01,50,2124479240,dd647ce113505b34c62412d2a804ce1bfbcfc737,8,8,8453695231825797899001078,8453695.231825797899
2026-04-01,51,1956680972,1c5584b98b06f9e86a6971bd838dc1dbe2c70294,4,4,8104909319996710208044908,8104909.319996710208
2026-04-01,52,-225914583,6a36d4fd47b0cdd342d21861abd6849b078525d6,7,7,8009161738154001758380299,8009161.738154001758
2026-04-01,53,649011951,c37704a457b1ee87eb657cae584a34961e86acac,2,2,8000000000000000000000000,8000000.000000000000
2026-04-01,54,2073828543,f4b6b926c563d4d3602a24d79598fb97452719c2,2,2,7960024237716000000000000,7960024.237716000000
2026-04-01,55,1280637006,3178490d60b5cceaa5a79fd4d9050c7405bab80c,16,16,7958864605194445890648122,7958864.605194445891
2026-04-01,56,-975153519,6bb52f7e832335d8532ec3b6d44fabacfa03cdf3,13,13,7722380876161058085027815,7722380.876161058085
2026-04-01,57,-574997141,e8a9693002d1397ca7a0ee11c2ab2ed6932d2966,34,34,7494479789111705429338116,7494479.789111705429
2026-04-01,58,1696425324,8af700ba841f30e0a3fcb0ee4c4a9d223e1efa05,1,1,7441000000005000000000000,7441000.000005000000
2026-04-01,59,1839362061,fe99cc4664a939f826dbeb545c1aad4c89ee737a,1,1,7202964445024814656517517,7202964.445024814657
2026-04-01,60,2094248035,df2609ec3d2e07a79d2e25e52960e75250bd9aaa,1,1,7200000000000396464414088,7200000.000000396464
2026-04-01,61,-854561375,4a9ff585a6c272fa308395fa6666ff1236ba0624,9,9,7009538237190838252896029,7009538.237190838253
2026-04-01,62,2125605889,06c05fbac28826fa24b5fe806f239277d8b5a9fd,4,4,6517415469273324407824378,6517415.469273324408
2026-04-01,63,-1055485157,e968b7ed7b61df683207c7d46e17fcc5f86e2908,3,3,6499793602186889559628691,6499793.602186889560
2026-04-01,64,634542023,661bc014ba045a1918215cbe2af8121ada09638d,3,3,6308100000000000000000000,6308100.000000000000
2026-04-01,65,-222977010,25d2477f89fb29f6956c45d4dfda9d29eb187f4e,4,4,6200518000000000000000000,6200518.000000000000
2026-04-01,66,1969472665,f7eec250d1096c330de38bc196f14442e9e22fa6,2,2,6019534333256028177914348,6019534.333256028178
2026-04-01,67,-708846081,0f365d86809a00761a8df914c812dbfdf481c149,1,1,6010281304259000000000000,6010281.304259000000
2026-04-01,68,-237241365,30480168582c2bf43eaf97bfce186e8d25866e96,3,3,6003108993871577624147970,6003108.993871577624
2026-04-01,69,-699463224,af258f3b5097ad064337a3114813bc099a45f58c,1,1,6000000000000000000000000,6000000.000000000000
2026-04-01,70,-1073506258,09ed2e445887483706502fade010c80218187d3a,3,3,5999930062691219661706454,5999930.062691219662
2026-04-01,71,-441845817,e7cd2fa44cce16e70867338f7b9fd60ad3b9d4b5,25,25,5764035000000000000000000,5764035.000000000000
2026-04-01,72,-409615128,05dd8288b4951f282efa607fb6ca72c13380fba2,1,1,5720711000000000000000000,5720711.000000000000
2026-04-01,73,497816519,b4fb31e7b1471a8e52dd1e962a281a732ead59c1,4,4,5679832417759877271152424,5679832.417759877271
2026-04-01,74,941421118,7fa9ae25d2666f142d2e974a0ba537056be18e9a,10,10,5547603354388507160609106,5547603.354388507161
2026-04-01,75,566191727,e67e43b831a541c5fa40de52ab0afbe311514e64,5,5,5417239872435307604056927,5417239.872435307604
2026-04-01,76,-206317164,a4bf0486a3a874015aca7e8c5f3cba642a4719bd,7,7,5406497731040976588032705,5406497.731040976588
2026-04-01,77,588135314,34b2e4cc56b7160d86951310b7351e7983842a9a,9,9,5306531557044917241762704,5306531.557044917242
2026-04-01,78,1446994767,bfed92a0a4a4731d8160f272f210fd349d4893cb,1,1,5293562961981582349094287,5293562.961981582349
2026-04-01,79,-514630409,13ae603d36142c64c74cd5dd2c7b50de8bccad37,2,2,5259579984985000000000000,5259579.984985000000
2026-04-01,80,-559319506,6cc60a0b57bc882a0471980d0e2d4ad7ddf3c4bd,15,15,5135466960382442070090326,5135466.960382442070
2026-04-01,81,-472132672,9e309ca1b9fe7951cf59b84fe235380ab5d5090a,3,3,5096453481288000000000000,5096453.481288000000
2026-04-01,82,1877493213,3af4a49c8e2fcaf33fd3389543b80d320fcc9091,5,5,5059474982220211216306202,5059474.982220211216
2026-04-01,83,-600066346,7d4bba5f829fb936b93d39769086d362b431adfc,6,6,5035074299363013974637665,5035074.299363013975
2026-04-01,84,-706099958,ed41a12ea862f31df054e9bd3af1dd59486c6029,5,5,5007360384182257068356386,5007360.384182257068
2026-04-01,85,607375893,2436c4dc11ed6a990b3ee3ec54e4066496c039e5,1,1,5007264507437000000000000,5007264.507437000000
2026-04-01,86,-230895766,595c4c498307cf7f09fa261a69083e106f766bb8,2,2,5000673791158856934480943,5000673.791158856934
2026-04-01,87,-1042666227,7b1054f56374178550a0d121635d155e83acd18f,2,2,5000082943310254651172974,5000082.943310254651
2026-04-01,88,-746567414,90d7d22893be605b2ce8f993e118292f8e369889,17,17,4993113346311478017140767,4993113.346311478017
2026-04-01,89,1893914362,c6f39b010e380fd543f49a6450194f7dd3bdef4f,12,12,4981761638192790207223082,4981761.638192790207
2026-04-01,90,-631208163,933adedd85824da75ec8a334a7907e69e7c02833,2,2,4938419201538000000000000,4938419.201538000000
2026-04-01,91,-16629953,961972a5c91e7237a3b02d2ee173ac3999e49480,7,7,4865421542083241932133520,4865421.542083241932
2026-04-01,92,-914520100,24d64e1027528cfadb96d84eb97e11901bf74512,2,2,4845495611753992974696208,4845495.611753992975
2026-04-01,93,-207331552,7c9665c5acd51402f2f2d4034a5489df72658ed7,4,4,4820306670732051154147319,4820306.670732051154
2026-04-01,94,-273704838,768f78fd77a4a574286b8b9901606fa3d84e6c77,2,2,4771409276945158603125284,4771409.276945158603
2026-04-01,95,1999935409,0b43b7d79d361c87a9ffefe105e37bbff7f9eafb,1,1,4617455454622000000000000,4617455.454622000000
2026-04-01,96,530707537,bbbc35dfac3a00a03a8fde3540eca4f0e15c5e64,6,6,4509250000000000000000000,4509250.000000000000
2026-04-01,97,819457661,cf7841fd47bf33004b07ede874e7afc714616231,2,2,4325000729132000000000000,4325000.729132000000
2026-04-01,98,-123535645,8e87caf1fc5a0d4aebe0e0c976b24a3a9e3672c4,5,5,4306760179028364419930753,4306760.179028364420
2026-04-01,99,534916779,3b15cec2d922ab0ef74688bcc1056461049f89cb,10,10,4303775865048760877608569,4303775.865048760878
2026-04-01,100,-338193963,165e9ba1d396ec151c29455b20d5ed9eb4256fc0,1,1,4109216949490000000000000,4109216.949490000000
2026-05-01,1,-123906151,93904eec579e5bf7a57c2dd4afbea0f1c3e6a1d1,7,7,1137199345476567000000000000,1137199345.47656700
2026-05-01,2,-387028562,d00e0079b8cab524f3fa20ea879a7736e512a5fc,4,4,540623766082731000000000000,540623766.08273100
2026-05-01,3,1973459980,ed0c6079229e2d407672a117c22b62064f4a4312,39,39,506232378593790129661597285,506232378.59379013
2026-05-01,4,2027659310,b99a2c4c1c4f1fc27150681b740396f6ce1cbcf5,26,26,345307130425489838142174755,345307130.42548984
2026-05-01,5,-25058922,688cc76d3b009d805ab6b4d0a1cbd228131b5cbf,1,1,300028361853950000000000000,300028361.85395000
2026-05-01,6,1752098036,691cb02bf62a0bb2397bfae9a55f7380d415fff2,10,10,147525426265936875272122038,147525426.26593688
2026-05-01,7,2119729236,81ebde24453b8e40454616579ea79c79a197699d,52,52,101851198803415498701765628,101851198.80341550
2026-05-01,8,-71825649,b4d3bea9d824c4dd7ded7ccc93e6212e3f0b186a,4,4,59482309772437847229981918,59482309.772437847230
2026-05-01,9,1879500173,55ea3e38fa0aa495b205fe45641a44ccc1c3df26,5,5,48000000007600000000000000,48000000.007600000000
2026-05-01,10,-412816615,19c9ae601431ea610fdd8b288e66d83f884e1157,14,14,44584314913964145564330658,44584314.913964145564
2026-05-01,11,736007061,b81a0e6c38c3fec8a171cfe9631f60127a0c5bfd,19,19,42003698126409156240376416,42003698.126409156240
2026-05-01,12,-1062826888,907bfb54c7c20cfb0b16c137d33d6687a52ebd1b,10,10,34561644669495000000000000,34561644.669495000000
2026-05-01,13,74966259,a2c0f1083ea1c5279a0111d8886989fb5299d483,1,1,31065605887657404995525242,31065605.887657404996
2026-05-01,14,365318,ee2826453a4fd5afeb7ceffeef3ffa2320081268,7,7,29988925157437962429747530,29988925.157437962430
2026-05-01,15,497816519,b4fb31e7b1471a8e52dd1e962a281a732ead59c1,3,3,20144886552339577221113830,20144886.552339577221
2026-05-01,16,-385063920,d964c9742093e4333d5be8f9eb5eac02ba153d54,165,165,18329868805956832447213197,18329868.805956832447
2026-05-01,17,306671,375f95fb45811ace248adc5baee5228d91ffca50,7,7,16597340008548831886206816,16597340.008548831886
2026-05-01,18,-564951081,92ee32937f3a86bb897e3b15de55078f18cb7cb2,122,122,15769160488814289083297692,15769160.488814289083
2026-05-01,19,685867300,665671de9ac530d7bb982bc440be9741d25c3eb0,3,3,11613805313697091858468547,11613805.313697091858
2026-05-01,20,1635348618,5f4b7f166dfbd52cf1bce5893292b9a2bbecfa08,7,7,11289197777481660316054303,11289197.777481660316
2026-05-01,21,-110471586,649fe0bba5098e9ec1cca4aa416c0551e309a568,2,2,10286150265872580000000000,10286150.265872580000
2026-05-01,22,-237241365,30480168582c2bf43eaf97bfce186e8d25866e96,2,2,10000000000000000000000000,10000000.000000000000
2026-05-01,23,-441845817,e7cd2fa44cce16e70867338f7b9fd60ad3b9d4b5,29,29,9968295972785585418988029,9968295.972785585419
2026-05-01,24,-977800946,2ce4ba554950a5e2f4dd77ad1308c91568dac155,13,13,9947767916541744575247526,9947767.916541744575
2026-05-01,25,2142369261,61451f9658aedf2a29c0ecd274e5873ecce9db31,2,2,9852836903574874543954617,9852836.903574874544
2026-05-01,26,987468278,176f3dab24a159341c0509bb36b833e7fdd0a132,1,1,9496904881529000000000000,9496904.881529000000
2026-05-01,27,1738451020,2a7a1c05f0c6954a39e3e47d5d6eb057f798e797,4,4,9214584104454123588032257,9214584.104454123588
2026-05-01,28,-1069308323,524ea5ee10fb3d28a07d30be49d2b3527a31f41d,2,2,9036901974290000000000000,9036901.974290000000
2026-05-01,29,-133568669,19e560a1c38b59db2c4c3fc6ca6b16b533c923a5,2,2,9018976315926000000000000,9018976.315926000000
2026-05-01,30,-121550566,9177a60658025f8d506fb2686103c21a3c4c6d50,2,2,8019999138200000000000000,8019999.138200000000
2026-05-01,31,-468929166,82b02bd42b8a837228181ea34bf0679a51a37e39,2,2,7579901118022750000000000,7579901.118022750000
2026-05-01,32,1696425324,8af700ba841f30e0a3fcb0ee4c4a9d223e1efa05,2,2,7461396582967947188346765,7461396.582967947188
2026-05-01,33,-1042666227,7b1054f56374178550a0d121635d155e83acd18f,6,6,7172442127843178102477488,7172442.127843178102
2026-05-01,34,-433401137,d6c757043e7d59088969b188923c62fa960afe9b,12,12,7105427284525000000000000,7105427.284525000000
2026-05-01,35,-1020560027,f54ac7966dad594dc4952b3eccc8f77cd77fde92,8,8,6927722194886602846185505,6927722.194886602846
2026-05-01,36,-706099958,ed41a12ea862f31df054e9bd3af1dd59486c6029,3,3,6800439691259569920022150,6800439.691259569920
2026-05-01,37,-1121648523,7d1ecdd7d75e3feeadb32e6de5aef59ede75126a,2,2,6700000000000000000000000,6700000.000000000000
2026-05-01,38,-759645897,8c237e6d3cdd547e8a69e517180c081baf3b0103,29,29,6655652580646424382063420,6655652.580646424382
2026-05-01,39,-1062363849,d13443e52e04e103b2257ac11125a73bf892371d,4,4,6477003354495312557605090,6477003.354495312558
2026-05-01,40,-1014289491,61b4895cb972b5c6a8a0e0745a9b8c3b5f6ff422,7,7,6472667116229167162292682,6472667.116229167162
2026-05-01,41,-637811691,b2e0a660ea47119bd1f5ffbed83f5932375d0622,26,26,6404322571153772932952182,6404322.571153772933
2026-05-01,42,2031698269,d4f9ce639ddf663212579514abed27266a5cfe3c,1,1,6201828418140000000000000,6201828.418140000000
2026-05-01,43,2124479240,dd647ce113505b34c62412d2a804ce1bfbcfc737,8,8,6196963414724368482301962,6196963.414724368482
2026-05-01,44,-891739485,08bf75d17046412ae08c95b6106993f714487872,4,4,6100026240955000000000000,6100026.240955000000
2026-05-01,45,-1120236877,0b6ea7dd18440bb656bc418be5c7736bd032960d,2,2,6008154529557929132604574,6008154.529557929133
2026-05-01,46,566191727,e67e43b831a541c5fa40de52ab0afbe311514e64,3,3,6000000000000000000000000,6000000.000000000000
2026-05-01,47,-236596965,485c07c5516315881c732c90122ba4de3f356180,7,7,5230000000000000000000000,5230000.000000000000
2026-05-01,48,-475374025,4ee7c9515c4aa86adca6f8f36a313d077116dea1,3,3,5225171728914323966429116,5225171.728914323966
2026-05-01,49,-599637025,e837770fc477522360cf620bc15ba34cb9e4a6d0,4,4,5013795269152302408776098,5013795.269152302409
2026-05-01,50,-216863445,a0736a98532e6a4eb41d81e9e741eba07bfcfa0b,1,1,5007375435986580857232715,5007375.435986580857
2026-05-01,51,-1097374544,d714baa3afdae140fa6b997170839b0aaab03b93,1,1,5000000000000000000000000,5000000.000000000000
2026-05-01,52,-415680252,4f900024c8cf3dec13db7eb0519f720b996d7476,3,3,4994155261096493656064365,4994155.261096493656
2026-05-01,53,-514565304,18e25cd1ccc40dcca20d96e8228f3565f2dd639e,9,9,4757340143655000000000000,4757340.143655000000
2026-05-01,54,-568612281,954de9824b3c0d8d4f0efd3e46d5891689608fc1,7,7,4570529230738540288644951,4570529.230738540289
2026-05-01,55,-394429213,584708bf806e2772a801683150d73fa9fa199c3f,3,3,4535025889587000000000000,4535025.889587000000
2026-05-01,56,-1159456312,d85f8f0ea94e27f94a0ab1e106c90724c31c1a03,2,2,4509869603486000000000000,4509869.603486000000
2026-05-01,57,-748671916,b5aa5aa4f2c7405f26ede83bfe7daec997811232,9,9,4487185044688943122515196,4487185.044688943123
2026-05-01,58,-321696799,55c41e8d26effcd7ba922310d264ae09b025e525,97,97,4119929778595390000000000,4119929.778595390000
2026-05-01,59,-1097344454,93c645f2a00a2efa254c31ec3740ade1dff14f76,1,1,4033279414984080702676892,4033279.414984080703
2026-05-01,60,1695726495,c6dd9976066f3364b4d6a72cd4f1fa0468327aa7,27,27,3603970209378765677658259,3603970.209378765678
2026-05-01,61,2137894645,f276d10b388e00b8a04b1362f66c6e2aad8a1960,11,11,3592000000000000000000000,3592000.000000000000
2026-05-01,62,-549702891,2678256bebcd835d5d078231ae369fbe4713e866,24,24,3360954613030000000000000,3360954.613030000000
2026-05-01,63,740805442,a796cf39340575f7fecc27f75f328f290960ccd8,6,6,3241638788425503111293594,3241638.788425503111
2026-05-01,64,1353400130,62ed654a33285ec13418ec2bc7ebe04045be0fa0,1,1,3239450260588363631142542,3239450.260588363631
2026-05-01,65,-137324202,d7583e3cf08bbcab66f1242195227bbf9f865fda,3,3,3190509509861000002527171,3190509.509861000003
2026-05-01,66,-514597042,b1060fcb18db16613955602a039b78a75dcf12bc,6,6,3098721636214000000000000,3098721.636214000000
2026-05-01,67,-794550186,2ef10bb004dc7cef14b0d902a88f978a4ff67109,1,1,3000010000000000000000000,3000010.000000000000
2026-05-01,68,-94008771,9a885b9de483e008d69d379d7b2b2ac27e81b922,1,1,3000000000000000000000000,3000000.000000000000
2026-05-01,69,1999935409,0b43b7d79d361c87a9ffefe105e37bbff7f9eafb,1,1,3000000000000000000000000,3000000.000000000000
2026-05-01,70,-851194035,cdd342b253f3ea24d4ce1c5f040c1288e4214fe6,15,15,2911414208989021444902333,2911414.208989021445
2026-05-01,71,-60198747,d9b77824116fc10f259a4ec21333fc7f77f9ffa5,1,1,2899999506701000000000000,2899999.506701000000
2026-05-01,72,2049344234,c3b31afff65bd6208769c978700382cfb504f53b,4,4,2888893139512000000000000,2888893.139512000000
2026-05-01,73,1842909308,f46e183e8b010cfdebe57a50064149e65504c2bf,10,10,2860156504987000000000000,2860156.504987000000
2026-05-01,74,-1137575763,554917b2ead69451cba0fa7d06d4d859bac6b4aa,7,7,2796083814486000000000000,2796083.814486000000
2026-05-01,75,914722038,a0894a415c4f246ce95bae718849579c099cc1d2,1,1,2774916600000000000000000,2774916.600000000000
2026-05-01,76,1166506911,4be62b7de5f4544d35300bf7de9114e997c5c5e1,1,1,2716194506910522671051527,2716194.506910522671
2026-05-01,77,-138861427,243c28ed9111488e90aeb53406fe524dee030088,4,4,2619358601079125753881073,2619358.601079125754
2026-05-01,78,-132525334,ad87f47f97cc9f5b32cd34504187736c87ba528f,1,1,2606537964875731526264318,2606537.964875731526
2026-05-01,79,1545139749,2c30a3a1b2cc998a95ab60cef376fcc7d8f0bd9d,2,2,2559902703209178959665705,2559902.703209178960
2026-05-01,80,-715515653,d43b9795729d4720457e7250f7a459aa48ab7fad,4,4,2527836621988070000000000,2527836.621988070000
2026-05-01,81,-297627070,f8191d98ae98d2f7abdfb63a9b0b812b93c873aa,1,1,2500000000000000000000000,2500000.000000000000
2026-05-01,82,1885981146,9996623cb9ede69562537a08d08d606d8d098b9b,6,6,2478444534855055125788163,2478444.534855055126
2026-05-01,83,-388102035,5f5a41b18aa28eb07c6aa8108329299d027767f5,8,8,2435278993663395016403460,2435278.993663395016
2026-05-01,84,1669482910,f078969e55cabf9ae3f26afeb5ec627b4430f19e,1,1,2400000000000000000000000,2400000.000000000000
2026-05-01,85,1535629643,4624cb6d50edfe9e4471dbf34b63af2dbd2173b0,1,1,2347056124476995251208291,2347056.124476995251
2026-05-01,86,-707391575,d0652de78e47c22712cec41518187d726dabe06b,3,3,2343852807436319177077942,2343852.807436319177
2026-05-01,87,-311627938,f0b3e5a5084e6a8dd615f8d9384f1ddb4152f46c,12,12,2342319493546829847338806,2342319.493546829847
2026-05-01,88,-1155981362,37326ab107edd9d7a54bfb455abe11a2fa5530f9,1,1,2326489030385240000000000,2326489.030385240000
2026-05-01,89,-530130336,dd984956a863a84c51100b41a87879bb1b27aba4,2,2,2309365281491055234175693,2309365.281491055234
2026-05-01,90,534916779,3b15cec2d922ab0ef74688bcc1056461049f89cb,7,7,2306370972953425865673118,2306370.972953425866
2026-05-01,91,-1161712467,0121b15f581bde852fc0bd7af9718c59b5016a4f,2,2,2280468625904047806858781,2280468.625904047807
2026-05-01,92,-379807519,f330d7aff40ac87c9b2b96244ac07f3a8a1d6e73,1,1,2196436009417000000000000,2196436.009417000000
2026-05-01,93,930444523,3519ee4d387150f230baca90f5c50e9d296164c6,7,7,2161104590540635302711757,2161104.590540635303
2026-05-01,94,1830331099,440888714a6afed60ff44e9975a96e6a36f7fac4,7,7,2121554335782080757692636,2121554.335782080758
2026-05-01,95,-343754378,039f3d2f88dd0cbd2a472472549cfb3da8f4bb14,1,1,2091864526345740000000000,2091864.526345740000
2026-05-01,96,-1115977246,21947f50aeb2e66faacfdf5497626fa130a688df,33,33,2083695310765000000000000,2083695.310765000000
2026-05-01,97,-285984347,6e96e500e8e95f42d017c7d4029dd73e8b4a7ff0,5,5,2005974734988513054499794,2005974.734988513054
2026-05-01,98,1396551434,0fe593195cb59dbbcab46fe7a42d9cc659b09ed8,2,2,2004819620326000000000000,2004819.620326000000
2026-05-01,99,-432618367,68e7e72938db36a5cbbca7b52c71dbbaadfb8264,3,3,2003345318109000000000000,2003345.318109000000
2026-05-01,100,-901169506,4e728f8787e1c87b446389dd0504a184ea23b76a,3,3,2000015839692295877438552,2000015.839692295877
2026-06-01,1,987468278,176f3dab24a159341c0509bb36b833e7fdd0a132,4,4,733129062822324000000000000,733129062.82232400
2026-06-01,2,1820237703,8fca4ade3a517133ff23ca55cdaea29c78c990b8,3,3,722449010487138300000000000,722449010.48713830
2026-06-01,3,1973459980,ed0c6079229e2d407672a117c22b62064f4a4312,76,76,718761451277093000000000000,718761451.27709300
2026-06-01,4,2027659310,b99a2c4c1c4f1fc27150681b740396f6ce1cbcf5,47,47,425914200353344000000000000,425914200.35334400
2026-06-01,5,2119729236,81ebde24453b8e40454616579ea79c79a197699d,79,79,97994615443229699853728776,97994615.443229699854
2026-06-01,6,-110471586,649fe0bba5098e9ec1cca4aa416c0551e309a568,24,24,95293736000450109876941138,95293736.000450109877
2026-06-01,7,-1062826888,907bfb54c7c20cfb0b16c137d33d6687a52ebd1b,31,31,90005061475540578847397187,90005061.475540578847
2026-06-01,8,1752098036,691cb02bf62a0bb2397bfae9a55f7380d415fff2,14,14,88196696465017789726082752,88196696.465017789726
2026-06-01,9,365318,ee2826453a4fd5afeb7ceffeef3ffa2320081268,17,17,75286437221920995618051798,75286437.221920995618
2026-06-01,10,-71825649,b4d3bea9d824c4dd7ded7ccc93e6212e3f0b186a,36,36,52682604796578556691725851,52682604.796578556692
2026-06-01,11,-1179003714,bf9ddf2aeb5a9cf9ceb10809e6804f6431e8a1c6,4,4,36816564864049000000000000,36816564.864049000000
2026-06-01,12,-382106575,5ffcdb28b8cc958afe052947d43cb6af04833c37,27,18,35000000000001061810632717,35000000.000001061811
2026-06-01,13,-965832112,73c220eee4db445abf5b61545759734634142a0d,13,13,32769613691435484820668253,32769613.691435484821
2026-06-01,14,-284295707,7099c7d7fca074062a0fc593a35f788605bcad6e,7,7,29999999999998713386398208,29999999.999998713386
2026-06-01,15,-1042666227,7b1054f56374178550a0d121635d155e83acd18f,13,13,25622931064357528570647610,25622931.064357528571
2026-06-01,16,-468929166,82b02bd42b8a837228181ea34bf0679a51a37e39,12,12,25293151101415520000000000,25293151.101415520000
2026-06-01,17,-321696799,55c41e8d26effcd7ba922310d264ae09b025e525,489,489,23054608768437590000000000,23054608.768437590000
2026-06-01,18,736007061,b81a0e6c38c3fec8a171cfe9631f60127a0c5bfd,17,17,23001385439657947007263957,23001385.439657947007
2026-06-01,19,-412816615,19c9ae601431ea610fdd8b288e66d83f884e1157,15,15,20347243122773845310800615,20347243.122773845311
2026-06-01,20,-1246433114,c78234a241582841d4bb049217dbfe68abad1d3e,1,1,20000000000000000000000000,20000000.000000000000
2026-06-01,21,2147408862,73781209f3b0f195d0d3fa9d6b95bb61c54c1ca6,5,5,18661652998975927104592196,18661652.998975927105
2026-06-01,22,-121550566,9177a60658025f8d506fb2686103c21a3c4c6d50,4,4,18053024324741426094752079,18053024.324741426095
2026-06-01,23,1821351723,864e996c3143026b6c230945dd917de1922347b3,7,7,17843235705312578882144979,17843235.705312578882
2026-06-01,24,1879500173,55ea3e38fa0aa495b205fe45641a44ccc1c3df26,5,5,15999998508020000000000000,15999998.508020000000
2026-06-01,25,1738451020,2a7a1c05f0c6954a39e3e47d5d6eb057f798e797,12,12,13881039927496000000000000,13881039.927496000000
2026-06-01,26,-85103284,7f654086ec0574e3fd89723b575250f41024d8a9,11,11,12487882019109448872220233,12487882.019109448872
2026-06-01,27,-549702891,2678256bebcd835d5d078231ae369fbe4713e866,87,87,11927338520388855215000000,11927338.520388855215
2026-06-01,28,1743358373,7cff6e8eec63aaf0685ebd51c6157c5f53fdf5e6,1,1,11691322777238133572212540,11691322.777238133572
2026-06-01,29,-137324202,d7583e3cf08bbcab66f1242195227bbf9f865fda,3,3,11216541797293472443015730,11216541.797293472443
2026-06-01,30,-123655641,1b00f2c63341bbba8c4ee74c473039a1bcf083bf,3,3,10999971824350280000000000,10999971.824350280000
2026-06-01,31,-237241365,30480168582c2bf43eaf97bfce186e8d25866e96,2,2,10009698722164793194911611,10009698.722164793195
2026-06-01,32,-382082101,466a682931825f320f0327f65ed1607939f57501,11,11,10000000000000000000000000,10000000.000000000000
2026-06-01,33,-715515653,d43b9795729d4720457e7250f7a459aa48ab7fad,10,10,9551122269268336720106150,9551122.269268336720
2026-06-01,34,-1159456312,d85f8f0ea94e27f94a0ab1e106c90724c31c1a03,5,5,8977561128223310000000000,8977561.128223310000
2026-06-01,35,-1020560027,f54ac7966dad594dc4952b3eccc8f77cd77fde92,6,6,7917596734320890983423857,7917596.734320890983
2026-06-01,36,-16629953,961972a5c91e7237a3b02d2ee173ac3999e49480,13,13,7362633825100313468365631,7362633.825100313468
2026-06-01,37,1165462523,99e5d4a7fb7ba7281d1f4fc5dce311f1d832796c,2,2,7358942000000000000000000,7358942.000000000000
2026-06-01,38,2124479240,dd647ce113505b34c62412d2a804ce1bfbcfc737,10,10,7015863616923188335694600,7015863.616923188336
2026-06-01,39,-236596965,485c07c5516315881c732c90122ba4de3f356180,12,12,7000426853539000000000000,7000426.853539000000
2026-06-01,40,-1055485157,e968b7ed7b61df683207c7d46e17fcc5f86e2908,13,13,6551218657959901643449897,6551218.657959901643
2026-06-01,41,2137894645,f276d10b388e00b8a04b1362f66c6e2aad8a1960,18,18,6243070364220263025688361,6243070.364220263026
2026-06-01,42,-573209523,a427def3f920f718a89e5ab473c79c065ab10ef4,2,2,6212250388636004696653784,6212250.388636004697
2026-06-01,43,-824542331,b6cc9275c70a7a9dcdf4fec36d3c00d8ce62f334,2,2,6066485478038749897454288,6066485.478038749897
2026-06-01,44,944467135,73dd7dc73fd351d20dff375b7f45cc8b11b862b2,1,1,5937126347810978908669567,5937126.347810978909
2026-06-01,45,-409615128,05dd8288b4951f282efa607fb6ca72c13380fba2,1,1,5720711000000000000000000,5720711.000000000000
2026-06-01,46,1695726495,c6dd9976066f3364b4d6a72cd4f1fa0468327aa7,13,13,5717297334830834785355924,5717297.334830834785
2026-06-01,47,-621310705,80ad476417ecfa22a4f11fe3a15592b1b5922827,6,6,5385603139015780000000000,5385603.139015780000
2026-06-01,48,1660334490,6826be6819eee574b89b886289c454c4e9b73b6d,6,6,5372509830056008291450044,5372509.830056008291
2026-06-01,49,-1168288560,cbd8e996ce511ee3a894b152f9bfcd5aafba7984,2,2,5286659593839000000000000,5286659.593839000000
2026-06-01,50,-60198747,d9b77824116fc10f259a4ec21333fc7f77f9ffa5,8,8,5181089771853590000000000,5181089.771853590000
2026-06-01,51,-655307610,77d8823a553e5137b3408c4c056c0e36b2199f00,3,3,5175402917827130000000000,5175402.917827130000
2026-06-01,52,1877563291,dea8988fb0c46761e1c41915893b75e3daf8507b,1,1,5145437310572915856506946,5145437.310572915857
2026-06-01,53,1945970543,253dfe2422ea022b15820fec9f94bcc5312511aa,1,1,5040858818606071664035186,5040858.818606071664
2026-06-01,54,1882505895,dbc652411605f8bb8969136923aa039c79989482,1,1,5000001628511729584926154,5000001.628511729585
2026-06-01,55,-222300862,aaafca717fd613929b30d293531b2f6b5bcfa811,9,9,4910342872568520000000000,4910342.872568520000
2026-06-01,56,206911220,39d787fdf7384597c7208644dbb6fda1cca4ebdf,3,3,4826007441129908824434760,4826007.441129908824
2026-06-01,57,-637811691,b2e0a660ea47119bd1f5ffbed83f5932375d0622,21,21,4791744717886821339146533,4791744.717886821339
2026-06-01,58,-707391575,d0652de78e47c22712cec41518187d726dabe06b,6,6,4698549886407572102012149,4698549.886407572102
2026-06-01,59,-838261274,5c148e85e0ca050bae462a3e5ffa01b5afb0f503,6,6,4645826948285540000000000,4645826.948285540000
2026-06-01,60,2142369261,61451f9658aedf2a29c0ecd274e5873ecce9db31,6,6,4600000000000000000000000,4600000.000000000000
2026-06-01,61,530707537,bbbc35dfac3a00a03a8fde3540eca4f0e15c5e64,3,3,4516164505434000000000000,4516164.505434000000
2026-06-01,62,856773726,500bea59133e20dc63b7e88913b30348494b84ba,2,2,4365753722323150468097499,4365753.722323150468
2026-06-01,63,-120238727,f924740e12d58a2b948396a00402c702da62ae67,1,1,4265180891680546733283122,4265180.891680546733
2026-06-01,64,-207331552,7c9665c5acd51402f2f2d4034a5489df72658ed7,2,2,4213718363513364374232230,4213718.363513364374
2026-06-01,65,914722038,a0894a415c4f246ce95bae718849579c099cc1d2,3,3,4067023356362488633254297,4067023.356362488633
2026-06-01,66,-394429213,584708bf806e2772a801683150d73fa9fa199c3f,5,5,4014776754723077300633262,4014776.754723077301
2026-06-01,67,-216863445,a0736a98532e6a4eb41d81e9e741eba07bfcfa0b,2,2,4008706688376000000000000,4008706.688376000000
2026-06-01,68,1945985250,77bd7ae6193f030363b8fcbf28e43ee8aead70c0,1,1,4003301257865075406813121,4003301.257865075407
2026-06-01,69,1396551434,0fe593195cb59dbbcab46fe7a42d9cc659b09ed8,2,2,4001756774222000000000000,4001756.774222000000
2026-06-01,70,716336672,4f0aa5900b8292273b2f9a178d5468f8048bb9a9,11,11,4000000000000000000000000,4000000.000000000000
2026-06-01,71,1816825953,ff5d8d4e19017f411f81ef3a682e242a3278c9ad,4,4,3999955564479857176741812,3999955.564479857177
2026-06-01,72,-569796106,8fee409f8f772667add2a2ccfb8c5182a7349ce9,2,2,3811701289669033912526018,3811701.289669033913
2026-06-01,73,-1155981362,37326ab107edd9d7a54bfb455abe11a2fa5530f9,3,3,3763959421133570000000000,3763959.421133570000
2026-06-01,74,-344918045,8fca596f38e8462f3c0514432dde352e59d06447,15,15,3716410058467608988512039,3716410.058467608989
2026-06-01,75,-1185034298,0834ac90822d6278d9e53d1696d682762cb454ce,4,4,3600100000000000000000000,3600100.000000000000
2026-06-01,76,-609929659,701516fccd12a6f56a39cbe68c394136001d6526,3,3,3571433628349852284335223,3571433.628349852284
2026-06-01,77,-514565304,18e25cd1ccc40dcca20d96e8228f3565f2dd639e,4,4,3565820000000000000000000,3565820.000000000000
2026-06-01,78,-132501991,ff0189f3d569b47d3ef668067cac4c968adaff64,1,1,3505598515936919174993749,3505598.515936919175
2026-06-01,79,-1184765414,1452afea3d4c006804450e36fecd9dbcafa65aa1,3,3,3478287233207000000000000,3478287.233207000000
2026-06-01,80,1969041161,ebb870a0aaaa7bc55ead925d03a4af4a8db79a03,6,6,3436874439781000000000000,3436874.439781000000
2026-06-01,81,-149836269,8b45ad98e0e884bc034dca08a785c7a07df70b95,2,2,3373369034038875196580295,3373369.034038875197
2026-06-01,82,-1121648523,7d1ecdd7d75e3feeadb32e6de5aef59ede75126a,1,1,3300000000000000000000000,3300000.000000000000
2026-06-01,83,-564951081,92ee32937f3a86bb897e3b15de55078f18cb7cb2,14,14,3292599996130411146606071,3292599.996130411147
2026-06-01,84,2085801807,102407f67415dcc4068370625ca27f24bb2a03d5,14,14,3281316623908228312409035,3281316.623908228312
2026-06-01,85,1883551496,2b4fb01863bf134727a7dd944c1a47ba05adc599,6,6,3246602915875111924935124,3246602.915875111925
2026-06-01,86,1095191542,4b3a879b8018f00f9274242ebaf43ea98228c1cc,1,1,3209100208535725717223419,3209100.208535725717
2026-06-01,87,-1220867748,5e9eadc22514f35af45de3ea4c3c9e56d21435ee,5,5,3192649835267000000000000,3192649.835267000000
2026-06-01,88,-1077318993,861a83e21f5ec0fb3747a3706343d0e09b82f486,3,3,3047038057258934149338247,3047038.057258934149
2026-06-01,89,-273704838,768f78fd77a4a574286b8b9901606fa3d84e6c77,9,9,3015325938065505137478001,3015325.938065505137
2026-06-01,90,-1149996728,ed42e2ca2ecca5f6c1a27f32c3c9c2a3b5963aba,1,1,3003091304670000000000000,3003091.304670000000
2026-06-01,91,-362352303,17cf2dfd960ae1dae5fad5b29c3842fc05f1f70c,3,3,3000000000000000000000000,3000000.000000000000
2026-06-01,92,-843069721,c8634c0eb88ec5ca424a1cd8b044a3310337040a,40,40,2732172097759000000000000,2732172.097759000000
2026-06-01,93,1830331099,440888714a6afed60ff44e9975a96e6a36f7fac4,15,15,2725292073266158967090731,2725292.073266158967
2026-06-01,94,1166506911,4be62b7de5f4544d35300bf7de9114e997c5c5e1,1,1,2718089901493000000000000,2718089.901493000000
2026-06-01,95,-120219812,f9bd82c83cf3b4759a68379e094c4af680175d99,2,2,2654733124122783148291302,2654733.124122783148
2026-06-01,96,-354265208,f3b28f6c9d6e758cdff225ed0f246923944312be,10,10,2651163967651176044125439,2651163.967651176044
2026-06-01,97,-425125943,5b5d556902631d868c572b07eb8866a75ddaf96d,9,9,2626813873526770000000000,2626813.873526770000
2026-06-01,98,220494708,4f76ff660dc5e37b098de28e6ec32978e4b5beb6,1,1,2580558395573495416547824,2580558.395573495417
2026-06-01,99,2125605889,06c05fbac28826fa24b5fe806f239277d8b5a9fd,6,6,2508089347032637554118490,2508089.347032637554
2026-06-01,100,-514630409,13ae603d36142c64c74cd5dd2c7b50de8bccad37,4,4,2501734090500000000000000,2501734.090500000000
