month,funder_rank,funded_by_id,funded_by_address,newly_funded_addresses,raw_funded_volume,funded_volume
2024-09-01,1,1545786351,844dc85edd8492a56228d293cfebb823ef3e10ec,1,3554978975139036092549671,3554978.975139036093
2024-09-01,2,-28216048,61c2d45bcf7840d8286baa986797c2b709651b78,1,1105412666207000000000000,1105412.666207000000
2024-09-01,3,1630364212,7052d6e780435e09901bd73ce280183f40a65459,1,442208517357432838538428,442208.517357432839
2024-09-01,4,1062258424,e9c20612743b27ab1aac042fd72057546a90e209,1,261442322296372627177664,261442.322296372627
2024-09-01,5,1956134581,9bef6bf8e6b1ed4f8b6f2db3c1d86df19eebd454,1,250000000000000000000000,250000.000000000000
2024-09-01,6,613576295,679b4172e1698579d562d1d8b4774968305b80b2,1,199989041300000000000000,199989.041300000000
2024-09-01,7,1884789270,215f32278dcd0a7a475356c57bbc2895d81801f4,1,103640798564000000000000,103640.798564000000
2024-09-01,8,1002343556,bc3a058d1c919f6b1f48e8846246d04d467902c8,1,36631095052420191200040,36631.095052420191
2024-09-01,9,1603181744,090ea16a48bf0fb533785af686ee6ddd3add1f3e,1,33309582228056832019546,33309.582228056832
2024-09-01,10,1238529172,5d172bddb7e2bb21ef1a89c01df735af05ba8616,1,24999999999226235283146,24999.999999226235
2024-09-01,11,1525417292,6a736d2289deebacf3054b712ac76d6f08e54b7e,1,19999999999999999999999,20000.000000000000
2024-09-01,12,203254378,b80bd21033cc4dcfdc9dfe5ec9e46cabd4128d8d,1,5117418623000000003180,5117.4186230000000032
2024-09-01,13,1289039773,7affefea861d25f2cb012044488a2bc81164fc38,1,3487242137614870879826,3487.2421376148708798
2024-09-01,14,1573655475,71797cc92dde9b7f1b5c606ff55228eef0897ba3,1,1500000000000000000000,1500.0000000000000000
2024-09-01,15,1262237106,8e1af1feefb66335823262ae36ff1ea3b80cd9ec,1,1336099331794675290357,1336.0993317946752904
2024-09-01,16,422374388,4178824eac1d03445477772e71f4a53a5ee53184,1,1000000000000000000000,1000.0000000000000000
2024-09-01,17,1550153471,7fe4b2632f5ae6d930677d662af26bc0a06672b3,1,142748725000000000089,142.7487250000000001
2024-09-01,18,-22650857,fe380a4b7270e1d060a2dcc28ad945eb97e1b402,1,120000000000000000000,120.0000000000000000
2024-09-01,19,1233495262,3b7fda9022942273a8a104d2bf3f43450735989c,1,92282500000000000000,92.2825000000000000
2024-09-01,20,773889415,5b0abe214ab7875562adee331deff0fe1912fe42,1,18263439022004296675,18.2634390220042967
2024-09-01,21,1005183306,d46e7b7ca397cdb3c0618320a34c3e294e7fffca,1,15502473666220452094,15.5024736662204521
2024-09-01,22,1656245659,c3d167553d95caab71d0ae746aeaefbda686b84f,1,5380000000000000000,5.3800000000000000
2024-09-01,23,1870347996,0f6e98a756a40dd050dc78959f45559f98d3289d,1,2026421279417258959,2.0264212794172590
2024-09-01,24,-24825190,b0435aa5cc545d7692b8ca7d3654dc7d5e02b176,1,2000000000000000000,2.0000000000000000
2024-09-01,25,1798364595,26c4b264f87622f3ef09fe5ad0e0ea081bcfdc0b,1,2000000000000000000,2.0000000000000000
2024-09-01,26,1955757160,a56165cd75211a08b5fd6f9887ad06bdd60813b4,1,2000000000000000000,2.0000000000000000
2024-09-01,27,746740059,982f264ce97365864181df65df4931c593a515ad,1,1184589641276473558,1.1845896412764736
2024-09-01,28,990456597,a648640060d5d00914c05c10bde3e0cba5c88cd2,1,1000000000000000000,1.00000000000000000000
2024-09-01,29,1594494509,450c01300b83be379113256038b4dd3b45d23b5e,1,999999999999999999,0.99999999999999999900
2024-09-01,30,-1712636,51ac3a83f59f104b1f9fd7fbb7f295b813fb7f40,1,1000000000,1.0000000000000000000E-9
2024-10-01,1,978376130,36014fbe13fed6dbb2e24b85c0c2fa9d6b7863a4,6,131813145007430000000000,131813.145007430000
2024-10-01,2,2010231508,03efba502883e05ad15fc351b1582bc55a54d5d3,2,209349457397661621551104,209349.457397661622
2024-10-01,3,1740827310,3e67e3e55f0e26d0c566910b51347e04222e808e,2,61884557470000000000000,61884.557470000000
2024-10-01,4,971194660,21387a57a16186737599447802a3dab57df17c45,2,31772359953465763866503,31772.359953465764
2024-10-01,5,1312390538,6ba1734209a53a6e63c39d4e36612cc856a34d56,2,224973677336686032878,224.9736773366860329
2024-10-01,6,-48672378,3ab6ebdbf08e1954e69f6859adb2da5236d2e838,2,75449585142487331398,75.4495851424873314
2024-10-01,7,170948875,d007058e9b58e74c33c6bf6fbcd38baab813cbb6,1,5000000000000000000000000,5000000.000000000000
2024-10-01,8,1823543137,fe5a6ab05206cbc76c859ea45cdf90b6bca77e61,1,1229085565715002505956277,1229085.565715002506
2024-10-01,9,2046522035,b911f3481056bdc24aac921e6766f3a4e2c13222,1,503450520000000000000000,503450.520000000000
2024-10-01,10,851953785,0d0b3a4fb611d11b044444ed2154cdcd7830d506,1,284990745858221541425152,284990.745858221541
2024-10-01,11,1445396990,e8a280e6b5213e8ccd6de4fc4b50911de749e551,1,199496319543000000000000,199496.319543000000
2024-10-01,12,1416165196,4a217cc50e6f698086f5853c5dc81b29c6ff37de,1,138098887625796191819684,138098.887625796192
2024-10-01,13,1754683123,7ed15fad9810a7100968236a0ed59c751d9e2731,1,120542694482000000000000,120542.694482000000
2024-10-01,14,-66734666,f566ca6f0bc2c562c886cabea023483ecb95bcc3,1,100000000000000000000000,100000.000000000000
2024-10-01,15,1100373794,5c0642fe68fc72cf03f676b28faf5cf97cc0b265,1,89430120255242876157587,89430.120255242876
2024-10-01,16,220440357,49a2dcc237a65cc1f412ed47e0594602f6141936,1,67500000000000000000000,67500.000000000000
2024-10-01,17,-51466848,c5d22f59730268dae8edd178440cc0567a8e71a7,1,59481640551000002109431,59481.640551000002
2024-10-01,18,546896415,b86377aa282654f2deef20cbf45909b5c8aab078,1,50000000000000000000000,50000.000000000000
2024-10-01,19,-40321963,f4b66a8cd57e654249b7eee28836c42e82e9907e,1,50000000000000000000000,50000.000000000000
2024-10-01,20,1651368895,75ca8a3e95c82329eb36af86beea367890abd13a,1,30000000000000000000000,30000.000000000000
2024-10-01,21,626476031,3a8315e25378ce9fc0d3279b26ec0576de52c0ff,1,21999999999999999999999,22000.000000000000
2024-10-01,22,2056246308,ad78662714cd0042b4c602a8e18d0e4a25cf79d7,1,20180831678996785523718,20180.831678996786
2024-10-01,23,1922029026,7c9446946b0677c5a691470a718a0b11bc1cd9a8,1,20000000000000000000000,20000.000000000000
2024-10-01,24,1397471603,d0168cd613e4b1b1f68deecba34167aec4c4a118,1,14977374534299680347344,14977.374534299680
2024-10-01,25,1843640971,42dc9a40282f53bb703cd9fd45442a4df03f02df,1,14910814198999433486484,14910.814198999433
2024-10-01,26,1951954279,f549085377341d62abf8c4238a1af23cda098286,1,11239554353128920252556,11239.554353128920
2024-10-01,27,1951269474,2a4300da64a43c32e6eac6dd1e171502ba48dd89,1,10691736354377074166607,10691.736354377074
2024-10-01,28,14056993,d7f4a04c736cc1c5857231417e6cb8da9cadbec7,1,10005709635389355903532,10005.7096353893559035
2024-10-01,29,655581146,19e0c4c43c3f08baebdc4fc4c4c7a58ab02bc18f,1,10000000000000000000000,10000.0000000000000000
2024-10-01,30,2054612568,a052d039738d667f1e12180c388816308e9d022d,1,10000000000000000000000,10000.0000000000000000
2024-10-01,31,1439629177,01c96dcac73665aba05c1e749ced7cdfc7b69fbc,1,7988417634000000000000,7988.4176340000000000
2024-10-01,32,502806887,9d07e3406d3e7ec5e19b6804f6f821f684c9339c,1,5000000000000000000000,5000.0000000000000000
2024-10-01,33,1839362061,fe99cc4664a939f826dbeb545c1aad4c89ee737a,1,4900000000000000000000,4900.0000000000000000
2024-10-01,34,1988155736,5bf6e1b56134f4531d994af09610cf4026868206,1,3879315778000000000000,3879.3157780000000000
2024-10-01,35,1840098190,a7f92620b0bbdd6d032e24d29cd5bc8337eeb2a6,1,3836652877946842959587,3836.6528779468429596
2024-10-01,36,13917017,03c823e96f6964076c118395f08a2d7edf0f8a8c,1,2991305932000000000000,2991.3059320000000000
2024-10-01,37,888953612,169dc0999f4dd957ebcb68a7a8affe87c57c4fae,1,2597881025085077849115,2597.8810250850778491
2024-10-01,38,2773258,00645dd21310882cc32399abcb54e0a05b3b5d1d,1,1483036117399254460020,1483.0361173992544600
2024-10-01,39,951672306,c7a89cc20fdd54af6f3b31704ac8f2d319b3fbf6,1,1378223420453308247593,1378.2234204533082476
2024-10-01,40,1411564435,91e80b34dd6f1d8a5d932ab3450156efea7af657,1,1200000000000000000000,1200.0000000000000000
2024-10-01,41,1967496554,b20aae0fe007519b7ce6f090a2ab8353b3da5d80,1,995400217986347109878,995.4002179863471099
2024-10-01,42,1287425621,c15ab8dd7daeea5f1aa3b56507cac8a877e21b15,1,669130154934036987906,669.1301549340369879
2024-10-01,43,812218558,bf7271798ae210ebdd6d26a7d2e944592e7c7e1b,1,431664159055532087532,431.6641590555320875
2024-10-01,44,738208377,de6d24c88f1430d6756eb11dc3d7985592ac4d1e,1,308957457942200370492,308.9574579422003705
2024-10-01,45,1097757608,7f54fc5efff1dade7b1cf72d1c6951c745c4800f,1,216108526407914824734,216.1085264079148247
2024-10-01,46,1930366168,9da815ce779da7b039f54991ed8115f415d99270,1,100623129113555528311,100.6231291135555283
2024-10-01,47,2004658580,96cfd8029307cf028d6eb2124f28714a8af7e912,1,100000000000000000000,100.0000000000000000
2024-10-01,48,1216130920,a500acf6292df5022b3af28851f9fcba1ed88bf1,1,100000000000000000000,100.0000000000000000
2024-10-01,49,1131931909,cbd1c32a1b3961cc43868b8bae431ab0da65beeb,1,100000000000000000000,100.0000000000000000
2024-10-01,50,648824867,9eb168ab44b7c479431681558fdf34230c969de9,1,100000000000000000000,100.0000000000000000
2024-10-01,51,1726899421,3e104af6969b950b25d7dab967e4c2ae4de55f3f,1,93279293231890362089,93.2792932318903621
2024-10-01,52,-43446207,880c21c8ec75a4a4d6bc3b07750e527d2760446f,1,40000000000000000000,40.0000000000000000
2024-10-01,53,690932580,dbf5e9c5206d0db70a90108bf936da60221dc080,1,25000000000000000000,25.0000000000000000
2024-10-01,54,230510657,b8ba36e591facee901ffd3d5d82df491551ad7ef,1,7460000000000000000,7.4600000000000000
2024-10-01,55,1388607366,d964fa721e1adfc7adbe0efa10d1ce781094c9e4,1,3000000000000000000,3.0000000000000000
2024-10-01,56,937510811,1bfd64ab61eacf714b2aa37347057203f3aca71f,1,1043951601925743378,1.0439516019257434
2024-10-01,57,2054352152,96defa073cd97eb0844fe2eb300c17612d1ed871,1,1000000000000000000,1.00000000000000000000
2024-10-01,58,990456597,a648640060d5d00914c05c10bde3e0cba5c88cd2,1,1000000000000000000,1.00000000000000000000
2024-10-01,59,1646478419,53207e216540125e322cda8a693b0b89576deb46,1,1000000000000,0.000001000000000000000000
2024-11-01,1,2098499766,dd1fe116c46658182ab11360e821800604edced5,5,199565685351806536722611,199565.685351806537
2024-11-01,2,1194120111,43e00720bcbe904f70194300b58c46a3613bef4c,2,37000000000000000000000,37000.000000000000
2024-11-01,3,2041303523,c01887a6ec419a3ac0c760d17e3b6b78395a5c01,2,21158702493431537471044,21158.702493431537
2024-11-01,4,990456597,a648640060d5d00914c05c10bde3e0cba5c88cd2,2,200000000000000000,0.20000000000000000000
2024-11-01,5,-99375472,7db1644d6f9d88f12831cd6626289acf1ebe8348,1,3990032849637299222682563,3990032.849637299223
2024-11-01,6,690932580,dbf5e9c5206d0db70a90108bf936da60221dc080,1,3000000000000000000000000,3000000.000000000000
2024-11-01,7,2087961881,22a709eece6ee82293e5fcdeea7ceefdefd499cd,1,680000000000000000000000,680000.000000000000
2024-11-01,8,1384162637,298629982613bf36c48d0b31afd2fe7d1b4604dc,1,382533271051201700908658,382533.271051201701
2024-11-01,9,1270971838,c1b3a919cd84eb29717a641a86926c3184b0a1af,1,290592986048461091425530,290592.986048461091
2024-11-01,10,846257977,a2da46f54cb24d0cf347b9af0ca331ad543fac3a,1,203966467145000000000000,203966.467145000000
2024-11-01,11,879796213,76044ad07688782ffc57a8ca67007117427950f1,1,119995366444000000000000,119995.366444000000
2024-11-01,12,1972816222,b5591c65890332ab997855d4f59641c787583315,1,101142294982000000000000,101142.294982000000
2024-11-01,13,1786235719,6859da14835424957a1e6b397d8026b1d9ff7e1e,1,100776000000000000000000,100776.000000000000
2024-11-01,14,1571722990,99b95c60b2d68db15dffb11a71076a31ccaf1487,1,100000000000000000000000,100000.000000000000
2024-11-01,15,1981782089,fa4ebcb83902bb1106b85bb3d4916dfd72e06721,1,100000000000000000000000,100000.000000000000
2024-11-01,16,1898454508,0be0ecfb3f9d2e8bb10b1e3a7c1d168efdd3da9d,1,99999764409850377670988,99999.764409850378
2024-11-01,17,1815112679,b5b3e8fb9d58a0fd13e9915baa127d28a57923cb,1,91844497789199923019776,91844.497789199923
2024-11-01,18,647513679,280d5bcbac352c6922fc0364aae6b51c77cb6d34,1,90037793955110214036913,90037.793955110214
2024-11-01,19,1740827310,3e67e3e55f0e26d0c566910b51347e04222e808e,1,60000845177560000000000,60000.845177560000
2024-11-01,20,952959966,ddcf904464166ac74629241ba21199adee3a04ad,1,50000000000000000000000,50000.000000000000
2024-11-01,21,1898242884,37a7172beb169786661172e318c5a12c4e76a253,1,45154028108278456564302,45154.028108278457
2024-11-01,22,936589552,6a80ce82ee463edddedb4abd55c9ff157ca3f036,1,25000000000000000000000,25000.000000000000
2024-11-01,23,1913405704,d7366ad30b93f1c6b28dccd273df63c173a7fe3c,1,14998621527981132753950,14998.621527981133
2024-11-01,24,-79183865,f0ff6f2a0a7017b3de3871397948e2e2ba5d3a5a,1,10000000000000000000000,10000.0000000000000000
2024-11-01,25,1145636204,cdc8bbc2c740e44e9231dc3a8842800aa2433d18,1,10000000000000000000000,10000.0000000000000000
2024-11-01,26,80098582,02024879912fdbe708f606c71326c3d1bbe48ab8,1,9984032441948748450948,9984.0324419487484509
2024-11-01,27,978376130,36014fbe13fed6dbb2e24b85c0c2fa9d6b7863a4,1,9605834474470000000000,9605.8344744700000000
2024-11-01,28,1349914527,c25b6d6365b663167eb0b986798e4025468d1323,1,6156000000000000000000,6156.0000000000000000
2024-11-01,29,-45398789,29ba3959b040052d0a6048ca389ca652afb2835d,1,5666691056000000000000,5666.6910560000000000
2024-11-01,30,-4784222,f1320b2867a994648503fc65a24f1b47c0abceb6,1,3059726549451508376225,3059.7265494515083762
2024-11-01,31,-70575844,9f4c60cf16a75db3bb9b3ae9f63035eabf7285cf,1,1047163140522832262758,1047.1631405228322628
2024-11-01,32,714668027,018d6aeb2b14c168afb09c692e0f246fe34091b0,1,999999999634083860809,999.9999996340838608
2024-11-01,33,1873848174,31e5b58f3d3cdf18b508aca2e6fbed8d9b588df7,1,850000000000000000000,850.0000000000000000
2024-11-01,34,20302524,8476b695c5f8313cbb6b46b5b18da11aed1b6bd9,1,249153650961255584360,249.1536509612555844
2024-11-01,35,1853757657,7ecc01aeb90c2fd6a75f044e4605237a32e0013e,1,69104335270000000000,69.1043352700000000
2024-11-01,36,825728736,1047468009b57d85f8bcccff3fd3cf5a74e97a40,1,44642722151507563651,44.6427221515075637
2024-11-01,37,564467981,f41ad9d1acb4b291af3e5f5bd4acc6f8e31e8053,1,44642722151507563651,44.6427221515075637
2024-11-01,38,-48672378,3ab6ebdbf08e1954e69f6859adb2da5236d2e838,1,33135830500616565263,33.1358305006165653
2024-11-01,39,1028563760,b779daead6031ef189cad4ac438c991efe7635a7,1,16456916000000000000,16.4569160000000000
2024-11-01,40,-35899447,38ccf84e639d5619f6d944a8a01936233cec4a58,1,5000000000000000000,5.0000000000000000
2024-11-01,41,-85576604,82d0d9a777294ea5719aea33aa95a81c9b36c723,1,5000000000000000000,5.0000000000000000
2024-11-01,42,1173083086,e8588f21f84eb87adc8fd281209a9b564ef3f6d5,1,1000000000000000000,1.00000000000000000000
2024-11-01,43,-99794814,97ea8287e32ab88683d3dc334c70abb266058d0e,1,500000000000000000,0.50000000000000000000
2024-12-01,1,1516353794,d1236a6a111879d9862f8374ba15344b6b233fbd,3,30000000000000000000,30.0000000000000000
2024-12-01,2,1804318336,a8c18057c5aaaaff6000d28a057a6994b2e09bfb,1,6200000000000000000000000,6200000.000000000000
2024-12-01,3,1539791159,728ac133a5c9250a61f7b27abbe7a823e786ff66,1,4321075000000000000000000,4321075.000000000000
2024-12-01,4,3808903,d553294b42bdfeb49d8f5a64e8b2d3a65fc673a9,1,2000000000000000000000000,2000000.000000000000
2024-12-01,5,656888844,796024bee5efbcf34346ec9fa83d41234fa07ba9,1,904918931493672624680298,904918.931493672625
2024-12-01,6,1798215613,42a285ab44114ee4d76054056e4c7c78ae01befb,1,500000000000000000000000,500000.000000000000
2024-12-01,7,54596232,f4dfcd61c36fc3ac374e52206c43253e14c2ffe2,1,500000000000000000000000,500000.000000000000
2024-12-01,8,1285272328,733c33339684f38c8aada0434751611e168255c4,1,473225477213833799598643,473225.477213833800
2024-12-01,9,577104870,a397d02928acaaf6553fd7e832413c5a732cf559,1,400000922254824405051372,400000.922254824405
2024-12-01,10,685373301,e19d817fd1bcedac50101efccea9398bca697565,1,261258276525998119416138,261258.276525998119
2024-12-01,11,497816519,b4fb31e7b1471a8e52dd1e962a281a732ead59c1,1,208135859078171417329810,208135.859078171417
2024-12-01,12,1974833036,464dc951b238b413c9db5cffb97116986e1853ca,1,200113825418293784218044,200113.825418293784
2024-12-01,13,1959317896,086217d064afe5f52fb7693e1dffb282817f9a8e,1,150192714147000000000000,150192.714147000000
2024-12-01,14,1892199077,ef23b47d6b3b254c95221fe6755bd5a45bf31e39,1,120000000000000000000000,120000.000000000000
2024-12-01,15,686381152,ffaf7db3313f2effb6f772d7b1f3e01b6ecb09de,1,100000000000000000000000,100000.000000000000
2024-12-01,16,-132694916,8a45e4fd620dbbf2202919df3c2088276793bf48,1,99979052793000001273856,99979.052793000001
2024-12-01,17,1557544840,fb86a60a4d204de91421871c6d69cb40d21ae736,1,76011734113130317439333,76011.734113130317
2024-12-01,18,1003557042,c1251ae6d44ce803ca2e476f63f6b395513bbcbd,1,60000000000000000000000,60000.000000000000
2024-12-01,19,1601759847,b6c09680d822f162449cdfb8248a7d3fc26ec9bf,1,53135000000000000000000,53135.000000000000
2024-12-01,20,-116155017,e6a12542f7b620ecb4c3856c964d339d5ba5cf07,1,52775041400000000000000,52775.041400000000
2024-12-01,21,1155515528,ff5ac4e6b7241a21f81f42b852a0095e7cbb156a,1,50009497000000000000000,50009.497000000000
2024-12-01,22,911951036,d5388291eabe96b56069440c97046791e2f72573,1,49976560638524263497728,49976.560638524263
2024-12-01,23,2052953447,0cf3145bbc62ffef9e6429756ddc97e5f38e2e3e,1,49118212458292917801650,49118.212458292918
2024-12-01,24,-80468570,26c990711805674bea4df57b683bfb61694fa7ab,1,40000000000000000000000,40000.000000000000
2024-12-01,25,692564591,81015dba94ccedd076e43e60be3ac6a1568093ef,1,31286935578823990912992,31286.935578823991
2024-12-01,26,978376130,36014fbe13fed6dbb2e24b85c0c2fa9d6b7863a4,1,29992850000000000000000,29992.850000000000
2024-12-01,27,324784,000b75fcdc15d41277deb033c72d2c8d774ccced,1,26225249330000000000000,26225.249330000000
2024-12-01,28,720692006,4b6c91d19f684d9ec2376685cdffbe77a374e618,1,14919000000000000000000,14919.000000000000
2024-12-01,29,1194120111,43e00720bcbe904f70194300b58c46a3613bef4c,1,12998809316336519259495,12998.809316336519
2024-12-01,30,442897664,42ecdd47265e5412973de30b074f9b944a1d8453,1,10000000000000000000000,10000.0000000000000000
2024-12-01,31,1390622379,4b2763ed451505ee12989933511b22a638c64059,1,10000000000000000000000,10000.0000000000000000
2024-12-01,32,2112827083,71dbbc00c55906ef5c0d63192363f9ffb3fb5e95,1,10000000000000000000000,10000.0000000000000000
2024-12-01,33,654732058,ae0afd6a330d6ca572441f29f6ef0dc4372d8ee4,1,5380499393230750000000,5380.4993932307500000
2024-12-01,34,1970445313,b092651a4a4cef165d47f824411790202e6b0502,1,3000000000000000000000,3000.0000000000000000
2024-12-01,35,230510657,b8ba36e591facee901ffd3d5d82df491551ad7ef,1,2730753618430000000000,2730.7536184300000000
2024-12-01,36,1439735675,6c9c6ea3bc1d243017f5c7c2203343d958d3d7ae,1,1268279838544260000000,1268.2798385442600000
2024-12-01,37,785330433,af2a082188ad55993c0fbf1e067c01f27cc69e1d,1,1000000000000000000000,1000.0000000000000000
2024-12-01,38,1691114409,123da97fcad7287a79995e808f2b8a46ae660703,1,989484141106500167381,989.4841411065001674
2024-12-01,39,705134928,d5597936dbbd1b31f70d7a2024409b7a4d032680,1,988730741273877596913,988.7307412738775969
2024-12-01,40,-19810028,fdc564e9c5dba100a1d16f6ed7402ef757bddc28,1,590574922291182342459,590.5749222911823425
2024-12-01,41,-95196815,8452f1e16e80d3681a82ff3d037a50d389607457,1,495137074629099799747,495.1370746290997997
2024-12-01,42,-120104006,6cc2a58d8d992c5763982f655202718b36554965,1,249000000000000000000,249.0000000000000000
2024-12-01,43,680526142,c0368e2453a2f9fee1819bccafff4d92265af096,1,100000000000000000000,100.0000000000000000
2024-12-01,44,-46949645,0d2d922e16a087484fce6650fbd7de98cd876992,1,100000000000000000000,100.0000000000000000
2024-12-01,45,2093371898,9352bf5c254a36112b8991764f2a065bd43ed343,1,100000000000000000000,100.0000000000000000
2024-12-01,46,-81905079,1b961dcca88eab760e57ec09a90206e3640f53c5,1,1944304475718468600,1.9443044757184686
2024-12-01,47,990456597,a648640060d5d00914c05c10bde3e0cba5c88cd2,1,1000000000000000000,1.00000000000000000000
2024-12-01,48,648824867,9eb168ab44b7c479431681558fdf34230c969de9,1,379969646879854842,0.37996964687985484200
2025-01-01,1,1961495826,5c7a8b0c6625ac6f6580e03a86893a71ceb713b0,2,353140904229924097239275,353140.904229924097
2025-01-01,2,2098499766,dd1fe116c46658182ab11360e821800604edced5,2,96152137043082997117204,96152.137043082997
2025-01-01,3,674403423,154001a2f9f816389b2f6d9e07563ce0359d813d,2,37349304198743556208747,37349.304198743556
2025-01-01,4,978376130,36014fbe13fed6dbb2e24b85c0c2fa9d6b7863a4,2,4527935866260000000000,4527.9358662600000000
2025-01-01,5,-137827967,ff3533c4641d708d24192cfbf137392c18709ba4,2,1900000000000000000000,1900.0000000000000000
2025-01-01,6,-31047972,17a749f7fa0055618aa5f958d5aa13f5f5d19ea1,2,1794000000000000000,1.7940000000000000
2025-01-01,7,1023915661,9cbf099ff424979439dfba03f00b5961784c06ce,1,450000000000000000000000,450000.000000000000
2025-01-01,8,724976999,861fbb19287ed2ac3efda31a4add660c5f19e10c,1,429037035907731926594414,429037.035907731927
2025-01-01,9,1160002605,5c7a3f26697f960534a77ba33365efa98fbb13b0,1,287170800000000000000000,287170.800000000000
2025-01-01,10,1919486914,1b45e1f14ccadeea23ecd5fb13fc2c26456fd748,1,284966224905088635183490,284966.224905088635
2025-01-01,11,1961512256,90619437b5f0de67f43d23012e6a270532c11325,1,232160480613918778817140,232160.480613918779
2025-01-01,12,-193351473,fae87f411b860e15199615acf81442b7306bb0f6,1,200000000000000000000000,200000.000000000000
2025-01-01,13,-138990936,5323d348d536701521e9711ffab40b6dd51e35c3,1,99950000000000000000000,99950.000000000000
2025-01-01,14,1314788192,04213bf67204432a4d7ebc1fadf959e9950b0ea1,1,54126288949180987869029,54126.288949180988
2025-01-01,15,1174323791,e677a2e88cc62b5b50c72b01821b3b4186526689,1,50000000000000000000000,50000.000000000000
2025-01-01,16,781508012,f8cef83b36da81cb1fa3b5d3f3ae63bc3ffd7dfe,1,50000000000000000000000,50000.000000000000
2025-01-01,17,-182021311,7fde637d685a5486ccb1b0a8ef658ad1a08e8337,1,49993694643889307354903,49993.694643889307
2025-01-01,18,-159631918,4c4d1c61de45562d5962447b4f0248e06b8c4f0e,1,30569009924000000000000,30569.009924000000
2025-01-01,19,1802656041,14a0775c951ecd4f1f1039d91995a29106ce8a21,1,30337471454714325875812,30337.471454714326
2025-01-01,20,1205058240,6cc88a2d3425c037b7fac5400edff69874da07a1,1,30002686217260366000000,30002.686217260366
2025-01-01,21,1410759382,a765a629f11f538f6d67e3fdf799baed1506017d,1,30000000000000000000000,30000.000000000000
2025-01-01,22,604374981,0246b0a279dd8466ecba9b3b0af5f51076763e09,1,22621677502859397038080,22621.677502859397
2025-01-01,23,-138238637,8448b9f2ab2e50a627e471a76a890d42212e73ec,1,15834215242110401007257,15834.215242110401
2025-01-01,24,1650623456,e894c566b48436d57a0720da459cda2f5c486b79,1,14062724644790365917464,14062.724644790366
2025-01-01,25,2112827083,71dbbc00c55906ef5c0d63192363f9ffb3fb5e95,1,10000000000000000000000,10000.0000000000000000
2025-01-01,26,2123837999,3b1d2b61ff3f4ce2e8c75e0d3d7459626e562c7f,1,9975000000000000000000,9975.0000000000000000
2025-01-01,27,333671061,9e0bf7fd04960e337298175b0ab1b1d5efc69b78,1,8436562885307134441231,8436.5628853071344412
2025-01-01,28,2034190415,5e0ef3ff9c681a42319ca2d33ba3f3eb4d79cf15,1,8433580693920258637682,8433.5806939202586377
2025-01-01,29,938113951,331faccc525e1a984bfef82d419c556ecc24946f,1,3051000000000000000000,3051.0000000000000000
2025-01-01,30,654732058,ae0afd6a330d6ca572441f29f6ef0dc4372d8ee4,1,1353430000000000000000,1353.4300000000000000
2025-01-01,31,-84534342,05858839911d3aed997cc1b6ff896b0cf3cbd52a,1,1000000000000000000000,1000.0000000000000000
2025-01-01,32,-138753083,41cd25db3ffbfd87640b926323743f0748dd6d47,1,999305490874539060170,999.3054908745390602
2025-01-01,33,-161067929,b8a09548668b3a83ef54d12ae9057800d663cac8,1,991893205885785615253,991.8932058857856153
2025-01-01,34,-171601999,b5bb14252099caef65912ad2f1bbd9434cf24c38,1,990000000000000000000,990.0000000000000000
2025-01-01,35,24149404,974536d825fa748a43b4596368ebd53af7afa6bd,1,375000000000000000000,375.0000000000000000
2025-01-01,36,1247922234,80496cff8dd9df2fa691b25e0c38c5d41ff56c2b,1,123031451493660752484,123.0314514936607525
2025-01-01,37,1107208847,db7981cbab9cbfa6dd2ed7f25bbf006bd93cda52,1,100000000000000000000,100.0000000000000000
2025-01-01,38,-139154901,955237cb31d69418bf86f576ac7cc6dee365beca,1,99460924905983737639,99.4609249059837376
2025-01-01,39,885250464,a396b69c70f6975397c33c824ffce9d52665d139,1,86852436428310893964,86.8524364283108940
2025-01-01,40,1516353794,d1236a6a111879d9862f8374ba15344b6b233fbd,1,1000000000000000000,1.00000000000000000000
2025-02-01,1,1861713724,1ab4973a48dc892cd9971ece8e01dcc7688f8f23,5,39727555195070000000000,39727.555195070000
2025-02-01,2,-31047972,17a749f7fa0055618aa5f958d5aa13f5f5d19ea1,4,108506299420000000000000,108506.299420000000
2025-02-01,3,-209882589,092f22f3f1a6f249a8d1ad38203558a6fe257a97,2,2224339732759000174821376,2224339.732759000175
2025-02-01,4,440438800,46b46931423e711d051e264020acad89c0e147bd,2,399610051805113883533496,399610.051805113884
2025-02-01,5,-93992593,723f4b524012157d427a1487b49347bfe16a981b,2,200000000000000000000000,200000.000000000000
2025-02-01,6,973039789,a18731ee566a81628bf49f074c9f4ddfe81b3721,2,20024684839000009657680,20024.684839000010
2025-02-01,7,1690615553,2dc25851dd4064c08d6eebb0cdd5af7db8a8af62,2,17722120000000000000000,17722.120000000000
2025-02-01,8,1694009688,aadc4c5ee980ccff52f990e3aa254e5bf1ad63db,2,11044000000000000000000,11044.000000000000
2025-02-01,9,-133240596,306f8f47c68a4dd9e78022abd4eb00e721034f2f,2,216385963711163563596,216.3859637111635636
2025-02-01,10,1327161889,31fc82269a2d0122ab3f06530f8dba4ef7599de0,2,2000000000000000000,2.0000000000000000
2025-02-01,11,1237122711,00ed1eec34199ebf595ed6d6ec42e87eb835ce07,1,2013531904998196069200114,2013531.904998196069
2025-02-01,12,3808903,d553294b42bdfeb49d8f5a64e8b2d3a65fc673a9,1,2000000000000000000000000,2000000.000000000000
2025-02-01,13,-186871234,5dc6833ccf1c46108bf1850a9f7e7ed3eb3c3c0a,1,1007583052515749509711504,1007583.052515749510
2025-02-01,14,1971469099,f0577f032c2f20c6d0562880dda979267ab9244d,1,1000762824233409545994240,1000762.824233409546
2025-02-01,15,354122410,cb470dd050d929cb4dbf42f9dfe465e905d8453e,1,1000000000000000000000000,1000000.000000000000
2025-02-01,16,1899631014,35cc5a909c96594044f5aaa1449b8da9ca288fc0,1,388668900000000000000000,388668.900000000000
2025-02-01,17,-192846248,93fa347d90ac1979d5935b1f81c8554c189ed0d1,1,354783529060898783130286,354783.529060898783
2025-02-01,18,346641817,182cebab47af1302f39a3de67da8ba3945341690,1,350063428243654047614252,350063.428243654048
2025-02-01,19,1283418215,7ed7f89d01dca1b60bf8bc5882f7603b8ae900d9,1,263993534008738471021949,263993.534008738471
2025-02-01,20,395080875,db478114eb8301a7ace35513c3312c1eeb8d99d0,1,140621803016284899801259,140621.803016284900
2025-02-01,21,1694713363,011b95e98bf706bb27465cc9b0237d8a11a8cf54,1,100000000000000000000000,100000.000000000000
2025-02-01,22,1023915661,9cbf099ff424979439dfba03f00b5961784c06ce,1,69180086917955158895469,69180.086917955159
2025-02-01,23,-147387705,00ec472d818f2d344cbdab271ba1ce96ca62bf05,1,39136956940381148237128,39136.956940381148
2025-02-01,24,2113167386,68cf8c9a01411a0fca3a6676c3c9ae8f6f333ab7,1,31866660000000000000000,31866.660000000000
2025-02-01,25,-225478608,4931e9e3373b2cfa1476dc2e45efd239b42b770b,1,25000646481079810146242,25000.646481079810
2025-02-01,26,1627131082,f3c5de0eab23702287d4793acbf0e18bf755b833,1,24104418731756370772897,24104.418731756371
2025-02-01,27,-198877548,ee7853ac5df76fc6ea49df66891c122ea10c8d25,1,23934775454386688382465,23934.775454386688
2025-02-01,28,-40215296,3fc72f941b565c68125f617d092a166c63c45061,1,20000000000000000000000,20000.000000000000
2025-02-01,29,1906426013,136b7619b1073e9ec4192a4542b304e6c99f149b,1,16460666339345493684706,16460.666339345494
2025-02-01,30,8786115,084bd02d4dfb5af7f9d487a60682378b057d36bb,1,14866451925813154360000,14866.451925813154
2025-02-01,31,497816519,b4fb31e7b1471a8e52dd1e962a281a732ead59c1,1,12997000000000000000000,12997.000000000000
2025-02-01,32,-169271645,884ee57fd61f8cde2d320d9e9512518edd21235d,1,10137300000000000000000,10137.300000000000
2025-02-01,33,796049519,1e820430c0ab6a41c405df113c65441f838b6fb3,1,10026516449161070226693,10026.5164491610702267
2025-02-01,34,654732058,ae0afd6a330d6ca572441f29f6ef0dc4372d8ee4,1,10000000000000000000000,10000.0000000000000000
2025-02-01,35,-89070414,3bcb079c336f6ca8e5a54e6a6f9b591418472dac,1,9734783514000000000000,9734.7835140000000000
2025-02-01,36,594298181,27ce5936e6a7c96817419133e51faf5c8f75fcaa,1,7701765064731682406400,7701.7650647316824064
2025-02-01,37,-48349330,c355943f227f06acfd7331178c1d6091a7fb5750,1,3342000000000000000000,3342.0000000000000000
2025-02-01,38,202029241,d6f7af0285068e3745f39607b9aa5f81fed7a6bb,1,3000000000000000000000,3000.0000000000000000
2025-02-01,39,1702895912,8dd0d83783cdda5b2900310e6834a650ddaa2124,1,2925709098833888149504,2925.7090988338881495
2025-02-01,40,-214151684,0f1f2921526eaf833ba7136c894e1492d7e8a4ab,1,2432252065584239403845,2432.2520655842394038
2025-02-01,41,990628812,d1d7877f928cdbd44557726027c0421be27fae4f,1,1141287815562209256994,1141.2878155622092570
2025-02-01,42,1670529546,d028e3b3a404f4260da17b5d64ba2af45a6d1670,1,1000000000000000000000,1000.0000000000000000
2025-02-01,43,2089400601,116aedce83a8ed5455f2196858254db2de10ceff,1,1000000000000000000000,1000.0000000000000000
2025-02-01,44,1963502471,ef910845df8724c123bb7fe4a8ac38c0c69bf302,1,700000000000000000000,700.0000000000000000
2025-02-01,45,1896676267,85fa065b142487751ffd6c2e85e5fcd579d974e3,1,400000000000000000000,400.0000000000000000
2025-02-01,46,24149404,974536d825fa748a43b4596368ebd53af7afa6bd,1,179224043078660714265,179.2240430786607143
2025-02-01,47,1787467554,ba15e9b644685cb845af18a738abd40c6bcd78ed,1,100000000000000000000,100.0000000000000000
2025-02-01,48,1210593422,7c050d9dc1173a23e21911f380d5621db165a938,1,78455497139919019533,78.4554971399190195
2025-02-01,49,1786235719,6859da14835424957a1e6b397d8026b1d9ff7e1e,1,59057410969610349276,59.0574109696103493
2025-02-01,50,1484956245,5b012d6620867979bf0a8729207ca0dcb0a9284f,1,41834273000000000000,41.8342730000000000
2025-02-01,51,-131993431,0a50e6ef37b8b66fc537482c1f9b885933a99c73,1,10000000000000000000,10.0000000000000000
2025-02-01,52,-8366002,fc614b8570662b9a824bd4148e4d21b9d3fa5589,1,1000000000000000000,1.00000000000000000000
2025-02-01,53,1742437585,e58c06c3372687039140ceb64cb05f78d71fa133,1,1000000000000000000,1.00000000000000000000
2025-02-01,54,-85576604,82d0d9a777294ea5719aea33aa95a81c9b36c723,1,1000000000000000000,1.00000000000000000000
2025-02-01,55,1787308619,7e82cc073d0729c6d7f30b49a0d947ef02ae8b1e,1,1000000000000000000,1.00000000000000000000
2025-03-01,1,-68117958,74e5c005e55bb87f52b2440cc1b989a4b6aea81f,4,32055032450539312486713,32055.032450539312
2025-03-01,2,1091284663,66e2a637cc99dd0bfe1922a77cf747de727836b0,2,2644668084373000000000000,2644668.084373000000
2025-03-01,3,1861713724,1ab4973a48dc892cd9971ece8e01dcc7688f8f23,2,28647397225440000000000,28647.397225440000
2025-03-01,4,1139883772,387a161c6b25aa854100abaed39274e51aaffffd,2,250897311006313792127,250.8973110063137921
2025-03-01,5,1581433419,0da9a6f9a45f55615e8cbde3f72754c037a0ef8e,2,21000000000000000000,21.0000000000000000
2025-03-01,6,1677437476,fe0f2c40ae6486c1ac8a96ccebf15b6be8a4cb11,2,2000000000000000000,2.0000000000000000
2025-03-01,7,-223237739,b3f0c00b0fc69baab5f9318b61a7b67f412a4b8b,1,2410133488574000000000000,2410133.488574000000
2025-03-01,8,1237122711,00ed1eec34199ebf595ed6d6ec42e87eb835ce07,1,1041067918831555505972483,1041067.918831555506
2025-03-01,9,1286571710,3ec92c9d09403a76bda445ffdfaf6de59717219f,1,1000000000000000000000000,1000000.000000000000
2025-03-01,10,-129466528,e8512ac0acdffe9cc50e6f83020760b9715a7fe4,1,652938509538752930478017,652938.509538752930
2025-03-01,11,1857049644,884420818d29d9dc2131bde7c1e62235e7ac6d72,1,600990385766792410000000,600990.385766792410
2025-03-01,12,-164243426,c1f2ba10fb398174e65d63f8edd1a8e3e8623a57,1,374934682266652417473406,374934.682266652417
2025-03-01,13,-266851393,8e20b67092bda8cafe36910c15aeab6026fac496,1,191475288053686136011878,191475.288053686136
2025-03-01,14,-226791004,28d2a20bececbb98638cfa7b04d320903aa2b172,1,100000000000000000000000,100000.000000000000
2025-03-01,15,716336672,4f0aa5900b8292273b2f9a178d5468f8048bb9a9,1,99950000000584485327913,99950.000000584485
2025-03-01,16,1227346046,413289edc349282b079bc6573205ae541d1f1b6b,1,77642831041854404198058,77642.831041854404
2025-03-01,17,1222016812,f39bb2ecea85b100df279c22734c4c9d2ee78534,1,77044439805930775043692,77044.439805930775
2025-03-01,18,1046373118,5ebe7111b4855881da56c1091c17319ab4965919,1,75383913550961390614479,75383.913550961391
2025-03-01,19,1863976278,032c61b5b65743364f60ab3f70181c25653e493a,1,50000000000000000000000,50000.000000000000
2025-03-01,20,1571722990,99b95c60b2d68db15dffb11a71076a31ccaf1487,1,39999388875035724742656,39999.388875035725
2025-03-01,21,-231717251,8b879d2292971353e7ff8f43f31f83b3ff0cf139,1,30157167992647529704582,30157.167992647530
2025-03-01,22,317805013,c0a893145ad461af44241a7db5bb99b8998e7d2c,1,29230764626657878044506,29230.764626657878
2025-03-01,23,1531900438,c15e66ea086c82553859a2c62db47e5270a137ec,1,28700000000000000000000,28700.000000000000
2025-03-01,24,1369695893,f87664818adeaf179f82b7a9c6ba4520d7ded499,1,20589209662288897070790,20589.209662288897
2025-03-01,25,11490313,6b4592d8158ddb694428f05f35b9d2dd010657b6,1,18297225777524459752968,18297.225777524460
2025-03-01,26,2073431936,92709f391a2b6c23e5da213f82dd98600e36ab21,1,13227939331703886650000,13227.939331703887
2025-03-01,27,2117352393,5b26dc9e9d49c6a3f33a44ad9361e76bb17ead24,1,12000000000000000000000,12000.000000000000
2025-03-01,28,1865175667,f173e9d342de933be804c165aa068fa910b9f647,1,10013812772574368628736,10013.8127725743686287
2025-03-01,29,-256503809,d990f2cfb5f587c1203eb052bd0a87399d669bcc,1,10013300213000000000000,10013.3002130000000000
2025-03-01,30,725159752,a3bfafaa6f97448100c9217f4e0ef6a8267f3d6c,1,7396083818642007591920,7396.0838186420075919
2025-03-01,31,-202140757,3f2ebd31c269c43809ea455a85664f99a98ef969,1,6913165406539237776000,6913.1654065392377760
2025-03-01,32,-259010129,7fcee51056e18063e188fc27713570fd3bccd5ea,1,3315092836375620001947,3315.0928363756200019
2025-03-01,33,918149541,9405c4149216356aeccba2857c925485695faf37,1,1724823679442525224480,1724.8236794425252245
2025-03-01,34,1759584654,3571100c8f631eaa5a8b77a9389d01e98b280d39,1,1693195298819626989269,1693.1952988196269893
2025-03-01,35,34212427,b28f2d789e9dae9fccff7e810a846f4b42a29c12,1,1506209363393236456538,1506.2093633932364565
2025-03-01,36,1893202983,29ed2d47a4a80dcc44a91ff69a376ddbabd64ebd,1,1084235691899229448636,1084.2356918992294486
2025-03-01,37,-227224332,1eb1e13fa29efef4da809bd3ca035b7169a216fe,1,1000000000000000000000,1000.0000000000000000
2025-03-01,38,738595260,9f6d7835b925038bf8e30e488d1971e60d9f3397,1,500000000000000000000,500.0000000000000000
2025-03-01,39,1914984338,840ee637dce63ba04b158ca828bd941cbd945650,1,392295701658485970549,392.2957016584859705
2025-03-01,40,1210593422,7c050d9dc1173a23e21911f380d5621db165a938,1,200000000000000000000,200.0000000000000000
2025-03-01,41,1020614815,d40d965686ae9599693d32d12a481da0c1d893dc,1,167827491773130843153,167.8274917731308432
2025-03-01,42,-226765590,ef4a1d22c26d15af4eabfa67f442bb722169d89d,1,151640573723354481482,151.6405737233544815
2025-03-01,43,1514166106,de62cc034a15a96a714467b04a9e32ff93c4146d,1,120000000000000000000,120.0000000000000000
2025-03-01,44,-27588276,569e0905640531f525ca5b2cfa688a1e51fc20d0,1,103000000000000000000,103.0000000000000000
2025-03-01,45,-185322586,d98945ec3cd076d7c1df9140990ca7b105d21613,1,100000000000000000000,100.0000000000000000
2025-03-01,46,-144339197,7ce38c4a6eb69cfbfc2a72962264223bf3e24c10,1,100000000000000000000,100.0000000000000000
2025-03-01,47,-51935699,b3c498a93a987083663519de6cc7e1a4c4e74767,1,75784518805517490754,75.7845188055174908
2025-03-01,48,-222753837,e9505d22a69ef4f91aa417997a3013d5cf1723be,1,54624524338403153807,54.6245243384031538
2025-03-01,49,-148577461,5cdd40b01377c1963e386f3ffadda0f8be7b3764,1,50000000000000000000,50.0000000000000000
2025-03-01,50,1173539969,0d9f5226215f3dd548bbcd0caf16ee0f964c160d,1,36735796742958199651,36.7357967429581997
2025-03-01,51,1970353919,8842fe65a7db9bb5de6d50e49af19496da09f9b5,1,28526165349964369322,28.5261653499643693
2025-03-01,52,1971367841,48caabf49510a8a7e98f520cd9d9ce47f52daf4d,1,17700000000000000000,17.7000000000000000
2025-03-01,53,1714324980,49408e8aed23b172b9694cccef7728fab42ffbbd,1,11000002199252578567,11.0000021992525786
2025-03-01,54,-226352690,ebca6f665a80466f410b3c2fd5a1696edb664a42,1,10000508156966713344,10.0005081569667133
2025-03-01,55,1915135899,ae153bcb8024e766f8309d6b50ee622d1d320fb5,1,10000000000000000000,10.0000000000000000
2025-03-01,56,1246792708,bd0b71b95eac0ea4447790f9ee50658e3206925c,1,5100001460000000000,5.1000014600000000
2025-03-01,57,-235755004,262d5aa4000b5c19a0cce6246e9932200e1eb8cb,1,5000000000000000000,5.0000000000000000
2025-03-01,58,1620255812,7ca98675dd1161de4a7ef93af6b144c5c9769bd0,1,1104726084651750400,1.1047260846517504
2025-03-01,59,-273969800,6716eec26c82a8a025cef05d301e0af8cb8da33d,1,1000000000000000000,1.00000000000000000000
2025-04-01,1,-230510729,62b5262d3639ea5a8ec0d8aa442f1135ecf77205,3,30000000000000000000,30.0000000000000000
2025-04-01,2,2113044528,ca5c9efb78f0d608f9562c0ae5352a61e417ee2d,3,3000000000000000000,3.0000000000000000
2025-04-01,3,2056246308,ad78662714cd0042b4c602a8e18d0e4a25cf79d7,2,16500000001195420191837,16500.000001195420
2025-04-01,4,1861713724,1ab4973a48dc892cd9971ece8e01dcc7688f8f23,2,13153460636070000000000,13153.460636070000
2025-04-01,5,1168200343,273c90a6e64fa5acb2955c776de0e9002b37f30b,2,11041839281000000000000,11041.839281000000
2025-04-01,6,991902698,3c244dff28a6b53bca29e2e4639bf15f21b866b4,2,4959401643635455860299,4959.4016436354558603
2025-04-01,7,-265035249,8c4558543804b97221ff37bb903e13b8aeb1a46f,1,6519168458576384413404816,6519168.458576384413
2025-04-01,8,1804238161,41493259ada007ea557a49aa7a1a12ba1f7c8188,1,1000000000000000000000000,1000000.000000000000
2025-04-01,9,-124266248,7fedd5f58697d432e207444000259bf26fc2bbd3,1,855091095745914358132898,855091.095745914358
2025-04-01,10,2053817345,f58ab4ee9a8f3191b564721174faa0d3d7b30736,1,164999754713000024952184,164999.754713000025
2025-04-01,11,1857988448,38998fd784f4d29cdfdd2454442d2fed1d6de4f5,1,132771990269874640857826,132771.990269874641
2025-04-01,12,832796325,d360ecb91406717ad13c4fae757b69b417e2af6b,1,74041906973014659896824,74041.906973014660
2025-04-01,13,1975444211,06f1f8ac2f4908322296f09651e2d599b724533e,1,40000000000000000000000,40000.000000000000
2025-04-01,14,-151989086,d6ce20fc1b2938fd9b1e4853e891fb25310317b9,1,31000351297000000000000,31000.351297000000
2025-04-01,15,1106948172,c7af29a29dbebc4437736fa61b209f95703c5d84,1,30051408959412290763882,30051.408959412291
2025-04-01,16,-31047972,17a749f7fa0055618aa5f958d5aa13f5f5d19ea1,1,29999635870000000000000,29999.635870000000
2025-04-01,17,-233284922,01f434fbc75ccd0ca5ee1b0b4d1dfa475e764752,1,29578317731329017380864,29578.317731329017
2025-04-01,18,-240263354,621ee6524245f054cc69a384e07dcba527fd653a,1,28808351655091405700501,28808.351655091406
2025-04-01,19,733590523,76720ac2574631530ec8163e4085d6f98513fb27,1,20977958413390036975567,20977.958413390037
2025-04-01,20,-269897747,134a70cdec05adccdd4e8756f1f076922d617bb1,1,20129088929495458560201,20129.088929495459
2025-04-01,21,-270631789,61839b333b5089d6c78f590d180809fddea5b1d8,1,16000000000000000000000,16000.000000000000
2025-04-01,22,1845865795,56732dc7d83edacd46482fa32af83722f577c227,1,12583959416327406660634,12583.959416327407
2025-04-01,23,1876770176,6cd9506fdd4007ab98ef70edd6bc4d9f2b919c4d,1,9956754939136664514112,9956.7549391366645141
2025-04-01,24,-253142489,859f44fed2114bc664ed0da9bd57a0e5ae66c8c4,1,3610170207296704522177,3610.1702072967045222
2025-04-01,25,654732058,ae0afd6a330d6ca572441f29f6ef0dc4372d8ee4,1,1574035035437539573409,1574.0350354375395734
2025-04-01,26,918553583,be957a475844c127ddd207b4ff1f63900fd13e57,1,1129274642078296416704,1129.2746420782964167
2025-04-01,27,1439735675,6c9c6ea3bc1d243017f5c7c2203343d958d3d7ae,1,1100000000000000000000,1100.0000000000000000
2025-04-01,28,1400110328,b7f577998ffb8dd0f4498a83679a09726d8a9bbb,1,1002404824000000000000,1002.4048240000000000
2025-04-01,29,854771235,899ffc975f2c849f772641ac5ce1ec6fe07daaa3,1,950347232817788693080,950.3472328177886931
2025-04-01,30,1517523309,a21b23e5f07e5e28cb42d09502227eb75b0b64b5,1,840800000000000000000,840.8000000000000000
2025-04-01,31,1276357974,a13910b72ce4c31f08c84842ff0a707f1c4db389,1,500000000000000000000,500.0000000000000000
2025-04-01,32,-133926615,0365f0d7bd11343d623b73c9ae198bad4fd66745,1,106788110000000000000,106.7881100000000000
2025-04-01,33,-68117958,74e5c005e55bb87f52b2440cc1b989a4b6aea81f,1,100000000000000000000,100.0000000000000000
2025-04-01,34,-159407318,76ad4b2aa97fffc4ddb95c6362ce6d9649e1bd42,1,99999999500592967943,99.9999995005929679
2025-04-01,35,608735951,db611d682cb1ad72fcbacd944a8a6e2606a6d158,1,99811750380826646263,99.8117503808266463
2025-04-01,36,-127369235,8aa35fffe330138cd3d1864f3bd81f2005e3bc73,1,13625656869210178327,13.6256568692101783
2025-04-01,37,-275014297,b51e492569baf6c495fda00f94d4a23ac6c48f12,1,10000000000000000000,10.0000000000000000
2025-04-01,38,-211764139,abba811c36458bf7b9ca9d27395620fb334bee89,1,1000000000000000000,1.00000000000000000000
2025-04-01,39,-291124651,cc004c13ce5a40dad7dba14ae28011da3b9eec47,1,997499999999990016,0.99749999999999001600
2025-04-01,40,-237051121,3be697aa2a20b3686945df86cbd279d74eb5cf4c,1,810613384533836135,0.81061338453383613500
2025-04-01,41,725801291,0e20bab33d0ef71a71cd906dc64323833c1d8a2a,1,3912362658966846,0.00391236265896684600
2025-05-01,1,2056246308,ad78662714cd0042b4c602a8e18d0e4a25cf79d7,5,190991502247821001512640,190991.502247821002
2025-05-01,2,1897555766,e01edf40dac9198b2a69eb43b0eefe8a2ebf06e9,2,16958000000000000000000,16958.000000000000
2025-05-01,3,-93112299,f3378fef290cf389418b4ac5ae00cca099ac672f,2,12000000000000000000,12.0000000000000000
2025-05-01,4,1392966987,68c3c539f75e93e7abd2af4d3cdb263364edafd6,1,9999999310370000000000000,9999999.310370000000
2025-05-01,5,1668346579,dec02df2fa44a32b3f13efc783ef92298062aca9,1,1828944704107485060245848,1828944.704107485060
2025-05-01,6,931267922,1c883820af4e18178069258ea61e1cd0a6b1de41,1,300000000000000000000000,300000.000000000000
2025-05-01,7,5288884,a53a13a80d72a855481de5211e7654fabdfe3526,1,200000000000000000000000,200000.000000000000
2025-05-01,8,1811575838,b6763b6c40f035c165813bccbbfd33ba1ce1c7f2,1,146000000000000000000000,146000.000000000000
2025-05-01,9,1267342620,024a376b1a6842bb3c10881b1c2c2097b3dae016,1,47311895925810431674658,47311.895925810432
2025-05-01,10,-147114996,730515ec27ab0750502abb63753621fbec564103,1,30000000000000000000000,30000.000000000000
2025-05-01,11,-303484613,36e1aca54882f4469b1942de549f297e59de6d1f,1,24922000000000000000000,24922.000000000000
2025-05-01,12,1945551867,efbd77ab27f16bbbc45357d0c934a1254a10d2dd,1,20000000000000000000000,20000.000000000000
2025-05-01,13,2056237786,8f68b7bbe32e74b6ed7e8b54504258afaa346fc8,1,11531673919000006250081,11531.673919000006
2025-05-01,14,-2237357,a3555961509ca0f241ed9f660cc5f112545d431f,1,10000000000000000000000,10000.0000000000000000
2025-05-01,15,1409027832,65fe89a480bdb998f4116daf2a9360632554092c,1,10000000000000000000000,10000.0000000000000000
2025-05-01,16,781508012,f8cef83b36da81cb1fa3b5d3f3ae63bc3ffd7dfe,1,10000000000000000000000,10000.0000000000000000
2025-05-01,17,1239786448,6feb7be522db641a5c0f246924d8a92cf3218692,1,10000000000000000000000,10000.0000000000000000
2025-05-01,18,1861713724,1ab4973a48dc892cd9971ece8e01dcc7688f8f23,1,9177741382780000000000,9177.7413827800000000
2025-05-01,19,1219562747,16a4eebbefbf4db1ee6275a3a67578fcf9398217,1,9000000000000000000000,9000.0000000000000000
2025-05-01,20,-310368725,e17c81b1a9d0852f8ad8f0f422decf90b1f1bc3a,1,8000000000000000000000,8000.0000000000000000
2025-05-01,21,1387217965,f50af8801207f87739387ddef76219a8a4c17f7e,1,5435788932278364326390,5435.7889322783643264
2025-05-01,22,939075934,05b185a4962b03b56a9fa41b834ae31e93b54ea2,1,5359018621800090182128,5359.0186218000901821
2025-05-01,23,1910372944,97d37e8b619cf4c6145da456766ca4fa157292d3,1,4997908631000000000000,4997.9086310000000000
2025-05-01,24,581232439,e67b7a560da673776d80a8da5469fff06eb1683c,1,4327355433294370528672,4327.3554332943705287
2025-05-01,25,978376130,36014fbe13fed6dbb2e24b85c0c2fa9d6b7863a4,1,4307952676140000000000,4307.9526761400000000
2025-05-01,26,961273742,fa4843c82789f00311e6ae1b67f35849b6a9f7fd,1,3346000000000000000000,3346.0000000000000000
2025-05-01,27,1378599896,d186828fedc6200616d47477ded790984462fc81,1,3130926816026077368063,3130.9268160260773681
2025-05-01,28,991902698,3c244dff28a6b53bca29e2e4639bf15f21b866b4,1,2084270206165949223330,2084.2702061659492233
2025-05-01,29,1589625630,4713253a106008f12dca2da55422614aea4bb036,1,1360360564856267020998,1360.3605648562670210
2025-05-01,30,956857270,7dd189b973717877d26e2929265f7589bdeea84d,1,910763091413951971328,910.7630914139519713
2025-05-01,31,1744944567,8d11c0e9a2ba2b1f4df3635d0aa179017eec2dae,1,801934883458800303717,801.9348834588003037
2025-05-01,32,-303500742,c5311a2d28d840c64dab80b33b67419f500da023,1,730023493400265173925,730.0234934002651739
2025-05-01,33,-23681882,e518adc295b5b225152c5a05780094dd1d799a9a,1,600920972382169455109,600.9209723821694551
2025-05-01,34,1517771080,e5f5604278a9678ecb61518363e82b3e0dbbd99c,1,600000000000000000000,600.0000000000000000
2025-05-01,35,-315628187,26d1f6270ea5f9181e5e0c09c933b654a35b132f,1,499999971225702126986,499.9999712257021270
2025-05-01,36,-125998029,c53605c6680946c822a121fae0632cb80400a195,1,401000000000000000000,401.0000000000000000
2025-05-01,37,1649658588,63aaa6867d0697de09cf7050c045c44dea8a5455,1,328212847860441708699,328.2128478604417087
2025-05-01,38,1975444211,06f1f8ac2f4908322296f09651e2d599b724533e,1,202000000000000000000,202.0000000000000000
2025-05-01,39,506653097,bd8c54148233b886cfbc2179aa53e252e135b6fc,1,200000000000000000000,200.0000000000000000
2025-05-01,40,-296664377,9f0693f4bc573808422d1f8c7da3f3ae9430a25e,1,199721281518504520959,199.7212815185045210
2025-05-01,41,2088600368,f390b23ff4194fea74c3405f8d8acad6032cdd77,1,195000000000000000000,195.0000000000000000
2025-05-01,42,-336760892,6bbeb6c9d48e8ec41cb12cf794bee2933da5f495,1,104089125000000000000,104.0891250000000000
2025-05-01,43,2070719076,08285a9982ccf65ec579220a12d274c9451b57e9,1,100000000000000000000,100.0000000000000000
2025-05-01,44,1820075024,a8231b0b489b83cdee85bf19c1e60d35a3c37a25,1,48921267000000000000,48.9212670000000000
2025-05-01,45,603858819,974d0fa61bcfb50de0065bea2d11510bda877b57,1,48261327140332952749,48.2613271403329527
2025-05-01,46,-319660541,37042001c694e7261e8cbb1c2eaf72c8bfaeca75,1,30000000000000000000,30.0000000000000000
2025-05-01,47,-281099893,93811a897034ba7c1b478c4c19ac5bc95f2c3364,1,27139237610478555377,27.1392376104785554
2025-05-01,48,1205272410,4d521577f820525964c392352bb220482f1aa63b,1,26292817523990372078,26.2928175239903721
2025-05-01,49,1448422386,bbd06c4ad570801051b55d8cab0d17accad1e169,1,25706326737553121354,25.7063267375531214
2025-05-01,50,-296238674,9f3f2f3ed1f1bfedfb40b33577194896a4da9066,1,16157000000000000000,16.1570000000000000
2025-05-01,51,-295528037,53204c2f7e33cb058a21bf07f8a6e9ae2aea6910,1,14250000000000000000,14.2500000000000000
2025-05-01,52,2144275915,9d14083c54a0ed1f776d7426556847dd75b5e0b8,1,11222062780717318846,11.2220627807173188
2025-05-01,53,-97509877,956606455c3489996a68c1f1a3df555bec1abe75,1,9896040000000000000,9.8960400000000000
2025-05-01,54,1139883772,387a161c6b25aa854100abaed39274e51aaffffd,1,5000000000000000000,5.0000000000000000
2025-05-01,55,1640331039,af6193fd81b4c8435e6e81c45ee7cdc511fe5f3a,1,2392745812057891965,2.3927458120578920
2025-05-01,56,-342479671,ed39b885c66eda89714b355efe8bf653414460fd,1,2000000000000000000,2.0000000000000000
2025-05-01,57,-353195367,18d60d7e9fea8bb6c1d2b904ca9df6bded122b57,1,1220000000000000000,1.2200000000000000
2025-05-01,58,58305512,814e6765e1d5a403bfe27612bb497b4e71ff2c2d,1,1000188035350645800,1.00018803535064580000
2025-05-01,59,1585288096,90e985ba5b5c212173658b4850b8bd7cf34b12e1,1,1000000000000000000,1.00000000000000000000
2025-05-01,60,1978148381,bdac05564bb5d299a0aef8bb81d1f2701364193d,1,1000000000000000000,1.00000000000000000000
2025-05-01,61,-343811515,a9baa97acd6b90bffdf5c5f39e3469022d7eabd0,1,1000000000000000000,1.00000000000000000000
2025-05-01,62,1220432677,cb43078c32423f5348cab5885911c3b5fae217f9,1,57500000000000000,0.05750000000000000000
2025-05-01,63,1611834868,436779fcf3668dafbe62c969aeac58f361330412,1,10000000000000000,0.01000000000000000000
2025-05-01,64,-59440767,7933cd3b02de77b043ff0f39af4d5cd2b2c0fd9c,1,1000000000000000,0.00100000000000000000
2025-06-01,1,1844387597,ae205e849d16f74c0a7bb04c564e964d83fd8ebb,16,153299954909537412663,153.2999549095374127
2025-06-01,2,1715872443,4f0a01badaa24f762cee620883f16c4460c06be0,2,100000000000000000000000,100000.000000000000
2025-06-01,3,-361511811,9708297f6ad91350279287643ff424837cb2add6,2,1790947218120318961303,1790.9472181203189613
2025-06-01,4,1861713724,1ab4973a48dc892cd9971ece8e01dcc7688f8f23,2,801593079280000000000,801.5930792800000000
2025-06-01,5,30888142,05555b1a39d6545b2483eb29805ad8b00369972b,2,120642929322933440000,120.6429293229334400
2025-06-01,6,1439504910,a7aed907939f1dff849666118052b459bc3865b2,2,2000000000000000000,2.0000000000000000
2025-06-01,7,-85576604,82d0d9a777294ea5719aea33aa95a81c9b36c723,2,100000000000000000,0.10000000000000000000
2025-06-01,8,1103860981,d199a56058bc7edea98146ffeac523ebf1bac4eb,1,229712665006373367866564,229712.665006373368
2025-06-01,9,-157806654,d84613cd3ef8c3c077a92006e322fb04ac11f312,1,200000000000000000000000,200000.000000000000
2025-06-01,10,-362197628,a45d861abf5f6bdd3ef5e82ab94cab62fa7c2dfb,1,156872879460000000000000,156872.879460000000
2025-06-01,11,789026820,ebd9e0ffd46da4d8b390f2aacf014b36ea1e26fa,1,69231555243771053844255,69231.555243771054
2025-06-01,12,-308154305,ea5a0514cc0b7ad227ac77bd86a68774696b5ca8,1,50055681687626198322405,50055.681687626198
2025-06-01,13,674035922,bfb496acb99299e9ece84b3fd1b3fdd0f6cddf49,1,50000000000000000000000,50000.000000000000
2025-06-01,14,-235858120,55ae48efbfcbc5d0285ea3039eab407b271156ca,1,39000000000000000000000,39000.000000000000
2025-06-01,15,-113751618,43911ee0012cdabf825d1ffe3a3e372c9d477618,1,30001942842044167861302,30001.942842044168
2025-06-01,16,1612812439,163901204130c89a0dc1c028051ef07915706e0b,1,21035457300903714771498,21035.457300903715
2025-06-01,17,594298181,27ce5936e6a7c96817419133e51faf5c8f75fcaa,1,20999000000000000000000,20999.000000000000
2025-06-01,18,-270631789,61839b333b5089d6c78f590d180809fddea5b1d8,1,20000000000000000000000,20000.000000000000
2025-06-01,19,-324603818,634bcb024e162cc4ed556faa7944e24a253941a8,1,15000000000000000000000,15000.000000000000
2025-06-01,20,-376637770,903880c4fec9632bcc61aa9456f365436925804f,1,10004148206908915723398,10004.1482069089157234
2025-06-01,21,2106032542,205e18fc1ff184807835381a67850201cb9e0832,1,9788850000000000000000,9788.8500000000000000
2025-06-01,22,1396805080,81521bfc9bccba5553a9936b704e2dc28b2edaee,1,6000000000000000000000,6000.0000000000000000
2025-06-01,23,1688979483,048b465b78fca66982d1a0005d90a924e9c2667d,1,4710349993069104806634,4710.3499930691048066
2025-06-01,24,1231051964,6bf5404fb0fe2735a7d0592353264bbb421337e3,1,4564342942922750661186,4564.3429429227506612
2025-06-01,25,-253142489,859f44fed2114bc664ed0da9bd57a0e5ae66c8c4,1,1998877868678435163170,1998.8778686784351632
2025-06-01,26,1287425621,c15ab8dd7daeea5f1aa3b56507cac8a877e21b15,1,1848619504551963358847,1848.6195045519633588
2025-06-01,27,1173228067,2a363fccde360dea7b0df06ed5416f925ed62ef7,1,1796180000000000000000,1796.1800000000000000
2025-06-01,28,2145845596,3d071120f3f06893a6cb292edc81d72465fbfc0e,1,1275175906542834844721,1275.1759065428348447
2025-06-01,29,-276803568,e8aa76b7ff1e79cd5cdd35f23f1f49ebcc0a0872,1,1150000000000000000000,1150.0000000000000000
2025-06-01,30,2088600368,f390b23ff4194fea74c3405f8d8acad6032cdd77,1,1006000000000000000000,1006.0000000000000000
2025-06-01,31,1543811646,75d42ad6710a3bb4334a95595c96d46bd16b19e2,1,1000000000000000000000,1000.0000000000000000
2025-06-01,32,54596232,f4dfcd61c36fc3ac374e52206c43253e14c2ffe2,1,1000000000000000000000,1000.0000000000000000
2025-06-01,33,2110266550,9080f29e6ad496ff50c398afc7326e192973d155,1,610781806719375461624,610.7818067193754616
2025-06-01,34,916167141,f175faaed0df90221315a352fb067ab4d7de3ad5,1,601227964237999303177,601.2279642379993032
2025-06-01,35,-315628187,26d1f6270ea5f9181e5e0c09c933b654a35b132f,1,532346922607518715008,532.3469226075187150
2025-06-01,36,926563972,659369e479340f1d900991e019056bab563dfa78,1,205922263529105852891,205.9222635291058529
2025-06-01,37,1516353794,d1236a6a111879d9862f8374ba15344b6b233fbd,1,200000000000000000000,200.0000000000000000
2025-06-01,38,2070719076,08285a9982ccf65ec579220a12d274c9451b57e9,1,200000000000000000000,200.0000000000000000
2025-06-01,39,1804549197,466852848ec2b6af4d9dd8a31be6998def5cd832,1,155025756166675788738,155.0257561666757887
2025-06-01,40,-100209095,caf175b9f1567471222f85da1e6e26cb3a22797b,1,120000000000000000000,120.0000000000000000
2025-06-01,41,1035155827,bb058100c58f04eebfc245ab07364296feb9846b,1,115831464734683900708,115.8314647346839007
2025-06-01,42,978376130,36014fbe13fed6dbb2e24b85c0c2fa9d6b7863a4,1,101000000000000000000,101.0000000000000000
2025-06-01,43,1193848098,d0f82e5c2bcad488535d579d70862c05caf68e15,1,100000000000000000000,100.0000000000000000
2025-06-01,44,-345738413,ae34a402b798bba42eefad38f7872b8d2ef37346,1,100000000000000000000,100.0000000000000000
2025-06-01,45,1070979726,aff61f8b106cfc5cab922fcbe9ce87292c980203,1,54073148811429687781,54.0731488114296878
2025-06-01,46,-368791850,60cbb5f0cae75d94ed4b03fe99b3fa6c63d2100d,1,31810260311294768324,31.8102603112947683
2025-06-01,47,-357522689,f2ad581f7d050a7b4733e3f44a6ae56b2075cae8,1,27021445842877317756,27.0214458428773178
2025-06-01,48,-347168738,e4d9ad10aab14801fa8fd5a3a67fb503f30f1157,1,15080380000000000000,15.0803800000000000
2025-06-01,49,-322268742,19119603aa63be17d1eb4a5e39945b94be7efcb3,1,10000000000000000000,10.0000000000000000
2025-06-01,50,-364275720,c949b2019f937d4822c14e396e730407ce62130b,1,1500000000000000000,1.5000000000000000
2025-06-01,51,1596509100,9631288f4050f7cfbf77b77f8540decf6cfc7012,1,1400000000000000000,1.4000000000000000
2025-06-01,52,-160082475,782c8ec8c931acbed4bad3955ce72cdf1718e5e2,1,1000000000000000000,1.00000000000000000000
2025-06-01,53,-8366002,fc614b8570662b9a824bd4148e4d21b9d3fa5589,1,1000000000000000000,1.00000000000000000000
2025-06-01,54,1575795146,e982bb0de0d1858fa74e81847d46f451db9fdf5b,1,1000000000000000000,1.00000000000000000000
2025-06-01,55,1400207704,ea17e11fa9d3d772eee6f34a03f0ef44db395720,1,1000000000000000000,1.00000000000000000000
2025-06-01,56,1318706754,cfe94968a9ee7024ba58ec2a40f84ae259b2d32f,1,1000000000000000000,1.00000000000000000000
2025-06-01,57,1890277383,2a9bbdcb5eb04aa98d07d7513a5d730e3a4d5872,1,1000000000000000000,1.00000000000000000000
2025-06-01,58,-10503913,1b514df3413da9931eb31f2ab72e32c0a507cad5,1,1000000000000000000,1.00000000000000000000
2025-06-01,59,-25090225,ff84c9b2b9b06176e8566a4ec581670fb2ba7792,1,100000000000000000,0.10000000000000000000
2025-06-01,60,1476644788,49887a216375fded17dc1aaad4920c3777265614,1,1000000000000000,0.00100000000000000000
2025-06-01,61,-367139096,7f73848334a044fcbf4b19a50949eaa296264340,1,10000000000000,0.000010000000000000000000
2025-07-01,1,1861713724,1ab4973a48dc892cd9971ece8e01dcc7688f8f23,4,5778833499100000000000,5778.8334991000000000
2025-07-01,2,2070719076,08285a9982ccf65ec579220a12d274c9451b57e9,2,399999999993443373805,399.9999999934433738
2025-07-01,3,-31047972,17a749f7fa0055618aa5f958d5aa13f5f5d19ea1,2,73098920910000000000,73.0989209100000000
2025-07-01,4,1439504910,a7aed907939f1dff849666118052b459bc3865b2,2,1738507000000000000,1.7385070000000000
2025-07-01,5,1696425324,8af700ba841f30e0a3fcb0ee4c4a9d223e1efa05,1,10678461400550000000000000,10678461.400550000000
2025-07-01,6,1822326345,0bf6795813b189664e450c59401510916ed9b7ec,1,2000000000000000000000000,2000000.000000000000
2025-07-01,7,1976272133,7a05b0bc6be313dba0804b15df11b95d82a18de2,1,1250000000000000000000000,1250000.000000000000
2025-07-01,8,2126720686,00236feeac26ef92552e3981096350d136084c64,1,1204202557002456750589254,1204202.557002456751
2025-07-01,9,-164866731,55a963a29f8a478ef4acad1c7628c2bf65c5c89d,1,681114115845857200000000,681114.115845857200
2025-07-01,10,1856431681,9f5237babaef17324d4fc577a35dc0c40d4e2164,1,640276365618014194583257,640276.365618014195
2025-07-01,11,1091284663,66e2a637cc99dd0bfe1922a77cf747de727836b0,1,438305491165000000000000,438305.491165000000
2025-07-01,12,592500346,282742940ee0b7ed028bb48052bb4922282234da,1,213411900791770030626839,213411.900791770031
2025-07-01,13,-438182130,db1aaed2445141522e0487d1b78dcacb5f971869,1,157568508063000000000000,157568.508063000000
2025-07-01,14,-156979460,738d14e97b07a0a2be5959360f324ae7ea29c059,1,150133644391759461829335,150133.644391759462
2025-07-01,15,-429976729,14047d12e0c84e5b4bffe1780ed2e2e533791afe,1,133182355560000000000000,133182.355560000000
2025-07-01,16,1602079206,52a8305f29f85bec5fa6ee78b87ddd2218d8e12e,1,99981688934043233677981,99981.688934043234
2025-07-01,17,1919448316,642008d8244304e37e50f291a77ae483a408198b,1,94876949194407689830360,94876.949194407690
2025-07-01,18,-19040031,ba5c08f90b5108c07de6dea884ee0c69ce486f2d,1,50000000000000000000000,50000.000000000000
2025-07-01,19,1270971838,c1b3a919cd84eb29717a641a86926c3184b0a1af,1,50000000000000000000000,50000.000000000000
2025-07-01,20,1682945220,61f2b7e4be25e9a8ae95dcd7e87ddad08efdd434,1,39700000000000000000000,39700.000000000000
2025-07-01,21,450814188,a9c2445400c10cc56a42a1aca8d5c6c6151bdc7c,1,37368924944000071465911,37368.924944000071
2025-07-01,22,1040127673,1be4283ddf6cf57d4f9210e678497b9292648de2,1,28785538250000000000000,28785.538250000000
2025-07-01,23,654901528,6d6f6eeee0977ade5b826eaad91b7af424e6ec98,1,26003017249000000000000,26003.017249000000
2025-07-01,24,1578713993,fccf5c51d16bb0d049ffe7db604a6a80b5877bfe,1,25555283018318645905938,25555.283018318646
2025-07-01,25,-153075334,d1344d732734fe740107a158c83b6a52d740f8bd,1,21220000000000000000000,21220.000000000000
2025-07-01,26,1954645225,a542b55ede9ec2dadff0803b98b46d94cc471174,1,15216450097986670452312,15216.450097986670
2025-07-01,27,-443395229,32f231509c660d0567e0466feeffc229cd8bc58c,1,11153434105000000000000,11153.434105000000
2025-07-01,28,1403983923,8252b66e866cb7776eb6adf4b1d2605894e19c4b,1,11055579864000000000000,11055.579864000000
2025-07-01,29,853898072,506aa4df9f55fece78a72f34de400dbbe5e0f5ca,1,10000000000000000000000,10000.0000000000000000
2025-07-01,30,88405764,e4a5b241f97a328e36556e05d28a95c02a57214a,1,9993042150863288121762,9993.0421508632881218
2025-07-01,31,-310368725,e17c81b1a9d0852f8ad8f0f422decf90b1f1bc3a,1,9941179723144823987380,9941.1797231448239874
2025-07-01,32,-396581795,ca3a46459a86a7db8438940b80371882247321bb,1,9321286612055735434485,9321.2866120557354345
2025-07-01,33,-116867547,18b77678381550c4dcd2e6722fed557f36e48d7b,1,7855660000000000000000,7855.6600000000000000
2025-07-01,34,976112901,fbe6b050a4d5f3a3919028c24bcc22547c6ecc58,1,7220009416975196717389,7220.0094169751967174
2025-07-01,35,-158883923,d53b854dfd5eb3fd8beb331883ce7d0a24850be1,1,6054129140880060000037,6054.1291408800600000
2025-07-01,36,-283355849,8174c4ef0ae6c4f253ac796b00752416e82cbed9,1,5587696990429749000000,5587.6969904297490000
2025-07-01,37,1173128697,4d625af9ff62fe8f88669d8ae5bb0a0577412b24,1,5410867081492703079522,5410.8670814927030795
2025-07-01,38,-211535177,7efb2349fe13e4c274db70600f3dc80b271c882a,1,5380064220111572557526,5380.0642201115725575
2025-07-01,39,1322403453,8f7b9d11c58903c482608476040a625fcbe519a4,1,5049590000000000000000,5049.5900000000000000
2025-07-01,40,890154364,cd812016b15e1937e281b7b7b1f1654e54cc0818,1,5001135485181159127102,5001.1354851811591271
2025-07-01,41,1036539257,1be3d6c73e7af74a0ab818c4a95bd72f058f320a,1,4051877813323539343118,4051.8778133235393431
2025-07-01,42,-331615644,60f0cfe9b9a1be5ae42f27e1d7fe7e938fe5c7da,1,4031500000000000000000,4031.5000000000000000
2025-07-01,43,1804871454,f0abc5f39cda4341cc5090f96136a8697fddc120,1,4000000000000000000000,4000.0000000000000000
2025-07-01,44,897794183,1821821d8c03990901bdfe1756c5665ec6667095,1,3386825517851241182168,3386.8255178512411822
2025-07-01,45,1679533943,b2dd36cdf01fe1c3c9a9fd69b487d3b1a5e04065,1,3292028737775819500000,3292.0287377758195000
2025-07-01,46,953536054,45492c6bc6ab97e4320e6f844c560be62737a303,1,3050000000000000000000,3050.0000000000000000
2025-07-01,47,1445259857,fa6825039674eb77aaa3d223f87c84e49121abbc,1,2499381600000000000000,2499.3816000000000000
2025-07-01,48,1041279811,db7e172f4b5ffb04fa5e9fecc4b8dae083340361,1,2000000000000000000000,2000.0000000000000000
2025-07-01,49,514829945,339f8e8bfd45dca376ec04a80b5ce7a371f428fb,1,1177124672865729508020,1177.1246728657295080
2025-07-01,50,-421986632,9fb46978926c67fab61cc0fc7d241a52a5586965,1,1024392050012409022264,1024.3920500124090223
2025-07-01,51,1256258951,e7cbd627993b37acffdfb7e67a01586303c4cfe2,1,1000000000000000000000,1000.0000000000000000
2025-07-01,52,1967634304,6b130820c449a27b35256a3c99942adbd53aac18,1,766479454300000000000,766.4794543000000000
2025-07-01,53,-186214625,9bd58f12ffdfe228d1f085ab0af55fa070b31391,1,600000000000000000000,600.0000000000000000
2025-07-01,54,-73184138,f6c2e2e7556077b7f8376a1140e83eadfa534e56,1,503935514075166591125,503.9355140751665911
2025-07-01,55,1416750019,ef4aa2606c138d98743ffb46959583d92ca1e6a0,1,500000000000000000000,500.0000000000000000
2025-07-01,56,1947683049,b3abe0777aa9685941e54744e704378b4b33eeaa,1,500000000000000000000,500.0000000000000000
2025-07-01,57,-360072632,38da12511b04243fd5d39da4a2246ed54e31277b,1,407174636247664301050,407.1746362476643011
2025-07-01,58,-397270188,c52757c638e464bd3f00f743c57f5afd0644cc83,1,326171599984944009436,326.1715999849440094
2025-07-01,59,1224392335,6e332036c121d11d8995e05c21de4dfd07320c7d,1,290660000000000000000,290.6600000000000000
2025-07-01,60,1071457523,c1143eef13b2e8b3b64381c8af1c6bf137b5a24d,1,249347992758367162066,249.3479927583671621
2025-07-01,61,17997568,ee85ae5daab560731243403f56c51654def8bc6e,1,243034298313375605613,243.0342983133756056
2025-07-01,62,-424595915,219694c72a9621747e32ba2412099e032eec22f0,1,196861500000000000000,196.8615000000000000
2025-07-01,63,-286087251,85ce12c94afb6100329f5cdd1a449a3b8dd6bef2,1,150000000000000000000,150.0000000000000000
2025-07-01,64,1858456836,c68eed4ed5e3edd8781633b5080c21f1fcbf750c,1,140000000000000000000,140.0000000000000000
2025-07-01,65,1967496554,b20aae0fe007519b7ce6f090a2ab8353b3da5d80,1,102991720386960681773,102.9917203869606818
2025-07-01,66,-404971291,b826014b4562898f51a737681ed8efcef9e7eb6b,1,100000000000000000000,100.0000000000000000
2025-07-01,67,-214796630,336ec537efe1b095732b487488075d868746c354,1,34850000000000000000,34.8500000000000000
2025-07-01,68,-401788256,f11c001711f45c4cf37a87216bfac3bbe8e20281,1,27412650738131201691,27.4126507381312017
2025-07-01,69,-188867133,939d9d2848a7fbd8ba01abfb925e4d73f43893fe,1,22230162970689000000,22.2301629706890000
2025-07-01,70,-347111015,5e799f80c631fb49bf5d2f63bd5708adb6561371,1,16242226277789167882,16.2422262777891679
2025-07-01,71,-414184310,273abdf198bdc6c04ed50636134c754cc494a083,1,15090982049900252500,15.0909820499002525
2025-07-01,72,1472796242,00196341fce30a61c455dda0973ae8c0471a224f,1,11000000000000000000,11.0000000000000000
2025-07-01,73,-397688271,3540d4f8b2e6c45b0dad6be1fd0ebbeb0f1da205,1,10000000000000000000,10.0000000000000000
2025-07-01,74,10290982,c19e59876ac9430176046575365779d1c55c1b4d,1,7921381312708030811,7.9213813127080308
2025-07-01,75,938548451,efa7dd262d397ba2fa0346c925d6bcabc3ee50fe,1,6005966677532153020,6.0059666775321530
2025-07-01,76,-347681354,c52246345ac03689be5f65e5d3777a1d325dbe9d,1,5289941560000000000,5.2899415600000000
2025-07-01,77,1795006138,feeab864797926766a59f86054d1c858076148a6,1,5000000000000000000,5.0000000000000000
2025-07-01,78,-292864771,ed87808812b6374beb9f2eff565040cca83245d8,1,4911198613983192198,4.9111986139831922
2025-07-01,79,-408196270,3d67a7edc57d623a223929150bf3ae0fd76d16f4,1,3965284920924686313,3.9652849209246863
2025-07-01,80,-425866715,4e006601b341dc0ae35656bc7abd498ff451a622,1,3276605622946130477,3.2766056229461305
2025-07-01,81,1752757448,9bec5a041cc063eeb13ca9c95c0f10fd4df60d5d,1,2000200020002000000,2.0002000200020000
2025-07-01,82,-56722704,47529f31c334933dab6e20c4f5bb378f76ad1245,1,1500000000000000000,1.5000000000000000
2025-07-01,83,-369252643,aab59b61be124f6d63e861eca6ad5cc9a7bdee27,1,1000000000000000000,1.00000000000000000000
2025-07-01,84,1596509100,9631288f4050f7cfbf77b77f8540decf6cfc7012,1,400000000000000000,0.40000000000000000000
2025-08-01,1,2070719076,08285a9982ccf65ec579220a12d274c9451b57e9,3,5976621558279216240172,5976.6215582792162402
2025-08-01,2,-418659741,b046086f7b6d74a3498d2b994904233ad3246ddc,2,57558666380937370410784,57558.666380937370
2025-08-01,3,-502255517,4c6fa4de604c25ab195e561e8457a94abd5be9ea,2,15856310531992165112722,15856.310531992165
2025-08-01,4,-31047972,17a749f7fa0055618aa5f958d5aa13f5f5d19ea1,2,505341820000000000000,505.3418200000000000
2025-08-01,5,1172782238,a199bed592fbdebaa66674351ae45d5fd9103452,1,999885865300000000000000,999885.865300000000
2025-08-01,6,760216356,de12179c6cef249bf9d62df823653758645416d5,1,400000000000000000000000,400000.000000000000
2025-08-01,7,1519936566,78dd86577ac3808d1ee76ec6239692d777197edb,1,160937060976000000000000,160937.060976000000
2025-08-01,8,546012736,71d92ce08bae1ecb7feea51e1ef0c2540d2b1751,1,135066010492158588284354,135066.010492158588
2025-08-01,9,454037247,392027fdc620d397ca27f0c1c3dcb592f27a4dc3,1,64946805629958288476552,64946.805629958288
2025-08-01,10,-361099471,6e9380b039e15f2fe655c30e746782c6c68a0462,1,50000000000000000000000,50000.000000000000
2025-08-01,11,1020325595,2385233abb910357e2b97a16d40e0443e53d0769,1,40000000000000000000000,40000.000000000000
2025-08-01,12,-472083704,92e1b83917cb3bee52a5d7b4d8612f9a1c51561d,1,33000000000000000000000,33000.000000000000
2025-08-01,13,1737317950,3ae25b8a85c7b4fbf08c3545e3978c2ad0893d4d,1,32493166975591960000000,32493.166975591960
2025-08-01,14,-124475841,0c1ad377f15e2d967c2a18ebd4f43fbe67b06bc6,1,30000000000000000000000,30000.000000000000
2025-08-01,15,773389401,645c7eda69cc5a76d93003a5faf0f16d95ee331c,1,25000000000000000000000,25000.000000000000
2025-08-01,16,1929000330,4e470a6b51174d938f58475b3bf718c42e564a07,1,20000000000000000000000,20000.000000000000
2025-08-01,17,1353016015,6b238230c8f29aa01368342e125514211343793d,1,18044333380000000000000,18044.333380000000
2025-08-01,18,-496777637,ae8a7eaec2fbff8b7dfed53da93786fb8ed2301b,1,18007000000000000000000,18007.000000000000
2025-08-01,19,1580093279,cbf0ee2e330760f68358163570dd62a9d3b10f27,1,16500029893366771163372,16500.029893366771
2025-08-01,20,-241362645,0e70102163fc49fda6a37aa718efcce32701976b,1,15238512603286720424882,15238.512603286720
2025-08-01,21,1209133988,789c1f56caaabb28b13bfe663d995237abc4e621,1,14000001628693495987748,14000.001628693496
2025-08-01,22,10785814,d2eeff73117c86c14f11a6052620848f8dd6e0c8,1,12696791761000000000001,12696.791761000000
2025-08-01,23,652028688,6e0b07f2e190b12c3980501225a7edf5a0b8e4a5,1,10208665500004632330277,10208.665500004632
2025-08-01,24,2049344234,c3b31afff65bd6208769c978700382cfb504f53b,1,9000000000000000000000,9000.0000000000000000
2025-08-01,25,1228866089,93652ae25d0ba757c3c92a4deb0b05dd1d4efe35,1,8800000000000000000000,8800.0000000000000000
2025-08-01,26,9793687,c0ba9fd6fd13b87f71cf6d665d7f1ebec592c7c0,1,7376000000000000000000,7376.0000000000000000
2025-08-01,27,-8761908,e07d083d4a8810e5b35300a6de579fb2af525e2f,1,6604000000000000000000,6604.0000000000000000
2025-08-01,28,-345665940,5bf5ccde570ed604efd629ea25de72ae396ed3b1,1,6008683308000000000000,6008.6833080000000000
2025-08-01,29,1553666177,fc3b0fae2f16c4e233c6bb65239c7cb156a36fa7,1,5000789660361222170135,5000.7896603612221701
2025-08-01,30,2024746533,b91b04332d818ca3ec30fd49a9f563ab2876d008,1,4000000000000000000000,4000.0000000000000000
2025-08-01,31,1906647833,04ac600364cd28f3bf624c60b5c01cca8d87e19d,1,3034280420107648391292,3034.2804201076483913
2025-08-01,32,-454472936,adbff3e732c4e48ab6fa3c7a9ff374cceeb31013,1,3000000507115392114762,3000.0005071153921148
2025-08-01,33,-476945067,97533a4bce93f2df43fa8a59d9e57f49982e2c9f,1,2373779776366483584865,2373.7797763664835849
2025-08-01,34,1958962890,aaefa1f5a034f0dcddaa265a115f96f62f81bedc,1,2025719847475429593616,2025.7198474754295936
2025-08-01,35,-437650797,d3b89f3dfd6a4b38912dc78101e2d7d325b479d5,1,2000000000000000000000,2000.0000000000000000
2025-08-01,36,932420392,4d72d4269ab46962713ca19cab8161a87684a163,1,1509418450000000000000,1509.4184500000000000
2025-08-01,37,658036080,382ffce2287252f930e1c8dc9328dac5bf282ba1,1,1503163705879883598776,1503.1637058798835988
2025-08-01,38,-231073242,74d3bb859bee3bf6cdd15d4b69899ae90ee20096,1,1100038146475279590554,1100.0381464752795906
2025-08-01,39,359229541,85eb8d27c0c384540e01fae59b3dc42a05371bef,1,1020080301335356334461,1020.0803013353563345
2025-08-01,40,-92268643,a6a622fd7af0b562efb186c5e14478155e087d34,1,994814994385226207893,994.8149943852262079
2025-08-01,41,-307495925,619c5c0de6172015a3f657578f4c3305795f3fa0,1,941722170000000000000,941.7221700000000000
2025-08-01,42,1030205514,69475255a3b7a8f2349a63e44fec6a551bd1392e,1,689877045000000000000,689.8770450000000000
2025-08-01,43,-347011515,c4d8ca9da9df454288e7210b112be912dee700be,1,600000000000000000000,600.0000000000000000
2025-08-01,44,1658370455,c0f6c95a352d71aea182c9db13bbd4a88fdc7cff,1,539642771588429400000,539.6427715884294000
2025-08-01,45,1895673172,22079a848266a7d2e40cf0ff71a6573d78adcf37,1,500000000000000000000,500.0000000000000000
2025-08-01,46,1945551867,efbd77ab27f16bbbc45357d0c934a1254a10d2dd,1,384000000000000000000,384.0000000000000000
2025-08-01,47,305094468,8e07e61216629d0fe9e8d0334da6ac41a8d11b31,1,300000000000000000000,300.0000000000000000
2025-08-01,48,1409598941,013564327718001a109b5d895cc170c21bcffd7e,1,300000000000000000000,300.0000000000000000
2025-08-01,49,-325788883,22cd3d778030dbacbefefe24301b84725011ec48,1,212445701010000000000,212.4457010100000000
2025-08-01,50,1509086634,deae57d25ea158b0e9650b544ebbc7b2f8a52890,1,203701196006922735436,203.7011960069227354
2025-08-01,51,1543165646,eb37ce9bfdbeca20e4ce1886429a51f3988464ed,1,203138321150403498718,203.1383211504034987
2025-08-01,52,-424780420,355ce27a14852fab7844877fbddc32088212e665,1,202810624516503250037,202.8106245165032500
2025-08-01,53,33637109,a4a355802930f3d3325f8269e789502c4585a0a8,1,181778726907580729605,181.7787269075807296
2025-08-01,54,1131183045,3f54cba3d082872609dbce4d82c40496c1c21137,1,148272506945866975891,148.2725069458669759
2025-08-01,55,1752757448,9bec5a041cc063eeb13ca9c95c0f10fd4df60d5d,1,101999838235306674430,101.9998382353066744
2025-08-01,56,-263303551,30542a2ad71c463ed196601f1bca3f0c952a4829,1,98726813383760247193,98.7268133837602472
2025-08-01,57,891516037,7c96a0a0e5c5a57130042ae225802e72474685da,1,95381700000000000000,95.3817000000000000
2025-08-01,58,-392024420,c18d994224232421887510ab859b2d495052e3e0,1,95000000000000000000,95.0000000000000000
2025-08-01,59,-11045579,4a398f2d3226404a642b6489984519ebae122e43,1,69691882295594101094,69.6918822955941011
2025-08-01,60,1854560004,5e252c0175ce4b2915cb4c6d980d8e46977c8863,1,69672530000000000000,69.6725300000000000
2025-08-01,61,48745792,a72945c86efeb5f357663a21bb1979a0934809ac,1,62142328366445843872,62.1423283664458439
2025-08-01,62,-434011213,0512b23bf715f82515d070ff619c93572880cfcc,1,46965310495527436688,46.9653104955274367
2025-08-01,63,-458531138,ff620380bdceb4158ec9c0d54ba9a24a2f0524f4,1,40024014410000000000,40.0240144100000000
2025-08-01,64,-342385723,2fc781e99062778662c1eb734b2517deb45070a3,1,31355361967329927026,31.3553619673299270
2025-08-01,65,1976206120,a1db58d8827f1c986740eaba00c54f016526cf15,1,12621911920000000000,12.6219119200000000
2025-08-01,66,1047222397,357905884d15982dc2c608b86bdc55f93561be70,1,10612056734956439876,10.6120567349564399
2025-08-01,67,-459293959,c82efdec09c3e9554fcb4865f81f440e7e08c9db,1,10000000000000000000,10.0000000000000000
2025-08-01,68,1967634304,6b130820c449a27b35256a3c99942adbd53aac18,1,10000000000000000000,10.0000000000000000
2025-08-01,69,2073259970,946e2ad29a7f2324dfb3ef2067619f8590ecbfa2,1,10000000000000000000,10.0000000000000000
2025-08-01,70,-416473588,6de642b7e6452f6821121e0d1a4b4dbdb5d54073,1,5306940000000000000,5.3069400000000000
2025-08-01,71,-219249956,8adfe0cf7552fa3ba01955c4c843a584aa4aa35e,1,5000000000000000000,5.0000000000000000
2025-08-01,72,1585095435,aac747ee7f76db0976481a553e51a0ce80353550,1,3825066598468843826,3.8250665984688438
2025-08-01,73,1781245225,a084d752cf7930e46d4ec1fb9379334001b528b8,1,2340000000000000000,2.3400000000000000
2025-08-01,74,1910906027,5dde08a6eddee1952d70357cb832000b5f7d185a,1,2000000000000000000,2.0000000000000000
2025-08-01,75,-303724272,3efe375144161a8fdbe75cb1dc14d578cfb5ed25,1,1095785022781277563,1.0957850227812776
2025-08-01,76,2098950639,de1c7bdca2ad9d0abd7d8d7097fdce6db0d5349d,1,1000000000000000000,1.00000000000000000000
2025-08-01,77,1837329393,4f75e5a970769a89b9bd03b0d2da11317cb94656,1,1000000000000000000,1.00000000000000000000
2025-08-01,78,1516353794,d1236a6a111879d9862f8374ba15344b6b233fbd,1,1000000000000000000,1.00000000000000000000
2025-08-01,79,1915715589,15775b23340c0f50e0428d674478b0e9d3d0a759,1,100000000000000000,0.10000000000000000000
2025-09-01,1,1737800013,caf1943ce973c1de423fe6e9f1a255049e51666e,8,29675206568339518920707,29675.206568339519
2025-09-01,2,-552507067,3fe1ef69585c18a374d091706e0782a9a048b44c,5,496114846006442,0.00049611484600644200
2025-09-01,3,1861713724,1ab4973a48dc892cd9971ece8e01dcc7688f8f23,3,25003987077220000000000,25003.987077220000
2025-09-01,4,-31047972,17a749f7fa0055618aa5f958d5aa13f5f5d19ea1,3,6803201070000000000000,6803.2010700000000000
2025-09-01,5,-443041581,1c051b6457e792ca159c0e33b70aff132c7176a5,3,3342638394528986000,3.3426383945289860
2025-09-01,6,-564951081,92ee32937f3a86bb897e3b15de55078f18cb7cb2,2,251673065734197956687965,251673.065734197957
2025-09-01,7,1322403453,8f7b9d11c58903c482608476040a625fcbe519a4,2,17500000000000000000000,17500.000000000000
2025-09-01,8,-464916474,c0db3673f4699b3cce75f7c7404cd94deee12767,2,15149999999999999440,15.1499999999999994
2025-09-01,9,1804318336,a8c18057c5aaaaff6000d28a057a6994b2e09bfb,1,8000000000000000000000000,8000000.000000000000
2025-09-01,10,-518764694,325228217e02e31529bf4bc6e32db695ea525669,1,1200000000000000000000000,1200000.000000000000
2025-09-01,11,-487103237,2324b81dfd1c90a823e0f1be8a67bdefa23de95e,1,259766797008863181184793,259766.797008863181
2025-09-01,12,440438800,46b46931423e711d051e264020acad89c0e147bd,1,216332345797975079913824,216332.345797975080
2025-09-01,13,1137699004,5a98dbceeca053b7845fc4dd79124f66908ade50,1,211050581773173277943674,211050.581773173278
2025-09-01,14,-474424676,bdf1f9e2e6102fe4acc0e1bd4db657463d0a4155,1,99999955936218778880490,99999.955936218779
2025-09-01,15,857955402,6cdbe6c352fee83f8f873be6f08a0d559c63d412,1,44478000000000000000000,44478.000000000000
2025-09-01,16,-226566816,21f1359b6dd3392d3dc567d005d83b6d017cc60d,1,32026000000000000000013,32026.000000000000
2025-09-01,17,-342768628,e281bfe7834d2b69a84440725b91907059f80695,1,27456187507832845031686,27456.187507832845
2025-09-01,18,2024231519,5a542591802aa3c4ba62ce169bc97874169264ff,1,25539410000000000000000,25539.410000000000
2025-09-01,19,318217512,b460336e8850ba79c56cfa6e47de2fcd3d2d3d63,1,22020009562000000000000,22020.009562000000
2025-09-01,20,1998010172,d690781a0f612bfac1dc325dfa5690541732585a,1,19805889509442000000000,19805.889509442000
2025-09-01,21,-84872816,737353853f346d639f4f1dd467111c1b63e4a4a5,1,16908286530000000000000,16908.286530000000
2025-09-01,22,-343866175,06462bc502fa8d6510cb1b6466062f61e472e030,1,15000000000000000000000,15000.000000000000
2025-09-01,23,-496777637,ae8a7eaec2fbff8b7dfed53da93786fb8ed2301b,1,13529309988130049620499,13529.309988130050
2025-09-01,24,1644545701,884e6e8f33d33908fb3e7f0b25a797992d0df63d,1,12774820880231132262318,12774.820880231132
2025-09-01,25,-384356283,32bc5a5d9b0323c8ecca77785c4eb83516cca120,1,9999908614153900000000,9999.9086141539000000
2025-09-01,26,65591,4d25819e9de2a2eeeddca953d1ef0182680a7054,1,9999081490000000000000,9999.0814900000000000
2025-09-01,27,1517820130,c918f7496689e60a5f42dd14b75486aee87f184e,1,6000000000000000000000,6000.0000000000000000
2025-09-01,28,-308875348,42f77af6a44eea911098f5a18374219335644272,1,3694641305225495340771,3694.6413052254953408
2025-09-01,29,-498206261,11c8d0a9ae1ff1b3773655d39910965a4d915a8c,1,2757000000000000000000,2757.0000000000000000
2025-09-01,30,791440670,e4c36d8b4c9784979ca14cad5e0dd4ebe70c8386,1,2300000000000000000000,2300.0000000000000000
2025-09-01,31,754034444,599f6a02ffa92e74d560aaabb77e5785a0ff6669,1,2000000000000000000000,2000.0000000000000000
2025-09-01,32,431926677,3c57cb6c743b190cec13cd804afd753531b94ea8,1,1286197279756974951419,1286.1972797569749514
2025-09-01,33,-428205982,449cd3fa472c3cc279e46655b613b4b10272147a,1,1004423915791620626604,1004.4239157916206266
2025-09-01,34,-354316722,30f932a1582730901e4d26324182c761732b573d,1,940579176876968508320,940.5791768769685083
2025-09-01,35,-296564222,6f39806d7676d38dacfe2785fd7f44f94338f745,1,904045602706698416740,904.0456027066984167
2025-09-01,36,-537316847,86316389376c39d15e0f7f5e6df4679de8224bfa,1,533000000000000000000,533.0000000000000000
2025-09-01,37,1714585520,25bdef4bf503d0aae27d6330c39faee43ba56676,1,400000000000000000000,400.0000000000000000
2025-09-01,38,1466395771,016ca73b1182c23e7c20a1c98ad2bf50cbb33281,1,309957110000000000000,309.9571100000000000
2025-09-01,39,-447220161,a2a26b4cfab1e3d66c7664ca96470219fe1a98c0,1,300000000000000000000,300.0000000000000000
2025-09-01,40,34649062,7692a4436f8252f34258c2bfa846ec5e840d5e55,1,266026535230968007821,266.0265352309680078
2025-09-01,41,-566948805,96485f2babb1dcee4acf5cae45f531aabca787d1,1,251394770000000000000,251.3947700000000000
2025-09-01,42,-186214625,9bd58f12ffdfe228d1f085ab0af55fa070b31391,1,207901403969959615110,207.9014039699596151
2025-09-01,43,-548627507,effe3dcb89ec551d01a33c6b917845cb5f7c87bf,1,179874651041552740974,179.8746510415527410
2025-09-01,44,381304277,141fef8cd8397a390afe94846c8bd6f4ab981c48,1,150000000000000000000,150.0000000000000000
2025-09-01,45,-553237504,53f2558469fb00a4db853ec8a5a749796b9034e2,1,132000000000000000000,132.0000000000000000
2025-09-01,46,1825050955,eee661edcfe634dc0e29d62c26afd62c0843b817,1,100000000000000000000,100.0000000000000000
2025-09-01,47,1538469148,1689eb0c9332b626cf143a95457fe64a7b54c544,1,100000000000000000000,100.0000000000000000
2025-09-01,48,30888142,05555b1a39d6545b2483eb29805ad8b00369972b,1,89311792295669981850,89.3117922956699819
2025-09-01,49,767920570,6c4a6628ef83594ffaecd21ad36a85203c05f0a6,1,78703711990867690560,78.7037119908676906
2025-09-01,50,-517213477,5512d808e983d92a91177aded1236e6b0204c0b6,1,54845626560000000000,54.8456265600000000
2025-09-01,51,2045844534,c3bca5ad5d14e3c94125209f9dfdc7554d9c5013,1,50000000000000000000,50.0000000000000000
2025-09-01,52,509416675,64d4f8fc6e7fc9e0e119b0d9b55d891b770e319f,1,49947555067179465000,49.9475550671794650
2025-09-01,53,-338364712,0d4291885dba1e558320c5cb7ab4c8f17c78f0cb,1,49456461536076370798,49.4564615360763708
2025-09-01,54,1512617428,09dc150089f92842fe8ca258a5be4e235f502ebe,1,34844148898838827703,34.8441488988388277
2025-09-01,55,-165306368,457c08a5321b1faf6f325134c0203b957db09c86,1,29000000000000000000,29.0000000000000000
2025-09-01,56,-549766819,4bd013eec5895cfb8bf7e78f5b3531af03c7396a,1,24781160191899982629,24.7811601918999826
2025-09-01,57,505406866,e15b4b1921bbf7066a82ca71a751063e99c86154,1,20000000000000000000,20.0000000000000000
2025-09-01,58,47824712,bd94fade174ed9b4c38d77eb8933df848cd9b4ae,1,13930324294815657950,13.9303242948156580
2025-09-01,59,-522696953,f7e76a8ccb77ef028d8323a52a30b79b33bb6064,1,12000000000000000000,12.0000000000000000
2025-09-01,60,-519318514,9e1c6e36bca4dab52c44f38cd88c3bf9cba94818,1,10000000000000000000,10.0000000000000000
2025-09-01,61,-411102949,6cdc4bd1e7ff90f97d1cdc410bfd41303fc0b8ed,1,10000000000000000000,10.0000000000000000
2025-09-01,62,993837692,5ce7d83f7aaac17a0ad40540b37fc7a0b688ff44,1,10000000000000000000,10.0000000000000000
2025-09-01,63,-492699680,efcb1210483addacb50ec115ff9aa42a8dc72664,1,8766194134476564480,8.7661941344765645
2025-09-01,64,1522605755,aee60bf5cb80b08b7cc43a816ca8ea5df2e5251f,1,8508117968164683000,8.5081179681646830
2025-09-01,65,-529349117,fce919e9a781b66b3cf91a9f021ae2ef104d9256,1,6000000000000000000,6.0000000000000000
2025-09-01,66,-447272073,c27e6bc91cc16cd09a5da9df575b4865b1105730,1,5000000000000000000,5.0000000000000000
2025-09-01,67,-219249956,8adfe0cf7552fa3ba01955c4c843a584aa4aa35e,1,5000000000000000000,5.0000000000000000
2025-09-01,68,-556479113,08d18b2cdac3793121cc922f88f45a372eee9f75,1,1000000000000000000,1.00000000000000000000
2025-09-01,69,1954449572,da3e278dd9ac445917b9f6b291b9be4efbcd289b,1,1000000000000000000,1.00000000000000000000
2025-09-01,70,-574509914,ea8a744b018f69ee1bbe14b6572d39ffe353c4cb,1,1000000000000000000,1.00000000000000000000
2025-09-01,71,1862775395,7b7bbad3db88b5f4cb97d7dbc57d44bee75d52b2,1,1000000000000000000,1.00000000000000000000
2025-09-01,72,-182557821,d33476e36ae6afd50e3cb9ee62871a5e83fefb89,1,1000000000000000000,1.00000000000000000000
2025-09-01,73,-528948309,1a7ee1ccbd0c44104ad485d494f3aebc87080d8e,1,1000000000000000000,1.00000000000000000000
2025-10-01,1,-354346549,2f7467c2140ce6daa39dfeebbd8ece59372364e6,7,753725818973918439748169,753725.818973918440
2025-10-01,2,1861787219,37cde33ccaebdc8b7c45b2572215e626385b6b7d,4,17500038150230290464768,17500.038150230290
2025-10-01,3,-325788883,22cd3d778030dbacbefefe24301b84725011ec48,3,4557404784320000000000,4557.4047843200000000
2025-10-01,4,1861713724,1ab4973a48dc892cd9971ece8e01dcc7688f8f23,3,2599844811200000000000,2599.8448112000000000
2025-10-01,5,-581615907,ef6648842f74612e3566f52a361c4fba8aa30cce,3,3000000000000000003,3.0000000000000000
2025-10-01,6,1322403453,8f7b9d11c58903c482608476040a625fcbe519a4,2,11250101806810236190720,11250.101806810236
2025-10-01,7,2036974931,d30e0a08c469b9f037c0d8599e09cb7872849111,2,10029517065384398247086,10029.5170653843982471
2025-10-01,8,1945551867,efbd77ab27f16bbbc45357d0c934a1254a10d2dd,2,5300000000000000000000,5300.0000000000000000
2025-10-01,9,1396805080,81521bfc9bccba5553a9936b704e2dc28b2edaee,2,1200000000000000000000,1200.0000000000000000
2025-10-01,10,1916088410,eeb399662a896c8a749b6d6a77950768a3a1366f,2,320000000000000000000,320.0000000000000000
2025-10-01,11,1751552478,0e342f1bf748888960e24f03f836768e83d88cee,1,10030000000000000000000000,10030000.000000000000
2025-10-01,12,-380140493,0a4dd2d872462c5021c3c27ffecf94e6abc6480d,1,1357775099385030000000000,1357775.099385030000
2025-10-01,13,-585795713,7de2181413be517de5002647a362291c3a12b993,1,1014713030192000000000000,1014713.030192000000
2025-10-01,14,-588851711,01f070a65c7c5920811202800d4d327825ff9b77,1,210000000000000000000000,210000.000000000000
2025-10-01,15,1309294049,2de373887b9742162c9a5885ddb5debea8e4486d,1,142800000000000000000000,142800.000000000000
2025-10-01,16,1906323872,ee622c0448ce4582c9c5597a8b71a8feb7021a33,1,90000000000000000000000,90000.000000000000
2025-10-01,17,1662436352,a30cd8e719712e6ab4be869374ddb8c7a43aa296,1,67112530000000000000000,67112.530000000000
2025-10-01,18,1280001272,a5fcde36a7a19a97619e8cd59fe5dc5a1b7a63a8,1,50000000000000000000000,50000.000000000000
2025-10-01,19,-73594207,97a205769a89376867744124939407f0c42aad77,1,45243000000000000000000,45243.000000000000
2025-10-01,20,-546409189,b0447068ff6c992af33bceb2cc6818f39749b6d5,1,39998186340000000000000,39998.186340000000
2025-10-01,21,2049344234,c3b31afff65bd6208769c978700382cfb504f53b,1,38000000000000000000000,38000.000000000000
2025-10-01,22,-540356973,46fe710c75348880a4f33b5d76b403074493740c,1,37749665950000000000000,37749.665950000000
2025-10-01,23,-91534948,392a8341857bbb0d54187b32f250142066b74c75,1,26477174896093006472028,26477.174896093006
2025-10-01,24,779810623,d3efd2c80419714aa81839b736f89585116951e3,1,24998779648447409731379,24998.779648447410
2025-10-01,25,1311716462,27eccca35c6b5f3bf1181d8e033c5b13bf258b27,1,21500000000000000000000,21500.000000000000
2025-10-01,26,882850398,c31cc53ec52d39cf090c5a183d6cb9badf942b0c,1,20393729402000000000000,20393.729402000000
2025-10-01,27,-431517089,7efeceb12528a19b0e73422594d671a52089a151,1,20049185096803352421014,20049.185096803352
2025-10-01,28,7245493,b1bf6a2a83daf026d8dbd089c2d0c75649fef3da,1,14967462347321785247040,14967.462347321785
2025-10-01,29,-158169123,19705a964f12f5e989b503f50f710d9918f50c67,1,10193326966213704013425,10193.326966213704
2025-10-01,30,-599876189,52643d4734334c7774a43cc5225c11f2428f83dd,1,4256373062939401486799,4256.3730629394014868
2025-10-01,31,-623351479,915256dd3efc91b717e1e7abbc743d493422a182,1,4000000000000000000000,4000.0000000000000000
2025-10-01,32,1724370274,0051ef9259c7ec0644a80e866ab748a2f30841b3,1,4000000000000000000000,4000.0000000000000000
2025-10-01,33,1889405078,21e9c1004717f6abb6670e1bba709d8c1d83ad4e,1,4000000000000000000000,4000.0000000000000000
2025-10-01,34,1600620284,aa7577a7a27aa7fcf6d0ec481b87df3ad0f6a88e,1,3196950357375750000000,3196.9503573757500000
2025-10-01,35,-412157983,770ed80087400483ca36082ecdd06574bdf76d33,1,2500000000000000000000,2500.0000000000000000
2025-10-01,36,-202941308,59fe5692b848339a31a5f32c75d5943562d99fea,1,2359392928464422420246,2359.3929284644224202
2025-10-01,37,-69517821,a710fd28d9667d8f18f9231b21cf2491e55cfa72,1,2156779629043234644729,2156.7796290432346447
2025-10-01,38,1543086486,47f7a5d8d27f259582097e1ee59a07a816982ae9,1,1949391008515561358699,1949.3910085155613587
2025-10-01,39,-430522649,7cbe4bd405b352d83757b31fc61b67a85e64f0fc,1,1670000000000000000000,1670.0000000000000000
2025-10-01,40,1459786191,1a1b402b3d7ffde999155365e75512e624caad98,1,1500000000000000000000,1500.0000000000000000
2025-10-01,41,-169543118,2508084c418f58fe7d6144b3225457f157447772,1,1090074794004100515923,1090.0747940041005159
2025-10-01,42,-604101205,5d7711ca5c47869286d1d395ef39d5d6c9b69229,1,837162837160000000000,837.1628371600000000
2025-10-01,43,-598914447,f2556208c7184358471dc74cfac0e1a31f2a9a0a,1,700000000000000000000,700.0000000000000000
2025-10-01,44,1947478967,d8c2e378c699b7e3e5f97cf4f0f46741296d8cbf,1,641000000000000000000,641.0000000000000000
2025-10-01,45,-226061742,91d40e4818f4d4c57b4578d9eca6afc92ac8debe,1,547757532230000000000,547.7575322300000000
2025-10-01,46,-168146519,94525ec1d79f4f8fac9461a67e25372a7614cb36,1,446428244083880707199,446.4282440838807072
2025-10-01,47,-397930350,828f4a334c69ca01b79fe18bda8a24b12f4b31cc,1,419084286190261283603,419.0842861902612836
2025-10-01,48,352887675,898ae2fa55497587becb740a7f4e18220ddbf9a9,1,409095743748735794437,409.0957437487357944
2025-10-01,49,-203874785,74ddb1247f83b67c694236aca6e79c6c55f1f2e0,1,380000000000000000000,380.0000000000000000
2025-10-01,50,-367281537,11917e627cc73b3736ffb2b4a1daee5a72f8a000,1,300000000000000000000,300.0000000000000000
2025-10-01,51,671772771,8887d34a44e37196088dcc25e8bb4ebb2872ec29,1,252628604753706538983,252.6286047537065390
2025-10-01,52,1561834602,1f8e140a1aa73c19c0fcb7343243e4cd30eeae49,1,233802128345877769184,233.8021283458777692
2025-10-01,53,230510657,b8ba36e591facee901ffd3d5d82df491551ad7ef,1,163993797750000000000,163.9937977500000000
2025-10-01,54,1259338830,75b50d8ddb6a2fdbd0cd5d38148240dd50092a82,1,122712251218470185400,122.7122512184701854
2025-10-01,55,-386302427,cbac92a08cea952f8297fabb8d5dbda05f2f66f2,1,100000000000000000000,100.0000000000000000
2025-10-01,56,790520673,ce5dc421d4461c1b9dfc1ec99d9ad3f93720e0aa,1,61599169855089100889,61.5991698550891009
2025-10-01,57,-588638710,d29c3ef9ae1bf484f9d59e880ecf6bc85e801458,1,50000000000000000000,50.0000000000000000
2025-10-01,58,-361219742,d41991c70b6ebaab748796e65b674bee80c71cda,1,45250943467714029629,45.2509434677140296
2025-10-01,59,-442851836,e854d98308088fa98f97649f1901baf25afc792c,1,44670274656861324883,44.6702746568613249
2025-10-01,60,-600806027,1e4250e0500b7efc0d0dfe89144c1890cbdd6705,1,33368589936752114403,33.3685899367521144
2025-10-01,61,-563457383,647ae6183746020735007165bdb64ce88469bb31,1,27931064562950940054,27.9310645629509401
2025-10-01,62,-247693430,cc7842a800de3bf5711d5e60fa0454b91840dedf,1,27000000000000000000,27.0000000000000000
2025-10-01,63,-417170763,915e9b5d7c5330ab57c056db1262c65b95a6e37a,1,22240489901760055850,22.2404899017600559
2025-10-01,64,-559681935,c3245e7f97856df38fe33a86c81805ceaeca451e,1,20682340020000000000,20.6823400200000000
2025-10-01,65,1353880975,b1b3c96ae7a3fc2104665e5daee350675ae81a62,1,20000000000000000000,20.0000000000000000
2025-10-01,66,-582647672,9878d4c73c694fa9c7a4516bc2069ca260da3e55,1,10000000000000000000,10.0000000000000000
2025-10-01,67,-589459548,b53fade89c5018748d6e51e9d19211881fd27048,1,7479583349805045211,7.4795833498050452
2025-10-01,68,-368504565,23d8a01139ba29e79a11c65415e862bc343a3582,1,5017309718528924000,5.0173097185289240
2025-10-01,69,2052315036,cc494989d8b3415dbdf86fa36b48d4732afb4b8e,1,1000000000000000000,1.00000000000000000000
2025-10-01,70,1833818933,777cc2b5ec4c50b5aec0c0d9f8d1b8599ef2a54c,1,1000000000000000000,1.00000000000000000000
2025-10-01,71,36333166,5d7de07fd214f0ad436e808b0ffe338fca02043f,1,1000000000000000000,1.00000000000000000000
2025-10-01,72,890734488,01004bea6919b67c1475756ea75019f3bdc40679,1,1000000000000000000,1.00000000000000000000
2025-10-01,73,-556479113,08d18b2cdac3793121cc922f88f45a372eee9f75,1,1000000000000000000,1.00000000000000000000
2025-10-01,74,1744385187,e60e3990108dcbbc3c276b05439326186bbff3df,1,1000000000000000000,1.00000000000000000000
2025-10-01,75,-210147936,8b2438601eb13580f8906d136991a8f2b5417afd,1,100000000000000000,0.10000000000000000000
2025-11-01,1,-546409189,b0447068ff6c992af33bceb2cc6818f39749b6d5,3,678027420000000000000,678.0274200000000000
2025-11-01,2,-325788883,22cd3d778030dbacbefefe24301b84725011ec48,2,54281850000000000000000,54281.850000000000
2025-11-01,3,-582291163,0b12402b51150a9256cb7e0db2549416e0ef8521,2,32014000000000000000000,32014.000000000000
2025-11-01,4,2077195519,170a2d349a038e4b3e948e5c09a3720c719f3db1,2,1248437351413652373679,1248.4373514136523737
2025-11-01,5,1489735160,58b704065b7aff3ed351052f8560019e05925023,2,973170000000000000000,973.1700000000000000
2025-11-01,6,-633202265,12e85b7a985283bbff212a059e2d226397b78f95,2,2000000000000000000,2.0000000000000000
2025-11-01,7,-453411070,8014540c6c45bfca7301e2898f8f04864252b564,2,2000000000000000000,2.0000000000000000
2025-11-01,8,54596232,f4dfcd61c36fc3ac374e52206c43253e14c2ffe2,1,697435395840117411959544,697435.395840117412
2025-11-01,9,-481257771,778a12a5982831b62885ee6d93e0f0f6c67e7e64,1,169398675810028230937307,169398.675810028231
2025-11-01,10,-658341964,7c0c50a6fc19a9c3ba0ea468e15785b710c123f6,1,118152806841703333403568,118152.806841703333
2025-11-01,11,1345351926,874773da94557a6c1be5e76bb8b975acbb0adebd,1,65513623193471341742417,65513.623193471342
2025-11-01,12,-408672550,308515631112a6a67ac70a50ca74a049412fab1a,1,65174452814209431478745,65174.452814209431
2025-11-01,13,882474117,b497070466dc15fa6420b4781bb0352257146495,1,60000000000000000000000,60000.000000000000
2025-11-01,14,1208814034,86aef245207e2f93fba083d51852c91a7e711eb6,1,50000000000000000000000,50000.000000000000
2025-11-01,15,476235261,1cf6aa609afd0d3a838b0fc544b34313e70fe557,1,49983598619396862500633,49983.598619396863
2025-11-01,16,1417661263,d19841d452ea34428b549fe1ec39da57d863dfba,1,30000065929379732611379,30000.065929379733
2025-11-01,17,2014393011,befc3bce374e32ea261881d06ca166a1473ce733,1,19987637211000035478671,19987.637211000035
2025-11-01,18,-688253951,0e298bd5932cf54f935e0bba235b13fcb457b91e,1,10093917337622723651546,10093.9173376227236515
2025-11-01,19,7245493,b1bf6a2a83daf026d8dbd089c2d0c75649fef3da,1,6499936668406438051379,6499.9366684064380514
2025-11-01,20,1392312897,501f4860aad23ffa53992dca8316952e374eaeab,1,5992447604000000000000,5992.4476040000000000
2025-11-01,21,328106889,4f80ce44afab1e5e940574f135802e12ad2a5ef0,1,5000000000000000000000,5000.0000000000000000
2025-11-01,22,-431880826,e21d32ff496014243f87070e42e138974d8eafb3,1,4334849859011883198599,4334.8498590118831986
2025-11-01,23,-643453029,edcf7e8c7fda92493579a6a2ddb579f6d1abbc34,1,3736000000000000000000,3736.0000000000000000
2025-11-01,24,-689129328,6680a1d52ffd94f853b3aa589e988163fdb26bbe,1,3195943070916089310883,3195.9430709160893109
2025-11-01,25,-587391986,03e900e28a41931d4a2f9ea566c7c9b738aa1b7d,1,2933120684238703293186,2933.1206842387032932
2025-11-01,26,303692665,31304ccdd28e62ef552824db08a350d752068c39,1,2000000000000000000000,2000.0000000000000000
2025-11-01,27,-174390834,0c5e550e4052d32bbb54939cc6b8667c83d92196,1,2000000000000000000000,2000.0000000000000000
2025-11-01,28,1501960,370a5275f69cb3c2e76cfe575cf7f846f906b34d,1,1530000000000000000000,1530.0000000000000000
2025-11-01,29,-631693207,f2a50b9c0b98005d17c3bcde024b5e1b5df04b91,1,1029701339304911632735,1029.7013393049116327
2025-11-01,30,-669735915,5098e9a091bd5e5f6b5705ed1131d99f7170263f,1,840000000000000000000,840.0000000000000000
2025-11-01,31,53417050,abe2355abc689e2d80597d6cb8dcf1bc35e261af,1,400488792814679284375,400.4887928146792844
2025-11-01,32,-405440007,0d04e320e18aabc6d8c9563783a9a0cec4ecac89,1,300000000000000000000,300.0000000000000000
2025-11-01,33,-603411816,3c318e1a34c00a27c8438176d4127df4a7c1448b,1,268596659619467602333,268.5966596194676023
2025-11-01,34,-605888725,04311b775be6c7a43804d037e41cbabe01b916c0,1,240094404100342821852,240.0944041003428219
2025-11-01,35,-263984293,3b2b389e6ba7cd904abcf3d213515e652cb60073,1,211684733577222683274,211.6847335772226833
2025-11-01,36,-657561772,f3eb9117c58280c82be3a91f9e113bf7aab74bca,1,130000000000000000000,130.0000000000000000
2025-11-01,37,-649802145,a08b55abb081b404047d8226370381c86c41dccc,1,106200000000000000000,106.2000000000000000
2025-11-01,38,1103089328,2af2b2e485e1854fd71590c7ffd104db0f66f8a6,1,104695889648055909233,104.6958896480559092
2025-11-01,39,-660728825,4aad0afe6dcd9890f8c5105e5281991348127eb4,1,95927280030789800000,95.9272800307898000
2025-11-01,40,994220768,9a68bb7ce07805d4c3e20afe23bcdbf060a4214f,1,84619836315876521406,84.6198363158765214
2025-11-01,41,-650775664,4a44166caf837508e2230950f3269dd6f61f6d5d,1,84350000000000000000,84.3500000000000000
2025-11-01,42,1892522606,9e1b497f6c7e6cf8b758aba727e625f3be09bbd4,1,53216613967902314012,53.2166139679023140
2025-11-01,43,-670876439,6bd44de64df7e88fdf71ed364923b00e75b1ff09,1,51000000000000000000,51.0000000000000000
2025-11-01,44,963208311,5e0936b2d7f151d02813aace33e545b970d9c634,1,50000000000000000000,50.0000000000000000
2025-11-01,45,-340795854,86c9cca7e0ef13ccf20c820fbd393da020b0cedd,1,27657201248540311372,27.6572012485403114
2025-11-01,46,-586944760,67cd36686bc8135572812caed4d8d056694a8e53,1,26977011148465790009,26.9770111484657900
2025-11-01,47,1843887211,2a438db1d761c33a0179ffc23d2bf7282b8bcb55,1,20451590346190997266,20.4515903461909973
2025-11-01,48,217922039,72e5263ff33d2494692d7f94a758aa9f82062f73,1,20010000000000000000,20.0100000000000000
2025-11-01,49,-377750477,3d8fc93bd32dc5c486f5ed14c784a0e20a1e24a0,1,14966509190491696000,14.9665091904916960
2025-11-01,50,-659485105,4aa44ad8b97ae347d5ff5523e6f09c8bfa9d9ecc,1,10944716936118457617,10.9447169361184576
2025-11-01,51,61264178,641ad78baca220c5bd28b51ce8e0f495e85fe689,1,10000000000000000000,10.0000000000000000
2025-11-01,52,91138,167a9333bf582556f35bd4d16a7e80e191aa6476,1,10000000000000000000,10.0000000000000000
2025-11-01,53,-644676343,1424236fe7fcb4a9e53d841ba3196628a92c9587,1,8962614447576481192,8.9626144475764812
2025-11-01,54,2073859033,6f22bd9f4a0776b92916fa39f9bc80b14533a5ff,1,1400000000000000000,1.4000000000000000
2025-11-01,55,-403780007,6094efdf9478966a9865101acb985f5b4bea6561,1,1000000000000000000,1.00000000000000000000
2025-11-01,56,1945690166,495ff52f3a7a020ef33097ba530ca11da8c65ada,1,1000000000000000000,1.00000000000000000000
2025-11-01,57,990456597,a648640060d5d00914c05c10bde3e0cba5c88cd2,1,1000000000000000000,1.00000000000000000000
2025-11-01,58,-281099893,93811a897034ba7c1b478c4c19ac5bc95f2c3364,1,127561358909471783,0.12756135890947178300
2025-12-01,1,1011190016,10ee12fd24893ad8d4f5a70b4d3b1bfd0d1d9ec8,6,6000000000000000000,6.0000000000000000
2025-12-01,2,-654603985,c5a14a5754e5331e4a4b3f6afc7b0979879b8d5a,3,3000000000000000000000,3000.0000000000000000
2025-12-01,3,-149516466,a251f9d9ecc606c12eada925f0e5eb12fe9ab50c,2,15000000000000000000000,15000.000000000000
2025-12-01,4,-693233534,6dbea97a33255fcfbbb014a4d69698e76709bd93,2,1005018812695900151380,1005.0188126959001514
2025-12-01,5,-736344756,0000e7316ba731a244e13a921621e2dcebac0000,2,2000000000000000,0.00200000000000000000
2025-12-01,6,1935269878,fe54f535c14de426b9de31406b5836745cd11e18,1,500000000000000000000000,500000.000000000000
2025-12-01,7,-356278846,e4637833f5513524d0b9337a75963619034fbb23,1,275728000000000000000000,275728.000000000000
2025-12-01,8,304531771,06657d080b35315a011f60d4c78cb5d599d718a5,1,222210118459000000000000,222210.118459000000
2025-12-01,9,971414909,bd73cf5baf12f120ee3f6c4ad82df9a12649e578,1,114304607924000000000000,114304.607924000000
2025-12-01,10,-126064229,56c0eaae620eda7ff5f8fedae60f299f3d62ab30,1,110015842691667008149871,110015.842691667008
2025-12-01,11,-679887144,3757e5b84a04234bb2ed7b72991794b476a78c4c,1,50000000000622497175551,50000.000000622497
2025-12-01,12,587914817,cb49ba13909b0537f46366b16bcfb165da7badd4,1,40000000000000000000000,40000.000000000000
2025-12-01,13,-495524767,7067ba2316b4ffc12e30c5ea4395515760732eef,1,20000000000000000000000,20000.000000000000
2025-12-01,14,-522540849,8a63d94a0450121563e3c90ac67f30ac4d517b0c,1,18201425479468854936542,18201.425479468855
2025-12-01,15,2003109218,ce21c552f2a64935205858d3c267f1f83654d9da,1,17709000000000000000000,17709.000000000000
2025-12-01,16,95301176,cebec5a1c885607ee5ae1ac80f8627a0356ed269,1,15387393637714196697385,15387.393637714197
2025-12-01,17,9793687,c0ba9fd6fd13b87f71cf6d665d7f1ebec592c7c0,1,10000000000000000000000,10000.0000000000000000
2025-12-01,18,-576614950,afffdbf4c8c7f89cd44b3369495cdd33c8cba562,1,5744765587625687115401,5744.7655876256871154
2025-12-01,19,1861713724,1ab4973a48dc892cd9971ece8e01dcc7688f8f23,1,3993980579980000000000,3993.9805799800000000
2025-12-01,20,381304277,141fef8cd8397a390afe94846c8bd6f4ab981c48,1,3658000505680000000000,3658.0005056800000000
2025-12-01,21,1858911960,9f03da73cf0f3a141404af735c16cf17427d81db,1,3375903973465607385724,3375.9039734656073857
2025-12-01,22,1906565740,36553f1bc0840415c2f385220721e4507de9c11c,1,3247429909077619174899,3247.4299090776191749
2025-12-01,23,-472083704,92e1b83917cb3bee52a5d7b4d8612f9a1c51561d,1,2700000000000000000000,2700.0000000000000000
2025-12-01,24,669538281,4dc083eb64ffb118d1a379ac5008f1e926dbecb6,1,2686460394222978535156,2686.4603942229785352
2025-12-01,25,1554450527,617a11a074e39b51b9c422982676288438408ed7,1,1013392111756384482776,1013.3921117563844828
2025-12-01,26,1239786448,6feb7be522db641a5c0f246924d8a92cf3218692,1,985470000000000000000,985.4700000000000000
2025-12-01,27,-332251769,5cd48b55ebc621573b631bb6d5c3137fdd8ab28f,1,691826918913207692315,691.8269189132076923
2025-12-01,28,-642922976,eb742e75defb1bfde2efeacbe23ba852c2d49fca,1,583366316285256858083,583.3663162852568581
2025-12-01,29,-31885599,f55eeea0e63b2a3e71b42745bf8a2cc90a5b8e6c,1,576561445372563742224,576.5614453725637422
2025-12-01,30,-481736503,a7a18c8a703f2415fb5bf809c5447c6906cd2426,1,497445500000000000000,497.4455000000000000
2025-12-01,31,-668436805,0fb2abb8a46aa1e98c6d5507f6e5bc0345d1e1cc,1,200000000000000000000,200.0000000000000000
2025-12-01,32,-541128984,f228d2db48c2b23c7a093e180c2e71b800c88560,1,107870000000000000000,107.8700000000000000
2025-12-01,33,843032855,c92872500a7c5d686a10263a2b511b9880efe478,1,100000000000000000000,100.0000000000000000
2025-12-01,34,1176241889,e66cb907e22acf272201005c84ce3173207e58ad,1,100000000000000000000,100.0000000000000000
2025-12-01,35,61264178,641ad78baca220c5bd28b51ce8e0f495e85fe689,1,27110554099920820065,27.1105540999208201
2025-12-01,36,-728240325,71e0a42db86518a83c9ebe250ea47f18714ec483,1,23000000000000000000,23.0000000000000000
2025-12-01,37,-315670879,ef482680be137edba1f6fea4516d314282318819,1,20922706577035648533,20.9227065770356485
2025-12-01,38,-660304189,19c81fd6e0458e038702994b6714f4ec609a2c6c,1,20000000000000000000,20.0000000000000000
2025-12-01,39,-546409189,b0447068ff6c992af33bceb2cc6818f39749b6d5,1,15000000000000000000,15.0000000000000000
2025-12-01,40,-698973361,54de2c1793975d78f3fcffa26f4ddd3d995ef5e6,1,14005013794938588015,14.0050137949385880
2025-12-01,41,1189371277,c61be82806326e3f3a382e28b07baf651a20e683,1,11926373968168125060,11.9263739681681251
2025-12-01,42,-698657212,94681b794510a1ebb22c6cf720bfc1b2dd69a5d3,1,10000000000000000000,10.0000000000000000
2025-12-01,43,-707091740,7442263826fa6c1d4a6311647da8079b8a45eacd,1,7077196285344419181,7.0771962853444192
2025-12-01,44,-644225042,df3d2787bf7aca052bc20b93087b7628d16bc1ea,1,6900000000000000000,6.9000000000000000
2025-12-01,45,-662485719,f0165124201d5c1ff3af4e463449f8ab3ccfd4d0,1,5875808973464598558,5.8758089734645986
2025-12-01,46,-727085034,e24f46070304690fb340db676af5991c8fbe270f,1,5795114940369739955,5.7951149403697400
2025-12-01,47,-269132883,6b22171a3eb9cf39c0f3e56c4713f2e30e1ba262,1,5000000000000000000,5.0000000000000000
2025-12-01,48,1383787935,5c9eba3b10e45bf6db77267b40b95f3f91fc5f67,1,2970833966795012498,2.9708339667950125
2025-12-01,49,-705211169,e8c5b60f897496e61ec4587c57e667916aefaaca,1,1000000000000000000,1.00000000000000000000
2025-12-01,50,-723572125,bf50f84d410434887ed277ab74b1854d5bf0eac3,1,1000000000000000000,1.00000000000000000000
2025-12-01,51,-590795779,a945001d465f2ebc1258a96f315c8632b1bfc48d,1,996570170000000000,0.99657017000000000000
2025-12-01,52,-567432732,022528ef155ab5bc86664278d51cc43f268e44c7,1,947071865470035643,0.94707186547003564300
2025-12-01,53,-751878189,ce8451392ad9cc9ae13eac8fe7d8e68d0fd9f228,1,1000000000000000,0.00100000000000000000
2026-01-01,1,1489735160,58b704065b7aff3ed351052f8560019e05925023,5,611920000000000000000,611.9200000000000000
2026-01-01,2,51260003,7c26dd0072273c7a1e0e3ce234eb47d33f71d4a6,2,400298737144185449768216,400298.737144185450
2026-01-01,3,1945551867,efbd77ab27f16bbbc45357d0c934a1254a10d2dd,2,10300000000000000000000,10300.000000000000
2026-01-01,4,40944374,5688521cc0383c195bfd210c717efed2cbf6d1ab,2,7501517498160106262694,7501.5174981601062627
2026-01-01,5,-831246674,012df0e1be504cdc66f2ba1142835d59d8ff89c7,2,20000000000000000,0.02000000000000000000
2026-01-01,6,-356278846,e4637833f5513524d0b9337a75963619034fbb23,1,504058738425925925500000,504058.738425925926
2026-01-01,7,-552724736,17df4ba1acb3f792ec28fcb4ade8aee24d664a24,1,208279061267393882798371,208279.061267393883
2026-01-01,8,454037247,392027fdc620d397ca27f0c1c3dcb592f27a4dc3,1,130000186132106968368531,130000.186132106968
2026-01-01,9,1485501813,9ce73b7e864c60b9b1e2f32853264e1a5e5ecee5,1,42991196603258847088729,42991.196603258847
2026-01-01,10,-761592090,32f120dee14b60d843a5f4d863e4123172bca6e1,1,20007681963453187054894,20007.681963453187
2026-01-01,11,-816935889,4f0c98171c4da8be11847e70d30f42104e8cb124,1,10683387672727790133686,10683.387672727790
2026-01-01,12,1875449431,d0002c648cca8dee2f2b8d70d542ccde8ad6ec03,1,10317981619215004240655,10317.981619215004
2026-01-01,13,-325788883,22cd3d778030dbacbefefe24301b84725011ec48,1,6691152136000000000000,6691.1521360000000000
2026-01-01,14,-134902395,7b5e8f2beeb777c81a704b690691ca6043c624e9,1,5005000000000000000000,5005.0000000000000000
2026-01-01,15,1568443989,02651dc6c4740aac2510ac06745d302ef3f76491,1,4767518876854871020622,4767.5188768548710206
2026-01-01,16,-226148336,9244f47d70587fa2329b89b6f503022b63ad54a5,1,3986243294857174541046,3986.2432948571745410
2026-01-01,17,1245184150,b9f0a1aebc5df669581b8fe197a77ff7873e4ee4,1,3000000000000000000000,3000.0000000000000000
2026-01-01,18,-802219558,24c3fb817a996a56335b1d64697dcaf9603fd80b,1,2400000000000000000000,2400.0000000000000000
2026-01-01,19,-448989420,36da63fb232daa5f56e7d5cca5d00dc42ff840a2,1,2135857755000000000000,2135.8577550000000000
2026-01-01,20,753217625,ba9fd438145209a6149a1d79bd3ddc370d0548a4,1,949520000000000000000,949.5200000000000000
2026-01-01,21,-753007997,d5136d485f8dbcd3480596d800fe53af55cc4263,1,668378278843066524170,668.3782788430665242
2026-01-01,22,-546409189,b0447068ff6c992af33bceb2cc6818f39749b6d5,1,627000000000000000000,627.0000000000000000
2026-01-01,23,-742451731,be9c09e78981f2176021e732426adef30f72fbdc,1,502431555247134012945,502.4315552471340129
2026-01-01,24,-717742576,a2331e3fa30e2c308b8663faf774a95be44ba6db,1,350000000000000000000,350.0000000000000000
2026-01-01,25,-831848171,fcc71064104ff6f2a6688d926da79d3089f50910,1,206953299480858446540,206.9532994808584465
2026-01-01,26,-760319588,96074316ae9c72cfc9d458ea4c256377ceaee59f,1,200000000000000000000,200.0000000000000000
2026-01-01,27,-539398013,bd6bd109cce56e9f404498b8b372f47a4ce2fa1c,1,199638110578920903905,199.6381105789209039
2026-01-01,28,42297958,2e6a4c895e3a466f86cc00d9f8b33a1eece3fc5a,1,197732978956848129159,197.7329789568481292
2026-01-01,29,1394514051,8b8add474d4f2fe19bba439387618dc633319188,1,145337406322305527964,145.3374063223055280
2026-01-01,30,-155052394,63265079f6f42bafc8d69f1128906fb29e5693af,1,100087994058512443999,100.0879940585124440
2026-01-01,31,-791991377,ddc854966f0a37c08eabf45f9aa41c5c3ccf34b3,1,100000000000000000000,100.0000000000000000
2026-01-01,32,-99510453,5eb45aeb63a99158ff8e0e3fb32dec27d1feb6b1,1,98534809367668170901,98.5348093676681709
2026-01-01,33,-463915284,96b8525e0756d5a81dc4512d6e95cf0b5ec95d2d,1,78801629446541898869,78.8016294465418989
2026-01-01,34,632769223,8dea17a6894ced9eb7ab41163c3557eabb1697ca,1,32484838765498286228,32.4848387654982862
2026-01-01,35,-315670879,ef482680be137edba1f6fea4516d314282318819,1,17114156963020782007,17.1141569630207820
2026-01-01,36,-86093032,2c4cdc8176c4bde1da9376a99be62cdbec20c7cb,1,10000000000000000000,10.0000000000000000
2026-01-01,37,-598614575,d3a3b4e90d2043932eb5e511005840bdbe1b554e,1,8504322194379174945,8.5043221943791749
2026-01-01,38,-770852453,6c185fd09036ca68d48159d567ddef321d1e62be,1,5710486823242859955,5.7104868232428600
2026-01-01,39,-822101101,a54c1ae4442cc0c054a4b7392c17141b02e3a524,1,5606107429106855933,5.6061074291068559
2026-01-01,40,-692152877,e00e1c5baf8bd85c514e026b014a458662670462,1,5000000000000000000,5.0000000000000000
2026-01-01,41,-773754030,82a1f5f13d0ad265cbb291c45f3549af86fd45ee,1,4605605721603048236,4.6056057216030482
2026-01-01,42,-32798345,f82cc5f5bd5fb6a2731cf7903087e8e4e953c434,1,2850157863912732567,2.8501578639127326
2026-01-01,43,1933626554,86f2890c7d19fbdea2452b7fbc1ee7a0bf2c7117,1,2782947177365052080,2.7829471773650521
2026-01-01,44,-537814304,7c6c15a6e59a3f573cc5276e722361d962bdd8ca,1,2100000000000000000,2.1000000000000000
2026-01-01,45,-679884127,3ced22823ad70b1d011007fb1d48d279dc3f1f02,1,2000000000000000000,2.0000000000000000
2026-01-01,46,1383787935,5c9eba3b10e45bf6db77267b40b95f3f91fc5f67,1,2000000000000000000,2.0000000000000000
2026-01-01,47,-663352389,212f1251c2fdcdc192a95af13bd81d6c6cb29bf0,1,1521936482590724651,1.5219364825907247
2026-01-01,48,-672337135,9a7ac36c58bf5fee15346c9dbc0a4e5078760d42,1,1292480000000000000,1.2924800000000000
2026-01-01,49,-440134106,bdc41bd8c9e7279b139105309de24ef87c3efd1a,1,1100361638532673038,1.1003616385326730
2026-01-01,50,1968788435,cff1adb9e91e69e5bf05e324dedc558dcf7f5e34,1,1000000000000000000,1.00000000000000000000
2026-01-01,51,683525767,ff4debb853d522d7038197c398385e5dfdbcdd55,1,1000000000000000000,1.00000000000000000000
2026-01-01,52,-8366002,fc614b8570662b9a824bd4148e4d21b9d3fa5589,1,1000000000000000000,1.00000000000000000000
2026-01-01,53,-756027882,d6ceb03ff3c8488e040245930fe26eeed1fe8011,1,217456845196594152,0.21745684519659415200
2026-01-01,54,843199154,c2fe50e4e2a72346108527a815627dda4bbd165c,1,144501506344481937,0.14450150634448193700
2026-01-01,55,-838270379,0650af6782510a8b415be5a9f61805eb9b950275,1,6190692950310544,0.00619069295031054400
2026-01-01,56,-801847014,45dbed50a6ac498ce8f45c1a10eff8cca4327ce0,1,4950000000000000,0.00495000000000000000
2026-01-01,57,-802297495,585dadc585f4dcb2f2477b1abb4e645333b02dcc,1,3299455000000000,0.00329945500000000000
2026-01-01,58,-784685459,1d4949f04bb07dc4ea28ae6eb05d5115db84c8d3,1,3000000000000000,0.00300000000000000000
2026-01-01,59,-837683307,416641db4c8ae73f6756ac69af41b55a7787cf2b,1,2600000000000000,0.00260000000000000000
2026-01-01,60,-820174233,10abc1fbae17074f18a4675d91796e872e19e2ce,1,1912479634377374,0.00191247963437737400
2026-01-01,61,-736390619,00008e8c22a3a83d46686657e890d2835cc48a90,1,1000000000000000,0.00100000000000000000
2026-01-01,62,-786851461,8eb516429ff2f2810fc81f918a1ad7366f523ee5,1,1000000000000000,0.00100000000000000000
2026-01-01,63,-783788706,720b9f7c6da4af9c2179dbba0051b4d182ff07a7,1,1000000000000000,0.00100000000000000000
2026-01-01,64,-789500513,bf39b0befa2c5ca5a5bfd31c0623842c746bc7ee,1,1000000000000000,0.00100000000000000000
2026-01-01,65,-790921175,b74fb71493d0e360824454ad4e0a7ccbe25c3130,1,1000000000000000,0.00100000000000000000
2026-01-01,66,-744240731,1148bbbf89052a70b24be889bf15834dae03ffcb,1,1000000000000000,0.00100000000000000000
2026-01-01,67,-460102810,143d8e436ae6c7c7c6811a1cceb259e18d8edccb,1,5476727947226,0.000005476727947226000000
2026-01-01,68,-771007749,7c906dd9fbf91116c859c363c64a85547fd6865f,1,0,0E-36
2026-02-01,1,-917633702,c56610f32ec64d785c21b86ff7a6c40e99807558,16,7950020629561867033039,7950.0206295618670330
2026-02-01,2,1861713724,1ab4973a48dc892cd9971ece8e01dcc7688f8f23,3,11595911517810000000000,11595.911517810000
2026-02-01,3,-582291163,0b12402b51150a9256cb7e0db2549416e0ef8521,3,0,0E-36
2026-02-01,4,2147408862,73781209f3b0f195d0d3fa9d6b95bb61c54c1ca6,2,6100000000000000000000000,6100000.000000000000
2026-02-01,5,783364526,d6fcd2f85fe975bb9b0f3c1b1c6802bb09d33e43,2,10000000000000000000000,10000.0000000000000000
2026-02-01,6,-668397481,b50189cdd40e1de89d731e82fec1b90f9ee82e11,2,3950920111837486081395,3950.9201118374860814
2026-02-01,7,-546409189,b0447068ff6c992af33bceb2cc6818f39749b6d5,2,1010000000000000000000,1010.0000000000000000
2026-02-01,8,1391374258,a36addf249e54a637707a3258ceca0601a8764f0,2,199996595712458154557,199.9965957124581546
2026-02-01,9,1489735160,58b704065b7aff3ed351052f8560019e05925023,2,122120000000000000000,122.1200000000000000
2026-02-01,10,-694086128,c1ea3ffa431c9c80b45497611e6e2d1dcc8efa27,2,20000000000000000000,20.0000000000000000
2026-02-01,11,2126318755,412500d4c70f35aa8e997788388830eb7d2e2a40,2,0,0E-36
2026-02-01,12,2015738896,d1668fb5f690c59ab4b0cabad0f8c1617895052b,1,888881785286538015795864,888881.785286538016
2026-02-01,13,497816519,b4fb31e7b1471a8e52dd1e962a281a732ead59c1,1,303935000000123545274374,303935.000000123545
2026-02-01,14,813835049,ae0a739c3724bb5cd2bdcf73764c87a5a6ec21a3,1,183919905560074847597858,183919.905560074848
2026-02-01,15,-709253622,2ffd2ea20a2da9204e488e73d211dcee0c64e933,1,100000000000000000000000,100000.000000000000
2026-02-01,16,2096937286,a7364a1738d0bb7d1911318ca3fb3779a8a58d7b,1,99657000000000000000000,99657.000000000000
2026-02-01,17,-654603985,c5a14a5754e5331e4a4b3f6afc7b0979879b8d5a,1,84315292609792343230773,84315.292609792343
2026-02-01,18,649011951,c37704a457b1ee87eb657cae584a34961e86acac,1,66264429840999987019776,66264.429840999987
2026-02-01,19,156654678,70e439584ef1ba300106b9c16543eaa1de676dc2,1,61345862134585635000000,61345.862134585635
2026-02-01,20,565467225,2e8955155fbbfef14e56012a27dae10d8bc1d882,1,57000000000000000000000,57000.000000000000
2026-02-01,21,-599637025,e837770fc477522360cf620bc15ba34cb9e4a6d0,1,50000000000000000000000,50000.000000000000
2026-02-01,22,-149591190,1ddd6f79b93825158f0aa7d5964039deb2cb3361,1,25000000000000000000000,25000.000000000000
2026-02-01,23,1460028239,9dd0834caded8f1ac218d06a86b0ca5e2eac92ae,1,23009998291616189972968,23009.998291616190
2026-02-01,24,-219431067,e6c3c2f2027f6a49bae108a73053b313139dcb90,1,15285590466476835504434,15285.590466476836
2026-02-01,25,9793687,c0ba9fd6fd13b87f71cf6d665d7f1ebec592c7c0,1,10000000000000000000000,10000.0000000000000000
2026-02-01,26,1649567601,29991b99815c3a97194445b19145b4b622bffd28,1,7498898932000000000000,7498.8989320000000000
2026-02-01,27,-855234195,6d9d2a6e2ab89c6f7dd020277339cad8b30b8c4d,1,4000000000000000000000,4000.0000000000000000
2026-02-01,28,1565621097,f0b107b4a47126e43f3a534494669d512d70dc5f,1,3000000000000000000000,3000.0000000000000000
2026-02-01,29,413280304,ddef74bd1ef4915546ee9371928123475eb2a354,1,2969084738041925080468,2969.0847380419250805
2026-02-01,30,40944374,5688521cc0383c195bfd210c717efed2cbf6d1ab,1,2500000000000000000000,2500.0000000000000000
2026-02-01,31,1025961407,172dd54776889669d1c5ad6a8d500aeca6bd0506,1,2374685568232420895434,2374.6855682324208954
2026-02-01,32,1008848079,ae17f7abf54e9b555ab8954ef98884180bd4c049,1,1732751362557786902475,1732.7513625577869025
2026-02-01,33,1505961942,658116983ad239d2f62c6e73afd687358d690af3,1,1177904311590000000000,1177.9043115900000000
2026-02-01,34,2060089740,f00648b318076c581bc49acc0795f62d89c3998a,1,1000000000000000000000,1000.0000000000000000
2026-02-01,35,930167663,009d13e9bec94bf16791098ce4e5c168d27a9f07,1,1000000000000000000000,1000.0000000000000000
2026-02-01,36,1788477279,6ec03d4620598cf951cbbd5dda2a34d007914491,1,805662685571795757437,805.6626855717957574
2026-02-01,37,-594998022,c27cda5dbd073bf6b7cc7cf4b39cceb83f7df672,1,609943325600000000000,609.9433256000000000
2026-02-01,38,1953436117,45df34d279092734ad797f3b89282595f500091a,1,288980000053224215591,288.9800000532242156
2026-02-01,39,1301417817,5f9f379ba6473ab4c7c3d7f5f9cb7a51725f6cb4,1,287397874159280979146,287.3978741592809791
2026-02-01,40,1148430784,cb2350c27bbbc662fe731436ebc2662466269d4a,1,230667348139697080907,230.6673481396970809
2026-02-01,41,79295073,922210fa5aab800fafb5faebf0b63f112d8bd45f,1,112097725158771244593,112.0977251587712446
2026-02-01,42,-277207281,770a0cf16b8dddd32a229619bba213efd869c2b8,1,100000000000000000000,100.0000000000000000
2026-02-01,43,-871481605,46931f725b9cfba21be245c3179977ef2b3bb6a1,1,100000000000000000000,100.0000000000000000
2026-02-01,44,1381854846,cb1ca430d181cfeb63f9c6ae7d86bdf5a91d322d,1,100000000000000000000,100.0000000000000000
2026-02-01,45,-844621685,2ab35a9e0eb211eb91baaf4e8626d97165ce8a5c,1,100000000000000000000,100.0000000000000000
2026-02-01,46,-458311697,b87a30aee1befdceb47e4fb031e55c39828db035,1,99987038486669825146,99.9870384866698251
2026-02-01,47,-867073572,e09077b24996d122d681cd085328bd7853a58ac2,1,49000000000000000000,49.0000000000000000
2026-02-01,48,-243216779,bf2e8b63e82f3561bc41377ca5e3cc2c0274cb9f,1,21017774376042685462,21.0177743760426855
2026-02-01,49,-776419756,0409ad04ce59b1542d550724643cc2af7214f410,1,10000000000000000000,10.0000000000000000
2026-02-01,50,-567307265,ecd09feaa768b3c2c3d3b868598e136e0c6fe162,1,10000000000000000000,10.0000000000000000
2026-02-01,51,-797855577,e5dab7ec38f91f97c34f9f35eee683150a15eb6a,1,9837263000000000000,9.8372630000000000
2026-02-01,52,-833388457,00c6958436e9977b430bd08b0d3fefaff5ec3823,1,7616867420757529185,7.6168674207575292
2026-02-01,53,-129518525,d275af3d3623768eedad4463346cd540d4dcc39d,1,4799604194416348026,4.7996041944163480
2026-02-01,54,-853725139,47b9cb88f0024399c73923dd843793a187146242,1,4741626151589407037,4.7416261515894070
2026-02-01,55,-78683279,01f58f1e9ff6bbd9754b4e966307daeb0f8a5a47,1,1471267843686414417,1.4712678436864144
2026-02-01,56,1968788435,cff1adb9e91e69e5bf05e324dedc558dcf7f5e34,1,1000000000000000000,1.00000000000000000000
2026-02-01,57,-537104943,96c9a043e9fba0ce46ccff192502eb218bfd3f80,1,499999999960965845,0.49999999996096584500
2026-02-01,58,-243270582,52b414a70b6d21d1a11d981da07d25f449411e38,1,374484001708631819,0.37448400170863181900
2026-02-01,59,-854919138,bcb88d0b600253bdbe51a3d5e1dc187b3173e32d,1,100000000000000000,0.10000000000000000000
2026-02-01,60,-831246674,012df0e1be504cdc66f2ba1142835d59d8ff89c7,1,19940000000000000,0.01994000000000000000
2026-02-01,61,-859790316,173eee9e46a6afca8d23cfb181e2b302e079f3af,1,9000000000000000,0.00900000000000000000
2026-02-01,62,-876538325,5d40274cb8ab5ccb11cd5ae841c12b20f9897b56,1,5550451475082135,0.00555045147508213500
2026-02-01,63,-919475089,071a1713e93ca4f1eb09ac081bfc666e0c55d61a,1,5000000000000000,0.00500000000000000000
2026-02-01,64,-894698824,be148ae455e6028d94a465e553071fa0d6bfd29d,1,4596000857816652,0.00459600085781665200
2026-02-01,65,-919638407,02c532ccbb25126f933cb16fc079c442143ea799,1,3000000000000000,0.00300000000000000000
2026-02-01,66,-817672659,1e1daa75001c39481f163ec131c0dbd0276d01b8,1,2013150235060000,0.00201315023506000000
2026-02-01,67,-891582736,3d725087888dfbd6270d1816ae48c1fe14dd3145,1,1000000000000000,0.00100000000000000000
2026-02-01,68,-868521999,173e1cf369e74a73e40338eca0d77452e079f3af,1,1000000000000000,0.00100000000000000000
2026-02-01,69,-851514297,173ebed777615dcb054324713057e932e079f3af,1,1000000000000000,0.00100000000000000000
2026-02-01,70,-914559631,47820fdb9e8db8cbc7257e41f4053f9e2fe4f2e1,1,500000000000000,0.00050000000000000000
2026-02-01,71,1901617220,62dad9169cd0d553fe876b6aa6566ebb6ccdb8b2,1,0,0E-36
2026-02-01,72,1503346214,32eed93105c987a0b1d12be810c3f10d46642525,1,0,0E-36
2026-02-01,73,-841085646,5e21aa18a9cfb6d58a004fe917c7879dd07133c8,1,0,0E-36
2026-02-01,74,768415705,61c35dadef432979c048fb84a0d6a333ab0e0633,1,0,0E-36
2026-02-01,75,1578713993,fccf5c51d16bb0d049ffe7db604a6a80b5877bfe,1,0,0E-36
2026-02-01,76,-868568822,8b6cd6706a9396cdbc4a0affdc588ca4837f52e5,1,0,0E-36
2026-02-01,77,-203874785,74ddb1247f83b67c694236aca6e79c6c55f1f2e0,1,0,0E-36
2026-02-01,78,1847857087,004daae2621017da004fbf15135f9ecb6d3b900c,1,0,0E-36
2026-03-01,1,-917633702,c56610f32ec64d785c21b86ff7a6c40e99807558,477,229110318926528750583424,229110.318926528751
2026-03-01,2,-220766245,f0a5bcf29906884dbd96dc41c5f5680a666f4db7,151,497206908000000000,0.49720690800000000000
2026-03-01,3,813835049,ae0a739c3724bb5cd2bdcf73764c87a5a6ec21a3,4,1189022780211217622889099,1189022.780211217623
2026-03-01,4,-688492681,09d94eb40f49be2adc2b9761e6041b27258ea029,3,144482025988260000000000,144482.025988260000
2026-03-01,5,1861713724,1ab4973a48dc892cd9971ece8e01dcc7688f8f23,3,16110076563350000000000,16110.076563350000
2026-03-01,6,1639874417,2bfc3a4ef52fe6cd2c5236da08005c59eafb43a7,3,299939516842967131,0.29993951684296713100
2026-03-01,7,-631688145,b75768a2ceffb46a93c3f67b7c5a7db93900f601,2,501700000000000000000,501.7000000000000000
2026-03-01,8,-481355916,5cbc6299fab3320e7758ac97fd4ca45e5b722059,1,3000000020000000000000000,3000000.020000000000
2026-03-01,9,-98796498,24217fae768ba51c53d066eb41224bd335ff046d,1,2344241723456360080409699,2344241.723456360080
2026-03-01,10,-98918779,9d455b692c659e0522858e13a1855a91fa206b45,1,1731618013736430748029924,1731618.013736430748
2026-03-01,11,11579643,562236c0d4fd95e26c53ac56b7d118e420ca1716,1,927181000000000000000000,927181.000000000000
2026-03-01,12,-302768720,8b66d869f499213c1a3c7a9a0282fca4ecab659f,1,101162815535000000000000,101162.815535000000
2026-03-01,13,1793768576,c30c7ea910a71ce06ae840868b0c7e47616ba4c9,1,99971319460678745910083,99971.319460678746
2026-03-01,14,-611138270,211b7210dbec6eeefec4872672fe5f4f94bc04dc,1,67794566261000000000000,67794.566261000000
2026-03-01,15,-87242508,5de1b7f14de50ed6e430ea144eed8bc9d0bbb30c,1,50291639560252685916501,50291.639560252686
2026-03-01,16,-515169822,e16be042f9433779909a972669be3a2003956348,1,36971363669264136694961,36971.363669264137
2026-03-01,17,792926929,d5652e441bd5427bfb8277b62d9890c7b2d11d80,1,33463503360472423202515,33463.503360472423
2026-03-01,18,-1009066366,94870bd6724391b753a76c147742ea50e78c133a,1,32894644752000000000000,32894.644752000000
2026-03-01,19,-787941636,eee1b2f5edd66547f6589f7e6ae6e489b27547ac,1,30765757564724492922132,30765.757564724493
2026-03-01,20,1831162904,03c48726c90a75bd0090675ef18cc51867a72ffc,1,20100000000000000000000,20100.000000000000
2026-03-01,21,828899166,a9ca0d05594d15c8d66f0932cee5accc6eaef6ee,1,19000000000000000000000,19000.000000000000
2026-03-01,22,-828841645,3dc9bb562a1a79facceca66ecfc345b057fa681c,1,17373600000000000000000,17373.600000000000
2026-03-01,23,-841085646,5e21aa18a9cfb6d58a004fe917c7879dd07133c8,1,10000000000000000000000,10000.0000000000000000
2026-03-01,24,-585206902,6f80badd8cc1c8da83d3115ddbe6f1c2e8fa4635,1,9946881942429790430302,9946.8819424297904303
2026-03-01,25,2111883881,f109945302561dcbf6bede6a33f36602ae9537c0,1,4065065079440738414596,4065.0650794407384146
2026-03-01,26,-996352805,f0d87e08f279f1f1ca905d96801e0cccef639c2a,1,2762273855847420919903,2762.2738558474209199
2026-03-01,27,-670756658,bbbc6f81698470cf261ee6c3afc49d57f6c43e1e,1,1005000000000000000000,1005.0000000000000000
2026-03-01,28,861016830,3eb210eaa4026f62d027fafaba1fa5592febb06a,1,1004000000000000000000,1004.0000000000000000
2026-03-01,29,381304277,141fef8cd8397a390afe94846c8bd6f4ab981c48,1,980005500000000000000,980.0055000000000000
2026-03-01,30,872231522,f270f123d12b1fbd15dd197c0745506687f2503e,1,626000000000000000000,626.0000000000000000
2026-03-01,31,230510657,b8ba36e591facee901ffd3d5d82df491551ad7ef,1,502342261880000000000,502.3422618800000000
2026-03-01,32,1597579786,c29cfde65abeef6fd2b4f65e2637e975e4186f89,1,499986944277648180459,499.9869442776481805
2026-03-01,33,-960066531,30d4db05a47d3019466307b60378d0220fe071dc,1,399990126398802000000,399.9901263988020000
2026-03-01,34,588135314,34b2e4cc56b7160d86951310b7351e7983842a9a,1,300000000000000000000,300.0000000000000000
2026-03-01,35,-628739167,da6c2c39a94bfa25fbf4540f8dc1d777ef939634,1,197767879690551212608,197.7678796905512126
2026-03-01,36,862335826,0e9b063789909565ceda1fba162474405a151e66,1,114197733858797739641,114.1977338587977396
2026-03-01,37,949778933,b9ed955fc3a389229a1873f631669a40c345f5f4,1,108620623456885832451,108.6206234568858325
2026-03-01,38,-77337182,8027ac78c340d81356a0286e03b7216e9eb40f95,1,101000000000000000000,101.0000000000000000
2026-03-01,39,1489735160,58b704065b7aff3ed351052f8560019e05925023,1,100000000000000000000,100.0000000000000000
2026-03-01,40,-913938277,d615ae69912ec22e7b451371e5cec1474ab6ddb0,1,100000000000000000000,100.0000000000000000
2026-03-01,41,-871481605,46931f725b9cfba21be245c3179977ef2b3bb6a1,1,100000000000000000000,100.0000000000000000
2026-03-01,42,470002008,a9965d173d5bc402fecf4de515dae4862e8b7d6c,1,100000000000000000000,100.0000000000000000
2026-03-01,43,1967634304,6b130820c449a27b35256a3c99942adbd53aac18,1,78658026400000000000,78.6580264000000000
2026-03-01,44,1107818092,0551fa03e31b1604b2106cab0718a87bb0ecdfeb,1,56825493166351254188,56.8254931663512542
2026-03-01,45,641536750,b81b7f6512eb6f86f226e9295ddb1ef2ffc7a820,1,34533021360000000000,34.5330213600000000
2026-03-01,46,9155638,0f643887485dc7e936fb36145924228bf375a314,1,29909496733693133857,29.9094967336931339
2026-03-01,47,-360956743,7e521ce6222b393e7db897e83953493e7e77bdb3,1,25402416683863941502,25.4024166838639415
2026-03-01,48,-889537687,023871f61256bf79ed32012866e91421bd20522c,1,19771585785670629368,19.7715857856706294
2026-03-01,49,-781524142,dc86cbb60b907778d6a7e264775f4a9b022dda45,1,14989777571199538000,14.9897775711995380
2026-03-01,50,-776193841,26962c547f2cdc051ad02eeb6bdd58a1a9822f2e,1,12790000000000000000,12.7900000000000000
2026-03-01,51,1729583145,9781f72f15ff9d961f5b0aaf1d93b40c23905f05,1,12740015645238671513,12.7400156452386715
2026-03-01,52,-926373331,beaaa875e7737b89343dc4a920d28a3389160723,1,10000000000000000000,10.0000000000000000
2026-03-01,53,-428128820,0a8773bd70e79f464b0b406c8307ab4afab0cfd8,1,10000000000000000000,10.0000000000000000
2026-03-01,54,-143901366,9621a46960665e8c800bcd3d00bfdb42cd691fbe,1,9929300000000000000,9.9293000000000000
2026-03-01,55,-969115630,39ebec012770ec17f76aba00437b92be4a81f92f,1,9783799070831614866,9.7837990708316149
2026-03-01,56,-546409189,b0447068ff6c992af33bceb2cc6818f39749b6d5,1,8000000000000000000,8.0000000000000000
2026-03-01,57,1477637861,71d233093175a2368b28cf1f1360d7bf6f1e3002,1,7436031462245942798,7.4360314622459428
2026-03-01,58,-798339078,e34e9ccd81cce165d72a8257e3b1cd7251321b96,1,7186278274059478952,7.1862782740594790
2026-03-01,59,-378413058,927cc0f813a1633a3495cdf311a8f318e7bac500,1,4755511797729212310,4.7555117977292123
2026-03-01,60,-744140394,74135a50e7bd8eea0bbd63527d2119680d746e0a,1,1981417098369746688,1.9814170983697467
2026-03-01,61,-834648290,f96c22ffc0346b79bdf6c3e9cf6e9c01aa4688a9,1,1209449486962992523,1.2094494869629925
2026-03-01,62,1721277429,2314300a72d7db14c0a98de801c8f0f4cc17dca6,1,1014557399460988739,1.0145573994609887
2026-03-01,63,-939853604,0dc5571963535d2964f49517e4bd30b1bd49a967,1,1010051068827577209,1.0100510688275772
2026-03-01,64,331514566,38e23ed81ef2fd2860a69527deb4431714363b87,1,1000000000000000000,1.00000000000000000000
2026-03-01,65,-965572300,f13b4312655524afe4bab7907be357ad6e87d705,1,860533843312866255,0.86053384331286625500
2026-03-01,66,-798264131,59abe3b73140b34f52d541c4f2e88ab776c3ea31,1,851987336809827246,0.85198733680982724600
2026-03-01,67,1400110328,b7f577998ffb8dd0f4498a83679a09726d8a9bbb,1,281740199355372579,0.28174019935537257900
2026-03-01,68,-691559665,acfdacadbe45a3f99dbe836ec7f4cb82cc7d1345,1,84747610065358038,0.08474761006535803800
2026-03-01,69,-910078287,d0d8c50b2d18f8d3aa712526807875a0071eb18e,1,19189923428048309,0.01918992342804830900
2026-03-01,70,-496934659,8627820a0b092ceacf23022dfeca231345b9abee,1,10602189015777160,0.01060218901577716000
2026-03-01,71,-939843171,922cd039c662df8064d75d75c7aaba86750b6fc9,1,8700000000000000,0.00870000000000000000
2026-03-01,72,-958482400,faca27cd16bff489c3f7861979465deb124ddd90,1,2000000000000000,0.00200000000000000000
2026-03-01,73,-959832734,5d40f9febdb33cb29fbc4384a9d6d610f9897b56,1,1770333396430484,0.00177033339643048400
2026-03-01,74,-957604289,8c26944a3c1ba9f96a11954371d0328db9bf364a,1,1500000000000000,0.00150000000000000000
2026-03-01,75,-956331550,173e2c6719ef525994cffac851335902e079f3af,1,1200000000000000,0.00120000000000000000
2026-03-01,76,-1003938666,c0a1dda5880cb89ff9e7096c057dea632ec8fc72,1,1000000000000000,0.00100000000000000000
2026-03-01,77,-1003708214,68aa9627fee74d79bba02522fec14986b2fa988a,1,1000000000000000,0.00100000000000000000
2026-03-01,78,-1004634335,e8aed769519d3dc4159e41569322c0615e18f563,1,1000000000000000,0.00100000000000000000
2026-03-01,79,-930368299,83deeedc46cfd0c36bd0599bb44843e50ba7caa9,1,10000000000000,0.000010000000000000000000
2026-03-01,80,-915287625,1c548aac4b7abe9b5e30d02867f9b085ba3ca1f2,1,10000000000000,0.000010000000000000000000
2026-04-01,1,-220766245,f0a5bcf29906884dbd96dc41c5f5680a666f4db7,122,397570586450310949,0.39757058645031094900
2026-04-01,2,-917633702,c56610f32ec64d785c21b86ff7a6c40e99807558,40,19199903717449731332218,19199.903717449731
2026-04-01,3,1764601375,58edf78281334335effa23101bbe3371b6a36a51,10,2462216788533502000000000,2462216.788533502000
2026-04-01,4,816889289,dfd5293d8e347dfe59e90efd55b2956a1343963d,5,4758137532860000000000,4758.1375328600000000
2026-04-01,5,-226061742,91d40e4818f4d4c57b4578d9eca6afc92ac8debe,5,209007095010000000000,209.0070950100000000
2026-04-01,6,780100773,21a31ee1afc51d94c2efccaa2092ad1028285549,4,6186122566110000000000,6186.1225661100000000
2026-04-01,7,779989060,28c6c06298d514db089934071355e5743bf21d60,3,438964467051490000000000,438964.467051490000
2026-04-01,8,1861713724,1ab4973a48dc892cd9971ece8e01dcc7688f8f23,3,19559798237700000000000,19559.798237700000
2026-04-01,9,-82831477,f335788b2251dec93332310d96d15500cdc4c34b,2,452999275225140931093351,452999.275225140931
2026-04-01,10,2073796322,9642b23ed1e01df1092b92641051881a322f5d4e,2,20012035915000000000000,20012.035915000000
2026-04-01,11,615628840,16b6f205d9fad0b57d42c7c09ee29e37df4cb7f7,2,12352339939000000000000,12352.339939000000
2026-04-01,12,1900774931,ec86ad65e71e6d54721a424a6f67a014fa5eefa8,2,11400000000000000000000,11400.000000000000
2026-04-01,13,-546409189,b0447068ff6c992af33bceb2cc6818f39749b6d5,2,10009448150000000000000,10009.4481500000000000
2026-04-01,14,-325788883,22cd3d778030dbacbefefe24301b84725011ec48,2,3811649489350000000000,3811.6494893500000000
2026-04-01,15,-1082062553,e17df12bc6519c6ed7990d6975cd8920aa91feb9,2,3017805760000000000000,3017.8057600000000000
2026-04-01,16,-909721670,0ded12836c994ea777af4acd91cd852dbd6d6f9c,2,2348000000000000000000,2348.0000000000000000
2026-04-01,17,230193981,46340b20830761efd32832a74d7169b29feb9758,2,2281513026276190640732,2281.5130262761906407
2026-04-01,18,2141983046,afff25dad4e6d1c581ac5efa96bdfef348141bec,2,1139500000000000042174,1139.5000000000000422
2026-04-01,19,1489735160,58b704065b7aff3ed351052f8560019e05925023,2,176350000000000000000,176.3500000000000000
2026-04-01,20,-605970831,72de9ab4dd9541a0ccd9735a01ed2427d4b9af54,2,2000000000000000000,2.0000000000000000
2026-04-01,21,1383787935,5c9eba3b10e45bf6db77267b40b95f3f91fc5f67,2,40000000000000000,0.04000000000000000000
2026-04-01,22,-988075502,cb527f2e62458409a2b6b71fd587fabd01b20776,2,100001,1.0000100000000000000E-13
2026-04-01,23,-103248437,77ff46a2499b6e07e0d0fde3cd168f7d0f036827,1,1259698848751943046330059,1259698.848751943046
2026-04-01,24,1355327085,18709e89bd403f470088abdacebe86cc60dda12e,1,972679100000000000000000,972679.100000000000
2026-04-01,25,1304707439,18a27db4c8053c436efe2549182580ad5ea92664,1,515000000000000000000000,515000.000000000000
2026-04-01,26,-167514482,81f76374d497ac7cb4484f1a1e00c1407a39a54b,1,155560890846000000000000,155560.890846000000
2026-04-01,27,-674271617,e062f28c98bb220bfdce2e14085d319d85da7748,1,100001755798844371409605,100001.755798844371
2026-04-01,28,1495992411,86a96e683255d335b9dceb0db2d9d2c9ca87bf48,1,96742582892584430221254,96742.582892584430
2026-04-01,29,-1062631186,0aa3c1cf9eb2eee9ff2506b1738e1e145b2d7334,1,70073444594457986107594,70073.444594457986
2026-04-01,30,257266432,85419d3637f65773068d9f8329b3a80920c8ca76,1,64000000000000000000000,64000.000000000000
2026-04-01,31,-981873880,fa5302102db4a88b36ca55ce65008a4325fa006a,1,52085153591881696844472,52085.153591881697
2026-04-01,32,-1056752327,c4fa624c90c5a1a824aeee10811816c40cffd367,1,52041258402517108183794,52041.258402517108
2026-04-01,33,1945551867,efbd77ab27f16bbbc45357d0c934a1254a10d2dd,1,26000000000000000000000,26000.000000000000
2026-04-01,34,1470459227,7e998dc7e772d1138f6b145fff0f683422a25484,1,22779564162000000000000,22779.564162000000
2026-04-01,35,1859476880,25156ad7dddf95b8a8c68b289709e65821974c68,1,21657957156030890000000,21657.957156030890
2026-04-01,36,-931208243,d5eea3ee272b54dac6fe273eecbf9ccdf037a8ab,1,15313124263921916305245,15313.124263921916
2026-04-01,37,15548606,234dfbd48838323c133a1b857f5ec2309e3845f6,1,14049801547096484875271,14049.801547096485
2026-04-01,38,789616621,4e4bb679d78a6cc5dd9555ebeebc6409602f4201,1,12370636592000000000000,12370.636592000000
2026-04-01,39,311959406,7092020d4c6c26f6e06ee1e8cb5b34f9d14341c7,1,10008000000000000000000,10008.0000000000000000
2026-04-01,40,-396396161,55823001c8cd87a6e86716ca768bce51f2d89c9c,1,7900000000000000000000,7900.0000000000000000
2026-04-01,41,-744063399,e6c4f4505af090646b9ffe58b44faeb32ecc6b7c,1,6000000000000000000000,6000.0000000000000000
2026-04-01,42,1394431888,aab8672dc55e3da69bbb5e4fb8e23a39baf5a35e,1,5000000000000000000000,5000.0000000000000000
2026-04-01,43,-1009066366,94870bd6724391b753a76c147742ea50e78c133a,1,4613353310060000000000,4613.3533100600000000
2026-04-01,44,2135744204,3ad022229741f0b0dc6e17a73c3ff41af9093029,1,2500000000000000000000,2500.0000000000000000
2026-04-01,45,1507626568,5200fde6ac4244aafc371b6fd91a2ca8e1c0b62a,1,2409386121076388613120,2409.3861210763886131
2026-04-01,46,1972853226,d5305c41aa3aaa31092da83df307762701b15525,1,1999700000000000000000,1999.7000000000000000
2026-04-01,47,-488349426,16c5433742accbb84fa471a9a76352199ba4c197,1,1500000000000000000000,1500.0000000000000000
2026-04-01,48,970879239,28f939ed965f563c59fe798be445d0103a2a07ad,1,1393512093007759041268,1393.5120930077590413
2026-04-01,49,-285474585,1f0e84369416fee4cf620992020ab41a00b9c98f,1,1000000000000000000000,1000.0000000000000000
2026-04-01,50,1225668929,589184995dccd1dd2c8d951f07032f01c1a4a5b3,1,942400000000000000000,942.4000000000000000
2026-04-01,51,-593048943,4fa7234a3000d3b8fe3606b74b0a18e80cd90287,1,852000000000000000000,852.0000000000000000
2026-04-01,52,2096646805,2480f736b3d5262c42de3b792b6a1ffbf413b665,1,672000000000000000000,672.0000000000000000
2026-04-01,53,2079033416,db3ded7731c781224ec292e2163d9554c094fd7c,1,612189140000000000000,612.1891400000000000
2026-04-01,54,-134902395,7b5e8f2beeb777c81a704b690691ca6043c624e9,1,500000000000000000000,500.0000000000000000
2026-04-01,55,763393614,0b8415471998fc6e314136003c00ee998222ba6f,1,500000000000000000000,500.0000000000000000
2026-04-01,56,-1073025832,bacd544ca12669a697bd70e3e3dc43223ce046cb,1,498275350930000000000,498.2753509300000000
2026-04-01,57,-1018909055,72965116b8f31891387c834268ca0c9d913ab27b,1,485531359740000000000,485.5313597400000000
2026-04-01,58,-171132889,1bfd06b7da5469b461d7032ebfdbdf81781ca6df,1,421936195813860180212,421.9361958138601802
2026-04-01,59,1216957493,9a379a20252b25dabac504a8f3080dc68f910723,1,400000000000000000000,400.0000000000000000
2026-04-01,60,-8637939,dd3d72c53ff982ff59853da71158bf1538b3ceee,1,359441547440000000000,359.4415474400000000
2026-04-01,61,-218604267,f7073f14e86e89ecb2e43ada2f0d55949eaec966,1,240000000000000000000,240.0000000000000000
2026-04-01,62,-928600948,9a307923fe159e833cf7e1633ab6054391caf1bc,1,232580464772380842925,232.5804647723808429
2026-04-01,63,-1060319344,cb5e490c17c3ad1bb5051fed97b3f14b4e7b2b3f,1,219103906000000000000,219.1039060000000000
2026-04-01,64,1807941358,f6d968f4941aaf500c65352b8e7363fd9e2eb512,1,200000000000000000000,200.0000000000000000
2026-04-01,65,-171118189,c7b45b74519d298f8f55d342cafa7b3b66cd12bd,1,120575350086678031395,120.5753500866780314
2026-04-01,66,-89581793,6c482f8fb08162e89bd4b89d4754eb311dd07486,1,120000000000000000000,120.0000000000000000
2026-04-01,67,-1055955063,a2370e7bc7a5716c0553fc29822bad1c961551d1,1,100032710696397720000,100.0327106963977200
2026-04-01,68,-1076888769,e5c78c5c188a3ba2efd00475f1be3eb03b6d50df,1,100000000000000000000,100.0000000000000000
2026-04-01,69,-1013718789,8bd97dc8a1f58f51025e6d53c016dc56de102eab,1,53240000000000000000,53.2400000000000000
2026-04-01,70,-153152368,2367f5faf7d58c0837bd598163a776f8114d345d,1,50000000000000000000,50.0000000000000000
2026-04-01,71,1870101420,177f25137bf466b53f02c456a71dbfacf2fefa79,1,38481800000000000000,38.4818000000000000
2026-04-01,72,-1076545801,15906ef12dfd3e359d77febcf01f74876e080605,1,23434642571030917947,23.4346425710309179
2026-04-01,73,1585288096,90e985ba5b5c212173658b4850b8bd7cf34b12e1,1,23000000000000000000,23.0000000000000000
2026-04-01,74,882940793,f89d7b9c864f589bbf53a82105107622b35eaa40,1,16230750000000000000,16.2307500000000000
2026-04-01,75,-975338988,c693d167d8f3e10f9d254d9305cb78eb7c1ecea9,1,15612900000000000000,15.6129000000000000
2026-04-01,76,-112648976,15c93fc708179b6ec4f3592458e7ceb069b78780,1,14717535714830662645,14.7175357148306626
2026-04-01,77,603434276,2593be17dd1c31b4c124a18bac3a7ae19567ae37,1,11859006914890342855,11.8590069148903429
2026-04-01,78,2115136182,3a3c006053a9b40286b9951a11be4c5808c11dc8,1,11000000000000000000,11.0000000000000000
2026-04-01,79,-1022630405,c56afd1bb76e2b6ffc5d006aa3f8707550b9f538,1,11000000000000000000,11.0000000000000000
2026-04-01,80,-953406639,39b6ef8011579cefa39a37b6816229be1006d7b6,1,11000000000000000000,11.0000000000000000
2026-04-01,81,1172664282,ce75183017f7b442a26ee11b826d9d71cfb6f232,1,10300000000000000000,10.3000000000000000
2026-04-01,82,-610995584,97b8f8e741ee6078467ffc56128bac133c8aa5cc,1,10000000000000000000,10.0000000000000000
2026-04-01,83,-825109824,71c8b1bf9c8aa1d4138b99d94357c245bfd7b699,1,9770000000000000000,9.7700000000000000
2026-04-01,84,-148314586,bdabbe0edb5650c8677c72aa2ec92f83cafb80e2,1,8821760497739858944,8.8217604977398589
2026-04-01,85,-127851371,273d64c36a700ea3ae41ac9624d9f3b86f497a6e,1,5926258676941694000,5.9262586769416940
2026-04-01,86,-599286233,f753e1a5327b31a4f151280eb82fc97025ecbd7c,1,4976667766169036346,4.9766677661690363
2026-04-01,87,-1021790819,23780756ef394bbb234f0facb3458300d60a88a4,1,4582621963694708906,4.5826219636947089
2026-04-01,88,-706484482,6d0ed6c6f826bef217e04ab5fa2ea2d77d1e0559,1,3000000000000000000,3.0000000000000000
2026-04-01,89,-109893565,887a8087665183dd72f6334854cbb9ba529deb2e,1,2966186844056612018,2.9661868440566120
2026-04-01,90,-725621067,301e3f57d8909f41931972920dc24c007634a950,1,2000000000000000000,2.0000000000000000
2026-04-01,91,961312500,6535020cceb810bdb3f3ca5e93de2460ff7989bb,1,1000000000000000000,1.00000000000000000000
2026-04-01,92,-659221839,2db0e7b7295fc0deb383098175633ae87370d395,1,1000000000000000000,1.00000000000000000000
2026-04-01,93,-780662717,ce2aa5835e672276ae404116bb69cc68bdef6548,1,783610834862676589,0.78361083486267658900
2026-04-01,94,-329302140,2441700844fe17aee1ae5bbe9855e9b1be9a8995,1,9990000000000000,0.00999000000000000000
2026-04-01,95,-1039516825,273dd7e3fe712ce925f0bd5a169852186f497a6e,1,500000000000000,0.00050000000000000000
2026-04-01,96,-1039027707,e41240f51c90cbc003be69031e07a26d6e6754f6,1,120000000000000,0.00012000000000000000
2026-04-01,97,-1020462136,2ec0395e90dccafcc44a51985caa48f0dd02d788,1,100000000000000,0.000100000000000000000000
2026-04-01,98,-960622649,173e42d343118c65a4152236bfd0eb22e079f3af,1,100000000000000,0.000100000000000000000000
2026-04-01,99,-919105396,a1f0c3e809ea04e8f9c28e2617c7f11db85e1d9c,1,100000000000000,0.000100000000000000000000
2026-04-01,100,-1044721482,b0312fb8b2829ff1037342ed9eb6348e77a306f3,1,10000000000000,0.000010000000000000000000
2026-05-01,1,-917633702,c56610f32ec64d785c21b86ff7a6c40e99807558,30,14409022753341780684008,14409.022753341781
2026-05-01,2,1489735160,58b704065b7aff3ed351052f8560019e05925023,5,10946620000000000000000,10946.620000000000
2026-05-01,3,816889289,dfd5293d8e347dfe59e90efd55b2956a1343963d,4,31506290000000000000000,31506.290000000000
2026-05-01,4,882940793,f89d7b9c864f589bbf53a82105107622b35eaa40,4,596093315290000000000,596.0933152900000000
2026-05-01,5,779989060,28c6c06298d514db089934071355e5743bf21d60,3,610489000000000000000,610.4890000000000000
2026-05-01,6,86372871,0d0707963952f2fba59dd06f2b425ace40b492fe,2,80382849270000000000000,80382.849270000000
2026-05-01,7,-658340797,6fe39f2831caf58529779efdb73341aa64df50ab,2,8419165315010000000000,8419.1653150100000000
2026-05-01,8,-739262840,7839adb2bae9dac08d768422a850ddffcd70d373,2,3800000000000000000000,3800.0000000000000000
2026-05-01,9,230193981,46340b20830761efd32832a74d7169b29feb9758,2,345440000000000000000,345.4400000000000000
2026-05-01,10,2073796322,9642b23ed1e01df1092b92641051881a322f5d4e,2,318810000000000000000,318.8100000000000000
2026-05-01,11,780100773,21a31ee1afc51d94c2efccaa2092ad1028285549,2,171790000000000000000,171.7900000000000000
2026-05-01,12,-82831477,f335788b2251dec93332310d96d15500cdc4c34b,2,140000000000000000000,140.0000000000000000
2026-05-01,13,-720646960,2790e96b15d8abdf55e1cefaf48082abc2d7c1de,2,19999999999999998,0.01999999999999999800
2026-05-01,14,-71825649,b4d3bea9d824c4dd7ded7ccc93e6212e3f0b186a,1,14479455751343552223839066,14479455.751343552224
2026-05-01,15,1166506911,4be62b7de5f4544d35300bf7de9114e997c5c5e1,1,2716194506910522671051527,2716194.506910522671
2026-05-01,16,-855797532,4c4cec432e9a6986e6e79e6c303254d9922e2100,1,1000000000000000000000000,1000000.000000000000
2026-05-01,17,1820237703,8fca4ade3a517133ff23ca55cdaea29c78c990b8,1,151000000000000000000000,151000.000000000000
2026-05-01,18,1504029198,625f030c71260ad9f8c39eaf06da630c32809634,1,77724887839215445139312,77724.887839215445
2026-05-01,19,-226148336,9244f47d70587fa2329b89b6f503022b63ad54a5,1,33333000000000000000000,33333.000000000000
2026-05-01,20,-2237357,a3555961509ca0f241ed9f660cc5f112545d431f,1,32100000000000000000000,32100.000000000000
2026-05-01,21,592686180,4476cd619170868d6f9e8b4c7604037db1a0c8c4,1,30703258880390000000000,30703.258880390000
2026-05-01,22,-991214305,9901777cfa20eccd76c34884362489f9e5ab8267,1,26803048120089426115811,26803.048120089426
2026-05-01,23,-564951081,92ee32937f3a86bb897e3b15de55078f18cb7cb2,1,26000000000000000000000,26000.000000000000
2026-05-01,24,-1100008033,1bddb3b906c5678d0648feb1416d90d97194183a,1,11500000000000000000000,11500.000000000000
2026-05-01,25,-611653087,2f6ba24ac35993253e500fc245fd80689cb2bdd2,1,10009364684119579265369,10009.3646841195792654
2026-05-01,26,-1069004880,44ad411c5aeb5a6951ae61482e0617cea8694fa9,1,10000000000000000000000,10000.0000000000000000
2026-05-01,27,1172244592,4f407f6d3b8aaa330a73f068a009491ac723d731,1,10000000000000000000000,10000.0000000000000000
2026-05-01,28,1709421878,2c03bbeb951857c11e1b415d69c9b7a7720bf1d3,1,9440374822866598552137,9440.3748228665985521
2026-05-01,29,-674721084,f85f750163190351738106bc8c84029fc12f25d6,1,6305627228605194748724,6305.6272286051947487
2026-05-01,30,-633727290,cb16f62f6c43948683e445e2c17ece79d0d843e6,1,6032525015310000000000,6032.5250153100000000
2026-05-01,31,2145948903,3b4c16a94b627f83e58c94c6eec439f9b718164a,1,4500000000000000000000,4500.0000000000000000
2026-05-01,32,-91787092,b3dcf7462b99d3e115fec7041cb03a8a54296311,1,3093980000000000000000,3093.9800000000000000
2026-05-01,33,1803150949,25b6f5f1525f0074d53570ea2fb4cd9ee545b296,1,2126000000000000000000,2126.0000000000000000
2026-05-01,34,1181014158,8259d46ae6e255e91107a9b9afd89dfb03e66fd8,1,1999925530040000000000,1999.9255300400000000
2026-05-01,35,1075719216,5d00572ceb25d11c774977c55feb6388e803b8d0,1,1200631765461711258408,1200.6317654617112584
2026-05-01,36,353882334,ff4207919372669fb3ea87ccbeb1dd3eec67544f,1,1000000000000000000000,1000.0000000000000000
2026-05-01,37,239893848,c9f5296eb3ac266c94568d790b6e91eba7d76a11,1,1000000000000000000000,1000.0000000000000000
2026-05-01,38,-1058459737,2608e19b9460a2e3a301682ede4d83d6213c2e89,1,999081244823905422903,999.0812448239054229
2026-05-01,39,-1013661368,beb4dc79a3351f4e707bff53dcb42d36cf764b02,1,948007775000000000000,948.0077750000000000
2026-05-01,40,1861713724,1ab4973a48dc892cd9971ece8e01dcc7688f8f23,1,698499839000000000000,698.4998390000000000
2026-05-01,41,1608726355,f802c0aa2356c098c158e2396095acaa6601be01,1,584891564270000000000,584.8915642700000000
2026-05-01,42,915194212,4b75d1cf8a07280249404bf10aa1b844f0982abc,1,495870874429017855668,495.8708744290178557
2026-05-01,43,-1112774122,8e58b24f2a7044847f85077df15eff42b8ca6e4e,1,466138370614993419537,466.1383706149934195
2026-05-01,44,-1155837448,3c7f57d196ffa9e841f33ea910201c9b6582477a,1,445069980630000000000,445.0699806300000000
2026-05-01,45,-65442053,6990e7e90ab50c12111f99b84183d3fe298bb3e4,1,300000000000000000000,300.0000000000000000
2026-05-01,46,-810833894,8fd4a600827e96cb17a6dd2590aa61ebf3dee5d1,1,225070000000000000000,225.0700000000000000
2026-05-01,47,1942741248,f8940e4f0bfbb3164e19684f3fe98dd6f823fd28,1,100000000000000000000,100.0000000000000000
2026-05-01,48,1588324529,00d69eaf25a939a2e8db6238c9ea055ca9633571,1,100000000000000000000,100.0000000000000000
2026-05-01,49,-579851044,4c693901eef0de4f312f9aa76acca6385f01a0ba,1,100000000000000000000,100.0000000000000000
2026-05-01,50,-100645567,dd7e7253c73ce7351c6c966bb852d6d552b75469,1,99000000000000000000,99.0000000000000000
2026-05-01,51,-1093557368,f59f80d2754ff6b60c603d46a57794f01b8b4179,1,70500000000000000000,70.5000000000000000
2026-05-01,52,-502282514,e56045e443a03595bc421cd88b4eb913ae652f04,1,61000000000000000000,61.0000000000000000
2026-05-01,53,-571218527,5ea2c8c855ecc4ae1e7b4fd2f270653a5609fe1a,1,60000000000000000000,60.0000000000000000
2026-05-01,54,-1093122918,b834370ac8a80a0a87088e9ef340160b75f53311,1,59210642760000000000,59.2106427600000000
2026-05-01,55,-931474899,3bc0871498ff50f323c8e3b0ccdccebf58d9b8f0,1,58869699514467120642,58.8696995144671206
2026-05-01,56,1624043121,ad01c20d5886137e056775af56915de824c8fce5,1,50186455447855197953,50.1864554478551980
2026-05-01,57,-1068626173,e1701c2833df58188a11b525ad42132032334898,1,50000000000000000000,50.0000000000000000
2026-05-01,58,-31319026,6c6fc745768d19a75434b406198105c2c5a67b5e,1,49901772203763716442,49.9017722037637164
2026-05-01,59,-903083017,e9629bdcfb6b33a08350b6b910018d700eec82ce,1,29560660000000000000,29.5606600000000000
2026-05-01,60,-508622504,7a2b5873fd4eafeecf9b92587efb6a25b3c7695a,1,24800000000000000000,24.8000000000000000
2026-05-01,61,-712432118,1cdb82421812e96dd90e622e18aa6510926381b9,1,17492184028922411532,17.4921840289224115
2026-05-01,62,-808862758,64d3cbab6100782a7839fc1af791027a2f1908d2,1,12003365287717681406,12.0033652877176814
2026-05-01,63,-679400386,cad1a7864a108dbff67f4b8af71fab0c7a86d0b6,1,11860192815581831889,11.8601928155818319
2026-05-01,64,-1091033571,afcd90e987662de84bfb97712eae158d2314b91c,1,10000000000000000000,10.0000000000000000
2026-05-01,65,-514313577,2428ba14c88bffa26d8272709e1d66e31cecace4,1,10000000000000000000,10.0000000000000000
2026-05-01,66,-1152394874,88492adbbb33f90f897b5ef5a524384b357643d6,1,10000000000000000000,10.0000000000000000
2026-05-01,67,-1038205030,3fdfe437951d04b7d5671da491948b24131d9771,1,10000000000000000000,10.0000000000000000
2026-05-01,68,1764601375,58edf78281334335effa23101bbe3371b6a36a51,1,9000000000000000000,9.0000000000000000
2026-05-01,69,-1113935857,67d8d60592642b4dba4b9cc5a5ab50dee11f1791,1,8864010681890005844,8.8640106818900058
2026-05-01,70,-1065797510,9cc195ed0503107d17cfdb4d8f172a2b0454f113,1,8632232000000000000,8.6322320000000000
2026-05-01,71,1065481746,1c727a55ea3c11b0ab7d3a361fe0f3c47ce6de5d,1,8071821609727573499,8.0718216097275735
2026-05-01,72,-1092521147,43c30c0cd8f689f90df7e78031419bf144b9a81f,1,8066859833156152482,8.0668598331561525
2026-05-01,73,-1104276538,59a3f5bb8ee92502e9a25c748c8589f3fa49929e,1,7232500000000000000,7.2325000000000000
2026-05-01,74,-660656496,0b7f333caf3d6ef354b4be361445223b91fff3d7,1,6343852822467678398,6.3438528224676784
2026-05-01,75,-284611541,854e88a6d2aa7b58e76e01716cbbbe51d63c8541,1,5000000000000000000,5.0000000000000000
2026-05-01,76,-645343130,87cb2e56732a13a2abc6195612917b4463e80c89,1,3900170732446074065,3.9001707324460741
2026-05-01,77,-194419315,f3b3a4edbb93e8eb85b4dbcb1483b2f69f557029,1,1766274705192545729,1.7662747051925457
2026-05-01,78,-226061742,91d40e4818f4d4c57b4578d9eca6afc92ac8debe,1,1000000000000000000,1.00000000000000000000
2026-05-01,79,-680097098,3de0a3f95eb59dc208fbedeaac43f5197c39709d,1,1000000000000000000,1.00000000000000000000
2026-05-01,80,-1114114352,6d99f476e7e9fccd189fb87023cfa301364fa817,1,1000000000000000000,1.00000000000000000000
2026-05-01,81,-988075502,cb527f2e62458409a2b6b71fd587fabd01b20776,1,499999999999999000,0.49999999999999900000
2026-05-01,82,1915715589,15775b23340c0f50e0428d674478b0e9d3d0a759,1,50000000000000000,0.05000000000000000000
2026-05-01,83,1724486577,017107ab195dbf52278413063156e51564f6578c,1,209550794737786,0.00020955079473778600
2026-05-01,84,1544574073,7865f7724ccb280ee12c69d140c8c2a359609c75,1,0,0E-36
2026-05-01,85,-418106175,d19f28423c862266453a481026ae833e74e4dcee,1,0,0E-36
2026-05-01,86,-1117714748,9ad963b8f6001ed85f76f82009c9d9df2951b811,1,0,0E-36
2026-05-01,87,-828783225,4280fd97f782a3fc6634fcc1c3285e13bcd029ec,1,0,0E-36
2026-06-01,1,-917633702,c56610f32ec64d785c21b86ff7a6c40e99807558,49,24417956528276394452559,24417.956528276394
2026-06-01,2,816889289,dfd5293d8e347dfe59e90efd55b2956a1343963d,10,308256463090000000000,308.2564630900000000
2026-06-01,3,-1175420098,c5d3d8fbad6480f1234e7511a735f5718f2231bd,6,2085764065090000000000,2085.7640650900000000
2026-06-01,4,779989060,28c6c06298d514db089934071355e5743bf21d60,5,24958496040000000000,24.9584960400000000
2026-06-01,5,1650970392,c1da33e8d60daf4f93a52357a57a076f44c45759,4,82082863000000000000,82.0828630000000000
2026-06-01,6,2073796322,9642b23ed1e01df1092b92641051881a322f5d4e,3,3159590000000000000000,3159.5900000000000000
2026-06-01,7,1900774931,ec86ad65e71e6d54721a424a6f67a014fa5eefa8,2,12050000000000000000000,12050.000000000000
2026-06-01,8,882940793,f89d7b9c864f589bbf53a82105107622b35eaa40,2,1107781578000000000000,1107.7815780000000000
2026-06-01,9,-1161319966,996dcf6180d5bdb9437f04a49c9658ad3d61ad77,2,995203459479543697945,995.2034594795436979
2026-06-01,10,1764601375,58edf78281334335effa23101bbe3371b6a36a51,2,763582614000000000000,763.5826140000000000
2026-06-01,11,-65442053,6990e7e90ab50c12111f99b84183d3fe298bb3e4,2,532070000000000000000,532.0700000000000000
2026-06-01,12,-552868230,88a6ba04d14cc2dd43efb6956aa18c8f38ea2434,2,300000000000000000000,300.0000000000000000
2026-06-01,13,-315670879,ef482680be137edba1f6fea4516d314282318819,2,35241896239431830228,35.2418962394318302
2026-06-01,14,1489735160,58b704065b7aff3ed351052f8560019e05925023,2,29180000000000000000,29.1800000000000000
2026-06-01,15,1861713724,1ab4973a48dc892cd9971ece8e01dcc7688f8f23,1,400051711415000000000000,400051.711415000000
2026-06-01,16,-123093559,bed03239b3180534e374729c889aee3b0d08c2ca,1,139785399232984503459650,139785.399232984503
2026-06-01,17,-262272645,ced368fb7251c2f02056f40d2b3d1b9037e68ee8,1,80001191543550574786531,80001.191543550575
2026-06-01,18,-1188736244,8d82d5c3ecb91f48140e73e2c3627ed6fbf96149,1,65790107614460563580856,65790.107614460564
2026-06-01,19,-1039784588,d0e4262e7c980c14c5230f11f76d908532154405,1,53973729558099032924852,53973.729558099033
2026-06-01,20,-34930206,5a0b47771c22b0bd96f5b0a541dfafedc7dc9f93,1,40678236481673955107527,40678.236481673955
2026-06-01,21,-1238112905,725e52ca111937168f0b2b8068d14d47079c564d,1,25000000000000000000000,25000.000000000000
2026-06-01,22,-1214459284,b5d9d4a190935111c7843a09294184e793f17f30,1,23410000000000000000000,23410.000000000000
2026-06-01,23,586686323,a05b1e594d0d26ac0ad9a9be19196e2e08e3348c,1,22495354608092606143387,22495.354608092606
2026-06-01,24,-952320153,df0031054b512736a7be7a8447e282ebfb6de4f2,1,10445000000000000000000,10445.000000000000
2026-06-01,25,462565311,8c95638ce53c630f600667b5c21fba12885ba042,1,10136349403514354671584,10136.349403514355
2026-06-01,26,1210593422,7c050d9dc1173a23e21911f380d5621db165a938,1,10000000000000000000000,10000.0000000000000000
2026-06-01,27,1136742216,73a62005ff98e117db30fd8ddfabbcc540f608d7,1,9985014200240997503461,9985.0142002409975035
2026-06-01,28,1840019711,fd1f937df2e64019d4e1e7eec745a61176ab2cbe,1,8000000000000000000000,8000.0000000000000000
2026-06-01,29,1569531209,f22fcff48ef82cd4cf6110e98ef5e562032e478e,1,6789000000000000000000,6789.0000000000000000
2026-06-01,30,1197744968,15ff3859af506d6e4d7e5fdf335628fc1e3ef1ce,1,6765251115594561657166,6765.2511155945616572
2026-06-01,31,-1126474840,5435a2d6aba159f4e96f47bb154febda720044ba,1,5780000000000000000000,5780.0000000000000000
2026-06-01,32,587914817,cb49ba13909b0537f46366b16bcfb165da7badd4,1,5000000000000000000000,5000.0000000000000000
2026-06-01,33,1405480478,6ec088d142308b1a17583d2bd7953229a9906963,1,4991440216944918933988,4991.4402169449189340
2026-06-01,34,-721106635,de75fdabf638da5460ba36b72683b42ad8ebc896,1,4975286446000000000000,4975.2864460000000000
2026-06-01,35,-926195390,477fba4f877feb7b21467a5a1e6e5290ba7cb742,1,4166000000000000000000,4166.0000000000000000
2026-06-01,36,1853219276,f4e45740d9896ff5fb23c55d8bf00b39f8b740f3,1,4000000000000000000000,4000.0000000000000000
2026-06-01,37,-1091141906,8e3841b5d7f6e1674ff222811ac1b855cb1e3055,1,3561911222014389029966,3561.9112220143890300
2026-06-01,38,-450076370,49208e12b02effd27afe01a78ea871fd73be2b12,1,3292650094884378579986,3292.6500948843785800
2026-06-01,39,-581699552,a08d9860f389a0f6a63a628b8586b752e84b42d8,1,3228431500000000000000,3228.4315000000000000
2026-06-01,40,-1073816053,0549286b1cae322eafe855cc982a8a7dab02213f,1,3096794701777547217469,3096.7947017775472175
2026-06-01,41,-1244114391,2fed3d48cc0edbba661f96865b3bf718faef58af,1,2969754949300000000000,2969.7549493000000000
2026-06-01,42,-70595982,1fe97a3930721f39523f7e241f2dda3a735f72d8,1,2060000000000000000000,2060.0000000000000000
2026-06-01,43,-414552080,6a62dfe3c8085bba79701518a3bf3dcee0216be5,1,2000000000000000000000,2000.0000000000000000
2026-06-01,44,-598569860,f78b2eda7c1e20ff9906b31fe3612195bce9d6ce,1,1992499262595926000000,1992.4992625959260000
2026-06-01,45,-555623476,cd0688b54b53db9cb90f6decdc30de888c8d1112,1,1954765420920780761431,1954.7654209207807614
2026-06-01,46,-1118912039,74072758d55eabf4f54255733c7551206b7caeeb,1,1691238263424053344860,1691.2382634240533449
2026-06-01,47,244689083,b8001c3ec9aa1985f6c747e25c28324e4a361ec1,1,1689815600000000000000,1689.8156000000000000
2026-06-01,48,877796324,be3bf2145d7b887823f5885a4b9d33cc78199397,1,1500000000000000000000,1500.0000000000000000
2026-06-01,49,-323196279,982fcade76929eff2c562b88b43064ccf274fdb3,1,1406218047799885710228,1406.2180477998857102
2026-06-01,50,-1076815323,55ffbb34f1b4059e80c7b8e97d8f3f1e973811c6,1,1000000000000000000000,1000.0000000000000000
2026-06-01,51,-46217485,5c150e57d3dda24d3d84727c50fceb35c8e38459,1,930248605512333382636,930.2486055123333826
2026-06-01,52,-684939572,ca8374b7e00df3ce13f159e12617e16e3dddf084,1,921400000000000000000,921.4000000000000000
2026-06-01,53,-1013661368,beb4dc79a3351f4e707bff53dcb42d36cf764b02,1,858740000000000000000,858.7400000000000000
2026-06-01,54,993837692,5ce7d83f7aaac17a0ad40540b37fc7a0b688ff44,1,586000000000000000000,586.0000000000000000
2026-06-01,55,915194212,4b75d1cf8a07280249404bf10aa1b844f0982abc,1,541482722565826180533,541.4827225658261805
2026-06-01,56,-1185044619,af40543f9912cf913b7741dd1f12145508cc752a,1,510166375000000000000,510.1663750000000000
2026-06-01,57,-405738107,e528c1994b2593b58fa68e289da8660aee62c434,1,499999999999999999999,500.0000000000000000
2026-06-01,58,-1254268472,b705612b4022e6bc3570722744e950ae44b0e778,1,474000000000000000000,474.0000000000000000
2026-06-01,59,619733247,e3cc7cbc3f20be7d15dafdc91e29fd2c55876ca8,1,466467456800071668682,466.4674568000716687
2026-06-01,60,621942855,de776ed0f60f1bb6f28d90e535ae24ad2c062292,1,459400000000000000000,459.4000000000000000
2026-06-01,61,-1207895739,426dca0e1cee905c88c3a26f987e0138dcc8c4b9,1,349738973571450482927,349.7389735714504829
2026-06-01,62,825735484,120051a72966950b8ce12eb5496b5d1eeec1541b,1,279000700000000000000,279.0007000000000000
2026-06-01,63,1987334749,3d56c4d42feec91f979b0090ddb9072d0c3e6dbb,1,251119822790000000000,251.1198227900000000
2026-06-01,64,-571218527,5ea2c8c855ecc4ae1e7b4fd2f270653a5609fe1a,1,250000000000000000000,250.0000000000000000
2026-06-01,65,-43185881,b6131039a70f67c167a449e8fb2c4fb9cdf64434,1,231784919221497091899,231.7849192214970919
2026-06-01,66,1359311941,51dbd97fa14f4d78f8afc2e92a692a9e087efb5c,1,225461095907381850375,225.4610959073818504
2026-06-01,67,-374788265,f284f5d98c2d352c4a4ab7159306f89d84586f2a,1,200000000000000000000,200.0000000000000000
2026-06-01,68,-1193491310,fff6009f5ba120a1ca13a164e7ee8ab101c3549e,1,178484290448058088219,178.4842904480580882
2026-06-01,69,-663062670,6f80795aa344f8a0c4fc59e95d6a3f6d256371b0,1,120000000000000000000,120.0000000000000000
2026-06-01,70,1186145118,bc2e07a461ef6194545c4bbad0e3f64679331ea9,1,114784864023260630569,114.7848640232606306
2026-06-01,71,1065481746,1c727a55ea3c11b0ab7d3a361fe0f3c47ce6de5d,1,108679663928388431033,108.6796639283884310
2026-06-01,72,-1092996915,0cb70edc846fd18067d97e66ff4de7f2009cc65a,1,100000000000000000000,100.0000000000000000
2026-06-01,73,-1188343742,9ef1391971ddc48cab6535383753ef8062d29c9e,1,100000000000000000000,100.0000000000000000
2026-06-01,74,713502672,7869a65d23f055e068f707ebb30a18870f80f9b4,1,99720382746103526274,99.7203827461035263
2026-06-01,75,-367413626,180c824fab788eae623fc4198f214f401a53a592,1,99697894191036551306,99.6978941910365513
2026-06-01,76,-1161519855,7608418a24d2a09517b880bfe23da54282bb95e1,1,97830000000000000000,97.8300000000000000
2026-06-01,77,-1033699676,bd04b055e7e979b7b8d0affba9dca34e4955785f,1,80000000000000000000,80.0000000000000000
2026-06-01,78,486322107,63e3b82798ad78062b88eb4605d520e328fe38b8,1,65304462742000939425,65.3044627420009394
2026-06-01,79,1798519053,ef978584d9b91aff723bdbb00a1df23368d9cfb9,1,49015390832721474543,49.0153908327214745
2026-06-01,80,780100773,21a31ee1afc51d94c2efccaa2092ad1028285549,1,30130000000000000000,30.1300000000000000
2026-06-01,81,-293153504,adbedb0e36af90bc5a9893c07c34b15ce860f3f7,1,30092487517385401376,30.0924875173854014
2026-06-01,82,-251982594,da23c07892a58a327f0b255d58167b68073ab08d,1,30000000000000000000,30.0000000000000000
2026-06-01,83,-367026208,9ccbdc07a52a71acbad895e4b78efb5a9a95060f,1,29370499990000000000,29.3704999900000000
2026-06-01,84,-1180773598,fa1d962feabf65e789fe32cbcdd6723c8b073d8a,1,29000000000000000000,29.0000000000000000
2026-06-01,85,1883532181,fd5064b9f3d94d0019a0c0e1262fb19d1adcb03f,1,23046950000000000000,23.0469500000000000
2026-06-01,86,-1150513800,1c798370eec87e1c18fb4ed22f2a6886956bf811,1,19955000000000000000,19.9550000000000000
2026-06-01,87,173601009,4e5b2e1dc63f6b91cb6cd759936495434c7e972f,1,14944200000000000000,14.9442000000000000
2026-06-01,88,-1086654231,7575e4f77ff4f650dda9c89f5573bcc9c145d13f,1,11000866598603795871,11.0008665986037959
2026-06-01,89,1820237703,8fca4ade3a517133ff23ca55cdaea29c78c990b8,1,10487138300000000000,10.4871383000000000
2026-06-01,90,-1095543497,274918e229adda3db770769876b5c7470bd98ba8,1,10000000000000000000,10.0000000000000000
2026-06-01,91,-720656911,701bc9114d4e5053cf2ec0b94f66c5b25150cdbc,1,10000000000000000000,10.0000000000000000
2026-06-01,92,-1197461095,f05b56a0e8c1161d862710aef3f8212782189a9e,1,10000000000000000000,10.0000000000000000
2026-06-01,93,1968788435,cff1adb9e91e69e5bf05e324dedc558dcf7f5e34,1,10000000000000000000,10.0000000000000000
2026-06-01,94,-1051697901,eeee9d0df59ac175d558d205c001f13e6b348d4f,1,9999859571745354048,9.9998595717453540
2026-06-01,95,-1073215822,5caa2b55aa4ac56d4798ed70eaf35b9b58c32cf2,1,9860959729880412811,9.8609597298804128
2026-06-01,96,-1174173991,024981641211525a5c5cc12676e5490e7172c829,1,8906354855648303803,8.9063548556483038
2026-06-01,97,-1196514394,5c03e0dcf254a7c0eeb875ca61b9e406f302d6bb,1,8769096300000000000,8.7690963000000000
2026-06-01,98,-1072978084,b93ef5df75d0296c727aa086d32976f65785449c,1,7000000000000000000,7.0000000000000000
2026-06-01,99,-897476662,fdf68359aef178ab27ebd45b45ae00c5f9cde057,1,5000000000000000000,5.0000000000000000
2026-06-01,100,645745762,d893cf5a7b6964c7dbfa82db383cf1db5aba65d7,1,5000000000000000000,5.0000000000000000
