month,user_rank,address_id,address,outgoing_transfer_count,outgoing_transaction_count,raw_outgoing_volume,outgoing_volume
2024-09-01,1,-24742409,0650caf159c5a49f711e8169d4336ecb9b950275,271,271,199097552690018470016338275,199097552.69001847
2024-09-01,2,-8676112,a3931d71877c0e7a3148cb7eb4463524fec27fbd,111,111,133243627309456202920419273,133243627.30945620
2024-09-01,3,881197687,9008d19f58aabd9ed0d60971565aa8510560ab41,610,604,123395100494633574162471354,123395100.49463357
2024-09-01,4,1728729509,f081470f5c6fbccf48cc4e5b82dd926409dcdd67,9,7,4167689879278817914052032,4167689.879278817914
2024-09-01,5,2068491642,0f4a1d7fdf4890be35e71f3e0bbc4a0ec377eca3,4,4,2319927378163999999999995,2319927.378164000000
2024-09-01,6,-24757697,2621cc0b3f3c079c1db0e80794aa24976f0b9e3c,73,73,1384294778764779180003888,1384294.778764779180
2024-09-01,7,-24832139,10ab606b067c9c461d8893c47c7512472e19e2ce,32,32,963047026202859141217707,963047.026202859141
2024-09-01,8,2054943978,6a000f20005980200259b80c5102003040001068,5,4,478428955914590242092392,478428.955914590242
2024-09-01,9,2141057109,3a8ec0a9dadbb933b7492a2cf93be286facf7da4,1,1,299339982839477816851217,299339.982839477817
2024-09-01,10,1899934735,111111125421ca6dc452d289314280a0f8842a65,2,2,58547684386619340935789,58547.684386619341
2024-09-01,11,-31913357,31e29b2b8fd9d6ca57afbac110df2d14cb151d1e,1,1,39967316909940579839853,39967.316909940580
2024-09-01,12,1586252096,3fc91a3afd70395cd496c647d5a6cc9d4b2b7fad,14,14,27063885141383628843890,27063.885141383629
2024-09-01,13,1490507434,00000000009e50a7ddb7a7b0e2ee6604fd120e49,1,1,10740549464397952581632,10740.549464397953
2024-09-01,14,-37413258,e9f1e2ef814f5686c30ce6fb7103d0f780836c67,2,2,6586094614251635081932,6586.0946142516350819
2024-09-01,15,2116722715,1d7405df25fd2fe80390da3a696dcfd5120ca9ce,2,1,5119425819999999999999,5119.4258200000000000
2024-09-01,16,2106713580,e6b1de575e7e610889ea21024834e120f92033a3,1,1,4420932127309171515827,4420.9321273091715158
2024-09-01,17,2020978733,d5e74de4385ef0eb1bb4db05a6a504f04d92e79d,1,1,1336642709929004792071,1336.6427099290047921
2024-09-01,18,1859003353,0fa1c4fc8e710b3a808c76ba4f8285aa30721dd9,1,1,1336099331794675290357,1336.0993317946752904
2024-09-01,19,524087354,7a250d5630b4cf539739df2c5dacb4c659f2488d,1,1,125536240759971128429,125.5362407599711284
2024-09-01,20,929482544,4b3f1048c55faa0c0873e249e541139360501f2a,1,1,100000000000000000000,100.0000000000000000
2024-09-01,21,867588846,4a14347083b80e5216ca31350a2d21702ac3650d,1,1,91180083203444092510,91.1800832034440925
2024-09-01,22,-26549764,ed39f7ed9f1280072c484d9741e07ab91d1d3f1d,5,5,23718771913279567013,23.7187719132795670
2024-09-01,23,1061799871,72e93123e8b5d168246739cdc45360ea11209364,1,1,15406741887711735805,15.4067418877117358
2024-09-01,24,546716445,22f9dcf4647084d6c31b2765f6910cd85c178c18,3,1,11965167088070007477,11.9651670880700075
2024-09-01,25,-31126691,d8507ef0a59f37d15b5d7b630fa6eea40ce4afdd,1,1,1000000000000000000,1.00000000000000000000
2024-09-01,26,-29873304,6125f4a075a793d53307f077d22671c57f4d1d1a,1,1,100000000000000000,0.10000000000000000000
2024-10-01,1,-24742409,0650caf159c5a49f711e8169d4336ecb9b950275,465,465,824017916165437995810872603,824017916.16543800
2024-10-01,2,-42155844,32a6268f9ba3642dda7892add74f1d34469a4259,204,204,338354613636029249102620013,338354613.63602925
2024-10-01,3,-8676112,a3931d71877c0e7a3148cb7eb4463524fec27fbd,160,160,134817697700141605577892874,134817697.70014161
2024-10-01,4,881197687,9008d19f58aabd9ed0d60971565aa8510560ab41,444,443,117754656310147677695903488,117754656.31014768
2024-10-01,5,-42170378,09aa30b182488f769a9824f15e6ce58591da4781,58,58,49899040020956590076874501,49899040.020956590077
2024-10-01,6,1381791786,1111111254eeb25477b68fb85ed929f73a960582,14,14,32835217382621271766804845,32835217.382621271767
2024-10-01,7,794595785,f20b338752976878754518183873602902360704,1,1,26000000000000000000000000,26000000.000000000000
2024-10-01,8,-24832139,10ab606b067c9c461d8893c47c7512472e19e2ce,83,83,23576983372451115936375501,23576983.372451115936
2024-10-01,9,-48820591,db01707567cf99c2e2215f1bd8ca567d998415de,45,42,11347777177119016491953301,11347777.177119016492
2024-10-01,10,-31126691,d8507ef0a59f37d15b5d7b630fa6eea40ce4afdd,2,2,10000010000000000000000000,10000010.000000000000
2024-10-01,11,1899934735,111111125421ca6dc452d289314280a0f8842a65,23,23,4814954444167958790787912,4814954.444167958791
2024-10-01,12,1728729509,f081470f5c6fbccf48cc4e5b82dd926409dcdd67,22,21,4694361221278389060141065,4694361.221278389060
2024-10-01,13,1608787768,ad3b67bca8935cb510c8d18bd45f0b94f54a968f,3,3,3544901286105514238783394,3544901.286105514239
2024-10-01,14,-60440021,5d409e56d886231adaf00c8775665ad0f9897b56,22,22,2653241761625097683623816,2653241.761625097684
2024-10-01,15,1663246624,cf5540fffcdc3d510b18bfca6d2b9987b0772559,30,29,2169858851659443536429119,2169858.851659443536
2024-10-01,16,2006350706,458791536db176cd477495060f2d5a2c844fba98,1,1,919475251229713164549744,919475.251229713165
2024-10-01,17,2116722715,1d7405df25fd2fe80390da3a696dcfd5120ca9ce,14,7,888812457856938783219945,888812.457856938783
2024-10-01,18,2068491642,0f4a1d7fdf4890be35e71f3e0bbc4a0ec377eca3,11,11,856260799447245068667471,856260.799447245069
2024-10-01,19,-30889846,72f39213ee8a767b88cc56c02e7506fbb5ebdcf0,2,2,735320416698087919063425,735320.416698087919
2024-10-01,20,1586252096,3fc91a3afd70395cd496c647d5a6cc9d4b2b7fad,63,63,602643139541254941129045,602643.139541254941
2024-10-01,21,-63147355,8d3b0d586b0bc51d94dabc5ac47973444d727413,1,1,518822756770138023898263,518822.756770138024
2024-10-01,22,-37413258,e9f1e2ef814f5686c30ce6fb7103d0f780836c67,18,18,408753486879683923035243,408753.486879683923
2024-10-01,23,1731955419,06b50641cc4c6e3a08903052ec86d4d770f60c36,2,2,229996367573000004829184,229996.367573000005
2024-10-01,24,807897371,81231357a913ec6e1f3afbce8e662632c1c8eee5,1,1,199834730475999999999999,199834.730476000000
2024-10-01,25,2145174805,70bf6634ee8cb27d04478f184b9b8bb13e5f4710,3,3,106226287134235677900000,106226.287134235678
2024-10-01,26,-24757697,2621cc0b3f3c079c1db0e80794aa24976f0b9e3c,41,41,56590165527616936791031,56590.165527616937
2024-10-01,27,1364872031,1231deb6f5749ef6ce6943a275a1d3e7486f4eae,3,3,56504416743152507837111,56504.416743152508
2024-10-01,28,2145165906,12d737470fb3ec6c3deec9b518100bec9d520144,3,2,48152202489040757256251,48152.202489040757
2024-10-01,29,1749966612,3f37c7d8e61c000085aac0515775b06a3412f36b,1,1,47708676880640597899589,47708.676880640598
2024-10-01,30,945823832,6352a56caadc4f1e25cd6c75970fa768a3304e64,2,1,44754756243971097645108,44754.756243971098
2024-10-01,31,-26664456,8c645ae763a2341a336629b1e6165c9ad28d90f2,2,2,39962951305570203324054,39962.951305570203
2024-10-01,32,2000202299,888888888889758f76e7103c6cbf23abbf58f946,4,4,36317528947019796411781,36317.528947019796
2024-10-01,33,1843799121,896aa8cc59ea595915ad17b32afff0e1f4748211,2,2,34202040904813118854127,34202.040904813119
2024-10-01,34,616036061,74de5d4fcbf63e00296fd95d33236b9794016631,8,8,21425146790576903114720,21425.146790576903
2024-10-01,35,1512984616,684ca620a83a3dc69eac6c0f81646965ec381828,1,1,19956029430446547565029,19956.029430446548
2024-10-01,36,2126292811,9e33e02e286fe64113af071f0bcb2be40e3b0ddc,1,1,10000000000000000000000,10000.0000000000000000
2024-10-01,37,-2356561,5bf7ddcd0526fe081df23f6f1bb76aa2919e2a93,1,1,10000000000000000000000,10000.0000000000000000
2024-10-01,38,1678603403,3c5142f28567e6a0f172fd0baaf1f2847f49d02f,1,1,9583330000000000000000,9583.3300000000000000
2024-10-01,39,2020978733,d5e74de4385ef0eb1bb4db05a6a504f04d92e79d,4,4,5873609461418493445788,5873.6094614184934458
2024-10-01,40,2054943978,6a000f20005980200259b80c5102003040001068,10,8,5192307321264384096712,5192.3073212643840967
2024-10-01,41,1490507434,00000000009e50a7ddb7a7b0e2ee6604fd120e49,1,1,4718502352112419178236,4718.5023521124191782
2024-10-01,42,11745088,8ac5c1cbafc564fbd01ee4b116dea85e6a593ab4,1,1,2991305932000000000000,2991.3059320000000000
2024-10-01,43,1586960633,0b8a49d816cc709b6eadb09498030ae3416b66dc,2,2,2773629108683992636908,2773.6291086839926369
2024-10-01,44,-35398501,955c83922c5883070f9289367439764fbc066e3e,1,1,216108526407914824734,216.1085264079148247
2024-10-01,45,546716445,22f9dcf4647084d6c31b2765f6910cd85c178c18,7,4,114055185646200870871,114.0551856462008709
2024-10-01,46,-52310614,76632e4a7caaadd20aa251015b4fec288d65b009,1,1,100000000000000000000,100.0000000000000000
2024-10-01,47,2105845464,55877bd7f2ee37bde55ca4b271a3631f3a7ef121,1,1,19971044085000000000,19.9710440850000000
2024-10-01,48,1565442384,323652829b60cecdae153b6867780d231a454dd2,2,2,14927186495573171374,14.9271864955731714
2024-10-01,49,1954942325,8c2927b58857d13778e2deab7af0a6629e0cb4a4,1,1,10000000000000000000,10.0000000000000000
2024-10-01,50,-65727129,07f9a54dc5135b9878d6745e267625bf0e206840,1,1,5953590071872152834,5.9535900718721528
2024-10-01,51,1616290500,c37e6d18ee56440b186257968a295eb54036821a,1,1,1000000000000000000,1.00000000000000000000
2024-10-01,52,-40901811,14d98650d46bf7679bbd05d4f615a1547c87bf68,1,1,1000000000000000000,1.00000000000000000000
2024-10-01,53,1636575522,69460570c93f9de5e2edbc3052bf10125f0ca22d,1,1,150934693670333295,0.15093469367033329500
2024-10-01,54,-49482983,630262d41e2ffac5a2550bdb96764fcc97c25521,1,1,1000000000000,0.000001000000000000000000
2024-11-01,1,-24742409,0650caf159c5a49f711e8169d4336ecb9b950275,441,441,1188438373365947924126866445,1188438373.36594792
2024-11-01,2,-42155844,32a6268f9ba3642dda7892add74f1d34469a4259,473,473,1165527804671565361330221131,1165527804.67156536
2024-11-01,3,1381791786,1111111254eeb25477b68fb85ed929f73a960582,82,82,327368579095114147958528186,327368579.09511415
2024-11-01,4,881197687,9008d19f58aabd9ed0d60971565aa8510560ab41,536,533,118090198677357946801986282,118090198.67735795
2024-11-01,5,-42170378,09aa30b182488f769a9824f15e6ce58591da4781,124,124,117575510456091081158089794,117575510.45609108
2024-11-01,6,-8676112,a3931d71877c0e7a3148cb7eb4463524fec27fbd,207,207,101779859026241247500381308,101779859.02624125
2024-11-01,7,-75482279,7d4958454a3f520bda8be764d06591b054b0bf33,101,101,70149578174033000000000000,70149578.174033000000
2024-11-01,8,-60440021,5d409e56d886231adaf00c8775665ad0f9897b56,165,165,48574066527756766199739638,48574066.527756766200
2024-11-01,9,1699176572,51c72848c68a965f66fa7a88855f9f7784502a7f,122,122,48497670000000000312999936,48497670.000000000313
2024-11-01,10,794595785,f20b338752976878754518183873602902360704,9,9,28283095150393349749408370,28283095.150393349749
2024-11-01,11,1663246624,cf5540fffcdc3d510b18bfca6d2b9987b0772559,51,51,26382507488717906120849375,26382507.488717906121
2024-11-01,12,-24832139,10ab606b067c9c461d8893c47c7512472e19e2ce,93,93,18847277436013974341559938,18847277.436013974342
2024-11-01,13,1899934735,111111125421ca6dc452d289314280a0f8842a65,56,56,14825030031702591822504009,14825030.031702591823
2024-11-01,14,2068491642,0f4a1d7fdf4890be35e71f3e0bbc4a0ec377eca3,19,17,13918165720339251191900386,13918165.720339251192
2024-11-01,15,1784656274,a9e38689e02eba6a4465eceee53593479bbbbaaa,2,2,6662604400558000000000000,6662604.400558000000
2024-11-01,16,929482544,4b3f1048c55faa0c0873e249e541139360501f2a,3,3,5200000000000000000000000,5200000.000000000000
2024-11-01,17,2145174805,70bf6634ee8cb27d04478f184b9b8bb13e5f4710,23,20,4037756332649870691594704,4037756.332649870692
2024-11-01,18,1508002830,8607a7d180de23645db594d90621d837749408d5,1,1,4000000000000000000000000,4000000.000000000000
2024-11-01,19,1608787768,ad3b67bca8935cb510c8d18bd45f0b94f54a968f,35,35,2906175030053816549972483,2906175.030053816550
2024-11-01,20,-91903764,d6891d1dffda6b0b1af3524018a1ee2e608785f7,2,2,2701913308215987000000000,2701913.308215987000
2024-11-01,21,-48820591,db01707567cf99c2e2215f1bd8ca567d998415de,17,17,2249775850840323747224861,2249775.850840323747
2024-11-01,22,-98380667,2a55ec3d1da74338f70067ea808d2bc338586761,1,1,2240000000000000000000000,2240000.000000000000
2024-11-01,23,-31126691,d8507ef0a59f37d15b5d7b630fa6eea40ce4afdd,1,1,2000000000000000000000000,2000000.000000000000
2024-11-01,24,938584782,614e57c57e6da7b86bea5be977a95b0f94bf43eb,1,1,1677808258791441784441524,1677808.258791441784
2024-11-01,25,2018557174,a8c1c98aaf99a5dfc907d61b892b2ad624901185,22,22,1415994385606931714757863,1415994.385606931715
2024-11-01,26,2054943978,6a000f20005980200259b80c5102003040001068,12,9,1238282255747714220130763,1238282.255747714220
2024-11-01,27,-109658452,0ea715947b3276456d70fe15652054cd85556678,1,1,897086599552000000000000,897086.599552000000
2024-11-01,28,1557385949,6a1fac6b3466e29421f70d6eaa91a0de0f627ea2,1,1,808047920345617073787355,808047.920345617074
2024-11-01,29,1731955419,06b50641cc4c6e3a08903052ec86d4d770f60c36,1,1,800000000000000000000000,800000.000000000000
2024-11-01,30,1790543088,1cebd13797636b94c5cad7108cebe42d2fce7732,1,1,733412000000000000000000,733412.000000000000
2024-11-01,31,1715474201,78f8bd884c3d738b74b420540659c82f392820e0,2,2,704132606061367853271363,704132.606061367853
2024-11-01,32,1586252096,3fc91a3afd70395cd496c647d5a6cc9d4b2b7fad,68,68,604394887821173425019404,604394.887821173425
2024-11-01,33,-65727129,07f9a54dc5135b9878d6745e267625bf0e206840,10,10,412349917839552332125368,412349.917839552332
2024-11-01,34,1728729509,f081470f5c6fbccf48cc4e5b82dd926409dcdd67,10,9,374093432704697863834627,374093.432704697864
2024-11-01,35,-82917459,959ae7d2c3a37cc726c09e8d628555fff2f54600,1,1,350368000000000000000000,350368.000000000000
2024-11-01,36,2106713580,e6b1de575e7e610889ea21024834e120f92033a3,3,3,314772494240132332303710,314772.494240132332
2024-11-01,37,2057696270,88470174477d5ffa56758162781f96a85c62cdb8,3,3,283121783303455186467993,283121.783303455186
2024-11-01,38,-90284824,00000688768803bbd44095770895ad27ad6b0d95,2,2,240846978115846953072007,240846.978115846953
2024-11-01,39,-43196954,4ce9c93513dff543bc392870d57df8c04e89ba0a,5,5,232555381942473459860649,232555.381942473460
2024-11-01,40,1066883987,46d5e1ad1dc8c222b615c249989388e19dfe758e,9,9,228854027789121977788432,228854.027789121978
2024-11-01,41,2020978733,d5e74de4385ef0eb1bb4db05a6a504f04d92e79d,1,1,144345978880106456986921,144345.978880106457
2024-11-01,42,1616290500,c37e6d18ee56440b186257968a295eb54036821a,3,1,124746000000000000000000,124746.000000000000
2024-11-01,43,1957546407,435512bdfe6436172c77040a35cf2b271f92eb0b,2,2,115549926307707937782572,115549.926307707938
2024-11-01,44,1364872031,1231deb6f5749ef6ce6943a275a1d3e7486f4eae,10,10,104402409158231457581278,104402.409158231458
2024-11-01,45,1813126170,72f4babea659934c18894f09d3a644cf9a754a29,1,1,100000000000000000000000,100000.000000000000
2024-11-01,46,2113662080,738744237b7fd97af670d9ddf54390c24263cea8,2,2,95555000000000000000000,95555.000000000000
2024-11-01,47,-59352126,05654ff0cb3635fa5de00cc11607dbf203435c13,5,5,76566852493861084138301,76566.852493861084
2024-11-01,48,-115360032,1e094fe00e13fd06d64eea4fb3cd912893606fe0,3,3,64050384600343373846907,64050.384600343374
2024-11-01,49,1159989886,7fa270537a779d9ccbd0c40c3a85469390b886cf,1,1,60003995177566058746885,60003.995177566059
2024-11-01,50,2111167255,a77d05335d7c1a913c7708fb4f22340be3abed55,1,1,60000000000000000000000,60000.000000000000
2024-11-01,51,986888935,03718d05124f9a836ec1b49b6d0931a9a0ee43b4,4,4,51187348055350000000000,51187.348055350000
2024-11-01,52,-79620546,0000000000bbf5c5fd284e657f01bd000933c96d,2,2,48776582637139627275763,48776.582637139627
2024-11-01,53,2096706950,07c5451472ba0794aae1fb8dc04cfaca81e220e8,1,1,46074370811913561964544,46074.370811913562
2024-11-01,54,-24757697,2621cc0b3f3c079c1db0e80794aa24976f0b9e3c,27,27,35025420490510798119616,35025.420490510798
2024-11-01,55,-2356561,5bf7ddcd0526fe081df23f6f1bb76aa2919e2a93,1,1,29983970833000044673485,29983.970833000045
2024-11-01,56,-102842271,584cedac7d59f874248d8fde175086e890112be3,1,1,28000000000000000000000,28000.000000000000
2024-11-01,57,616036061,74de5d4fcbf63e00296fd95d33236b9794016631,17,17,23957222990816809392690,23957.222990816809
2024-11-01,58,1490507434,00000000009e50a7ddb7a7b0e2ee6604fd120e49,2,2,21861323419286248731248,21861.323419286249
2024-11-01,59,1914509834,0c8afa31d68028ed8054493ee92f52b82ab992a2,1,1,20000000000000000000000,20000.000000000000
2024-11-01,60,2145165906,12d737470fb3ec6c3deec9b518100bec9d520144,7,6,18769121010223543694751,18769.121010223544
2024-11-01,61,-37413258,e9f1e2ef814f5686c30ce6fb7103d0f780836c67,14,14,17885883483237183346307,17885.883483237183
2024-11-01,62,1777058200,543f7e4308dbba9cb94ce87d37bdcefed4489221,3,3,14993005450037330459467,14993.005450037330
2024-11-01,63,1840114477,a8752762470a6a73ac874258677043c226d080ec,1,1,10128770677444866844025,10128.770677444867
2024-11-01,64,-96689703,ab6eed9272a47e48377c7290e005f3cdea4fb1d2,1,1,10000000959307352978398,10000.0009593073529784
2024-11-01,65,1113847572,663dc15d3c1ac63ff12e45ab68fea3f0a883c251,2,2,7710324424341610609092,7710.3244243416106091
2024-11-01,66,2122197304,f2614a233c7c3e7f08b1f887ba133a13f1eb2c55,40,40,6479607513413760655579,6479.6075134137606556
2024-11-01,67,1227078100,66d280b4da7da0c46e5f99c7ce7b945df0a0bc8c,1,1,5780787148032784401475,5780.7871480327844015
2024-11-01,68,-110928687,0f5fd4bb341bfa61218da063038e9c7e9f9ebc44,1,1,5666691056000000000000,5666.6910560000000000
2024-11-01,69,581236374,a35d70cb20d209fc691ccdbc1f778c01c02a0140,1,1,5484847844008902735356,5484.8478440089027354
2024-11-01,70,-26519314,fe837a3530dd566401d35befcd55582af7c4dffc,2,1,5007609476298589370551,5007.6094762985893706
2024-11-01,71,-70148862,328c66518bd966de9e590719d10683217bf9ec8a,2,2,5000000000000000000000,5000.0000000000000000
2024-11-01,72,-26664456,8c645ae763a2341a336629b1e6165c9ad28d90f2,1,1,3506593312555434540386,3506.5933125554345404
2024-11-01,73,2078659084,ad6869bfde53b0a61a259b36b1bcfe442e629ef4,2,2,3060167490025457692928,3060.1674900254576929
2024-11-01,74,-97373528,4e78a90338507dde12b7c0ada77028af1231bf8a,3,3,2993085183744785881888,2993.0851837447858819
2024-11-01,75,193533030,59c59d63a986d6c12b82156cd67c68f0765b1a44,1,1,1792941090931949487937,1792.9410909319494879
2024-11-01,76,-61743306,3451b6b219478037a1ac572706627fc2bda1e812,5,5,1513286675831464204109,1513.2866758314642041
2024-11-01,77,708357514,60c27ff141434e790825e1778ab264b15d07c64a,1,1,1207434633000000000000,1207.4346330000000000
2024-11-01,78,1678603403,3c5142f28567e6a0f172fd0baaf1f2847f49d02f,1,1,1000000000000000000000,1000.0000000000000000
2024-11-01,79,-75087712,a711b852b7afb85f35fcf0812bad7dda15030918,1,1,910973848890402923475,910.9738488904029235
2024-11-01,80,-49640310,182863131f9a4630ff9e27830d945b1413e347e8,1,1,586448757695715721609,586.4487576957157216
2024-11-01,81,-88470965,c0f5b8856bd6fb62c7669941e4f5012bbd24d514,1,1,303746534691092040053,303.7465346910920401
2024-11-01,82,1535693651,3a23f943181408eac424116af7b7790c94cb97a5,1,1,247300905559454381292,247.3009055594543813
2024-11-01,83,867588846,4a14347083b80e5216ca31350a2d21702ac3650d,1,1,90163059170631542853,90.1630591706315429
2024-11-01,84,2105845464,55877bd7f2ee37bde55ca4b271a3631f3a7ef121,4,3,69775317405932649848,69.7753174059326498
2024-11-01,85,-10903919,0b870d974fb968b2e06798abbd2563c80933d148,1,1,50000000000000000000,50.0000000000000000
2024-11-01,86,1636575522,69460570c93f9de5e2edbc3052bf10125f0ca22d,2,2,45000000000000000935,45.0000000000000009
2024-11-01,87,2063494806,c53f6a5cdb707d76d0322cf270f247b162df6b64,1,1,44642722151507563651,44.6427221515075637
2024-11-01,88,893398926,def171fe48cf0115b1d80b88dc8eab59176fee57,1,1,44642722151507563651,44.6427221515075637
2024-11-01,89,-81935873,6bb000067005450704003100632eb93ea00c0000,2,2,35097870372573699084,35.0978703725736991
2024-11-01,90,945823832,6352a56caadc4f1e25cd6c75970fa768a3304e64,3,2,18004730733992408053,18.0047307339924081
2024-11-01,91,-51356772,7f311a4d48377030bd810395f4ccfc03bdbe9ef3,2,2,1200000000000000000,1.2000000000000000
2024-11-01,92,546716445,22f9dcf4647084d6c31b2765f6910cd85c178c18,1,1,369648301637679884,0.36964830163767988400
2024-11-01,93,-91949695,5327f2278ca2d425d93de6fbb090624d237aae44,1,1,100000000000000000,0.10000000000000000000
2024-11-01,94,-99825052,979e9f2e7ba9c27dee1130f2bcc6e9734315ed8c,1,1,90000000000000000,0.09000000000000000000
2024-11-01,95,-23494170,d7852e139a7097e119623de0751ae53a61efb442,3,3,1598546190947,0.000001598546190947000000
2024-12-01,1,-42155844,32a6268f9ba3642dda7892add74f1d34469a4259,535,535,1007549156611213037071676407,1007549156.61121304
2024-12-01,2,-24742409,0650caf159c5a49f711e8169d4336ecb9b950275,322,322,822412567241962127625229688,822412567.24196213
2024-12-01,3,-8676112,a3931d71877c0e7a3148cb7eb4463524fec27fbd,192,192,251794892953550212530233431,251794892.95355021
2024-12-01,4,881197687,9008d19f58aabd9ed0d60971565aa8510560ab41,461,458,149742841022071490411084725,149742841.02207149
2024-12-01,5,1899934735,111111125421ca6dc452d289314280a0f8842a65,76,76,74579853042072086085648724,74579853.042072086086
2024-12-01,6,-75482279,7d4958454a3f520bda8be764d06591b054b0bf33,98,98,74051130797377000000000000,74051130.797377000000
2024-12-01,7,1381791786,1111111254eeb25477b68fb85ed929f73a960582,48,48,71617428648690564726434801,71617428.648690564726
2024-12-01,8,1663246624,cf5540fffcdc3d510b18bfca6d2b9987b0772559,61,60,39944593161257639868256239,39944593.161257639868
2024-12-01,9,1699176572,51c72848c68a965f66fa7a88855f9f7784502a7f,33,33,39525473349559864467636028,39525473.349559864468
2024-12-01,10,-42170378,09aa30b182488f769a9824f15e6ce58591da4781,91,91,35639373527739529348023450,35639373.527739529348
2024-12-01,11,-60440021,5d409e56d886231adaf00c8775665ad0f9897b56,151,151,28589386407018173043683615,28589386.407018173044
2024-12-01,12,1608787768,ad3b67bca8935cb510c8d18bd45f0b94f54a968f,53,51,23857210079887975142005700,23857210.079887975142
2024-12-01,13,929482544,4b3f1048c55faa0c0873e249e541139360501f2a,7,7,15100000000005000000000000,15100000.000005000000
2024-12-01,14,794595785,f20b338752976878754518183873602902360704,3,3,15001131413174881251351185,15001131.413174881251
2024-12-01,15,-24832139,10ab606b067c9c461d8893c47c7512472e19e2ce,81,81,14013334089866580096388331,14013334.089866580096
2024-12-01,16,441251208,2f3437c6bf500dd985c154ed01ef6507811d68f4,2,2,8736668788346836814182609,8736668.788346836814
2024-12-01,17,2068491642,0f4a1d7fdf4890be35e71f3e0bbc4a0ec377eca3,19,18,8314240832801104661733459,8314240.832801104662
2024-12-01,18,1715474201,78f8bd884c3d738b74b420540659c82f392820e0,4,4,8156528073525843198615164,8156528.073525843199
2024-12-01,19,1557385949,6a1fac6b3466e29421f70d6eaa91a0de0f627ea2,5,5,6061980372137930067193307,6061980.372137930067
2024-12-01,20,-90284824,00000688768803bbd44095770895ad27ad6b0d95,13,13,5392734670111315596798710,5392734.670111315597
2024-12-01,21,1784656274,a9e38689e02eba6a4465eceee53593479bbbbaaa,1,1,5000000000000000000000000,5000000.000000000000
2024-12-01,22,2033144620,5289e38ad6666475fee12521626f6ec2bfdb2ae5,1,1,4000000000000000000000000,4000000.000000000000
2024-12-01,23,-14459460,1ac9c64368ec5a728d0dc5e80d3b14e92fc17efd,4,4,3814947910000000000000000,3814947.910000000000
2024-12-01,24,1790543088,1cebd13797636b94c5cad7108cebe42d2fce7732,5,5,3319883010368043455071971,3319883.010368043455
2024-12-01,25,-115360032,1e094fe00e13fd06d64eea4fb3cd912893606fe0,135,135,3012665843227619055920372,3012665.843227619056
2024-12-01,26,1728729509,f081470f5c6fbccf48cc4e5b82dd926409dcdd67,20,20,2010648281590816333251593,2010648.281590816333
2024-12-01,27,2145174805,70bf6634ee8cb27d04478f184b9b8bb13e5f4710,36,30,1834557584239320923255737,1834557.584239320923
2024-12-01,28,1700450641,8afed901714ac7753c5a410516f2d4396a48e9db,2,2,1700000000000000000000000,1700000.000000000000
2024-12-01,29,-49640310,182863131f9a4630ff9e27830d945b1413e347e8,3,3,1003882633901911696310687,1003882.633901911696
2024-12-01,30,2080679857,a9048585166f4f7c4589ade19567bb538035ed36,5,5,949361848960423682184483,949361.848960423682
2024-12-01,31,2054943978,6a000f20005980200259b80c5102003040001068,16,12,847763412717207530233977,847763.412717207530
2024-12-01,32,592832080,d739c1382c761354b7064332b962f82dd27a84ec,1,1,800000000000000000000000,800000.000000000000
2024-12-01,33,-82917459,959ae7d2c3a37cc726c09e8d628555fff2f54600,2,2,760650082677000000000000,760650.082677000000
2024-12-01,34,1364872031,1231deb6f5749ef6ce6943a275a1d3e7486f4eae,19,19,620565066353619262011742,620565.066353619262
2024-12-01,35,-48820591,db01707567cf99c2e2215f1bd8ca567d998415de,11,10,514137052770166979571826,514137.052770166980
2024-12-01,36,1401025421,007f7735baf391e207e3aa380bb53c4bd9a5fed6,105,105,512031013492763211075456,512031.013492763211
2024-12-01,37,1066883987,46d5e1ad1dc8c222b615c249989388e19dfe758e,18,18,449879993341529835847821,449879.993341529836
2024-12-01,38,1586252096,3fc91a3afd70395cd496c647d5a6cc9d4b2b7fad,48,47,394557330228237509744832,394557.330228237510
2024-12-01,39,-26519314,fe837a3530dd566401d35befcd55582af7c4dffc,27,13,381927021309236582145117,381927.021309236582
2024-12-01,40,-65727129,07f9a54dc5135b9878d6745e267625bf0e206840,20,19,327103724631689449917025,327103.724631689450
2024-12-01,41,2111167255,a77d05335d7c1a913c7708fb4f22340be3abed55,1,1,277660000000000000000000,277660.000000000000
2024-12-01,42,893398926,def171fe48cf0115b1d80b88dc8eab59176fee57,2,2,266618477296960111520328,266618.477296960112
2024-12-01,43,1453526590,a77f5228baeecbcdd5ce5956c75d19a5a02cfc7f,2,2,256967354066000000000000,256967.354066000000
2024-12-01,44,1301743317,ad6452a9b8f10b0fe084c83c396abae96411c761,1,1,245441647482271453204426,245441.647482271453
2024-12-01,45,1175096046,9a67a9f0f4488a864e8d6e2c5adc4b378ab0aa28,1,1,204470000000000000000000,204470.000000000000
2024-12-01,46,2002106665,be2166bc69e1868e9a04c18e36af75900038341c,1,1,200113825418293784218044,200113.825418293784
2024-12-01,47,2145165906,12d737470fb3ec6c3deec9b518100bec9d520144,10,5,193006351557564590620141,193006.351557564591
2024-12-01,48,2018557174,a8c1c98aaf99a5dfc907d61b892b2ad624901185,3,3,173702860715851438673313,173702.860715851439
2024-12-01,49,1110644216,32523eb374d6a7610aa6d22c5a6341dd0c0c8cd4,7,7,171215931808336951558079,171215.931808336952
2024-12-01,50,2057696270,88470174477d5ffa56758162781f96a85c62cdb8,1,1,133427036738221260841338,133427.036738221261
2024-12-01,51,986888935,03718d05124f9a836ec1b49b6d0931a9a0ee43b4,4,4,131681700542500000000000,131681.700542500000
2024-12-01,52,1616290500,c37e6d18ee56440b186257968a295eb54036821a,4,3,127746000000000000000000,127746.000000000000
2024-12-01,53,-85907823,d75ccdd5aa60f2bda969db155bbbb3beeeb4618a,2,2,109881147379745479406487,109881.147379745479
2024-12-01,54,2000202299,888888888889758f76e7103c6cbf23abbf58f946,4,4,101500434356827502723459,101500.434356827503
2024-12-01,55,1641064458,3455795e9afadc1f14dc0949550b7979e85be949,1,1,100000000000000000000000,100000.000000000000
2024-12-01,56,-70309490,da6abaca0d0973be0f5648bd5193d77151920323,1,1,93939758347961820222010,93939.758347961820
2024-12-01,57,2105845464,55877bd7f2ee37bde55ca4b271a3631f3a7ef121,7,5,60683835121279415012312,60683.835121279415
2024-12-01,58,1076473892,a6eb9349e3d73ec5b7a6b6e34cafc777ee80e30b,1,1,54210550133486442844528,54210.550133486443
2024-12-01,59,616036061,74de5d4fcbf63e00296fd95d33236b9794016631,22,22,52769976942007913372612,52769.976942007913
2024-12-01,60,1227078100,66d280b4da7da0c46e5f99c7ce7b945df0a0bc8c,1,1,52367000000000000000000,52367.000000000000
2024-12-01,61,1512984616,684ca620a83a3dc69eac6c0f81646965ec381828,1,1,49996000000000000000000,49996.000000000000
2024-12-01,62,-30889846,72f39213ee8a767b88cc56c02e7506fbb5ebdcf0,2,2,46897021386518969845376,46897.021386518970
2024-12-01,63,-59352126,05654ff0cb3635fa5de00cc11607dbf203435c13,10,10,44500189352199912500474,44500.189352199913
2024-12-01,64,1443759665,555ce236c0220695b68341bc48c68d52210cc35b,2,2,36994302628150122358053,36994.302628150122
2024-12-01,65,541591688,73da40edba728ec51f07424408d9e308feaf7252,3,3,34881701337749258703595,34881.701337749259
2024-12-01,66,799681043,eb2b89f1dea00d1120b39189f2a1e3744b647bb4,1,1,30009877600000000000000,30009.877600000000
2024-12-01,67,1542902776,358ee17c36b51e3c6870ac2aee6fa24c4c479a10,1,1,29996000000000000000000,29996.000000000000
2024-12-01,68,-24757697,2621cc0b3f3c079c1db0e80794aa24976f0b9e3c,12,12,29772765571680276713328,29772.765571680277
2024-12-01,69,-37413258,e9f1e2ef814f5686c30ce6fb7103d0f780836c67,48,48,22736135737336436260446,22736.135737336436
2024-12-01,70,2122197304,f2614a233c7c3e7f08b1f887ba133a13f1eb2c55,23,23,22139517299399592494416,22139.517299399592
2024-12-01,71,1490507434,00000000009e50a7ddb7a7b0e2ee6604fd120e49,1,1,20494461952000000000000,20494.461952000000
2024-12-01,72,1914509834,0c8afa31d68028ed8054493ee92f52b82ab992a2,1,1,20000000000000000000000,20000.000000000000
2024-12-01,73,-29873304,6125f4a075a793d53307f077d22671c57f4d1d1a,2,2,17500000000000000000000,17500.000000000000
2024-12-01,74,-23494170,d7852e139a7097e119623de0751ae53a61efb442,50,50,17171327957719427727849,17171.327957719428
2024-12-01,75,-26664456,8c645ae763a2341a336629b1e6165c9ad28d90f2,2,2,15137223848293712672255,15137.223848293713
2024-12-01,76,-115580438,8721ddbc35ee31572088244383765aa6917cc769,1,1,12998809316336519259495,12998.809316336519
2024-12-01,77,-123068677,55555535a287325d4a2a3da8c9f42f5a185d303c,1,1,9938921466189963714270,9938.9214661899637143
2024-12-01,78,249719126,8d21e858a12e370e2cac50934e56b1c52dcd64b4,2,2,9456756328851191753550,9456.7563288511917536
2024-12-01,79,1949204234,ed306e38bb930ec9646ff3d917b2e513a97530b1,3,3,8660006461622798108569,8660.0064616227981086
2024-12-01,80,666706392,25efa336886c74ea8e282ac466bdcd0199f85bb9,4,2,8626869231775010000000,8626.8692317750100000
2024-12-01,81,-43196954,4ce9c93513dff543bc392870d57df8c04e89ba0a,3,3,6796577674275573236584,6796.5776742755732366
2024-12-01,82,-39862285,8f42901cd498d45646783e8ba4c87b780b5c2b1f,2,2,6010261964337147405644,6010.2619643371474056
2024-12-01,83,-110928687,0f5fd4bb341bfa61218da063038e9c7e9f9ebc44,1,1,5666691056000000000000,5666.6910560000000000
2024-12-01,84,1457791451,ce45978cc5d317628999e9f3dc640f577f41a749,2,2,5488000500283854455375,5488.0005002838544554
2024-12-01,85,-48265378,06b4590c9fca369096d17d950dbd97136f7831e3,1,1,5006000000000000000000,5006.0000000000000000
2024-12-01,86,2029044319,a01473891e321bee3c630255d626758d6400e30f,1,1,4983506417848500906720,4983.5064178485009067
2024-12-01,87,1113847572,663dc15d3c1ac63ff12e45ab68fea3f0a883c251,4,4,3154535536400959579793,3154.5355364009595798
2024-12-01,88,273522861,5651412bc177c82a5227af23884be6aaafcf9d45,1,1,3000000000000000000000,3000.0000000000000000
2024-12-01,89,232455182,8133a5dcba30387e88b8dd3b782797ae00defcc0,1,1,2500000000000000000000,2500.0000000000000000
2024-12-01,90,-144817688,ecd4a4efabe24ef1abc40bfe2406a9730dfbbd69,1,1,1000000000000000000000,1000.0000000000000000
2024-12-01,91,1709962759,6e4478d69f9f88dc44db4e8f6efb510a23d8fad2,1,1,989484141106500167381,989.4841411065001674
2024-12-01,92,-53782505,d9dc714d617608c273da943840a17e4f1092d766,1,1,707135877985123023283,707.1358779851230233
2024-12-01,93,1636575522,69460570c93f9de5e2edbc3052bf10125f0ca22d,1,1,607250199721200000000,607.2501997212000000
2024-12-01,94,1587123400,a7ca2c8673bcfa5a26d8ceec2887f2cc2b0db22a,1,1,484996233981074937792,484.9962339810749378
2024-12-01,95,-108180297,8e354f07ac2073a38cdc817cb8cebc8cd219ccbd,1,1,483699245119224938496,483.6992451192249385
2024-12-01,96,-85249592,b9e60b94fac213dde7f75046fcc4c393c77a48dc,1,1,374704144230147864704,374.7041442301478647
2024-12-01,97,1367865329,39d0877830715e6d2803391dcb109ea5e1964f89,1,1,249000000000000000000,249.0000000000000000
2024-12-01,98,-79620546,0000000000bbf5c5fd284e657f01bd000933c96d,1,1,175405581946688253783,175.4055819466882538
2024-12-01,99,-20094840,90364bf465fb603ddee992f62acce6b03a7c1530,2,2,128228168566437901176,128.2281685664379012
2024-12-01,100,-78392025,1b1489bccda037a5677f306a71d844c444efed4a,2,2,77550273996410012956,77.5502739964100130
2025-01-01,1,-8676112,a3931d71877c0e7a3148cb7eb4463524fec27fbd,335,335,1190793057934477626945380159,1190793057.93447763
2025-01-01,2,-24742409,0650caf159c5a49f711e8169d4336ecb9b950275,241,241,198552063816151214739612565,198552063.81615121
2025-01-01,3,-42155844,32a6268f9ba3642dda7892add74f1d34469a4259,182,182,132885891796645002714167648,132885891.79664500
2025-01-01,4,881197687,9008d19f58aabd9ed0d60971565aa8510560ab41,568,565,130543414351174524191432805,130543414.35117452
2025-01-01,5,794595785,f20b338752976878754518183873602902360704,2,2,45000000000000000000000000,45000000.000000000000
2025-01-01,6,1899934735,111111125421ca6dc452d289314280a0f8842a65,43,43,41476757007128335008876560,41476757.007128335009
2025-01-01,7,1728729509,f081470f5c6fbccf48cc4e5b82dd926409dcdd67,10,10,38178819614872000000000000,38178819.614872000000
2025-01-01,8,-42170378,09aa30b182488f769a9824f15e6ce58591da4781,35,35,33214744366028421453220731,33214744.366028421453
2025-01-01,9,-75482279,7d4958454a3f520bda8be764d06591b054b0bf33,61,61,31842045025169000000000000,31842045.025169000000
2025-01-01,10,2068491642,0f4a1d7fdf4890be35e71f3e0bbc4a0ec377eca3,38,35,29083970544555976238451883,29083970.544555976238
2025-01-01,11,1663246624,cf5540fffcdc3d510b18bfca6d2b9987b0772559,51,50,24209721283229415131026094,24209721.283229415131
2025-01-01,12,-24832139,10ab606b067c9c461d8893c47c7512472e19e2ce,86,86,20907614430565672296169231,20907614.430565672296
2025-01-01,13,1699176572,51c72848c68a965f66fa7a88855f9f7784502a7f,14,14,17692130999999999971950592,17692130.999999999972
2025-01-01,14,-115360032,1e094fe00e13fd06d64eea4fb3cd912893606fe0,119,119,15231631124968796341769990,15231631.124968796342
2025-01-01,15,-60440021,5d409e56d886231adaf00c8775665ad0f9897b56,84,84,12541663265264328714471858,12541663.265264328714
2025-01-01,16,1381791786,1111111254eeb25477b68fb85ed929f73a960582,17,17,10519443843473304542712045,10519443.843473304543
2025-01-01,17,2054943978,6a000f20005980200259b80c5102003040001068,22,21,9378704520684477270276287,9378704.520684477270
2025-01-01,18,1608787768,ad3b67bca8935cb510c8d18bd45f0b94f54a968f,74,70,3526299649593403541108286,3526299.649593403541
2025-01-01,19,2145174805,70bf6634ee8cb27d04478f184b9b8bb13e5f4710,43,29,2177371227668763137214615,2177371.227668763137
2025-01-01,20,1790543088,1cebd13797636b94c5cad7108cebe42d2fce7732,3,3,1934116061310000000000000,1934116.061310000000
2025-01-01,21,2080679857,a9048585166f4f7c4589ade19567bb538035ed36,8,8,1185386463798474521769513,1185386.463798474522
2025-01-01,22,2145165906,12d737470fb3ec6c3deec9b518100bec9d520144,22,14,1131331224537537827898758,1131331.224537537828
2025-01-01,23,1401025421,007f7735baf391e207e3aa380bb53c4bd9a5fed6,157,157,1009642782358553818234617,1009642.782358553818
2025-01-01,24,-49640310,182863131f9a4630ff9e27830d945b1413e347e8,13,13,911613721777093555673513,911613.721777093556
2025-01-01,25,-43196954,4ce9c93513dff543bc392870d57df8c04e89ba0a,9,9,619666166036181716264439,619666.166036181716
2025-01-01,26,-90284824,00000688768803bbd44095770895ad27ad6b0d95,6,6,540222479986157976651448,540222.479986157977
2025-01-01,27,929482544,4b3f1048c55faa0c0873e249e541139360501f2a,1,1,500000000000000000000000,500000.000000000000
2025-01-01,28,-26664456,8c645ae763a2341a336629b1e6165c9ad28d90f2,2,2,471456416805315471013205,471456.416805315471
2025-01-01,29,1364872031,1231deb6f5749ef6ce6943a275a1d3e7486f4eae,14,14,459066411561410285252663,459066.411561410285
2025-01-01,30,1586252096,3fc91a3afd70395cd496c647d5a6cc9d4b2b7fad,51,51,408019708040141667910202,408019.708040141668
2025-01-01,31,-160746570,f9f33af67ea0b57dd553b76cb2a1c8de376bcf61,2,2,380188812155983667260962,380188.812155983667
2025-01-01,32,-164457340,b9e422ef76a06f2b30361d821a5f4751073771c3,9,9,338339357912516578050178,338339.357912516578
2025-01-01,33,-148073324,5141b82f5ffda4c6fe1e372978f1c5427640a190,3,3,291050868507354129173368,291050.868507354129
2025-01-01,34,-31126691,d8507ef0a59f37d15b5d7b630fa6eea40ce4afdd,1,1,249999000000000000000000,249999.000000000000
2025-01-01,35,-180478280,5352aa5fc6b2531241ea5baadf4d34da7ea0e0c6,1,1,232160480613918778817140,232160.480613918779
2025-01-01,36,-48820591,db01707567cf99c2e2215f1bd8ca567d998415de,9,8,214553363745818522625143,214553.363745818523
2025-01-01,37,1090224637,9f4f18ac9cc9de7c1441ac39ab2dbd7174fa1561,1,1,203000000000000000000000,203000.000000000000
2025-01-01,38,1110644216,32523eb374d6a7610aa6d22c5a6341dd0c0c8cd4,8,8,200161430981231320675694,200161.430981231321
2025-01-01,39,2018557174,a8c1c98aaf99a5dfc907d61b892b2ad624901185,5,5,199836372929080094339796,199836.372929080094
2025-01-01,40,-37413258,e9f1e2ef814f5686c30ce6fb7103d0f780836c67,119,119,193139722351123861969852,193139.722351123862
2025-01-01,41,-160022375,0642ba4b832061b76a6b8242b3843ab02688964b,5,5,152150710270999999999999,152150.710271000000
2025-01-01,42,2000202299,888888888889758f76e7103c6cbf23abbf58f946,6,6,117626300327875757229194,117626.300327875757
2025-01-01,43,-154626678,a171e65638081896016c75976e8829da1527eb03,1,1,107920445348348746968662,107920.445348348747
2025-01-01,44,-165251543,05c45c965a96af8b846cc3025066d5680f31ca52,2,2,103240431644889099552218,103240.431644889100
2025-01-01,45,1700450641,8afed901714ac7753c5a410516f2d4396a48e9db,1,1,100000000000000000000000,100000.000000000000
2025-01-01,46,2106713580,e6b1de575e7e610889ea21024834e120f92033a3,1,1,99802342111500833993345,99802.342111500834
2025-01-01,47,-182125960,5e7f1147ae103140f4af7f258e29069d8bf6f362,2,2,98974583450511390793715,98974.583450511391
2025-01-01,48,-65727129,07f9a54dc5135b9878d6745e267625bf0e206840,7,7,79712744397814897381010,79712.744397814897
2025-01-01,49,1587123400,a7ca2c8673bcfa5a26d8ceec2887f2cc2b0db22a,5,5,77745457123922139358969,77745.457123922139
2025-01-01,50,616036061,74de5d4fcbf63e00296fd95d33236b9794016631,26,26,70271244203086436003972,70271.244203086436
2025-01-01,51,1113847572,663dc15d3c1ac63ff12e45ab68fea3f0a883c251,7,7,60724196284918769673673,60724.196284918770
2025-01-01,52,2146300989,ed0c66f41b1f588f61629ae7be979f004363f8a4,1,1,49893993553892217105590,49893.993553892217
2025-01-01,53,1715474201,78f8bd884c3d738b74b420540659c82f392820e0,2,2,47320896681000000000000,47320.896681000000
2025-01-01,54,1542902776,358ee17c36b51e3c6870ac2aee6fa24c4c479a10,1,1,44993000000000000000000,44993.000000000000
2025-01-01,55,2123621406,ba7a03a37c0799a4182d1c4ca3bf3321f8ba3329,1,1,43842063705082160959973,43842.063705082161
2025-01-01,56,-154765863,1378056c0cdd771de52a111e2777293516fa910c,3,3,32000000000000000000000,32000.000000000000
2025-01-01,57,-169015967,7a9c9fb2e5b968a34e81c1b24cb509f54c38dbbd,1,1,29944951842999994679296,29944.951842999995
2025-01-01,58,-59352126,05654ff0cb3635fa5de00cc11607dbf203435c13,6,6,25371289284065427732279,25371.289284065428
2025-01-01,59,-24757697,2621cc0b3f3c079c1db0e80794aa24976f0b9e3c,15,15,23124906373056415412847,23124.906373056415
2025-01-01,60,-48607984,828ae1566824a9835acb6f565e1e9ea22bfb883a,1,1,16457169726027671273472,16457.169726027671
2025-01-01,61,-75307493,6d1d1ebe7da598194293784252659e862d55b52c,2,2,16105473995386274132267,16105.473995386274
2025-01-01,62,1947850481,21e57d36538f079a6fd45da22c74ae0071907ad5,1,1,14347189166377188325721,14347.189166377188
2025-01-01,63,1105932400,00000000009726632680fb29d3f7a9734e3010e2,2,2,13488263624231949803646,13488.263624231950
2025-01-01,64,11745088,8ac5c1cbafc564fbd01ee4b116dea85e6a593ab4,1,1,11571277809834710117301,11571.277809834710
2025-01-01,65,-45551410,4071f9a39ed21fc98182e94f73583e12a472f0f5,1,1,10521518729783307297794,10521.518729783307
2025-01-01,66,-29873304,6125f4a075a793d53307f077d22671c57f4d1d1a,1,1,10000000000000000000000,10000.0000000000000000
2025-01-01,67,-114130009,15392211222b46a0ea85a9a800830486d144848d,1,1,9084499484274050701060,9084.4994842740507011
2025-01-01,68,249719126,8d21e858a12e370e2cac50934e56b1c52dcd64b4,1,1,6288946638764445899092,6288.9466387644458991
2025-01-01,69,893398926,def171fe48cf0115b1d80b88dc8eab59176fee57,2,2,5251085589342476033199,5251.0855893424760332
2025-01-01,70,1969029106,896fdfe6febf48d4e30b0e3c37c031e0e3b82e74,1,1,4979971450000000000000,4979.9714500000000000
2025-01-01,71,1667815079,d556d690b9ff8dae0b7c13a5bcbd9f3324ef56c7,1,1,3791652400000000000000,3791.6524000000000000
2025-01-01,72,1878986353,03869f45d0a768e7d63dde40dd429361c0090382,1,1,2500000000000000000000,2500.0000000000000000
2025-01-01,73,1601918937,eaccbf12e0cab175a12cf1fdb8eda046ddf46015,1,1,2322173761806038947079,2322.1737618060389471
2025-01-01,74,-151213987,9b640e0b38d4c0c5ba31cf8050ff05e5cde5a605,1,1,1074876973094329188527,1074.8769730943291885
2025-01-01,75,-119700006,802267ca185121a4f563a31c7e1c44882858cc61,1,1,1000000000000000000000,1000.0000000000000000
2025-01-01,76,-25956732,da046ca1fab0c48d69681bf6f16c13a56ce6d605,1,1,1000000000000000000000,1000.0000000000000000
2025-01-01,77,2122197304,f2614a233c7c3e7f08b1f887ba133a13f1eb2c55,9,9,900004826061936340282,900.0048260619363403
2025-01-01,78,-170794495,371c565b917a4a583ed38c0b241ce8c8ba691c64,2,2,560669995849271792029,560.6699958492717920
2025-01-01,79,-194524076,0d0e364aa7852291883c162b22d6d81f6355428f,10,5,276340324020329106539,276.3403240203291065
2025-01-01,80,1589371703,a2fde9de6e6ebfe068d3ec0b515669817a9c3808,1,1,87244105694792025586,87.2441056947920256
2025-01-01,81,-39866038,df9c440111a17eafbecf5db37dd04c948e878878,1,1,32854083745190148165,32.8540837451901482
2025-01-01,82,-20094840,90364bf465fb603ddee992f62acce6b03a7c1530,2,2,25430771778562328401,25.4307717785623284
2025-01-01,83,-23494170,d7852e139a7097e119623de0751ae53a61efb442,13,13,20318828178529810951,20.3188281785298110
2025-01-01,84,-119569961,16bea7bdeaed56e0585c686407a87481373b33e0,2,2,19043753068053780317,19.0437530680537803
2025-01-01,85,-78392025,1b1489bccda037a5677f306a71d844c444efed4a,1,1,18178884965560307307,18.1788849655603073
2025-01-01,86,2105845464,55877bd7f2ee37bde55ca4b271a3631f3a7ef121,2,2,12004567971928545053,12.0045679719285451
2025-01-01,87,2020978733,d5e74de4385ef0eb1bb4db05a6a504f04d92e79d,1,1,11411848078003688482,11.4118480780036885
2025-01-01,88,1678603403,3c5142f28567e6a0f172fd0baaf1f2847f49d02f,10,3,10000000000000000000,10.0000000000000000
2025-01-01,89,-53668650,5434ed2d9f5737986858de127545e8a2fb6eb6ae,1,1,9882938005481762961,9.8829380054817630
2025-01-01,90,1636575522,69460570c93f9de5e2edbc3052bf10125f0ca22d,2,1,6209626957920000128,6.2096269579200001
2025-01-01,91,849642176,3defa44a2c8ebf392cedc5a3db4243b31a03c727,1,1,5000000000000000000,5.0000000000000000
2025-01-01,92,-26519314,fe837a3530dd566401d35befcd55582af7c4dffc,1,1,4984956407000000000,4.9849564070000000
2025-01-01,93,1966320127,e08d97e151473a848c3d9ca3f323cb720472d015,2,2,3185307117533081219,3.1853071175330812
2025-01-01,94,949204569,f10918fc1725a65960db2b906b4868a0fdbb6870,2,2,1997999994620847588,1.9979999946208476
2025-01-01,95,1331609912,bd6c7b0d2f68c2b7805d88388319cfb6ecb50ea9,1,1,729110914582722292,0.72911091458272229200
2025-01-01,96,-51190453,0684c5ca33f3c9ad5bb405f91d4200b776af477b,1,1,148593732547678214,0.14859373254767821400
2025-01-01,97,546716445,22f9dcf4647084d6c31b2765f6910cd85c178c18,1,1,84708950205647637,0.08470895020564763700
2025-01-01,98,-107327863,d1b2dec98a95b773c4909b5cd8fb455f467a527f,2,2,488217777900,4.88217777900000000E-7
2025-01-01,99,-15985893,35bb522b102326ea3f1141661df4626c87000e3e,1,1,459956914728,4.59956914728000000E-7
2025-01-01,100,-171760425,00f100d00069583c7c82f1389ed47eeb1e79b360,1,1,0,0E-36
2025-02-01,1,-42155844,32a6268f9ba3642dda7892add74f1d34469a4259,401,401,1140856081998962302412526640,1140856081.99896230
2025-02-01,2,-8676112,a3931d71877c0e7a3148cb7eb4463524fec27fbd,698,698,849462959584596544294174202,849462959.58459654
2025-02-01,3,-24742409,0650caf159c5a49f711e8169d4336ecb9b950275,301,301,468810379095087766410753351,468810379.09508777
2025-02-01,4,881197687,9008d19f58aabd9ed0d60971565aa8510560ab41,907,898,116028215517013904926896358,116028215.51701390
2025-02-01,5,1899934735,111111125421ca6dc452d289314280a0f8842a65,176,176,47729670994315655484592265,47729670.994315655485
2025-02-01,6,794595785,f20b338752976878754518183873602902360704,1,1,40000000000000000000000000,40000000.000000000000
2025-02-01,7,2068491642,0f4a1d7fdf4890be35e71f3e0bbc4a0ec377eca3,139,133,37884811177928466549597772,37884811.177928466550
2025-02-01,8,-42170378,09aa30b182488f769a9824f15e6ce58591da4781,45,45,36911971728743722781657982,36911971.728743722782
2025-02-01,9,-75482279,7d4958454a3f520bda8be764d06591b054b0bf33,42,42,20267899017176000000000000,20267899.017176000000
2025-02-01,10,1699176572,51c72848c68a965f66fa7a88855f9f7784502a7f,10,10,18609915999999999757778944,18609915.999999999758
2025-02-01,11,-60440021,5d409e56d886231adaf00c8775665ad0f9897b56,124,124,17143759737434827139282645,17143759.737434827139
2025-02-01,12,2080679857,a9048585166f4f7c4589ade19567bb538035ed36,42,42,17084783374902077557591646,17084783.374902077558
2025-02-01,13,1663246624,cf5540fffcdc3d510b18bfca6d2b9987b0772559,59,59,13026717584721528640795409,13026717.584721528641
2025-02-01,14,-115360032,1e094fe00e13fd06d64eea4fb3cd912893606fe0,143,143,12190072240132727411002317,12190072.240132727411
2025-02-01,15,-24832139,10ab606b067c9c461d8893c47c7512472e19e2ce,87,87,9983255284341998206341649,9983255.284341998206
2025-02-01,16,1608787768,ad3b67bca8935cb510c8d18bd45f0b94f54a968f,100,100,9209012611978398462872953,9209012.611978398463
2025-02-01,17,2036261428,01d95c0cd698edb80bf92fb2fd8ef9b6529db1f1,1,1,6267500437084511913815321,6267500.437084511914
2025-02-01,18,2033144620,5289e38ad6666475fee12521626f6ec2bfdb2ae5,2,2,4500000000000000000000000,4500000.000000000000
2025-02-01,19,441251208,2f3437c6bf500dd985c154ed01ef6507811d68f4,1,1,4000000168114000294919365,4000000.168114000295
2025-02-01,20,-194524076,0d0e364aa7852291883c162b22d6d81f6355428f,55,43,3410754700709776181495363,3410754.700709776181
2025-02-01,21,-90284824,00000688768803bbd44095770895ad27ad6b0d95,13,13,2700224724297270114054705,2700224.724297270114
2025-02-01,22,-79620546,0000000000bbf5c5fd284e657f01bd000933c96d,11,11,2530622631748372277424303,2530622.631748372277
2025-02-01,23,2018557174,a8c1c98aaf99a5dfc907d61b892b2ad624901185,21,21,1714835153806918580286287,1714835.153806918580
2025-02-01,24,2054943978,6a000f20005980200259b80c5102003040001068,85,80,1664582683699618602183582,1664582.683699618602
2025-02-01,25,1678603403,3c5142f28567e6a0f172fd0baaf1f2847f49d02f,22,7,1555342840000000000000000,1555342.840000000000
2025-02-01,26,-186122954,66a9893cc07d91d95644aedd05d03f95e1dba8af,136,136,1229247575857210976720862,1229247.575857210977
2025-02-01,27,1715474201,78f8bd884c3d738b74b420540659c82f392820e0,4,4,1176923143365000000000000,1176923.143365000000
2025-02-01,28,2076547525,523c15197a4fcf22467551c6e1c52ae29bc811fb,1,1,1000000000000000000000000,1000000.000000000000
2025-02-01,29,2069827565,68d3a973e7272eb388022a5c6518d9b2a2e66fbf,2,2,1000000000000000000000000,1000000.000000000000
2025-02-01,30,929482544,4b3f1048c55faa0c0873e249e541139360501f2a,1,1,1000000000000000000000000,1000000.000000000000
2025-02-01,31,1401025421,007f7735baf391e207e3aa380bb53c4bd9a5fed6,158,158,991699178930516227635795,991699.178930516228
2025-02-01,32,2000202299,888888888889758f76e7103c6cbf23abbf58f946,14,14,933928142066643521231489,933928.142066643521
2025-02-01,33,-43196954,4ce9c93513dff543bc392870d57df8c04e89ba0a,5,5,898250523668937784577914,898250.523668937785
2025-02-01,34,-49640310,182863131f9a4630ff9e27830d945b1413e347e8,21,21,862799345715681653591584,862799.345715681654
2025-02-01,35,1829098834,20cfd2c06f1addb060f8b48c90932221a87c5636,2,2,852566840000000000000000,852566.840000000000
2025-02-01,36,1790543088,1cebd13797636b94c5cad7108cebe42d2fce7732,1,1,703319000000000000000000,703319.000000000000
2025-02-01,37,-107365268,9d6b911199b891c55a93e4bc635bf59e33d002d8,3,3,692831024468127048249588,692831.024468127048
2025-02-01,38,-136048499,81463b0f960f247f704377661ec81c1fd65b5128,3,3,526541415184684555286198,526541.415184684555
2025-02-01,39,-181526249,2b739be0c868d03044670f2921f29dfb66b7f68d,1,1,523272376062000000000000,523272.376062000000
2025-02-01,40,-183046666,f86fe90f44bf040e303d2aabc84d617063811607,3,3,523162051758097802842671,523162.051758097803
2025-02-01,41,-26664456,8c645ae763a2341a336629b1e6165c9ad28d90f2,2,2,519950738015034228660733,519950.738015034229
2025-02-01,42,2137268073,f00644d53231de0c7642a7986480abe3eab9675d,3,3,501504510000000000000000,501504.510000000000
2025-02-01,43,552076088,c42973b5496d6767ccfadd8612a3a12d4843a912,1,1,354783529060898783130286,354783.529060898783
2025-02-01,44,-213073365,4fc9a11ecb7f1d83d447b34fd38fc705e481306d,1,1,351078421173539128172112,351078.421173539128
2025-02-01,45,-189349628,8fdade118715127d3cb8d42e1d109cedc3621f9f,1,1,302772090000000000000000,302772.090000000000
2025-02-01,46,1813126170,72f4babea659934c18894f09d3a644cf9a754a29,1,1,300000000000000000000000,300000.000000000000
2025-02-01,47,1158000867,8d2783e32bfa9da490427045911206179aae0fbc,1,1,300000000000000000000000,300000.000000000000
2025-02-01,48,1155236685,05c1b067835827cf73af2812be7c6f52a0970a3c,1,1,300000000000000000000000,300000.000000000000
2025-02-01,49,-194510237,9ed181da6b359c3ee23c1d6912a6b4b0c349a165,17,9,246283806898458207195687,246283.806898458207
2025-02-01,50,-164457340,b9e422ef76a06f2b30361d821a5f4751073771c3,8,8,227516423292819429306063,227516.423292819429
2025-02-01,51,-191393662,c02ab1a5eaa8d1b114ef786d9bde108cd4364359,2,2,212305025902556941766748,212305.025902556942
2025-02-01,52,2002106665,be2166bc69e1868e9a04c18e36af75900038341c,1,1,200113825418293784218044,200113.825418293784
2025-02-01,53,1834267513,954c1d4cc73405a4f006b7721683d86f10c7172e,2,2,165427929055000000000000,165427.929055000000
2025-02-01,54,-37413258,e9f1e2ef814f5686c30ce6fb7103d0f780836c67,58,58,161593126790618197408510,161593.126790618197
2025-02-01,55,1587958877,42ad911c75d25e21727e45eca2a9d999d5a7f94c,2,1,160000000000000000000000,160000.000000000000
2025-02-01,56,1364872031,1231deb6f5749ef6ce6943a275a1d3e7486f4eae,27,27,158118001551632478617576,158118.001551632479
2025-02-01,57,1602409197,f8a37851656c8c1287a6e79d8835e309957951bf,1,1,155986642187039272123732,155986.642187039272
2025-02-01,58,-212479058,a58904e9c7cf1d8d5746c46db5bb70d0e3e1a76b,1,1,151000000000000000000000,151000.000000000000
2025-02-01,59,1616290500,c37e6d18ee56440b186257968a295eb54036821a,3,2,122169688625768647692314,122169.688625768648
2025-02-01,60,-48820591,db01707567cf99c2e2215f1bd8ca567d998415de,8,7,112251607467960281007727,112251.607467960281
2025-02-01,61,2069079725,422f7a7a75d0da268cf4bf15c52fdc41c50e1e88,1,1,109780217919000000000000,109780.217919000000
2025-02-01,62,-182125960,5e7f1147ae103140f4af7f258e29069d8bf6f362,1,1,102044005168364370720000,102044.005168364371
2025-02-01,63,1650307124,852c61ab6f70e5fbacdfb55ebe73a8d2ccaf4649,1,1,100412500000000000000000,100412.500000000000
2025-02-01,64,-181673318,beb749c9fb8f15adb60c1383c91f263b02041508,1,1,100065409796548860000000,100065.409796548860
2025-02-01,65,1287522677,5c42b3edb5b8f18e9937b0835912968e82db8e76,1,1,100000000000000000000000,100000.000000000000
2025-02-01,66,793928860,c36442b4a4522e871399cd717abdd847ab11fe88,1,1,99999999999999999999999,100000.000000000000
2025-02-01,67,2105845464,55877bd7f2ee37bde55ca4b271a3631f3a7ef121,3,3,99717742748772087343155,99717.742748772087
2025-02-01,68,-141160495,771316ecf73146601d5f84ec56dfb8039dac3b8e,2,2,85687046458000000000000,85687.046458000000
2025-02-01,69,616036061,74de5d4fcbf63e00296fd95d33236b9794016631,43,43,80397089313155372177736,80397.089313155372
2025-02-01,70,1443759665,555ce236c0220695b68341bc48c68d52210cc35b,5,5,76527903424632972470147,76527.903424632972
2025-02-01,71,992902552,5ea8f684a66b48cdfdad00c9084e933d20cc264d,1,1,73000000000000000000000,73000.000000000000
2025-02-01,72,1708635711,948777676ed54390889c219489927939d51a805a,1,1,63488710000000000000000,63488.710000000000
2025-02-01,73,1381791786,1111111254eeb25477b68fb85ed929f73a960582,16,16,53350367145149092475058,53350.367145149092
2025-02-01,74,2061959543,5b93d80da1a359340d1f339fb574bdc56763f995,1,1,47105713654347396423885,47105.713654347396
2025-02-01,75,1947850481,21e57d36538f079a6fd45da22c74ae0071907ad5,2,2,36124189896206354912714,36124.189896206355
2025-02-01,76,1113847572,663dc15d3c1ac63ff12e45ab68fea3f0a883c251,14,14,30192280569623267715277,30192.280569623268
2025-02-01,77,-59352126,05654ff0cb3635fa5de00cc11607dbf203435c13,4,4,27795652011684052748883,27795.652011684053
2025-02-01,78,-24757697,2621cc0b3f3c079c1db0e80794aa24976f0b9e3c,26,26,18347028866462780087882,18347.028866462780
2025-02-01,79,666706392,25efa336886c74ea8e282ac466bdcd0199f85bb9,2,1,17995470000000000000000,17995.470000000000
2025-02-01,80,-196995403,257bd6430cb40cf2d0825a131634671691c5497c,1,1,16460666339345493684706,16460.666339345494
2025-02-01,81,849642176,3defa44a2c8ebf392cedc5a3db4243b31a03c727,1,1,14823771560000000000000,14823.771560000000
2025-02-01,82,1490507434,00000000009e50a7ddb7a7b0e2ee6604fd120e49,9,8,10962489635488858408423,10962.489635488858
2025-02-01,83,-214700957,21d3c117d6736be545f545e38403e1a4c4ac7779,1,1,10136026942300015522980,10136.026942300016
2025-02-01,84,1045800427,7439004f73c4e7776aea456aac7d4be2f5afaebf,1,1,9932035346008437554324,9932.0353460084375543
2025-02-01,85,1587123400,a7ca2c8673bcfa5a26d8ceec2887f2cc2b0db22a,2,2,8316868230010796007557,8316.8682300107960076
2025-02-01,86,-65727129,07f9a54dc5135b9878d6745e267625bf0e206840,3,3,8248443662061493204509,8248.4436620614932045
2025-02-01,87,1543101446,6aa981bff95edfea36bdae98c26b274ffcafe8d3,6,6,7206783787061347729267,7206.7837870613477293
2025-02-01,88,-207618797,91a25ad090166843379d26813bd1b091ea6bedbd,1,1,6928596371885632750671,6928.5963718856327507
2025-02-01,89,1586960633,0b8a49d816cc709b6eadb09498030ae3416b66dc,1,1,6733719323549633808000,6733.7193235496338080
2025-02-01,90,-201365773,0c6b19287999f1e31a5c0a44393b24b62d2c0468,2,2,6000000000000000000000,6000.0000000000000000
2025-02-01,91,1589371703,a2fde9de6e6ebfe068d3ec0b515669817a9c3808,3,3,5830960490493884643156,5830.9604904938846432
2025-02-01,92,2122197304,f2614a233c7c3e7f08b1f887ba133a13f1eb2c55,51,51,5158709218783897410511,5158.7092187838974105
2025-02-01,93,-115181207,bc5d5fb38227c8da51fad6f5f5ac6652585b6cbc,1,1,5000646820000000000000,5000.6468200000000000
2025-02-01,94,2074231751,72e9b6adc35631c3b5e8e193352a27df22b714ed,1,1,5000000000000000000000,5000.0000000000000000
2025-02-01,95,-39862285,8f42901cd498d45646783e8ba4c87b780b5c2b1f,4,4,4118550720620081819252,4118.5507206200818193
2025-02-01,96,2123621406,ba7a03a37c0799a4182d1c4ca3bf3321f8ba3329,2,2,3770759457487333461375,3770.7594574873334614
2025-02-01,97,-29873304,6125f4a075a793d53307f077d22671c57f4d1d1a,2,2,3500436302880883215502,3500.4363028808832155
2025-02-01,98,-26519314,fe837a3530dd566401d35befcd55582af7c4dffc,2,1,3169776379000000000000,3169.7763790000000000
2025-02-01,99,2055929222,fa3afa7be77637c5c3ddc2ad97c02c4b365c1cde,1,1,3000000000000000000000,3000.0000000000000000
2025-02-01,100,-39866038,df9c440111a17eafbecf5db37dd04c948e878878,9,9,2954994070030704252864,2954.9940700307042529
2025-03-01,1,-42155844,32a6268f9ba3642dda7892add74f1d34469a4259,567,567,2745275136851766212359222596,2745275136.85176621
2025-03-01,2,-8676112,a3931d71877c0e7a3148cb7eb4463524fec27fbd,651,651,770582895616452348394361241,770582895.61645235
2025-03-01,3,-24742409,0650caf159c5a49f711e8169d4336ecb9b950275,419,419,457799675088908564187767737,457799675.08890856
2025-03-01,4,881197687,9008d19f58aabd9ed0d60971565aa8510560ab41,1005,996,150487791480797381815408625,150487791.48079738
2025-03-01,5,-24832139,10ab606b067c9c461d8893c47c7512472e19e2ce,334,334,56293652237478857791396849,56293652.237478857791
2025-03-01,6,794595785,f20b338752976878754518183873602902360704,6,6,56010000000000000000000000,56010000.000000000000
2025-03-01,7,1899934735,111111125421ca6dc452d289314280a0f8842a65,139,139,32077074394168369551641235,32077074.394168369552
2025-03-01,8,1699176572,51c72848c68a965f66fa7a88855f9f7784502a7f,21,21,30045548700828098287338925,30045548.700828098287
2025-03-01,9,2068491642,0f4a1d7fdf4890be35e71f3e0bbc4a0ec377eca3,85,83,19677474460231882753295809,19677474.460231882753
2025-03-01,10,2054943978,6a000f20005980200259b80c5102003040001068,75,70,13581019374068163336980518,13581019.374068163337
2025-03-01,11,-60440021,5d409e56d886231adaf00c8775665ad0f9897b56,103,103,13459579992852267711733751,13459579.992852267712
2025-03-01,12,-75482279,7d4958454a3f520bda8be764d06591b054b0bf33,34,34,11986087201078000000000000,11986087.201078000000
2025-03-01,13,-42170378,09aa30b182488f769a9824f15e6ce58591da4781,30,30,11114706319912420987583721,11114706.319912420988
2025-03-01,14,-194524076,0d0e364aa7852291883c162b22d6d81f6355428f,93,65,6331220265750246016528331,6331220.265750246017
2025-03-01,15,-115360032,1e094fe00e13fd06d64eea4fb3cd912893606fe0,61,61,6186197996257562222364681,6186197.996257562222
2025-03-01,16,1364872031,1231deb6f5749ef6ce6943a275a1d3e7486f4eae,42,42,5934898929704387001606410,5934898.929704387002
2025-03-01,17,1663246624,cf5540fffcdc3d510b18bfca6d2b9987b0772559,67,66,5280894813980273950264205,5280894.813980273950
2025-03-01,18,-48820591,db01707567cf99c2e2215f1bd8ca567d998415de,24,23,5213312677571305081129601,5213312.677571305081
2025-03-01,19,-49640310,182863131f9a4630ff9e27830d945b1413e347e8,38,38,3027925261842032387447958,3027925.261842032387
2025-03-01,20,1790543088,1cebd13797636b94c5cad7108cebe42d2fce7732,3,3,1800000000000000000000000,1800000.000000000000
2025-03-01,21,2089603616,db6e9e7390e9acc34619e56efa48ade01cff6f12,1,1,1700228301900000000000000,1700228.301900000000
2025-03-01,22,1678603403,3c5142f28567e6a0f172fd0baaf1f2847f49d02f,20,11,1311375540000000000000000,1311375.540000000000
2025-03-01,23,2069827565,68d3a973e7272eb388022a5c6518d9b2a2e66fbf,2,2,1300000000000000000000000,1300000.000000000000
2025-03-01,24,1608787768,ad3b67bca8935cb510c8d18bd45f0b94f54a968f,20,20,1147270655801477080830680,1147270.655801477081
2025-03-01,25,-13826569,5747b54e921c9db5462e0a3da02658ea463b685f,4,4,1080818213404999999999999,1080818.213405000000
2025-03-01,26,-26664456,8c645ae763a2341a336629b1e6165c9ad28d90f2,2,2,1041433224335099979282202,1041433.224335099979
2025-03-01,27,-105737524,dda9cdbc01192ac97ef3d656e90b989137b9f3ff,1,1,1038741115607937329378600,1038741.115607937329
2025-03-01,28,2000202299,888888888889758f76e7103c6cbf23abbf58f946,11,11,1031781627745754100304564,1031781.627745754100
2025-03-01,29,1287522677,5c42b3edb5b8f18e9937b0835912968e82db8e76,2,2,978964324113738471021949,978964.324113738471
2025-03-01,30,-43196954,4ce9c93513dff543bc392870d57df8c04e89ba0a,20,20,941259245560456725453058,941259.245560456725
2025-03-01,31,-191393662,c02ab1a5eaa8d1b114ef786d9bde108cd4364359,26,26,741202995413124809537826,741202.995413124810
2025-03-01,32,2137268073,f00644d53231de0c7642a7986480abe3eab9675d,9,9,691791300000000000000000,691791.300000000000
2025-03-01,33,1401025421,007f7735baf391e207e3aa380bb53c4bd9a5fed6,164,164,607153465008127790162167,607153.465008127790
2025-03-01,34,2018557174,a8c1c98aaf99a5dfc907d61b892b2ad624901185,16,16,517681207550450970322951,517681.207550450970
2025-03-01,35,-121000495,3dc9a881fc9cc64730ae52b0ea9c3917ab901e40,2,2,500000916186177387151386,500000.916186177387
2025-03-01,36,-186122954,66a9893cc07d91d95644aedd05d03f95e1dba8af,61,61,389171298680212409971455,389171.298680212410
2025-03-01,37,-90284824,00000688768803bbd44095770895ad27ad6b0d95,6,6,327563269378774987330904,327563.269378774987
2025-03-01,38,-37413258,e9f1e2ef814f5686c30ce6fb7103d0f780836c67,39,39,323252494162728843969579,323252.494162728844
2025-03-01,39,2080679857,a9048585166f4f7c4589ade19567bb538035ed36,3,3,280913307731620634427980,280913.307731620634
2025-03-01,40,2105845464,55877bd7f2ee37bde55ca4b271a3631f3a7ef121,26,19,211202676695440105671346,211202.676695440106
2025-03-01,41,2064652576,128d456203c4eafa0d996904389fad7204595391,1,1,200000000000000000000000,200000.000000000000
2025-03-01,42,1490507434,00000000009e50a7ddb7a7b0e2ee6604fd120e49,14,13,188485331646268253484016,188485.331646268253
2025-03-01,43,1616290500,c37e6d18ee56440b186257968a295eb54036821a,3,2,159393000000000000000000,159393.000000000000
2025-03-01,44,-136048499,81463b0f960f247f704377661ec81c1fd65b5128,3,3,140621848413186161105020,140621.848413186161
2025-03-01,45,1578445358,19891541842162ad4311f14055e7221406213d67,5,3,125710000000000000000000,125710.000000000000
2025-03-01,46,-207618797,91a25ad090166843379d26813bd1b091ea6bedbd,1,1,119255294112785846466660,119255.294112785846
2025-03-01,47,-194510237,9ed181da6b359c3ee23c1d6912a6b4b0c349a165,11,7,110418328216963070020974,110418.328216963070
2025-03-01,48,1650307124,852c61ab6f70e5fbacdfb55ebe73a8d2ccaf4649,2,2,100412500000000000000000,100412.500000000000
2025-03-01,49,-179247499,c0d3691340222f749df47425189ce44019fead76,1,1,99998505660000000000000,99998.505660000000
2025-03-01,50,-239950818,2d5805a423d6ce771f06972ad4499f120902631a,7,7,97501637426373554286557,97501.637426373554
2025-03-01,51,-59352126,05654ff0cb3635fa5de00cc11607dbf203435c13,11,11,94684232787585491902954,94684.232787585492
2025-03-01,52,-50664271,832c30802054f60f0cedb5be1f9a0e3da2a0cab4,1,1,75552188309355675054322,75552.188309355675
2025-03-01,53,1749966612,3f37c7d8e61c000085aac0515775b06a3412f36b,3,3,74443058813070534359987,74443.058813070534
2025-03-01,54,-184734878,5f390e736231ff967b9fb6c57aceee4a7e2a6634,8,8,72194730000000000000000,72194.730000000000
2025-03-01,55,466811769,3f23d0e301c458b095a02b12e3bc4c752a844ed9,4,4,68885280000000000000000,68885.280000000000
2025-03-01,56,1708635711,948777676ed54390889c219489927939d51a805a,1,1,61307400000000000000000,61307.400000000000
2025-03-01,57,986888935,03718d05124f9a836ec1b49b6d0931a9a0ee43b4,1,1,55844914650000000000000,55844.914650000000
2025-03-01,58,1586960633,0b8a49d816cc709b6eadb09498030ae3416b66dc,1,1,53759570004858841817814,53759.570004858842
2025-03-01,59,1372291665,3cf63891928b8ceebb81c95426600a18cd59c03f,5,3,51111600000000000000000,51111.600000000000
2025-03-01,60,-24757697,2621cc0b3f3c079c1db0e80794aa24976f0b9e3c,28,28,50317274671610335087921,50317.274671610335
2025-03-01,61,1438646742,03da5c3b75503a1dda58e2bd23d4726b5ee8dd26,2,2,50000000000000000000000,50000.000000000000
2025-03-01,62,-231616914,2b7cba47bbc484b76bc961830e1497f6f08ae0e4,1,1,50000000000000000000000,50000.000000000000
2025-03-01,63,-240770928,d5b42153e5e876004d025dcd8578ca14eec99e63,2,2,46784827018944757135254,46784.827018944757
2025-03-01,64,2123621406,ba7a03a37c0799a4182d1c4ca3bf3321f8ba3329,5,5,44033463643431827447962,44033.463643431827
2025-03-01,65,2057696270,88470174477d5ffa56758162781f96a85c62cdb8,1,1,41628746711606101760035,41628.746711606102
2025-03-01,66,872800991,c7b548ad9cf38721810246c079b2d8083aba8909,1,1,40038620000000000000000,40038.620000000000
2025-03-01,67,-57592773,0b4b459e5d08485550e2d99b5ef0d4b10f8d2a6c,2,2,38500000000000000000000,38500.000000000000
2025-03-01,68,-250007735,e517cb082ed4473654359c3c2fd17c8e8c836d23,1,1,38344000000000000000000,38344.000000000000
2025-03-01,69,-111399962,000000000004444c5dc75cb358380d2e3de08a90,3,3,34401761023658735644743,34401.761023658736
2025-03-01,70,1381791786,1111111254eeb25477b68fb85ed929f73a960582,21,21,33747142744750648490181,33747.142744750648
2025-03-01,71,1542902776,358ee17c36b51e3c6870ac2aee6fa24c4c479a10,1,1,29997000000000000000000,29997.000000000000
2025-03-01,72,-109914974,249c6b7af15dc5c40a38522a84c477d25b419df4,1,1,28007440000000000000000,28007.440000000000
2025-03-01,73,1113847572,663dc15d3c1ac63ff12e45ab68fea3f0a883c251,4,4,24766259910428547795177,24766.259910428548
2025-03-01,74,849642176,3defa44a2c8ebf392cedc5a3db4243b31a03c727,1,1,20114340000000000000000,20114.340000000000
2025-03-01,75,2054030119,16e095a4fb75b4a41e2d35502286d7c20860d3e7,2,2,20000000000000000000000,20000.000000000000
2025-03-01,76,799681043,eb2b89f1dea00d1120b39189f2a1e3744b647bb4,1,1,19994351110000000000000,19994.351110000000
2025-03-01,77,1685736544,2dfadab8266483bed9fd9a292ce56596a2d1378d,5,5,18184474372581710913200,18184.474372581711
2025-03-01,78,616036061,74de5d4fcbf63e00296fd95d33236b9794016631,30,30,15821972521579825560393,15821.972521579826
2025-03-01,79,1587123400,a7ca2c8673bcfa5a26d8ceec2887f2cc2b0db22a,8,8,15715156915268331813233,15715.156915268332
2025-03-01,80,1469563423,5e99c94f6a1ff748a4873e77842989efe7c7b6a4,1,1,15247000000000000000000,15247.000000000000
2025-03-01,81,1443759665,555ce236c0220695b68341bc48c68d52210cc35b,3,3,14911988260432009054366,14911.988260432009
2025-03-01,82,1543101446,6aa981bff95edfea36bdae98c26b274ffcafe8d3,4,4,14851594374338817646645,14851.594374338818
2025-03-01,83,-103393091,45312ea0eff7e09c83cbe249fa1d7598c4c8cd4e,5,5,14823078247638867938959,14823.078247638868
2025-03-01,84,-39866038,df9c440111a17eafbecf5db37dd04c948e878878,10,10,9863556139054511810320,9863.5561390545118103
2025-03-01,85,-158959130,653ba35b140eee1e2775d17bce5238120307c8a8,1,1,9033326079955252853019,9033.3260799552528530
2025-03-01,86,-29873304,6125f4a075a793d53307f077d22671c57f4d1d1a,3,3,7935326600805403253848,7935.3266008054032538
2025-03-01,87,2106851551,c38e4e6a15593f908255214653d3d947ca1c2338,4,4,7382370915458151390750,7382.3709154581513908
2025-03-01,88,1954942325,8c2927b58857d13778e2deab7af0a6629e0cb4a4,2,2,6000000000000000000000,6000.0000000000000000
2025-03-01,89,2106713580,e6b1de575e7e610889ea21024834e120f92033a3,4,4,5342481444898601714489,5342.4814448986017145
2025-03-01,90,-211800365,c1d8f08bb3c313028cd4b843d655af1c4430e5b1,1,1,3600000000000000000000,3600.0000000000000000
2025-03-01,91,2005632234,71aeb70cfbefc0949d31dfa066d7ca5aeda889e3,2,2,3112543623289890604399,3112.5436232898906044
2025-03-01,92,-126500792,31681dbc7fa8a33ab1331e69567f8f6b5f5d23dc,1,1,2500000000000000000000,2500.0000000000000000
2025-03-01,93,666706392,25efa336886c74ea8e282ac466bdcd0199f85bb9,2,1,2348140000000000000000,2348.1400000000000000
2025-03-01,94,-26337174,8ab157b779c72e2348364b5f8148cc45f63a8724,4,4,2245142351902886546141,2245.1423519028865461
2025-03-01,95,1636575522,69460570c93f9de5e2edbc3052bf10125f0ca22d,3,2,1302136061753611702163,1302.1360617536117022
2025-03-01,96,-219732182,85cd07ea01423b1e937929b44e4ad8c40bbb5e71,7,7,1072569640684077024863,1072.5696406840770249
2025-03-01,97,1477186897,497fcc3607dda7ecf5f492ef0390d0f8200792a9,1,1,604465079437223002112,604.4650794372230021
2025-03-01,98,893398926,def171fe48cf0115b1d80b88dc8eab59176fee57,2,2,520314947554220706301,520.3149475542207063
2025-03-01,99,-210907912,3face000bddecb1e54a7af0f80e62f7d314e90d1,1,1,452332488627594495689,452.3324886275944957
2025-03-01,100,-262211697,59172b58e154b1e855e0cca64ef846eab531c5a0,1,1,198420609404306037242,198.4206094043060372
2025-04-01,1,-42155844,32a6268f9ba3642dda7892add74f1d34469a4259,402,402,2674537446439837153193791605,2674537446.43983715
2025-04-01,2,-24742409,0650caf159c5a49f711e8169d4336ecb9b950275,433,433,943015563570673488937619765,943015563.57067349
2025-04-01,3,-8676112,a3931d71877c0e7a3148cb7eb4463524fec27fbd,374,374,342497647726945953934700361,342497647.72694595
2025-04-01,4,881197687,9008d19f58aabd9ed0d60971565aa8510560ab41,698,695,171050669230906321017345648,171050669.23090632
2025-04-01,5,1899934735,111111125421ca6dc452d289314280a0f8842a65,146,146,119040480409480450771473181,119040480.40948045
2025-04-01,6,-24832139,10ab606b067c9c461d8893c47c7512472e19e2ce,140,140,42181094242436940770633206,42181094.242436940771
2025-04-01,7,2068491642,0f4a1d7fdf4890be35e71f3e0bbc4a0ec377eca3,55,54,31196157895629706423624251,31196157.895629706424
2025-04-01,8,-42170378,09aa30b182488f769a9824f15e6ce58591da4781,4,4,26300200000000000000000000,26300200.000000000000
2025-04-01,9,1699176572,51c72848c68a965f66fa7a88855f9f7784502a7f,21,21,24835389441399216386038752,24835389.441399216386
2025-04-01,10,-60440021,5d409e56d886231adaf00c8775665ad0f9897b56,74,74,10193504870143933600668850,10193504.870143933601
2025-04-01,11,-191393662,c02ab1a5eaa8d1b114ef786d9bde108cd4364359,52,52,8350000923744946051043783,8350000.923744946051
2025-04-01,12,-75482279,7d4958454a3f520bda8be764d06591b054b0bf33,26,26,7814158900360000000000000,7814158.900360000000
2025-04-01,13,899366797,f65475e74c1ed6d004d5240b06e3088724dfda5d,1,1,6519168458576384413404816,6519168.458576384413
2025-04-01,14,-83017006,96f49d0e9724dfd8780fa667ac37a993f005cb94,3,3,5500031133212693938943500,5500031.133212693939
2025-04-01,15,1364872031,1231deb6f5749ef6ce6943a275a1d3e7486f4eae,44,44,4897155791390878655062035,4897155.791390878655
2025-04-01,16,-115360032,1e094fe00e13fd06d64eea4fb3cd912893606fe0,58,58,4445335538349808495480913,4445335.538349808495
2025-04-01,17,1790543088,1cebd13797636b94c5cad7108cebe42d2fce7732,6,6,4300000000000000000000001,4300000.000000000000
2025-04-01,18,1663246624,cf5540fffcdc3d510b18bfca6d2b9987b0772559,52,52,3341500021300835648349377,3341500.021300835648
2025-04-01,19,-166369638,3ee2fde48e84bf110b563a5248b50ca6db4884c6,1,1,3000000000000000000000000,3000000.000000000000
2025-04-01,20,2054943978,6a000f20005980200259b80c5102003040001068,47,47,2862522383107402307964034,2862522.383107402308
2025-04-01,21,-194524076,0d0e364aa7852291883c162b22d6d81f6355428f,86,59,2269554862929575392974313,2269554.862929575393
2025-04-01,22,-245398760,fbd4cdb413e45a52e2c8312f670e9ce67e794c37,2,2,1801000000000000000000000,1801000.000000000000
2025-04-01,23,-49640310,182863131f9a4630ff9e27830d945b1413e347e8,44,44,1748428803614494711211645,1748428.803614494711
2025-04-01,24,1155236685,05c1b067835827cf73af2812be7c6f52a0970a3c,2,2,1260006687741539575790529,1260006.687741539576
2025-04-01,25,1678603403,3c5142f28567e6a0f172fd0baaf1f2847f49d02f,19,10,1146693820000000000000000,1146693.820000000000
2025-04-01,26,2018557174,a8c1c98aaf99a5dfc907d61b892b2ad624901185,16,16,1129580983143085279740010,1129580.983143085280
2025-04-01,27,-301096168,b67fe25c95177b90d895bb8d31c3587dc8c22c35,1,1,1000000000000000000000000,1000000.000000000000
2025-04-01,28,-37413258,e9f1e2ef814f5686c30ce6fb7103d0f780836c67,19,19,775274961518650609546874,775274.961518650610
2025-04-01,29,1715474201,78f8bd884c3d738b74b420540659c82f392820e0,4,4,661633708114000000000000,661633.708114000000
2025-04-01,30,1158000867,8d2783e32bfa9da490427045911206179aae0fbc,1,1,600000000000000000000000,600000.000000000000
2025-04-01,31,-111399962,000000000004444c5dc75cb358380d2e3de08a90,11,11,565051849133183322606429,565051.849133183323
2025-04-01,32,2137268073,f00644d53231de0c7642a7986480abe3eab9675d,7,7,535429510000000000000000,535429.510000000000
2025-04-01,33,-239950818,2d5805a423d6ce771f06972ad4499f120902631a,7,7,439240321445092057158050,439240.321445092057
2025-04-01,34,-79620546,0000000000bbf5c5fd284e657f01bd000933c96d,4,4,351556258314906375448762,351556.258314906375
2025-04-01,35,1401025421,007f7735baf391e207e3aa380bb53c4bd9a5fed6,124,124,344526591462882068128505,344526.591462882068
2025-04-01,36,-66649712,f130f741d4e3185b29412c65397363f8c23a0460,4,4,232326080000000000000000,232326.080000000000
2025-04-01,37,1608787768,ad3b67bca8935cb510c8d18bd45f0b94f54a968f,11,11,222856865373289607285144,222856.865373289607
2025-04-01,38,-90284824,00000688768803bbd44095770895ad27ad6b0d95,5,5,218334032351582671280730,218334.032351582671
2025-04-01,39,1844716471,bbbbbbbbbb9cc5e90e3b3af64bdaf62c37eeffcb,111,111,214098450564547611253120,214098.450564547611
2025-04-01,40,-26664456,8c645ae763a2341a336629b1e6165c9ad28d90f2,1,1,199994910192410188637022,199994.910192410189
2025-04-01,41,-186122954,66a9893cc07d91d95644aedd05d03f95e1dba8af,49,49,194385901657286149989312,194385.901657286150
2025-04-01,42,2113662080,738744237b7fd97af670d9ddf54390c24263cea8,3,3,191967593157254900000000,191967.593157254900
2025-04-01,43,1587958877,42ad911c75d25e21727e45eca2a9d999d5a7f94c,3,2,190000000000000000000000,190000.000000000000
2025-04-01,44,2106713580,e6b1de575e7e610889ea21024834e120f92033a3,4,4,173942645154197650721237,173942.645154197651
2025-04-01,45,1616290500,c37e6d18ee56440b186257968a295eb54036821a,4,3,162242000000000000000000,162242.000000000000
2025-04-01,46,-43196954,4ce9c93513dff543bc392870d57df8c04e89ba0a,15,15,134883595395242866332245,134883.595395242866
2025-04-01,47,-184734878,5f390e736231ff967b9fb6c57aceee4a7e2a6634,10,10,119251800000000000000000,119251.800000000000
2025-04-01,48,1732202157,daad033cc62271551a7dde9f1ac2f073303123c8,1,1,102527842046239719266385,102527.842046239719
2025-04-01,49,1650307124,852c61ab6f70e5fbacdfb55ebe73a8d2ccaf4649,1,1,100412500000000000000000,100412.500000000000
2025-04-01,50,2054030119,16e095a4fb75b4a41e2d35502286d7c20860d3e7,2,2,100000000000000000000000,100000.000000000000
2025-04-01,51,2125238339,f00000003d31d4ab730a8e269ae547f8f76996ba,5,5,97290451496698903762374,97290.451496698904
2025-04-01,52,-237550007,eeeeee9ec4769a09a76a83c7bc42b185872860ee,14,14,87360625960867285864345,87360.625960867286
2025-04-01,53,466811769,3f23d0e301c458b095a02b12e3bc4c752a844ed9,5,5,70514720000000000000000,70514.720000000000
2025-04-01,54,-59352126,05654ff0cb3635fa5de00cc11607dbf203435c13,4,4,56483033370546688333575,56483.033370546688
2025-04-01,55,616036061,74de5d4fcbf63e00296fd95d33236b9794016631,29,29,50782756797810524415232,50782.756797810524
2025-04-01,56,-231616914,2b7cba47bbc484b76bc961830e1497f6f08ae0e4,1,1,50000000000000000000000,50000.000000000000
2025-04-01,57,1749966612,3f37c7d8e61c000085aac0515775b06a3412f36b,1,1,49679587231032844825957,49679.587231032845
2025-04-01,58,-158959130,653ba35b140eee1e2775d17bce5238120307c8a8,1,1,47869645780000000000000,47869.645780000000
2025-04-01,59,-136048499,81463b0f960f247f704377661ec81c1fd65b5128,1,1,47863412023365376589986,47863.412023365377
2025-04-01,60,1490507434,00000000009e50a7ddb7a7b0e2ee6604fd120e49,3,3,46873169324442749882311,46873.169324442750
2025-04-01,61,2000202299,888888888889758f76e7103c6cbf23abbf58f946,4,4,40018782334535329886319,40018.782334535330
2025-04-01,62,-57592773,0b4b459e5d08485550e2d99b5ef0d4b10f8d2a6c,3,3,38500000000000000000000,38500.000000000000
2025-04-01,63,-159872278,9d4512c43c580be2d6a7517d6777fac46131a9d6,1,1,31000351297000000000000,31000.351297000000
2025-04-01,64,-219732182,85cd07ea01423b1e937929b44e4ad8c40bbb5e71,15,15,27742859623496043653439,27742.859623496044
2025-04-01,65,1578445358,19891541842162ad4311f14055e7221406213d67,3,3,27171470000000000000000,27171.470000000000
2025-04-01,66,-262211697,59172b58e154b1e855e0cca64ef846eab531c5a0,2,2,26981773434574975257697,26981.773434574975
2025-04-01,67,1381791786,1111111254eeb25477b68fb85ed929f73a960582,11,11,23831886196918477559901,23831.886196918478
2025-04-01,68,1685736544,2dfadab8266483bed9fd9a292ce56596a2d1378d,3,3,23078348205949335752556,23078.348205949336
2025-04-01,69,1372291665,3cf63891928b8ceebb81c95426600a18cd59c03f,3,3,22811394720000000000000,22811.394720000000
2025-04-01,70,911182340,6467e807db1e71b9ef04e0e3afb962e4b0900b2b,1,1,20977958413390036975567,20977.958413390037
2025-04-01,71,-48820591,db01707567cf99c2e2215f1bd8ca567d998415de,3,3,20215708741854920457099,20215.708741854920
2025-04-01,72,-240770928,d5b42153e5e876004d025dcd8578ca14eec99e63,8,8,19869226486788157801821,19869.226486788158
2025-04-01,73,-123068677,55555535a287325d4a2a3da8c9f42f5a185d303c,3,3,19740365209649612475387,19740.365209649612
2025-04-01,74,1469563423,5e99c94f6a1ff748a4873e77842989efe7c7b6a4,1,1,15526000000000000000000,15526.000000000000
2025-04-01,75,-24757697,2621cc0b3f3c079c1db0e80794aa24976f0b9e3c,27,27,12423488791080278170438,12423.488791080278
2025-04-01,76,-279782384,86003379caeb287c7af12ae86e0ed3ccef64749b,2,2,12240834403939455297531,12240.834403939455
2025-04-01,77,2106851551,c38e4e6a15593f908255214653d3d947ca1c2338,3,3,11563062603396960222199,11563.062603396960
2025-04-01,78,-50664271,832c30802054f60f0cedb5be1f9a0e3da2a0cab4,1,1,10111549171909179410938,10111.549171909179
2025-04-01,79,-294166206,98a7ea0045628565875439778fef0a2b55cd804f,1,1,9500000000000000000000,9500.0000000000000000
2025-04-01,80,1871011521,d973f508f036b87579a04e153f239b6b4b0da2a7,1,1,7569948240090688536547,7569.9482400906885365
2025-04-01,81,-269361482,def1fce2df6270fdf7e1214343bebbab8583d43d,22,22,7063016846133246672581,7063.0168461332466726
2025-04-01,82,-201365773,0c6b19287999f1e31a5c0a44393b24b62d2c0468,1,1,7000000000000000000000,7000.0000000000000000
2025-04-01,83,1636575522,69460570c93f9de5e2edbc3052bf10125f0ca22d,6,4,5530825545705159472650,5530.8255457051594727
2025-04-01,84,-271493183,8216f5342c9794ed176fa4afb8fcac5d823b68ea,1,1,5517599720419882114160,5517.5997204198821142
2025-04-01,85,1924685069,45169639f92b253958f2d5fbd787459fef8eae80,1,1,5000362945573867059393,5000.3629455738670594
2025-04-01,86,-194510237,9ed181da6b359c3ee23c1d6912a6b4b0c349a165,5,3,4334259936065833072177,4334.2599360658330722
2025-04-01,87,-39866038,df9c440111a17eafbecf5db37dd04c948e878878,3,3,4171382793147074888743,4171.3827931470748887
2025-04-01,88,-274531928,cb46575288c24fbbc9fe2a2cdb7ae30d9f183bd9,6,4,4036261635248033977477,4036.2616352480339775
2025-04-01,89,-297765941,f69eb2c764018d66537613e66f2427feb975664f,1,1,3000000000000000000000,3000.0000000000000000
2025-04-01,90,-75307493,6d1d1ebe7da598194293784252659e862d55b52c,1,1,2191316641722126025425,2191.3166417221260254
2025-04-01,91,-26337174,8ab157b779c72e2348364b5f8148cc45f63a8724,3,3,1970314922407307019974,1970.3149224073070200
2025-04-01,92,2105845464,55877bd7f2ee37bde55ca4b271a3631f3a7ef121,8,5,1887168691416999538653,1887.1686914169995387
2025-04-01,93,-26519314,fe837a3530dd566401d35befcd55582af7c4dffc,2,1,1580836345000000000000,1580.8363450000000000
2025-04-01,94,-173753615,9a89480ed6696893ba85755af8370f1640899b32,1,1,1129274642078296416704,1129.2746420782964167
2025-04-01,95,-99915167,6701dea9809deaf068b8445798d0e19b025480fe,1,1,998794276712394231185,998.7942767123942312
2025-04-01,96,1836498420,5cc9400ffb4da168cf271e912f589462c3a00d1f,2,2,759869716679642669437,759.8697166796426694
2025-04-01,97,1700450641,8afed901714ac7753c5a410516f2d4396a48e9db,1,1,657443009689350720372,657.4430096893507204
2025-04-01,98,-103393091,45312ea0eff7e09c83cbe249fa1d7598c4c8cd4e,2,2,633137039912504323210,633.1370399125043232
2025-04-01,99,-293705582,de1734bbb63409165e829f456d853b021836eeb7,1,1,315579661450959196965,315.5796614509591970
2025-04-01,100,-233171933,bf05881f3911e08dde78f3c1b3303139edae77c0,1,1,310000000000000000000,310.0000000000000000
2025-05-01,1,-8676112,a3931d71877c0e7a3148cb7eb4463524fec27fbd,420,420,1535113251887224013982097405,1535113251.88722401
2025-05-01,2,-42155844,32a6268f9ba3642dda7892add74f1d34469a4259,729,729,878531907730214642448937055,878531907.73021464
2025-05-01,3,-24742409,0650caf159c5a49f711e8169d4336ecb9b950275,287,287,360655613995273651085699938,360655613.99527365
2025-05-01,4,1899934735,111111125421ca6dc452d289314280a0f8842a65,397,397,166396904085338296179744865,166396904.08533830
2025-05-01,5,881197687,9008d19f58aabd9ed0d60971565aa8510560ab41,801,800,158004100383767808454332437,158004100.38376781
2025-05-01,6,-191393662,c02ab1a5eaa8d1b114ef786d9bde108cd4364359,321,321,134766255916716335639210721,134766255.91671634
2025-05-01,7,-24832139,10ab606b067c9c461d8893c47c7512472e19e2ce,146,146,32623806848172806996008819,32623806.848172806996
2025-05-01,8,-75482279,7d4958454a3f520bda8be764d06591b054b0bf33,34,34,31673321802950000000000000,31673321.802950000000
2025-05-01,9,1699176572,51c72848c68a965f66fa7a88855f9f7784502a7f,29,29,21064032584769360668307676,21064032.584769360668
2025-05-01,10,-115360032,1e094fe00e13fd06d64eea4fb3cd912893606fe0,58,58,14578760170925656147039945,14578760.170925656147
2025-05-01,11,1508002830,8607a7d180de23645db594d90621d837749408d5,3,3,13340000000000000000000000,13340000.000000000000
2025-05-01,12,2054943978,6a000f20005980200259b80c5102003040001068,40,40,10855879465362140844117449,10855879.465362140844
2025-05-01,13,-320491723,508defdb5dd2adeefe36f58fdcd75d6efa36697b,447,439,9020078971314482636048571,9020078.971314482636
2025-05-01,14,1663246624,cf5540fffcdc3d510b18bfca6d2b9987b0772559,69,69,7373651910097534647054357,7373651.910097534647
2025-05-01,15,-60440021,5d409e56d886231adaf00c8775665ad0f9897b56,64,64,6743170525349538992005144,6743170.525349538992
2025-05-01,16,-196485148,e560cde9a916898bac1c9863928c559a69136937,4,4,4700813655647999925991161,4700813.655647999926
2025-05-01,17,2121761543,17e4d6c839f1115888d94c234fedd78013d31bfc,5,5,3870000000000000000000000,3870000.000000000000
2025-05-01,18,-49640310,182863131f9a4630ff9e27830d945b1413e347e8,51,51,3229362590708991623400964,3229362.590708991623
2025-05-01,19,-308439145,5418226af9c8d5d287a78fbbbcd337b86ec07d61,136,94,3223936111024012418637058,3223936.111024012419
2025-05-01,20,-323129525,6e4141d33021b52c91c28608403db4a0ffb50ec6,57,53,3158565788924578829992790,3158565.788924578830
2025-05-01,21,-42170378,09aa30b182488f769a9824f15e6ce58591da4781,11,11,2837099000000000000000000,2837099.000000000000
2025-05-01,22,-269361482,def1fce2df6270fdf7e1214343bebbab8583d43d,98,98,2040604911653199193913755,2040604.911653199194
2025-05-01,23,1784656274,a9e38689e02eba6a4465eceee53593479bbbbaaa,1,1,2000000000000000000000000,2000000.000000000000
2025-05-01,24,2000202299,888888888889758f76e7103c6cbf23abbf58f946,138,132,1817789378509317792510077,1817789.378509317793
2025-05-01,25,1416208070,4353e2df4e3444e97e20b2bda165bdd9a23913ab,1,1,1600000000000000000000000,1600000.000000000000
2025-05-01,26,1991872789,5f4cfc9da95909d976b502de496bc3bacdfcb0a0,3,3,1500000000000000000000000,1500000.000000000000
2025-05-01,27,1678603403,3c5142f28567e6a0f172fd0baaf1f2847f49d02f,18,7,1387079900000000000000000,1387079.900000000000
2025-05-01,28,1844716471,bbbbbbbbbb9cc5e90e3b3af64bdaf62c37eeffcb,207,207,1367164599707967348773104,1367164.599707967349
2025-05-01,29,1158000867,8d2783e32bfa9da490427045911206179aae0fbc,2,2,1186509644979000000000001,1186509.644979000000
2025-05-01,30,-43196954,4ce9c93513dff543bc392870d57df8c04e89ba0a,25,25,994460847651698202393336,994460.847651698202
2025-05-01,31,1833265138,000000000000c9b3e2c3ec88b1b4c0cd853f4321,66,22,750148264565903709721179,750148.264565903710
2025-05-01,32,1608787768,ad3b67bca8935cb510c8d18bd45f0b94f54a968f,31,30,738191685064594113300208,738191.685064594113
2025-05-01,33,-239950818,2d5805a423d6ce771f06972ad4499f120902631a,10,10,719793450068662077124615,719793.450068662077
2025-05-01,34,-323985955,e6c5dc8508939b1c417f83b7fed3149ef22cf3ff,36,36,653171324369318380048856,653171.324369318380
2025-05-01,35,2137268073,f00644d53231de0c7642a7986480abe3eab9675d,1,1,601805420000000000000000,601805.420000000000
2025-05-01,36,1364872031,1231deb6f5749ef6ce6943a275a1d3e7486f4eae,50,50,593768536917473583440602,593768.536917473583
2025-05-01,37,2068491642,0f4a1d7fdf4890be35e71f3e0bbc4a0ec377eca3,11,11,539413324486890594563102,539413.324486890595
2025-05-01,38,2018557174,a8c1c98aaf99a5dfc907d61b892b2ad624901185,27,27,525525416383763204845603,525525.416383763205
2025-05-01,39,1790543088,1cebd13797636b94c5cad7108cebe42d2fce7732,1,1,488136000000000000000000,488136.000000000000
2025-05-01,40,1401025421,007f7735baf391e207e3aa380bb53c4bd9a5fed6,152,152,483119258685817824904841,483119.258685817825
2025-05-01,41,945878575,0bca969176024bab26890f520a74edbc252734ed,3,3,456243179455355150800265,456243.179455355151
2025-05-01,42,-90284824,00000688768803bbd44095770895ad27ad6b0d95,15,15,367505587142682511603655,367505.587142682512
2025-05-01,43,1616290500,c37e6d18ee56440b186257968a295eb54036821a,4,2,324565700000000000000000,324565.700000000000
2025-05-01,44,2090345869,dd02bd6e347de7107d864abd4ad6437cd3ae99b4,1,1,287170800000000000000000,287170.800000000000
2025-05-01,45,616036061,74de5d4fcbf63e00296fd95d33236b9794016631,44,44,275326523750811349066531,275326.523750811349
2025-05-01,46,-184734878,5f390e736231ff967b9fb6c57aceee4a7e2a6634,6,5,252390620000000000000000,252390.620000000000
2025-05-01,47,-66649712,f130f741d4e3185b29412c65397363f8c23a0460,5,5,238688650000000000000000,238688.650000000000
2025-05-01,48,1749966612,3f37c7d8e61c000085aac0515775b06a3412f36b,5,5,236926303574700002339859,236926.303574700002
2025-05-01,49,-103393091,45312ea0eff7e09c83cbe249fa1d7598c4c8cd4e,15,15,235146946306344612168495,235146.946306344612
2025-05-01,50,-349989321,6b3441b121cadba4af1e92e9dd9ed3c0aa415e26,25,25,204004929119996169327263,204004.929119996169
2025-05-01,51,1650307124,852c61ab6f70e5fbacdfb55ebe73a8d2ccaf4649,2,2,200825000000000000000000,200825.000000000000
2025-05-01,52,-237550007,eeeeee9ec4769a09a76a83c7bc42b185872860ee,25,25,182449372495169573800417,182449.372495169574
2025-05-01,53,-326093945,f4cd2bed8cca59d57f60638df23e2f3c6052619d,2,2,180983363337365286205560,180983.363337365286
2025-05-01,54,-332004685,0868076663bbc6638cedd27704cc8f0fa53d5b81,8,8,175204155829686631048803,175204.155829686631
2025-05-01,55,-37413258,e9f1e2ef814f5686c30ce6fb7103d0f780836c67,58,58,125700895394320378482021,125700.895394320378
2025-05-01,56,-15964848,225a38bc71102999dd13478bfabd7c4d53f2dc17,9,9,122775159534539520132097,122775.159534539520
2025-05-01,57,-303667228,f0a12fefa78181a3749474db31d09524fa87b1f7,7,7,120600322892086962501369,120600.322892086963
2025-05-01,58,1587958877,42ad911c75d25e21727e45eca2a9d999d5a7f94c,2,1,117000000000000000000000,117000.000000000000
2025-05-01,59,-59352126,05654ff0cb3635fa5de00cc11607dbf203435c13,8,8,114241518576408839046562,114241.518576408839
2025-05-01,60,986888935,03718d05124f9a836ec1b49b6d0931a9a0ee43b4,5,5,113186681105260000000000,113186.681105260000
2025-05-01,61,1156358554,c3e44ee111547607ba06c21c16f7c8a88f8612f7,1,1,100617696204537598063421,100617.696204537598
2025-05-01,62,2113662080,738744237b7fd97af670d9ddf54390c24263cea8,4,4,96544643208186300000000,96544.643208186300
2025-05-01,63,-186122954,66a9893cc07d91d95644aedd05d03f95e1dba8af,91,88,91687704431099026526638,91687.704431099027
2025-05-01,64,2096706950,07c5451472ba0794aae1fb8dc04cfaca81e220e8,2,2,91381937334000276072975,91381.937334000276
2025-05-01,65,-323265669,0c3809a5decf3d4989547b131051e09fe575fd33,1,1,90991502247486526664838,90991.502247486527
2025-05-01,66,-309303940,e75cba174f7bf12b752710d0d3b9fc03a849919c,1,1,90001890345152243892071,90001.890345152244
2025-05-01,67,-338243956,91d8daa96b28063906cb97f37168c7b44680e1d7,1,1,89974272119552897932476,89974.272119552898
2025-05-01,68,-330954654,8dd4d313ded77c399fed700d54cbdea2c24227d6,19,19,83995353916510612201761,83995.353916510612
2025-05-01,69,1372291665,3cf63891928b8ceebb81c95426600a18cd59c03f,2,2,83444000000000000000000,83444.000000000000
2025-05-01,70,1381791786,1111111254eeb25477b68fb85ed929f73a960582,61,61,71248590039926315813263,71248.590039926316
2025-05-01,71,1773583482,c8fe81fc7d579f0cb81c7a24160e6f0eb4f6afa4,3,3,70896352017975177653281,70896.352017975178
2025-05-01,72,1756620115,957079ca6749b91ad4a43080fb55cfdacd4949af,1,1,69864460000000000000000,69864.460000000000
2025-05-01,73,1578445358,19891541842162ad4311f14055e7221406213d67,5,2,63793220000000000000000,63793.220000000000
2025-05-01,74,1708635711,948777676ed54390889c219489927939d51a805a,1,1,62726010000000000000000,62726.010000000000
2025-05-01,75,466811769,3f23d0e301c458b095a02b12e3bc4c752a844ed9,4,4,58350000000000000000000,58350.000000000000
2025-05-01,76,1840114477,a8752762470a6a73ac874258677043c226d080ec,2,2,55615062453626914765355,55615.062453626915
2025-05-01,77,1258821403,44541d665b7e1481e5a0efd955a60eb24941734a,1,1,50000000000000000000000,50000.000000000000
2025-05-01,78,2136187919,5d2725fde4d7aa3388da4519ac0449cc031d675f,3,3,49297716729801975277968,49297.716729801975
2025-05-01,79,-294143674,6d0fec17d6451c70ba539eb50e058cbfcbeb3dca,1,1,44996031934806058757958,44996.031934806059
2025-05-01,80,-111399962,000000000004444c5dc75cb358380d2e3de08a90,6,6,40487363760274428572853,40487.363760274429
2025-05-01,81,1664585624,3214b48fc628f33ed0034d66c634f72af3df6577,1,1,38865190000000000000000,38865.190000000000
2025-05-01,82,-57592773,0b4b459e5d08485550e2d99b5ef0d4b10f8d2a6c,1,1,38500000000000000000000,38500.000000000000
2025-05-01,83,2105845464,55877bd7f2ee37bde55ca4b271a3631f3a7ef121,17,16,35129555472940879852827,35129.555472940880
2025-05-01,84,1586960633,0b8a49d816cc709b6eadb09498030ae3416b66dc,1,1,26011898352799996561200,26011.898352799997
2025-05-01,85,937057252,5baac7ccda079839c9524b90df81720834fc039f,5,5,25000000000000000000000,25000.000000000000
2025-05-01,86,1443759665,555ce236c0220695b68341bc48c68d52210cc35b,2,2,21003187362254698089622,21003.187362254698
2025-05-01,87,-235906611,ae68b7117be0026cbd4366303f74eecbb19e4042,7,7,20406255345708063842590,20406.255345708064
2025-05-01,88,-79620546,0000000000bbf5c5fd284e657f01bd000933c96d,2,2,19006433781815273025070,19006.433781815273
2025-05-01,89,-86277644,dfea386f471d15d8b2ddb931f5e57713974c7899,1,1,18326564454801733521253,18326.564454801734
2025-05-01,90,-24757697,2621cc0b3f3c079c1db0e80794aa24976f0b9e3c,11,11,17927915092005244716614,17927.915092005245
2025-05-01,91,1105932400,00000000009726632680fb29d3f7a9734e3010e2,3,3,17860144402734814669259,17860.144402734815
2025-05-01,92,2125238339,f00000003d31d4ab730a8e269ae547f8f76996ba,2,2,14236729878921951939071,14236.729878921952
2025-05-01,93,-131723671,678e0c23f63ce9329e57e269b7362b925fdc5c17,1,1,12000000000000000000000,12000.000000000000
2025-05-01,94,-201365773,0c6b19287999f1e31a5c0a44393b24b62d2c0468,1,1,10017568754661408266203,10017.5687546614082662
2025-05-01,95,2106851551,c38e4e6a15593f908255214653d3d947ca1c2338,10,10,9655784585376010236456,9655.7845853760102365
2025-05-01,96,-331601069,3611b82c7b13e72b26eb0e9be0613bee7a45ac7c,5,3,8659952436002940582246,8659.9524360029405822
2025-05-01,97,-305794137,180ac0e82447dfe08f2e5f6a0fccbb75316958ee,1,1,7000000000000000000000,7000.0000000000000000
2025-05-01,98,249719126,8d21e858a12e370e2cac50934e56b1c52dcd64b4,2,2,6998872942867709560160,6998.8729428677095602
2025-05-01,99,-294310627,de7c14bf09d285257eeb06aa705c187d6f88a64b,3,3,6394039292996486745280,6394.0392929964867453
2025-05-01,100,-315012604,3ced11c610556e5292fbc2e75d68c3899098c14c,6,6,6352810054545801456454,6352.8100545458014565
2025-06-01,1,-8676112,a3931d71877c0e7a3148cb7eb4463524fec27fbd,1057,1057,421434834495058899744050587,421434834.49505890
2025-06-01,2,-42155844,32a6268f9ba3642dda7892add74f1d34469a4259,521,521,399312941258928600898229165,399312941.25892860
2025-06-01,3,-191393662,c02ab1a5eaa8d1b114ef786d9bde108cd4364359,458,458,270457055159140712837467513,270457055.15914071
2025-06-01,4,-24742409,0650caf159c5a49f711e8169d4336ecb9b950275,270,270,159672906692610837014454826,159672906.69261084
2025-06-01,5,881197687,9008d19f58aabd9ed0d60971565aa8510560ab41,896,894,150447511809827635538152269,150447511.80982764
2025-06-01,6,-320491723,508defdb5dd2adeefe36f58fdcd75d6efa36697b,2494,2467,107212296762634208643100401,107212296.76263421
2025-06-01,7,-24832139,10ab606b067c9c461d8893c47c7512472e19e2ce,172,172,54577852678309415540981767,54577852.678309415541
2025-06-01,8,1899934735,111111125421ca6dc452d289314280a0f8842a65,224,224,37983018638239282430483165,37983018.638239282430
2025-06-01,9,2054943978,6a000f20005980200259b80c5102003040001068,111,111,24694946817506125821508667,24694946.817506125822
2025-06-01,10,1699176572,51c72848c68a965f66fa7a88855f9f7784502a7f,13,13,18632329999999999666028544,18632329.999999999666
2025-06-01,11,-75482279,7d4958454a3f520bda8be764d06591b054b0bf33,47,47,12357828571113000000000000,12357828.571113000000
2025-06-01,12,1844716471,bbbbbbbbbb9cc5e90e3b3af64bdaf62c37eeffcb,567,567,10972715699171334806239700,10972715.699171334806
2025-06-01,13,1784656274,a9e38689e02eba6a4465eceee53593479bbbbaaa,2,2,5384838135709898816736441,5384838.135709898817
2025-06-01,14,-379996193,82d88875d64d60cbe9cbea47cb960ae0f04ebd4d,69,52,5063098190147250852784034,5063098.190147250853
2025-06-01,15,899366797,f65475e74c1ed6d004d5240b06e3088724dfda5d,4,4,5057778046237855146818723,5057778.046237855147
2025-06-01,16,1663246624,cf5540fffcdc3d510b18bfca6d2b9987b0772559,36,36,4877196519356529662270788,4877196.519356529662
2025-06-01,17,-323129525,6e4141d33021b52c91c28608403db4a0ffb50ec6,85,85,4875127825085215714296556,4875127.825085215714
2025-06-01,18,-308439145,5418226af9c8d5d287a78fbbbcd337b86ec07d61,103,72,3627497083884953293929196,3627497.083884953294
2025-06-01,19,-60440021,5d409e56d886231adaf00c8775665ad0f9897b56,62,62,3554072660065227769348342,3554072.660065227769
2025-06-01,20,-269361482,def1fce2df6270fdf7e1214343bebbab8583d43d,116,116,2676222040672230554414043,2676222.040672230554
2025-06-01,21,1986750834,0fbf251c79b649caf381fde4ff0dd4df14ccfd22,1,1,2670000000000000000000000,2670000.000000000000
2025-06-01,22,-42170378,09aa30b182488f769a9824f15e6ce58591da4781,4,4,2061338000000000000000000,2061338.000000000000
2025-06-01,23,-245398760,fbd4cdb413e45a52e2c8312f670e9ce67e794c37,2,2,2000100000000000000000000,2000100.000000000000
2025-06-01,24,-49640310,182863131f9a4630ff9e27830d945b1413e347e8,26,26,1730007174891821138814215,1730007.174891821139
2025-06-01,25,1833265138,000000000000c9b3e2c3ec88b1b4c0cd853f4321,218,70,1538052754370696608372166,1538052.754370696608
2025-06-01,26,1678603403,3c5142f28567e6a0f172fd0baaf1f2847f49d02f,14,7,1520169150000000000000000,1520169.150000000000
2025-06-01,27,2000202299,888888888889758f76e7103c6cbf23abbf58f946,564,563,1464681611163229849821308,1464681.611163229850
2025-06-01,28,2135985831,171da5406cb7ac9ccc7f3459be13b35a86a0766f,3,3,886230000000000000000000,886230.000000000000
2025-06-01,29,-196586415,a66a2770bc0e0c65b63b5a3bb4560e90f95d6146,50,50,799042739787220647574468,799042.739787220648
2025-06-01,30,2137268073,f00644d53231de0c7642a7986480abe3eab9675d,8,8,783048800000000000000000,783048.800000000000
2025-06-01,31,-347752330,b2a534a0f895633a7282f2b9f108dab6b6972012,7,7,707315153397807016539614,707315.153397807017
2025-06-01,32,1608787768,ad3b67bca8935cb510c8d18bd45f0b94f54a968f,9,9,699782382665644682803965,699782.382665644683
2025-06-01,33,-90284824,00000688768803bbd44095770895ad27ad6b0d95,5,5,695340950780104906423535,695340.950780104906
2025-06-01,34,-390222567,173e314c7635b45322cd8cb14f44b312e079f3af,9,9,570205064548926981237797,570205.064548926981
2025-06-01,35,1364872031,1231deb6f5749ef6ce6943a275a1d3e7486f4eae,71,71,550495370521884556673211,550495.370521884557
2025-06-01,36,-352737196,a2098bce25d396ea2673812c153b29f4c99b8071,2,2,524015407654905619723732,524015.407654905620
2025-06-01,37,1991872789,5f4cfc9da95909d976b502de496bc3bacdfcb0a0,2,2,501000000000000000000000,501000.000000000000
2025-06-01,38,-352826112,c8f29e20270612815cf596b5f138cb7a39108859,2,2,406499314860797703779365,406499.314860797704
2025-06-01,39,-103393091,45312ea0eff7e09c83cbe249fa1d7598c4c8cd4e,23,23,371716851727888115126722,371716.851727888115
2025-06-01,40,2018557174,a8c1c98aaf99a5dfc907d61b892b2ad624901185,14,14,370753512038599940292238,370753.512038599940
2025-06-01,41,-377610426,909f7b3c222f1e8f7975a2a1f89ced1a613d5ee1,4,4,350019000000000000000000,350019.000000000000
2025-06-01,42,-303199239,6c251f93b4e15659035a441b176a53cf9241b7da,2,2,345656037442517678897229,345656.037442517679
2025-06-01,43,1401025421,007f7735baf391e207e3aa380bb53c4bd9a5fed6,126,126,332447015173598971445366,332447.015173598971
2025-06-01,44,-186122954,66a9893cc07d91d95644aedd05d03f95e1dba8af,133,124,331068225604929850806380,331068.225604929851
2025-06-01,45,-352759550,3a9d3a1f9b57b79ddde00b1597d3a67507c2de94,2,2,265157365217775579876624,265157.365217775580
2025-06-01,46,-341174562,2c0552e5dcb79b064fd23e358a86810bc5994244,1,1,255967975990047244922746,255967.975990047245
2025-06-01,47,-274412103,4f3ea172f4b639d6717171ad19349f8533496537,8,8,243400117769562054813208,243400.117769562055
2025-06-01,48,2036124711,2625bfb6ad9840c2c0abb48f150eb9158393c466,8,6,233000000000000000000000,233000.000000000000
2025-06-01,49,-352858388,7af90794f98ede057c4ffb6b8480c016393f4907,2,2,232938569201684323404072,232938.569201684323
2025-06-01,50,-314793914,20ca225ee112e74b9f9bdb747950d4ec83255ff3,5,5,220000000000000000000000,220000.000000000000
2025-06-01,51,-66649712,f130f741d4e3185b29412c65397363f8c23a0460,17,15,182831060400000000000000,182831.060400000000
2025-06-01,52,-184734878,5f390e736231ff967b9fb6c57aceee4a7e2a6634,8,6,177322110000000000000000,177322.110000000000
2025-06-01,53,-323985955,e6c5dc8508939b1c417f83b7fed3149ef22cf3ff,7,7,170901317399876923558548,170901.317399876924
2025-06-01,54,-37413258,e9f1e2ef814f5686c30ce6fb7103d0f780836c67,77,77,152556780353500938237176,152556.780353500938
2025-06-01,55,1664585624,3214b48fc628f33ed0034d66c634f72af3df6577,1,1,149858000000000000000000,149858.000000000000
2025-06-01,56,-190664929,875d6d37ec55c8cf220b9e5080717549d8aa8eca,2,1,147881525098000000000000,147881.525098000000
2025-06-01,57,1749966612,3f37c7d8e61c000085aac0515775b06a3412f36b,3,3,113095869413454216326159,113095.869413454216
2025-06-01,58,-308320201,014aad8ce9a0b41e2deaa8df633a965c15318add,3,3,108334000000000000000000,108334.000000000000
2025-06-01,59,-331601069,3611b82c7b13e72b26eb0e9be0613bee7a45ac7c,22,14,108088768766363625142433,108088.768766363625
2025-06-01,60,1715474201,78f8bd884c3d738b74b420540659c82f392820e0,1,1,100059302403000000000000,100059.302403000000
2025-06-01,61,-61620344,cca8e0dba2e02e20823412cb074d8931d739924d,1,1,99999000000000000000000,99999.000000000000
2025-06-01,62,1113847572,663dc15d3c1ac63ff12e45ab68fea3f0a883c251,13,7,93842997937362888954063,93842.997937362889
2025-06-01,63,2106851551,c38e4e6a15593f908255214653d3d947ca1c2338,15,15,93632137983665095037939,93632.137983665095
2025-06-01,64,616036061,74de5d4fcbf63e00296fd95d33236b9794016631,71,71,88310666531991339299567,88310.666531991339
2025-06-01,65,1587958877,42ad911c75d25e21727e45eca2a9d999d5a7f94c,2,1,88000000000000000000000,88000.000000000000
2025-06-01,66,-353838783,d7d35f8c9e1b1d66cc35791c863c0887a77c95a7,3,3,84500340074353305500754,84500.340074353306
2025-06-01,67,2113662080,738744237b7fd97af670d9ddf54390c24263cea8,4,4,80620847087433700000000,80620.847087433700
2025-06-01,68,1578445358,19891541842162ad4311f14055e7221406213d67,5,2,78444790000000000000000,78444.790000000000
2025-06-01,69,466811769,3f23d0e301c458b095a02b12e3bc4c752a844ed9,4,4,74700000000000000000000,74700.000000000000
2025-06-01,70,1756620115,957079ca6749b91ad4a43080fb55cfdacd4949af,1,1,69864450000000000000000,69864.450000000000
2025-06-01,71,-332004685,0868076663bbc6638cedd27704cc8f0fa53d5b81,4,4,69202901097362660609958,69202.901097362661
2025-06-01,72,986888935,03718d05124f9a836ec1b49b6d0931a9a0ee43b4,1,1,67318727245180000000000,67318.727245180000
2025-06-01,73,-303667228,f0a12fefa78181a3749474db31d09524fa87b1f7,6,6,67225358895301209568765,67225.358895301210
2025-06-01,74,-359735064,1558c29eac009f638cc234cd7744b35a04cec811,4,4,66829457068114713762878,66829.457068114714
2025-06-01,75,-15964848,225a38bc71102999dd13478bfabd7c4d53f2dc17,2,2,66369535764661381773911,66369.535764661382
2025-06-01,76,-359746703,ccd35c9e3a0ee676c38df7939562963ecd2286d3,12,12,62427263827107098151430,62427.263827107098
2025-06-01,77,2136187919,5d2725fde4d7aa3388da4519ac0449cc031d675f,2,2,62000000000840554414295,62000.000000840554
2025-06-01,78,-70309490,da6abaca0d0973be0f5648bd5193d77151920323,1,1,55000000000000000000000,55000.000000000000
2025-06-01,79,1561652363,aecf31a3dc990eb76125f9abc0c4b66cbf1baa04,1,1,50000000000000000000000,50000.000000000000
2025-06-01,80,-359734916,6b5a679d43b9fc9d072a58f01d1e7ec6d8a9048d,4,4,43120770819775984359523,43120.770819775984
2025-06-01,81,-57592773,0b4b459e5d08485550e2d99b5ef0d4b10f8d2a6c,3,3,42220000000000000000000,42220.000000000000
2025-06-01,82,2096706950,07c5451472ba0794aae1fb8dc04cfaca81e220e8,1,1,40000000000000000000000,40000.000000000000
2025-06-01,83,1542902776,358ee17c36b51e3c6870ac2aee6fa24c4c479a10,15,15,39998630000000000000000,39998.630000000000
2025-06-01,84,-385286918,c88eec65dcdc01087eff738912a05ac362b9ef2e,4,4,39790348766951198674552,39790.348766951199
2025-06-01,85,-359498981,54b1af14f845a53e1fd6441a7bea3f6984dd2255,1,1,31797278942869988480315,31797.278942869988
2025-06-01,86,690338951,0c93c20234682ef35719eaa5215ab5aa7879f208,8,8,30004553550000000000000,30004.553550000000
2025-06-01,87,-339873606,b28d2481f748228c82e9f189ce1d5c8522a89c72,5,5,27493644985167246041864,27493.644985167246
2025-06-01,88,-250007735,e517cb082ed4473654359c3c2fd17c8e8c836d23,1,1,24072880000000000000000,24072.880000000000
2025-06-01,89,1372291665,3cf63891928b8ceebb81c95426600a18cd59c03f,2,1,21000000000000000000000,21000.000000000000
2025-06-01,90,-315012604,3ced11c610556e5292fbc2e75d68c3899098c14c,8,8,20790425146178855010970,20790.425146178855
2025-06-01,91,-164457340,b9e422ef76a06f2b30361d821a5f4751073771c3,1,1,20085080456784309012683,20085.080456784309
2025-06-01,92,1512984616,684ca620a83a3dc69eac6c0f81646965ec381828,13,13,19995299090176075776497,19995.299090176076
2025-06-01,93,-349989321,6b3441b121cadba4af1e92e9dd9ed3c0aa415e26,11,11,19784796268372042626320,19784.796268372043
2025-06-01,94,-380013460,13ae7caffd0d83ac90c985f68c7dacc7c69f7b6b,11,5,19478408884629086298120,19478.408884629086
2025-06-01,95,-359614291,60057adb84359d83c8f829d0fa128a48110960dc,1,1,18134743004235371721636,18134.743004235372
2025-06-01,96,893398926,def171fe48cf0115b1d80b88dc8eab59176fee57,4,4,18083064976732403191164,18083.064976732403
2025-06-01,97,1166107263,7421f37e2f25bdf2ef3041bd4d176c3992453a68,1,1,18000000000000000000000,18000.000000000000
2025-06-01,98,-59352126,05654ff0cb3635fa5de00cc11607dbf203435c13,7,7,17818495883336556859651,17818.495883336557
2025-06-01,99,-360608100,b28f97f1852b8a597686b5b6460531481e958158,1,1,16906925505180439099450,16906.925505180439
2025-06-01,100,-237550007,eeeeee9ec4769a09a76a83c7bc42b185872860ee,44,44,15030210904115520074808,15030.210904115520
2025-07-01,1,-390222567,173e314c7635b45322cd8cb14f44b312e079f3af,1136,1136,1011832946356536705990633721,1011832946.35653671
2025-07-01,2,-191393662,c02ab1a5eaa8d1b114ef786d9bde108cd4364359,209,209,790393440091922983936138245,790393440.09192298
2025-07-01,3,-42155844,32a6268f9ba3642dda7892add74f1d34469a4259,399,399,315134393905972500328925071,315134393.90597250
2025-07-01,4,-8676112,a3931d71877c0e7a3148cb7eb4463524fec27fbd,480,480,268392075359054087082031016,268392075.35905409
2025-07-01,5,881197687,9008d19f58aabd9ed0d60971565aa8510560ab41,1650,1641,207085988739344265442559360,207085988.73934427
2025-07-01,6,-320491723,508defdb5dd2adeefe36f58fdcd75d6efa36697b,1230,1199,156123081046537761836113287,156123081.04653776
2025-07-01,7,-24742409,0650caf159c5a49f711e8169d4336ecb9b950275,209,209,153004030325061031009027729,153004030.32506103
2025-07-01,8,1899934735,111111125421ca6dc452d289314280a0f8842a65,259,259,138584307876210056836866066,138584307.87621006
2025-07-01,9,-269361482,def1fce2df6270fdf7e1214343bebbab8583d43d,722,722,121186711115797633302106762,121186711.11579763
2025-07-01,10,1844716471,bbbbbbbbbb9cc5e90e3b3af64bdaf62c37eeffcb,1438,1438,42531362519188101056907810,42531362.519188101057
2025-07-01,11,-24832139,10ab606b067c9c461d8893c47c7512472e19e2ce,127,127,39461850905137396689582362,39461850.905137396690
2025-07-01,12,2054943978,6a000f20005980200259b80c5102003040001068,252,252,23706837918303294844599323,23706837.918303294845
2025-07-01,13,-323129525,6e4141d33021b52c91c28608403db4a0ffb50ec6,292,289,21978145318194364792046079,21978145.318194364792
2025-07-01,14,1699176572,51c72848c68a965f66fa7a88855f9f7784502a7f,28,28,21815820188234680927413079,21815820.188234680927
2025-07-01,15,2000202299,888888888889758f76e7103c6cbf23abbf58f946,172,171,17049987119845913235244660,17049987.119845913235
2025-07-01,16,-60440021,5d409e56d886231adaf00c8775665ad0f9897b56,118,118,12811451286191812105623578,12811451.286191812106
2025-07-01,17,1608787768,ad3b67bca8935cb510c8d18bd45f0b94f54a968f,18,18,11016309055649985341918614,11016309.055649985342
2025-07-01,18,2145174805,70bf6634ee8cb27d04478f184b9b8bb13e5f4710,9,9,10222785888601948550118524,10222785.888601948550
2025-07-01,19,1663246624,cf5540fffcdc3d510b18bfca6d2b9987b0772559,80,80,9359065732169056570569257,9359065.732169056571
2025-07-01,20,1715474201,78f8bd884c3d738b74b420540659c82f392820e0,8,8,6998381848826473851733129,6998381.848826473852
2025-07-01,21,-412949987,72774c04c1c29e5011f0f3751fc79473d9acfd7d,100,100,6964122699807716571341279,6964122.699807716571
2025-07-01,22,-406892257,0ee69a11b4391c5af5eb2fb088c2df5dd2a0d075,68,66,5294191604287426235388890,5294191.604287426235
2025-07-01,23,794595785,f20b338752976878754518183873602902360704,1,1,5000000000000000000000000,5000000.000000000000
2025-07-01,24,1784656274,a9e38689e02eba6a4465eceee53593479bbbbaaa,2,2,4999998800000000000000000,4999998.800000000000
2025-07-01,25,1009106657,42eadf6fe45b51b729c165c3f636b8ccaa35d705,3,3,4044947774157794240304583,4044947.774157794240
2025-07-01,26,-416599553,4d058e2849a7bab450b8eb3c9941064e5abec551,15,12,3592257266001000000000000,3592257.266001000000
2025-07-01,27,-75482279,7d4958454a3f520bda8be764d06591b054b0bf33,18,18,3158678194321000000000000,3158678.194321000000
2025-07-01,28,-239950818,2d5805a423d6ce771f06972ad4499f120902631a,15,15,3125970710399679195779553,3125970.710399679196
2025-07-01,29,-375723426,53cc1b407b9cb27efec629b35dbda04d05b4fa27,16,16,2907023133546952065239792,2907023.133546952065
2025-07-01,30,-422397714,7cd01d5cad4ba0caeba02583a5c61d35b23e08eb,8,8,2622989185721888364635953,2622989.185721888365
2025-07-01,31,-103393091,45312ea0eff7e09c83cbe249fa1d7598c4c8cd4e,41,41,2207938364458973571128719,2207938.364458973571
2025-07-01,32,899366797,f65475e74c1ed6d004d5240b06e3088724dfda5d,1,1,1900336624065305953356824,1900336.624065305953
2025-07-01,33,1991872789,5f4cfc9da95909d976b502de496bc3bacdfcb0a0,2,2,1900000000000000000000000,1900000.000000000000
2025-07-01,34,-79620546,0000000000bbf5c5fd284e657f01bd000933c96d,19,19,1838170953335857115389317,1838170.953335857115
2025-07-01,35,-403967596,df31a70a21a1931e02033dbba7deace6c45cfd0f,201,137,1766870920746328089143820,1766870.920746328089
2025-07-01,36,-90284824,00000688768803bbd44095770895ad27ad6b0d95,13,13,1753981273666812311043768,1753981.273666812311
2025-07-01,37,2018557174,a8c1c98aaf99a5dfc907d61b892b2ad624901185,39,39,1674669691894949666418443,1674669.691894949666
2025-07-01,38,-323985955,e6c5dc8508939b1c417f83b7fed3149ef22cf3ff,66,66,1383283415635405592633648,1383283.415635405593
2025-07-01,39,-49640310,182863131f9a4630ff9e27830d945b1413e347e8,13,13,1296867688574881421003423,1296867.688574881421
2025-07-01,40,1986750834,0fbf251c79b649caf381fde4ff0dd4df14ccfd22,3,3,1289000000000000000000000,1289000.000000000000
2025-07-01,41,-196586415,a66a2770bc0e0c65b63b5a3bb4560e90f95d6146,217,217,1157393777915608012288369,1157393.777915608012
2025-07-01,42,-374304330,5c800fa4e3c1bd071b1723d9edfa4bafb3a3faeb,2,1,1000000000000000000000000,1000000.000000000000
2025-07-01,43,-318729804,1c7766189b90da61be1a7e6462e9f81ec795e40e,2,2,901680000000000000000000,901680.000000000000
2025-07-01,44,-347752330,b2a534a0f895633a7282f2b9f108dab6b6972012,5,5,880961773113632117008435,880961.773113632117
2025-07-01,45,1364872031,1231deb6f5749ef6ce6943a275a1d3e7486f4eae,102,102,870492383130651823986764,870492.383130651824
2025-07-01,46,-379996193,82d88875d64d60cbe9cbea47cb960ae0f04ebd4d,51,35,817215952914649021580412,817215.952914649022
2025-07-01,47,-42170378,09aa30b182488f769a9824f15e6ce58591da4781,5,5,784540000000000000000000,784540.000000000000
2025-07-01,48,-370930303,2ad5004c60e16e54d5007c80ce329adde5b51ef5,4,4,783562579683220768686018,783562.579683220769
2025-07-01,49,1381791786,1111111254eeb25477b68fb85ed929f73a960582,32,32,778501994748293280974048,778501.994748293281
2025-07-01,50,-186122954,66a9893cc07d91d95644aedd05d03f95e1dba8af,307,306,745963309166871783041737,745963.309166871783
2025-07-01,51,-352737196,a2098bce25d396ea2673812c153b29f4c99b8071,3,3,610568684658943785110443,610568.684658943785
2025-07-01,52,2105845464,55877bd7f2ee37bde55ca4b271a3631f3a7ef121,9,8,566030397797273353933779,566030.397797273354
2025-07-01,53,-86696893,790c7528459fe791d6d029475e33d46382ca75fc,1,1,563775610670000000000000,563775.610670000000
2025-07-01,54,1250544290,a9d1e08c7793af67e9d92fe308d5697fb81d3e43,57,57,511088013523495083099900,511088.013523495083
2025-07-01,55,-15964848,225a38bc71102999dd13478bfabd7c4d53f2dc17,10,10,478441766136965622385926,478441.766136965622
2025-07-01,56,-352826112,c8f29e20270612815cf596b5f138cb7a39108859,3,3,473637729132595198055799,473637.729132595198
2025-07-01,57,1678603403,3c5142f28567e6a0f172fd0baaf1f2847f49d02f,7,3,391563600000000000000000,391563.600000000000
2025-07-01,58,-352858388,7af90794f98ede057c4ffb6b8480c016393f4907,4,4,370358050786046616569314,370358.050786046617
2025-07-01,59,-352759550,3a9d3a1f9b57b79ddde00b1597d3a67507c2de94,3,3,308962772579702614365296,308962.772579702614
2025-07-01,60,1258545263,292693a45e8387d09c8bbea18a208be5dd7a8031,2,2,300000000000000000000000,300000.000000000000
2025-07-01,61,-37413258,e9f1e2ef814f5686c30ce6fb7103d0f780836c67,55,55,279599973834208097684466,279599.973834208098
2025-07-01,62,-303667228,f0a12fefa78181a3749474db31d09524fa87b1f7,5,5,267634710000264474926037,267634.710000264475
2025-07-01,63,-59352126,05654ff0cb3635fa5de00cc11607dbf203435c13,21,21,255613948611362737304567,255613.948611362737
2025-07-01,64,1833265138,000000000000c9b3e2c3ec88b1b4c0cd853f4321,253,87,234211743636511980686291,234211.743636511981
2025-07-01,65,-427776073,c34c9e681c38f28db396eac1f53e63d1cd548e03,9,9,193560763432099696000000,193560.763432099696
2025-07-01,66,1616290500,c37e6d18ee56440b186257968a295eb54036821a,3,2,169222440000000000000000,169222.440000000000
2025-07-01,67,2036124711,2625bfb6ad9840c2c0abb48f150eb9158393c466,3,3,155746850999472951030729,155746.850999472951
2025-07-01,68,1587958877,42ad911c75d25e21727e45eca2a9d999d5a7f94c,2,1,153000000000000000000000,153000.000000000000
2025-07-01,69,1159989886,7fa270537a779d9ccbd0c40c3a85469390b886cf,4,4,152786913794592155286387,152786.913794592155
2025-07-01,70,1664585624,3214b48fc628f33ed0034d66c634f72af3df6577,1,1,140565000000000000000000,140565.000000000000
2025-07-01,71,2106851551,c38e4e6a15593f908255214653d3d947ca1c2338,19,17,140070334413029086973671,140070.334413029087
2025-07-01,72,-353838783,d7d35f8c9e1b1d66cc35791c863c0887a77c95a7,2,2,134263572322311817277475,134263.572322311817
2025-07-01,73,2027247286,3fb8c1368822d5004549bba0af607c8be29a19bf,1,1,133182355560000000000000,133182.355560000000
2025-07-01,74,616036061,74de5d4fcbf63e00296fd95d33236b9794016631,51,51,116914747896590862275978,116914.747896590862
2025-07-01,75,-396527521,89503925ca8f2982490b7f67b27918278d3be902,3,3,116787029646630055642900,116787.029646630056
2025-07-01,76,-362771253,4618fdc13d68f127ff486d1ab8257ce420229f04,2,2,105537766372814444700063,105537.766372814445
2025-07-01,77,1650307124,852c61ab6f70e5fbacdfb55ebe73a8d2ccaf4649,1,1,100412500000000000000000,100412.500000000000
2025-07-01,78,1408260849,fca8820d7ccac185f66fdbee437e64288aabb0cf,1,1,100000000000000000000000,100000.000000000000
2025-07-01,79,1790543088,1cebd13797636b94c5cad7108cebe42d2fce7732,2,2,100000000000000000000000,100000.000000000000
2025-07-01,80,1401025421,007f7735baf391e207e3aa380bb53c4bd9a5fed6,46,46,98413400938127493574020,98413.400938127494
2025-07-01,81,-374118427,f0e22ba1368f90e54dfd68b1442aa5aecdf6ce6a,6,6,97131570000000000000000,97131.570000000000
2025-07-01,82,-331311129,a7780086ab732c110e9e71950b9fb3cb2ea50d89,3,3,86350033038070094153572,86350.033038070094
2025-07-01,83,2113662080,738744237b7fd97af670d9ddf54390c24263cea8,5,5,77397941592553400000000,77397.941592553400
2025-07-01,84,-66649712,f130f741d4e3185b29412c65397363f8c23a0460,6,6,76522670000000000000000,76522.670000000000
2025-07-01,85,-439858329,f4aa9f5521e91b82b110e3035b26256f5a2e25ce,1,1,74883091631645711689779,74883.091631645712
2025-07-01,86,-308320201,014aad8ce9a0b41e2deaa8df633a965c15318add,1,1,70000000000000000000000,70000.000000000000
2025-07-01,87,-184734878,5f390e736231ff967b9fb6c57aceee4a7e2a6634,5,3,69947600000000000000000,69947.600000000000
2025-07-01,88,1756620115,957079ca6749b91ad4a43080fb55cfdacd4949af,1,1,69864460000000000000000,69864.460000000000
2025-07-01,89,2136187919,5d2725fde4d7aa3388da4519ac0449cc031d675f,9,9,64304838560387644634768,64304.838560387645
2025-07-01,90,-395719323,f5990f1214b8547eeddd3ddc52ed96aae6ea171f,1,1,64191510570859100000000,64191.510570859100
2025-07-01,91,1708635711,948777676ed54390889c219489927939d51a805a,1,1,60082950000000000000000,60082.950000000000
2025-07-01,92,-331601069,3611b82c7b13e72b26eb0e9be0613bee7a45ac7c,11,8,59734946554540732000259,59734.946554540732
2025-07-01,93,1113847572,663dc15d3c1ac63ff12e45ab68fea3f0a883c251,47,24,59159384862385954373094,59159.384862385954
2025-07-01,94,1105932400,00000000009726632680fb29d3f7a9734e3010e2,15,15,56407945200299969139803,56407.945200299969
2025-07-01,95,-381547691,f5042e6ffac5a625d4e7848e0b01373d8eb9e222,49,49,56040537692290948765116,56040.537692290949
2025-07-01,96,-335518857,beef02961503351625926ea9a11ae13b29f5c555,4,4,54795946643078957171576,54795.946643078957
2025-07-01,97,-359735064,1558c29eac009f638cc234cd7744b35a04cec811,10,10,50807369878604606449035,50807.369878604606
2025-07-01,98,2096706950,07c5451472ba0794aae1fb8dc04cfaca81e220e8,1,1,50695631890511529075400,50695.631890511529
2025-07-01,99,690338951,0c93c20234682ef35719eaa5215ab5aa7879f208,3,3,50001199908510000000000,50001.199908510000
2025-07-01,100,-331322233,8cbaa834bd41d4c830254f34aa508ef3814d0263,2,2,49998430000000000000000,49998.430000000000
2025-08-01,1,-390222567,173e314c7635b45322cd8cb14f44b312e079f3af,963,963,1220423708157198180647740348,1220423708.15719818
2025-08-01,2,-191393662,c02ab1a5eaa8d1b114ef786d9bde108cd4364359,189,189,804931622506986344622751282,804931622.50698634
2025-08-01,3,-320491723,508defdb5dd2adeefe36f58fdcd75d6efa36697b,1993,1948,419671686595179978809099848,419671686.59517998
2025-08-01,4,-24742409,0650caf159c5a49f711e8169d4336ecb9b950275,219,219,233978875706344603343072034,233978875.70634460
2025-08-01,5,-42155844,32a6268f9ba3642dda7892add74f1d34469a4259,286,286,181605956412789374300124156,181605956.41278937
2025-08-01,6,1899934735,111111125421ca6dc452d289314280a0f8842a65,216,216,142215350126726058953014626,142215350.12672606
2025-08-01,7,1844716471,bbbbbbbbbb9cc5e90e3b3af64bdaf62c37eeffcb,1014,1013,119254527056517689616343092,119254527.05651769
2025-08-01,8,881197687,9008d19f58aabd9ed0d60971565aa8510560ab41,1098,1096,104647144836388680004788112,104647144.83638868
2025-08-01,9,-406892257,0ee69a11b4391c5af5eb2fb088c2df5dd2a0d075,158,157,92430641656456530237978707,92430641.656456530238
2025-08-01,10,-8676112,a3931d71877c0e7a3148cb7eb4463524fec27fbd,535,534,88707186527502617710950951,88707186.527502617711
2025-08-01,11,-269361482,def1fce2df6270fdf7e1214343bebbab8583d43d,279,279,38533081405406054266879654,38533081.405406054267
2025-08-01,12,1699176572,51c72848c68a965f66fa7a88855f9f7784502a7f,26,26,23188247788048570051267819,23188247.788048570051
2025-08-01,13,-24832139,10ab606b067c9c461d8893c47c7512472e19e2ce,422,422,23131940708574597487854952,23131940.708574597488
2025-08-01,14,-60440021,5d409e56d886231adaf00c8775665ad0f9897b56,108,108,15020659122931615420882026,15020659.122931615421
2025-08-01,15,-403967596,df31a70a21a1931e02033dbba7deace6c45cfd0f,229,155,14421000301867573905529096,14421000.301867573906
2025-08-01,16,-323129525,6e4141d33021b52c91c28608403db4a0ffb50ec6,130,127,14057495718919418706327792,14057495.718919418706
2025-08-01,17,-75482279,7d4958454a3f520bda8be764d06591b054b0bf33,41,41,11805213485971000000000000,11805213.485971000000
2025-08-01,18,-79620546,0000000000bbf5c5fd284e657f01bd000933c96d,12,12,8743254487476582338326056,8743254.487476582338
2025-08-01,19,2054943978,6a000f20005980200259b80c5102003040001068,135,135,8361901942237372228941080,8361901.942237372229
2025-08-01,20,1392959070,4fabff46addbef0d25002a6681ba54c3b973d463,1,1,7523844885170337658266410,7523844.885170337658
2025-08-01,21,-412949987,72774c04c1c29e5011f0f3751fc79473d9acfd7d,83,83,7293784771073114302677908,7293784.771073114303
2025-08-01,22,2000202299,888888888889758f76e7103c6cbf23abbf58f946,89,87,6288631688217433778225949,6288631.688217433778
2025-08-01,23,1927858068,e4d355cd3983a356515f1390766ffc48c8c1c30f,1,1,4597889540561035980502765,4597889.540561035981
2025-08-01,24,2145174805,70bf6634ee8cb27d04478f184b9b8bb13e5f4710,30,30,3180846249486538323014253,3180846.249486538323
2025-08-01,25,-35375381,e3f605af7fbbb0831c98614fa9c27f970bb3d5ab,1,1,3000000000000000000000000,3000000.000000000000
2025-08-01,26,1991872789,5f4cfc9da95909d976b502de496bc3bacdfcb0a0,1,1,2400000000000000000000000,2400000.000000000000
2025-08-01,27,1258545263,292693a45e8387d09c8bbea18a208be5dd7a8031,6,6,2387500000000000000000000,2387500.000000000000
2025-08-01,28,-90284824,00000688768803bbd44095770895ad27ad6b0d95,18,18,2117285189565308065559372,2117285.189565308066
2025-08-01,29,-49640310,182863131f9a4630ff9e27830d945b1413e347e8,38,38,2050593240458736255507539,2050593.240458736256
2025-08-01,30,-374118427,f0e22ba1368f90e54dfd68b1442aa5aecdf6ce6a,4,4,2003553500000000000000000,2003553.500000000000
2025-08-01,31,1986750834,0fbf251c79b649caf381fde4ff0dd4df14ccfd22,2,2,2000000000000000000000000,2000000.000000000000
2025-08-01,32,-26664456,8c645ae763a2341a336629b1e6165c9ad28d90f2,4,4,1838082215067317521708075,1838082.215067317522
2025-08-01,33,899366797,f65475e74c1ed6d004d5240b06e3088724dfda5d,3,3,1299963034630850505894141,1299963.034630850506
2025-08-01,34,-15964848,225a38bc71102999dd13478bfabd7c4d53f2dc17,17,17,1052413239492819733772898,1052413.239492819734
2025-08-01,35,-196586415,a66a2770bc0e0c65b63b5a3bb4560e90f95d6146,42,42,1036158197476946212477395,1036158.197476946212
2025-08-01,36,1663246624,cf5540fffcdc3d510b18bfca6d2b9987b0772559,20,19,971687950724530213047378,971687.950724530213
2025-08-01,37,1364872031,1231deb6f5749ef6ce6943a275a1d3e7486f4eae,70,70,905368302868028779397410,905368.302868028779
2025-08-01,38,-427776073,c34c9e681c38f28db396eac1f53e63d1cd548e03,10,10,877277923733271360000000,877277.923733271360
2025-08-01,39,-186122954,66a9893cc07d91d95644aedd05d03f95e1dba8af,344,343,824117793053760094094344,824117.793053760094
2025-08-01,40,-42170378,09aa30b182488f769a9824f15e6ce58591da4781,8,8,812862775464609305033259,812862.775464609305
2025-08-01,41,-239950818,2d5805a423d6ce771f06972ad4499f120902631a,16,16,762731594047792069752015,762731.594047792070
2025-08-01,42,-439858329,f4aa9f5521e91b82b110e3035b26256f5a2e25ce,7,7,744459833055865162075610,744459.833055865162
2025-08-01,43,-493992552,457904b54f47dd7a91253f225237a5b02ca059d6,5,5,697963135605078833717277,697963.135605078834
2025-08-01,44,-103393091,45312ea0eff7e09c83cbe249fa1d7598c4c8cd4e,26,26,679675799629985872829922,679675.799629985873
2025-08-01,45,-463622492,8aee53b873176d9f938d24a53a8ae5cf36276464,52,52,607103994494080422348966,607103.994494080422
2025-08-01,46,2125238339,f00000003d31d4ab730a8e269ae547f8f76996ba,1,1,541547056162038477965667,541547.056162038478
2025-08-01,47,-335518857,beef02961503351625926ea9a11ae13b29f5c555,3,3,524739874219021602528475,524739.874219021603
2025-08-01,48,1608787768,ad3b67bca8935cb510c8d18bd45f0b94f54a968f,7,7,513605402223180451069118,513605.402223180451
2025-08-01,49,1039948590,0fb4a9e465cecd23b52108e39917e5f49aa13de6,2,2,486373158745233947454078,486373.158745233947
2025-08-01,50,-422734248,2f174385feaf3361baf9bced4692a178b5e6ecf7,7,7,479638573026516560067097,479638.573026516560
2025-08-01,51,-422397714,7cd01d5cad4ba0caeba02583a5c61d35b23e08eb,22,22,426387790557238413485464,426387.790557238413
2025-08-01,52,-403986125,8331f9acce69b02c281f40a00706f758665cce77,128,52,398040697404616952403288,398040.697404616952
2025-08-01,53,1678603403,3c5142f28567e6a0f172fd0baaf1f2847f49d02f,9,4,392885180000000000000000,392885.180000000000
2025-08-01,54,-341454433,1017c97c03d6738c358576735de76028f2395625,14,14,382112872260414522321482,382112.872260414522
2025-08-01,55,-323985955,e6c5dc8508939b1c417f83b7fed3149ef22cf3ff,8,8,363038771401980832980738,363038.771401980833
2025-08-01,56,-361863690,0d05a7d3448512b78fa8a9e46c4872c88c4a0d05,15,15,344062032657759232486857,344062.032657759232
2025-08-01,57,-318729804,1c7766189b90da61be1a7e6462e9f81ec795e40e,1,1,304029607989432980513632,304029.607989432981
2025-08-01,58,-476291807,4eb5db0134fac94e66da89764d58a9f709d53a8f,16,16,284282328069161323283831,284282.328069161323
2025-08-01,59,1113847572,663dc15d3c1ac63ff12e45ab68fea3f0a883c251,24,13,257311306079043349222661,257311.306079043349
2025-08-01,60,-184734878,5f390e736231ff967b9fb6c57aceee4a7e2a6634,10,7,245775130000000000000000,245775.130000000000
2025-08-01,61,2018557174,a8c1c98aaf99a5dfc907d61b892b2ad624901185,13,13,211740624137465795215364,211740.624137465795
2025-08-01,62,-352858388,7af90794f98ede057c4ffb6b8480c016393f4907,2,2,211464472089142500130730,211464.472089142500
2025-08-01,63,-24757697,2621cc0b3f3c079c1db0e80794aa24976f0b9e3c,12,12,178517116046869950512447,178517.116046869951
2025-08-01,64,-238137829,b8875c63f71eca8a116664c0a9cd55df549b1c33,6,6,166990964858787105633029,166990.964858787106
2025-08-01,65,-438214273,fa6c8a4a826d965406c6e8943c816f8805a06b04,1,1,157568508063000000000000,157568.508063000000
2025-08-01,66,-65727129,07f9a54dc5135b9878d6745e267625bf0e206840,9,9,156743141831355243301063,156743.141831355243
2025-08-01,67,1664585624,3214b48fc628f33ed0034d66c634f72af3df6577,1,1,154125000000000000000000,154125.000000000000
2025-08-01,68,1616290500,c37e6d18ee56440b186257968a295eb54036821a,3,2,150423720000000000000000,150423.720000000000
2025-08-01,69,-37413258,e9f1e2ef814f5686c30ce6fb7103d0f780836c67,18,18,146678456249473668572143,146678.456249473669
2025-08-01,70,1929031996,0b16ac7189986344acde47d225bc9172ff53b15b,1,1,137177000000000000000000,137177.000000000000
2025-08-01,71,2136187919,5d2725fde4d7aa3388da4519ac0449cc031d675f,8,8,136669026430888929008226,136669.026430888929
2025-08-01,72,1749966612,3f37c7d8e61c000085aac0515775b06a3412f36b,3,3,129596339177622289017790,129596.339177622289
2025-08-01,73,-59352126,05654ff0cb3635fa5de00cc11607dbf203435c13,8,8,126276919154147069366680,126276.919154147069
2025-08-01,74,-303667228,f0a12fefa78181a3749474db31d09524fa87b1f7,8,8,118309394955406159225103,118309.394955406159
2025-08-01,75,-330096322,c50b7ee955a061f705ce42cf92a60adf1f5be255,1,1,103826575293842926547350,103826.575293842927
2025-08-01,76,1250544290,a9d1e08c7793af67e9d92fe308d5697fb81d3e43,60,60,102333270796860000000000,102333.270796860000
2025-08-01,77,1650307124,852c61ab6f70e5fbacdfb55ebe73a8d2ccaf4649,1,1,100412500000000000000000,100412.500000000000
2025-08-01,78,1578445358,19891541842162ad4311f14055e7221406213d67,6,2,99707270000000000000000,99707.270000000000
2025-08-01,79,-353838783,d7d35f8c9e1b1d66cc35791c863c0887a77c95a7,2,2,98641139853728203943078,98641.139853728204
2025-08-01,80,-232637266,4a6c312ec70e8747a587ee860a0353cd42be0ae0,34,34,97214403576622168136428,97214.403576622168
2025-08-01,81,-308320201,014aad8ce9a0b41e2deaa8df633a965c15318add,1,1,90000000000000000000000,90000.000000000000
2025-08-01,82,1833265138,000000000000c9b3e2c3ec88b1b4c0cd853f4321,144,48,89682311211195193609859,89682.311211195194
2025-08-01,83,2113662080,738744237b7fd97af670d9ddf54390c24263cea8,4,4,89607843643610900000000,89607.843643610900
2025-08-01,84,1038093405,574c6ccbf3c607594fed8b8039e3837975021909,1,1,89481910825539682643073,89481.910825539683
2025-08-01,85,616036061,74de5d4fcbf63e00296fd95d33236b9794016631,45,45,85325555413360184449008,85325.555413360184
2025-08-01,86,1587958877,42ad911c75d25e21727e45eca2a9d999d5a7f94c,1,1,82000000000000000000000,82000.000000000000
2025-08-01,87,-66649712,f130f741d4e3185b29412c65397363f8c23a0460,6,2,78054830000000000000000,78054.830000000000
2025-08-01,88,1708635711,948777676ed54390889c219489927939d51a805a,1,1,77825000000000000000000,77825.000000000000
2025-08-01,89,1756620115,957079ca6749b91ad4a43080fb55cfdacd4949af,1,1,69864450000000000000000,69864.450000000000
2025-08-01,90,-339873606,b28d2481f748228c82e9f189ce1d5c8522a89c72,8,8,69621673123093962952186,69621.673123093963
2025-08-01,91,-48820591,db01707567cf99c2e2215f1bd8ca567d998415de,2,2,65741276107402663139685,65741.276107402663
2025-08-01,92,-486201994,578a3008cba50d63f8ddeefa68f02553f724c608,1,1,65102900924468970858464,65102.900924468971
2025-08-01,93,1105932400,00000000009726632680fb29d3f7a9734e3010e2,9,9,62746066224777214123231,62746.066224777214
2025-08-01,94,-344441278,93c50b62636b06bd46240afb01b1d64764ca2c04,1,1,61510660201528037449090,61510.660201528037
2025-08-01,95,-50203855,4e52509cc20da201d9173aa9c049d866d9fe2ad1,1,1,57829172755000071465911,57829.172755000071
2025-08-01,96,-482941003,8d7a9bb81f332cde2e26a5bd9422258979b3f318,1,1,57350817149749623119185,57350.817149749623
2025-08-01,97,-370930303,2ad5004c60e16e54d5007c80ce329adde5b51ef5,5,5,55058989099317048383692,55058.989099317048
2025-08-01,98,-362771253,4618fdc13d68f127ff486d1ab8257ce420229f04,4,4,54069706312183240131949,54069.706312183240
2025-08-01,99,-111399962,000000000004444c5dc75cb358380d2e3de08a90,4,4,53180197198115775968433,53180.197198115776
2025-08-01,100,-381547691,f5042e6ffac5a625d4e7848e0b01373d8eb9e222,45,45,46439533268586946646211,46439.533268586947
2025-09-01,1,-390222567,173e314c7635b45322cd8cb14f44b312e079f3af,251,251,540366904198135185457172744,540366904.19813519
2025-09-01,2,-191393662,c02ab1a5eaa8d1b114ef786d9bde108cd4364359,123,123,391643976321660496228329052,391643976.32166050
2025-09-01,3,1844716471,bbbbbbbbbb9cc5e90e3b3af64bdaf62c37eeffcb,1257,1257,315842169598390014826398578,315842169.59839001
2025-09-01,4,1899934735,111111125421ca6dc452d289314280a0f8842a65,217,217,209136836399703459342039147,209136836.39970346
2025-09-01,5,-8676112,a3931d71877c0e7a3148cb7eb4463524fec27fbd,241,241,197487445362908618060976232,197487445.36290862
2025-09-01,6,-24742409,0650caf159c5a49f711e8169d4336ecb9b950275,201,201,131587210931429948322403659,131587210.93142995
2025-09-01,7,881197687,9008d19f58aabd9ed0d60971565aa8510560ab41,1067,1066,107673932511563444302256423,107673932.51156344
2025-09-01,8,-42155844,32a6268f9ba3642dda7892add74f1d34469a4259,214,214,99564724555645009532830766,99564724.555645009533
2025-09-01,9,-323129525,6e4141d33021b52c91c28608403db4a0ffb50ec6,212,202,62158860080208867870492070,62158860.080208867870
2025-09-01,10,-269361482,def1fce2df6270fdf7e1214343bebbab8583d43d,185,185,58728907650113534758071316,58728907.650113534758
2025-09-01,11,-24832139,10ab606b067c9c461d8893c47c7512472e19e2ce,234,234,58369271257843424956551586,58369271.257843424957
2025-09-01,12,1699176572,51c72848c68a965f66fa7a88855f9f7784502a7f,38,38,51820780872469508601949931,51820780.872469508602
2025-09-01,13,-406892257,0ee69a11b4391c5af5eb2fb088c2df5dd2a0d075,94,92,39421119026266253022042834,39421119.026266253022
2025-09-01,14,1250544290,a9d1e08c7793af67e9d92fe308d5697fb81d3e43,115,93,20779227946137482820753000,20779227.946137482821
2025-09-01,15,-561793933,63242a4ea82847b20e506b63b0e2e2eff0cc6cb0,67,66,19787735216462145361491171,19787735.216462145361
2025-09-01,16,-364449416,d1074e0ae85610ddba0147e29ebe0d8e5873a000,6,6,16839726999998522835000000,16839726.999998522835
2025-09-01,17,-60440021,5d409e56d886231adaf00c8775665ad0f9897b56,106,106,15042147552879689422526712,15042147.552879689423
2025-09-01,18,-75482279,7d4958454a3f520bda8be764d06591b054b0bf33,36,36,13010500186357000000000000,13010500.186357000000
2025-09-01,19,-412949987,72774c04c1c29e5011f0f3751fc79473d9acfd7d,107,107,9705604891347210794730975,9705604.891347210795
2025-09-01,20,2054943978,6a000f20005980200259b80c5102003040001068,103,103,8013825539444599082530819,8013825.539444599083
2025-09-01,21,2033144620,5289e38ad6666475fee12521626f6ec2bfdb2ae5,14,14,7550000000000000000000000,7550000.000000000000
2025-09-01,22,-527793138,a632d59b9b804a956bfaa9b48af3a1b74808fc1f,5,5,7399505943044562630867095,7399505.943044562631
2025-09-01,23,2000202299,888888888889758f76e7103c6cbf23abbf58f946,132,132,7312509728761572932069857,7312509.728761572932
2025-09-01,24,-473317170,d07c4f45bc9b389d286cb094f97bb6ba45f4bb30,137,80,6602740965941262240067015,6602740.965941262240
2025-09-01,25,-473342333,f3d5719f7e3b49a4c3797d56bd3fed6d3b80f0f9,47,14,5239110153386599098727825,5239110.153386599099
2025-09-01,26,-422397714,7cd01d5cad4ba0caeba02583a5c61d35b23e08eb,42,42,4837203903994894128408697,4837203.903994894128
2025-09-01,27,1258545263,292693a45e8387d09c8bbea18a208be5dd7a8031,6,5,4062238658156146241031894,4062238.658156146241
2025-09-01,28,-31126691,d8507ef0a59f37d15b5d7b630fa6eea40ce4afdd,5,5,2600001000000000000000000,2600001.000000000000
2025-09-01,29,1759814372,40e93a52f6af9fcd3b476aedadd7feabd9f7aba8,1,1,2521905363920661357714025,2521905.363920661358
2025-09-01,30,-49640310,182863131f9a4630ff9e27830d945b1413e347e8,25,25,1858576281783296269855801,1858576.281783296270
2025-09-01,31,1663246624,cf5540fffcdc3d510b18bfca6d2b9987b0772559,13,13,1743242791847463479763170,1743242.791847463480
2025-09-01,32,-42170378,09aa30b182488f769a9824f15e6ce58591da4781,6,6,1596016385907930527286443,1596016.385907930527
2025-09-01,33,2135985831,171da5406cb7ac9ccc7f3459be13b35a86a0766f,1,1,1327413474768952423902932,1327413.474768952424
2025-09-01,34,-463622492,8aee53b873176d9f938d24a53a8ae5cf36276464,40,40,1321208740938671174558523,1321208.740938671175
2025-09-01,35,-370930303,2ad5004c60e16e54d5007c80ce329adde5b51ef5,8,8,1113645422591635434819185,1113645.422591635435
2025-09-01,36,-493992552,457904b54f47dd7a91253f225237a5b02ca059d6,33,33,939775998326052353631880,939775.998326052354
2025-09-01,37,-427776073,c34c9e681c38f28db396eac1f53e63d1cd548e03,3,3,725719762508281920000000,725719.762508281920
2025-09-01,38,-90284824,00000688768803bbd44095770895ad27ad6b0d95,8,8,711069973046344049146318,711069.973046344049
2025-09-01,39,-403967596,df31a70a21a1931e02033dbba7deace6c45cfd0f,106,73,693767230500282704053559,693767.230500282704
2025-09-01,40,-439858329,f4aa9f5521e91b82b110e3035b26256f5a2e25ce,6,6,632245634506392958099157,632245.634506392958
2025-09-01,41,1986750834,0fbf251c79b649caf381fde4ff0dd4df14ccfd22,2,2,500000000000000000000000,500000.000000000000
2025-09-01,42,-303667228,f0a12fefa78181a3749474db31d09524fa87b1f7,15,15,497247528258487364322017,497247.528258487364
2025-09-01,43,-326643083,bedfac7488dccaafdd66d1d7d56349780fe0477e,3,3,481860336670731423754945,481860.336670731424
2025-09-01,44,1093945588,6b9410449200579cf66e641df17d681f71537a7e,11,11,450000000000000000000000,450000.000000000000
2025-09-01,45,1364872031,1231deb6f5749ef6ce6943a275a1d3e7486f4eae,58,58,447957723491818686474257,447957.723491818686
2025-09-01,46,1608787768,ad3b67bca8935cb510c8d18bd45f0b94f54a968f,2,2,426625218530384825059047,426625.218530384825
2025-09-01,47,-352858388,7af90794f98ede057c4ffb6b8480c016393f4907,3,3,400688776164066959921660,400688.776164066960
2025-09-01,48,2145174805,70bf6634ee8cb27d04478f184b9b8bb13e5f4710,13,13,397764966801881498707299,397764.966801881499
2025-09-01,49,-213073365,4fc9a11ecb7f1d83d447b34fd38fc705e481306d,1,1,393710498453168662771697,393710.498453168663
2025-09-01,50,-239950818,2d5805a423d6ce771f06972ad4499f120902631a,5,5,382056919307011777447510,382056.919307011777
2025-09-01,51,-37413258,e9f1e2ef814f5686c30ce6fb7103d0f780836c67,8,8,361511654638973395800415,361511.654638973396
2025-09-01,52,-59352126,05654ff0cb3635fa5de00cc11607dbf203435c13,7,7,313908891716570019873166,313908.891716570020
2025-09-01,53,-186122954,66a9893cc07d91d95644aedd05d03f95e1dba8af,125,124,281814924590115855361573,281814.924590115855
2025-09-01,54,2018557174,a8c1c98aaf99a5dfc907d61b892b2ad624901185,13,13,259648661104012498661707,259648.661104012499
2025-09-01,55,-341454433,1017c97c03d6738c358576735de76028f2395625,7,7,255493093409112597209939,255493.093409112597
2025-09-01,56,-26519314,fe837a3530dd566401d35befcd55582af7c4dffc,20,9,250108213048717087961950,250108.213048717088
2025-09-01,57,-440927218,59fcce90971825054ee80d60b49f741a630ec458,3,3,218103570000000000000000,218103.570000000000
2025-09-01,58,1678603403,3c5142f28567e6a0f172fd0baaf1f2847f49d02f,7,3,213245810000000000000000,213245.810000000000
2025-09-01,59,592832080,d739c1382c761354b7064332b962f82dd27a84ec,1,1,200000000000000000000000,200000.000000000000
2025-09-01,60,1715474201,78f8bd884c3d738b74b420540659c82f392820e0,5,5,190231699367972542593787,190231.699367972543
2025-09-01,61,922346498,a10c7ce4b876998858b1a9e12b10092229539400,2,2,182748709347820922672122,182748.709347820923
2025-09-01,62,-509608308,e1e22d55e23900f30599d8bee74a0801f09b4e58,5,5,158603310983059637226228,158603.310983059637
2025-09-01,63,-323985955,e6c5dc8508939b1c417f83b7fed3149ef22cf3ff,4,4,150426733932357126628911,150426.733932357127
2025-09-01,64,-422940566,fe50f2f245c86d1e5af23e0f9da28dae2596747e,2,2,150000000000000000000000,150000.000000000000
2025-09-01,65,-196586415,a66a2770bc0e0c65b63b5a3bb4560e90f95d6146,17,17,142769916622500825130110,142769.916622500825
2025-09-01,66,1587958877,42ad911c75d25e21727e45eca2a9d999d5a7f94c,1,1,131000000000000000000000,131000.000000000000
2025-09-01,67,-443355796,0db1f71c988b6a308454ecffbf300a68ecbfea40,2,2,125694258111209272149447,125694.258111209272
2025-09-01,68,-353838783,d7d35f8c9e1b1d66cc35791c863c0887a77c95a7,2,2,123245891208714454539031,123245.891208714455
2025-09-01,69,-503206058,1d23543b3e2b2c056e41113069be965f29854233,1,1,121756311424421280682006,121756.311424421281
2025-09-01,70,-184734878,5f390e736231ff967b9fb6c57aceee4a7e2a6634,4,4,114807090000000000000000,114807.090000000000
2025-09-01,71,-374118427,f0e22ba1368f90e54dfd68b1442aa5aecdf6ce6a,2,2,111283850000000000000000,111283.850000000000
2025-09-01,72,466811769,3f23d0e301c458b095a02b12e3bc4c752a844ed9,3,3,109588950000000000000000,109588.950000000000
2025-09-01,73,1689975107,de6ccd70471cd41c8a33a6efc848e1e4ed0b2294,1,1,109214500000000000000000,109214.500000000000
2025-09-01,74,-250040884,d777151c92c05fea839b2c21b345a78e1f1163fe,1,1,100000000000000000000000,100000.000000000000
2025-09-01,75,-447615118,4391a5d92c8ef8a76e8b3a7fcf4661ad46071f4c,1,1,100000000000000000000000,100000.000000000000
2025-09-01,76,-298280876,3face0002c61054a67266aa0c8795e315e6d92f2,1,1,99900099900099900099900,99900.099900099900
2025-09-01,77,1578445358,19891541842162ad4311f14055e7221406213d67,6,1,98102330000000000000000,98102.330000000000
2025-09-01,78,-103393091,45312ea0eff7e09c83cbe249fa1d7598c4c8cd4e,19,19,96788111211366702559622,96788.111211366703
2025-09-01,79,-15964848,225a38bc71102999dd13478bfabd7c4d53f2dc17,9,9,93692200344652401079298,93692.200344652401
2025-09-01,80,-542721553,2f63ae2184d876f156b9ef21f488d4e6b442fad7,8,8,88955253068925936236584,88955.253068925936
2025-09-01,81,-360017196,92c84e86236311ca7efc5a929dd66dedba3edf2a,1,1,84433803535490297375782,84433.803535490297
2025-09-01,82,-381547691,f5042e6ffac5a625d4e7848e0b01373d8eb9e222,47,47,81783775602012302012024,81783.775602012302
2025-09-01,83,2113662080,738744237b7fd97af670d9ddf54390c24263cea8,4,4,81332648833832500000000,81332.648833832500
2025-09-01,84,-385286918,c88eec65dcdc01087eff738912a05ac362b9ef2e,17,17,79592527960253953463980,79592.527960253953
2025-09-01,85,-66649712,f130f741d4e3185b29412c65397363f8c23a0460,7,2,78466520000000000000000,78466.520000000000
2025-09-01,86,1708635711,948777676ed54390889c219489927939d51a805a,1,1,77825000000000000000000,77825.000000000000
2025-09-01,87,2145135098,0b7e27221428da387c7f3bc12d92e9abd9964161,1,1,76071370291262707018475,76071.370291262707
2025-09-01,88,-131723671,678e0c23f63ce9329e57e269b7362b925fdc5c17,2,2,75771990269874640857826,75771.990269874641
2025-09-01,89,860455183,fcbc7ea1e8f3fc9be4f0cd75e9078e5c35451497,1,1,75459000000000000000000,75459.000000000000
2025-09-01,90,-369538998,3ef1f3d2d685e95d510cd91d7116acb70d53522a,2,2,73375269205934971055742,73375.269205934971
2025-09-01,91,-359514564,7aeffa8a1cf1dacc97eeed1647987607fbd9a8ce,1,1,68393782786311393000000,68393.782786311393
2025-09-01,92,540135390,ef00178853100870990be5cd18a1dbf153426c0f,1,1,65269660000000000000000,65269.660000000000
2025-09-01,93,-403986125,8331f9acce69b02c281f40a00706f758665cce77,33,14,61976051775009641945889,61976.051775009642
2025-09-01,94,-362771253,4618fdc13d68f127ff486d1ab8257ce420229f04,4,4,59580485743165265626193,59580.485743165266
2025-09-01,95,1404991258,177849e1db841cdcaa670e8efd3f66717af1c14d,1,1,57044000000000000000000,57044.000000000000
2025-09-01,96,-361863690,0d05a7d3448512b78fa8a9e46c4872c88c4a0d05,8,8,56703450891495116709558,56703.450891495117
2025-09-01,97,986888935,03718d05124f9a836ec1b49b6d0931a9a0ee43b4,2,2,56203064195270000000000,56203.064195270000
2025-09-01,98,-519363496,f503ef0e166ff069f571522f689e543326fdbead,1,1,52000000000000000000000,52000.000000000000
2025-09-01,99,2036124711,2625bfb6ad9840c2c0abb48f150eb9158393c466,3,2,51000000000000000000000,51000.000000000000
2025-09-01,100,1542902776,358ee17c36b51e3c6870ac2aee6fa24c4c479a10,1,1,49998323999763000000000,49998.323999763000
2025-10-01,1,-8676112,a3931d71877c0e7a3148cb7eb4463524fec27fbd,359,359,596757842009883986072451452,596757842.00988399
2025-10-01,2,-390222567,173e314c7635b45322cd8cb14f44b312e079f3af,171,171,400796398360205360683345791,400796398.36020536
2025-10-01,3,-191393662,c02ab1a5eaa8d1b114ef786d9bde108cd4364359,85,85,391857658512012261705867170,391857658.51201226
2025-10-01,4,-24742409,0650caf159c5a49f711e8169d4336ecb9b950275,168,168,341835249599362910697544237,341835249.59936291
2025-10-01,5,-500886264,99cd4ec3f88a45940936f469e4bb72a2a701eeb9,221,221,197406372596619116412193468,197406372.59661912
2025-10-01,6,881197687,9008d19f58aabd9ed0d60971565aa8510560ab41,882,881,159340064354331104900995146,159340064.35433110
2025-10-01,7,794595785,f20b338752976878754518183873602902360704,5,5,88575803217973936757306510,88575803.217973936757
2025-10-01,8,-42155844,32a6268f9ba3642dda7892add74f1d34469a4259,147,147,84053098995510963854221429,84053098.995510963854
2025-10-01,9,1899934735,111111125421ca6dc452d289314280a0f8842a65,176,176,60531883897032375027722957,60531883.897032375028
2025-10-01,10,-24832139,10ab606b067c9c461d8893c47c7512472e19e2ce,269,269,52702483161160554734473466,52702483.161160554734
2025-10-01,11,-561793933,63242a4ea82847b20e506b63b0e2e2eff0cc6cb0,198,191,27528186627187942493999689,27528186.627187942494
2025-10-01,12,-269361482,def1fce2df6270fdf7e1214343bebbab8583d43d,68,68,20930604983175778308337808,20930604.983175778308
2025-10-01,13,1844716471,bbbbbbbbbb9cc5e90e3b3af64bdaf62c37eeffcb,634,629,18124194745598360474498210,18124194.745598360474
2025-10-01,14,1699176572,51c72848c68a965f66fa7a88855f9f7784502a7f,9,9,10581474382702371829938331,10581474.382702371830
2025-10-01,15,2054943978,6a000f20005980200259b80c5102003040001068,234,234,7735738866861824787682255,7735738.866861824788
2025-10-01,16,-323129525,6e4141d33021b52c91c28608403db4a0ffb50ec6,40,37,6049758316416788336380610,6049758.316416788336
2025-10-01,17,2000202299,888888888889758f76e7103c6cbf23abbf58f946,55,55,5936404901060757449473281,5936404.901060757449
2025-10-01,18,-577186117,207e1074858a7e78f17002075739ed2745dbaece,247,173,4557850104783677051841171,4557850.104783677052
2025-10-01,19,-422397714,7cd01d5cad4ba0caeba02583a5c61d35b23e08eb,33,33,4423897231804315321007458,4423897.231804315321
2025-10-01,20,-60440021,5d409e56d886231adaf00c8775665ad0f9897b56,75,75,2778291818726482609367499,2778291.818726482609
2025-10-01,21,1663246624,cf5540fffcdc3d510b18bfca6d2b9987b0772559,19,19,2498896524305954231913035,2498896.524305954232
2025-10-01,22,-412949987,72774c04c1c29e5011f0f3751fc79473d9acfd7d,29,29,2082529111886109007460020,2082529.111886109007
2025-10-01,23,-37413258,e9f1e2ef814f5686c30ce6fb7103d0f780836c67,24,24,1814492162415188789728315,1814492.162415188790
2025-10-01,24,2145174805,70bf6634ee8cb27d04478f184b9b8bb13e5f4710,31,31,1517979157281854242441303,1517979.157281854242
2025-10-01,25,1986750834,0fbf251c79b649caf381fde4ff0dd4df14ccfd22,7,7,1500000000000000000000000,1500000.000000000000
2025-10-01,26,-589686233,edc72b49542e4362c677b8369bc23882ed635a75,1,1,1500000000000000000000000,1500000.000000000000
2025-10-01,27,1364872031,1231deb6f5749ef6ce6943a275a1d3e7486f4eae,86,86,1449218288355345893623953,1449218.288355345894
2025-10-01,28,-493992552,457904b54f47dd7a91253f225237a5b02ca059d6,56,56,1442341811153399280658492,1442341.811153399281
2025-10-01,29,-75482279,7d4958454a3f520bda8be764d06591b054b0bf33,7,7,1421343983312000000000000,1421343.983312000000
2025-10-01,30,-341174562,2c0552e5dcb79b064fd23e358a86810bc5994244,11,11,1390468995065946835765369,1390468.995065946836
2025-10-01,31,-542721553,2f63ae2184d876f156b9ef21f488d4e6b442fad7,24,24,1125284790328915035168308,1125284.790328915035
2025-10-01,32,-463622492,8aee53b873176d9f938d24a53a8ae5cf36276464,39,39,1051047182693634335847988,1051047.182693634336
2025-10-01,33,-577222316,25233ddd68dac9ac40e1e8d80c58d36b524032b2,80,40,1029352525247886549016980,1029352.525247886549
2025-10-01,34,-103393091,45312ea0eff7e09c83cbe249fa1d7598c4c8cd4e,26,26,1005015789603160298023073,1005015.789603160298
2025-10-01,35,-90284824,00000688768803bbd44095770895ad27ad6b0d95,9,9,1001542685081927566849391,1001542.685081927567
2025-10-01,36,2089603616,db6e9e7390e9acc34619e56efa48ade01cff6f12,1,1,1000000000000000000000000,1000000.000000000000
2025-10-01,37,-323985955,e6c5dc8508939b1c417f83b7fed3149ef22cf3ff,26,26,732227965615490949657829,732227.965615490950
2025-10-01,38,-341454433,1017c97c03d6738c358576735de76028f2395625,2,2,702436920358079956182340,702436.920358079956
2025-10-01,39,-439858329,f4aa9f5521e91b82b110e3035b26256f5a2e25ce,6,6,684632545722892444257823,684632.545722892444
2025-10-01,40,-427776073,c34c9e681c38f28db396eac1f53e63d1cd548e03,2,2,607811941264472640000000,607811.941264472640
2025-10-01,41,-49640310,182863131f9a4630ff9e27830d945b1413e347e8,25,25,510525314193732985669642,510525.314193732986
2025-10-01,42,1392959070,4fabff46addbef0d25002a6681ba54c3b973d463,1,1,500500000000000000000000,500500.000000000000
2025-10-01,43,-15964848,225a38bc71102999dd13478bfabd7c4d53f2dc17,19,19,493417665211384499469421,493417.665211384499
2025-10-01,44,-600624217,8147fa711dc0dc681b5c54e7c2dadb37030ed0c4,1,1,480000000000000000000000,480000.000000000000
2025-10-01,45,-406892257,0ee69a11b4391c5af5eb2fb088c2df5dd2a0d075,18,17,472199625618119859672922,472199.625618119860
2025-10-01,46,-374118427,f0e22ba1368f90e54dfd68b1442aa5aecdf6ce6a,16,12,444384640000000000000000,444384.640000000000
2025-10-01,47,616036061,74de5d4fcbf63e00296fd95d33236b9794016631,39,39,427211949827131053447683,427211.949827131053
2025-10-01,48,2018557174,a8c1c98aaf99a5dfc907d61b892b2ad624901185,18,18,415473922285803641259439,415473.922285803641
2025-10-01,49,1927858068,e4d355cd3983a356515f1390766ffc48c8c1c30f,2,2,400000000000000000000000,400000.000000000000
2025-10-01,50,521905285,803f1ec2efe18fd2b1c84bfe4dfa571a8def928a,2,2,400000000000000000000000,400000.000000000000
2025-10-01,51,-370930303,2ad5004c60e16e54d5007c80ce329adde5b51ef5,4,4,385621347038012101420001,385621.347038012101
2025-10-01,52,-335518857,beef02961503351625926ea9a11ae13b29f5c555,10,10,348239941636011623897002,348239.941636011624
2025-10-01,53,-621603710,bfb6a3eabf605a35860ca7e78429e3022c54f236,20,20,329446145738873592850558,329446.145738873593
2025-10-01,54,-549918555,45ab8d6334578b75c458a24813cd4afc4eddef20,7,7,325000000000000000000000,325000.000000000000
2025-10-01,55,-381547691,f5042e6ffac5a625d4e7848e0b01373d8eb9e222,58,58,317075635017293975891118,317075.635017293976
2025-10-01,56,2189109,67e5ea669a12f1341031148388e7ce6f2322df36,5,5,300058167476073191836506,300058.167476073192
2025-10-01,57,2113662080,738744237b7fd97af670d9ddf54390c24263cea8,5,5,292716913897878200000000,292716.913897878200
2025-10-01,58,-42170378,09aa30b182488f769a9824f15e6ce58591da4781,5,5,277894300463190433466002,277894.300463190433
2025-10-01,59,-527793138,a632d59b9b804a956bfaa9b48af3a1b74808fc1f,1,1,268970494355638425954282,268970.494355638426
2025-10-01,60,-26664456,8c645ae763a2341a336629b1e6165c9ad28d90f2,3,3,265385342509832268944566,265385.342509832269
2025-10-01,61,-111399962,000000000004444c5dc75cb358380d2e3de08a90,13,13,265270047446103702240627,265270.047446103702
2025-10-01,62,-239950818,2d5805a423d6ce771f06972ad4499f120902631a,5,5,259989761069426389565996,259989.761069426390
2025-10-01,63,-184734878,5f390e736231ff967b9fb6c57aceee4a7e2a6634,11,7,249466750000000000000000,249466.750000000000
2025-10-01,64,1608787768,ad3b67bca8935cb510c8d18bd45f0b94f54a968f,10,10,211152620980266713923162,211152.620980266714
2025-10-01,65,-352858388,7af90794f98ede057c4ffb6b8480c016393f4907,2,2,205307723239174914042536,205307.723239174914
2025-10-01,66,1250544290,a9d1e08c7793af67e9d92fe308d5697fb81d3e43,38,38,196352061263140000000000,196352.061263140000
2025-10-01,67,986888935,03718d05124f9a836ec1b49b6d0931a9a0ee43b4,5,5,191938466995840000000000,191938.466995840000
2025-10-01,68,-500491072,8a5192145ca22078db5ad0a3f3e7f9ed78bc7b71,2,1,179393850000000000000000,179393.850000000000
2025-10-01,69,-562674250,fa22c2acfee6221829510d98d57ace29ec497009,2,1,175407670000000000000000,175407.670000000000
2025-10-01,70,-290549718,bbed4a3dbac797b0e27f33c645533621d8da39d2,7,2,169667300000000000000000,169667.300000000000
2025-10-01,71,-361863690,0d05a7d3448512b78fa8a9e46c4872c88c4a0d05,10,10,164941234614113668919329,164941.234614113669
2025-10-01,72,2036124711,2625bfb6ad9840c2c0abb48f150eb9158393c466,11,3,154842500000000000000000,154842.500000000000
2025-10-01,73,-440927218,59fcce90971825054ee80d60b49f741a630ec458,4,4,137391010000000000000000,137391.010000000000
2025-10-01,74,-508336483,76f013c150da5eb14618246ff982e0046915fd51,6,6,133223331494273316428694,133223.331494273316
2025-10-01,75,1587958877,42ad911c75d25e21727e45eca2a9d999d5a7f94c,2,1,132000000000000000000000,132000.000000000000
2025-10-01,76,-626489684,85db1d918e287f4b02e630ac39f0423569423568,1,1,123914313099185766600319,123914.313099185767
2025-10-01,77,-626521941,99e9f1243636291e256367c554a5df5bfc947a06,1,1,123914308055654885858620,123914.308055654886
2025-10-01,78,-626492838,80423ce023f12dcc2200a0a772340333f8008595,1,1,123914308055654885858620,123914.308055654886
2025-10-01,79,-186122954,66a9893cc07d91d95644aedd05d03f95e1dba8af,124,123,117081507769566481217619,117081.507769566481
2025-10-01,80,2106851551,c38e4e6a15593f908255214653d3d947ca1c2338,9,9,111333421155910101097146,111333.421155910101
2025-10-01,81,-303667228,f0a12fefa78181a3749474db31d09524fa87b1f7,12,12,104418919782834637046044,104418.919782834637
2025-10-01,82,-626492140,5cf0193d7a41a9ca421d85d26e4c7136c3dd8779,1,1,101619120652969789293164,101619.120652969789
2025-10-01,83,1578445358,19891541842162ad4311f14055e7221406213d67,6,1,99707520000000000000000,99707.520000000000
2025-10-01,84,-59352126,05654ff0cb3635fa5de00cc11607dbf203435c13,8,8,94353763567091322739313,94353.763567091323
2025-10-01,85,1756620115,957079ca6749b91ad4a43080fb55cfdacd4949af,2,2,80000000000000000000000,80000.000000000000
2025-10-01,86,-66649712,f130f741d4e3185b29412c65397363f8c23a0460,9,4,78336270000000000000000,78336.270000000000
2025-10-01,87,1708635711,948777676ed54390889c219489927939d51a805a,1,1,77825000000000000000000,77825.000000000000
2025-10-01,88,-362771253,4618fdc13d68f127ff486d1ab8257ce420229f04,6,6,66713020876127493439058,66713.020876127493
2025-10-01,89,-196586415,a66a2770bc0e0c65b63b5a3bb4560e90f95d6146,8,8,65908834277776215239574,65908.834277776215
2025-10-01,90,-504044005,b250c9e0f7be4cff13f94374c993ac445a1385fe,8,8,65095277325488767888611,65095.277325488768
2025-10-01,91,-295155165,4fe93ebc4ce6ae4f81601cc7ce7139023919e003,1,1,64619184246146716745542,64619.184246146717
2025-10-01,92,1715474201,78f8bd884c3d738b74b420540659c82f392820e0,2,2,60492968624286819936191,60492.968624286820
2025-10-01,93,-443355796,0db1f71c988b6a308454ecffbf300a68ecbfea40,1,1,59077874242291387018300,59077.874242291387
2025-10-01,94,-489977622,8d8f598c1739e518b871815dd1f20ea3c169c360,14,11,54439967280072662492433,54439.967280072662
2025-10-01,95,-616681499,f1ee47ea61007089d750417d193d00928526bf5b,1,1,51273063921553335020420,51273.063921553335
2025-10-01,96,1512984616,684ca620a83a3dc69eac6c0f81646965ec381828,1,1,49996000000000000000000,49996.000000000000
2025-10-01,97,-360028896,b78f019bc78ce0452d916c60b9785e8616b8d78e,1,1,47492672608420895920197,47492.672608420896
2025-10-01,98,-360608100,b28f97f1852b8a597686b5b6460531481e958158,1,1,47410158915830762058121,47410.158915830762
2025-10-01,99,-442081942,d41503f4947fd0eb69f86faa2195e077fa422998,2,2,42980338771644188630870,42980.338771644189
2025-10-01,100,-360017196,92c84e86236311ca7efc5a929dd66dedba3edf2a,1,1,41914488811761856146546,41914.488811761856
2025-11-01,1,-191393662,c02ab1a5eaa8d1b114ef786d9bde108cd4364359,83,83,508223272695822605989009210,508223272.69582261
2025-11-01,2,-390222567,173e314c7635b45322cd8cb14f44b312e079f3af,169,169,372857035962036175203619665,372857035.96203618
2025-11-01,3,-8676112,a3931d71877c0e7a3148cb7eb4463524fec27fbd,366,366,251811263244920711635811743,251811263.24492071
2025-11-01,4,794595785,f20b338752976878754518183873602902360704,7,7,128811900000000000000000000,128811900.00000000
2025-11-01,5,881197687,9008d19f58aabd9ed0d60971565aa8510560ab41,644,643,123685834968668945379242326,123685834.96866895
2025-11-01,6,-500886264,99cd4ec3f88a45940936f469e4bb72a2a701eeb9,171,171,121422395036793331283231554,121422395.03679333
2025-11-01,7,-42155844,32a6268f9ba3642dda7892add74f1d34469a4259,199,199,109866298507596641785500269,109866298.50759664
2025-11-01,8,-24742409,0650caf159c5a49f711e8169d4336ecb9b950275,171,171,95967661401351808814761584,95967661.401351808815
2025-11-01,9,-527793138,a632d59b9b804a956bfaa9b48af3a1b74808fc1f,662,662,85582431183531567465287644,85582431.183531567465
2025-11-01,10,-24832139,10ab606b067c9c461d8893c47c7512472e19e2ce,407,407,57188829505307676320310948,57188829.505307676320
2025-11-01,11,1899934735,111111125421ca6dc452d289314280a0f8842a65,117,117,47219375365716856894585388,47219375.365716856895
2025-11-01,12,-577186117,207e1074858a7e78f17002075739ed2745dbaece,207,141,29758607583045587333055303,29758607.583045587333
2025-11-01,13,-103393091,45312ea0eff7e09c83cbe249fa1d7598c4c8cd4e,127,127,19359024659421528548537810,19359024.659421528549
2025-11-01,14,1663246624,cf5540fffcdc3d510b18bfca6d2b9987b0772559,17,17,13238771409564186149827709,13238771.409564186150
2025-11-01,15,1699176572,51c72848c68a965f66fa7a88855f9f7784502a7f,13,13,12133189000000000168558592,12133189.000000000169
2025-11-01,16,2000202299,888888888889758f76e7103c6cbf23abbf58f946,37,37,10415937508605944928108626,10415937.508605944928
2025-11-01,17,-422397714,7cd01d5cad4ba0caeba02583a5c61d35b23e08eb,32,32,10239943315805847891412707,10239943.315805847891
2025-11-01,18,-269361482,def1fce2df6270fdf7e1214343bebbab8583d43d,58,58,9743045646682505343989181,9743045.646682505344
2025-11-01,19,-60440021,5d409e56d886231adaf00c8775665ad0f9897b56,93,93,9415856706262833342846874,9415856.706262833343
2025-11-01,20,1844716471,bbbbbbbbbb9cc5e90e3b3af64bdaf62c37eeffcb,462,457,7648826287510821483198082,7648826.287510821483
2025-11-01,21,201420416,4aa42145aa6ebf72e164c9bbc74fbd3788045016,71,71,6320741753139468555762768,6320741.753139468556
2025-11-01,22,-341174562,2c0552e5dcb79b064fd23e358a86810bc5994244,5,5,5219327993113302857973787,5219327.993113302858
2025-11-01,23,2054943978,6a000f20005980200259b80c5102003040001068,68,68,4319284302314994953812666,4319284.302314994954
2025-11-01,24,-561793933,63242a4ea82847b20e506b63b0e2e2eff0cc6cb0,97,87,4260710448698366228753960,4260710.448698366229
2025-11-01,25,-75482279,7d4958454a3f520bda8be764d06591b054b0bf33,9,9,4116388515155000000000000,4116388.515155000000
2025-11-01,26,-370930303,2ad5004c60e16e54d5007c80ce329adde5b51ef5,6,6,2244662348061792314179799,2244662.348061792314
2025-11-01,27,-15964848,225a38bc71102999dd13478bfabd7c4d53f2dc17,33,33,1971698860288450663879286,1971698.860288450664
2025-11-01,28,2145174805,70bf6634ee8cb27d04478f184b9b8bb13e5f4710,31,31,1952359545916508812053449,1952359.545916508812
2025-11-01,29,2006350706,458791536db176cd477495060f2d5a2c844fba98,1,1,1622564892112519047989943,1622564.892112519048
2025-11-01,30,-614081849,2e87d6bfa3f2a932e0c70a32607c0b839404984d,11,11,1219003155343022611245991,1219003.155343022611
2025-11-01,31,1986750834,0fbf251c79b649caf381fde4ff0dd4df14ccfd22,1,1,1200000000000000000000000,1200000.000000000000
2025-11-01,32,-504044005,b250c9e0f7be4cff13f94374c993ac445a1385fe,17,17,1117843404910848223951462,1117843.404910848224
2025-11-01,33,-587596337,eb53b47e6da987cb53fcac60e0ded57006a81342,1,1,1000000000000000000000000,1000000.000000000000
2025-11-01,34,-621603710,bfb6a3eabf605a35860ca7e78429e3022c54f236,57,57,959991982268862094510010,959991.982268862095
2025-11-01,35,-622495498,ba88735387837deab564841ba62815bb58e8677e,1,1,803611351988410494099042,803611.351988410494
2025-11-01,36,-542721553,2f63ae2184d876f156b9ef21f488d4e6b442fad7,3,3,778446211384325351749084,778446.211384325352
2025-11-01,37,-323985955,e6c5dc8508939b1c417f83b7fed3149ef22cf3ff,35,35,753699472016363947615731,753699.472016363948
2025-11-01,38,1364872031,1231deb6f5749ef6ce6943a275a1d3e7486f4eae,40,40,732930462034489633046410,732930.462034489633
2025-11-01,39,-361863690,0d05a7d3448512b78fa8a9e46c4872c88c4a0d05,4,4,700621695561183679906655,700621.695561183680
2025-11-01,40,-341454433,1017c97c03d6738c358576735de76028f2395625,2,2,650071118393795384207484,650071.118393795384
2025-11-01,41,1608787768,ad3b67bca8935cb510c8d18bd45f0b94f54a968f,8,8,609967724887204305926418,609967.724887204306
2025-11-01,42,-395614937,9899b4620f27f27de35bf6c12a068da674352cb2,1,1,604045845080087837529819,604045.845080087838
2025-11-01,43,-640134269,1e1d42781fc170ef9da004fb735f56f0276d01b8,12,12,530602669279000000000000,530602.669279000000
2025-11-01,44,-412949987,72774c04c1c29e5011f0f3751fc79473d9acfd7d,3,3,523949358776120161003362,523949.358776120161
2025-11-01,45,-374118427,f0e22ba1368f90e54dfd68b1442aa5aecdf6ce6a,6,2,486287570000000000000000,486287.570000000000
2025-11-01,46,-335518857,beef02961503351625926ea9a11ae13b29f5c555,9,9,457707781326872228186786,457707.781326872228
2025-11-01,47,-245398760,fbd4cdb413e45a52e2c8312f670e9ce67e794c37,1,1,450000000000000000000000,450000.000000000000
2025-11-01,48,-643530929,5fafdb5aa52a3308faf1eb29b1c5408f9820e963,1,1,444771576967592592675000,444771.576967592593
2025-11-01,49,-460222655,e41a0583334f0dc4e023acd0bfef3667f6fe0597,2,2,433972905354776511825449,433972.905354776512
2025-11-01,50,-186122954,66a9893cc07d91d95644aedd05d03f95e1dba8af,148,146,410013377484960336612551,410013.377484960337
2025-11-01,51,-427776073,c34c9e681c38f28db396eac1f53e63d1cd548e03,1,1,390653093644794240000000,390653.093644794240
2025-11-01,52,-589686233,edc72b49542e4362c677b8369bc23882ed635a75,1,1,389621259496264039695860,389621.259496264040
2025-11-01,53,2018557174,a8c1c98aaf99a5dfc907d61b892b2ad624901185,33,33,364903398577087831392777,364903.398577087831
2025-11-01,54,-440927218,59fcce90971825054ee80d60b49f741a630ec458,3,3,335879160000000000000000,335879.160000000000
2025-11-01,55,-687638484,2c7c98a3b1582d83c43987202aeff638312478ae,9,9,279113641257345352667721,279113.641257345353
2025-11-01,56,1381791786,1111111254eeb25477b68fb85ed929f73a960582,10,10,243857301537262173279855,243857.301537262173
2025-11-01,57,-49640310,182863131f9a4630ff9e27830d945b1413e347e8,11,11,234428021603120379754145,234428.021603120380
2025-11-01,58,-303667228,f0a12fefa78181a3749474db31d09524fa87b1f7,12,12,233932503323121121440281,233932.503323121121
2025-11-01,59,-42170378,09aa30b182488f769a9824f15e6ce58591da4781,8,8,229880016242738548356507,229880.016242738548
2025-11-01,60,-119404170,ad4dba9832246d3f2a299cc52ddfa81961ca323a,5,5,229055000000000000000000,229055.000000000000
2025-11-01,61,-562674250,fa22c2acfee6221829510d98d57ace29ec497009,3,2,219561000000000000000000,219561.000000000000
2025-11-01,62,2106851551,c38e4e6a15593f908255214653d3d947ca1c2338,5,5,214805483076917751226636,214805.483076917751
2025-11-01,63,-658221791,5bdba8e3c08669888b792499d4e5abbca27e71a5,10,9,199998643588000000000000,199998.643588000000
2025-11-01,64,-616681499,f1ee47ea61007089d750417d193d00928526bf5b,1,1,194191955558800920429114,194191.955558800920
2025-11-01,65,616036061,74de5d4fcbf63e00296fd95d33236b9794016631,37,37,183969208795038258796555,183969.208795038259
2025-11-01,66,-500491072,8a5192145ca22078db5ad0a3f3e7f9ed78bc7b71,2,1,179893850000000000000000,179893.850000000000
2025-11-01,67,-591566463,d2b37ade14708bf18904047b1e31f8166d39612b,23,23,167472965396019854613204,167472.965396019855
2025-11-01,68,-111399962,000000000004444c5dc75cb358380d2e3de08a90,56,56,162027832848643821028943,162027.832848643821
2025-11-01,69,1708635711,948777676ed54390889c219489927939d51a805a,2,2,157825000000000000000000,157825.000000000000
2025-11-01,70,-664945285,f9dda4dec31cf957c821ee22d68113a92ed29689,4,4,148062555423971577345075,148062.555423971577
2025-11-01,71,-59352126,05654ff0cb3635fa5de00cc11607dbf203435c13,13,13,144433882125343192321553,144433.882125343192
2025-11-01,72,-49752895,25cfbbe2847a81513a274401090d8884bad3a637,1,1,133292748212370416999798,133292.748212370417
2025-11-01,73,1113847572,663dc15d3c1ac63ff12e45ab68fea3f0a883c251,50,25,127308779657471201538631,127308.779657471202
2025-11-01,74,1329970747,f50be075ec9eb719ff2a40f4d061b91e51306bce,4,4,126686009840313840000000,126686.009840313840
2025-11-01,75,-126173691,09a88356565d689149d901cf2ddf162243e0f3b4,2,2,120000000000000000000000,120000.000000000000
2025-11-01,76,1749966612,3f37c7d8e61c000085aac0515775b06a3412f36b,4,4,110041691861311572424239,110041.691861311572
2025-11-01,77,1578445358,19891541842162ad4311f14055e7221406213d67,8,2,106797110000000000000000,106797.110000000000
2025-11-01,78,-353838783,d7d35f8c9e1b1d66cc35791c863c0887a77c95a7,1,1,105681070707105672329334,105681.070707105672
2025-11-01,79,-565470037,c70696ac46bcb2f4a2e34b7843e3a888615260ce,1,1,103991274444917531861580,103991.274444917532
2025-11-01,80,-653379608,ace02c917c89c158813f38dd749cc6cd880436dc,3,3,102428251282000000000000,102428.251282000000
2025-11-01,81,-239950818,2d5805a423d6ce771f06972ad4499f120902631a,1,1,99913566749942459482200,99913.566749942459
2025-11-01,82,2145137689,210781a2761c2ed27890eedf0492aa3eb07f3b9d,1,1,96380712053168497381186,96380.712053168497
2025-11-01,83,-622472420,79970dbe7bd03958fa442bdd041a51a68946ce2c,2,2,95169811379804959054520,95169.811379804959
2025-11-01,84,-519517429,224e1498b401baea479100637cb87373ccc7df5a,1,1,93277044320426080488681,93277.044320426080
2025-11-01,85,2033144620,5289e38ad6666475fee12521626f6ec2bfdb2ae5,2,2,90000000000000000000000,90000.000000000000
2025-11-01,86,-577222316,25233ddd68dac9ac40e1e8d80c58d36b524032b2,37,25,86639741614407762985062,86639.741614407763
2025-11-01,87,-352858388,7af90794f98ede057c4ffb6b8480c016393f4907,1,1,86294696720332502703896,86294.696720332503
2025-11-01,88,1694581755,6d73be36a571355736d7dd50d3fd69a503f23ac9,1,1,84847975799000000000000,84847.975799000000
2025-11-01,89,-320491723,508defdb5dd2adeefe36f58fdcd75d6efa36697b,22,22,82700066239869080397678,82700.066239869080
2025-11-01,90,-439858329,f4aa9f5521e91b82b110e3035b26256f5a2e25ce,1,1,79908216863531617961808,79908.216863531618
2025-11-01,91,-582379835,f547a4b0e5deba9b89278da0ad0e1d5a36b77dc4,1,1,78930000000000000000000,78930.000000000000
2025-11-01,92,1587958877,42ad911c75d25e21727e45eca2a9d999d5a7f94c,2,2,77000000000000000000000,77000.000000000000
2025-11-01,93,-563778429,7ec4b04a6bf37914d0de861d7e8bea7d244256cf,2,2,75648188204068625815942,75648.188204068626
2025-11-01,94,-66649712,f130f741d4e3185b29412c65397363f8c23a0460,5,5,71002380000000000000000,71002.380000000000
2025-11-01,95,1250544290,a9d1e08c7793af67e9d92fe308d5697fb81d3e43,55,55,70479993578170000000000,70479.993578170000
2025-11-01,96,466811769,3f23d0e301c458b095a02b12e3bc4c752a844ed9,2,2,69666670000000000000000,69666.670000000000
2025-11-01,97,1756620115,957079ca6749b91ad4a43080fb55cfdacd4949af,1,1,69585000000000000000000,69585.000000000000
2025-11-01,98,-290549718,bbed4a3dbac797b0e27f33c645533621d8da39d2,3,1,67220760000000000000000,67220.760000000000
2025-11-01,99,-623101328,786977528b0265c5c5bc9544ac56c863c03e34d1,13,13,64171382144120285500003,64171.382144120286
2025-11-01,100,-381547691,f5042e6ffac5a625d4e7848e0b01373d8eb9e222,23,23,55501533031554082394726,55501.533031554082
2025-12-01,1,-390222567,173e314c7635b45322cd8cb14f44b312e079f3af,98,98,223463723460877828430186384,223463723.46087783
2025-12-01,2,-191393662,c02ab1a5eaa8d1b114ef786d9bde108cd4364359,58,58,125496443038168363552886184,125496443.03816836
2025-12-01,3,-8676112,a3931d71877c0e7a3148cb7eb4463524fec27fbd,341,341,88245580385709423999018395,88245580.385709423999
2025-12-01,4,-24742409,0650caf159c5a49f711e8169d4336ecb9b950275,135,135,86728070062224960309968462,86728070.062224960310
2025-12-01,5,-42155844,32a6268f9ba3642dda7892add74f1d34469a4259,133,133,44524067860620637017992644,44524067.860620637018
2025-12-01,6,-500886264,99cd4ec3f88a45940936f469e4bb72a2a701eeb9,104,104,38614883470917030160480788,38614883.470917030160
2025-12-01,7,-687638484,2c7c98a3b1582d83c43987202aeff638312478ae,64,64,32485235572584808117388001,32485235.572584808117
2025-12-01,8,-24832139,10ab606b067c9c461d8893c47c7512472e19e2ce,142,142,25166466300532479997048443,25166466.300532479997
2025-12-01,9,1899934735,111111125421ca6dc452d289314280a0f8842a65,84,84,20429592951056462854542464,20429592.951056462855
2025-12-01,10,881197687,9008d19f58aabd9ed0d60971565aa8510560ab41,467,463,19578372650593036965363163,19578372.650593036965
2025-12-01,11,-335518857,beef02961503351625926ea9a11ae13b29f5c555,15,15,14610852984985694681750431,14610852.984985694682
2025-12-01,12,794595785,f20b338752976878754518183873602902360704,2,2,11000000000000000000000000,11000000.000000000000
2025-12-01,13,1663246624,cf5540fffcdc3d510b18bfca6d2b9987b0772559,21,21,6757343162038637671844780,6757343.162038637672
2025-12-01,14,-640134269,1e1d42781fc170ef9da004fb735f56f0276d01b8,20,20,5021023055765000000000000,5021023.055765000000
2025-12-01,15,-527793138,a632d59b9b804a956bfaa9b48af3a1b74808fc1f,9,9,4911074289427153076789202,4911074.289427153077
2025-12-01,16,-303667228,f0a12fefa78181a3749474db31d09524fa87b1f7,15,15,4217179796988586634670389,4217179.796988586635
2025-12-01,17,-643971701,3d48c39ceaebec8470cd8a6718071c94a16336f6,2,2,4000010000000000000000000,4000010.000000000000
2025-12-01,18,-285741466,92e4629a4510af5819d7d1601464c233599ff5ec,1,1,4000000000000000000000000,4000000.000000000000
2025-12-01,19,1364872031,1231deb6f5749ef6ce6943a275a1d3e7486f4eae,60,60,3754110637320740274831497,3754110.637320740275
2025-12-01,20,-103393091,45312ea0eff7e09c83cbe249fa1d7598c4c8cd4e,60,60,3386222246349836228910538,3386222.246349836229
2025-12-01,21,1608787768,ad3b67bca8935cb510c8d18bd45f0b94f54a968f,9,9,3104319910978293445531313,3104319.910978293446
2025-12-01,22,-60440021,5d409e56d886231adaf00c8775665ad0f9897b56,35,35,2881979853206618828948003,2881979.853206618829
2025-12-01,23,-422397714,7cd01d5cad4ba0caeba02583a5c61d35b23e08eb,31,31,2714588754611618011200432,2714588.754611618011
2025-12-01,24,-341174562,2c0552e5dcb79b064fd23e358a86810bc5994244,13,13,2621812891143558361852566,2621812.891143558362
2025-12-01,25,201420416,4aa42145aa6ebf72e164c9bbc74fbd3788045016,48,48,2587067140410296063422577,2587067.140410296063
2025-12-01,26,2145174805,70bf6634ee8cb27d04478f184b9b8bb13e5f4710,38,38,2478706303395700267609927,2478706.303395700268
2025-12-01,27,-361863690,0d05a7d3448512b78fa8a9e46c4872c88c4a0d05,18,18,2418077106667144421598336,2418077.106667144422
2025-12-01,28,-239950818,2d5805a423d6ce771f06972ad4499f120902631a,9,9,2042177991901255151245371,2042177.991901255151
2025-12-01,29,1844716471,bbbbbbbbbb9cc5e90e3b3af64bdaf62c37eeffcb,211,211,1780645312668147092432478,1780645.312668147092
2025-12-01,30,-561793933,63242a4ea82847b20e506b63b0e2e2eff0cc6cb0,49,43,1450538457470492980021611,1450538.457470492980
2025-12-01,31,-90284824,00000688768803bbd44095770895ad27ad6b0d95,12,12,1319043108342566920814195,1319043.108342566921
2025-12-01,32,1699176572,51c72848c68a965f66fa7a88855f9f7784502a7f,2,2,1247866000000000039321600,1247866.000000000039
2025-12-01,33,-269361482,def1fce2df6270fdf7e1214343bebbab8583d43d,25,25,1197504107810259021769752,1197504.107810259022
2025-12-01,34,-697001136,5a1b2acd0c9992e14f2b6d8a326023e35a097a3a,57,45,1063501275581062043364731,1063501.275581062043
2025-12-01,35,-621603710,bfb6a3eabf605a35860ca7e78429e3022c54f236,24,24,955681231694272928031796,955681.231694272928
2025-12-01,36,-31126691,d8507ef0a59f37d15b5d7b630fa6eea40ce4afdd,2,2,900001000000000000000000,900001.000000000000
2025-12-01,37,-460222655,e41a0583334f0dc4e023acd0bfef3667f6fe0597,12,12,765774816858575072296595,765774.816858575072
2025-12-01,38,2034702912,b300000b72deaeb607a12d5f54773d1c19c7028d,5,5,754963898838702553546022,754963.898838702554
2025-12-01,39,2018557174,a8c1c98aaf99a5dfc907d61b892b2ad624901185,23,23,739660355814230232525077,739660.355814230233
2025-12-01,40,2054943978,6a000f20005980200259b80c5102003040001068,30,30,687855618485666702072057,687855.618485666702
2025-12-01,41,1836498420,5cc9400ffb4da168cf271e912f589462c3a00d1f,12,12,552494707086467895325689,552494.707086467895
2025-12-01,42,1381791786,1111111254eeb25477b68fb85ed929f73a960582,26,26,502186446858433090455766,502186.446858433090
2025-12-01,43,-721181014,712a3250e31ea7d1c3f7194fe79630601d90a351,1,1,499687789351851852000000,499687.789351851852
2025-12-01,44,-245398760,fbd4cdb413e45a52e2c8312f670e9ce67e794c37,1,1,490000000000000000000000,490000.000000000000
2025-12-01,45,-577186117,207e1074858a7e78f17002075739ed2745dbaece,18,14,472081732625116099863717,472081.732625116100
2025-12-01,46,-111399962,000000000004444c5dc75cb358380d2e3de08a90,49,47,468829568516580589239176,468829.568516580589
2025-12-01,47,-406892257,0ee69a11b4391c5af5eb2fb088c2df5dd2a0d075,19,19,378863672963261666338339,378863.672963261666
2025-12-01,48,-374118427,f0e22ba1368f90e54dfd68b1442aa5aecdf6ce6a,8,6,332160260000000000000000,332160.260000000000
2025-12-01,49,-37413258,e9f1e2ef814f5686c30ce6fb7103d0f780836c67,11,11,305890929151988550865298,305890.929151988551
2025-12-01,50,-518964496,aaeee0923c7e1c1abed07c8580eb61dff7e4fafc,8,8,300000000000000000000000,300000.000000000000
2025-12-01,51,-562674250,fa22c2acfee6221829510d98d57ace29ec497009,3,2,296061000000000000000000,296061.000000000000
2025-12-01,52,2189109,67e5ea669a12f1341031148388e7ce6f2322df36,16,16,249977016642479463815122,249977.016642479464
2025-12-01,53,-323985955,e6c5dc8508939b1c417f83b7fed3149ef22cf3ff,5,5,237667145082944257937414,237667.145082944258
2025-12-01,54,-59352126,05654ff0cb3635fa5de00cc11607dbf203435c13,7,7,229901981002943027557739,229901.981002943028
2025-12-01,55,65333413,3e01a6cb612d0ad718a2b136887cce461f9a5a87,2,2,227115750000000000000000,227115.750000000000
2025-12-01,56,-511232785,59d496c404fdc8e762a55e39391d7c1faa897709,5,5,210887561814809764666987,210887.561814809765
2025-12-01,57,-331601069,3611b82c7b13e72b26eb0e9be0613bee7a45ac7c,19,18,208007266969031659258771,208007.266969031659
2025-12-01,58,2000202299,888888888889758f76e7103c6cbf23abbf58f946,8,8,207714006665416389864799,207714.006665416390
2025-12-01,59,1813126170,72f4babea659934c18894f09d3a644cf9a754a29,1,1,160000000000000000000000,160000.000000000000
2025-12-01,60,-687226907,87250ad2eef18944e69b244c3be58af441472222,58,58,159076507962125012712495,159076.507962125013
2025-12-01,61,-440927218,59fcce90971825054ee80d60b49f741a630ec458,6,6,153000000000000000000000,153000.000000000000
2025-12-01,62,-582379835,f547a4b0e5deba9b89278da0ad0e1d5a36b77dc4,2,2,151059000000000000000000,151059.000000000000
2025-12-01,63,-687635885,36c2abab95f9aacd4b05d65b89890e29d6382611,75,75,141405501771755619672820,141405.501771755620
2025-12-01,64,1803463655,23acc0a5ee43b2e6211673a7fdd6b19a2299539f,1,1,138196991343307455362901,138196.991343307455
2025-12-01,65,1587958877,42ad911c75d25e21727e45eca2a9d999d5a7f94c,2,1,127000000000000000000000,127000.000000000000
2025-12-01,66,616036061,74de5d4fcbf63e00296fd95d33236b9794016631,22,22,123313234803110103049990,123313.234803110103
2025-12-01,67,1249632861,3034137e8c64d0c3dbcdef860a09d76bb4282c21,4,2,104979740000000000000000,104979.740000000000
2025-12-01,68,-503206058,1d23543b3e2b2c056e41113069be965f29854233,1,1,104397194435129324881630,104397.194435129325
2025-12-01,69,-614081849,2e87d6bfa3f2a932e0c70a32607c0b839404984d,1,1,100000000000000000000000,100000.000000000000
2025-12-01,70,1578445358,19891541842162ad4311f14055e7221406213d67,7,1,96255940000000000000000,96255.940000000000
2025-12-01,71,-463622492,8aee53b873176d9f938d24a53a8ae5cf36276464,16,16,95675970242915857810338,95675.970242915858
2025-12-01,72,-232637266,4a6c312ec70e8747a587ee860a0353cd42be0ae0,3,3,92000072246044232095287,92000.072246044232
2025-12-01,73,-654441787,ef9238f9c397cb18d485104bd77a736e769689f9,30,30,91871222346149182409142,91871.222346149182
2025-12-01,74,1708635711,948777676ed54390889c219489927939d51a805a,1,1,77825000000000000000000,77825.000000000000
2025-12-01,75,-698111088,399740157391a9f1bf4e9921a8834f9bc8f2678e,17,17,70318586665342956578085,70318.586665342957
2025-12-01,76,-15964848,225a38bc71102999dd13478bfabd7c4d53f2dc17,5,5,58981960565130688518642,58981.960565130689
2025-12-01,77,-186122954,66a9893cc07d91d95644aedd05d03f95e1dba8af,104,100,58809642958041275570383,58809.642958041276
2025-12-01,78,-290549718,bbed4a3dbac797b0e27f33c645533621d8da39d2,3,1,54813780000000011000000,54813.780000000011
2025-12-01,79,-49640310,182863131f9a4630ff9e27830d945b1413e347e8,3,3,53611332769999654330445,53611.332769999654
2025-12-01,80,-460753574,b1359e766f3a50ca95e586b33feeada6a94a6d44,7,4,52916940000000000000000,52916.940000000000
2025-12-01,81,-542721553,2f63ae2184d876f156b9ef21f488d4e6b442fad7,1,1,50853995940085155383259,50853.995940085155
2025-12-01,82,-500491072,8a5192145ca22078db5ad0a3f3e7f9ed78bc7b71,2,2,50800500000000000000000,50800.500000000000
2025-12-01,83,690338951,0c93c20234682ef35719eaa5215ab5aa7879f208,1,1,49999140432008500000000,49999.140432008500
2025-12-01,84,1004603459,a4108aa1ec4967f8b52220a4f7e94a8201f2d906,2,1,49778000000000000000000,49778.000000000000
2025-12-01,85,-66649712,f130f741d4e3185b29412c65397363f8c23a0460,4,4,49466979999999992000000,49466.979999999992
2025-12-01,86,730608728,fb922befb44d89c5d424f59759d5af2ba2863de7,2,2,46897609999999997000000,46897.609999999997
2025-12-01,87,1428237051,4cb5ee1ad8bf1b9d75422f9ad086da2f84bd91b4,1,1,44557134029183578230441,44557.134029183578
2025-12-01,88,-629584032,d94761c624bf7c2ebc3907c86ef0130c0c260b22,2,1,43200000000000000000000,43200.000000000000
2025-12-01,89,-79620546,0000000000bbf5c5fd284e657f01bd000933c96d,6,6,42798168404799714188768,42798.168404799714
2025-12-01,90,-600624217,8147fa711dc0dc681b5c54e7c2dadb37030ed0c4,1,1,40000000000000000000000,40000.000000000000
2025-12-01,91,-617043465,3b0d81e4dd0c731b3c39b4742e392a7cda4896f7,2,2,35677972041024367942543,35677.972041024368
2025-12-01,92,-372789137,c0dfdb9e7a392c3dbbe7c6fbe8fbc1789c9fe05e,8,5,33282271937627678098305,33282.271937627678
2025-12-01,93,986888935,03718d05124f9a836ec1b49b6d0931a9a0ee43b4,1,1,31959435502110000000000,31959.435502110000
2025-12-01,94,-692833127,f3ff40de50d5f95cf3273dd1d29535478b17a8af,6,6,31251510000000000000000,31251.510000000000
2025-12-01,95,-588921601,a30724d68024ead07419cc5a0e7d0703442f2ad1,1,1,30016267295254032125762,30016.267295254032
2025-12-01,96,-577222316,25233ddd68dac9ac40e1e8d80c58d36b524032b2,11,6,27461216059981629763752,27461.216059981630
2025-12-01,97,466811769,3f23d0e301c458b095a02b12e3bc4c752a844ed9,5,5,25100000000000000000000,25100.000000000000
2025-12-01,98,-426749421,3d90f66b534dd8482b181e24655a9e8265316be9,10,6,23829710842621324811651,23829.710842621325
2025-12-01,99,-493992552,457904b54f47dd7a91253f225237a5b02ca059d6,3,3,22199494509846562598338,22199.494509846563
2025-12-01,100,-445859136,0f7ae28de1c8532170ad4ee566b5801485c13a0e,7,7,21684147649995526674933,21684.147649995527
2026-01-01,1,-191393662,c02ab1a5eaa8d1b114ef786d9bde108cd4364359,145,145,464734540923667219793625087,464734540.92366722
2026-01-01,2,-8676112,a3931d71877c0e7a3148cb7eb4463524fec27fbd,507,507,246339245169055302204450551,246339245.16905530
2026-01-01,3,-500886264,99cd4ec3f88a45940936f469e4bb72a2a701eeb9,228,228,103165503871453093349845269,103165503.87145309
2026-01-01,4,-24742409,0650caf159c5a49f711e8169d4336ecb9b950275,136,136,96915215454671286838136778,96915215.454671286838
2026-01-01,5,881197687,9008d19f58aabd9ed0d60971565aa8510560ab41,430,430,77182323704731833430767190,77182323.704731833431
2026-01-01,6,-42155844,32a6268f9ba3642dda7892add74f1d34469a4259,170,170,62839795693707989073282141,62839795.693707989073
2026-01-01,7,1844716471,bbbbbbbbbb9cc5e90e3b3af64bdaf62c37eeffcb,617,555,56753912904225891271979586,56753912.904225891272
2026-01-01,8,-390222567,173e314c7635b45322cd8cb14f44b312e079f3af,109,109,56298817583083295446995034,56298817.583083295447
2026-01-01,9,-808536498,f42bca228d9bd3e2f8ee65fec3d21de1063882d4,89,89,36883350801362128642533019,36883350.801362128643
2026-01-01,10,-687638484,2c7c98a3b1582d83c43987202aeff638312478ae,77,77,33929027389980875765337620,33929027.389980875765
2026-01-01,11,-527793138,a632d59b9b804a956bfaa9b48af3a1b74808fc1f,15,15,20528267881325746763025708,20528267.881325746763
2026-01-01,12,1899934735,111111125421ca6dc452d289314280a0f8842a65,163,163,16724343744893147699444066,16724343.744893147699
2026-01-01,13,-24832139,10ab606b067c9c461d8893c47c7512472e19e2ce,503,503,16145346566106878447556786,16145346.566106878448
2026-01-01,14,-471173113,ca5183fb9997046fbd9ba8113139bf5a5af122a0,2,2,16000100000000000000000000,16000100.000000000000
2026-01-01,15,-640134269,1e1d42781fc170ef9da004fb735f56f0276d01b8,74,74,14404955366840000000000000,14404955.366840000000
2026-01-01,16,-103393091,45312ea0eff7e09c83cbe249fa1d7598c4c8cd4e,62,62,7844272594425541514350688,7844272.594425541514
2026-01-01,17,-422397714,7cd01d5cad4ba0caeba02583a5c61d35b23e08eb,23,23,6899893751631839094665870,6899893.751631839095
2026-01-01,18,-341174562,2c0552e5dcb79b064fd23e358a86810bc5994244,14,14,4627381445084120199586640,4627381.445084120200
2026-01-01,19,1663246624,cf5540fffcdc3d510b18bfca6d2b9987b0772559,28,28,3465142382067930775856617,3465142.382067930776
2026-01-01,20,-698111088,399740157391a9f1bf4e9921a8834f9bc8f2678e,100,99,3371987276637383811025291,3371987.276637383811
2026-01-01,21,-60440021,5d409e56d886231adaf00c8775665ad0f9897b56,48,48,2590270581848412729764130,2590270.581848412730
2026-01-01,22,-746616753,9d423b2343218d88ee58ba53271868c59d4312cb,29,20,2542865464477966303206657,2542865.464477966303
2026-01-01,23,1699176572,51c72848c68a965f66fa7a88855f9f7784502a7f,5,5,2469685131928262092531273,2469685.131928262093
2026-01-01,24,201420416,4aa42145aa6ebf72e164c9bbc74fbd3788045016,42,42,2322338955465595625125456,2322338.955465595625
2026-01-01,25,360986854,c8afb3e389c2693e588bb716d37cf1b53179506f,4,4,2153021224167105380233310,2153021.224167105380
2026-01-01,26,2145174805,70bf6634ee8cb27d04478f184b9b8bb13e5f4710,46,46,1942358513876269228282393,1942358.513876269228
2026-01-01,27,2054943978,6a000f20005980200259b80c5102003040001068,81,81,1935038449165984312041683,1935038.449165984312
2026-01-01,28,-561793933,63242a4ea82847b20e506b63b0e2e2eff0cc6cb0,104,90,1608688717135106050528461,1608688.717135106051
2026-01-01,29,-245398760,fbd4cdb413e45a52e2c8312f670e9ce67e794c37,2,2,985000000000000000000000,985000.000000000000
2026-01-01,30,-746686855,c92814c1974355122a8a43781a090552634ee567,100,77,932322447388549711962419,932322.447388549712
2026-01-01,31,-374118427,f0e22ba1368f90e54dfd68b1442aa5aecdf6ce6a,18,6,783999090000000000000000,783999.090000000000
2026-01-01,32,1364872031,1231deb6f5749ef6ce6943a275a1d3e7486f4eae,50,50,620608044152809825424539,620608.044152809825
2026-01-01,33,-49640310,182863131f9a4630ff9e27830d945b1413e347e8,11,11,574694360226243504454043,574694.360226243504
2026-01-01,34,-15964848,225a38bc71102999dd13478bfabd7c4d53f2dc17,38,38,489170797334644602040082,489170.797334644602
2026-01-01,35,-269361482,def1fce2df6270fdf7e1214343bebbab8583d43d,29,29,419662849782771454755637,419662.849782771455
2026-01-01,36,-697001136,5a1b2acd0c9992e14f2b6d8a326023e35a097a3a,45,33,406319476734407067039616,406319.476734407067
2026-01-01,37,2106851551,c38e4e6a15593f908255214653d3d947ca1c2338,1,1,401880311580443800000000,401880.311580443800
2026-01-01,38,1608787768,ad3b67bca8935cb510c8d18bd45f0b94f54a968f,10,10,379562554673295399991407,379562.554673295400
2026-01-01,39,2018557174,a8c1c98aaf99a5dfc907d61b892b2ad624901185,16,16,369658776413992027081337,369658.776413992027
2026-01-01,40,-281779514,22740deba78d5a0c24c58c740e3715ec29de1bfa,3,3,350000000000000000000000,350000.000000000000
2026-01-01,41,1836498420,5cc9400ffb4da168cf271e912f589462c3a00d1f,36,36,344895352526385804084095,344895.352526385804
2026-01-01,42,-331601069,3611b82c7b13e72b26eb0e9be0613bee7a45ac7c,19,16,334748354582928246485070,334748.354582928246
2026-01-01,43,1093945588,6b9410449200579cf66e641df17d681f71537a7e,11,11,300000244236490157589409,300000.244236490158
2026-01-01,44,-794977462,1f560aee3d0c615f51466dcd9a312cfa858271a5,40,35,293898337257447729146624,293898.337257447729
2026-01-01,45,-111399962,000000000004444c5dc75cb358380d2e3de08a90,241,183,255071849769403904403503,255071.849769403904
2026-01-01,46,-498490542,ca73e9f36ea571bfe7e1619a542b0d5e1c475e62,1,1,250000000000000000000000,250000.000000000000
2026-01-01,47,-90284824,00000688768803bbd44095770895ad27ad6b0d95,8,8,246652121777303045366837,246652.121777303045
2026-01-01,48,1381791786,1111111254eeb25477b68fb85ed929f73a960582,3,3,208141542477713547903819,208141.542477713548
2026-01-01,49,-621954578,210cfcf53d1f9648c1c4dcaee677f0cb06914364,3,2,207562000000000000000000,207562.000000000000
2026-01-01,50,-440927218,59fcce90971825054ee80d60b49f741a630ec458,1,1,205156000000000000000000,205156.000000000000
2026-01-01,51,-805324873,7e355aa168217d2a098b88e2507ce9f94a69f7c6,2,2,197045000000000000000000,197045.000000000000
2026-01-01,52,-186122954,66a9893cc07d91d95644aedd05d03f95e1dba8af,17,16,169260425895465692709709,169260.425895465693
2026-01-01,53,1587958877,42ad911c75d25e21727e45eca2a9d999d5a7f94c,4,3,153000000000000000000000,153000.000000000000
2026-01-01,54,924614901,43d0c5ac03767ecbde8a489773e3b45e8b98403a,1,1,152396278931400396016839,152396.278931400396
2026-01-01,55,-239950818,2d5805a423d6ce771f06972ad4499f120902631a,6,6,139237773636391893629712,139237.773636391894
2026-01-01,56,-326643083,bedfac7488dccaafdd66d1d7d56349780fe0477e,1,1,138351823490000000000000,138351.823490000000
2026-01-01,57,-486201994,578a3008cba50d63f8ddeefa68f02553f724c608,1,1,130000000000000000000000,130000.000000000000
2026-01-01,58,-42170378,09aa30b182488f769a9824f15e6ce58591da4781,3,3,121661286595259700868394,121661.286595259701
2026-01-01,59,-335518857,beef02961503351625926ea9a11ae13b29f5c555,7,7,120004100508791220562053,120004.100508791221
2026-01-01,60,-37413258,e9f1e2ef814f5686c30ce6fb7103d0f780836c67,11,11,118389981337039460680781,118389.981337039461
2026-01-01,61,1578445358,19891541842162ad4311f14055e7221406213d67,9,3,109758330000000000000000,109758.330000000000
2026-01-01,62,893398926,def171fe48cf0115b1d80b88dc8eab59176fee57,1,1,107602084900138685975608,107602.084900138686
2026-01-01,63,-66649712,f130f741d4e3185b29412c65397363f8c23a0460,7,7,105126390000000000000000,105126.390000000000
2026-01-01,64,1250544290,a9d1e08c7793af67e9d92fe308d5697fb81d3e43,40,40,104886382059250000000000,104886.382059250000
2026-01-01,65,2000202299,888888888889758f76e7103c6cbf23abbf58f946,4,4,104827775061392870974856,104827.775061392871
2026-01-01,66,-600624217,8147fa711dc0dc681b5c54e7c2dadb37030ed0c4,1,1,100000000000000000000000,100000.000000000000
2026-01-01,67,-381547691,f5042e6ffac5a625d4e7848e0b01373d8eb9e222,50,50,98381326949336508688612,98381.326949336509
2026-01-01,68,-504044005,b250c9e0f7be4cff13f94374c993ac445a1385fe,23,23,92056926222207707240862,92056.926222207707
2026-01-01,69,-687635885,36c2abab95f9aacd4b05d65b89890e29d6382611,93,93,91686491341577387924056,91686.491341577388
2026-01-01,70,-621603710,bfb6a3eabf605a35860ca7e78429e3022c54f236,10,10,85657127144917594846370,85657.127144917595
2026-01-01,71,-460222655,e41a0583334f0dc4e023acd0bfef3667f6fe0597,2,2,80290852239443676477829,80290.852239443676
2026-01-01,72,1708635711,948777676ed54390889c219489927939d51a805a,1,1,77825000000000000000000,77825.000000000000
2026-01-01,73,-79620546,0000000000bbf5c5fd284e657f01bd000933c96d,2,2,77103989736678879952538,77103.989736678880
2026-01-01,74,1756620115,957079ca6749b91ad4a43080fb55cfdacd4949af,1,1,69585000000000000000000,69585.000000000000
2026-01-01,75,-290549718,bbed4a3dbac797b0e27f33c645533621d8da39d2,3,1,68634190000000000000000,68634.190000000000
2026-01-01,76,-186604061,6666a5e101e0660114f9705e1a7fc04e4a6f3773,1,1,54352582402790365917464,54352.582402790366
2026-01-01,77,-232637266,4a6c312ec70e8747a587ee860a0353cd42be0ae0,19,19,49273595081507091229869,49273.595081507091
2026-01-01,78,-614081849,2e87d6bfa3f2a932e0c70a32607c0b839404984d,1,1,48055000000000000000000,48055.000000000000
2026-01-01,79,-361863690,0d05a7d3448512b78fa8a9e46c4872c88c4a0d05,5,5,45122945873856446178296,45122.945873856446
2026-01-01,80,-629584032,d94761c624bf7c2ebc3907c86ef0130c0c260b22,2,1,43200000000000000000000,43200.000000000000
2026-01-01,81,916065334,83626a05588bba91daede52346e5282d123e0280,6,6,42001000000000000000000,42001.000000000000
2026-01-01,82,-59352126,05654ff0cb3635fa5de00cc11607dbf203435c13,8,8,38561136744561433613896,38561.136744561434
2026-01-01,83,-26664456,8c645ae763a2341a336629b1e6165c9ad28d90f2,4,4,37955045694803816331326,37955.045694803816
2026-01-01,84,-460753574,b1359e766f3a50ca95e586b33feeada6a94a6d44,4,1,37458510000000000000000,37458.510000000000
2026-01-01,85,466811769,3f23d0e301c458b095a02b12e3bc4c752a844ed9,3,3,34032000000000000000000,34032.000000000000
2026-01-01,86,-471329862,483413cccd796deddee88e4d3e202425d5e891c6,1,1,32994550000000000000000,32994.550000000000
2026-01-01,87,-320491723,508defdb5dd2adeefe36f58fdcd75d6efa36697b,12,12,32444805858689497037435,32444.805858689497
2026-01-01,88,-576514694,29e347d278da187d1201817c96a063d64c21faa5,1,1,29991649925246633610816,29991.649925246634
2026-01-01,89,2122436706,410b72ccfeacbb20a31785edaa358d25a07e143d,5,4,27411713195075552237715,27411.713195075552
2026-01-01,90,1113847572,663dc15d3c1ac63ff12e45ab68fea3f0a883c251,6,4,25498351751897713475747,25498.351751897713
2026-01-01,91,1508839826,3ef3d8ba38ebe18db133cec108f4d14ce00dd9ae,94,94,24006647403041514338950,24006.647403041514
2026-01-01,92,-369240818,8170832e879064441f5beeab731c1ccd5facdca9,1,1,23977832891077634155863,23977.832891077634
2026-01-01,93,1178603969,a45ed6971f6e009740736acf0fcdc603983ba61a,4,4,22397157929000000000000,22397.157929000000
2026-01-01,94,730608728,fb922befb44d89c5d424f59759d5af2ba2863de7,1,1,22295520000000000000000,22295.520000000000
2026-01-01,95,-652074134,b92fe925dc43a0ecde6c8b1a2709c170ec4fff4f,114,114,22070884585960941650863,22070.884585960942
2026-01-01,96,-693573062,5e1f62dac767b0491e3ce72469c217365d5b48cc,30,25,20098342884155237687241,20098.342884155238
2026-01-01,97,-383437765,189a95163929ad5dce320f2b2b9cbf4010b12795,1,1,20000000000000000000000,20000.000000000000
2026-01-01,98,-372911434,dfaf0753e6021e29aa191ce23c305a01697c2985,1,1,18356000000000000000000,18356.000000000000
2026-01-01,99,-822890361,321d24f07028d7d6f1baf08df5f486344ea07e3d,1,1,14884817860000000000000,14884.817860000000
2026-01-01,100,-57592773,0b4b459e5d08485550e2d99b5ef0d4b10f8d2a6c,3,3,14553322350000000000000,14553.322350000000
2026-02-01,1,-500886264,99cd4ec3f88a45940936f469e4bb72a2a701eeb9,369,368,231429779210995814049891950,231429779.21099581
2026-02-01,2,-8676112,a3931d71877c0e7a3148cb7eb4463524fec27fbd,465,465,180342924065674055148006936,180342924.06567406
2026-02-01,3,-191393662,c02ab1a5eaa8d1b114ef786d9bde108cd4364359,58,58,177092162664170736447808502,177092162.66417074
2026-02-01,4,881197687,9008d19f58aabd9ed0d60971565aa8510560ab41,554,554,65683939295428333751591875,65683939.295428333752
2026-02-01,5,-808536498,f42bca228d9bd3e2f8ee65fec3d21de1063882d4,212,212,60607081412540837542910248,60607081.412540837543
2026-02-01,6,-390222567,173e314c7635b45322cd8cb14f44b312e079f3af,73,73,44529798406987329385004360,44529798.406987329385
2026-02-01,7,-527793138,a632d59b9b804a956bfaa9b48af3a1b74808fc1f,37,37,39840294742356097865306529,39840294.742356097865
2026-02-01,8,-42155844,32a6268f9ba3642dda7892add74f1d34469a4259,149,149,35083586948003906060217733,35083586.948003906060
2026-02-01,9,-422397714,7cd01d5cad4ba0caeba02583a5c61d35b23e08eb,51,51,33249289953605702749802639,33249289.953605702750
2026-02-01,10,-103393091,45312ea0eff7e09c83cbe249fa1d7598c4c8cd4e,65,65,31884856229263765658495488,31884856.229263765658
2026-02-01,11,1844716471,bbbbbbbbbb9cc5e90e3b3af64bdaf62c37eeffcb,467,390,29779171915004274500255997,29779171.915004274500
2026-02-01,12,-24742409,0650caf159c5a49f711e8169d4336ecb9b950275,100,100,24130193309765856443802332,24130193.309765856444
2026-02-01,13,-640134269,1e1d42781fc170ef9da004fb735f56f0276d01b8,83,83,18533483314646000000000000,18533483.314646000000
2026-02-01,14,-831656232,f48a3f7c0575c85cf4529aa220caf3c055773f1c,230,178,15391086934862888438773709,15391086.934862888439
2026-02-01,15,-561793933,63242a4ea82847b20e506b63b0e2e2eff0cc6cb0,114,106,14832672266480181127754064,14832672.266480181128
2026-02-01,16,2145174805,70bf6634ee8cb27d04478f184b9b8bb13e5f4710,68,68,11656062954123537640436031,11656062.954123537640
2026-02-01,17,-24832139,10ab606b067c9c461d8893c47c7512472e19e2ce,366,366,10674903261882953004733875,10674903.261882953005
2026-02-01,18,1699176572,51c72848c68a965f66fa7a88855f9f7784502a7f,40,40,8465079474494614052621931,8465079.474494614053
2026-02-01,19,-687638484,2c7c98a3b1582d83c43987202aeff638312478ae,77,77,8374119979208577097792710,8374119.979208577098
2026-02-01,20,1899934735,111111125421ca6dc452d289314280a0f8842a65,77,77,6900820927142039544223161,6900820.927142039544
2026-02-01,21,201420416,4aa42145aa6ebf72e164c9bbc74fbd3788045016,53,53,4143365700145351150242097,4143365.700145351150
2026-02-01,22,-587596337,eb53b47e6da987cb53fcac60e0ded57006a81342,4,4,4000000000000000000000000,4000000.000000000000
2026-02-01,23,2054943978,6a000f20005980200259b80c5102003040001068,80,80,3936146718207195534251773,3936146.718207195534
2026-02-01,24,-49640310,182863131f9a4630ff9e27830d945b1413e347e8,11,11,3059134939898655956566861,3059134.939898655957
2026-02-01,25,1663246624,cf5540fffcdc3d510b18bfca6d2b9987b0772559,16,16,2013529386162695959140596,2013529.386162695959
2026-02-01,26,-60440021,5d409e56d886231adaf00c8775665ad0f9897b56,36,36,1871668603612174617881732,1871668.603612174618
2026-02-01,27,1364872031,1231deb6f5749ef6ce6943a275a1d3e7486f4eae,76,76,1330454785278746224497427,1330454.785278746224
2026-02-01,28,-79620546,0000000000bbf5c5fd284e657f01bd000933c96d,5,5,1223105164593135941670099,1223105.164593135942
2026-02-01,29,1991872789,5f4cfc9da95909d976b502de496bc3bacdfcb0a0,1,1,1000007518328247698088606,1000007.518328247698
2026-02-01,30,-361863690,0d05a7d3448512b78fa8a9e46c4872c88c4a0d05,8,8,992767750744727204540672,992767.750744727205
2026-02-01,31,-652074134,b92fe925dc43a0ecde6c8b1a2709c170ec4fff4f,34,34,706362349953293604986125,706362.349953293605
2026-02-01,32,1381791786,1111111254eeb25477b68fb85ed929f73a960582,8,8,696727273754139662314136,696727.273754139662
2026-02-01,33,-332004685,0868076663bbc6638cedd27704cc8f0fa53d5b81,5,5,580169966878779916511056,580169.966878779917
2026-02-01,34,-374118427,f0e22ba1368f90e54dfd68b1442aa5aecdf6ce6a,9,7,547583390000000000000000,547583.390000000000
2026-02-01,35,-245398760,fbd4cdb413e45a52e2c8312f670e9ce67e794c37,1,1,499000000000000000000000,499000.000000000000
2026-02-01,36,1250544290,a9d1e08c7793af67e9d92fe308d5697fb81d3e43,96,94,490580734178008339680422,490580.734178008340
2026-02-01,37,-904309504,20f1e9b44fc066191ec08d98517390674b25ffb9,16,16,474949792064900698351181,474949.792064900698
2026-02-01,38,2189109,67e5ea669a12f1341031148388e7ce6f2322df36,6,6,430150533899647337904141,430150.533899647338
2026-02-01,39,-281779514,22740deba78d5a0c24c58c740e3715ec29de1bfa,2,2,425000000000000000000000,425000.000000000000
2026-02-01,40,-111399962,000000000004444c5dc75cb358380d2e3de08a90,198,142,392392356089668450910491,392392.356089668451
2026-02-01,41,-250040884,d777151c92c05fea839b2c21b345a78e1f1163fe,1,1,390079574423550000000000,390079.574423550000
2026-02-01,42,-693573062,5e1f62dac767b0491e3ce72469c217365d5b48cc,11,8,351335144297592406577974,351335.144297592407
2026-02-01,43,1836498420,5cc9400ffb4da168cf271e912f589462c3a00d1f,42,42,342971963919857620602110,342971.963919857621
2026-02-01,44,1119083889,38521449e242a4c1dbc6d49ef536f8edf332723c,2,2,294618667257181118806907,294618.667257181119
2026-02-01,45,-698111088,399740157391a9f1bf4e9921a8834f9bc8f2678e,13,13,272527593616553355412765,272527.593616553355
2026-02-01,46,-621954578,210cfcf53d1f9648c1c4dcaee677f0cb06914364,3,2,271465000000000000000000,271465.000000000000
2026-02-01,47,-794977462,1f560aee3d0c615f51466dcd9a312cfa858271a5,10,9,267780957387025407056555,267780.957387025407
2026-02-01,48,1587958877,42ad911c75d25e21727e45eca2a9d999d5a7f94c,5,2,236000000000000000000000,236000.000000000000
2026-02-01,49,-15964848,225a38bc71102999dd13478bfabd7c4d53f2dc17,31,31,210555103491460263706624,210555.103491460264
2026-02-01,50,-186122954,66a9893cc07d91d95644aedd05d03f95e1dba8af,16,13,205013531328592708729641,205013.531328592709
2026-02-01,51,-831721741,f9ae60c0cb90cb6869bcd8bde2f18528b26b5d6d,34,29,173792689174711898782418,173792.689174711899
2026-02-01,52,-614081849,2e87d6bfa3f2a932e0c70a32607c0b839404984d,6,6,170000000000000000000000,170000.000000000000
2026-02-01,53,-51356772,7f311a4d48377030bd810395f4ccfc03bdbe9ef3,3,3,163723720103466426842424,163723.720103466427
2026-02-01,54,-504044005,b250c9e0f7be4cff13f94374c993ac445a1385fe,17,17,158839107405419525934419,158839.107405419526
2026-02-01,55,-582379835,f547a4b0e5deba9b89278da0ad0e1d5a36b77dc4,1,1,146075000000000000000000,146075.000000000000
2026-02-01,56,1756620115,957079ca6749b91ad4a43080fb55cfdacd4949af,2,2,139170000000000000000000,139170.000000000000
2026-02-01,57,-335518857,beef02961503351625926ea9a11ae13b29f5c555,11,11,135411872972077588746729,135411.872972077589
2026-02-01,58,-341174562,2c0552e5dcb79b064fd23e358a86810bc5994244,5,5,134214679585828598599548,134214.679585828599
2026-02-01,59,-269361482,def1fce2df6270fdf7e1214343bebbab8583d43d,11,11,127138552511517941329926,127138.552511517941
2026-02-01,60,-542721553,2f63ae2184d876f156b9ef21f488d4e6b442fad7,2,2,118717076465801695795263,118717.076465801696
2026-02-01,61,1708635711,948777676ed54390889c219489927939d51a805a,9,2,114087500000000000000000,114087.500000000000
2026-02-01,62,1578445358,19891541842162ad4311f14055e7221406213d67,7,1,103461010000000000000000,103461.010000000000
2026-02-01,63,-645379909,cf90eae9839448652e4ffe0f418a38c38a114d6e,1,1,100000000000000000000000,100000.000000000000
2026-02-01,64,-59352126,05654ff0cb3635fa5de00cc11607dbf203435c13,2,2,99024507665931997794890,99024.507665931998
2026-02-01,65,-208247907,78606f762974be71ac3b62a5d9d9782cacdfd6ae,1,1,97748608655177399371321,97748.608655177399
2026-02-01,66,-440927218,59fcce90971825054ee80d60b49f741a630ec458,1,1,84752000000000000000000,84752.000000000000
2026-02-01,67,1608787768,ad3b67bca8935cb510c8d18bd45f0b94f54a968f,16,16,83319874283781990467933,83319.874283781990
2026-02-01,68,-460753574,b1359e766f3a50ca95e586b33feeada6a94a6d44,7,3,81983000000000000000000,81983.000000000000
2026-02-01,69,1532206995,9c25a6b1bf3f6fd2f68a62169c043045c2460482,2,2,80000000000000000000000,80000.000000000000
2026-02-01,70,-331601069,3611b82c7b13e72b26eb0e9be0613bee7a45ac7c,27,25,79070236740638535839536,79070.236740638536
2026-02-01,71,-705394395,437f64649600e302f4335be1130f665394015437,16,16,76079982030034632212201,76079.982030034632
2026-02-01,72,-405315923,d1de10d13a13e9dade8f37aceadf4e72a0986658,1,1,75000000000000000000000,75000.000000000000
2026-02-01,73,-184734878,5f390e736231ff967b9fb6c57aceee4a7e2a6634,2,2,73161940000000000000000,73161.940000000000
2026-02-01,74,-171477687,bca3039a18c0d2f2f84ba8a028c67290bc045afa,2,2,60000000000000000000000,60000.000000000000
2026-02-01,75,-692833127,f3ff40de50d5f95cf3273dd1d29535478b17a8af,3,3,56736508679039717140095,56736.508679039717
2026-02-01,76,1636575522,69460570c93f9de5e2edbc3052bf10125f0ca22d,21,21,52485068318326620380281,52485.068318326620
2026-02-01,77,1586960633,0b8a49d816cc709b6eadb09498030ae3416b66dc,4,4,51924517604869906498431,51924.517604869906
2026-02-01,78,1249632861,3034137e8c64d0c3dbcdef860a09d76bb4282c21,2,1,50759660000000000000000,50759.660000000000
2026-02-01,79,-51546115,5cac5c3cc4166e28bb8f5e1853903483e12f2fd3,1,1,50657492693914629858320,50657.492693914630
2026-02-01,80,1574571812,d1a045c863db62874288e96accb31c15e529f64a,2,2,49950000000000000000000,49950.000000000000
2026-02-01,81,1694921292,eed59eca6e5db97d0c291512aff353245ea7659f,1,1,41875750347000000000000,41875.750347000000
2026-02-01,82,-629584032,d94761c624bf7c2ebc3907c86ef0130c0c260b22,2,1,41668000000000000000000,41668.000000000000
2026-02-01,83,-26664456,8c645ae763a2341a336629b1e6165c9ad28d90f2,2,2,40073401246653570280751,40073.401246653570
2026-02-01,84,616036061,74de5d4fcbf63e00296fd95d33236b9794016631,14,14,39791240808398966435075,39791.240808398966
2026-02-01,85,-422940566,fe50f2f245c86d1e5af23e0f9da28dae2596747e,1,1,38936720000000000000000,38936.720000000000
2026-02-01,86,-90284824,00000688768803bbd44095770895ad27ad6b0d95,8,8,37929623744168990141361,37929.623744168990
2026-02-01,87,-24757697,2621cc0b3f3c079c1db0e80794aa24976f0b9e3c,34,34,35898386984408143530738,35898.386984408144
2026-02-01,88,-721483457,fdd055d3ccee0d955031cf1fd76c8db9317ccc58,2,2,31746630000000000000000,31746.630000000000
2026-02-01,89,1508839826,3ef3d8ba38ebe18db133cec108f4d14ce00dd9ae,298,298,31156365462134241756516,31156.365462134242
2026-02-01,90,-901179184,f7b01dd1367b1181015b6ae7762a116d40358e4c,2,2,29125000000000000000000,29125.000000000000
2026-02-01,91,-323985955,e6c5dc8508939b1c417f83b7fed3149ef22cf3ff,1,1,29083700318157532123650,29083.700318157532
2026-02-01,92,1113847572,663dc15d3c1ac63ff12e45ab68fea3f0a883c251,9,5,28642180595990368216798,28642.180595990368
2026-02-01,93,2106851551,c38e4e6a15593f908255214653d3d947ca1c2338,8,8,27925935061897473475022,27925.935061897473
2026-02-01,94,-445859136,0f7ae28de1c8532170ad4ee566b5801485c13a0e,4,4,26680748740409639344120,26680.748740409639
2026-02-01,95,-376170175,428034718459ac04b887314b01d09597c6354c48,1,1,25428104213204442241776,25428.104213204442
2026-02-01,96,1846205846,4d7577898e89fe640b6cd5d74ad7ffababf57dc6,1,1,25127340000000000000000,25127.340000000000
2026-02-01,97,2000202299,888888888889758f76e7103c6cbf23abbf58f946,11,9,24103071155552238797174,24103.071155552239
2026-02-01,98,2018557174,a8c1c98aaf99a5dfc907d61b892b2ad624901185,7,7,22170032245207128946549,22170.032245207129
2026-02-01,99,-644107778,dfbc82d27aa60e9f55bdfe043a881c18520b71f1,1,1,20000000000000000000000,20000.000000000000
2026-02-01,100,-733405429,3d955df9659e281f2331900ab47b0ccbbe5b0d03,1,1,19403103534675206550798,19403.103534675207
2026-03-01,1,-8676112,a3931d71877c0e7a3148cb7eb4463524fec27fbd,612,612,794059783833322697113989309,794059783.83332270
2026-03-01,2,-500886264,99cd4ec3f88a45940936f469e4bb72a2a701eeb9,349,348,163782190039235293913743616,163782190.03923529
2026-03-01,3,881197687,9008d19f58aabd9ed0d60971565aa8510560ab41,737,735,83830800835272498626883914,83830800.835272498627
2026-03-01,4,-191393662,c02ab1a5eaa8d1b114ef786d9bde108cd4364359,55,55,78362662210115293897304970,78362662.210115293897
2026-03-01,5,-390222567,173e314c7635b45322cd8cb14f44b312e079f3af,141,141,65535047703855956964127026,65535047.703855956964
2026-03-01,6,-877542747,e15fcc81118895b67b6647bbd393182df44e11e0,148,148,60458788194214364143092223,60458788.194214364143
2026-03-01,7,-42155844,32a6268f9ba3642dda7892add74f1d34469a4259,137,137,55702503182043803451431402,55702503.182043803451
2026-03-01,8,1844716471,bbbbbbbbbb9cc5e90e3b3af64bdaf62c37eeffcb,261,244,32613490698627733822447943,32613490.698627733822
2026-03-01,9,-561793933,63242a4ea82847b20e506b63b0e2e2eff0cc6cb0,298,268,21628462403012586183895655,21628462.403012586184
2026-03-01,10,-831656232,f48a3f7c0575c85cf4529aa220caf3c055773f1c,271,211,18973238976709339594230810,18973238.976709339594
2026-03-01,11,-640134269,1e1d42781fc170ef9da004fb735f56f0276d01b8,94,94,18598645081202000000000000,18598645.081202000000
2026-03-01,12,-808536498,f42bca228d9bd3e2f8ee65fec3d21de1063882d4,86,86,13320385660197984435440622,13320385.660197984435
2026-03-01,13,2145174805,70bf6634ee8cb27d04478f184b9b8bb13e5f4710,67,67,12652811113313547436731197,12652811.113313547437
2026-03-01,14,-103393091,45312ea0eff7e09c83cbe249fa1d7598c4c8cd4e,54,54,10067515393666569635524232,10067515.393666569636
2026-03-01,15,-422397714,7cd01d5cad4ba0caeba02583a5c61d35b23e08eb,31,31,8376437026416909240899029,8376437.026416909241
2026-03-01,16,-938377529,5756a790e992ffc55b4d4c8fbf629fe60bb660e2,10,10,7770000454153834748741645,7770000.454153834749
2026-03-01,17,1663246624,cf5540fffcdc3d510b18bfca6d2b9987b0772559,15,15,6926297279146231702476012,6926297.279146231702
2026-03-01,18,-185946244,4691c475be804fa85f91c2d6d0adf03114de3093,8,8,5178901093303247059212852,5178901.093303247059
2026-03-01,19,-24742409,0650caf159c5a49f711e8169d4336ecb9b950275,35,35,4075234615031453073628154,4075234.615031453074
2026-03-01,20,-24832139,10ab606b067c9c461d8893c47c7512472e19e2ce,105,105,3666068301885926099087389,3666068.301885926099
2026-03-01,21,201420416,4aa42145aa6ebf72e164c9bbc74fbd3788045016,46,46,3314711151560804340842513,3314711.151560804341
2026-03-01,22,2054943978,6a000f20005980200259b80c5102003040001068,44,44,3127952233953869729145157,3127952.233953869729
2026-03-01,23,1899934735,111111125421ca6dc452d289314280a0f8842a65,114,114,2379280491422040269834391,2379280.491422040270
2026-03-01,24,1364872031,1231deb6f5749ef6ce6943a275a1d3e7486f4eae,102,102,2166188088790002606890695,2166188.088790002607
2026-03-01,25,-527793138,a632d59b9b804a956bfaa9b48af3a1b74808fc1f,6,6,1773018824139705958102264,1773018.824139705958
2026-03-01,26,-361863690,0d05a7d3448512b78fa8a9e46c4872c88c4a0d05,4,4,1682012915550421170266112,1682012.915550421170
2026-03-01,27,-687638484,2c7c98a3b1582d83c43987202aeff638312478ae,31,31,1327326350452470671401146,1327326.350452470671
2026-03-01,28,-60440021,5d409e56d886231adaf00c8775665ad0f9897b56,32,32,1322112363626348095160549,1322112.363626348095
2026-03-01,29,1544917525,18d844394d6ebd52817cd154e264d38264c355bc,5,5,1168152723081558805957507,1168152.723081558806
2026-03-01,30,690338951,0c93c20234682ef35719eaa5215ab5aa7879f208,10,10,900079191566000000000000,900079.191566000000
2026-03-01,31,-49640310,182863131f9a4630ff9e27830d945b1413e347e8,10,10,848308461959304220117687,848308.461959304220
2026-03-01,32,-621954578,210cfcf53d1f9648c1c4dcaee677f0cb06914364,3,1,771464000000000000000000,771464.000000000000
2026-03-01,33,1836498420,5cc9400ffb4da168cf271e912f589462c3a00d1f,51,51,748709152339131320993622,748709.152339131321
2026-03-01,34,-111399962,000000000004444c5dc75cb358380d2e3de08a90,231,195,648146440359049237197687,648146.440359049237
2026-03-01,35,899366797,f65475e74c1ed6d004d5240b06e3088724dfda5d,1,1,520000000000032143061802,520000.000000032143
2026-03-01,36,1155236685,05c1b067835827cf73af2812be7c6f52a0970a3c,2,2,512683328517293722773422,512683.328517293723
2026-03-01,37,-15964848,225a38bc71102999dd13478bfabd7c4d53f2dc17,12,12,503950920827280295985152,503950.920827280296
2026-03-01,38,-621047316,8392876883cf0e9e7ee24d9b1f606ed88644f23b,8,4,482954175751689514116274,482954.175751689514
2026-03-01,39,-245398760,fbd4cdb413e45a52e2c8312f670e9ce67e794c37,1,1,480000000000000000000000,480000.000000000000
2026-03-01,40,-614081849,2e87d6bfa3f2a932e0c70a32607c0b839404984d,5,5,391012490246086718126699,391012.490246086718
2026-03-01,41,1170794800,4b41cc5a22e0e2568b1e80756e5784a5b1208050,1,1,347003057078101512047046,347003.057078101512
2026-03-01,42,-269361482,def1fce2df6270fdf7e1214343bebbab8583d43d,3,3,305482079534577933547798,305482.079534577934
2026-03-01,43,-186122954,66a9893cc07d91d95644aedd05d03f95e1dba8af,17,15,299625250554431865497112,299625.250554431865
2026-03-01,44,-335518857,beef02961503351625926ea9a11ae13b29f5c555,19,19,251038292442539219989688,251038.292442539220
2026-03-01,45,1250544290,a9d1e08c7793af67e9d92fe308d5697fb81d3e43,66,56,250860568592124978341590,250860.568592124978
2026-03-01,46,969988699,593a93930fc2523547a6132eb40876d740d4a8dd,3,3,249858711445000000000000,249858.711445000000
2026-03-01,47,-374118427,f0e22ba1368f90e54dfd68b1442aa5aecdf6ce6a,5,3,244568120000000000000000,244568.120000000000
2026-03-01,48,-904309504,20f1e9b44fc066191ec08d98517390674b25ffb9,20,20,241586249345252426796301,241586.249345252427
2026-03-01,49,1178603969,a45ed6971f6e009740736acf0fcdc603983ba61a,11,11,229928126774000000000000,229928.126774000000
2026-03-01,50,-805324873,7e355aa168217d2a098b88e2507ce9f94a69f7c6,1,1,223505000000000000000000,223505.000000000000
2026-03-01,51,2000202299,888888888889758f76e7103c6cbf23abbf58f946,6,6,216489758243364850939385,216489.758243364851
2026-03-01,52,1508839826,3ef3d8ba38ebe18db133cec108f4d14ce00dd9ae,534,534,214421230083507755412958,214421.230083507755
2026-03-01,53,-518964496,aaeee0923c7e1c1abed07c8580eb61dff7e4fafc,2,2,200100000000000000000000,200100.000000000000
2026-03-01,54,-405315923,d1de10d13a13e9dade8f37aceadf4e72a0986658,1,1,167700000000000000000000,167700.000000000000
2026-03-01,55,986888935,03718d05124f9a836ec1b49b6d0931a9a0ee43b4,2,2,149258238126480000000000,149258.238126480000
2026-03-01,56,1527559258,144313a16dc284187e963848cb494a8b544e7a58,4,4,134190417375039186031982,134190.417375039186
2026-03-01,57,-698111088,399740157391a9f1bf4e9921a8834f9bc8f2678e,7,7,133507109389576598611319,133507.109389576599
2026-03-01,58,-582379835,f547a4b0e5deba9b89278da0ad0e1d5a36b77dc4,3,3,127800000000000000000000,127800.000000000000
2026-03-01,59,-460753574,b1359e766f3a50ca95e586b33feeada6a94a6d44,10,4,127199200000000000000000,127199.200000000000
2026-03-01,60,-126173691,09a88356565d689149d901cf2ddf162243e0f3b4,1,1,122443000000000000000000,122443.000000000000
2026-03-01,61,-904455708,6ac7f10cdb07c564d2fe95e9b4a586780c5a0278,15,15,117990961656921875392145,117990.961656921875
2026-03-01,62,-332004685,0868076663bbc6638cedd27704cc8f0fa53d5b81,3,3,113976874346165949895461,113976.874346165950
2026-03-01,63,1578445358,19891541842162ad4311f14055e7221406213d67,7,2,108638150000000000000000,108638.150000000000
2026-03-01,64,-352280791,607aaebece105255be33c4b5f1f696f3a1776d29,4,4,103783150765770459279333,103783.150765770459
2026-03-01,65,1586960633,0b8a49d816cc709b6eadb09498030ae3416b66dc,4,4,102124481295734097740869,102124.481295734098
2026-03-01,66,-831721741,f9ae60c0cb90cb6869bcd8bde2f18528b26b5d6d,33,26,100417792823409122968328,100417.792823409123
2026-03-01,67,1193569077,0000005c7dc69d405f09aaadca29068d4f88cde8,3,3,99991518596553313878016,99991.518596553314
2026-03-01,68,921646475,a5761888661308db6deb3538e7035f89686fce53,1,1,99944974830000000000000,99944.974830000000
2026-03-01,69,799681043,eb2b89f1dea00d1120b39189f2a1e3744b647bb4,2,2,99911404523718320697194,99911.404523718321
2026-03-01,70,-901712723,a4b54dee08ee51b8a517f4335c344f1e4db1f80d,19,19,98024259137672033341241,98024.259137672033
2026-03-01,71,-829733934,d7092b85456b7a28b6664ba482ce23457abf8f2c,1,1,89052793227060172043187,89052.793227060172
2026-03-01,72,1587958877,42ad911c75d25e21727e45eca2a9d999d5a7f94c,3,2,85000000000000000000000,85000.000000000000
2026-03-01,73,-621980796,37fc5d447c8c54326c62b697f674c93ead2a93a3,4,1,84902000000000000000000,84902.000000000000
2026-03-01,74,1512984616,684ca620a83a3dc69eac6c0f81646965ec381828,2,2,80003093295736944482894,80003.093295736944
2026-03-01,75,1756620115,957079ca6749b91ad4a43080fb55cfdacd4949af,2,2,77355000000000000000000,77355.000000000000
2026-03-01,76,-290549718,bbed4a3dbac797b0e27f33c645533621d8da39d2,4,2,77037000000000000000000,77037.000000000000
2026-03-01,77,-693573062,5e1f62dac767b0491e3ce72469c217365d5b48cc,183,172,76782754200687164812215,76782.754200687165
2026-03-01,78,-692833127,f3ff40de50d5f95cf3273dd1d29535478b17a8af,1,1,71500003150000650000000,71500.003150000650
2026-03-01,79,-576770774,fbc370c33fcb5227f00df579a812d5073ea24a8a,3,3,69957776049326448979148,69957.776049326449
2026-03-01,80,558662,17f2f425ad47a48522e730e9630e73f0a12aec02,3,3,67897794752000000000000,67897.794752000000
2026-03-01,81,-320491723,508defdb5dd2adeefe36f58fdcd75d6efa36697b,6,6,60115754650326013721039,60115.754650326014
2026-03-01,82,2106851551,c38e4e6a15593f908255214653d3d947ca1c2338,9,9,57481393797314625252254,57481.393797314625
2026-03-01,83,-981550410,286cc64872159e044a5907034cb627e2be3fd30d,3,3,52000000000000000000000,52000.000000000000
2026-03-01,84,1249632861,3034137e8c64d0c3dbcdef860a09d76bb4282c21,2,1,50400250000000000000000,50400.250000000000
2026-03-01,85,1542902776,358ee17c36b51e3c6870ac2aee6fa24c4c479a10,1,1,49996000000000000000000,49996.000000000000
2026-03-01,86,-184734878,5f390e736231ff967b9fb6c57aceee4a7e2a6634,5,4,47205000000000000000000,47205.000000000000
2026-03-01,87,-504044005,b250c9e0f7be4cff13f94374c993ac445a1385fe,4,4,46003931742752655332563,46003.931742752655
2026-03-01,88,-260840437,88649f4743a758171077b98ee2003f1989b1615a,13,13,38114526732944638453716,38114.526732944638
2026-03-01,89,-326643083,bedfac7488dccaafdd66d1d7d56349780fe0477e,1,1,34395762771097474367226,34395.762771097474
2026-03-01,90,-331601069,3611b82c7b13e72b26eb0e9be0613bee7a45ac7c,35,32,33742502250375241946687,33742.502250375242
2026-03-01,91,-355794729,3d545755e09581eb5fc64309b2e66a942bede6b3,12,12,33578582939926937480513,33578.582939926937
2026-03-01,92,911182340,6467e807db1e71b9ef04e0e3afb962e4b0900b2b,1,1,30765757564724492922132,30765.757564724493
2026-03-01,93,-972165451,01261fb8d98f4f7308db89217270bf4e169e221f,1,1,29964577249000000000000,29964.577249000000
2026-03-01,94,-652074134,b92fe925dc43a0ecde6c8b1a2709c170ec4fff4f,38,38,29704156997325382730848,29704.156997325383
2026-03-01,95,-600624217,8147fa711dc0dc681b5c54e7c2dadb37030ed0c4,1,1,25000000000000000000000,25000.000000000000
2026-03-01,96,-696076038,00000000008d5f1200332af8a6813cb8377b5bfd,4,4,24006045402000848379853,24006.045402000848
2026-03-01,97,1588314414,d408864dcedafa983b12c8dfa33961eef666dada,2,2,23816509998667476672012,23816.509998667477
2026-03-01,98,521905285,803f1ec2efe18fd2b1c84bfe4dfa571a8def928a,1,1,23000000000000000000000,23000.000000000000
2026-03-01,99,249719126,8d21e858a12e370e2cac50934e56b1c52dcd64b4,4,4,21779947127197779465264,21779.947127197779
2026-03-01,100,-617043465,3b0d81e4dd0c731b3c39b4742e392a7cda4896f7,8,7,20768906750405220541274,20768.906750405221
2026-04-01,1,-8676112,a3931d71877c0e7a3148cb7eb4463524fec27fbd,746,746,1054478513291846989158649918,1054478513.29184699
2026-04-01,2,-500886264,99cd4ec3f88a45940936f469e4bb72a2a701eeb9,443,442,365386635235232867868352151,365386635.23523287
2026-04-01,3,-191393662,c02ab1a5eaa8d1b114ef786d9bde108cd4364359,188,188,274919009398505320590172962,274919009.39850532
2026-04-01,4,-390222567,173e314c7635b45322cd8cb14f44b312e079f3af,223,223,202576043413881816280768076,202576043.41388182
2026-04-01,5,-42155844,32a6268f9ba3642dda7892add74f1d34469a4259,255,255,110260749475227635648632153,110260749.47522764
2026-04-01,6,-877542747,e15fcc81118895b67b6647bbd393182df44e11e0,197,197,78078067898883345424663550,78078067.898883345425
2026-04-01,7,-536026297,959bfcaee050515296fc3d8aafafeaabf5c44f1d,2,2,56540894009090600000000000,56540894.009090600000
2026-04-01,8,881197687,9008d19f58aabd9ed0d60971565aa8510560ab41,346,337,51961228721761398096506712,51961228.721761398097
2026-04-01,9,1250544290,a9d1e08c7793af67e9d92fe308d5697fb81d3e43,581,573,51554489726122730552844835,51554489.726122730553
2026-04-01,10,2145174805,70bf6634ee8cb27d04478f184b9b8bb13e5f4710,33,33,28559508993235498821714884,28559508.993235498822
2026-04-01,11,-640134269,1e1d42781fc170ef9da004fb735f56f0276d01b8,123,123,26854114087364000000000000,26854114.087364000000
2026-04-01,12,-1037640733,7f54f05635d15cde17a49502fedb9d1803a3be8a,237,185,14953858532110850882207774,14953858.532110850882
2026-04-01,13,2054943978,6a000f20005980200259b80c5102003040001068,187,187,13513207400588766164194994,13513207.400588766164
2026-04-01,14,1844716471,bbbbbbbbbb9cc5e90e3b3af64bdaf62c37eeffcb,223,211,10691670414150120393946461,10691670.414150120394
2026-04-01,15,-24742409,0650caf159c5a49f711e8169d4336ecb9b950275,20,20,10472909952468935550111164,10472909.952468935550
2026-04-01,16,-971526386,8f10b468b06c6fd214b65f87778827f7d113f996,55,49,10082445444078151789102029,10082445.444078151789
2026-04-01,17,-422397714,7cd01d5cad4ba0caeba02583a5c61d35b23e08eb,23,23,9443111083592066381894504,9443111.083592066382
2026-04-01,18,-361863690,0d05a7d3448512b78fa8a9e46c4872c88c4a0d05,15,15,8897514711500388919690965,8897514.711500388920
2026-04-01,19,1899934735,111111125421ca6dc452d289314280a0f8842a65,79,79,8877969571743577624296835,8877969.571743577624
2026-04-01,20,-527793138,a632d59b9b804a956bfaa9b48af3a1b74808fc1f,21,21,8809264302562776071107034,8809264.302562776071
2026-04-01,21,-24832139,10ab606b067c9c461d8893c47c7512472e19e2ce,96,96,7827759984429410007397523,7827759.984429410007
2026-04-01,22,1699176572,51c72848c68a965f66fa7a88855f9f7784502a7f,7,7,7715004000000000042991616,7715004.000000000043
2026-04-01,23,-831656232,f48a3f7c0575c85cf4529aa220caf3c055773f1c,64,49,7137494105301407913148514,7137494.105301407913
2026-04-01,24,1663246624,cf5540fffcdc3d510b18bfca6d2b9987b0772559,3,3,5835309455873000000000000,5835309.455873000000
2026-04-01,25,-880052708,bafa91d22c093e42e28d7be417e38244e4153f78,2,2,4845473215811630205595770,4845473.215811630206
2026-04-01,26,-561793933,63242a4ea82847b20e506b63b0e2e2eff0cc6cb0,41,39,4810737121869172787724510,4810737.121869172788
2026-04-01,27,1624761302,75a52c577285ab926b7d20bad510cae3664aecdf,12,12,4037923911953360000000000,4037923.911953360000
2026-04-01,28,-808536498,f42bca228d9bd3e2f8ee65fec3d21de1063882d4,41,41,3755303583808403464513917,3755303.583808403465
2026-04-01,29,201420416,4aa42145aa6ebf72e164c9bbc74fbd3788045016,39,39,3211149733130274433827248,3211149.733130274434
2026-04-01,30,-374118427,f0e22ba1368f90e54dfd68b1442aa5aecdf6ce6a,12,10,3087502690000000000000000,3087502.690000000000
2026-04-01,31,-60440021,5d409e56d886231adaf00c8775665ad0f9897b56,55,55,2990300285222645602803376,2990300.285222645603
2026-04-01,32,-323985955,e6c5dc8508939b1c417f83b7fed3149ef22cf3ff,6,6,2493561835836800308864755,2493561.835836800309
2026-04-01,33,1364872031,1231deb6f5749ef6ce6943a275a1d3e7486f4eae,160,148,2417836017546065137774261,2417836.017546065138
2026-04-01,34,-687638484,2c7c98a3b1582d83c43987202aeff638312478ae,26,26,2157968895810474371970305,2157968.895810474372
2026-04-01,35,-15964848,225a38bc71102999dd13478bfabd7c4d53f2dc17,53,53,2152968366171499957795859,2152968.366171499958
2026-04-01,36,-103393091,45312ea0eff7e09c83cbe249fa1d7598c4c8cd4e,33,33,1817483928505333631560540,1817483.928505333632
2026-04-01,37,-1042311239,87f5ae0e144100f1a8836707202f35077b84e3dd,12,12,1500100017020000000100000,1500100.017020000000
2026-04-01,38,-1024604498,ec90d9cb441aa873d033ae73301e3af371e33cb0,2,2,1367260164813490000000000,1367260.164813490000
2026-04-01,39,-111399962,000000000004444c5dc75cb358380d2e3de08a90,206,188,1299004639064332143339652,1299004.639064332143
2026-04-01,40,-1039430662,41902c2a6f8b3720215d2dec15e904137b9f9940,6,6,1000010000000000000000000,1000010.000000000000
2026-04-01,41,-1039980423,bf7fb79904e1dbc69fd0d4b8d007e6532cccdbcd,6,6,999484740125000000000000,999484.740125000000
2026-04-01,42,-1039212187,f42ad4b174e87881be2a525216b0f114e807f527,5,5,950000000000000000000000,950000.000000000000
2026-04-01,43,-1042299385,c984787e738cb5d3e9480565be92f3de73d2af8d,6,6,941540751696000000000000,941540.751696000000
2026-04-01,44,-972165451,01261fb8d98f4f7308db89217270bf4e169e221f,8,8,805790605736950751778649,805790.605736950752
2026-04-01,45,1329970747,f50be075ec9eb719ff2a40f4d061b91e51306bce,11,11,638289711166927296450855,638289.711166927296
2026-04-01,46,1806783656,4fb312915b779b1339388e14b6d079741ca83128,5,5,597000000000000000000000,597000.000000000000
2026-04-01,47,-267580230,e8c15aad9d4cd3f59c9dfa18828b91a8b2c49596,2,2,500000000000000000000000,500000.000000000000
2026-04-01,48,-186122954,66a9893cc07d91d95644aedd05d03f95e1dba8af,22,12,499493620585496616873484,499493.620585496617
2026-04-01,49,-652074134,b92fe925dc43a0ecde6c8b1a2709c170ec4fff4f,43,43,492135721500592333651006,492135.721500592334
2026-04-01,50,1262145591,b8e6d31e7b212b2b7250ee9c26c56cebbfbe6b23,5,5,461000000000000000000000,461000.000000000000
2026-04-01,51,-947046123,bdb3ba9ffe392549e1f8658dd2630c141fdf47b6,1,1,460000000000000000000000,460000.000000000000
2026-04-01,52,-335518857,beef02961503351625926ea9a11ae13b29f5c555,21,21,442315206349743894034562,442315.206349743894
2026-04-01,53,-698111088,399740157391a9f1bf4e9921a8834f9bc8f2678e,11,11,433276877844764036937483,433276.877844764037
2026-04-01,54,-49640310,182863131f9a4630ff9e27830d945b1413e347e8,6,6,401733019763892738722167,401733.019763892739
2026-04-01,55,-582379835,f547a4b0e5deba9b89278da0ad0e1d5a36b77dc4,1,1,396931003000000000000000,396931.003000000000
2026-04-01,56,2013913786,888d768764a2e304215247f0ba3457ccb0f0ab4f,1,1,389599330000000000000000,389599.330000000000
2026-04-01,57,-621954578,210cfcf53d1f9648c1c4dcaee677f0cb06914364,4,2,386465000000000000000000,386465.000000000000
2026-04-01,58,-250040884,d777151c92c05fea839b2c21b345a78e1f1163fe,1,1,383766763289660000000000,383766.763289660000
2026-04-01,59,-60827398,edf5c12258ac60ac1748d181aec52fe92adf6629,23,23,292627999678380000000000,292627.999678380000
2026-04-01,60,2000202299,888888888889758f76e7103c6cbf23abbf58f946,10,10,255163053779849654838991,255163.053779849655
2026-04-01,61,1756620115,957079ca6749b91ad4a43080fb55cfdacd4949af,5,4,246937000000000000000000,246937.000000000000
2026-04-01,62,-296594481,df2eb8ca421fb1d8b54be41d6c06b3fee5625572,31,1,222302804657271089960000,222302.804657271090
2026-04-01,63,2079609687,07a28a8482e4c6f00520d571b8114c69ad44e71b,1,1,206464743845918191596921,206464.743845918192
2026-04-01,64,-1066583653,8fa49c3edddd46dcb611b7eb02fdde92a3d89ab5,1,1,199883561236442935412534,199883.561236442935
2026-04-01,65,-353248970,548054687ef6c56c6d82e8269e5fd93d8b88fcb2,3,3,191000000000000000000000,191000.000000000000
2026-04-01,66,-460753574,b1359e766f3a50ca95e586b33feeada6a94a6d44,9,5,175944000000000000000000,175944.000000000000
2026-04-01,67,-1018321055,a44837f2cef871ed0a012d5c28d370f872de4f73,3,3,168001005550000000000000,168001.005550000000
2026-04-01,68,-372789137,c0dfdb9e7a392c3dbbe7c6fbe8fbc1789c9fe05e,83,45,167747907411009637288456,167747.907411009637
2026-04-01,69,1836498420,5cc9400ffb4da168cf271e912f589462c3a00d1f,25,25,164901655367815757655794,164901.655367815758
2026-04-01,70,-59352126,05654ff0cb3635fa5de00cc11607dbf203435c13,7,7,153102528064386333422716,153102.528064386333
2026-04-01,71,-970999734,5f3b7c372ad74d105a3977f4b4e4e8b224fc9020,8,8,147722823953510489957437,147722.823953510490
2026-04-01,72,-1037996756,f24be3404b723e35d9ebc60977b646d2581f57f0,24,15,145144357798805648060545,145144.357798805648
2026-04-01,73,1587958877,42ad911c75d25e21727e45eca2a9d999d5a7f94c,4,2,142000000000000000000000,142000.000000000000
2026-04-01,74,-426749421,3d90f66b534dd8482b181e24655a9e8265316be9,68,38,140443725731926991000032,140443.725731926991
2026-04-01,75,1508839826,3ef3d8ba38ebe18db133cec108f4d14ce00dd9ae,350,350,134758921826590335580013,134758.921826590336
2026-04-01,76,1636575522,69460570c93f9de5e2edbc3052bf10125f0ca22d,14,9,133206008559058862441243,133206.008559058862
2026-04-01,77,-504044005,b250c9e0f7be4cff13f94374c993ac445a1385fe,15,15,122468121997081499760380,122468.121997081500
2026-04-01,78,2043059373,2fbf0ae1b76c4096e2686d3e09150469731da197,9,9,116435578772229190022000,116435.578772229190
2026-04-01,79,-1038347582,5a0e96fd2334886232f9819d829d1ce7690ae4c3,2,2,110000000000000000000000,110000.000000000000
2026-04-01,80,1381791786,1111111254eeb25477b68fb85ed929f73a960582,7,7,109724597167047954224492,109724.597167047954
2026-04-01,81,1971232154,2e597d5c897a80a61de3a3ccd9c2e7db7be2ef38,7,7,106560000000000000000000,106560.000000000000
2026-04-01,82,-445859136,0f7ae28de1c8532170ad4ee566b5801485c13a0e,11,11,103652571044310470554858,103652.571044310471
2026-04-01,83,-981550410,286cc64872159e044a5907034cb627e2be3fd30d,3,3,99789316944501400223174,99789.316944501400
2026-04-01,84,-1024770966,6fec32b88784d0f73d8ebd8cf948573e98750223,1,1,95191136502880000000000,95191.136502880000
2026-04-01,85,-1007583494,f5f83dec72ddee91d08f802421e06dde3e907a91,1,1,94667000000000000000000,94667.000000000000
2026-04-01,86,-693573062,5e1f62dac767b0491e3ce72469c217365d5b48cc,20,13,94422756415150195655306,94422.756415150196
2026-04-01,87,-290549718,bbed4a3dbac797b0e27f33c645533621d8da39d2,4,2,92052830000000000000000,92052.830000000000
2026-04-01,88,1578445358,19891541842162ad4311f14055e7221406213d67,6,1,91472680000000000000000,91472.680000000000
2026-04-01,89,-269361482,def1fce2df6270fdf7e1214343bebbab8583d43d,6,6,88324984912780625775288,88324.984912780626
2026-04-01,90,1178603969,a45ed6971f6e009740736acf0fcdc603983ba61a,11,11,85869362975307390487076,85869.362975307390
2026-04-01,91,1608787768,ad3b67bca8935cb510c8d18bd45f0b94f54a968f,16,16,85589754178260418126947,85589.754178260418
2026-04-01,92,-414768092,238856de6d9d32ea3dd4e9e7dbfe08b23cd5048c,6,6,84475259021030179256130,84475.259021030179
2026-04-01,93,-621980796,37fc5d447c8c54326c62b697f674c93ead2a93a3,4,1,83616000000000000000000,83616.000000000000
2026-04-01,94,666543394,8d90113a1e286a5ab3e496fbd1853f265e5913c6,2,2,80757981886357362000000,80757.981886357362
2026-04-01,95,-24757697,2621cc0b3f3c079c1db0e80794aa24976f0b9e3c,35,35,80556568107747088387021,80556.568107747088
2026-04-01,96,-79620546,0000000000bbf5c5fd284e657f01bd000933c96d,3,3,77552058395123659115370,77552.058395123659
2026-04-01,97,1249632861,3034137e8c64d0c3dbcdef860a09d76bb4282c21,4,2,75800500000000000000000,75800.500000000000
2026-04-01,98,-989710508,05c45adaf4b407bbc961bc5b6d4d4a8cdcc5edb7,2,2,75502217229206246475780,75502.217229206246
2026-04-01,99,1574571812,d1a045c863db62874288e96accb31c15e529f64a,2,2,75500000000000000000000,75500.000000000000
2026-04-01,100,-932186981,d78d199f8c402e7b5cc2abe278df0412400a3bae,15,15,74584700746457013806151,74584.700746457014
2026-05-01,1,-8676112,a3931d71877c0e7a3148cb7eb4463524fec27fbd,1578,1574,924088872682285221267292860,924088872.68228522
2026-05-01,2,-191393662,c02ab1a5eaa8d1b114ef786d9bde108cd4364359,186,186,688412312827904011097616945,688412312.82790401
2026-05-01,3,-390222567,173e314c7635b45322cd8cb14f44b312e079f3af,107,107,398354770514472224534471468,398354770.51447222
2026-05-01,4,-500886264,99cd4ec3f88a45940936f469e4bb72a2a701eeb9,329,329,75464013348520465302584486,75464013.348520465303
2026-05-01,5,-1037640733,7f54f05635d15cde17a49502fedb9d1803a3be8a,219,178,62078578691738758078734497,62078578.691738758079
2026-05-01,6,-877542747,e15fcc81118895b67b6647bbd393182df44e11e0,143,143,45330532778683045190039029,45330532.778683045190
2026-05-01,7,-42155844,32a6268f9ba3642dda7892add74f1d34469a4259,90,90,27954289758031039499562033,27954289.758031039500
2026-05-01,8,1250544290,a9d1e08c7793af67e9d92fe308d5697fb81d3e43,431,425,22555731530745710000000000,22555731.530745710000
2026-05-01,9,881197687,9008d19f58aabd9ed0d60971565aa8510560ab41,217,216,20310285211643623797751568,20310285.211643623798
2026-05-01,10,-422397714,7cd01d5cad4ba0caeba02583a5c61d35b23e08eb,19,19,19680558749380000000000000,19680558.749380000000
2026-05-01,11,2145174805,70bf6634ee8cb27d04478f184b9b8bb13e5f4710,24,24,12715121945196996911655488,12715121.945196996912
2026-05-01,12,-640134269,1e1d42781fc170ef9da004fb735f56f0276d01b8,59,59,12383418755496000000000000,12383418.755496000000
2026-05-01,13,201420416,4aa42145aa6ebf72e164c9bbc74fbd3788045016,35,35,11358575134449089819298324,11358575.134449089819
2026-05-01,14,1844716471,bbbbbbbbbb9cc5e90e3b3af64bdaf62c37eeffcb,236,220,9768121289108439934420517,9768121.289108439934
2026-05-01,15,-527793138,a632d59b9b804a956bfaa9b48af3a1b74808fc1f,7,7,7193025041629117926170852,7193025.041629117926
2026-05-01,16,-1037996756,f24be3404b723e35d9ebc60977b646d2581f57f0,31,23,4139598390568792191821681,4139598.390568792192
2026-05-01,17,-687638484,2c7c98a3b1582d83c43987202aeff638312478ae,18,18,3800989847311098761935643,3800989.847311098762
2026-05-01,18,-971526386,8f10b468b06c6fd214b65f87778827f7d113f996,66,59,3514235293164979441233532,3514235.293164979441
2026-05-01,19,-24832139,10ab606b067c9c461d8893c47c7512472e19e2ce,71,71,3502670230229726299989752,3502670.230229726300
2026-05-01,20,-808536498,f42bca228d9bd3e2f8ee65fec3d21de1063882d4,16,16,3472324033205098742800012,3472324.033205098743
2026-05-01,21,2054943978,6a000f20005980200259b80c5102003040001068,130,130,2591026092547649443094486,2591026.092547649443
2026-05-01,22,1699176572,51c72848c68a965f66fa7a88855f9f7784502a7f,6,6,2566991999999999979028480,2566991.999999999979
2026-05-01,23,1899934735,111111125421ca6dc452d289314280a0f8842a65,29,29,1869550113313534445423304,1869550.113313534445
2026-05-01,24,-1084744037,87d94f608de82eb2a27e87d7a35104460e6d37e9,8,8,1045000000000000000000000,1045000.000000000000
2026-05-01,25,-536026297,959bfcaee050515296fc3d8aafafeaabf5c44f1d,2,2,1036955062707200000000000,1036955.062707200000
2026-05-01,26,1364872031,1231deb6f5749ef6ce6943a275a1d3e7486f4eae,169,141,1013761460833034369278182,1013761.460833034369
2026-05-01,27,-103393091,45312ea0eff7e09c83cbe249fa1d7598c4c8cd4e,29,29,786750911527638057161643,786750.911527638057
2026-05-01,28,-111399962,000000000004444c5dc75cb358380d2e3de08a90,225,203,646525773069835666259180,646525.773069835666
2026-05-01,29,1329970747,f50be075ec9eb719ff2a40f4d061b91e51306bce,8,8,597265398058232447213197,597265.398058232447
2026-05-01,30,-374118427,f0e22ba1368f90e54dfd68b1442aa5aecdf6ce6a,5,4,505704600000000000000000,505704.600000000000
2026-05-01,31,-79620546,0000000000bbf5c5fd284e657f01bd000933c96d,7,7,493913579540364411562679,493913.579540364412
2026-05-01,32,-60440021,5d409e56d886231adaf00c8775665ad0f9897b56,32,32,491485262911783784445421,491485.262911783784
2026-05-01,33,-621954578,210cfcf53d1f9648c1c4dcaee677f0cb06914364,4,2,452594660000000000000000,452594.660000000000
2026-05-01,34,-378073483,ec038e40e89ac05e03a573f5d875267fca728e64,6,2,425256167754293167452472,425256.167754293167
2026-05-01,35,616036061,74de5d4fcbf63e00296fd95d33236b9794016631,56,56,344326024121006562239155,344326.024121006562
2026-05-01,36,-726924763,6fffa30e48cf7f0efd7adfee518421e16170d5ba,3,3,339259966540949964259277,339259.966540949964
2026-05-01,37,-698111088,399740157391a9f1bf4e9921a8834f9bc8f2678e,21,21,322848843327174035141796,322848.843327174035
2026-05-01,38,1587958877,42ad911c75d25e21727e45eca2a9d999d5a7f94c,4,2,304000000000000000000000,304000.000000000000
2026-05-01,39,-420341700,c9f01b5c6048b064e6d925d1c2d7206d4feef8a3,1,1,303782235871156607688330,303782.235871156608
2026-05-01,40,1806783656,4fb312915b779b1339388e14b6d079741ca83128,3,3,283000000000000000000000,283000.000000000000
2026-05-01,41,1381791786,1111111254eeb25477b68fb85ed929f73a960582,5,5,268726672685108020987707,268726.672685108021
2026-05-01,42,1991872789,5f4cfc9da95909d976b502de496bc3bacdfcb0a0,1,1,260000000000000000000000,260000.000000000000
2026-05-01,43,-24742409,0650caf159c5a49f711e8169d4336ecb9b950275,27,27,224973474395413337902314,224973.474395413338
2026-05-01,44,1262145591,b8e6d31e7b212b2b7250ee9c26c56cebbfbe6b23,3,3,224422100000000000000000,224422.100000000000
2026-05-01,45,-296594481,df2eb8ca421fb1d8b54be41d6c06b3fee5625572,31,1,220180906173737146380000,220180.906173737146
2026-05-01,46,-15964848,225a38bc71102999dd13478bfabd7c4d53f2dc17,3,3,216827256642616994824192,216827.256642616995
2026-05-01,47,-361863690,0d05a7d3448512b78fa8a9e46c4872c88c4a0d05,13,13,200462481474122708909198,200462.481474122709
2026-05-01,48,-267580230,e8c15aad9d4cd3f59c9dfa18828b91a8b2c49596,1,1,200000000000000000000000,200000.000000000000
2026-05-01,49,-426749421,3d90f66b534dd8482b181e24655a9e8265316be9,76,39,198549684593719548446198,198549.684593719548
2026-05-01,50,-972165451,01261fb8d98f4f7308db89217270bf4e169e221f,3,3,171995453685618923158109,171995.453685618923
2026-05-01,51,-1018321055,a44837f2cef871ed0a012d5c28d370f872de4f73,2,2,147000001000000000000000,147000.001000000000
2026-05-01,52,-460753574,b1359e766f3a50ca95e586b33feeada6a94a6d44,7,3,139000000000000000000000,139000.000000000000
2026-05-01,53,-989221733,9025b8ff35ca44f7018c3a37fe0f69e63dbb0743,10,4,138625709342441848476779,138625.709342441848
2026-05-01,54,1508839826,3ef3d8ba38ebe18db133cec108f4d14ce00dd9ae,269,269,138210269861925961175790,138210.269861925961
2026-05-01,55,-2280279,f74ca34f947b69ab97ca41271e2006a8f7ad685f,2,2,120558932663981284354078,120558.932663981284
2026-05-01,56,1578445358,19891541842162ad4311f14055e7221406213d67,8,1,119689440000000000000000,119689.440000000000
2026-05-01,57,-49640310,182863131f9a4630ff9e27830d945b1413e347e8,5,5,112256411380286670362388,112256.411380286670
2026-05-01,58,-1160450466,8b55dfaa9074e6be2692c2b0d8afc83f7ec9944c,4,4,105001336735502470556807,105001.336735502471
2026-05-01,59,-267569274,aa10db8804d076601999c7cd769e02e44a99d5b2,1,1,100000000000000000000000,100000.000000000000
2026-05-01,60,-353248970,548054687ef6c56c6d82e8269e5fd93d8b88fcb2,1,1,100000000000000000000000,100000.000000000000
2026-05-01,61,-184734878,5f390e736231ff967b9fb6c57aceee4a7e2a6634,2,2,87380146695344188078798,87380.146695344188
2026-05-01,62,-621980796,37fc5d447c8c54326c62b697f674c93ead2a93a3,4,1,82045000000000000000000,82045.000000000000
2026-05-01,63,1249632861,3034137e8c64d0c3dbcdef860a09d76bb4282c21,4,2,79275690000000000000000,79275.690000000000
2026-05-01,64,1178603969,a45ed6971f6e009740736acf0fcdc603983ba61a,3,3,72429837156000000000000,72429.837156000000
2026-05-01,65,1636575522,69460570c93f9de5e2edbc3052bf10125f0ca22d,12,11,71057617251279285561856,71057.617251279286
2026-05-01,66,1134637,9dbab0fef899a50ef0540ec0bc71d4a3a00c7916,8,8,70500004881271244239634,70500.004881271244
2026-05-01,67,-352896821,63fd56b03dee704a7d775a6d0cd765c052d97af3,1,1,70489082293387444604886,70489.082293387445
2026-05-01,68,-90284824,00000688768803bbd44095770895ad27ad6b0d95,9,9,60986842247059757929176,60986.842247059758
2026-05-01,69,-30336989,2f714fff8fdd03a1fc9bf40d585679b19a9b64fc,2,2,60000002611100000000000,60000.002611100000
2026-05-01,70,1663246624,cf5540fffcdc3d510b18bfca6d2b9987b0772559,1,1,59928277424999996850176,59928.277424999997
2026-05-01,71,-1007583494,f5f83dec72ddee91d08f802421e06dde3e907a91,1,1,58667000000000000000000,58667.000000000000
2026-05-01,72,-692833127,f3ff40de50d5f95cf3273dd1d29535478b17a8af,2,2,58500019500000000000000,58500.019500000000
2026-05-01,73,-694524483,7b3e38ebaf21433ac282e4884c86c1fe4a723ee4,1,1,56449287812282463014073,56449.287812282463
2026-05-01,74,2004747019,a3222357a0eccf60c73606170be6c99adecb59b3,8,8,52285457440240000000000,52285.457440240000
2026-05-01,75,-1055989591,4c82d1fbfe28c977cbb58d8c7ff8fcf9f70a2cca,5,4,46521211192931527672695,46521.211192931528
2026-05-01,76,-290549718,bbed4a3dbac797b0e27f33c645533621d8da39d2,2,1,43266000000000000000000,43266.000000000000
2026-05-01,77,1971232154,2e597d5c897a80a61de3a3ccd9c2e7db7be2ef38,3,3,43186855160409516520000,43186.855160409517
2026-05-01,78,-369894684,7c9e5ed4a713f7d2406ac320fb96b3dd135a0f5e,2,2,40000000000000000000000,40000.000000000000
2026-05-01,79,-352879040,d8b3a926bae9d3d3783692e93766d4e441cde480,3,3,39954957854000000000000,39954.957854000000
2026-05-01,80,2018557174,a8c1c98aaf99a5dfc907d61b892b2ad624901185,19,19,38718327232390654378229,38718.327232390654
2026-05-01,81,-186122954,66a9893cc07d91d95644aedd05d03f95e1dba8af,33,17,37884168456406387923547,37884.168456406388
2026-05-01,82,-504044005,b250c9e0f7be4cff13f94374c993ac445a1385fe,7,7,36923898027158891300324,36923.898027158891
2026-05-01,83,-60827398,edf5c12258ac60ac1748d181aec52fe92adf6629,2,2,35917630000000000000000,35917.630000000000
2026-05-01,84,2125345773,447f0cf804fd829e7a47ff04a22833f38aecb233,1,1,34704487796000000000000,34704.487796000000
2026-05-01,85,2000202299,888888888889758f76e7103c6cbf23abbf58f946,3,3,32782536500477225813980,32782.536500477226
2026-05-01,86,538453594,42daeb9ca091e3933c8ee93c029701b926b1f336,2,2,30000000000000000000000,30000.000000000000
2026-05-01,87,-250007735,e517cb082ed4473654359c3c2fd17c8e8c836d23,2,2,29900990000000000000000,29900.990000000000
2026-05-01,88,1836498420,5cc9400ffb4da168cf271e912f589462c3a00d1f,20,20,29522361288947371008483,29522.361288947371
2026-05-01,89,-867019147,c10ee9031f2a0b84766a86b55a8d90f357910fb4,5,5,28682650078998060110851,28682.650078998060
2026-05-01,90,-260840437,88649f4743a758171077b98ee2003f1989b1615a,9,9,22829869850391808081691,22829.869850391808
2026-05-01,91,-787804828,456e524364b20c7e5f47281ed49bfe8980d93fee,1,1,21657957156030890000000,21657.957156030890
2026-05-01,92,-1059578891,709de0b97e369661c99ad54f2b858139897d3dba,12,12,21323504384498877183551,21323.504384498877
2026-05-01,93,1076046611,7334d9a3b0769c494916cdee3de1218b51b34471,1,1,21150618335000000000000,21150.618335000000
2026-05-01,94,-330954654,8dd4d313ded77c399fed700d54cbdea2c24227d6,2,2,21008302685545266729903,21008.302685545267
2026-05-01,95,-1096458367,aedaf69af6748c0d67f5da818814d5d12a570265,5,4,20000892600000000000000,20000.892600000000
2026-05-01,96,-1088387632,07865894cd187ab0bd2454adebe4e64672c3e13d,2,2,19998792881338989370154,19998.792881338989
2026-05-01,97,-614081849,2e87d6bfa3f2a932e0c70a32607c0b839404984d,1,1,19647675726394628624832,19647.675726394629
2026-05-01,98,2087298104,ad86a560f5f54e093551a3cf788dc7c0ac8d16f0,2,2,19488000000000000000000,19488.000000000000
2026-05-01,99,-1145174925,fb997b49272c099c78eefffd2aa5f90a48e832bb,4,4,18758080000000000000000,18758.080000000000
2026-05-01,100,-652074134,b92fe925dc43a0ecde6c8b1a2709c170ec4fff4f,16,16,18689318847686361682721,18689.318847686362
2026-06-01,1,-390222567,173e314c7635b45322cd8cb14f44b312e079f3af,91,91,764511103608776527712647619,764511103.60877653
2026-06-01,2,1821008780,29065a4c1f2f20d1e263930088890d6f49fe715a,1,1,722600000000000000000000000,722600000.00000000
2026-06-01,3,-191393662,c02ab1a5eaa8d1b114ef786d9bde108cd4364359,276,276,708085528125678532004376092,708085528.12567853
2026-06-01,4,-8676112,a3931d71877c0e7a3148cb7eb4463524fec27fbd,2451,2445,485828391588572343006783274,485828391.58857234
2026-06-01,5,-500886264,99cd4ec3f88a45940936f469e4bb72a2a701eeb9,415,415,190167462307364185472165956,190167462.30736419
2026-06-01,6,881197687,9008d19f58aabd9ed0d60971565aa8510560ab41,284,279,119818602277395113232772619,119818602.27739511
2026-06-01,7,-877542747,e15fcc81118895b67b6647bbd393182df44e11e0,198,198,38025911034470690336903310,38025911.034470690337
2026-06-01,8,-1037640733,7f54f05635d15cde17a49502fedb9d1803a3be8a,246,199,33299534859159828020621338,33299534.859159828021
2026-06-01,9,1250544290,a9d1e08c7793af67e9d92fe308d5697fb81d3e43,1007,756,27043380170485470000000000,27043380.170485470000
2026-06-01,10,1699176572,51c72848c68a965f66fa7a88855f9f7784502a7f,26,26,25029359663168679880035815,25029359.663168679880
2026-06-01,11,-42155844,32a6268f9ba3642dda7892add74f1d34469a4259,58,58,13018524419624891355638423,13018524.419624891356
2026-06-01,12,-640134269,1e1d42781fc170ef9da004fb735f56f0276d01b8,53,53,12779620951300000000000000,12779620.951300000000
2026-06-01,13,-422397714,7cd01d5cad4ba0caeba02583a5c61d35b23e08eb,39,39,10032828002624523551533070,10032828.002624523552
2026-06-01,14,-24832139,10ab606b067c9c461d8893c47c7512472e19e2ce,76,76,6528771061574264565275537,6528771.061574264565
2026-06-01,15,1844716471,bbbbbbbbbb9cc5e90e3b3af64bdaf62c37eeffcb,144,144,4962852696881453081302320,4962852.696881453081
2026-06-01,16,-79620546,0000000000bbf5c5fd284e657f01bd000933c96d,6,6,4660234555058661229005971,4660234.555058661229
2026-06-01,17,1364872031,1231deb6f5749ef6ce6943a275a1d3e7486f4eae,190,175,3961362805105860075839247,3961362.805105860076
2026-06-01,18,201420416,4aa42145aa6ebf72e164c9bbc74fbd3788045016,38,38,3698880380689935680311668,3698880.380689935680
2026-06-01,19,-971526386,8f10b468b06c6fd214b65f87778827f7d113f996,107,92,3038534075720229687905685,3038534.075720229688
2026-06-01,20,1899934735,111111125421ca6dc452d289314280a0f8842a65,44,44,2523633754005116135414585,2523633.754005116135
2026-06-01,21,2145174805,70bf6634ee8cb27d04478f184b9b8bb13e5f4710,17,17,2482598341847377006237057,2482598.341847377006
2026-06-01,22,1663246624,cf5540fffcdc3d510b18bfca6d2b9987b0772559,10,10,1915064603803523558464275,1915064.603803523558
2026-06-01,23,-111399962,000000000004444c5dc75cb358380d2e3de08a90,304,269,1627419397301231304851131,1627419.397301231305
2026-06-01,24,2054943978,6a000f20005980200259b80c5102003040001068,45,45,1391847408169164404048546,1391847.408169164404
2026-06-01,25,2000202299,888888888889758f76e7103c6cbf23abbf58f946,35,30,1181508562890659538796742,1181508.562890659539
2026-06-01,26,-527793138,a632d59b9b804a956bfaa9b48af3a1b74808fc1f,4,4,1110643462412452846031878,1110643.462412452846
2026-06-01,27,-24742409,0650caf159c5a49f711e8169d4336ecb9b950275,14,14,1034353595469927063773406,1034353.595469927064
2026-06-01,28,-452136644,427f1455e1811527671abac45d60520973f3bda0,1,1,1000000000000000000000000,1000000.000000000000
2026-06-01,29,-1037996756,f24be3404b723e35d9ebc60977b646d2581f57f0,31,29,755564929937686719683181,755564.929937686720
2026-06-01,30,1694581755,6d73be36a571355736d7dd50d3fd69a503f23ac9,1,1,615000001200000000000000,615000.001200000000
2026-06-01,31,-49640310,182863131f9a4630ff9e27830d945b1413e347e8,10,10,605053352132426763330711,605053.352132426763
2026-06-01,32,-947046123,bdb3ba9ffe392549e1f8658dd2630c141fdf47b6,1,1,420000000000000000000000,420000.000000000000
2026-06-01,33,-652074134,b92fe925dc43a0ecde6c8b1a2709c170ec4fff4f,59,59,415538649081612371758333,415538.649081612372
2026-06-01,34,2015908751,5fac4816e3fc362049e1de50b5a0b88888888888,4,4,400000000000000000000000,400000.000000000000
2026-06-01,35,-103393091,45312ea0eff7e09c83cbe249fa1d7598c4c8cd4e,22,22,398023964000011757289109,398023.964000011757
2026-06-01,36,-15964848,225a38bc71102999dd13478bfabd7c4d53f2dc17,9,9,376829132847279707383269,376829.132847279707
2026-06-01,37,-698111088,399740157391a9f1bf4e9921a8834f9bc8f2678e,13,13,367114399959577412291682,367114.399959577412
2026-06-01,38,-1084744037,87d94f608de82eb2a27e87d7a35104460e6d37e9,4,4,366919180000000000000000,366919.180000000000
2026-06-01,39,-620793625,c1c6345e5fa4b281ecc6437ae2c5be34a257b5ab,10,9,331975595670719139096602,331975.595670719139
2026-06-01,40,-60440021,5d409e56d886231adaf00c8775665ad0f9897b56,30,30,330300350411574085489570,330300.350411574085
2026-06-01,41,-687638484,2c7c98a3b1582d83c43987202aeff638312478ae,15,15,321087404587097698887254,321087.404587097699
2026-06-01,42,1587958877,42ad911c75d25e21727e45eca2a9d999d5a7f94c,4,2,294000000000000000000000,294000.000000000000
2026-06-01,43,-374118427,f0e22ba1368f90e54dfd68b1442aa5aecdf6ce6a,4,3,267737560000000000000000,267737.560000000000
2026-06-01,44,-883273086,d01272054e11d0fd6f9a689ec719f9101928e6cd,1,1,251009554428103420252438,251009.554428103420
2026-06-01,45,-1055989591,4c82d1fbfe28c977cbb58d8c7ff8fcf9f70a2cca,13,12,250892073955628650253768,250892.073955628650
2026-06-01,46,1624148002,7dc3b586d4f3df925a707cd4ffa7c8f4c74c7498,31,1,206710550485565208550000,206710.550485565209
2026-06-01,47,-353248970,548054687ef6c56c6d82e8269e5fd93d8b88fcb2,3,3,204000000000000000000000,204000.000000000000
2026-06-01,48,-362532774,1b8ad99bad8c5fb1f98572badc24b303cd06e172,4,4,200000001000000000000000,200000.001000000000
2026-06-01,49,1739674388,31fda758fcedffd331feab585b0d209c00a99188,3,3,200000000000000000000000,200000.000000000000
2026-06-01,50,1806783656,4fb312915b779b1339388e14b6d079741ca83128,1,1,200000000000000000000000,200000.000000000000
2026-06-01,51,-1060575376,28b1dc1a5e3699a428bc51d234dfab7c9cb2a183,208,103,151252892797503004338510,151252.892797503004
2026-06-01,52,-267581323,dd276dc5223d0120f9bf1776f38957cc8da23cb0,1,1,150000000000000000000000,150000.000000000000
2026-06-01,53,1262145591,b8e6d31e7b212b2b7250ee9c26c56cebbfbe6b23,1,1,148300000000000000000000,148300.000000000000
2026-06-01,54,1744520639,99662b7e181e43ff18cecc166ae4766037ab47df,4,4,143917424722276777707527,143917.424722276778
2026-06-01,55,-1048494320,324b52f301bdba8ee714e2d72a287d441ee3b796,3,3,143843966061645601544125,143843.966061645602
2026-06-01,56,-795466610,3f32bc09d41ee699844f8296e806417d6bf61bba,8,8,126657000000000000000000,126657.000000000000
2026-06-01,57,-460753574,b1359e766f3a50ca95e586b33feeada6a94a6d44,5,5,118750000000000000000000,118750.000000000000
2026-06-01,58,-60301958,73d2826da9f3bd6e61f247441fb25c68dfef124e,3,3,108504669448900606390623,108504.669448900606
2026-06-01,59,2101584250,b685760ebd368a891f27ae547391f4e2a289895b,60,60,99951203061000000000000,99951.203061000000
2026-06-01,60,-325638297,7e6e09fd7fbc2c48b51306ea61d20b32e40999f4,6,6,98778438822349385186310,98778.438822349385
2026-06-01,61,1178603969,a45ed6971f6e009740736acf0fcdc603983ba61a,8,8,94507383450623634398639,94507.383450623634
2026-06-01,62,2009918176,fd782bebdec674e531c51e0bf150a69084733ffa,4,4,93182546501288743000000,93182.546501288743
2026-06-01,63,1578445358,19891541842162ad4311f14055e7221406213d67,8,1,92330380000000000000000,92330.380000000000
2026-06-01,64,807897371,81231357a913ec6e1f3afbce8e662632c1c8eee5,1,1,85671463383366163578164,85671.463383366164
2026-06-01,65,1508839826,3ef3d8ba38ebe18db133cec108f4d14ce00dd9ae,192,192,84838162882782200727774,84838.162882782201
2026-06-01,66,1249632861,3034137e8c64d0c3dbcdef860a09d76bb4282c21,5,2,81712600000000000000000,81712.600000000000
2026-06-01,67,-621980796,37fc5d447c8c54326c62b697f674c93ead2a93a3,3,1,81249000000000000000000,81249.000000000000
2026-06-01,68,-426749421,3d90f66b534dd8482b181e24655a9e8265316be9,40,22,80454415836851036871405,80454.415836851037
2026-06-01,69,-405315923,d1de10d13a13e9dade8f37aceadf4e72a0986658,1,1,80000000000000000000000,80000.000000000000
2026-06-01,70,-808536498,f42bca228d9bd3e2f8ee65fec3d21de1063882d4,2,2,79824619323289211044461,79824.619323289211
2026-06-01,71,1329970747,f50be075ec9eb719ff2a40f4d061b91e51306bce,1,1,77321067701000000000000,77321.067701000000
2026-06-01,72,-867019147,c10ee9031f2a0b84766a86b55a8d90f357910fb4,12,10,69142479429601536805523,69142.479429601537
2026-06-01,73,1475075517,6e3fddab68bf1ebaf9dacf9f7907c7bc0951d1dc,1,1,65365251115594561657166,65365.251115594562
2026-06-01,74,-1007583494,f5f83dec72ddee91d08f802421e06dde3e907a91,1,1,58667000000000000000000,58667.000000000000
2026-06-01,75,-392349826,33305665f69b4642d1275f4ce81c23651674d21c,222,222,58329129115535660838080,58329.129115535661
2026-06-01,76,-420341700,c9f01b5c6048b064e6d925d1c2d7206d4feef8a3,4,4,52598716216042550538357,52598.716216042551
2026-06-01,77,-258575256,b8d92f2e8d1a98c18cde85e49a0f11e3c64d0a68,2,2,52000000000000000000000,52000.000000000000
2026-06-01,78,1113847572,663dc15d3c1ac63ff12e45ab68fea3f0a883c251,34,17,49437370302280131641068,49437.370302280132
2026-06-01,79,-60827398,edf5c12258ac60ac1748d181aec52fe92adf6629,1,1,47996660000000000000000,47996.660000000000
2026-06-01,80,1636575522,69460570c93f9de5e2edbc3052bf10125f0ca22d,8,5,45789018272232048043579,45789.018272232048
2026-06-01,81,-42170378,09aa30b182488f769a9824f15e6ce58591da4781,1,1,43017305703366463975851,43017.305703366464
2026-06-01,82,1096658223,b75af6aac0b676857bd1e0953849593b25f6adec,4,4,40000000000000000000000,40000.000000000000
2026-06-01,83,2004747019,a3222357a0eccf60c73606170be6c99adecb59b3,20,19,38269061492900000000000,38269.061492900000
2026-06-01,84,-621603710,bfb6a3eabf605a35860ca7e78429e3022c54f236,5,5,37362318572582088271115,37362.318572582088
2026-06-01,85,-352879040,d8b3a926bae9d3d3783692e93766d4e441cde480,2,2,34958231602999999999999,34958.231603000000
2026-06-01,86,-1160450466,8b55dfaa9074e6be2692c2b0d8afc83f7ec9944c,2,2,34919153470789315713789,34919.153470789316
2026-06-01,87,-565068677,ccf1c7a6d95857421893df7726135c5a2d646e78,4,4,33203001515421719524755,33203.001515421720
2026-06-01,88,-1059578891,709de0b97e369661c99ad54f2b858139897d3dba,5,5,33176806268579699962470,33176.806268579700
2026-06-01,89,1836498420,5cc9400ffb4da168cf271e912f589462c3a00d1f,19,19,31224967239654134724812,31224.967239654135
2026-06-01,90,-186122954,66a9893cc07d91d95644aedd05d03f95e1dba8af,55,30,30176105733388833342500,30176.105733388833
2026-06-01,91,521905285,803f1ec2efe18fd2b1c84bfe4dfa571a8def928a,1,1,30000000000000000000000,30000.000000000000
2026-06-01,92,1134637,9dbab0fef899a50ef0540ec0bc71d4a3a00c7916,6,6,27943548166258824902097,27943.548166258825
2026-06-01,93,-1223941173,b15f88ee246f308ea244d5b49bfa6c8f4ba05df8,4,4,23560312482621478870004,23560.312482621479
2026-06-01,94,1438646742,03da5c3b75503a1dda58e2bd23d4726b5ee8dd26,2,2,20760605117152243353388,20760.605117152243
2026-06-01,95,616036061,74de5d4fcbf63e00296fd95d33236b9794016631,51,51,20672822510854198000294,20672.822510854198
2026-06-01,96,-504044005,b250c9e0f7be4cff13f94374c993ac445a1385fe,9,9,20005888379848957838398,20005.888379848958
2026-06-01,97,-285741466,92e4629a4510af5819d7d1601464c233599ff5ec,1,1,20000000000000000000000,20000.000000000000
2026-06-01,98,-326643083,bedfac7488dccaafdd66d1d7d56349780fe0477e,1,1,19892740274197786199898,19892.740274197786
2026-06-01,99,-771272293,6133da4cd25773ebd38542a8acef8f94ca89892a,1,1,17000000000000000000000,17000.000000000000
2026-06-01,100,-893551547,277d9975bd438f9a5cc4529f03c654a4257d1a42,1,1,15314100000000000000000,15314.100000000000
