month,funder_rank,funded_by_id,funded_by_address,newly_funded_addresses,raw_funded_volume,funded_volume
2024-09-01,1,881197687,9008d19f58aabd9ed0d60971565aa8510560ab41,391,62756063357252350358520917,62756063.357252350359
2024-09-01,2,-24742409,0650caf159c5a49f711e8169d4336ecb9b950275,80,31599233005420638881209221,31599233.005420638881
2024-09-01,3,-8676112,a3931d71877c0e7a3148cb7eb4463524fec27fbd,78,25756058403116302942791801,25756058.403116302943
2024-09-01,4,-24757697,2621cc0b3f3c079c1db0e80794aa24976f0b9e3c,20,280204448612134020770557,280204.448612134021
2024-09-01,5,-26549764,ed39f7ed9f1280072c484d9741e07ab91d1d3f1d,8,156660132781935015032,156.6601327819350150
2024-09-01,6,2054943978,6a000f20005980200259b80c5102003040001068,7,483548411216025242092392,483548.411216025242
2024-09-01,7,-24832139,10ab606b067c9c461d8893c47c7512472e19e2ce,6,93723705094209348451397,93723.705094209348
2024-09-01,8,1586252096,3fc91a3afd70395cd496c647d5a6cc9d4b2b7fad,6,24498133361592137861879,24498.133361592138
2024-09-01,9,1728729509,f081470f5c6fbccf48cc4e5b82dd926409dcdd67,3,3866999427779700050000001,3866999.427779700050
2024-09-01,10,1742888369,e37e799d5077682fa0a244d46e5649f71457bd09,3,12413358470791513593653,12413.358470791514
2024-09-01,11,1364872031,1231deb6f5749ef6ce6943a275a1d3e7486f4eae,3,25552503183521962900,25.5525031835219629
2024-09-01,12,546716445,22f9dcf4647084d6c31b2765f6910cd85c178c18,3,11965167088070007477,11.9651670880700075
2024-09-01,13,2068491642,0f4a1d7fdf4890be35e71f3e0bbc4a0ec377eca3,2,1160662947606999999999997,1160662.947607000000
2024-09-01,14,2116722715,1d7405df25fd2fe80390da3a696dcfd5120ca9ce,2,5119425819999999999999,5119.4258200000000000
2024-09-01,15,929482544,4b3f1048c55faa0c0873e249e541139360501f2a,2,200000000000000000000,200.0000000000000000
2024-09-01,16,616036061,74de5d4fcbf63e00296fd95d33236b9794016631,2,100000595238472220512,100.0005952384722205
2024-09-01,17,1545786351,844dc85edd8492a56228d293cfebb823ef3e10ec,1,3554978975139036092549671,3554978.975139036093
2024-09-01,18,608648476,2326d4fb2737666dda96bd6314e3d4418246cfe8,1,2500001000000000000000000,2500001.000000000000
2024-09-01,19,1806785932,fe7095c9de2c5c76638f31c00dc90b94c4938801,1,1105412666207000000000000,1105412.666207000000
2024-09-01,20,734202508,dcf28bc785ae4ba5ebfe4e1fab9d505677aadbe1,1,989555244684000000062135,989555.244684000000
2024-09-01,21,1545333191,0ca9a4babd517ea94d50d028a52db28f1b444825,1,784581628000000000000000,784581.628000000000
2024-09-01,22,572361981,90bf8aadcff22779e5cf208f84ef5b7536ae135d,1,490000000000000000000000,490000.000000000000
2024-09-01,23,1630364212,7052d6e780435e09901bd73ce280183f40a65459,1,442208517357432838538428,442208.517357432839
2024-09-01,24,2141057109,3a8ec0a9dadbb933b7492a2cf93be286facf7da4,1,299339982839477816851217,299339.982839477817
2024-09-01,25,1062258424,e9c20612743b27ab1aac042fd72057546a90e209,1,261442322296372627177664,261442.322296372627
2024-09-01,26,613576295,679b4172e1698579d562d1d8b4774968305b80b2,1,199989041300000000000000,199989.041300000000
2024-09-01,27,1884789270,215f32278dcd0a7a475356c57bbc2895d81801f4,1,103640798564000000000000,103640.798564000000
2024-09-01,28,2068696708,4a9e40dc78418253ed657cfa95e0e0b94a5440f1,1,44251441856000001310720,44251.441856000001
2024-09-01,29,-31913357,31e29b2b8fd9d6ca57afbac110df2d14cb151d1e,1,39967316909940579839853,39967.316909940580
2024-09-01,30,1238529172,5d172bddb7e2bb21ef1a89c01df735af05ba8616,1,24999999999226235283146,24999.999999226235
2024-09-01,31,1525417292,6a736d2289deebacf3054b712ac76d6f08e54b7e,1,19999999999999999999999,20000.000000000000
2024-09-01,32,-37114132,531f586cf5d5ffd0cd43eae9864927978d20f10b,1,13640860000320000000000,13640.860000320000
2024-09-01,33,2106713580,e6b1de575e7e610889ea21024834e120f92033a3,1,4420932127309171515827,4420.9321273091715158
2024-09-01,34,-26097716,5ce6e9c79935827ddbb3eb095bb8cfcfae08c410,1,3192719004459682414867,3192.7190044596824149
2024-09-01,35,171296848,63395d2788304f74a8ba80d21ea1697bb4d51671,1,3000000000000000000000,3000.0000000000000000
2024-09-01,36,-36238661,709c415a39e058e5a296492457d43629da7abad2,1,2640217355109694130966,2640.2173551096941310
2024-09-01,37,-34020586,c0a3558831a0006ab99094dc83b9e82ef6b70e1f,1,2640217355109694130966,2640.2173551096941310
2024-09-01,38,1823035586,68e9754c117ced4b4eb5fd03aed9f591322b9784,1,2519915755696461732909,2519.9157556964617329
2024-09-01,39,1859003353,0fa1c4fc8e710b3a808c76ba4f8285aa30721dd9,1,1336099331794675290357,1336.0993317946752904
2024-09-01,40,422374388,4178824eac1d03445477772e71f4a53a5ee53184,1,1000000000000000000000,1000.0000000000000000
2024-09-01,41,1550153471,7fe4b2632f5ae6d930677d662af26bc0a06672b3,1,142748725000000000089,142.7487250000000001
2024-09-01,42,-22650857,fe380a4b7270e1d060a2dcc28ad945eb97e1b402,1,120000000000000000000,120.0000000000000000
2024-09-01,43,1233495262,3b7fda9022942273a8a104d2bf3f43450735989c,1,92282500000000000000,92.2825000000000000
2024-09-01,44,-24820842,f86141a5657cf52aeb3e30ebcca5ad3a8f714b89,1,31581358904370874459,31.5813589043708745
2024-09-01,45,1985341590,deeef33399ea7a96c0b53e1b9f476c539bf9d51c,1,20000000000000000000,20.0000000000000000
2024-09-01,46,773889415,5b0abe214ab7875562adee331deff0fe1912fe42,1,18263439022004296675,18.2634390220042967
2024-09-01,47,1061799871,72e93123e8b5d168246739cdc45360ea11209364,1,15406741887711735805,15.4067418877117358
2024-09-01,48,2031634344,93b1fb1ed7c8b471290cbc6416f7ba7af2e45b71,1,15406741887711735805,15.4067418877117358
2024-09-01,49,-24932348,d0a61f2963622e992e6534bde4d52fd0a89f39e0,1,10000000000000000000,10.0000000000000000
2024-09-01,50,1555119650,2cd7ca2ee4ef60bf2d725b82572c659f6f2cf3e2,1,4000000000000000000,4.0000000000000000
2024-09-01,51,1870347996,0f6e98a756a40dd050dc78959f45559f98d3289d,1,2026421279417258959,2.0264212794172590
2024-09-01,52,1798364595,26c4b264f87622f3ef09fe5ad0e0ea081bcfdc0b,1,2000000000000000000,2.0000000000000000
2024-09-01,53,1955757160,a56165cd75211a08b5fd6f9887ad06bdd60813b4,1,2000000000000000000,2.0000000000000000
2024-09-01,54,893398926,def171fe48cf0115b1d80b88dc8eab59176fee57,1,1324025235401846255,1.3240252354018463
2024-09-01,55,746740059,982f264ce97365864181df65df4931c593a515ad,1,1184589641276473558,1.1845896412764736
2024-09-01,56,-26664456,8c645ae763a2341a336629b1e6165c9ad28d90f2,1,1184589641276473558,1.1845896412764736
2024-09-01,57,-35310743,beefda19bc6114633fc17e6d074a6a2b472c756f,1,1000000000000000000,1.00000000000000000000
2024-09-01,58,2077551295,5d504b6ffb36f472dfacc4fb437a4e36c87d40cd,1,1000000000000000000,1.00000000000000000000
2024-09-01,59,-31126691,d8507ef0a59f37d15b5d7b630fa6eea40ce4afdd,1,1000000000000000000,1.00000000000000000000
2024-09-01,60,1882247751,29d4cdfee8f533af8529a9e1517b580e022874f7,1,1000000000000000000,1.00000000000000000000
2024-09-01,61,990456597,a648640060d5d00914c05c10bde3e0cba5c88cd2,1,1000000000000000000,1.00000000000000000000
2024-09-01,62,1594494509,450c01300b83be379113256038b4dd3b45d23b5e,1,999999999999999999,0.99999999999999999900
2024-09-01,63,-1712636,51ac3a83f59f104b1f9fd7fbb7f295b813fb7f40,1,1000000000,1.0000000000000000000E-9
2024-10-01,1,881197687,9008d19f58aabd9ed0d60971565aa8510560ab41,154,36982615251994144558359784,36982615.251994144558
2024-10-01,2,-24742409,0650caf159c5a49f711e8169d4336ecb9b950275,87,75251871619502572527255915,75251871.619502572527
2024-10-01,3,-8676112,a3931d71877c0e7a3148cb7eb4463524fec27fbd,85,28085412429173625907394239,28085412.429173625907
2024-10-01,4,978376130,36014fbe13fed6dbb2e24b85c0c2fa9d6b7863a4,23,850958971376180000000000,850958.971376180000
2024-10-01,5,-42155844,32a6268f9ba3642dda7892add74f1d34469a4259,21,2979841226243654286880252,2979841.226243654287
2024-10-01,6,1586252096,3fc91a3afd70395cd496c647d5a6cc9d4b2b7fad,21,183425099172167942537046,183425.099172167943
2024-10-01,7,1740827310,3e67e3e55f0e26d0c566910b51347e04222e808e,18,532744463899940000000000,532744.463899940000
2024-10-01,8,-24757697,2621cc0b3f3c079c1db0e80794aa24976f0b9e3c,13,91737787348952691114122,91737.787348952691
2024-10-01,9,-42170378,09aa30b182488f769a9824f15e6ce58591da4781,10,8547700000000000000000000,8547700.000000000000
2024-10-01,10,1663246624,cf5540fffcdc3d510b18bfca6d2b9987b0772559,10,346214963005726409123736,346214.963005726409
2024-10-01,11,-37413258,e9f1e2ef814f5686c30ce6fb7103d0f780836c67,9,28482213400061047212946,28482.213400061047
2024-10-01,12,-60440021,5d409e56d886231adaf00c8775665ad0f9897b56,7,748900000000000000000000,748900.000000000000
2024-10-01,13,-48820591,db01707567cf99c2e2215f1bd8ca567d998415de,7,716162888803605579185599,716162.888803605579
2024-10-01,14,2068491642,0f4a1d7fdf4890be35e71f3e0bbc4a0ec377eca3,7,639503946011957904220119,639503.946011957904
2024-10-01,15,1899934735,111111125421ca6dc452d289314280a0f8842a65,7,238660233522929273946327,238660.233522929274
2024-10-01,16,1728729509,f081470f5c6fbccf48cc4e5b82dd926409dcdd67,5,1483057269223097715738939,1483057.269223097716
2024-10-01,17,-24832139,10ab606b067c9c461d8893c47c7512472e19e2ce,5,1233828047742750413538118,1233828.047742750414
2024-10-01,18,2054943978,6a000f20005980200259b80c5102003040001068,5,945011784589380855186292,945011.784589380855
2024-10-01,19,2000202299,888888888889758f76e7103c6cbf23abbf58f946,5,40050096410175052866180,40050.096410175053
2024-10-01,20,616036061,74de5d4fcbf63e00296fd95d33236b9794016631,5,21307797253406289041161,21307.797253406289
2024-10-01,21,1381791786,1111111254eeb25477b68fb85ed929f73a960582,4,3836426617130859427713048,3836426.617130859428
2024-10-01,22,2116722715,1d7405df25fd2fe80390da3a696dcfd5120ca9ce,4,222953958950206949229003,222953.958950206949
2024-10-01,23,1364872031,1231deb6f5749ef6ce6943a275a1d3e7486f4eae,4,63739715422524922026475,63739.715422524922
2024-10-01,24,546716445,22f9dcf4647084d6c31b2765f6910cd85c178c18,4,470910284588293808728,470.9102845882938087
2024-10-01,25,-49640310,182863131f9a4630ff9e27830d945b1413e347e8,3,5957938211961235782970298,5957938.211961235783
2024-10-01,26,1608787768,ad3b67bca8935cb510c8d18bd45f0b94f54a968f,3,3544901286105514238783394,3544901.286105514239
2024-10-01,27,1749974099,6cae28b3d09d8f8fc74ccd496ac986fc84c0c24e,3,482686044055351341801196,482686.044055351342
2024-10-01,28,1843799121,896aa8cc59ea595915ad17b32afff0e1f4748211,3,28475000000000000000000,28475.000000000000
2024-10-01,29,1798364595,26c4b264f87622f3ef09fe5ad0e0ea081bcfdc0b,3,3000000000000000000,3.0000000000000000
2024-10-01,30,521592295,9c3de2ba98cf4c572573b3c29c564b18e820e607,2,2756042941023548452122377,2756042.941023548452
2024-10-01,31,1678603403,3c5142f28567e6a0f172fd0baaf1f2847f49d02f,2,59583330000000000000000,59583.330000000000
2024-10-01,32,2145165906,12d737470fb3ec6c3deec9b518100bec9d520144,2,48032421637582037051355,48032.421637582037
2024-10-01,33,2061859868,fcf069d51559c68e34ed47e3cc15cb18792f115e,2,11965437424974264104077,11965.437424974264
2024-10-01,34,2020978733,d5e74de4385ef0eb1bb4db05a6a504f04d92e79d,2,4335175482431853954230,4335.1754824318539542
2024-10-01,35,2145174805,70bf6634ee8cb27d04478f184b9b8bb13e5f4710,2,1476107894235677900000,1476.1078942356779000
2024-10-01,36,-31047972,17a749f7fa0055618aa5f958d5aa13f5f5d19ea1,2,292541717450000000000,292.5417174500000000
2024-10-01,37,1312390538,6ba1734209a53a6e63c39d4e36612cc856a34d56,2,224973677336686032878,224.9736773366860329
2024-10-01,38,1727337925,5300a1a15135ea4dc7ad5a167152c01efc9b192a,2,200000000000000000000,200.0000000000000000
2024-10-01,39,-48672378,3ab6ebdbf08e1954e69f6859adb2da5236d2e838,2,75449585142487331398,75.4495851424873314
2024-10-01,40,-23494170,d7852e139a7097e119623de0751ae53a61efb442,1,5570732399632400000000000,5570732.399632400000
2024-10-01,41,170948875,d007058e9b58e74c33c6bf6fbcd38baab813cbb6,1,5000000000000000000000000,5000000.000000000000
2024-10-01,42,1081958299,cd40532686b94abc88b06b9705aacbc14c8364d6,1,2500000000000000000000000,2500000.000000000000
2024-10-01,43,-26024165,0c7370cfddcd49126dd61d2b90eb05dd8afe530d,1,1894309403028700106429114,1894309.403028700106
2024-10-01,44,2038546498,7a933be3d5789f76b29187e9a8ee16715fde1e38,1,1650000000000000000000000,1650000.000000000000
2024-10-01,45,1895783873,f5f2364fae1eeb0520971ea537017da49c375c75,1,1188036578979841330563336,1188036.578979841331
2024-10-01,46,-26012388,99d7043940bee529c315f9bcc27a06ef91661a62,1,1000000000000000000000000,1000000.000000000000
2024-10-01,47,2046522035,b911f3481056bdc24aac921e6766f3a4e2c13222,1,503450520000000000000000,503450.520000000000
2024-10-01,48,1197298832,eb0cda1a52f9ac0bd5293bd65b52ed07168e1e8e,1,467439992523521006171790,467439.992523521006
2024-10-01,49,1691317155,b6bfa0017b912290ac0266a34c43a934e15454de,1,450000000000000000000000,450000.000000000000
2024-10-01,50,1574633438,da75ef4c6a023eb5f195dd59cf39b44ef26014ab,1,422436000000000000000000,422436.000000000000
2024-10-01,51,-48721856,ebea8eeee8741d2aca117e6e26bcfb510250d4e4,1,400000000000000000000000,400000.000000000000
2024-10-01,52,1524247828,e912cac1a6641004a8803687ee7699227fdb0550,1,386189515318575397102204,386189.515318575397
2024-10-01,53,-7922203,999eb1bbfabbf5a6b3cf4ea6369b3abbd51d8fcd,1,354915078376713958377889,354915.078376713958
2024-10-01,54,1994716675,de5423bf5fd8f034eaf81b473cff0bb950a9d336,1,200000000000000000000000,200000.000000000000
2024-10-01,55,807897371,81231357a913ec6e1f3afbce8e662632c1c8eee5,1,199834730475999999999999,199834.730476000000
2024-10-01,56,1445396990,e8a280e6b5213e8ccd6de4fc4b50911de749e551,1,199496319543000000000000,199496.319543000000
2024-10-01,57,1951561218,7852f22cefa8bd0d6a38a6dc3f76e6e88c091a7c,1,180000000000000000000000,180000.000000000000
2024-10-01,58,-60184438,e7d885b28e35e63a7df03f748f4f480dc9b15629,1,166750559965869844236872,166750.559965869844
2024-10-01,59,1091469688,f0fcdc6fc328eef95acc6290ebeb7a61616ef421,1,150310787704480979770952,150310.787704480980
2024-10-01,60,1731955419,06b50641cc4c6e3a08903052ec86d4d770f60c36,1,140000000000000000000000,140000.000000000000
2024-10-01,61,1416165196,4a217cc50e6f698086f5853c5dc81b29c6ff37de,1,138098887625796191819684,138098.887625796192
2024-10-01,62,1754683123,7ed15fad9810a7100968236a0ed59c751d9e2731,1,120542694482000000000000,120542.694482000000
2024-10-01,63,1419704192,23727b54163f63cffdd8b7769e0ecb13df253b4e,1,100939747047961820222010,100939.747047961820
2024-10-01,64,-66734666,f566ca6f0bc2c562c886cabea023483ecb95bcc3,1,100000000000000000000000,100000.000000000000
2024-10-01,65,1758489065,8464a7815002e3991909212f465df09789601093,1,100000000000000000000000,100000.000000000000
2024-10-01,66,2010231508,03efba502883e05ad15fc351b1582bc55a54d5d3,1,96000000000000000000000,96000.000000000000
2024-10-01,67,220440357,49a2dcc237a65cc1f412ed47e0594602f6141936,1,67500000000000000000000,67500.000000000000
2024-10-01,68,828100540,df7ec568c7e09449c963b64a959d66a8545c4338,1,50000149334128166341574,50000.149334128166
2024-10-01,69,-40321963,f4b66a8cd57e654249b7eee28836c42e82e9907e,1,50000000000000000000000,50000.000000000000
2024-10-01,70,1749966612,3f37c7d8e61c000085aac0515775b06a3412f36b,1,47708676880640597899589,47708.676880640598
2024-10-01,71,1386391926,9b1c5405ec0c4bb70562d2d4659cefdae13d6889,1,46000505826730000000000,46000.505826730000
2024-10-01,72,697110136,16388463d60ffe0661cf7f1f31a7d658ac790ff7,1,37509173849523557941862,37509.173849523558
2024-10-01,73,1692098734,81227aedf5f7d4fa81d247087ee5b1efd7e9974f,1,32417284444866014407697,32417.284444866014
2024-10-01,74,971194660,21387a57a16186737599447802a3dab57df17c45,1,30000000000000000000000,30000.000000000000
2024-10-01,75,1651368895,75ca8a3e95c82329eb36af86beea367890abd13a,1,30000000000000000000000,30000.000000000000
2024-10-01,76,789438278,c476267c64c2a0f383fb14ce77ecef555071dd36,1,29840712808820877460491,29840.712808820877
2024-10-01,77,1884934017,dff56723292d09a7bf8a7de6899ca08063c2c780,1,28656022067000000000000,28656.022067000000
2024-10-01,78,1831611060,6dec59a8a375da6171f2fea215fddce67ba3b01a,1,22000000000000000000000,22000.000000000000
2024-10-01,79,1619215104,4f1cdf43f5e407abd569878976960d4d0a3d3452,1,21999999999999999999999,22000.000000000000
2024-10-01,80,626476031,3a8315e25378ce9fc0d3279b26ec0576de52c0ff,1,21999999999999999999999,22000.000000000000
2024-10-01,81,1949525650,63e988f4b30245f9f4ee898531e0be3fee20b170,1,20052389847241867101125,20052.389847241867
2024-10-01,82,1922029026,7c9446946b0677c5a691470a718a0b11bc1cd9a8,1,20000000000000000000000,20000.000000000000
2024-10-01,83,1949482770,c351e45db65d68585e180795537563d33b3716e7,1,19974932396000000000000,19974.932396000000
2024-10-01,84,1512984616,684ca620a83a3dc69eac6c0f81646965ec381828,1,19956029430446547565029,19956.029430446548
2024-10-01,85,1851364274,652bbddfecf23deefa7995804d5b7ac53fde97ab,1,16707880406272901048175,16707.880406272901
2024-10-01,86,893398926,def171fe48cf0115b1d80b88dc8eab59176fee57,1,15453492309541427945432,15453.492309541428
2024-10-01,87,1397471603,d0168cd613e4b1b1f68deecba34167aec4c4a118,1,14977374534299680347344,14977.374534299680
2024-10-01,88,1951269474,2a4300da64a43c32e6eac6dd1e171502ba48dd89,1,10691736354377074166607,10691.736354377074
2024-10-01,89,14056993,d7f4a04c736cc1c5857231417e6cb8da9cadbec7,1,10005709635389355903532,10005.7096353893559035
2024-10-01,90,-2356561,5bf7ddcd0526fe081df23f6f1bb76aa2919e2a93,1,10000000000000000000000,10000.0000000000000000
2024-10-01,91,2126292811,9e33e02e286fe64113af071f0bcb2be40e3b0ddc,1,10000000000000000000000,10000.0000000000000000
2024-10-01,92,2054612568,a052d039738d667f1e12180c388816308e9d022d,1,10000000000000000000000,10000.0000000000000000
2024-10-01,93,2089894836,365ba3875f5762ede27cdc1f0e1f5ef28a0739c8,1,8500000000000000000000,8500.0000000000000000
2024-10-01,94,2090475558,c61ed1a24c0cb747dee69b81ff2c85a074c77c0f,1,5000000000000000000000,5000.0000000000000000
2024-10-01,95,1490507434,00000000009e50a7ddb7a7b0e2ee6604fd120e49,1,4718502352112419178236,4718.5023521124191782
2024-10-01,96,1988155736,5bf6e1b56134f4531d994af09610cf4026868206,1,3879315778000000000000,3879.3157780000000000
2024-10-01,97,1840098190,a7f92620b0bbdd6d032e24d29cd5bc8337eeb2a6,1,3836652877946842959587,3836.6528779468429596
2024-10-01,98,11745088,8ac5c1cbafc564fbd01ee4b116dea85e6a593ab4,1,2991305932000000000000,2991.3059320000000000
2024-10-01,99,888953612,169dc0999f4dd957ebcb68a7a8affe87c57c4fae,1,2597881025085077849115,2597.8810250850778491
2024-10-01,100,785685842,f34037552fe7d274a9027fe2d73f9ff67c00cf1a,1,2580625362025997282075,2580.6253620259972821
2024-11-01,1,881197687,9008d19f58aabd9ed0d60971565aa8510560ab41,205,30457829361315240875583350,30457829.361315240876
2024-11-01,2,-8676112,a3931d71877c0e7a3148cb7eb4463524fec27fbd,111,52867217175319334527500190,52867217.175319334528
2024-11-01,3,-42155844,32a6268f9ba3642dda7892add74f1d34469a4259,84,48241911117840390006264475,48241911.117840390006
2024-11-01,4,-24742409,0650caf159c5a49f711e8169d4336ecb9b950275,53,50031130057040347320528206,50031130.057040347321
2024-11-01,5,2122197304,f2614a233c7c3e7f08b1f887ba133a13f1eb2c55,41,6479875137988117948150,6479.8751379881179482
2024-11-01,6,-60440021,5d409e56d886231adaf00c8775665ad0f9897b56,39,8020401054309784278136344,8020401.054309784278
2024-11-01,7,-42170378,09aa30b182488f769a9824f15e6ce58591da4781,27,35648963573229441679362325,35648963.573229441679
2024-11-01,8,1586252096,3fc91a3afd70395cd496c647d5a6cc9d4b2b7fad,26,102918691336993225337255,102918.691336993225
2024-11-01,9,1663246624,cf5540fffcdc3d510b18bfca6d2b9987b0772559,23,7028332961903904316528638,7028332.961903904317
2024-11-01,10,1381791786,1111111254eeb25477b68fb85ed929f73a960582,18,5982622564612760021530403,5982622.564612760022
2024-11-01,11,1899934735,111111125421ca6dc452d289314280a0f8842a65,17,4921623218463091980299738,4921623.218463091980
2024-11-01,12,616036061,74de5d4fcbf63e00296fd95d33236b9794016631,14,19694075925163965477188,19694.075925163965
2024-11-01,13,1364872031,1231deb6f5749ef6ce6943a275a1d3e7486f4eae,10,451520425159476950986056,451520.425159476951
2024-11-01,14,-75482279,7d4958454a3f520bda8be764d06591b054b0bf33,9,2579764905564000000000000,2579764.905564000000
2024-11-01,15,978376130,36014fbe13fed6dbb2e24b85c0c2fa9d6b7863a4,8,116294821274920000000000,116294.821274920000
2024-11-01,16,2068491642,0f4a1d7fdf4890be35e71f3e0bbc4a0ec377eca3,7,6937633594644564380723219,6937633.594644564381
2024-11-01,17,2145174805,70bf6634ee8cb27d04478f184b9b8bb13e5f4710,7,742338783318991045551411,742338.783318991046
2024-11-01,18,1608787768,ad3b67bca8935cb510c8d18bd45f0b94f54a968f,7,528418555427111060104218,528418.555427111060
2024-11-01,19,2054943978,6a000f20005980200259b80c5102003040001068,6,365341332908125088018932,365341.332908125088
2024-11-01,20,2018557174,a8c1c98aaf99a5dfc907d61b892b2ad624901185,6,280507227352595898374203,280507.227352595898
2024-11-01,21,-37413258,e9f1e2ef814f5686c30ce6fb7103d0f780836c67,6,22804995195021220533708,22804.995195021221
2024-11-01,22,-48820591,db01707567cf99c2e2215f1bd8ca567d998415de,5,297262572216929651649186,297262.572216929652
2024-11-01,23,2098499766,dd1fe116c46658182ab11360e821800604edced5,5,199565685351806536722611,199565.685351806537
2024-11-01,24,-24832139,10ab606b067c9c461d8893c47c7512472e19e2ce,5,100061649999634083860809,100061.649999634084
2024-11-01,25,-31047972,17a749f7fa0055618aa5f958d5aa13f5f5d19ea1,4,1280373960520000000000,1280.3739605200000000
2024-11-01,26,-50482286,c395d150e71378b47a1b8e9de0c1a83b75a08324,3,10208548412809000000000000,10208548.412809000000
2024-11-01,27,1728729509,f081470f5c6fbccf48cc4e5b82dd926409dcdd67,3,124015174170682013448306,124015.174170682013
2024-11-01,28,-65727129,07f9a54dc5135b9878d6745e267625bf0e206840,3,98698012141709104525944,98698.012141709105
2024-11-01,29,-24757697,2621cc0b3f3c079c1db0e80794aa24976f0b9e3c,3,74768192423829835527498,74768.192423829836
2024-11-01,30,-115360032,1e094fe00e13fd06d64eea4fb3cd912893606fe0,3,64050384600343373846907,64050.384600343374
2024-11-01,31,-90284824,00000688768803bbd44095770895ad27ad6b0d95,3,30714878840814766608441,30714.878840814767
2024-11-01,32,-65636749,92282235a39be957ff1f37619fd22a9ae5507cb1,3,2247391824328787672003,2247.3918243287876720
2024-11-01,33,-59352126,05654ff0cb3635fa5de00cc11607dbf203435c13,2,357974384536858832855271,357974.384536858833
2024-11-01,34,1662627833,89c30e3af15d210736b2918fbd655c9842fd74f7,2,313706923820262614139366,313706.923820262614
2024-11-01,35,1194120111,43e00720bcbe904f70194300b58c46a3613bef4c,2,37000000000000000000000,37000.000000000000
2024-11-01,36,2145165906,12d737470fb3ec6c3deec9b518100bec9d520144,2,18681744571707339581013,18681.744571707340
2024-11-01,37,-18719154,d6ac6953fc1ad8664558a6d2e1e582089ff7a1dc,2,5990000000000000000000,5990.0000000000000000
2024-11-01,38,-26519314,fe837a3530dd566401d35befcd55582af7c4dffc,2,5007609476298589370551,5007.6094762985893706
2024-11-01,39,1777058200,543f7e4308dbba9cb94ce87d37bdcefed4489221,2,5000000000000000000000,5000.0000000000000000
2024-11-01,40,-43196954,4ce9c93513dff543bc392870d57df8c04e89ba0a,2,4350952127343265971711,4350.9521273432659717
2024-11-01,41,893398926,def171fe48cf0115b1d80b88dc8eab59176fee57,2,1589741041265953176355,1589.7410412659531764
2024-11-01,42,-100605810,349653545ae8a473574e73dc41fcfa5db943cc9c,2,845098319114445612704,845.0983191144456127
2024-11-01,43,1428282862,9edc71b24235ca9e3f147fd11af4cc559d51e9c1,2,1010000000000000000,1.0100000000000000
2024-11-01,44,1646478419,53207e216540125e322cda8a693b0b89576deb46,2,501000000000000000,0.50100000000000000000
2024-11-01,45,990456597,a648640060d5d00914c05c10bde3e0cba5c88cd2,2,200000000000000000,0.20000000000000000000
2024-11-01,46,-56343718,72e518ba868153a0a4d0ce275931bd4be3a7ddcd,2,344904501792,3.44904501792000000E-7
2024-11-01,47,-83017006,96f49d0e9724dfd8780fa667ac37a993f005cb94,1,10003982105200000000000000,10003982.105200000000
2024-11-01,48,-99375472,7db1644d6f9d88f12831cd6626289acf1ebe8348,1,3990032849637299222682563,3990032.849637299223
2024-11-01,49,1804345379,c08b122fb1057149f55d49d3d5cea0d083b37ffb,1,3000000137803000000000000,3000000.137803000000
2024-11-01,50,690932580,dbf5e9c5206d0db70a90108bf936da60221dc080,1,3000000000000000000000000,3000000.000000000000
2024-11-01,51,-91903764,d6891d1dffda6b0b1af3524018a1ee2e608785f7,1,2701913208215987000000000,2701913.208215987000
2024-11-01,52,964687425,3c0e16f15e408218077a91526bc0f907c64c0fa2,1,2284977533008365441483070,2284977.533008365441
2024-11-01,53,-98380667,2a55ec3d1da74338f70067ea808d2bc338586761,1,2240000000000000000000000,2240000.000000000000
2024-11-01,54,1426566060,f34b1bf36728dbee1ab4737134a6133680eaaa08,1,1911346172263706885343382,1911346.172263706885
2024-11-01,55,938584782,614e57c57e6da7b86bea5be977a95b0f94bf43eb,1,1677808258791441784441524,1677808.258791441784
2024-11-01,56,1285272328,733c33339684f38c8aada0434751611e168255c4,1,1600000000000000000000000,1600000.000000000000
2024-11-01,57,-49640310,182863131f9a4630ff9e27830d945b1413e347e8,1,1040433920048550829328849,1040433.920048550829
2024-11-01,58,-109658452,0ea715947b3276456d70fe15652054cd85556678,1,897086599552000000000000,897086.599552000000
2024-11-01,59,1557385949,6a1fac6b3466e29421f70d6eaa91a0de0f627ea2,1,808047920345617073787355,808047.920345617074
2024-11-01,60,1268223924,54e324219979c0d1e9a895122edaaaa3c02cb6b4,1,800000000000000000000000,800000.000000000000
2024-11-01,61,-43508306,41d72e209e95a118bff34be653486625fd4c8041,1,750000000000000000000000,750000.000000000000
2024-11-01,62,1004148940,2178e1d614fefb2b304db58f07116d89f948fda1,1,750000000000000000000000,750000.000000000000
2024-11-01,63,1790543088,1cebd13797636b94c5cad7108cebe42d2fce7732,1,733412000000000000000000,733412.000000000000
2024-11-01,64,1005161448,9a25d79ab755718e0b12bd3c927a010a543c2b31,1,621931344000000000000000,621931.344000000000
2024-11-01,65,2079979862,1eb866e3cf51e550d26ed2d9baf50510a99cac71,1,600000000000000000000000,600000.000000000000
2024-11-01,66,1911520791,ceb4581add9b665fdd5d73ef6983f026d8fbaf4c,1,500100000000000000000000,500100.000000000000
2024-11-01,67,1749974099,6cae28b3d09d8f8fc74ccd496ac986fc84c0c24e,1,443527641333942118445656,443527.641333942118
2024-11-01,68,-99619558,1601843c5e9bc251a3272907010afa41fa18347e,1,408552912810000000000000,408552.912810000000
2024-11-01,69,-50616460,2fec217a9eba080d6dfcaba9b4526bac50fe42e3,1,280400000000000000000000,280400.000000000000
2024-11-01,70,1426398615,e0470be8e86225524c386571450b4f6ecff769fb,1,269153660742914129049142,269153.660742914129
2024-11-01,71,846257977,a2da46f54cb24d0cf347b9af0ca331ad543fac3a,1,203966467145000000000000,203966.467145000000
2024-11-01,72,2058831532,352423e2fa5d5c99343d371c9e3bc56c87723cc7,1,184584000000000000000000,184584.000000000000
2024-11-01,73,803993959,1356b0b269a990efc859567f447d04069bb70393,1,160000000000000000000000,160000.000000000000
2024-11-01,74,1870931159,695cda920dd7e4f7218ffa8d2d5ab0476d38b87f,1,150000000000000000000000,150000.000000000000
2024-11-01,75,2111446199,348ba3fdcb226b030458b2cfed6d5fe5998ef04f,1,150000000000000000000000,150000.000000000000
2024-11-01,76,-101947660,9bbd78bf99ff21d75a0d1d94582cb7dd70f07339,1,144035397334285457102463,144035.397334285457
2024-11-01,77,879796213,76044ad07688782ffc57a8ca67007117427950f1,1,119995366444000000000000,119995.366444000000
2024-11-01,78,1972816222,b5591c65890332ab997855d4f59641c787583315,1,101142294982000000000000,101142.294982000000
2024-11-01,79,1428237752,33398091bb758c083912f7f39484aa232fea593c,1,101023030346347015402500,101023.030346347015
2024-11-01,80,1946994183,7669ea2a0c0edbcdd505246a991c3afdbbdfface,1,100023124471054658490545,100023.124471054658
2024-11-01,81,1571722990,99b95c60b2d68db15dffb11a71076a31ccaf1487,1,100000000000000000000000,100000.000000000000
2024-11-01,82,1813126170,72f4babea659934c18894f09d3a644cf9a754a29,1,100000000000000000000000,100000.000000000000
2024-11-01,83,317805013,c0a893145ad461af44241a7db5bb99b8998e7d2c,1,100000000000000000000000,100000.000000000000
2024-11-01,84,251728702,2dcce287659fe73315cb202ff49717422a5a64c0,1,100000000000000000000000,100000.000000000000
2024-11-01,85,1898454508,0be0ecfb3f9d2e8bb10b1e3a7c1d168efdd3da9d,1,99999764409850377670988,99999.764409850378
2024-11-01,86,1815112679,b5b3e8fb9d58a0fd13e9915baa127d28a57923cb,1,91844497789199923019776,91844.497789199923
2024-11-01,87,647513679,280d5bcbac352c6922fc0364aae6b51c77cb6d34,1,90037793955110214036913,90037.793955110214
2024-11-01,88,275454674,4919f5da960edaf34b36473c05a543d4c18bfc15,1,78966867590517130799782,78966.867590517131
2024-11-01,89,2145441183,48f809d6fa432eef3c67b81041f691c28ac4644e,1,75400000000000000000000,75400.000000000000
2024-11-01,90,2116479077,ad21afef693f7165bfa4fd41ad23ebe476e99b4c,1,71188992675662592000173,71188.992675662592
2024-11-01,91,1348117127,1d5d3c315824519b5e5c72a85994e42b90228aae,1,66500000000000000000000,66500.000000000000
2024-11-01,92,1159989886,7fa270537a779d9ccbd0c40c3a85469390b886cf,1,60003995177566058746885,60003.995177566059
2024-11-01,93,873938869,562e4e25f4bb991c66cdb74c4af3957e0ffd3f89,1,52685620000000000000000,52685.620000000000
2024-11-01,94,1066883987,46d5e1ad1dc8c222b615c249989388e19dfe758e,1,50000000000000000000000,50000.000000000000
2024-11-01,95,1457503608,d07f497c3d8cb785eef8652fbd98e0f681b31558,1,50000000000000000000000,50000.000000000000
2024-11-01,96,2096706950,07c5451472ba0794aae1fb8dc04cfaca81e220e8,1,46074370811913561964544,46074.370811913562
2024-11-01,97,1898242884,37a7172beb169786661172e318c5a12c4e76a253,1,45154028108278456564302,45154.028108278457
2024-11-01,98,2113662080,738744237b7fd97af670d9ddf54390c24263cea8,1,39047000000000000000000,39047.000000000000
2024-11-01,99,-81935873,6bb000067005450704003100632eb93ea00c0000,1,38792548111512810228121,38792.548111512810
2024-11-01,100,996162335,2142d846641b9434786cc64b510d825f7dfe2d33,1,33814689855935774218471,33814.689855935774
2024-12-01,1,881197687,9008d19f58aabd9ed0d60971565aa8510560ab41,140,47560418686849873264037660,47560418.686849873264
2024-12-01,2,-42155844,32a6268f9ba3642dda7892add74f1d34469a4259,109,35805283498640816918617238,35805283.498640816919
2024-12-01,3,-8676112,a3931d71877c0e7a3148cb7eb4463524fec27fbd,100,64977154487065274101647175,64977154.487065274102
2024-12-01,4,-115360032,1e094fe00e13fd06d64eea4fb3cd912893606fe0,68,2009066930725062697150916,2009066.930725062697
2024-12-01,5,-24742409,0650caf159c5a49f711e8169d4336ecb9b950275,44,17707510891127854915375893,17707510.891127854915
2024-12-01,6,-37413258,e9f1e2ef814f5686c30ce6fb7103d0f780836c67,40,55284583143226678613672,55284.583143226679
2024-12-01,7,2122197304,f2614a233c7c3e7f08b1f887ba133a13f1eb2c55,23,22139517299399592494416,22139.517299399592
2024-12-01,8,-60440021,5d409e56d886231adaf00c8775665ad0f9897b56,22,3856724500294399705427720,3856724.500294399705
2024-12-01,9,1586252096,3fc91a3afd70395cd496c647d5a6cc9d4b2b7fad,22,63505438638251788345235,63505.438638251788
2024-12-01,10,1899934735,111111125421ca6dc452d289314280a0f8842a65,19,11985586834933929167481015,11985586.834933929167
2024-12-01,11,-75482279,7d4958454a3f520bda8be764d06591b054b0bf33,18,8258230659340000000000000,8258230.659340000000
2024-12-01,12,1663246624,cf5540fffcdc3d510b18bfca6d2b9987b0772559,18,2003932253219018223568011,2003932.253219018224
2024-12-01,13,616036061,74de5d4fcbf63e00296fd95d33236b9794016631,18,68628783128181956118811,68628.783128181956
2024-12-01,14,-42170378,09aa30b182488f769a9824f15e6ce58591da4781,16,4486023448149510297806429,4486023.448149510298
2024-12-01,15,2145174805,70bf6634ee8cb27d04478f184b9b8bb13e5f4710,9,227355249822062794740903,227355.249822062795
2024-12-01,16,-24832139,10ab606b067c9c461d8893c47c7512472e19e2ce,8,675941076614145165152786,675941.076614145165
2024-12-01,17,1381791786,1111111254eeb25477b68fb85ed929f73a960582,8,261521886691300816635203,261521.886691300817
2024-12-01,18,-24757697,2621cc0b3f3c079c1db0e80794aa24976f0b9e3c,8,238825502741586819790033,238825.502741586820
2024-12-01,19,978376130,36014fbe13fed6dbb2e24b85c0c2fa9d6b7863a4,8,84446231647180000000000,84446.231647180000
2024-12-01,20,2068491642,0f4a1d7fdf4890be35e71f3e0bbc4a0ec377eca3,7,2318055821884403602568809,2318055.821884403603
2024-12-01,21,1364872031,1231deb6f5749ef6ce6943a275a1d3e7486f4eae,7,28333906900873030197464,28333.906900873030
2024-12-01,22,-23494170,d7852e139a7097e119623de0751ae53a61efb442,7,627338216352527227765,627.3382163525272278
2024-12-01,23,1401025421,007f7735baf391e207e3aa380bb53c4bd9a5fed6,6,27857680383344218843399,27857.680383344219
2024-12-01,24,1608787768,ad3b67bca8935cb510c8d18bd45f0b94f54a968f,5,220017226847211767940717,220017.226847211768
2024-12-01,25,-65727129,07f9a54dc5135b9878d6745e267625bf0e206840,5,129294817149567233597967,129294.817149567234
2024-12-01,26,1740827310,3e67e3e55f0e26d0c566910b51347e04222e808e,5,54955519851030000000000,54955.519851030000
2024-12-01,27,2054943978,6a000f20005980200259b80c5102003040001068,5,24027623272456018018914,24027.623272456018
2024-12-01,28,-90284824,00000688768803bbd44095770895ad27ad6b0d95,4,30173915039984927826992456,30173915.039984927827
2024-12-01,29,1728729509,f081470f5c6fbccf48cc4e5b82dd926409dcdd67,4,167638563122838050888420,167638.563122838051
2024-12-01,30,2105845464,55877bd7f2ee37bde55ca4b271a3631f3a7ef121,4,60689972561186574760071,60689.972561186575
2024-12-01,31,-14459460,1ac9c64368ec5a728d0dc5e80d3b14e92fc17efd,3,720550420000000000000000,720550.420000000000
2024-12-01,32,1749974099,6cae28b3d09d8f8fc74ccd496ac986fc84c0c24e,3,420651397680761450524216,420651.397680761451
2024-12-01,33,2145165906,12d737470fb3ec6c3deec9b518100bec9d520144,3,186812845872916355220721,186812.845872916355
2024-12-01,34,1516353794,d1236a6a111879d9862f8374ba15344b6b233fbd,3,30000000000000000000,30.0000000000000000
2024-12-01,35,-49640310,182863131f9a4630ff9e27830d945b1413e347e8,2,1115490901003207015624522,1115490.901003207016
2024-12-01,36,893398926,def171fe48cf0115b1d80b88dc8eab59176fee57,2,266618477296960111520328,266618.477296960112
2024-12-01,37,743824907,dd8e2dd11d38b3e27ad4d7349a61b5c2b5af427a,2,140500000000000000000000,140500.000000000000
2024-12-01,38,1949482770,c351e45db65d68585e180795537563d33b3716e7,2,82561546033120265689388,82561.546033120266
2024-12-01,39,758179194,2874aa935c118b8e170c35ae0e75e507d1332218,2,30008000000000000000000,30008.000000000000
2024-12-01,40,-43196954,4ce9c93513dff543bc392870d57df8c04e89ba0a,2,29576213580070654562141,29576.213580070655
2024-12-01,41,1616290500,c37e6d18ee56440b186257968a295eb54036821a,2,22000000000000000000000,22000.000000000000
2024-12-01,42,1699176572,51c72848c68a965f66fa7a88855f9f7784502a7f,2,21398852059864041621038,21398.852059864042
2024-12-01,43,2080679857,a9048585166f4f7c4589ade19567bb538035ed36,2,20702395247810671594247,20702.395247810672
2024-12-01,44,-29873304,6125f4a075a793d53307f077d22671c57f4d1d1a,2,17500000000000000000000,17500.000000000000
2024-12-01,45,1113847572,663dc15d3c1ac63ff12e45ab68fea3f0a883c251,2,11418254075342944633420,11418.254075342945
2024-12-01,46,1949204234,ed306e38bb930ec9646ff3d917b2e513a97530b1,2,8474708091653567565421,8474.7080916535675654
2024-12-01,47,666706392,25efa336886c74ea8e282ac466bdcd0199f85bb9,2,6648779231775010000000,6648.7792317750100000
2024-12-01,48,230510657,b8ba36e591facee901ffd3d5d82df491551ad7ef,2,2820403618440000000000,2820.4036184400000000
2024-12-01,49,24009231,e60efb936af0c8f2b596cd1e2fbaa36a08e5d1dd,2,1300947097995058348032,1300.9470979950583480
2024-12-01,50,1587123400,a7ca2c8673bcfa5a26d8ceec2887f2cc2b0db22a,2,488415139960800541583,488.4151399608005416
2024-12-01,51,91138,167a9333bf582556f35bd4d16a7e80e191aa6476,2,447215862760000000000,447.2158627600000000
2024-12-01,52,2065948288,f4bd99fc5439112a63dcd4bda819ea3101cce169,2,381000000000000000000,381.0000000000000000
2024-12-01,53,-48820591,db01707567cf99c2e2215f1bd8ca567d998415de,2,339297152399129326137,339.2971523991293261
2024-12-01,54,1600620284,aa7577a7a27aa7fcf6d0ec481b87df3ad0f6a88e,1,15000000000000000000000000,15000000.000000000000
2024-12-01,55,1804318336,a8c18057c5aaaaff6000d28a057a6994b2e09bfb,1,6200000000000000000000000,6200000.000000000000
2024-12-01,56,1539791159,728ac133a5c9250a61f7b27abbe7a823e786ff66,1,4321075000000000000000000,4321075.000000000000
2024-12-01,57,898309052,d09f16830172e6073e8e5ee5053f35010f1c7d7a,1,3371608742854000000000000,3371608.742854000000
2024-12-01,58,3808903,d553294b42bdfeb49d8f5a64e8b2d3a65fc673a9,1,2000000000000000000000000,2000000.000000000000
2024-12-01,59,724462713,1109297e392d92c1613fdbdf30579a0215c20da9,1,1744312933199318338758638,1744312.933199318339
2024-12-01,60,-101609060,51f9a21daa51bb04572c137bf9886b8db51dced7,1,1368456000000000000000000,1368456.000000000000
2024-12-01,61,531407942,5ec6abff9bb4c673f63d077a962a29945f744857,1,1200000000000000000000000,1200000.000000000000
2024-12-01,62,1700450641,8afed901714ac7753c5a410516f2d4396a48e9db,1,1000000000000000000000000,1000000.000000000000
2024-12-01,63,1790543088,1cebd13797636b94c5cad7108cebe42d2fce7732,1,800000000000000000000000,800000.000000000000
2024-12-01,64,592832080,d739c1382c761354b7064332b962f82dd27a84ec,1,800000000000000000000000,800000.000000000000
2024-12-01,65,-142631390,b449ac511e385650c7f838ac4520a1b66672143b,1,583855790000000000000000,583855.790000000000
2024-12-01,66,1798215613,42a285ab44114ee4d76054056e4c7c78ae01befb,1,500000000000000000000000,500000.000000000000
2024-12-01,67,54596232,f4dfcd61c36fc3ac374e52206c43253e14c2ffe2,1,500000000000000000000000,500000.000000000000
2024-12-01,68,-82917459,959ae7d2c3a37cc726c09e8d628555fff2f54600,1,460402507868000000000000,460402.507868000000
2024-12-01,69,577104870,a397d02928acaaf6553fd7e832413c5a732cf559,1,400000922254824405051372,400000.922254824405
2024-12-01,70,1881705237,491aa86f7d6544c594c6bd573f1adeb640bba32f,1,330000000000000000000000,330000.000000000000
2024-12-01,71,1562095040,79ebe380b16514e2710903e175b1ab52100d8cab,1,296000000000000000000000,296000.000000000000
2024-12-01,72,1910507837,25d79b33f52696b1dcd30d2c90bb90a12ed86cc5,1,250000000000000000000000,250000.000000000000
2024-12-01,73,-93992593,723f4b524012157d427a1487b49347bfe16a981b,1,250000000000000000000000,250000.000000000000
2024-12-01,74,814744195,3dc2e29297b69e7c75bbe7f2240cdd7fbce857bf,1,207891371998924961799904,207891.371998924962
2024-12-01,75,1175096046,9a67a9f0f4488a864e8d6e2c5adc4b378ab0aa28,1,204470000000000000000000,204470.000000000000
2024-12-01,76,2002106665,be2166bc69e1868e9a04c18e36af75900038341c,1,200113825418293784218044,200113.825418293784
2024-12-01,77,1691317155,b6bfa0017b912290ac0266a34c43a934e15454de,1,200000000000000000000000,200000.000000000000
2024-12-01,78,687792063,1991f978ed6a79a68c80be4a4de2728914a482b1,1,152915000766787230947283,152915.000766787231
2024-12-01,79,1959317896,086217d064afe5f52fb7693e1dffb282817f9a8e,1,150192714147000000000000,150192.714147000000
2024-12-01,80,830386008,b8e585cae06cdb78ed019a3f2198a0659b66c187,1,146705000000000000000000,146705.000000000000
2024-12-01,81,1988427831,fe624f588da7568aaf59326aa580a65d6be310bf,1,124789000000000000000000,124789.000000000000
2024-12-01,82,1892199077,ef23b47d6b3b254c95221fe6755bd5a45bf31e39,1,120000000000000000000000,120000.000000000000
2024-12-01,83,1641064458,3455795e9afadc1f14dc0949550b7979e85be949,1,100000000000000000000000,100000.000000000000
2024-12-01,84,686381152,ffaf7db3313f2effb6f772d7b1f3e01b6ecb09de,1,100000000000000000000000,100000.000000000000
2024-12-01,85,696104195,aee2ae13ebf81d38df5a9ed7013e80ea3f72e39b,1,100000000000000000000000,100000.000000000000
2024-12-01,86,-132694916,8a45e4fd620dbbf2202919df3c2088276793bf48,1,99979052793000001273856,99979.052793000001
2024-12-01,87,1348367443,2802c4451544c25550bec6c0ba493a043024526a,1,99841122859979301556571,99841.122859979302
2024-12-01,88,935705838,416bf0c000935bfeb47348ed0e697098c9376730,1,99725000000000000000000,99725.000000000000
2024-12-01,89,1568791734,b4b4f76a0e62c73a9e593431d3474c903c41b9ed,1,98864985581279169119755,98864.985581279169
2024-12-01,90,-52035513,592afe818b3da237b72fd6145db2ec4381cbbb27,1,82155869259253169378191,82155.869259253169
2024-12-01,91,1557544840,fb86a60a4d204de91421871c6d69cb40d21ae736,1,76011734113130317439333,76011.734113130317
2024-12-01,92,1594846807,f9cba1082b9d638706f5a305c4008c074593f711,1,73381137023857874123406,73381.137023857874
2024-12-01,93,1003557042,c1251ae6d44ce803ca2e476f63f6b395513bbcbd,1,60000000000000000000000,60000.000000000000
2024-12-01,94,924475909,31c71fada1dfcb347a13eb1826ff553d497ad50f,1,56383752089640000000000,56383.752089640000
2024-12-01,95,1813048911,4d4ef8c26cac6b7ba2e141f3d5b921cdff72934c,1,56336296703120265689388,56336.296703120266
2024-12-01,96,-6374640,49a41bdf37d0807293ab814f1859a5c599185ef0,1,56336296703120265689388,56336.296703120266
2024-12-01,97,1601759847,b6c09680d822f162449cdfb8248a7d3fc26ec9bf,1,53135000000000000000000,53135.000000000000
2024-12-01,98,-116155017,e6a12542f7b620ecb4c3856c964d339d5ba5cf07,1,52775041400000000000000,52775.041400000000
2024-12-01,99,1227078100,66d280b4da7da0c46e5f99c7ce7b945df0a0bc8c,1,52367000000000000000000,52367.000000000000
2024-12-01,100,-121802047,5f1dc84ba060ea3f7429c6a7bbedd9243cf1209b,1,50000000000000000000000,50000.000000000000
2025-01-01,1,881197687,9008d19f58aabd9ed0d60971565aa8510560ab41,186,32281039972515540217698778,32281039.972515540218
2025-01-01,2,-37413258,e9f1e2ef814f5686c30ce6fb7103d0f780836c67,103,71811255764031385564041,71811.255764031386
2025-01-01,3,-8676112,a3931d71877c0e7a3148cb7eb4463524fec27fbd,102,128920674803120014749249813,128920674.80312001
2025-01-01,4,-115360032,1e094fe00e13fd06d64eea4fb3cd912893606fe0,38,1495171694941577372766870,1495171.694941577373
2025-01-01,5,-24742409,0650caf159c5a49f711e8169d4336ecb9b950275,34,5797729312506998302682031,5797729.312506998303
2025-01-01,6,1586252096,3fc91a3afd70395cd496c647d5a6cc9d4b2b7fad,32,128558162483702457692600,128558.162483702458
2025-01-01,7,-42155844,32a6268f9ba3642dda7892add74f1d34469a4259,31,2345670228831084546657496,2345670.228831084547
2025-01-01,8,1678603403,3c5142f28567e6a0f172fd0baaf1f2847f49d02f,28,65232570000000000000000,65232.570000000000
2025-01-01,9,616036061,74de5d4fcbf63e00296fd95d33236b9794016631,20,40011502886993105793044,40011.502886993106
2025-01-01,10,2145174805,70bf6634ee8cb27d04478f184b9b8bb13e5f4710,13,1043544924674693638281640,1043544.924674693638
2025-01-01,11,978376130,36014fbe13fed6dbb2e24b85c0c2fa9d6b7863a4,13,66590623508430000000000,66590.623508430000
2025-01-01,12,1861713724,1ab4973a48dc892cd9971ece8e01dcc7688f8f23,12,317445566639720000000000,317445.566639720000
2025-01-01,13,2054943978,6a000f20005980200259b80c5102003040001068,10,987563972704261669762569,987563.972704261670
2025-01-01,14,2122197304,f2614a233c7c3e7f08b1f887ba133a13f1eb2c55,9,900004826061936340282,900.0048260619363403
2025-01-01,15,1663246624,cf5540fffcdc3d510b18bfca6d2b9987b0772559,8,1734918675939503277002332,1734918.675939503277
2025-01-01,16,-60440021,5d409e56d886231adaf00c8775665ad0f9897b56,8,213519694019772475909725,213519.694019772476
2025-01-01,17,2068491642,0f4a1d7fdf4890be35e71f3e0bbc4a0ec377eca3,7,30398811079739501393011728,30398811.079739501393
2025-01-01,18,-75482279,7d4958454a3f520bda8be764d06591b054b0bf33,7,1361642250852000000000000,1361642.250852000000
2025-01-01,19,1899934735,111111125421ca6dc452d289314280a0f8842a65,7,358343803986577636516534,358343.803986577637
2025-01-01,20,1364872031,1231deb6f5749ef6ce6943a275a1d3e7486f4eae,7,78969563219608023147366,78969.563219608023
2025-01-01,21,-24757697,2621cc0b3f3c079c1db0e80794aa24976f0b9e3c,6,71937629967727024045298,71937.629967727024
2025-01-01,22,1608787768,ad3b67bca8935cb510c8d18bd45f0b94f54a968f,5,64354153221478042532081,64354.153221478043
2025-01-01,23,-4231915,a1f14235dcc309f86205fac20786177f1258796e,5,20010000000000000000000,20010.000000000000
2025-01-01,24,1381791786,1111111254eeb25477b68fb85ed929f73a960582,5,1159546300320083549479,1159.5463003200835495
2025-01-01,25,-24832139,10ab606b067c9c461d8893c47c7512472e19e2ce,4,103464256641000000000000,103464.256641000000
2025-01-01,26,1587123400,a7ca2c8673bcfa5a26d8ceec2887f2cc2b0db22a,4,77643226332095167256346,77643.226332095167
2025-01-01,27,2000202299,888888888889758f76e7103c6cbf23abbf58f946,4,53473086258767807618101,53473.086258767808
2025-01-01,28,-90284824,00000688768803bbd44095770895ad27ad6b0d95,3,198991785710068165474509,198991.785710068165
2025-01-01,29,-164457340,b9e422ef76a06f2b30361d821a5f4751073771c3,3,72419791547714734762265,72419.791547714735
2025-01-01,30,1749974099,6cae28b3d09d8f8fc74ccd496ac986fc84c0c24e,3,26669430678258202283308,26669.430678258202
2025-01-01,31,1981486133,a781376098cbda8684a0bb41ef9544922aa22b6a,3,7302160000000000000000,7302.1600000000000000
2025-01-01,32,1113847572,663dc15d3c1ac63ff12e45ab68fea3f0a883c251,3,596837180125976654299,596.8371801259766543
2025-01-01,33,-166443550,2540ff76ebd375691528665634fb15b118e73b3e,2,1380228404497662998172503,1380228.404497662998
2025-01-01,34,-42170378,09aa30b182488f769a9824f15e6ce58591da4781,2,1166750000000000000000000,1166750.000000000000
2025-01-01,35,1961512256,90619437b5f0de67f43d23012e6a270532c11325,2,535301384843842876056415,535301.384843842876
2025-01-01,36,1961495826,5c7a8b0c6625ac6f6580e03a86893a71ceb713b0,2,353140904229924097239275,353140.904229924097
2025-01-01,37,-174176006,17ab3b4545fd1757c1b5d70943d2a13c7e44cb07,2,100506929049532279288779,100506.929049532279
2025-01-01,38,2098499766,dd1fe116c46658182ab11360e821800604edced5,2,96152137043082997117204,96152.137043082997
2025-01-01,39,49585174,6a80f38ea984297a489d7371a08657bde81b3ac7,2,80485297892000000000000,80485.297892000000
2025-01-01,40,-48820591,db01707567cf99c2e2215f1bd8ca567d998415de,2,79278888387060318179164,79278.888387060318
2025-01-01,41,1740827310,3e67e3e55f0e26d0c566910b51347e04222e808e,2,61117039186080000000000,61117.039186080000
2025-01-01,42,1715474201,78f8bd884c3d738b74b420540659c82f392820e0,2,47320896681000000000000,47320.896681000000
2025-01-01,43,674403423,154001a2f9f816389b2f6d9e07563ce0359d813d,2,37349304198743556208747,37349.304198743556
2025-01-01,44,1949482770,c351e45db65d68585e180795537563d33b3716e7,2,31569009924000000000000,31569.009924000000
2025-01-01,45,1105932400,00000000009726632680fb29d3f7a9734e3010e2,2,13488263624231949803646,13488.263624231950
2025-01-01,46,1839463422,2aa1420d322b97033705d190ae0c3b154b9e9bb3,2,8000000000000000000000,8000.0000000000000000
2025-01-01,47,-59352126,05654ff0cb3635fa5de00cc11607dbf203435c13,2,7837355523577333475966,7837.3555235773334760
2025-01-01,48,-165251543,05c45c965a96af8b846cc3025066d5680f31ca52,2,6422197971152447471616,6422.1979711524474716
2025-01-01,49,-43196954,4ce9c93513dff543bc392870d57df8c04e89ba0a,2,3906659399114497524780,3906.6593991144975248
2025-01-01,50,-137827967,ff3533c4641d708d24192cfbf137392c18709ba4,2,1900000000000000000000,1900.0000000000000000
2025-01-01,51,-171601999,b5bb14252099caef65912ad2f1bbd9434cf24c38,2,1000000000000000000000,1000.0000000000000000
2025-01-01,52,91138,167a9333bf582556f35bd4d16a7e80e191aa6476,2,3946329910000000000,3.9463299100000000
2025-01-01,53,1874221349,7e4e766d0ae5ea9cded0c694669194db92800107,1,8099962906895751414151326,8099962.906895751414
2025-01-01,54,2025189322,5938047220ad992df43cc57b7b06897bd5550e2b,1,2500000000000000000000000,2500000.000000000000
2025-01-01,55,819457661,cf7841fd47bf33004b07ede874e7afc714616231,1,1251882883778001072737236,1251882.883778001073
2025-01-01,56,636474488,65ae0ed283fa71fd0d22f13512d7e0bd9e54c14a,1,569999999000000000000000,569999.999000000000
2025-01-01,57,1023915661,9cbf099ff424979439dfba03f00b5961784c06ce,1,450000000000000000000000,450000.000000000000
2025-01-01,58,724976999,861fbb19287ed2ac3efda31a4add660c5f19e10c,1,429037035907731926594414,429037.035907731927
2025-01-01,59,-148073324,5141b82f5ffda4c6fe1e372978f1c5427640a190,1,291000000000000000000000,291000.000000000000
2025-01-01,60,1160002605,5c7a3f26697f960534a77ba33365efa98fbb13b0,1,287170800000000000000000,287170.800000000000
2025-01-01,61,1919486914,1b45e1f14ccadeea23ecd5fb13fc2c26456fd748,1,284966224905088635183490,284966.224905088635
2025-01-01,62,-49640310,182863131f9a4630ff9e27830d945b1413e347e8,1,257807895204964359024920,257807.895204964359
2025-01-01,63,1868478354,31034fb4a5212994f1540ab7067f721f152421ac,1,250000000000000000000000,250000.000000000000
2025-01-01,64,-145776749,0096069767a756dbd1cb6c9f82e2bc092ad43414,1,248969000000000000000000,248969.000000000000
2025-01-01,65,2096706950,07c5451472ba0794aae1fb8dc04cfaca81e220e8,1,220079459034000000000000,220079.459034000000
2025-01-01,66,1090224637,9f4f18ac9cc9de7c1441ac39ab2dbd7174fa1561,1,203000000000000000000000,203000.000000000000
2025-01-01,67,1882590712,f8b8ca21e8e461708d5c410f0d680e0272e6a199,1,200000012071000000000000,200000.012071000000
2025-01-01,68,2118893725,748110b42c5a1f8f87464c59c955da6f84e8f4f8,1,200000000000000000000000,200000.000000000000
2025-01-01,69,-193351473,fae87f411b860e15199615acf81442b7306bb0f6,1,200000000000000000000000,200000.000000000000
2025-01-01,70,-25369200,87806f61661dbc85cd89878c9938088fe3f7db24,1,199997989778000000000000,199997.989778000000
2025-01-01,71,1969262934,a83e883e16c9f7a516d4be0ed2fd2a582d6dab91,1,199859890003722211009572,199859.890003722211
2025-01-01,72,428448342,0ad2146502645670f30629834ff907efd6065d4f,1,151844474760000038397484,151844.474760000038
2025-01-01,73,-118186160,4c2c2bfd0ac78ebe3d27e28e412be7b19aceb2c3,1,120526954334707907274776,120526.954334707907
2025-01-01,74,-3180306,3dd4a2109d2b2c9cfedd6eb145f7ea018f5a40d2,1,116528978856000000000000,116528.978856000000
2025-01-01,75,-181840484,45aa5eb8d6f92cafa6edb184a78b2283c9f90cd3,1,107230152105129550352251,107230.152105129550
2025-01-01,76,-26664456,8c645ae763a2341a336629b1e6165c9ad28d90f2,1,102682379978690363617088,102682.379978690364
2025-01-01,77,1527078170,0f574d3e29224535533ed039e39c65911564770b,1,102132000000000000000000,102132.000000000000
2025-01-01,78,1190325980,267ef5780aefd2218f27f289c260588bb7b6eca7,1,100000000000000000000000,100000.000000000000
2025-01-01,79,-138990936,5323d348d536701521e9711ffab40b6dd51e35c3,1,99950000000000000000000,99950.000000000000
2025-01-01,80,-163689024,dae3db03307050b9c2b9c6ff664f96f9658b4b90,1,99914618421000000000000,99914.618421000000
2025-01-01,81,-121802047,5f1dc84ba060ea3f7429c6a7bbedd9243cf1209b,1,82259509590122610264066,82259.509590122610
2025-01-01,82,-36539353,85a1b835c28529da70c118c4e3851d4f48719f52,1,61506959007139713098286,61506.959007139713
2025-01-01,83,-139914406,68e2048a65eecb5b584ae3e43f4a5c8bc67406fc,1,55489018225000000000000,55489.018225000000
2025-01-01,84,1541993649,4e7c361be194beb26c3666225d4a7301b917ea87,1,54992758310000000000000,54992.758310000000
2025-01-01,85,1314788192,04213bf67204432a4d7ebc1fadf959e9950b0ea1,1,54126288949180987869029,54126.288949180988
2025-01-01,86,1985744925,e96c4a2c1e69ad03db8f2986b2083f414a694421,1,52246583061364773516068,52246.583061364774
2025-01-01,87,781508012,f8cef83b36da81cb1fa3b5d3f3ae63bc3ffd7dfe,1,50000000000000000000000,50000.000000000000
2025-01-01,88,1174323791,e677a2e88cc62b5b50c72b01821b3b4186526689,1,50000000000000000000000,50000.000000000000
2025-01-01,89,1638328445,04b78f44b58b66c20f48a5331c02dc6ea99b26c7,1,50000000000000000000000,50000.000000000000
2025-01-01,90,2080679857,a9048585166f4f7c4589ade19567bb538035ed36,1,49993694643889307354903,49993.694643889307
2025-01-01,91,-182021311,7fde637d685a5486ccb1b0a8ef658ad1a08e8337,1,49993694643889307354903,49993.694643889307
2025-01-01,92,-146623339,81c72e8b64626f1e50b52619d28da3459fe08062,1,49992717259000000000000,49992.717259000000
2025-01-01,93,1171277862,7647fc553bc8a03df9affbdc656ae159d894a40c,1,49971000000000000000000,49971.000000000000
2025-01-01,94,2123621406,ba7a03a37c0799a4182d1c4ca3bf3321f8ba3329,1,43842063705082160959973,43842.063705082161
2025-01-01,95,1974550976,d15e0269bda7ce0da8547ad01d29dba88ff67bf9,1,36629594342329443463147,36629.594342329443
2025-01-01,96,-160022375,0642ba4b832061b76a6b8242b3843ab02688964b,1,30569009924000000000000,30569.009924000000
2025-01-01,97,1205058240,6cc88a2d3425c037b7fac5400edff69874da07a1,1,30002686217260366000000,30002.686217260366
2025-01-01,98,1410759382,a765a629f11f538f6d67e3fdf799baed1506017d,1,30000000000000000000000,30000.000000000000
2025-01-01,99,2145165906,12d737470fb3ec6c3deec9b518100bec9d520144,1,25501884609796125379590,25501.884609796125
2025-01-01,100,1955472269,6541ee02afaadae3b7a46d552008f42a2d01c512,1,19889051686874193592320,19889.051686874194
2025-02-01,1,881197687,9008d19f58aabd9ed0d60971565aa8510560ab41,265,35628692066347620735316439,35628692.066347620735
2025-02-01,2,-8676112,a3931d71877c0e7a3148cb7eb4463524fec27fbd,263,133546979054581436503894498,133546979.05458144
2025-02-01,3,-115360032,1e094fe00e13fd06d64eea4fb3cd912893606fe0,55,1090195565638459319687898,1090195.565638459320
2025-02-01,4,2122197304,f2614a233c7c3e7f08b1f887ba133a13f1eb2c55,51,5158709218783897410511,5158.7092187838974105
2025-02-01,5,1899934735,111111125421ca6dc452d289314280a0f8842a65,48,1309618784341309815884901,1309618.784341309816
2025-02-01,6,-37413258,e9f1e2ef814f5686c30ce6fb7103d0f780836c67,46,102052216287908459863865,102052.216287908460
2025-02-01,7,2054943978,6a000f20005980200259b80c5102003040001068,45,776243533123263085949000,776243.533123263086
2025-02-01,8,-42155844,32a6268f9ba3642dda7892add74f1d34469a4259,44,9868266801680283898009644,9868266.801680283898
2025-02-01,9,-186122954,66a9893cc07d91d95644aedd05d03f95e1dba8af,42,309659673708957231162448,309659.673708957231
2025-02-01,10,2068491642,0f4a1d7fdf4890be35e71f3e0bbc4a0ec377eca3,41,29239231480982152880073371,29239231.480982152880
2025-02-01,11,-24742409,0650caf159c5a49f711e8169d4336ecb9b950275,38,4944344461047259950197675,4944344.461047259950
2025-02-01,12,-145776749,0096069767a756dbd1cb6c9f82e2bc092ad43414,33,165139079704000000000000,165139.079704000000
2025-02-01,13,616036061,74de5d4fcbf63e00296fd95d33236b9794016631,26,46899655367777396744651,46899.655367777397
2025-02-01,14,1861713724,1ab4973a48dc892cd9971ece8e01dcc7688f8f23,23,166674411214590000000000,166674.411214590000
2025-02-01,15,-24757697,2621cc0b3f3c079c1db0e80794aa24976f0b9e3c,22,63625604939207777425711504,63625604.939207777426
2025-02-01,16,1364872031,1231deb6f5749ef6ce6943a275a1d3e7486f4eae,22,154817125680318930034988,154817.125680318930
2025-02-01,17,1663246624,cf5540fffcdc3d510b18bfca6d2b9987b0772559,14,2857004322295946575902758,2857004.322295946576
2025-02-01,18,-194524076,0d0e364aa7852291883c162b22d6d81f6355428f,12,3014310478226214895783794,3014310.478226214896
2025-02-01,19,-42170378,09aa30b182488f769a9824f15e6ce58591da4781,10,24133766000000000000000000,24133766.000000000000
2025-02-01,20,-75482279,7d4958454a3f520bda8be764d06591b054b0bf33,10,6030479842772000000000000,6030479.842772000000
2025-02-01,21,1381791786,1111111254eeb25477b68fb85ed929f73a960582,10,8606324690491936358041,8606.3246904919363580
2025-02-01,22,-24832139,10ab606b067c9c461d8893c47c7512472e19e2ce,8,130886668583218090522872,130886.668583218091
2025-02-01,23,-75646373,5702a1fa2795384d4ff404a92f1716496d165161,8,34548300000000000000000,34548.300000000000
2025-02-01,24,978376130,36014fbe13fed6dbb2e24b85c0c2fa9d6b7863a4,8,30760031674880000000000,30760.031674880000
2025-02-01,25,-60440021,5d409e56d886231adaf00c8775665ad0f9897b56,7,12769968039416056963687,12769.968039416057
2025-02-01,26,-39866038,df9c440111a17eafbecf5db37dd04c948e878878,7,6794713201996937000448,6794.7132019969370004
2025-02-01,27,2080679857,a9048585166f4f7c4589ade19567bb538035ed36,6,3008617897129971403363159,3008617.897129971403
2025-02-01,28,-79620546,0000000000bbf5c5fd284e657f01bd000933c96d,6,1524045560058179056028009,1524045.560058179056
2025-02-01,29,-31047972,17a749f7fa0055618aa5f958d5aa13f5f5d19ea1,6,120287507210000000000000,120287.507210000000
2025-02-01,30,-49640310,182863131f9a4630ff9e27830d945b1413e347e8,5,243316688061430703635733,243316.688061430704
2025-02-01,31,-194510237,9ed181da6b359c3ee23c1d6912a6b4b0c349a165,5,235878802217882218441346,235878.802217882218
2025-02-01,32,1608787768,ad3b67bca8935cb510c8d18bd45f0b94f54a968f,5,96717807607641256147003,96717.807607641256
2025-02-01,33,1113847572,663dc15d3c1ac63ff12e45ab68fea3f0a883c251,5,6828907961058949537073,6828.9079610589495371
2025-02-01,34,1715474201,78f8bd884c3d738b74b420540659c82f392820e0,4,1176923143365000000000000,1176923.143365000000
2025-02-01,35,2018557174,a8c1c98aaf99a5dfc907d61b892b2ad624901185,4,125106769840452271254814,125106.769840452271
2025-02-01,36,920487408,ba9881f1cea8e3d76040a02d435ca48afbe74539,4,1000000000000000000000,1000.0000000000000000
2025-02-01,37,-107365268,9d6b911199b891c55a93e4bc635bf59e33d002d8,3,696262225536311668786301,696262.225536311669
2025-02-01,38,2137268073,f00644d53231de0c7642a7986480abe3eab9675d,3,501504510000000000000000,501504.510000000000
2025-02-01,39,2000202299,888888888889758f76e7103c6cbf23abbf58f946,3,489261890541490225167936,489261.890541490225
2025-02-01,40,-90284824,00000688768803bbd44095770895ad27ad6b0d95,3,168064463094672235398885,168064.463094672235
2025-02-01,41,-65636749,92282235a39be957ff1f37619fd22a9ae5507cb1,3,154776274753440177767464,154776.274753440178
2025-02-01,42,1740827310,3e67e3e55f0e26d0c566910b51347e04222e808e,3,31233683283540000000000,31233.683283540000
2025-02-01,43,1678603403,3c5142f28567e6a0f172fd0baaf1f2847f49d02f,3,14001000000000000000000,14001.000000000000
2025-02-01,44,-209882589,092f22f3f1a6f249a8d1ad38203558a6fe257a97,2,2224339732759000174821376,2224339.732759000175
2025-02-01,45,2065817764,613bab536cce2162f42e26e77fa1ea6eba531869,2,964796053088386974778021,964796.053088386975
2025-02-01,46,1829098834,20cfd2c06f1addb060f8b48c90932221a87c5636,2,852566840000000000000000,852566.840000000000
2025-02-01,47,-136048499,81463b0f960f247f704377661ec81c1fd65b5128,2,520942939539859440368909,520942.939539859440
2025-02-01,48,-196624826,7ba3e7a653194eb6c9949289e5ac99c609f8e197,2,513224460213588535380844,513224.460213588535
2025-02-01,49,-93992593,723f4b524012157d427a1487b49347bfe16a981b,2,200000000000000000000000,200000.000000000000
2025-02-01,50,1616290500,c37e6d18ee56440b186257968a295eb54036821a,2,46272498625768647692314,46272.498625768648
2025-02-01,51,973039789,a18731ee566a81628bf49f074c9f4ddfe81b3721,2,20024684839000009657680,20024.684839000010
2025-02-01,52,1690615553,2dc25851dd4064c08d6eebb0cdd5af7db8a8af62,2,17722120000000000000000,17722.120000000000
2025-02-01,53,1401025421,007f7735baf391e207e3aa380bb53c4bd9a5fed6,2,13183797449856484650033,13183.797449856485
2025-02-01,54,2105845464,55877bd7f2ee37bde55ca4b271a3631f3a7ef121,2,5000646820000000067149,5000.6468200000000671
2025-02-01,55,-183046666,f86fe90f44bf040e303d2aabc84d617063811607,2,5000000000000000000000,5000.0000000000000000
2025-02-01,56,2123621406,ba7a03a37c0799a4182d1c4ca3bf3321f8ba3329,2,3979464541742660344812,3979.4645417426603448
2025-02-01,57,1636575522,69460570c93f9de5e2edbc3052bf10125f0ca22d,2,777534920811701449613,777.5349208117014496
2025-02-01,58,-23494170,d7852e139a7097e119623de0751ae53a61efb442,2,422464110039840448095,422.4641100398404481
2025-02-01,59,1766050915,b2f72662ed42067ccce278f8462a0215b6adcabb,2,275744700044417881681,275.7447000444178817
2025-02-01,60,-133240596,306f8f47c68a4dd9e78022abd4eb00e721034f2f,2,216385963711163563596,216.3859637111635636
2025-02-01,61,1685736544,2dfadab8266483bed9fd9a292ce56596a2d1378d,2,102010998107847171723,102.0109981078471717
2025-02-01,62,1808379801,ace958933051f762d1b8872e3582a173d8279628,2,100000000000000000000,100.0000000000000000
2025-02-01,63,2138531805,7b457f227ffe8e3a1183b3ce310412db63440bf9,2,100000000000000000000,100.0000000000000000
2025-02-01,64,2106851551,c38e4e6a15593f908255214653d3d947ca1c2338,2,82401555907517035563,82.4015559075170356
2025-02-01,65,1543101446,6aa981bff95edfea36bdae98c26b274ffcafe8d3,2,46736612549604287659,46.7366125496042877
2025-02-01,66,1787308619,7e82cc073d0729c6d7f30b49a0d947ef02ae8b1e,2,2000000000000000000,2.0000000000000000
2025-02-01,67,1327161889,31fc82269a2d0122ab3f06530f8dba4ef7599de0,2,2000000000000000000,2.0000000000000000
2025-02-01,68,935671709,621fa2a2dff1012ce2989e583c407d060ef59754,2,1000000000000000000,1.00000000000000000000
2025-02-01,69,1612088793,3300f198988e4c9c63f75df86de36421f06af8c4,1,100000000000000000000000000,100000000.000000000000
2025-02-01,70,-25058922,688cc76d3b009d805ab6b4d0a1cbd228131b5cbf,1,50000000000000000000000000,50000000.000000000000
2025-02-01,71,2020872882,31173ed183e5a9450c3671018ec4d770c8a8bf18,1,50000000000000000000000000,50000000.000000000000
2025-02-01,72,2036261428,01d95c0cd698edb80bf92fb2fd8ef9b6529db1f1,1,6267500437084511913815321,6267500.437084511914
2025-02-01,73,899366797,f65475e74c1ed6d004d5240b06e3088724dfda5d,1,6154721238517035427358652,6154721.238517035427
2025-02-01,74,-204982729,eb6c3bfaf67e68e017846ca9032652432acabc70,1,5007970100000000000000000,5007970.100000000000
2025-02-01,75,768046820,5762face92f9fc11c2190ec06a2e31038b21092d,1,2200000000000000000000000,2200000.000000000000
2025-02-01,76,1237122711,00ed1eec34199ebf595ed6d6ec42e87eb835ce07,1,2013531904998196069200114,2013531.904998196069
2025-02-01,77,3808903,d553294b42bdfeb49d8f5a64e8b2d3a65fc673a9,1,2000000000000000000000000,2000000.000000000000
2025-02-01,78,1804318336,a8c18057c5aaaaff6000d28a057a6994b2e09bfb,1,2000000000000000000000000,2000000.000000000000
2025-02-01,79,1627131082,f3c5de0eab23702287d4793acbf0e18bf755b833,1,1231974349999999955180854,1231974.349999999955
2025-02-01,80,-186871234,5dc6833ccf1c46108bf1850a9f7e7ed3eb3c3c0a,1,1007583052515749509711504,1007583.052515749510
2025-02-01,81,1971469099,f0577f032c2f20c6d0562880dda979267ab9244d,1,1000762824233409545994240,1000762.824233409546
2025-02-01,82,-181705030,f29a32073c35f228144f3d4b787d76f47ed3771f,1,1000184171055000000000000,1000184.171055000000
2025-02-01,83,354122410,cb470dd050d929cb4dbf42f9dfe465e905d8453e,1,1000000000000000000000000,1000000.000000000000
2025-02-01,84,2076547525,523c15197a4fcf22467551c6e1c52ae29bc811fb,1,1000000000000000000000000,1000000.000000000000
2025-02-01,85,1461024510,c86c66c430d40523a126795b9f03242740583d12,1,740892653791165568822034,740892.653791165569
2025-02-01,86,1461951260,689b633a00ab3ea72a791ce2599dbb02cca25a6f,1,697773206852999525171200,697773.206852999525
2025-02-01,87,-181526249,2b739be0c868d03044670f2921f29dfb66b7f68d,1,523272376062000000000000,523272.376062000000
2025-02-01,88,2069827565,68d3a973e7272eb388022a5c6518d9b2a2e66fbf,1,500000000000000000000000,500000.000000000000
2025-02-01,89,-167424799,67b878c9eb0cca9694c8ec0b007af53b34a86256,1,500000000000000000000000,500000.000000000000
2025-02-01,90,-218048503,663de7931278c02802ab81928e99a7de5d6f7543,1,400030405793000091432945,400030.405793000091
2025-02-01,91,552076088,c42973b5496d6767ccfadd8612a3a12d4843a912,1,354783529060898783130286,354783.529060898783
2025-02-01,92,-192846248,93fa347d90ac1979d5935b1f81c8554c189ed0d1,1,354783529060898783130286,354783.529060898783
2025-02-01,93,1813126170,72f4babea659934c18894f09d3a644cf9a754a29,1,300000000000000000000000,300000.000000000000
2025-02-01,94,1158000867,8d2783e32bfa9da490427045911206179aae0fbc,1,300000000000000000000000,300000.000000000000
2025-02-01,95,2092829662,3d7464c836406f3fc9fdd17fe6e6108dcf7bb22c,1,300000000000000000000000,300000.000000000000
2025-02-01,96,1181042099,70fc4811c0e62b6c89d03d1fe718be06ec9fae88,1,300000000000000000000000,300000.000000000000
2025-02-01,97,1155236685,05c1b067835827cf73af2812be7c6f52a0970a3c,1,300000000000000000000000,300000.000000000000
2025-02-01,98,2116004531,88cecde3305cc211998b58c87af5c6db8be36ee6,1,297461561494276792882049,297461.561494276793
2025-02-01,99,1283418215,7ed7f89d01dca1b60bf8bc5882f7603b8ae900d9,1,263993534008738471021949,263993.534008738471
2025-02-01,100,597750052,15fe8337a6e23629fa09dc6e0f8b041d681ec995,1,252107565949849823443100,252107.565949849823
2025-03-01,1,-8676112,a3931d71877c0e7a3148cb7eb4463524fec27fbd,250,51236699505640134441574692,51236699.505640134442
2025-03-01,2,881197687,9008d19f58aabd9ed0d60971565aa8510560ab41,216,34406996037263988988088824,34406996.037263988988
2025-03-01,3,1821402570,f7b02288475a588c771e10ec18075cea920aa8f9,199,29850000000000000000000,29850.000000000000
2025-03-01,4,1861713724,1ab4973a48dc892cd9971ece8e01dcc7688f8f23,69,426261278615850000000000,426261.278615850000
2025-03-01,5,-42155844,32a6268f9ba3642dda7892add74f1d34469a4259,57,34341057943824397359647193,34341057.943824397360
2025-03-01,6,-24742409,0650caf159c5a49f711e8169d4336ecb9b950275,55,5777305132523711837636825,5777305.132523711838
2025-03-01,7,-186122954,66a9893cc07d91d95644aedd05d03f95e1dba8af,34,109777744914773358790177,109777.744914773359
2025-03-01,8,1899934735,111111125421ca6dc452d289314280a0f8842a65,32,2434003413634540751135808,2434003.413634540751
2025-03-01,9,-115360032,1e094fe00e13fd06d64eea4fb3cd912893606fe0,28,1095994624880864940394693,1095994.624880864940
2025-03-01,10,1364872031,1231deb6f5749ef6ce6943a275a1d3e7486f4eae,28,185357671900902893441561,185357.671900902893
2025-03-01,11,2054943978,6a000f20005980200259b80c5102003040001068,24,8475200724818940032472868,8475200.724818940032
2025-03-01,12,616036061,74de5d4fcbf63e00296fd95d33236b9794016631,21,3320687514074093954158,3320.6875140740939542
2025-03-01,13,-24757697,2621cc0b3f3c079c1db0e80794aa24976f0b9e3c,16,139751495346083027888176,139751.495346083028
2025-03-01,14,-24832139,10ab606b067c9c461d8893c47c7512472e19e2ce,15,1634145742587000000000000,1634145.742587000000
2025-03-01,15,-191393662,c02ab1a5eaa8d1b114ef786d9bde108cd4364359,15,95274540000000000000000,95274.540000000000
2025-03-01,16,-75482279,7d4958454a3f520bda8be764d06591b054b0bf33,13,4597774453135000000000000,4597774.453135000000
2025-03-01,17,-60440021,5d409e56d886231adaf00c8775665ad0f9897b56,12,2562918036308441322258404,2562918.036308441322
2025-03-01,18,-194524076,0d0e364aa7852291883c162b22d6d81f6355428f,12,1016505004129579923647756,1016505.004129579924
2025-03-01,19,1381791786,1111111254eeb25477b68fb85ed929f73a960582,12,4802616378832212851746,4802.6163788322128517
2025-03-01,20,2068491642,0f4a1d7fdf4890be35e71f3e0bbc4a0ec377eca3,11,587376388470832897516265,587376.388470832898
2025-03-01,21,1663246624,cf5540fffcdc3d510b18bfca6d2b9987b0772559,10,495225226131316809229749,495225.226131316809
2025-03-01,22,2105845464,55877bd7f2ee37bde55ca4b271a3631f3a7ef121,10,11707932937821184254975,11707.932937821184
2025-03-01,23,-37413258,e9f1e2ef814f5686c30ce6fb7103d0f780836c67,10,5429997688981276519903,5429.9976889812765199
2025-03-01,24,1749974099,6cae28b3d09d8f8fc74ccd496ac986fc84c0c24e,8,59074508024042879238175,59074.508024042879
2025-03-01,25,978376130,36014fbe13fed6dbb2e24b85c0c2fa9d6b7863a4,8,15021706256600000000000,15021.706256600000
2025-03-01,26,-48820591,db01707567cf99c2e2215f1bd8ca567d998415de,7,907560556555136075033457,907560.556555136075
2025-03-01,27,2018557174,a8c1c98aaf99a5dfc907d61b892b2ad624901185,7,9973745054661677004009,9973.7450546616770040
2025-03-01,28,-219732182,85cd07ea01423b1e937929b44e4ad8c40bbb5e71,7,994632191082308358197,994.6321910823083582
2025-03-01,29,2137268073,f00644d53231de0c7642a7986480abe3eab9675d,5,210997000000000000000000,210997.000000000000
2025-03-01,30,-49640310,182863131f9a4630ff9e27830d945b1413e347e8,5,59188330370310610561715,59188.330370310611
2025-03-01,31,-31047972,17a749f7fa0055618aa5f958d5aa13f5f5d19ea1,5,14391434286010000000000,14391.434286010000
2025-03-01,32,-103393091,45312ea0eff7e09c83cbe249fa1d7598c4c8cd4e,5,11211403177596139591296,11211.403177596140
2025-03-01,33,2106851551,c38e4e6a15593f908255214653d3d947ca1c2338,5,8380862210838209772030,8380.8622108382097720
2025-03-01,34,-29873304,6125f4a075a793d53307f077d22671c57f4d1d1a,5,7551846366011527921027,7551.8463660115279210
2025-03-01,35,-39866038,df9c440111a17eafbecf5db37dd04c948e878878,5,1622719799763395917441,1622.7197997633959174
2025-03-01,36,-154588610,beb0b0623f66be8ce162ebdfa2ec543a522f4ea6,5,25010281785596831614,25.0102817855968316
2025-03-01,37,1608787768,ad3b67bca8935cb510c8d18bd45f0b94f54a968f,4,511151280438004244377268,511151.280438004244
2025-03-01,38,-42170378,09aa30b182488f769a9824f15e6ce58591da4781,4,205250000000000000000000,205250.000000000000
2025-03-01,39,1578445358,19891541842162ad4311f14055e7221406213d67,4,98335000000000000000000,98335.000000000000
2025-03-01,40,-68117958,74e5c005e55bb87f52b2440cc1b989a4b6aea81f,4,32055032450539312486713,32055.032450539312
2025-03-01,41,1587123400,a7ca2c8673bcfa5a26d8ceec2887f2cc2b0db22a,4,2799481529628592623684,2799.4815296285926237
2025-03-01,42,1237122711,00ed1eec34199ebf595ed6d6ec42e87eb835ce07,3,2017366822170557938858317,2017366.822170557939
2025-03-01,43,1949482770,c351e45db65d68585e180795537563d33b3716e7,3,708774882488585930173670,708774.882488585930
2025-03-01,44,1372291665,3cf63891928b8ceebb81c95426600a18cd59c03f,3,47201350000000000000000,47201.350000000000
2025-03-01,45,-184734878,5f390e736231ff967b9fb6c57aceee4a7e2a6634,3,15197600000000000000000,15197.600000000000
2025-03-01,46,-254475664,57e3d5c6c5e411d922f80d6aff573fcf414ea7bd,3,8750000000000000000000,8750.0000000000000000
2025-03-01,47,2004298314,9ac7d14d57b444d3d5a7890f519a6864901be8ce,3,204603679574704540717,204.6036795747045407
2025-03-01,48,1685736544,2dfadab8266483bed9fd9a292ce56596a2d1378d,3,9067059581710913200,9.0670595817109132
2025-03-01,49,-218048503,663de7931278c02802ab81928e99a7de5d6f7543,2,1151921155523000841817666,1151921.155523000842
2025-03-01,50,-230588507,aac1f0140be1b31938285cb9980ae199d157791b,2,1000000000000000000000000,1000000.000000000000
2025-03-01,51,71897417,8df197cb5e95bd8a0dfaf15bfa60857ac66b6911,2,971178902232000000000000,971178.902232000000
2025-03-01,52,-121000495,3dc9a881fc9cc64730ae52b0ea9c3917ab901e40,2,500000916186177387151386,500000.916186177387
2025-03-01,53,-90284824,00000688768803bbd44095770895ad27ad6b0d95,2,195906808314631574328650,195906.808314631574
2025-03-01,54,-258138472,9be9ce3a6c9ff89c50fb554c9f1ef30bf083f6b5,2,160995792250000000000000,160995.792250000000
2025-03-01,55,-43196954,4ce9c93513dff543bc392870d57df8c04e89ba0a,2,117531326896040501726828,117531.326896040502
2025-03-01,56,-194510237,9ed181da6b359c3ee23c1d6912a6b4b0c349a165,2,99966537973657187105406,99966.537973657187
2025-03-01,57,-216280592,2c5cdf59ff686249dd6d369b78fb7daef2d849d3,2,50005728655090638651392,50005.728655090639
2025-03-01,58,1438646742,03da5c3b75503a1dda58e2bd23d4726b5ee8dd26,2,50000000000000000000000,50000.000000000000
2025-03-01,59,466811769,3f23d0e301c458b095a02b12e3bc4c752a844ed9,2,40185280000000000000000,40185.280000000000
2025-03-01,60,-199544742,8b75b33fdcf9cfeeeaa5a503fdb73398d7d9b5f8,2,27472246000000000000000,27472.246000000000
2025-03-01,61,2054030119,16e095a4fb75b4a41e2d35502286d7c20860d3e7,2,20000000000000000000000,20000.000000000000
2025-03-01,62,1610276628,9e72629df4fcaa2c2f5813fbbdc55064345431b1,2,16000000000000000000000,16000.000000000000
2025-03-01,63,-233581562,409861cec878d038708c7733986ae3ad345c2952,2,12935218925185626042676,12935.218925185626
2025-03-01,64,2006345964,67af43dea79806919dc593b6ee6634e0181e433c,2,12000000000000000000000,12000.000000000000
2025-03-01,65,1955635899,0c5622c027e6dbc348f87b1cd968f02cf43d2376,2,11057119417460041781886,11057.119417460042
2025-03-01,66,-79620546,0000000000bbf5c5fd284e657f01bd000933c96d,2,6643035383756100160105,6643.0353837561001601
2025-03-01,67,-141482175,376d7ae80800414bb4b62330fe380cfb76db6b23,2,5633831704874255022245,5633.8317048742550222
2025-03-01,68,1749966612,3f37c7d8e61c000085aac0515775b06a3412f36b,2,4253909261327767602791,4253.9092613277676028
2025-03-01,69,-37842445,666de9f9278e75c33dadcf3a8cd012cf09e7355d,2,3606649321971743553668,3606.6493219717435537
2025-03-01,70,-265977252,8ca3cff6d91c3e4656e7355649db2ce4ff0e2572,2,3500000000000000000000,3500.0000000000000000
2025-03-01,71,1696446561,00000047bb99ea4d791bb749d970de71ee0b1a34,2,1994000000000000000000,1994.0000000000000000
2025-03-01,72,2113445664,8105d985e4ca477f85d68af136146c0b5e0b7e73,2,900000000000000000000,900.0000000000000000
2025-03-01,73,43506437,6cc5f688a315f3dc28a7781717a9a798a59fda7b,2,676733292150000000000,676.7332921500000000
2025-03-01,74,1139883772,387a161c6b25aa854100abaed39274e51aaffffd,2,250897311006313792127,250.8973110063137921
2025-03-01,75,91138,167a9333bf582556f35bd4d16a7e80e191aa6476,2,136594516420000000000,136.5945164200000000
2025-03-01,76,1715474201,78f8bd884c3d738b74b420540659c82f392820e0,2,114983435891115383337,114.9834358911153833
2025-03-01,77,1007549238,b5dd722b87c129dd9e18bd53122c2e1d957cae43,2,100000000000000000000,100.0000000000000000
2025-03-01,78,1699176572,51c72848c68a965f66fa7a88855f9f7784502a7f,2,24754924452468899609,24.7549244524688996
2025-03-01,79,897444268,04f34aafd1cb080f5ad336532223c3a058b3f0b6,2,21211627368742526368,21.2116273687425264
2025-03-01,80,1581433419,0da9a6f9a45f55615e8cbde3f72754c037a0ef8e,2,21000000000000000000,21.0000000000000000
2025-03-01,81,-65727129,07f9a54dc5135b9878d6745e267625bf0e206840,2,12539539753418759590,12.5395397534187596
2025-03-01,82,-262449741,e7a1dfbbe0995a168159c813dcdd2f8d10f6a2ab,2,10000000000000000000,10.0000000000000000
2025-03-01,83,-262419347,44ccadab0a13896ce7eebb568807f413b2a2a9ce,2,10000000000000000000,10.0000000000000000
2025-03-01,84,-254920279,0d829e9693a016b2f81c2076103254499f6f8dd0,2,10000000000000000000,10.0000000000000000
2025-03-01,85,-262358549,c8d64c2c8da866e6fcc554619b86a78a34af439e,2,10000000000000000000,10.0000000000000000
2025-03-01,86,1677437476,fe0f2c40ae6486c1ac8a96ccebf15b6be8a4cb11,2,2000000000000000000,2.0000000000000000
2025-03-01,87,1458468513,83bacd979a331a97d65fe5bf3fd1373f5c27b372,2,1000000000000000000,1.00000000000000000000
2025-03-01,88,-42201529,a7ea0822a6348691c63c9bc4b89bc8b67e20ddb1,2,1000000000000000000,1.00000000000000000000
2025-03-01,89,-263253721,d88714e295da03a07bcb8ad4a4dbe87fa42d75f9,2,10535235488897,0.000010535235488897000000
2025-03-01,90,-232505764,db8f9cf64ff3948bb5a21116e8910a7dc8cbe37f,2,0,0E-36
2025-03-01,91,-91903764,d6891d1dffda6b0b1af3524018a1ee2e608785f7,2,0,0E-36
2025-03-01,92,1678603403,3c5142f28567e6a0f172fd0baaf1f2847f49d02f,2,0,0E-36
2025-03-01,93,1091284663,66e2a637cc99dd0bfe1922a77cf747de727836b0,2,0,0E-36
2025-03-01,94,-93918587,69d1bbd881817795811e3e2973716ddc98bfe9b2,1,12001500000000000000000000,12001500.000000000000
2025-03-01,95,2119729236,81ebde24453b8e40454616579ea79c79a197699d,1,2000000000000000000000000,2000000.000000000000
2025-03-01,96,2089603616,db6e9e7390e9acc34619e56efa48ade01cff6f12,1,1700228301900000000000000,1700228.301900000000
2025-03-01,97,-2840622,bd81af754bb298744147b8bd451e10a92b719e32,1,1688794181684842296570253,1688794.181684842297
2025-03-01,98,2069827565,68d3a973e7272eb388022a5c6518d9b2a2e66fbf,1,1600147554808558318467804,1600147.554808558318
2025-03-01,99,677986434,e75d77b1865ae93c7eaa3040b038d7aa7bc02f70,1,1201708453979212295129412,1201708.453979212295
2025-03-01,100,-264712810,6f5e1986d734e20cb5f4b6318b6440c6d428625f,1,1201708453979212295129412,1201708.453979212295
2025-04-01,1,881197687,9008d19f58aabd9ed0d60971565aa8510560ab41,167,18828316548956270367939869,18828316.548956270368
2025-04-01,2,-8676112,a3931d71877c0e7a3148cb7eb4463524fec27fbd,119,22642975965331935473032075,22642975.965331935473
2025-04-01,3,-24742409,0650caf159c5a49f711e8169d4336ecb9b950275,60,28548922843329339413760673,28548922.843329339414
2025-04-01,4,1844716471,bbbbbbbbbb9cc5e90e3b3af64bdaf62c37eeffcb,29,89550835071016584400000,89550.835071016584
2025-04-01,5,-191393662,c02ab1a5eaa8d1b114ef786d9bde108cd4364359,28,5912715343738018262137674,5912715.343738018262
2025-04-01,6,-42155844,32a6268f9ba3642dda7892add74f1d34469a4259,28,2421038862417791476717661,2421038.862417791477
2025-04-01,7,-186122954,66a9893cc07d91d95644aedd05d03f95e1dba8af,26,58021135311680148764345,58021.135311680149
2025-04-01,8,-24757697,2621cc0b3f3c079c1db0e80794aa24976f0b9e3c,25,94593660676576309898626,94593.660676576310
2025-04-01,9,1899934735,111111125421ca6dc452d289314280a0f8842a65,23,2728364216250080937847029,2728364.216250080938
2025-04-01,10,1364872031,1231deb6f5749ef6ce6943a275a1d3e7486f4eae,22,3910229993503201755231056,3910229.993503201755
2025-04-01,11,-24832139,10ab606b067c9c461d8893c47c7512472e19e2ce,21,2868423514920000000000000,2868423.514920000000
2025-04-01,12,-115360032,1e094fe00e13fd06d64eea4fb3cd912893606fe0,16,649550801707319435295181,649550.801707319435
2025-04-01,13,1663246624,cf5540fffcdc3d510b18bfca6d2b9987b0772559,15,445079487019775120912170,445079.487019775121
2025-04-01,14,616036061,74de5d4fcbf63e00296fd95d33236b9794016631,13,51294815259157867574075,51294.815259157868
2025-04-01,15,1861713724,1ab4973a48dc892cd9971ece8e01dcc7688f8f23,13,46497538164570000000000,46497.538164570000
2025-04-01,16,-194524076,0d0e364aa7852291883c162b22d6d81f6355428f,12,677291189731061138141991,677291.189731061138
2025-04-01,17,2054943978,6a000f20005980200259b80c5102003040001068,12,382487015069773093713965,382487.015069773094
2025-04-01,18,978376130,36014fbe13fed6dbb2e24b85c0c2fa9d6b7863a4,11,15220659455510000000000,15220.659455510000
2025-04-01,19,-237550007,eeeeee9ec4769a09a76a83c7bc42b185872860ee,11,7860106818677613569395,7860.1068186776135694
2025-04-01,20,1381791786,1111111254eeb25477b68fb85ed929f73a960582,9,25195838563858284332190,25195.838563858284
2025-04-01,21,-31047972,17a749f7fa0055618aa5f958d5aa13f5f5d19ea1,7,34977211105150000000000,34977.211105150000
2025-04-01,22,-37413258,e9f1e2ef814f5686c30ce6fb7103d0f780836c67,7,22718691357086446776175,22718.691357086447
2025-04-01,23,-154588610,beb0b0623f66be8ce162ebdfa2ec543a522f4ea6,7,3355110092837547271,3.3551100928375473
2025-04-01,24,2068491642,0f4a1d7fdf4890be35e71f3e0bbc4a0ec377eca3,6,18464475877474552954255,18464.475877474553
2025-04-01,25,1699176572,51c72848c68a965f66fa7a88855f9f7784502a7f,6,1348350287501067721324,1348.3502875010677213
2025-04-01,26,-75482279,7d4958454a3f520bda8be764d06591b054b0bf33,4,338039080264000000000000,338039.080264000000
2025-04-01,27,-60440021,5d409e56d886231adaf00c8775665ad0f9897b56,4,90131906973014659896824,90131.906973014660
2025-04-01,28,1787308619,7e82cc073d0729c6d7f30b49a0d947ef02ae8b1e,4,10499000000000000000000,10499.000000000000
2025-04-01,29,-114130009,15392211222b46a0ea85a9a800830486d144848d,4,39793873703942517534,39.7938737039425175
2025-04-01,30,1804238161,41493259ada007ea557a49aa7a1a12ba1f7c8188,3,1000000000000000000000000,1000000.000000000000
2025-04-01,31,-239950818,2d5805a423d6ce771f06972ad4499f120902631a,3,423133834227063820834198,423133.834227063821
2025-04-01,32,-90284824,00000688768803bbd44095770895ad27ad6b0d95,3,138884371862661651434452,138884.371862661651
2025-04-01,33,2106713580,e6b1de575e7e610889ea21024834e120f92033a3,3,44286649734294755921368,44286.649734294756
2025-04-01,34,1608787768,ad3b67bca8935cb510c8d18bd45f0b94f54a968f,3,20504043842422065893233,20504.043842422066
2025-04-01,35,-39866038,df9c440111a17eafbecf5db37dd04c948e878878,3,5370719759732055246770,5370.7197597320552468
2025-04-01,36,2105845464,55877bd7f2ee37bde55ca4b271a3631f3a7ef121,3,506490621304903389616,506.4906213049033896
2025-04-01,37,-269217930,850e09eff92cb8a36c3a8e0c808e2d07cd8744a0,3,38393530750912190935,38.3935307509121909
2025-04-01,38,-230510729,62b5262d3639ea5a8ec0d8aa442f1135ecf77205,3,30000000000000000000,30.0000000000000000
2025-04-01,39,1678603403,3c5142f28567e6a0f172fd0baaf1f2847f49d02f,3,12000000000000000000,12.0000000000000000
2025-04-01,40,2113044528,ca5c9efb78f0d608f9562c0ae5352a61e417ee2d,3,3000000000000000000,3.0000000000000000
2025-04-01,41,-42170378,09aa30b182488f769a9824f15e6ce58591da4781,2,20007500000000000000000000,20007500.000000000000
2025-04-01,42,1320103172,0a4f6ecb214dc1d9acdd99743b4dcc58ccc088b9,2,6519168458576384413404816,6519168.458576384413
2025-04-01,43,1767844823,fbca5c7138892f987313d9fa615ecb3a35997351,2,6519168458576384413404816,6519168.458576384413
2025-04-01,44,-314032394,012e58ac66b4993198f0927e61a8230fa1c70a41,2,1000000000000000000000000,1000000.000000000000
2025-04-01,45,1891692222,e86ad01212bbb97ed85e117a5ec797123957844b,2,400000000000000000000000,400000.000000000000
2025-04-01,46,1857988448,38998fd784f4d29cdfdd2454442d2fed1d6de4f5,2,132771990269874640857826,132771.990269874641
2025-04-01,47,1766704212,abe2c0da8252f7614013d7b066c3e400b25bcf40,2,109031178389160731775775,109031.178389160732
2025-04-01,48,2125238339,f00000003d31d4ab730a8e269ae547f8f76996ba,2,61695234157045967196442,61695.234157045967
2025-04-01,49,2141996952,8c73d82268abf4e8c0715d0f8a34f636549c933c,2,51700450560395414000000,51700.450560395414
2025-04-01,50,-1822800,0afe8ca755e18e858fc5dd6b6aba7b39ba176d1b,2,30000000000000000000000,30000.000000000000
2025-04-01,51,2056246308,ad78662714cd0042b4c602a8e18d0e4a25cf79d7,2,16500000001195420191837,16500.000001195420
2025-04-01,52,1168200343,273c90a6e64fa5acb2955c776de0e9002b37f30b,2,11041839281000000000000,11041.839281000000
2025-04-01,53,2106851551,c38e4e6a15593f908255214653d3d947ca1c2338,2,10195101278861844792544,10195.101278861845
2025-04-01,54,1636575522,69460570c93f9de5e2edbc3052bf10125f0ca22d,2,5530483294664674005531,5530.4832946646740055
2025-04-01,55,-49640310,182863131f9a4630ff9e27830d945b1413e347e8,2,5151243233215637260820,5151.2432332156372608
2025-04-01,56,-194510237,9ed181da6b359c3ee23c1d6912a6b4b0c349a165,2,4278369681097800155642,4278.3696810978001556
2025-04-01,57,1740827310,3e67e3e55f0e26d0c566910b51347e04222e808e,2,2956655170919831592804,2956.6551709198315928
2025-04-01,58,1578445358,19891541842162ad4311f14055e7221406213d67,2,2800000000000000000000,2800.0000000000000000
2025-04-01,59,2018557174,a8c1c98aaf99a5dfc907d61b892b2ad624901185,2,1999244949117285304791,1999.2449491172853048
2025-04-01,60,230510657,b8ba36e591facee901ffd3d5d82df491551ad7ef,2,676420196280000000000,676.4201962800000000
2025-04-01,61,1884605646,13da745ed08bf28feef9a53409e3a927e0925c33,2,115500494159600000000,115.5004941596000000
2025-04-01,62,893398926,def171fe48cf0115b1d80b88dc8eab59176fee57,2,60727645621640024103,60.7276456216400241
2025-04-01,63,-300399637,43da551e11888839ba2fa98cf421dabb3fb8bd03,2,20300642968959987086,20.3006429689599871
2025-04-01,64,1587123400,a7ca2c8673bcfa5a26d8ceec2887f2cc2b0db22a,2,10137411805054817755,10.1374118050548178
2025-04-01,65,-278800533,511ecc909b49d5f6db5ff0dd8dcdb272c8bc6569,2,10000000000000000000,10.0000000000000000
2025-04-01,66,-288523661,d310d2b300da469fbc971cfb96b8168628cda290,2,7000000000000000000,7.0000000000000000
2025-04-01,67,1526126162,2f2dd99235cb728fc79af575f1325eaa270f0c99,2,5392601629632455673,5.3926016296324557
2025-04-01,68,-274531928,cb46575288c24fbbc9fe2a2cdb7ae30d9f183bd9,2,5027140127828712662,5.0271401278287127
2025-04-01,69,-43196954,4ce9c93513dff543bc392870d57df8c04e89ba0a,2,910330745074953728,0.91033074507495372800
2025-04-01,70,-303826719,cb575b3de1224469b6fb4d7f03ace1bed5c92e0b,2,1047922702622,0.000001047922702622000000
2025-04-01,71,-125606842,bbccd96ce7c68e6289e37bf53dabfe62d136e25e,2,0,0E-36
2025-04-01,72,899366797,f65475e74c1ed6d004d5240b06e3088724dfda5d,1,6519168458576384413404816,6519168.458576384413
2025-04-01,73,690932580,dbf5e9c5206d0db70a90108bf936da60221dc080,1,4024588608045000625737728,4024588.608045000626
2025-04-01,74,-254185050,6a5efa07ba90c4e218185ad54e099c070b11e386,1,409161706350274359390738,409161.706350274359
2025-04-01,75,1994742171,06092040f47059c8b78b2da82dfb5f8f34d731f2,1,399668340982000000000001,399668.340982000000
2025-04-01,76,1749974099,6cae28b3d09d8f8fc74ccd496ac986fc84c0c24e,1,363818086853941184850798,363818.086853941185
2025-04-01,77,-240178650,c3ddf7aac8e2c063951fbd606d8d1673b80fc48e,1,257341822403625243763777,257341.822403625244
2025-04-01,78,117723820,607db376b0edef8cbf346443de2395f046140b1e,1,173375079348706351440616,173375.079348706351
2025-04-01,79,2053817345,f58ab4ee9a8f3191b564721174faa0d3d7b30736,1,164999754713000024952184,164999.754713000025
2025-04-01,80,1732202157,daad033cc62271551a7dde9f1ac2f073303123c8,1,102527842046239719266385,102527.842046239719
2025-04-01,81,-288820674,b22ede39b827edd8d3b62b3d25c2456d008c81c5,1,96972683337000000000000,96972.683337000000
2025-04-01,82,-286698512,4a4c4a637870ed6b3b5b090dc0ee1b719586bd71,1,96638029189000062044968,96638.029189000062
2025-04-01,83,-305144040,facf982ce7cddda9eaa8ad648b289240db08393f,1,82643000000000000000000,82643.000000000000
2025-04-01,84,-271347258,88eb02e3e9a74aa7b9eb2b91af504b9a156be59d,1,80961031381276766288074,80961.031381276766
2025-04-01,85,832796325,d360ecb91406717ad13c4fae757b69b417e2af6b,1,74041906973014659896824,74041.906973014660
2025-04-01,86,2028937774,eee62f05f890707ae1483242005235d54be853af,1,59999260000000000000000,59999.260000000000
2025-04-01,87,-254414029,2f161912dee9a0a456d19449a247b8823c5f19d1,1,50000000000000000000000,50000.000000000000
2025-04-01,88,-158959130,653ba35b140eee1e2775d17bce5238120307c8a8,1,47869645780000000000000,47869.645780000000
2025-04-01,89,1975444211,06f1f8ac2f4908322296f09651e2d599b724533e,1,40000000000000000000000,40000.000000000000
2025-04-01,90,929317943,f6f0018ba5edb57755aa67c35726ea0d99d697da,1,35000000000000000000000,35000.000000000000
2025-04-01,91,2067939886,bbb6ab9406a97bbd77f54345870d281a275ad6b2,1,32000000000000000000000,32000.000000000000
2025-04-01,92,4154786,10f32ad771a8d0cf148f2970690137eae017462b,1,31193464074541587138089,31193.464074541587
2025-04-01,93,-159872278,9d4512c43c580be2d6a7517d6777fac46131a9d6,1,31000351297000000000000,31000.351297000000
2025-04-01,94,1949519327,11e048f19844b7baa6d9ea4a20ed4facf7b757b2,1,31000351297000000000000,31000.351297000000
2025-04-01,95,1106948172,c7af29a29dbebc4437736fa61b209f95703c5d84,1,30051408959412290763882,30051.408959412291
2025-04-01,96,-295775853,ffe1455b2bf7f5093521f4f8c2d19c411271b6dd,1,30000000000000000000000,30000.000000000000
2025-04-01,97,-233284922,01f434fbc75ccd0ca5ee1b0b4d1dfa475e764752,1,29578317731329017380864,29578.317731329017
2025-04-01,98,-240263354,621ee6524245f054cc69a384e07dcba527fd653a,1,28808351655091405700501,28808.351655091406
2025-04-01,99,1715474201,78f8bd884c3d738b74b420540659c82f392820e0,1,27086744596000000000000,27086.744596000000
2025-04-01,100,1541986549,4bec468eaa352d854089828d0df39b56a5b0bba3,1,20977958413390036975567,20977.958413390037
2025-05-01,1,1899934735,111111125421ca6dc452d289314280a0f8842a65,274,6948715014060535334056170,6948715.014060535334
2025-05-01,2,-191393662,c02ab1a5eaa8d1b114ef786d9bde108cd4364359,237,25825651742515922835620977,25825651.742515922836
2025-05-01,3,-320491723,508defdb5dd2adeefe36f58fdcd75d6efa36697b,225,1885616942632114528125363,1885616.942632114528
2025-05-01,4,881197687,9008d19f58aabd9ed0d60971565aa8510560ab41,183,31610327503899650835511561,31610327.503899650836
2025-05-01,5,-8676112,a3931d71877c0e7a3148cb7eb4463524fec27fbd,183,11764040854809380628129630,11764040.854809380628
2025-05-01,6,2000202299,888888888889758f76e7103c6cbf23abbf58f946,89,771935612752534368066788,771935.612752534368
2025-05-01,7,-42155844,32a6268f9ba3642dda7892add74f1d34469a4259,77,37583761219809714033824819,37583761.219809714034
2025-05-01,8,-24742409,0650caf159c5a49f711e8169d4336ecb9b950275,48,6851750769221570256378122,6851750.769221570256
2025-05-01,9,1844716471,bbbbbbbbbb9cc5e90e3b3af64bdaf62c37eeffcb,46,285639234433751060990000,285639.234433751061
2025-05-01,10,1364872031,1231deb6f5749ef6ce6943a275a1d3e7486f4eae,38,110170596922081093605972,110170.596922081094
2025-05-01,11,-186122954,66a9893cc07d91d95644aedd05d03f95e1dba8af,38,36310662360689933362080,36310.662360689933
2025-05-01,12,-37413258,e9f1e2ef814f5686c30ce6fb7103d0f780836c67,34,97119237991278067181979,97119.237991278067
2025-05-01,13,-24832139,10ab606b067c9c461d8893c47c7512472e19e2ce,26,10119463467017000000000000,10119463.467017000000
2025-05-01,14,1663246624,cf5540fffcdc3d510b18bfca6d2b9987b0772559,22,672693728533614951061872,672693.728533614951
2025-05-01,15,-154588610,beb0b0623f66be8ce162ebdfa2ec543a522f4ea6,19,222948234936467614821,222.9482349364676148
2025-05-01,16,1861713724,1ab4973a48dc892cd9971ece8e01dcc7688f8f23,18,724120416288120000000000,724120.416288120000
2025-05-01,17,-308439145,5418226af9c8d5d287a78fbbbcd337b86ec07d61,18,389286155038492086564936,389286.155038492087
2025-05-01,18,-237550007,eeeeee9ec4769a09a76a83c7bc42b185872860ee,18,72609755218357553655147,72609.755218357554
2025-05-01,19,616036061,74de5d4fcbf63e00296fd95d33236b9794016631,15,87946700096823564372033,87946.700096823564
2025-05-01,20,-323985955,e6c5dc8508939b1c417f83b7fed3149ef22cf3ff,14,899380253650607161206993,899380.253650607161
2025-05-01,21,-115360032,1e094fe00e13fd06d64eea4fb3cd912893606fe0,13,811999820655396455483224,811999.820655396455
2025-05-01,22,1381791786,1111111254eeb25477b68fb85ed929f73a960582,13,52684029758365942770885,52684.029758365943
2025-05-01,23,-323129525,6e4141d33021b52c91c28608403db4a0ffb50ec6,12,301624877183568864727662,301624.877183568865
2025-05-01,24,-103393091,45312ea0eff7e09c83cbe249fa1d7598c4c8cd4e,11,236745776438007990878163,236745.776438007991
2025-05-01,25,1699176572,51c72848c68a965f66fa7a88855f9f7784502a7f,11,133051478945317989571,133.0514789453179896
2025-05-01,26,1471479638,383e1c338b6a2aae082f92a8b99e41f0b6feb1b8,11,121000000000000000000,121.0000000000000000
2025-05-01,27,-49640310,182863131f9a4630ff9e27830d945b1413e347e8,10,15854205520952326570930122,15854205.520952326571
2025-05-01,28,978376130,36014fbe13fed6dbb2e24b85c0c2fa9d6b7863a4,10,13547803557890000000000,13547.803557890000
2025-05-01,29,-24757697,2621cc0b3f3c079c1db0e80794aa24976f0b9e3c,9,32062963716598262449085,32062.963716598262
2025-05-01,30,2105845464,55877bd7f2ee37bde55ca4b271a3631f3a7ef121,9,12132499048780001378212,12132.499048780001
2025-05-01,31,1608787768,ad3b67bca8935cb510c8d18bd45f0b94f54a968f,8,493057936409305434316995,493057.936409305434
2025-05-01,32,2018557174,a8c1c98aaf99a5dfc907d61b892b2ad624901185,8,85417600972401193540356,85417.600972401194
2025-05-01,33,-315012604,3ced11c610556e5292fbc2e75d68c3899098c14c,8,1440256217391225791541,1440.2562173912257915
2025-05-01,34,2054943978,6a000f20005980200259b80c5102003040001068,7,1133725425456174007188187,1133725.425456174007
2025-05-01,35,-60440021,5d409e56d886231adaf00c8775665ad0f9897b56,7,903040634336816357925681,903040.634336816358
2025-05-01,36,-235906611,ae68b7117be0026cbd4366303f74eecbb19e4042,7,20329720494258260701250,20329.720494258261
2025-05-01,37,2106851551,c38e4e6a15593f908255214653d3d947ca1c2338,7,5800652557633322692657,5800.6525576333226927
2025-05-01,38,1022721082,25a62b8d35939d85ef38e84caec6f332678e2158,7,3700000000000000000,3.7000000000000000
2025-05-01,39,2068491642,0f4a1d7fdf4890be35e71f3e0bbc4a0ec377eca3,6,303504083788856979441876,303504.083788856979
2025-05-01,40,-349989321,6b3441b121cadba4af1e92e9dd9ed3c0aa415e26,6,4796714896817602244981,4796.7148968176022450
2025-05-01,41,-269361482,def1fce2df6270fdf7e1214343bebbab8583d43d,5,143214578150324445532142,143214.578150324446
2025-05-01,42,937057252,5baac7ccda079839c9524b90df81720834fc039f,5,25000000000000000000000,25000.000000000000
2025-05-01,43,1833265138,000000000000c9b3e2c3ec88b1b4c0cd853f4321,5,2610296611267609601390,2610.2966112676096014
2025-05-01,44,-308441982,d71baacbcb10720b16a63620605cb4b962c47d20,5,528577573309999644426,528.5775733099996444
2025-05-01,45,-90284824,00000688768803bbd44095770895ad27ad6b0d95,4,183581728644803303799063,183581.728644803304
2025-05-01,46,2056246308,ad78662714cd0042b4c602a8e18d0e4a25cf79d7,4,120991502247821001512640,120991.502247821002
2025-05-01,47,-141156060,e98f23b9a02cd540a01324845ca6e8e2d82cfe40,4,39263159247177330470873,39263.159247177330
2025-05-01,48,-43196954,4ce9c93513dff543bc392870d57df8c04e89ba0a,4,21451046312527077662712,21451.046312527078
2025-05-01,49,-330954654,8dd4d313ded77c399fed700d54cbdea2c24227d6,4,7805576754632327443800,7805.5767546323274438
2025-05-01,50,-114130009,15392211222b46a0ea85a9a800830486d144848d,4,116557448165390531545,116.5574481653905315
2025-05-01,51,-269217930,850e09eff92cb8a36c3a8e0c808e2d07cd8744a0,4,38614349043743841451,38.6143490437438415
2025-05-01,52,-215249457,81633c1357ddb25d8625efb2cad26a60988475bf,3,1968359800000000000000000,1968359.800000000000
2025-05-01,53,1998948740,2c106367ec891c1d7de2d2c3cf5f369845f5db1e,3,1450000000000000000000000,1450000.000000000000
2025-05-01,54,1620568792,23219850870d18546d3e3c3e74e1f9cef918442c,3,1000000000000000000000000,1000000.000000000000
2025-05-01,55,-239950818,2d5805a423d6ce771f06972ad4499f120902631a,3,615146809596348332072255,615146.809596348332
2025-05-01,56,-75482279,7d4958454a3f520bda8be764d06591b054b0bf33,3,263540565685000000000000,263540.565685000000
2025-05-01,57,2079406336,29520eb415c1b9b87074ebdd8a0a7d45f1f11bdf,3,39997573339675914609360,39997.573339675915
2025-05-01,58,1945551867,efbd77ab27f16bbbc45357d0c934a1254a10d2dd,3,21300000000000000000000,21300.000000000000
2025-05-01,59,-39866038,df9c440111a17eafbecf5db37dd04c948e878878,3,1596355381511462818668,1596.3553815114628187
2025-05-01,60,-31047972,17a749f7fa0055618aa5f958d5aa13f5f5d19ea1,3,135458370220000000000,135.4583702200000000
2025-05-01,61,-326326597,859ea4a40a277bec87817b7ff08049d3a54865fb,3,100003511776577205166,100.0035117765772052
2025-05-01,62,1639520862,d8c195f8f58d8443c2d79289815ecc348128c59f,3,0,0E-36
2025-05-01,63,1392966987,68c3c539f75e93e7abd2af4d3cdb263364edafd6,2,9999999310370000000000000,9999999.310370000000
2025-05-01,64,859037635,d3e0d660d8fab05b34ccb7fe7681628d9a46c675,2,3004222693521828043006710,3004222.693521828043
2025-05-01,65,747523018,6b28fb12ee41baa9d1df16971de53adde6d1be5b,2,2000000000000231396971394,2000000.000000231397
2025-05-01,66,1979517160,53f4ec44c6786c4b15945b4321ac23e9eaab597c,2,1000000000000000000000000,1000000.000000000000
2025-05-01,67,1252545278,06280253385e8dc7b82b13bfa85abc4c9b8ef23a,2,517793082238900970436192,517793.082238900970
2025-05-01,68,-273223436,98ae35331d9a10e98e0cde00fd090b6752a31a20,2,500010092077230392612324,500010.092077230393
2025-05-01,69,476290935,7c363e4650ca88e4676f1ce2ac6f2dd50c102198,2,371591574610000000000000,371591.574610000000
2025-05-01,70,-121802047,5f1dc84ba060ea3f7429c6a7bbedd9243cf1209b,2,351000000000000000000000,351000.000000000000
2025-05-01,71,-76401998,0bda59997765a113bea8ca9cba319b35fb287fc8,2,252811115903061940138651,252811.115903061940
2025-05-01,72,1749966612,3f37c7d8e61c000085aac0515775b06a3412f36b,2,224794508082816437304131,224794.508082816437
2025-05-01,73,1547040344,7b2258c8ffb6cbbae002476d62cbae8e5c1413e0,2,137335785334821102052094,137335.785334821102
2025-05-01,74,-79620546,0000000000bbf5c5fd284e657f01bd000933c96d,2,19006433781815273025070,19006.433781815273
2025-05-01,75,-161368944,2fca023d3dfda9600baa5bc26bc4d7ebf32e6f9d,2,15100000000000000000000,15100.000000000000
2025-05-01,76,1749974099,6cae28b3d09d8f8fc74ccd496ac986fc84c0c24e,2,13281030091734161170623,13281.030091734161
2025-05-01,77,2125238339,f00000003d31d4ab730a8e269ae547f8f76996ba,2,10902681961705836805195,10902.681961705837
2025-05-01,78,1945962929,d79d30c003cc984660840f1373c3f34e5466260c,2,10046000000000000000000,10046.0000000000000000
2025-05-01,79,-243706390,78988da6bc6cf656e106ae86e55f20c729cd0d0c,2,10000000000000000000000,10000.0000000000000000
2025-05-01,80,-310368725,e17c81b1a9d0852f8ad8f0f422decf90b1f1bc3a,2,10000000000000000000000,10000.0000000000000000
2025-05-01,81,1113847572,663dc15d3c1ac63ff12e45ab68fea3f0a883c251,2,3370062287944159819929,3370.0622879441598199
2025-05-01,82,-346067655,f20f78fd62f9b5e2d724575af17bc64fe3c353d1,2,2923450000000000000000,2923.4500000000000000
2025-05-01,83,-21585671,e482f04253e7b45fb69064e99dcf36a723c27d1f,2,1950000000000000000000,1950.0000000000000000
2025-05-01,84,-282292520,42d77b72e69488ebe9ba4914387b524be0f1bbdf,2,1260000000000000000000,1260.0000000000000000
2025-05-01,85,-43183360,91f008870eef686b61a3775944d55a3fc53b7024,2,254736978764550303205,254.7369787645503032
2025-05-01,86,2123621406,ba7a03a37c0799a4182d1c4ca3bf3321f8ba3329,2,219712414989224428841,219.7124149892244288
2025-05-01,87,1331609912,bd6c7b0d2f68c2b7805d88388319cfb6ecb50ea9,2,135804704584362509178,135.8047045843625092
2025-05-01,88,930444523,3519ee4d387150f230baca90f5c50e9d296164c6,2,100000000000000000000,100.0000000000000000
2025-05-01,89,-344230029,39e3c8092f316484107d13d6501cc94da653b13f,2,100000000000000000000,100.0000000000000000
2025-05-01,90,-320323427,f646e85ba653a7cd54642985a40ab667a8268276,2,60000000000000000000,60.0000000000000000
2025-05-01,91,1918956977,9f57f5591fc6aa7001d76365bbf7c928026b965b,2,34647176022609160036,34.6471760226091600
2025-05-01,92,-93112299,f3378fef290cf389418b4ac5ae00cca099ac672f,2,12000000000000000000,12.0000000000000000
2025-05-01,93,1685736544,2dfadab8266483bed9fd9a292ce56596a2d1378d,2,11260398137888499294,11.2603981378884993
2025-05-01,94,945878575,0bca969176024bab26890f520a74edbc252734ed,2,10000000000000000000,10.0000000000000000
2025-05-01,95,-342574917,1fa69debf88f3ccc3a4604ac35d86b34c7b01cf1,2,9000049745728908466,9.0000497457289085
2025-05-01,96,1636575522,69460570c93f9de5e2edbc3052bf10125f0ca22d,2,8000446099480186516,8.0004460994801865
2025-05-01,97,-342479671,ed39b885c66eda89714b355efe8bf653414460fd,2,7000000000000000000,7.0000000000000000
2025-05-01,98,-23975375,3996ea90853551724974af06dc7640424365e6f0,2,6000000000000000000,6.0000000000000000
2025-05-01,99,-351836512,a90b7cb4e41e259d7073a2a3626f45b8877ecfb3,2,4110000000000000000,4.1100000000000000
2025-05-01,100,-353265748,f0eaf0bd451a3ae3872a0cfbfe2512d96afbd9dd,2,2000000000000000000,2.0000000000000000
2025-06-01,1,-320491723,508defdb5dd2adeefe36f58fdcd75d6efa36697b,1154,21964437958862942565386245,21964437.958862942565
2025-06-01,2,2000202299,888888888889758f76e7103c6cbf23abbf58f946,514,356576054420977867612258,356576.054420977868
2025-06-01,3,-339772717,38e4254bd82ed5ee97cd1c4278faae748d998865,372,692465494614297676028514,692465.494614297676
2025-06-01,4,-191393662,c02ab1a5eaa8d1b114ef786d9bde108cd4364359,281,9864563939093932004093723,9864563.939093932004
2025-06-01,5,-8676112,a3931d71877c0e7a3148cb7eb4463524fec27fbd,280,13261872401017099261117758,13261872.401017099261
2025-06-01,6,881197687,9008d19f58aabd9ed0d60971565aa8510560ab41,180,12035311483733060053247776,12035311.483733060053
2025-06-01,7,1899934735,111111125421ca6dc452d289314280a0f8842a65,124,8204839606556891810124478,8204839.606556891810
2025-06-01,8,1844716471,bbbbbbbbbb9cc5e90e3b3af64bdaf62c37eeffcb,109,1821545014895541441235500,1821545.014895541441
2025-06-01,9,-186122954,66a9893cc07d91d95644aedd05d03f95e1dba8af,98,239744221624662905027089,239744.221624662905
2025-06-01,10,-42155844,32a6268f9ba3642dda7892add74f1d34469a4259,60,27840511797758014905720289,27840511.797758014906
2025-06-01,11,-37413258,e9f1e2ef814f5686c30ce6fb7103d0f780836c67,39,24989125815595991079353,24989.125815595991
2025-06-01,12,-237550007,eeeeee9ec4769a09a76a83c7bc42b185872860ee,38,10013998562796750216641,10013.9985627967502166
2025-06-01,13,-24742409,0650caf159c5a49f711e8169d4336ecb9b950275,33,4027457322665309731316660,4027457.322665309731
2025-06-01,14,1364872031,1231deb6f5749ef6ce6943a275a1d3e7486f4eae,28,129497602200168252656347,129497.602200168253
2025-06-01,15,2054943978,6a000f20005980200259b80c5102003040001068,22,344577237382301290435723,344577.237382301290
2025-06-01,16,616036061,74de5d4fcbf63e00296fd95d33236b9794016631,22,5867930244940754530988,5867.9302449407545310
2025-06-01,17,-323129525,6e4141d33021b52c91c28608403db4a0ffb50ec6,19,265810976541771440331249,265810.976541771440
2025-06-01,18,1861713724,1ab4973a48dc892cd9971ece8e01dcc7688f8f23,19,31906507090360000000000,31906.507090360000
2025-06-01,19,1844387597,ae205e849d16f74c0a7bb04c564e964d83fd8ebb,16,153299954909537412663,153.2999549095374127
2025-06-01,20,1381791786,1111111254eeb25477b68fb85ed929f73a960582,11,15546654224647994457830,15546.654224647994
2025-06-01,21,2106851551,c38e4e6a15593f908255214653d3d947ca1c2338,10,90147113949802228925208,90147.113949802229
2025-06-01,22,-325788883,22cd3d778030dbacbefefe24301b84725011ec48,10,8230540811660000000000,8230.5408116600000000
2025-06-01,23,-308439145,5418226af9c8d5d287a78fbbbcd337b86ec07d61,10,981333864845090392565,981.3338648450903926
2025-06-01,24,-379996193,82d88875d64d60cbe9cbea47cb960ae0f04ebd4d,9,465068200909147831408727,465068.200909147831
2025-06-01,25,-24832139,10ab606b067c9c461d8893c47c7512472e19e2ce,9,246335510873524320027657,246335.510873524320
2025-06-01,26,1663246624,cf5540fffcdc3d510b18bfca6d2b9987b0772559,9,40125395215508301247568,40125.395215508301
2025-06-01,27,1833265138,000000000000c9b3e2c3ec88b1b4c0cd853f4321,9,5754983067398632322525,5754.9830673986323225
2025-06-01,28,-75482279,7d4958454a3f520bda8be764d06591b054b0bf33,8,426747092767000000000000,426747.092767000000
2025-06-01,29,-196586415,a66a2770bc0e0c65b63b5a3bb4560e90f95d6146,8,8442122378335294766089,8442.1223783352947661
2025-06-01,30,-49640310,182863131f9a4630ff9e27830d945b1413e347e8,7,13701517021684559878792212,13701517.021684559879
2025-06-01,31,2018557174,a8c1c98aaf99a5dfc907d61b892b2ad624901185,7,273074484725176686099005,273074.484725176686
2025-06-01,32,1113847572,663dc15d3c1ac63ff12e45ab68fea3f0a883c251,7,89959703316529834140242,89959.703316529834
2025-06-01,33,-103393091,45312ea0eff7e09c83cbe249fa1d7598c4c8cd4e,7,75390955085141140279961,75390.955085141140
2025-06-01,34,-358031882,fbd908f8ce1c46344f4be3a5ccac01f4eaa1ffb7,7,406027773215056495223,406.0277732150564952
2025-06-01,35,-66649712,f130f741d4e3185b29412c65397363f8c23a0460,6,75296240000000000000000,75296.240000000000
2025-06-01,36,-24757697,2621cc0b3f3c079c1db0e80794aa24976f0b9e3c,6,40157309705554666434596,40157.309705554666
2025-06-01,37,1797925792,ddf725d2ebd795748dd8c6b700b7c98d1dfb8ce5,5,1700000000000000000000000,1700000.000000000000
2025-06-01,38,1608787768,ad3b67bca8935cb510c8d18bd45f0b94f54a968f,5,562369873694424592735346,562369.873694424593
2025-06-01,39,-60440021,5d409e56d886231adaf00c8775665ad0f9897b56,5,370728989071000000000000,370728.989071000000
2025-06-01,40,-230007939,0814c6fdf7750f155255dae8502ef1fa1369ae9e,5,300000000000000000000000,300000.000000000000
2025-06-01,41,-269361482,def1fce2df6270fdf7e1214343bebbab8583d43d,5,120911431508278758610613,120911.431508278759
2025-06-01,42,-315012604,3ced11c610556e5292fbc2e75d68c3899098c14c,5,21440198635771981006607,21440.198635771981
2025-06-01,43,-31047972,17a749f7fa0055618aa5f958d5aa13f5f5d19ea1,5,13623443070000000000000,13623.443070000000
2025-06-01,44,-349989321,6b3441b121cadba4af1e92e9dd9ed3c0aa415e26,5,9210280403717553093818,9210.2804037175530938
2025-06-01,45,-373132469,588d6588730b7b58cb27fddb8e1dee3f512bf759,5,4802045607588694565759,4802.0456075886945658
2025-06-01,46,-254529407,552fd8d72a4b632e1274278856a215edb96ad895,5,2497424959260508178985,2497.4249592605081790
2025-06-01,47,2105845464,55877bd7f2ee37bde55ca4b271a3631f3a7ef121,5,652845542460116759327,652.8455424601167593
2025-06-01,48,-323985955,e6c5dc8508939b1c417f83b7fed3149ef22cf3ff,4,138474344140784676539663,138474.344140784677
2025-06-01,49,-367139096,7f73848334a044fcbf4b19a50949eaa296264340,4,125781981690113361761498,125781.981690113362
2025-06-01,50,-312076811,9c41f7e2c42f31c01d38d3be95b6078db12a0e27,4,12210000000000000000000,12210.000000000000
2025-06-01,51,913870628,7e58a6006c66838ef57afb04d9b9bbd1251cd84f,4,200000000000000000000,200.0000000000000000
2025-06-01,52,1393836495,61329adc9362b5906a6e098ac01616a70fe57080,3,1500000000000000000000000,1500000.000000000000
2025-06-01,53,-50477913,f90c92a814f6f57a3e51cae0ae4f155335c526be,3,1337308050000000000000000,1337308.050000000000
2025-06-01,54,1914838712,6ae3cb35f1ed950b237a6ec1081b2140822bd19e,3,1028645350495545231784303,1028645.350495545232
2025-06-01,55,1975246795,160f6ef9fcdde6ff3febc7a57edbfd476a8aab5b,3,752691448242225008053431,752691.448242225008
2025-06-01,56,-105210613,ac5e9b73ee39c9fedd861199464b71b799462356,3,500162108466684005816855,500162.108466684006
2025-06-01,57,-18557514,7a5535d0dac3d6eae8e3ec8411476a8bb54e2ce7,3,499622287632702090992256,499622.287632702091
2025-06-01,58,-357789782,ccf34c066ba15420f42d846bd89c500b7da8de46,3,350003665609582350717060,350003.665609582351
2025-06-01,59,1705181693,550c8aa37c9860d0db1202d61aca8b4b2e0a1c6b,3,274033660453896190821033,274033.660453896191
2025-06-01,60,611235262,e7cc930380cd2fd0ee8bbd6cb609a9b1a713149d,3,265131818207000000000000,265131.818207000000
2025-06-01,61,1881290276,dc6895d5c10e33da2397a4f5df0a80c7bf9de602,3,200031574637000000000000,200031.574637000000
2025-06-01,62,1283034033,799fdb02e49c5b77fddb4b271adf11bf42dca586,3,200000000000000000000000,200000.000000000000
2025-06-01,63,-147114996,730515ec27ab0750502abb63753621fbec564103,3,178168663353289015000000,178168.663353289015
2025-06-01,64,1722220637,8f058ddca29c54ef3534e7a01eb5c130f8bf224d,3,159327129410000000000000,159327.129410000000
2025-06-01,65,-226003863,80179c6444ba9dc6b9cc2d2374cf7cdf2ebda61b,3,156872879460000000000000,156872.879460000000
2025-06-01,66,1200031725,e3d592d2902ec0928b3fb9777745a7c1f10d4a89,3,150000000000000000000000,150000.000000000000
2025-06-01,67,-360695011,5a70e6e8312b52ddc635b5675748d96b83134475,3,100179923313304944019705,100179.923313304944
2025-06-01,68,1946775856,8c96fcb2f061ee180b1bf967b93874919a8509f6,3,100000000000000000000000,100000.000000000000
2025-06-01,69,2084897520,1b789489d0a23666a3f630a31e40d3e0ce21718b,3,82000000000000000000000,82000.000000000000
2025-06-01,70,1525417292,6a736d2289deebacf3054b712ac76d6f08e54b7e,3,50000000000277032927575,50000.000000277033
2025-06-01,71,-239950818,2d5805a423d6ce771f06972ad4499f120902631a,3,10099920136153633087173,10099.9201361536330872
2025-06-01,72,-39866038,df9c440111a17eafbecf5db37dd04c948e878878,3,3871543203201970221417,3871.5432032019702214
2025-06-01,73,-361511811,9708297f6ad91350279287643ff424837cb2add6,3,3790947218120318961303,3790.9472181203189613
2025-06-01,74,-235906611,ae68b7117be0026cbd4366303f74eecbb19e4042,3,3079654188083805130436,3079.6541880838051304
2025-06-01,75,1105932400,00000000009726632680fb29d3f7a9734e3010e2,3,806620101576110869947,806.6201015761108699
2025-06-01,76,-381547691,f5042e6ffac5a625d4e7848e0b01373d8eb9e222,3,756232754958977884172,756.2327549589778842
2025-06-01,77,-256723193,1a52ac5a845d2fff488f0fc7f94899fe7fa52e69,3,100000000000000000000,100.0000000000000000
2025-06-01,78,690338951,0c93c20234682ef35719eaa5215ab5aa7879f208,3,10000000000000000000,10.0000000000000000
2025-06-01,79,1831710149,123791770351ccfcc96a3dba2658fe4200a66584,3,10000000000000000000,10.0000000000000000
2025-06-01,80,1985341590,deeef33399ea7a96c0b53e1b9f476c539bf9d51c,3,5000000000000000000,5.0000000000000000
2025-06-01,81,1575795146,e982bb0de0d1858fa74e81847d46f451db9fdf5b,3,1000000000000000000,1.00000000000000000000
2025-06-01,82,1879543738,aaf9f14f20145ad50db369e52b2793bfeb18a45b,3,0,0E-36
2025-06-01,83,-316031521,058bbff7be9d3cb50cdb9e6f6929f023f2763b98,3,0,0E-36
2025-06-01,84,1612088793,3300f198988e4c9c63f75df86de36421f06af8c4,2,200000000000000000000000000,200000000.00000000
2025-06-01,85,608735951,db611d682cb1ad72fcbacd944a8a6e2606a6d158,2,249869849323895567305612,249869.849323895567
2025-06-01,86,1103860981,d199a56058bc7edea98146ffeac523ebf1bac4eb,2,229712665006373367866564,229712.665006373368
2025-06-01,87,-190664929,875d6d37ec55c8cf220b9e5080717549d8aa8eca,2,147881525098000000000000,147881.525098000000
2025-06-01,88,1715872443,4f0a01badaa24f762cee620883f16c4460c06be0,2,100000000000000000000000,100000.000000000000
2025-06-01,89,-15964848,225a38bc71102999dd13478bfabd7c4d53f2dc17,2,66369535764661381773911,66369.535764661382
2025-06-01,90,-303667228,f0a12fefa78181a3749474db31d09524fa87b1f7,2,49841308548441077033912,49841.308548441077
2025-06-01,91,-331601069,3611b82c7b13e72b26eb0e9be0613bee7a45ac7c,2,19899719793298887912795,19899.719793298888
2025-06-01,92,-254475664,57e3d5c6c5e411d922f80d6aff573fcf414ea7bd,2,17000000000000000000000,17000.000000000000
2025-06-01,93,1187612222,e975c289318b97d574d1359758ef20c3c6454241,2,12203000000000000000000,12203.000000000000
2025-06-01,94,893398926,def171fe48cf0115b1d80b88dc8eab59176fee57,2,10788990327094168948135,10788.990327094169
2025-06-01,95,1426843355,c26b56ea35322e655de2d91eec0dd021e93f6ecc,2,9972000000000000000000,9972.0000000000000000
2025-06-01,96,-308320201,014aad8ce9a0b41e2deaa8df633a965c15318add,2,9433000000000000000000,9433.0000000000000000
2025-06-01,97,1587123400,a7ca2c8673bcfa5a26d8ceec2887f2cc2b0db22a,2,5974134578052871578750,5974.1345780528715788
2025-06-01,98,750285133,c8d455a1979f8b4f1878a142372c48b96ff69031,2,1020000000000000000000,1020.0000000000000000
2025-06-01,99,1909652397,8273af885261d102369f2e539fc72b8603dd1a46,2,1000000000000000000000,1000.0000000000000000
2025-06-01,100,-269217930,850e09eff92cb8a36c3a8e0c808e2d07cd8744a0,2,302715466797706752115,302.7154667977067521
2025-07-01,1,-339772717,38e4254bd82ed5ee97cd1c4278faae748d998865,457,549888000303561452094620,549888.000303561452
2025-07-01,2,-320491723,508defdb5dd2adeefe36f58fdcd75d6efa36697b,372,8481463617694025632028987,8481463.617694025632
2025-07-01,3,881197687,9008d19f58aabd9ed0d60971565aa8510560ab41,290,54950047321540441467560374,54950047.321540441468
2025-07-01,4,1844716471,bbbbbbbbbb9cc5e90e3b3af64bdaf62c37eeffcb,277,11701542853531336642900461,11701542.853531336643
2025-07-01,5,-8676112,a3931d71877c0e7a3148cb7eb4463524fec27fbd,183,105818941756631664714227423,105818941.75663166
2025-07-01,6,-390222567,173e314c7635b45322cd8cb14f44b312e079f3af,173,102193182832849660979571125,102193182.83284966
2025-07-01,7,-186122954,66a9893cc07d91d95644aedd05d03f95e1dba8af,92,175121460711290640227905,175121.460711290640
2025-07-01,8,-325788883,22cd3d778030dbacbefefe24301b84725011ec48,71,56842794799190000000000,56842.794799190000
2025-07-01,9,-42155844,32a6268f9ba3642dda7892add74f1d34469a4259,54,13496522890605370887197487,13496522.890605370887
2025-07-01,10,1899934735,111111125421ca6dc452d289314280a0f8842a65,52,6056663929568806468535727,6056663.929568806469
2025-07-01,11,-323129525,6e4141d33021b52c91c28608403db4a0ffb50ec6,49,4561709466885374565475979,4561709.466885374565
2025-07-01,12,2054943978,6a000f20005980200259b80c5102003040001068,49,2399888793949177490347017,2399888.793949177490
2025-07-01,13,1364872031,1231deb6f5749ef6ce6943a275a1d3e7486f4eae,46,673333338057461707916466,673333.338057461708
2025-07-01,14,2000202299,888888888889758f76e7103c6cbf23abbf58f946,43,507196563105327595022677,507196.563105327595
2025-07-01,15,-191393662,c02ab1a5eaa8d1b114ef786d9bde108cd4364359,42,15894577460165016501650165,15894577.460165016502
2025-07-01,16,1250544290,a9d1e08c7793af67e9d92fe308d5697fb81d3e43,42,113076096202056725497600,113076.096202056725
2025-07-01,17,-269361482,def1fce2df6270fdf7e1214343bebbab8583d43d,34,6872144221156076264929424,6872144.221156076265
2025-07-01,18,-196586415,a66a2770bc0e0c65b63b5a3bb4560e90f95d6146,34,238804502384169584549057,238804.502384169585
2025-07-01,19,-412949987,72774c04c1c29e5011f0f3751fc79473d9acfd7d,30,887217480479400322893257,887217.480479400323
2025-07-01,20,616036061,74de5d4fcbf63e00296fd95d33236b9794016631,26,33847296517692750909978,33847.296517692751
2025-07-01,21,1663246624,cf5540fffcdc3d510b18bfca6d2b9987b0772559,24,445853415949241344319590,445853.415949241344
2025-07-01,22,-381547691,f5042e6ffac5a625d4e7848e0b01373d8eb9e222,24,9147787627812596974042,9147.7876278125969740
2025-07-01,23,1836498420,5cc9400ffb4da168cf271e912f589462c3a00d1f,21,10577472679916485758,10.5774726799164858
2025-07-01,24,-24742409,0650caf159c5a49f711e8169d4336ecb9b950275,19,5274264321598582504808569,5274264.321598582505
2025-07-01,25,-403967596,df31a70a21a1931e02033dbba7deace6c45cfd0f,17,149308349773098467821334,149308.349773098468
2025-07-01,26,-31047972,17a749f7fa0055618aa5f958d5aa13f5f5d19ea1,17,5126792185520000000000,5126.7921855200000000
2025-07-01,27,1381791786,1111111254eeb25477b68fb85ed929f73a960582,16,431953415977898986045578,431953.415977898986
2025-07-01,28,2018557174,a8c1c98aaf99a5dfc907d61b892b2ad624901185,15,190816981185057659194716,190816.981185057659
2025-07-01,29,-103393091,45312ea0eff7e09c83cbe249fa1d7598c4c8cd4e,14,550831739650242364652004,550831.739650242365
2025-07-01,30,2106851551,c38e4e6a15593f908255214653d3d947ca1c2338,14,242714736264606999462465,242714.736264606999
2025-07-01,31,-24832139,10ab606b067c9c461d8893c47c7512472e19e2ce,13,3856114360065000000000000,3856114.360065000000
2025-07-01,32,1861713724,1ab4973a48dc892cd9971ece8e01dcc7688f8f23,13,21996252792570000000000,21996.252792570000
2025-07-01,33,-323985955,e6c5dc8508939b1c417f83b7fed3149ef22cf3ff,12,929184712492032309121588,929184.712492032309
2025-07-01,34,-60440021,5d409e56d886231adaf00c8775665ad0f9897b56,12,661259031249146704414517,661259.031249146704
2025-07-01,35,91138,167a9333bf582556f35bd4d16a7e80e191aa6476,12,22610293821170000000000,22610.293821170000
2025-07-01,36,1833265138,000000000000c9b3e2c3ec88b1b4c0cd853f4321,12,13344064724199437413083,13344.064724199437
2025-07-01,37,-406892257,0ee69a11b4391c5af5eb2fb088c2df5dd2a0d075,11,349551340077522842047374,349551.340077522842
2025-07-01,38,-37413258,e9f1e2ef814f5686c30ce6fb7103d0f780836c67,11,4292842415816974999502,4292.8424158169749995
2025-07-01,39,1608787768,ad3b67bca8935cb510c8d18bd45f0b94f54a968f,7,635838376247523731082975,635838.376247523731
2025-07-01,40,1113847572,663dc15d3c1ac63ff12e45ab68fea3f0a883c251,7,10559607864658749539497,10559.607864658750
2025-07-01,41,2011583359,8fb66f38cf86a3d5e8768f8f1754a24a6c661fb8,7,1000384918062564400,1.00038491806256440000
2025-07-01,42,1715474201,78f8bd884c3d738b74b420540659c82f392820e0,6,6745733518059252217403551,6745733.518059252217
2025-07-01,43,-79620546,0000000000bbf5c5fd284e657f01bd000933c96d,6,1776664832521646900210640,1776664.832521646900
2025-07-01,44,-90284824,00000688768803bbd44095770895ad27ad6b0d95,6,1043523294348037550977608,1043523.294348037551
2025-07-01,45,-75482279,7d4958454a3f520bda8be764d06591b054b0bf33,6,280725677323000000000000,280725.677323000000
2025-07-01,46,-15964848,225a38bc71102999dd13478bfabd7c4d53f2dc17,6,189066592959223620834286,189066.592959223621
2025-07-01,47,1967634304,6b130820c449a27b35256a3c99942adbd53aac18,6,9201317110930000000000,9201.3171109300000000
2025-07-01,48,-414235376,298839ec27890d1bb96436733b4ac7b823540c1a,6,9067714530587368488851,9067.7145305873684889
2025-07-01,49,1699176572,51c72848c68a965f66fa7a88855f9f7784502a7f,6,3966853627994671839525,3966.8536279946718395
2025-07-01,50,-24757697,2621cc0b3f3c079c1db0e80794aa24976f0b9e3c,6,3874979221789321064638,3874.9792217893210646
2025-07-01,51,-271811544,6818809eefce719e480a7526d76bd3e561526b46,6,2709370000000000000000,2709.3700000000000000
2025-07-01,52,-232637266,4a6c312ec70e8747a587ee860a0353cd42be0ae0,6,792018772915104960740,792.0187729151049607
2025-07-01,53,1545139749,2c30a3a1b2cc998a95ab60cef376fcc7d8f0bd9d,5,2603826450000000000000000,2603826.450000000000
2025-07-01,54,2016860796,dcc67de094fb4b6301d3dcba3c247988e07bcfbd,5,1610000000000000000000000,1610000.000000000000
2025-07-01,55,-39866038,df9c440111a17eafbecf5db37dd04c948e878878,5,8839215730762723026879,8839.2157307627230269
2025-07-01,56,1543101446,6aa981bff95edfea36bdae98c26b274ffcafe8d3,5,1181662782706831986850,1181.6627827068319869
2025-07-01,57,-379996193,82d88875d64d60cbe9cbea47cb960ae0f04ebd4d,5,922646852730647439812,922.6468527306474398
2025-07-01,58,-49640310,182863131f9a4630ff9e27830d945b1413e347e8,4,21033945991551643437083522,21033945.991551643437
2025-07-01,59,1450693022,c40ca9847255a1b89ac50ee08555ec150a1e23a1,4,950797178229638378640345,950797.178229638379
2025-07-01,60,-427729894,2c4297a5e6017f6850d2aefd92a539ca38110f63,4,58594975740000000000000,58594.975740000000
2025-07-01,61,893398926,def171fe48cf0115b1d80b88dc8eab59176fee57,4,20131283131359072060182,20131.283131359072
2025-07-01,62,-331601069,3611b82c7b13e72b26eb0e9be0613bee7a45ac7c,4,10028796285430324242444,10028.7962854303242424
2025-07-01,63,2108556895,38d3ee519c2c9eab9ebcd401c072c91da3411d29,4,7700000000000000000000,7700.0000000000000000
2025-07-01,64,209499427,d152f549545093347a162dce210e7293f1452150,4,5001135485181159127102,5001.1354851811591271
2025-07-01,65,1946775856,8c96fcb2f061ee180b1bf967b93874919a8509f6,3,12006489702559505421876137,12006489.702559505422
2025-07-01,66,1696425324,8af700ba841f30e0a3fcb0ee4c4a9d223e1efa05,3,10678461400550000000000000,10678461.400550000000
2025-07-01,67,-28910970,e1bafb5f16d8829d7b35309db6aaf57a882c9511,3,2858907141344277590300965,2858907.141344277590
2025-07-01,68,2126720686,00236feeac26ef92552e3981096350d136084c64,3,1204202557002456750589254,1204202.557002456751
2025-07-01,69,-385179968,13be78fc9ae70bd11a78e5124c9fa697a63f26d3,3,758100000000000000000000,758100.000000000000
2025-07-01,70,-194354684,c35bc7e918bb4c0159296d9749dc59de605b4b93,3,700000000000000000000000,700000.000000000000
2025-07-01,71,-403874929,abcd284786a17cec179f89d247dbf9263629de6b,3,682002371665000000000000,682002.371665000000
2025-07-01,72,-301368974,46e736ced0d7d0da013ff8661b29a2018630cc15,3,500373671151000000000000,500373.671151000000
2025-07-01,73,236595372,d72b0b5f4005f421f3c70cbf02e2f0aa3b497a86,3,500000256414467351425623,500000.256414467351
2025-07-01,74,-132568134,4cd5918773c6613f9f7f75c2bdeea915f304d912,3,500000001500000000000000,500000.001500000000
2025-07-01,75,-137324202,d7583e3cf08bbcab66f1242195227bbf9f865fda,3,462158919563027155119831,462158.919563027155
2025-07-01,76,1366903635,e4bbe2f185fb37effc311c190d0db2ec8eb46893,3,416761695780000000000000,416761.695780000000
2025-07-01,77,-416233206,495c2e9d84c426f28cacd20a6fb49f89676ca832,3,299996264882343748364531,299996.264882343748
2025-07-01,78,23880245,70dccc97df6619657b6900efcb46008f5014e53f,3,255372577566123542416889,255372.577566123542
2025-07-01,79,1680517700,9079a7110808e9355a75d9da53c280c4b6dc5875,3,250000000000000000000000,250000.000000000000
2025-07-01,80,-391051423,6803c291a8d9c879a8ef2373dc2980407a8ada10,3,236808922831198888578719,236808.922831198889
2025-07-01,81,5535897,53d56901738eecfb54d66320e1631a33520e2888,3,223780553096332277043295,223780.553096332277
2025-07-01,82,2108782222,eef483663352bc1c24e993e5040f8e9a021a94f5,3,202912889307934715492772,202912.889307934715
2025-07-01,83,1722443571,f3115b8641808c85544c36cac4024b7de58ef575,3,197584201215553538105814,197584.201215553538
2025-07-01,84,-239950818,2d5805a423d6ce771f06972ad4499f120902631a,3,180443160486632749026663,180443.160486632749
2025-07-01,85,-131448820,f8587ec80ede1b55ce44e565b96215327894d138,3,121596541390000000000000,121596.541390000000
2025-07-01,86,1459646551,d1510e4d4263cdc50dd39a5d18d4c676fe4b0aa5,3,20000000000000000000000,20000.000000000000
2025-07-01,87,1863040552,81a59a22983ce2ef9d77424f32f2e6d802a4b29c,3,10020000000000000000000,10020.0000000000000000
2025-07-01,88,-332356423,05b5dba037afa4bbafaca15bf9f6bfaaad183fe6,3,74164165327815121613,74.1641653278151216
2025-07-01,89,1508910292,b401732f87e89b1834ae1554176356190aed1329,3,10000000000000000000,10.0000000000000000
2025-07-01,90,-375723426,53cc1b407b9cb27efec629b35dbda04d05b4fa27,3,10000000000000000000,10.0000000000000000
2025-07-01,91,-443023453,c6ca2028ce215c69523e083845bd9901c0dc815d,3,3000000000000000000,3.0000000000000000
2025-07-01,92,-369367158,231316c57811a6d2363d0412c131d8204e0c0a23,3,1000000000000000000,1.00000000000000000000
2025-07-01,93,1839362061,fe99cc4664a939f826dbeb545c1aad4c89ee737a,3,0,0E-36
2025-07-01,94,-255451949,afd306005f5d1a8537be4960e6d23907b5b9383f,3,0,0E-36
2025-07-01,95,2145174805,70bf6634ee8cb27d04478f184b9b8bb13e5f4710,2,8792396284716000000000000,8792396.284716000000
2025-07-01,96,-374304330,5c800fa4e3c1bd071b1723d9edfa4bafb3a3faeb,2,1000000000000000000000000,1000000.000000000000
2025-07-01,97,-409439207,32d96667be9986bea89dcef0aab29b3d1959f5a5,2,724137935922931848052321,724137.935922931848
2025-07-01,98,-369127289,64a6238dfae1625cb220b7d42a0dbf68b4770d35,2,582082000000000000000000,582082.000000000000
2025-07-01,99,-250526946,f50411f3ab97616969cfeaa347759bf3455777d2,2,349983457828000000000000,349983.457828000000
2025-07-01,100,-297627070,f8191d98ae98d2f7abdfb63a9b0b812b93c873aa,2,200013000000000000000000,200013.000000000000
2025-08-01,1,-320491723,508defdb5dd2adeefe36f58fdcd75d6efa36697b,678,31227694506475352445814882,31227694.506475352446
2025-08-01,2,-339772717,38e4254bd82ed5ee97cd1c4278faae748d998865,340,275081787251591169507239,275081.787251591170
2025-08-01,3,-8676112,a3931d71877c0e7a3148cb7eb4463524fec27fbd,161,16272653715241714890216001,16272653.715241714890
2025-08-01,4,881197687,9008d19f58aabd9ed0d60971565aa8510560ab41,134,22270543722067164045901207,22270543.722067164046
2025-08-01,5,1844716471,bbbbbbbbbb9cc5e90e3b3af64bdaf62c37eeffcb,103,2468420470041842024918599,2468420.470041842025
2025-08-01,6,-390222567,173e314c7635b45322cd8cb14f44b312e079f3af,88,43598961141605136645133417,43598961.141605136645
2025-08-01,7,-186122954,66a9893cc07d91d95644aedd05d03f95e1dba8af,57,208170006740035232966167,208170.006740035233
2025-08-01,8,1899934735,111111125421ca6dc452d289314280a0f8842a65,46,11527586762947747646459843,11527586.762947747646
2025-08-01,9,1250544290,a9d1e08c7793af67e9d92fe308d5697fb81d3e43,46,22139463969910000000000,22139.463969910000
2025-08-01,10,-42155844,32a6268f9ba3642dda7892add74f1d34469a4259,45,11999969255078749514290664,11999969.255078749514
2025-08-01,11,1836498420,5cc9400ffb4da168cf271e912f589462c3a00d1f,28,41002497230640097360257,41002.497230640097
2025-08-01,12,1364872031,1231deb6f5749ef6ce6943a275a1d3e7486f4eae,24,221426424687032924296589,221426.424687032924
2025-08-01,13,-403967596,df31a70a21a1931e02033dbba7deace6c45cfd0f,22,381033558583064746256889,381033.558583064746
2025-08-01,14,616036061,74de5d4fcbf63e00296fd95d33236b9794016631,22,119466702621941596120736,119466.702621941596
2025-08-01,15,-323129525,6e4141d33021b52c91c28608403db4a0ffb50ec6,21,877722586534678217975995,877722.586534678218
2025-08-01,16,-463622492,8aee53b873176d9f938d24a53a8ae5cf36276464,20,18410135224205609799162,18410.135224205610
2025-08-01,17,-24742409,0650caf159c5a49f711e8169d4336ecb9b950275,19,11457178197767436683917500,11457178.197767436684
2025-08-01,18,-191393662,c02ab1a5eaa8d1b114ef786d9bde108cd4364359,18,41585030804936075892592009,41585030.804936075893
2025-08-01,19,2054943978,6a000f20005980200259b80c5102003040001068,16,285694655328779375670493,285694.655328779376
2025-08-01,20,-31047972,17a749f7fa0055618aa5f958d5aa13f5f5d19ea1,16,30360129257990000000000,30360.129257990000
2025-08-01,21,2000202299,888888888889758f76e7103c6cbf23abbf58f946,15,1231616801781759239841459,1231616.801781759240
2025-08-01,22,-381547691,f5042e6ffac5a625d4e7848e0b01373d8eb9e222,14,11933171746351876753384,11933.171746351877
2025-08-01,23,-412949987,72774c04c1c29e5011f0f3751fc79473d9acfd7d,13,354471719176439455812814,354471.719176439456
2025-08-01,24,1833265138,000000000000c9b3e2c3ec88b1b4c0cd853f4321,13,18098060861897573159561,18098.060861897573
2025-08-01,25,-75482279,7d4958454a3f520bda8be764d06591b054b0bf33,11,2350571535129000000000000,2350571.535129000000
2025-08-01,26,-60440021,5d409e56d886231adaf00c8775665ad0f9897b56,11,339227088329766471848403,339227.088329766472
2025-08-01,27,-103393091,45312ea0eff7e09c83cbe249fa1d7598c4c8cd4e,10,195338242941729903184426,195338.242941729903
2025-08-01,28,-24832139,10ab606b067c9c461d8893c47c7512472e19e2ce,9,5755073403817450261693147,5755073.403817450262
2025-08-01,29,-422397714,7cd01d5cad4ba0caeba02583a5c61d35b23e08eb,9,274104897453111481252969,274104.897453111481
2025-08-01,30,-325788883,22cd3d778030dbacbefefe24301b84725011ec48,9,51545264344670000000000,51545.264344670000
2025-08-01,31,1381791786,1111111254eeb25477b68fb85ed929f73a960582,9,1438221695603103760004,1438.2216956031037600
2025-08-01,32,-24757697,2621cc0b3f3c079c1db0e80794aa24976f0b9e3c,8,3942800710721254682948751,3942800.710721254683
2025-08-01,33,-90284824,00000688768803bbd44095770895ad27ad6b0d95,8,118226256647845545911757,118226.256647845546
2025-08-01,34,-406892257,0ee69a11b4391c5af5eb2fb088c2df5dd2a0d075,8,61346063414711058730618,61346.063414711059
2025-08-01,35,-111399962,000000000004444c5dc75cb358380d2e3de08a90,8,884653708781420576976,884.6537087814205770
2025-08-01,36,-269361482,def1fce2df6270fdf7e1214343bebbab8583d43d,7,213846841840290300777382,213846.841840290301
2025-08-01,37,-49640310,182863131f9a4630ff9e27830d945b1413e347e8,7,171636929120888030495011,171636.929120888030
2025-08-01,38,1861713724,1ab4973a48dc892cd9971ece8e01dcc7688f8f23,7,32420772987600000000000,32420.772987600000
2025-08-01,39,-443041581,1c051b6457e792ca159c0e33b70aff132c7176a5,7,115753268584450556600,115.7532685844505566
2025-08-01,40,-196586415,a66a2770bc0e0c65b63b5a3bb4560e90f95d6146,6,36389319838375658088104,36389.319838375658
2025-08-01,41,2106851551,c38e4e6a15593f908255214653d3d947ca1c2338,6,13820695774233246065776,13820.695774233246
2025-08-01,42,-476352309,fc6cc5fd806c1ba9c998f6741efbd2b272cb0c67,5,571073000000000000000000,571073.000000000000
2025-08-01,43,-323985955,e6c5dc8508939b1c417f83b7fed3149ef22cf3ff,5,144019520559777285125112,144019.520559777285
2025-08-01,44,-405551973,2905d7e4d048d29954f81b02171dd313f457a4a4,5,11788534591577099678705,11788.534591577100
2025-08-01,45,-39866038,df9c440111a17eafbecf5db37dd04c948e878878,5,888116596616889478672,888.1165966168894787
2025-08-01,46,1608787768,ad3b67bca8935cb510c8d18bd45f0b94f54a968f,4,359134453346155761257133,359134.453346155761
2025-08-01,47,-361863690,0d05a7d3448512b78fa8a9e46c4872c88c4a0d05,4,175716116987710811325753,175716.116987710811
2025-08-01,48,-303667228,f0a12fefa78181a3749474db31d09524fa87b1f7,4,64410601970110099784951,64410.601970110100
2025-08-01,49,-441271915,f9f968e5a7b7db8bb74c0ea287e2094e4f336f5c,4,26711737075671816001624,26711.737075671816
2025-08-01,50,-42170378,09aa30b182488f769a9824f15e6ce58591da4781,4,26274415633440146050116,26274.415633440146
2025-08-01,51,-476291807,4eb5db0134fac94e66da89764d58a9f709d53a8f,4,5930246414360388757418,5930.2464143603887574
2025-08-01,52,-421909388,2541910ec56199899bde27287811a553ff55f387,4,223086340642818050450,223.0863406428180505
2025-08-01,53,-461713022,726e3244e2a73405ce13d82862d81e1c5dd0004e,4,0,0E-36
2025-08-01,54,-284718258,d8f4bb514904c4c308077181b3e2d2db7b88376c,3,1579407373405180240498273,1579407.373405180240
2025-08-01,55,1570417084,1cb7f3eab52bbe5f6635378b09d4856fb43ff7be,3,1530506419185854050226584,1530506.419185854050
2025-08-01,56,-284713990,7355ceeb3ac3412c115f4ceb113df8a62aff4486,3,1365741073688434562962598,1365741.073688434563
2025-08-01,57,-284707424,7270228ccef1c217a6ab3ab36c6e8059ab8d428b,3,1270132821644621977303339,1270132.821644621977
2025-08-01,58,2125605889,06c05fbac28826fa24b5fe806f239277d8b5a9fd,3,1000178203408035962687428,1000178.203408035963
2025-08-01,59,-488739719,b852f1315cf3b305ce3cb8712cbe230925935075,3,831722752086772155416576,831722.752086772155
2025-08-01,60,-205370601,9bd44c57e3360786a5090a8a1af7a36a9047a262,3,571073000000000000000000,571073.000000000000
2025-08-01,61,-422734248,2f174385feaf3361baf9bced4692a178b5e6ecf7,3,479638573026516560067097,479638.573026516560
2025-08-01,62,-490827589,0762e79f4aa2a027b07fda05c6b458213e8307f4,3,427895404665757369761792,427895.404665757370
2025-08-01,63,669342581,cf3c7b24cc00738f658e36768f599f9232d3f2b6,3,347287220322179966435329,347287.220322179966
2025-08-01,64,2133862721,f21440d531e041876cd225de036b088c4601a71a,3,210449341864021611307682,210449.341864021611
2025-08-01,65,1969469831,9874ee59f51661f0a369257ffb143db5525e393d,3,210000000000000000000000,210000.000000000000
2025-08-01,66,784681508,432fcd67815d5cc72808a7815a02373fdee7d740,3,102984660283147398092521,102984.660283147398
2025-08-01,67,-6415224,227fb8c26b637b813e8ae62f08dbe1b41ed58c89,3,100000000000000000000000,100000.000000000000
2025-08-01,68,1964853392,54b21fbba2c36f50f03be1478a5d7e983ffac1bc,3,100000000000000000000000,100000.000000000000
2025-08-01,69,1578445358,19891541842162ad4311f14055e7221406213d67,3,63137920000000000000000,63137.920000000000
2025-08-01,70,959780477,10529fee73d53d58e76eb5a49fc6a29c78bfdd85,3,47981600000000000000000,47981.600000000000
2025-08-01,71,819940934,305ea6f95e1d3f2d1152bc3f6b7c412504da09ac,3,35000000000000000000000,35000.000000000000
2025-08-01,72,-239950818,2d5805a423d6ce771f06972ad4499f120902631a,3,28134686528652365314480,28134.686528652365
2025-08-01,73,-450344619,58769316c727ff655270d86c6d6bbd3d1c2914de,3,25007787236722254075487,25007.787236722254
2025-08-01,74,1663246624,cf5540fffcdc3d510b18bfca6d2b9987b0772559,3,16272377266324188732934,16272.377266324189
2025-08-01,75,91138,167a9333bf582556f35bd4d16a7e80e191aa6476,3,7868594921140000000000,7868.5949211400000000
2025-08-01,76,2070719076,08285a9982ccf65ec579220a12d274c9451b57e9,3,5976621558279216240172,5976.6215582792162402
2025-08-01,77,893398926,def171fe48cf0115b1d80b88dc8eab59176fee57,3,5480378404641702507663,5480.3784046417025077
2025-08-01,78,2018557174,a8c1c98aaf99a5dfc907d61b892b2ad624901185,3,2167593014224264888220,2167.5930142242648882
2025-08-01,79,-184734878,5f390e736231ff967b9fb6c57aceee4a7e2a6634,3,1002000000000000000000,1002.0000000000000000
2025-08-01,80,1538641794,4856a1b82620e843d9a29b1fed1e6f67dbc36f10,3,1000000000000000000000,1000.0000000000000000
2025-08-01,81,-123068677,55555535a287325d4a2a3da8c9f42f5a185d303c,3,117720628897475785294,117.7206288974757853
2025-08-01,82,-161660805,2b9232f26580ad2c230b328a46626f25153c7280,3,5000000000000000000,5.0000000000000000
2025-08-01,83,2114307706,7a7e299b18dfcb7cb35476c4dcc0e911d209303a,3,1000000000000000000,1.00000000000000000000
2025-08-01,84,-451731383,202c1753d26d2ad80708589474f04827c1991777,3,0,0E-36
2025-08-01,85,-427729894,2c4297a5e6017f6850d2aefd92a539ca38110f63,3,0,0E-36
2025-08-01,86,-502255517,4c6fa4de604c25ab195e561e8457a94abd5be9ea,3,0,0E-36
2025-08-01,87,-437283358,3588e0eaaf645730ad957511881e8a0432b7f0b3,3,0,0E-36
2025-08-01,88,-341454433,1017c97c03d6738c358576735de76028f2395625,2,229536830651334301135112,229536.830651334301
2025-08-01,89,1773557903,cd9724cbfcf7ae658f8f618b438538653ba12f04,2,201882702791842507273513,201882.702791842507
2025-08-01,90,-124475841,0c1ad377f15e2d967c2a18ebd4f43fbe67b06bc6,2,176519066847002643896540,176519.066847002644
2025-08-01,91,-232637266,4a6c312ec70e8747a587ee860a0353cd42be0ae0,2,127599083429006996903824,127599.083429006997
2025-08-01,92,-297627070,f8191d98ae98d2f7abdfb63a9b0b812b93c873aa,2,105914000000000000000000,105914.000000000000
2025-08-01,93,1749966612,3f37c7d8e61c000085aac0515775b06a3412f36b,2,104500611366677676463150,104500.611366677676
2025-08-01,94,1699176572,51c72848c68a965f66fa7a88855f9f7784502a7f,2,80800700104861720901324,80800.700104861721
2025-08-01,95,-48820591,db01707567cf99c2e2215f1bd8ca567d998415de,2,65741276107402663139685,65741.276107402663
2025-08-01,96,-418659741,b046086f7b6d74a3498d2b994904233ad3246ddc,2,57558666380937370410784,57558.666380937370
2025-08-01,97,-79620546,0000000000bbf5c5fd284e657f01bd000933c96d,2,55114796393394352393254,55114.796393394352
2025-08-01,98,-121802047,5f1dc84ba060ea3f7429c6a7bbedd9243cf1209b,2,28920076631436179431655,28920.076631436179
2025-08-01,99,2036124711,2625bfb6ad9840c2c0abb48f150eb9158393c466,2,10869282240000000000000,10869.282240000000
2025-08-01,100,-479315905,f96c56d2ef5aa738f59f9ef170d698724d231377,2,7027927412632912952756,7027.9274126329129528
2025-09-01,1,-339772717,38e4254bd82ed5ee97cd1c4278faae748d998865,325,1708368283623881224679625,1708368.283623881225
2025-09-01,2,881197687,9008d19f58aabd9ed0d60971565aa8510560ab41,97,7457671778412563011767799,7457671.778412563012
2025-09-01,3,1844716471,bbbbbbbbbb9cc5e90e3b3af64bdaf62c37eeffcb,90,39189653058439229325730515,39189653.058439229326
2025-09-01,4,-8676112,a3931d71877c0e7a3148cb7eb4463524fec27fbd,89,9049988902279863781807617,9049988.902279863782
2025-09-01,5,1250544290,a9d1e08c7793af67e9d92fe308d5697fb81d3e43,55,9744329270687998987732100,9744329.270687998988
2025-09-01,6,-320491723,508defdb5dd2adeefe36f58fdcd75d6efa36697b,45,32321727764691917781546,32321.727764691918
2025-09-01,7,-186122954,66a9893cc07d91d95644aedd05d03f95e1dba8af,42,61396624067736107543648,61396.624067736108
2025-09-01,8,1836498420,5cc9400ffb4da168cf271e912f589462c3a00d1f,41,16875049916485588076481,16875.049916485588
2025-09-01,9,1489735160,58b704065b7aff3ed351052f8560019e05925023,28,2808870000000000000000,2808.8700000000000000
2025-09-01,10,-42155844,32a6268f9ba3642dda7892add74f1d34469a4259,27,3781485223648496386176453,3781485.223648496386
2025-09-01,11,-191393662,c02ab1a5eaa8d1b114ef786d9bde108cd4364359,27,1763796613765597800011722,1763796.613765597800
2025-09-01,12,1899934735,111111125421ca6dc452d289314280a0f8842a65,24,153845592291187722814933,153845.592291187723
2025-09-01,13,-390222567,173e314c7635b45322cd8cb14f44b312e079f3af,23,18594015797425999999737856,18594015.797426000000
2025-09-01,14,-463622492,8aee53b873176d9f938d24a53a8ae5cf36276464,23,37304664097462405926864,37304.664097462406
2025-09-01,15,-60440021,5d409e56d886231adaf00c8775665ad0f9897b56,20,2502484486666076158426551,2502484.486666076158
2025-09-01,16,1364872031,1231deb6f5749ef6ce6943a275a1d3e7486f4eae,20,183791889261730414924837,183791.889261730415
2025-09-01,17,-412949987,72774c04c1c29e5011f0f3751fc79473d9acfd7d,20,174064925403010869850462,174064.925403010870
2025-09-01,18,2054943978,6a000f20005980200259b80c5102003040001068,19,725964602512668906808740,725964.602512668907
2025-09-01,19,-111399962,000000000004444c5dc75cb358380d2e3de08a90,19,268647988402755815125016,268647.988402755815
2025-09-01,20,-24832139,10ab606b067c9c461d8893c47c7512472e19e2ce,17,6081468217963839345756380,6081468.217963839346
2025-09-01,21,-381547691,f5042e6ffac5a625d4e7848e0b01373d8eb9e222,14,25208072431945200388551,25208.072431945200
2025-09-01,22,-523186745,a87eff460e91a2706e4e724050a6a8851b123813,13,200140000000000000000000,200140.000000000000
2025-09-01,23,616036061,74de5d4fcbf63e00296fd95d33236b9794016631,13,2240173014318884417419,2240.1730143188844174
2025-09-01,24,-546409189,b0447068ff6c992af33bceb2cc6818f39749b6d5,12,1533387268448400000000000,1533387.268448400000
2025-09-01,25,-24742409,0650caf159c5a49f711e8169d4336ecb9b950275,12,437986849441032155946007,437986.849441032156
2025-09-01,26,-323129525,6e4141d33021b52c91c28608403db4a0ffb50ec6,12,382443294045136337654052,382443.294045136338
2025-09-01,27,-406892257,0ee69a11b4391c5af5eb2fb088c2df5dd2a0d075,11,365847572765075728327543,365847.572765075728
2025-09-01,28,-422397714,7cd01d5cad4ba0caeba02583a5c61d35b23e08eb,10,889892048587387464548220,889892.048587387465
2025-09-01,29,-476291807,4eb5db0134fac94e66da89764d58a9f709d53a8f,10,1551403540756784998807,1551.4035407567849988
2025-09-01,30,2000202299,888888888889758f76e7103c6cbf23abbf58f946,9,469151219111346707500352,469151.219111346708
2025-09-01,31,1861713724,1ab4973a48dc892cd9971ece8e01dcc7688f8f23,9,147302320071430000000000,147302.320071430000
2025-09-01,32,-24757697,2621cc0b3f3c079c1db0e80794aa24976f0b9e3c,9,28101468912563161598949,28101.468912563162
2025-09-01,33,-31047972,17a749f7fa0055618aa5f958d5aa13f5f5d19ea1,8,215746516377450000000000,215746.516377450000
2025-09-01,34,-403967596,df31a70a21a1931e02033dbba7deace6c45cfd0f,8,101882334224885392420594,101882.334224885392
2025-09-01,35,1065481746,1c727a55ea3c11b0ab7d3a361fe0f3c47ce6de5d,8,4927022465410035761248,4927.0224654100357612
2025-09-01,36,1737800013,caf1943ce973c1de423fe6e9f1a255049e51666e,7,126097586154049917917064,126097.586154049918
2025-09-01,37,-103393091,45312ea0eff7e09c83cbe249fa1d7598c4c8cd4e,6,86516217356736164324234,86516.217356736164
2025-09-01,38,-39866038,df9c440111a17eafbecf5db37dd04c948e878878,6,4106189862937694821000,4106.1898629376948210
2025-09-01,39,-510029738,e6afac8af75459e2f0e053057b4021d4c24b9694,6,57832876521290925424,57.8328765212909254
2025-09-01,40,-473317170,d07c4f45bc9b389d286cb094f97bb6ba45f4bb30,5,321304034885598788485297,321304.034885598788
2025-09-01,41,-564951081,92ee32937f3a86bb897e3b15de55078f18cb7cb2,5,251573065734197956687965,251573.065734197957
2025-09-01,42,2018557174,a8c1c98aaf99a5dfc907d61b892b2ad624901185,5,140693152812806378166001,140693.152812806378
2025-09-01,43,-90284824,00000688768803bbd44095770895ad27ad6b0d95,5,41163067896645950019229,41163.067896645950
2025-09-01,44,-325788883,22cd3d778030dbacbefefe24301b84725011ec48,5,40076353567550000000000,40076.353567550000
2025-09-01,45,1945551867,efbd77ab27f16bbbc45357d0c934a1254a10d2dd,5,12300000000000000000000,12300.000000000000
2025-09-01,46,-343569474,7fff4949bc65aad9db2ac04823c10762daf949cc,5,1250000000000000000000,1250.0000000000000000
2025-09-01,47,-443041581,1c051b6457e792ca159c0e33b70aff132c7176a5,5,3342638394528986000,3.3426383945289860
2025-09-01,48,1878260555,8c8c8530464f7d95552a11ec31adbd4dc4ac4d3e,5,780833540139449059,0.78083354013944905900
2025-09-01,49,-552507067,3fe1ef69585c18a374d091706e0782a9a048b44c,5,496114846006442,0.00049611484600644200
2025-09-01,50,-497488502,a4c23f148582b87791ff1cc6beeffa1e10564c1e,5,94758,9.475800000000000000E-14
2025-09-01,51,-49640310,182863131f9a4630ff9e27830d945b1413e347e8,4,2522961107892416624950501,2522961.107892416625
2025-09-01,52,-255313390,9eafeeb1dd77be8b2a0390c562559b47b45ff295,4,108833356817420511204102,108833.356817420511
2025-09-01,53,-303667228,f0a12fefa78181a3749474db31d09524fa87b1f7,4,53589335684187150924129,53589.335684187151
2025-09-01,54,2106851551,c38e4e6a15593f908255214653d3d947ca1c2338,4,35154905482626134588204,35154.905482626135
2025-09-01,55,1113847572,663dc15d3c1ac63ff12e45ab68fea3f0a883c251,4,22178340243617066762907,22178.340243617067
2025-09-01,56,-414235376,298839ec27890d1bb96436733b4ac7b823540c1a,4,434526934104488413898,434.5269341044884139
2025-09-01,57,-298252646,bc76df24fde5b2aa62c3197a47e48e94034ec22d,4,0,0E-36
2025-09-01,58,1797925792,ddf725d2ebd795748dd8c6b700b7c98d1dfb8ce5,3,1500000000000000000000000,1500000.000000000000
2025-09-01,59,-425611357,605c5e674209dea3a8dfa19d6ac320d683e1ef49,3,1000000000000000000000000,1000000.000000000000
2025-09-01,60,-246925634,9adb88133772ba81ae856aa42355ed00a15b0141,3,500199213171195181436704,500199.213171195181
2025-09-01,61,1772235070,0695396ac1bc01a6a940b4b13459ce9210ad9ed7,3,300000000000000000000000,300000.000000000000
2025-09-01,62,-487103237,2324b81dfd1c90a823e0f1be8a67bdefa23de95e,3,259766797008863181184793,259766.797008863181
2025-09-01,63,1340233159,2d7c630b56fb4fc3237fa0895140f1349c04a77c,3,162582737270000000000000,162582.737270000000
2025-09-01,64,1825044770,cae262f96e1872e01d09c7b3f90690f5ff14cd07,3,159999999999645883805678,159999.999999645884
2025-09-01,65,1458834512,277263fe08c19bb18cc7b7757c058d88d5303c6c,3,125430138170000000000000,125430.138170000000
2025-09-01,66,1283034033,799fdb02e49c5b77fddb4b271adf11bf42dca586,3,102908163570000000000000,102908.163570000000
2025-09-01,67,1392790817,d3af49e017ec09c4b83ba42aa2dea7ebd637e7aa,3,100358041078558522142679,100358.041078558522
2025-09-01,68,1299542528,00005ff7b4e62b6b868d36809f8a30c85a6d0000,3,100344433871062440766218,100344.433871062441
2025-09-01,69,1678603403,3c5142f28567e6a0f172fd0baaf1f2847f49d02f,3,100002000000000000000000,100002.000000000000
2025-09-01,70,1715474201,78f8bd884c3d738b74b420540659c82f392820e0,3,89898526227972542593788,89898.526227972543
2025-09-01,71,-224951387,551daf3290401ba45fb5a30bbcd57e646c16d7f8,3,52485304981286970228993,52485.304981286970
2025-09-01,72,-269361482,def1fce2df6270fdf7e1214343bebbab8583d43d,3,28088181835809988241962,28088.181835809988
2025-09-01,73,-196586415,a66a2770bc0e0c65b63b5a3bb4560e90f95d6146,3,2287289504756216673283,2287.2895047562166733
2025-09-01,74,1093945588,6b9410449200579cf66e641df17d681f71537a7e,3,1000000000000000000000,1000.0000000000000000
2025-09-01,75,1010836474,b82aacd896fbb07ccc46423796aa12a261431fca,3,828000000000000000000,828.0000000000000000
2025-09-01,76,1740827310,3e67e3e55f0e26d0c566910b51347e04222e808e,3,230419810100000000000,230.4198101000000000
2025-09-01,77,2034702912,b300000b72deaeb607a12d5f54773d1c19c7028d,3,125742392819749049015,125.7423928197490490
2025-09-01,78,1331609912,bd6c7b0d2f68c2b7805d88388319cfb6ecb50ea9,3,116264934982386624682,116.2649349823866247
2025-09-01,79,-332356423,05b5dba037afa4bbafaca15bf9f6bfaaad183fe6,3,115459740156625299805,115.4597401566252998
2025-09-01,80,-323485174,645a3d9208523bbfee980f7269ac72c61dd3b552,3,42099965000000000000,42.0999650000000000
2025-09-01,81,-521969769,767e06d0c870fec6c38e101dbe5dbb226c5fd091,3,10000000000000000000,10.0000000000000000
2025-09-01,82,-363019351,34e13aeedf93d05e6d24181431d4b77ed0c8ea42,3,5050000000000000000,5.0500000000000000
2025-09-01,83,-290637262,bd32122bad41a09f2405bb374a83877d8245079c,3,4079105693562945780,4.0791056935629458
2025-09-01,84,1954449572,da3e278dd9ac445917b9f6b291b9be4efbcd289b,3,1000000000000000000,1.00000000000000000000
2025-09-01,85,1408272927,b619c9f4d833b7aba7b49735524b3671c8281f73,2,1353871989963271192933229,1353871.989963271193
2025-09-01,86,-527793138,a632d59b9b804a956bfaa9b48af3a1b74808fc1f,2,1001669458353965322020736,1001669.458353965322
2025-09-01,87,-31126691,d8507ef0a59f37d15b5d7b630fa6eea40ce4afdd,2,450001000000000000000000,450001.000000000000
2025-09-01,88,-370930303,2ad5004c60e16e54d5007c80ce329adde5b51ef5,2,421782047198934734722382,421782.047198934735
2025-09-01,89,1749974099,6cae28b3d09d8f8fc74ccd496ac986fc84c0c24e,2,293797832676668480731475,293797.832676668481
2025-09-01,90,1741274916,ff722fd7ee4f7cb3883b5a55da2670b193779329,2,253170482506694987950235,253170.482506694988
2025-09-01,91,922346498,a10c7ce4b876998858b1a9e12b10092229539400,2,182748709347820922672122,182748.709347820923
2025-09-01,92,-561793933,63242a4ea82847b20e506b63b0e2e2eff0cc6cb0,2,160059667057371033086365,160059.667057371033
2025-09-01,93,-323985955,e6c5dc8508939b1c417f83b7fed3149ef22cf3ff,2,121355942560425895577545,121355.942560425896
2025-09-01,94,-447615118,4391a5d92c8ef8a76e8b3a7fcf4661ad46071f4c,2,109000273347000000000000,109000.273347000000
2025-09-01,95,-542226275,e219168cbf30fb1855d8b55b4b061919c0c6aea5,2,100249740975217902467710,100249.740975217902
2025-09-01,96,-389903066,1a9d699aee3a56ca49d0cc3b542ae3a37885a3e1,2,100010000000000000000000,100010.000000000000
2025-09-01,97,1949482770,c351e45db65d68585e180795537563d33b3716e7,2,75509736290000000000000,75509.736290000000
2025-09-01,98,-121802047,5f1dc84ba060ea3f7429c6a7bbedd9243cf1209b,2,72077531693113278120799,72077.531693113278
2025-09-01,99,-533220941,4e9355282bfc2dc7a26ada181a7ff20d2185b6f2,2,55000000000000000000000,55000.000000000000
2025-09-01,100,-15964848,225a38bc71102999dd13478bfabd7c4d53f2dc17,2,52024395732110344014893,52024.395732110344
2025-10-01,1,-339772717,38e4254bd82ed5ee97cd1c4278faae748d998865,329,987985526454315472586992,987985.526454315473
2025-10-01,2,2054943978,6a000f20005980200259b80c5102003040001068,144,1386275304246031210567953,1386275.304246031211
2025-10-01,3,881197687,9008d19f58aabd9ed0d60971565aa8510560ab41,132,28851843523534094534981501,28851843.523534094535
2025-10-01,4,-8676112,a3931d71877c0e7a3148cb7eb4463524fec27fbd,95,47672797810050339544933097,47672797.810050339545
2025-10-01,5,-186122954,66a9893cc07d91d95644aedd05d03f95e1dba8af,87,56762072230626121130469,56762.072230626121
2025-10-01,6,1844716471,bbbbbbbbbb9cc5e90e3b3af64bdaf62c37eeffcb,38,954162428664196710670719,954162.428664196711
2025-10-01,7,-381547691,f5042e6ffac5a625d4e7848e0b01373d8eb9e222,33,83922464993353553209242,83922.464993353553
2025-10-01,8,1250544290,a9d1e08c7793af67e9d92fe308d5697fb81d3e43,31,30664769707540000000000,30664.769707540000
2025-10-01,9,-500886264,99cd4ec3f88a45940936f469e4bb72a2a701eeb9,30,6021481801911532593548161,6021481.801911532594
2025-10-01,10,-191393662,c02ab1a5eaa8d1b114ef786d9bde108cd4364359,30,1321609782281755122155816,1321609.782281755122
2025-10-01,11,-546409189,b0447068ff6c992af33bceb2cc6818f39749b6d5,28,5272356214330000000000000,5272356.214330000000
2025-10-01,12,1899934735,111111125421ca6dc452d289314280a0f8842a65,27,14325074019334302479404489,14325074.019334302479
2025-10-01,13,1364872031,1231deb6f5749ef6ce6943a275a1d3e7486f4eae,24,84168153966263777288522,84168.153966263777
2025-10-01,14,-577186117,207e1074858a7e78f17002075739ed2745dbaece,22,1599218143238217558779270,1599218.143238217559
2025-10-01,15,1861713724,1ab4973a48dc892cd9971ece8e01dcc7688f8f23,20,20419116817070000000000,20419.116817070000
2025-10-01,16,-463622492,8aee53b873176d9f938d24a53a8ae5cf36276464,20,10835232058099229679255,10835.232058099230
2025-10-01,17,-390222567,173e314c7635b45322cd8cb14f44b312e079f3af,19,5257447916716640115512702,5257447.916716640116
2025-10-01,18,616036061,74de5d4fcbf63e00296fd95d33236b9794016631,19,115194167104162618335575,115194.167104162618
2025-10-01,19,-42155844,32a6268f9ba3642dda7892add74f1d34469a4259,18,794037740235399370530039,794037.740235399371
2025-10-01,20,-111399962,000000000004444c5dc75cb358380d2e3de08a90,16,43065513381951717752287,43065.513381951718
2025-10-01,21,-24742409,0650caf159c5a49f711e8169d4336ecb9b950275,15,3278470838778365870095497,3278470.838778365870
2025-10-01,22,-24832139,10ab606b067c9c461d8893c47c7512472e19e2ce,14,2288341353058000000000000,2288341.353058000000
2025-10-01,23,1836498420,5cc9400ffb4da168cf271e912f589462c3a00d1f,13,735715782228,7.35715782228000000E-7
2025-10-01,24,-323985955,e6c5dc8508939b1c417f83b7fed3149ef22cf3ff,11,51268572634208738752705,51268.572634208739
2025-10-01,25,-320491723,508defdb5dd2adeefe36f58fdcd75d6efa36697b,11,15211660117301082934920,15211.660117301083
2025-10-01,26,-325788883,22cd3d778030dbacbefefe24301b84725011ec48,11,12951820091560000000000,12951.820091560000
2025-10-01,27,-412949987,72774c04c1c29e5011f0f3751fc79473d9acfd7d,9,1264845036098931121214026,1264845.036098931121
2025-10-01,28,2145174805,70bf6634ee8cb27d04478f184b9b8bb13e5f4710,9,351241211152000000000000,351241.211152000000
2025-10-01,29,-103393091,45312ea0eff7e09c83cbe249fa1d7598c4c8cd4e,9,224396297912548667270929,224396.297912548667
2025-10-01,30,-37413258,e9f1e2ef814f5686c30ce6fb7103d0f780836c67,9,12108179885820613493494,12108.179885820613
2025-10-01,31,-422397714,7cd01d5cad4ba0caeba02583a5c61d35b23e08eb,8,3391735621104280418092610,3391735.621104280418
2025-10-01,32,-561793933,63242a4ea82847b20e506b63b0e2e2eff0cc6cb0,7,1113375180299661478726854,1113375.180299661479
2025-10-01,33,-354346549,2f7467c2140ce6daa39dfeebbd8ece59372364e6,7,753725818973918439748169,753725.818973918440
2025-10-01,34,-389903066,1a9d699aee3a56ca49d0cc3b542ae3a37885a3e1,7,31587450255221454618352,31587.450255221455
2025-10-01,35,1489735160,58b704065b7aff3ed351052f8560019e05925023,7,193950000000000000000,193.9500000000000000
2025-10-01,36,588135314,34b2e4cc56b7160d86951310b7351e7983842a9a,6,2726524189861581999217101,2726524.189861581999
2025-10-01,37,-75482279,7d4958454a3f520bda8be764d06591b054b0bf33,6,1420844368397000000000000,1420844.368397000000
2025-10-01,38,-588851711,01f070a65c7c5920811202800d4d327825ff9b77,6,710000000000000000000000,710000.000000000000
2025-10-01,39,-60440021,5d409e56d886231adaf00c8775665ad0f9897b56,6,390334397471539417729572,390334.397471539418
2025-10-01,40,2018557174,a8c1c98aaf99a5dfc907d61b892b2ad624901185,6,121333246700813916157638,121333.246700813916
2025-10-01,41,-453175545,dd8683bbfd5b2f655de8c4dc9963acf14bccc17d,6,83731394650000000000000,83731.394650000000
2025-10-01,42,-323129525,6e4141d33021b52c91c28608403db4a0ffb50ec6,5,1501103320461700000000043,1501103.320461700000
2025-10-01,43,-90284824,00000688768803bbd44095770895ad27ad6b0d95,5,631943565640254489734773,631943.565640254490
2025-10-01,44,1861787219,37cde33ccaebdc8b7c45b2572215e626385b6b7d,5,18500038150230290464768,18500.038150230290
2025-10-01,45,-24757697,2621cc0b3f3c079c1db0e80794aa24976f0b9e3c,5,8661130938004239104120,8661.1309380042391041
2025-10-01,46,1381791786,1111111254eeb25477b68fb85ed929f73a960582,5,2853868154715466446621,2853.8681547154664466
2025-10-01,47,-323485174,645a3d9208523bbfee980f7269ac72c61dd3b552,5,53999242058562251,0.05399924205856225100
2025-10-01,48,2100250194,ae563e9fd35dd08fcee0f3e0a6f4b253bb7a68b0,4,366256943906708172005037,366256.943906708172
2025-10-01,49,-335518857,beef02961503351625926ea9a11ae13b29f5c555,4,106968461350147771560699,106968.461350147772
2025-10-01,50,-290549718,bbed4a3dbac797b0e27f33c645533621d8da39d2,4,89698540000000000000000,89698.540000000000
2025-10-01,51,-453188792,da67e06a17f6e5b614801077c540fe371ee9cb7e,4,75554895840000000000000,75554.895840000000
2025-10-01,52,-515910846,6de2c0b6e0e777dff82bafaad32c5a8ff2fb514e,4,70436993438000000000000,70436.993438000000
2025-10-01,53,1608787768,ad3b67bca8935cb510c8d18bd45f0b94f54a968f,4,45310839232813025115471,45310.839232813025
2025-10-01,54,-49640310,182863131f9a4630ff9e27830d945b1413e347e8,4,33063734079957251229115,33063.734079957251
2025-10-01,55,-577222316,25233ddd68dac9ac40e1e8d80c58d36b524032b2,4,21292396517066871763516,21292.396517066872
2025-10-01,56,-269361482,def1fce2df6270fdf7e1214343bebbab8583d43d,4,19570984372421528506878,19570.984372421529
2025-10-01,57,-232637266,4a6c312ec70e8747a587ee860a0353cd42be0ae0,4,10003000000000000000000,10003.0000000000000000
2025-10-01,58,-39866038,df9c440111a17eafbecf5db37dd04c948e878878,4,4948961797336921011190,4948.9617973369210112
2025-10-01,59,1065481746,1c727a55ea3c11b0ab7d3a361fe0f3c47ce6de5d,4,442118684949861538715,442.1186849498615387
2025-10-01,60,-555769460,86ae1a407dc9091970f7d998839aa819d793e578,4,0,0E-36
2025-10-01,61,-609473310,8dd81c38a1028ccf4500cdc962f36b6fbc9f42e1,3,5274185191084237548145840,5274185.191084237548
2025-10-01,62,849833446,1778767436111ec0adb10f9ba4f51a329d0e7770,3,5000000000000000000000000,5000000.000000000000
2025-10-01,63,-368892061,1e741fd1689bd206abd30afc221aceea5b499e4d,3,600000000000000000000000,600000.000000000000
2025-10-01,64,1997266120,2f71fbe3acf8d033f721892aa340c4bea59df5aa,3,538078893216476780093771,538078.893216476780
2025-10-01,65,2189109,67e5ea669a12f1341031148388e7ce6f2322df36,3,300058167476073191836506,300058.167476073192
2025-10-01,66,-578700410,9a7a5dd6a2cbb0becae154cf7eda1f549db1aed4,3,217500918669430770000000,217500.918669430770
2025-10-01,67,1998429350,dd9a8903e05a966e650faa79f3001f9027bf1dc4,3,212282334476822913582489,212282.334476822914
2025-10-01,68,949768310,fe3768c6fea412adb2750bfe2e1606b81980f967,3,200000000000000000000000,200000.000000000000
2025-10-01,69,-185583363,727230157ae42c55a1940bd0cb9595d49f79aa94,3,199998935445177070803862,199998.935445177071
2025-10-01,70,281712554,13f2ca08112fd5b5df3c78c5e583d95d69900235,3,199774105020057327999604,199774.105020057328
2025-10-01,71,584289235,4cd6b970f42b41ee58c2e4b7ab99863d5ae52a23,3,145615764378557743177902,145615.764378557743
2025-10-01,72,2000202299,888888888889758f76e7103c6cbf23abbf58f946,3,141037335624674849750397,141037.335624674850
2025-10-01,73,1614899264,eb75a45b99a8698ebc45f24a1ecb57235cc0f875,3,102186239302000000000000,102186.239302000000
2025-10-01,74,2009861250,1b0b29ad39aeca5351d99d0b7db55b2e1b5f78cc,3,100063193206999999999998,100063.193207000000
2025-10-01,75,281657962,5bcf90439a80ffe8e78851680dec95427b263b28,3,99277355419917130661888,99277.355419917131
2025-10-01,76,-370930303,2ad5004c60e16e54d5007c80ce329adde5b51ef5,3,51651040106168581280079,51651.040106168581
2025-10-01,77,-453185733,ac55388f056314b2d0cc2d4353e2c1055e7966d8,3,50019474395000000000000,50019.474395000000
2025-10-01,78,-453174399,3e24fb137dd7ceb175c8f2822b3ad976d6f133e5,3,50005728655090638651392,50005.728655090639
2025-10-01,79,2036124711,2625bfb6ad9840c2c0abb48f150eb9158393c466,3,22342500000000000000000,22342.500000000000
2025-10-01,80,1740827310,3e67e3e55f0e26d0c566910b51347e04222e808e,3,12584250045750000000000,12584.250045750000
2025-10-01,81,2106851551,c38e4e6a15593f908255214653d3d947ca1c2338,3,10539402973730004338612,10539.402973730004
2025-10-01,82,1387672754,074767ecaa3f1ca67819895176ce958f12a3f334,3,9999000000000000000000,9999.0000000000000000
2025-10-01,83,1435613752,8417ce4c25e3f39976a3bc5f910c93a9c07126c3,3,9311927843298898989973,9311.9278432988989900
2025-10-01,84,1945551867,efbd77ab27f16bbbc45357d0c934a1254a10d2dd,3,8209000000000000000000,8209.0000000000000000
2025-10-01,85,-66649712,f130f741d4e3185b29412c65397363f8c23a0460,3,8100000000000000000000,8100.0000000000000000
2025-10-01,86,-807033,33b41fe18d3a39046ad672f8a0c8c415454f629c,3,6596001963985919357193,6596.0019639859193572
2025-10-01,87,381304277,141fef8cd8397a390afe94846c8bd6f4ab981c48,3,4833431266000000000000,4833.4312660000000000
2025-10-01,88,2034702912,b300000b72deaeb607a12d5f54773d1c19c7028d,3,311119023604115635245,311.1190236041156352
2025-10-01,89,-386302427,cbac92a08cea952f8297fabb8d5dbda05f2f66f2,3,300000000000000000000,300.0000000000000000
2025-10-01,90,-627135004,dd0505ecc36965ddb27b087a86c0d7e238848f81,3,10000000000000000000,10.0000000000000000
2025-10-01,91,-489977622,8d8f598c1739e518b871815dd1f20ea3c169c360,3,4316727978532174289,4.3167279785321743
2025-10-01,92,-581615907,ef6648842f74612e3566f52a361c4fba8aa30cce,3,3000000000000000003,3.0000000000000000
2025-10-01,93,-331311129,a7780086ab732c110e9e71950b9fb3cb2ea50d89,3,1725204128178,0.000001725204128178000000
2025-10-01,94,-600110159,35b8d9a458b8d0577f4b39b640aa333cf2532e7d,3,29995997200,2.9995997200000000E-8
2025-10-01,95,-82799020,5519f1aeea7643a94f2db206bc667c1070967494,3,6009274000,6.0092740000000000000E-9
2025-10-01,96,-527793138,a632d59b9b804a956bfaa9b48af3a1b74808fc1f,2,5244915801266877530351314,5244915.801266877530
2025-10-01,97,-579135007,127d002d4ab4ac82deadf8b19f2b91ac0f1b88e0,2,1427300000000000000000000,1427300.000000000000
2025-10-01,98,-341174562,2c0552e5dcb79b064fd23e358a86810bc5994244,2,1024737736720845661532950,1024737.736720845662
2025-10-01,99,-42170378,09aa30b182488f769a9824f15e6ce58591da4781,2,196091481895185748953850,196091.481895185749
2025-10-01,100,-15964848,225a38bc71102999dd13478bfabd7c4d53f2dc17,2,94705750078583830464740,94705.750078583830
2025-11-01,1,-339772717,38e4254bd82ed5ee97cd1c4278faae748d998865,570,1436510240810194912550217,1436510.240810194913
2025-11-01,2,881197687,9008d19f58aabd9ed0d60971565aa8510560ab41,111,30767561125459038951471355,30767561.125459038951
2025-11-01,3,-8676112,a3931d71877c0e7a3148cb7eb4463524fec27fbd,102,33175118957320471853629726,33175118.957320471854
2025-11-01,4,-42155844,32a6268f9ba3642dda7892add74f1d34469a4259,63,1704995855186507458544087,1704995.855186507459
2025-11-01,5,-111399962,000000000004444c5dc75cb358380d2e3de08a90,51,61385348131414577136779,61385.348131414577
2025-11-01,6,-186122954,66a9893cc07d91d95644aedd05d03f95e1dba8af,37,121424645012303704803795,121424.645012303705
2025-11-01,7,1250544290,a9d1e08c7793af67e9d92fe308d5697fb81d3e43,34,26283617363940000000000,26283.617363940000
2025-11-01,8,201420416,4aa42145aa6ebf72e164c9bbc74fbd3788045016,28,498759018668831472384003,498759.018668831472
2025-11-01,9,-577186117,207e1074858a7e78f17002075739ed2745dbaece,23,20167346714367062804129180,20167346.714367062804
2025-11-01,10,-325788883,22cd3d778030dbacbefefe24301b84725011ec48,23,89758526931580000000000,89758.526931580000
2025-11-01,11,-24757697,2621cc0b3f3c079c1db0e80794aa24976f0b9e3c,21,68750945765404928533593,68750.945765404929
2025-11-01,12,-500886264,99cd4ec3f88a45940936f469e4bb72a2a701eeb9,20,578052971307346955603436,578052.971307346956
2025-11-01,13,1844716471,bbbbbbbbbb9cc5e90e3b3af64bdaf62c37eeffcb,18,249312824203423173605030,249312.824203423174
2025-11-01,14,-320491723,508defdb5dd2adeefe36f58fdcd75d6efa36697b,17,64422786071021505395217,64422.786071021505
2025-11-01,15,-390222567,173e314c7635b45322cd8cb14f44b312e079f3af,16,4250747430892000000000000,4250747.430892000000
2025-11-01,16,616036061,74de5d4fcbf63e00296fd95d33236b9794016631,16,145315056276147178541334,145315.056276147179
2025-11-01,17,-546409189,b0447068ff6c992af33bceb2cc6818f39749b6d5,16,7055594890440000000000,7055.5948904400000000
2025-11-01,18,1364872031,1231deb6f5749ef6ce6943a275a1d3e7486f4eae,15,176755437011868759157537,176755.437011868759
2025-11-01,19,-381547691,f5042e6ffac5a625d4e7848e0b01373d8eb9e222,15,26496904286967041197336,26496.904286967041
2025-11-01,20,-24832139,10ab606b067c9c461d8893c47c7512472e19e2ce,14,3025609954539000000000000,3025609.954539000000
2025-11-01,21,1489735160,58b704065b7aff3ed351052f8560019e05925023,14,2573350000000000000000,2573.3500000000000000
2025-11-01,22,-103393091,45312ea0eff7e09c83cbe249fa1d7598c4c8cd4e,13,399684631103504480109307,399684.631103504480
2025-11-01,23,2054943978,6a000f20005980200259b80c5102003040001068,13,221439047679834700423494,221439.047679834700
2025-11-01,24,1861713724,1ab4973a48dc892cd9971ece8e01dcc7688f8f23,13,36491380236520000000000,36491.380236520000
2025-11-01,25,-463622492,8aee53b873176d9f938d24a53a8ae5cf36276464,13,13255959323166858880738,13255.959323166859
2025-11-01,26,-24742409,0650caf159c5a49f711e8169d4336ecb9b950275,11,114832013977956482377873,114832.013977956482
2025-11-01,27,-37413258,e9f1e2ef814f5686c30ce6fb7103d0f780836c67,10,1399206929029044125222,1399.2069290290441252
2025-11-01,28,-191393662,c02ab1a5eaa8d1b114ef786d9bde108cd4364359,9,1013505389272931643243881,1013505.389272931643
2025-11-01,29,2018557174,a8c1c98aaf99a5dfc907d61b892b2ad624901185,9,103249506464744525679964,103249.506464744526
2025-11-01,30,1899934735,111111125421ca6dc452d289314280a0f8842a65,9,42423735429294352624501,42423.735429294353
2025-11-01,31,-561793933,63242a4ea82847b20e506b63b0e2e2eff0cc6cb0,7,115515007405833398877175,115515.007405833399
2025-11-01,32,-60440021,5d409e56d886231adaf00c8775665ad0f9897b56,7,44665409351735255807468,44665.409351735256
2025-11-01,33,1065481746,1c727a55ea3c11b0ab7d3a361fe0f3c47ce6de5d,7,1354653358032149406143,1354.6533580321494061
2025-11-01,34,-527793138,a632d59b9b804a956bfaa9b48af3a1b74808fc1f,6,9656773149021289897721,9656.7731490212898977
2025-11-01,35,-638616743,f6c52de1b93e6a84d82570332960b96217cafa3f,6,108337059305053456403,108.3370593050534564
2025-11-01,36,1381791786,1111111254eeb25477b68fb85ed929f73a960582,5,231214099363038431084673,231214.099363038431
2025-11-01,37,-39866038,df9c440111a17eafbecf5db37dd04c948e878878,5,2624754023135430312891,2624.7540231354303129
2025-11-01,38,1740827310,3e67e3e55f0e26d0c566910b51347e04222e808e,5,2051266667670000000000,2051.2666676700000000
2025-11-01,39,-323485174,645a3d9208523bbfee980f7269ac72c61dd3b552,5,1003935440221996528,1.00393544022199652800
2025-11-01,40,-658221791,5bdba8e3c08669888b792499d4e5abbca27e71a5,4,199998643588000000000000,199998.643588000000
2025-11-01,41,2145174805,70bf6634ee8cb27d04478f184b9b8bb13e5f4710,4,181782409453000000000000,181782.409453000000
2025-11-01,42,-335518857,beef02961503351625926ea9a11ae13b29f5c555,4,100611529337238315454853,100611.529337238315
2025-11-01,43,-323985955,e6c5dc8508939b1c417f83b7fed3149ef22cf3ff,4,18848914066997720940092,18848.914066997721
2025-11-01,44,-90284824,00000688768803bbd44095770895ad27ad6b0d95,4,7845342699831840003649,7845.3426998318400036
2025-11-01,45,2034702912,b300000b72deaeb607a12d5f54773d1c19c7028d,4,3788827951455279910276,3788.8279514552799103
2025-11-01,46,217922039,72e5263ff33d2494692d7f94a758aa9f82062f73,4,108936300000000000000,108.9363000000000000
2025-11-01,47,-640134269,1e1d42781fc170ef9da004fb735f56f0276d01b8,4,31713062000000000000,31.7130620000000000
2025-11-01,48,-392081290,d687f08ce30b0c9372b9c73c88c7ae92e7537c39,4,10000000000000000000,10.0000000000000000
2025-11-01,49,-422594859,21499a1fd9f36ce527cb4a9032072ef1bb7a22f6,4,4000000,4.0000000000000000E-12
2025-11-01,50,-646151080,3e49c41672c33680aff58e48baf44ae3045ab4b1,3,10538634361931377045915754,10538634.361931377046
2025-11-01,51,-646148896,9842119d19aa081f0e9c7f7094954cad293a4a1b,3,3937163766960614556835203,3937163.766960614557
2025-11-01,52,-646119936,0bbbb09b6a68ea4d8aa5faa61bc26f69c8c7d434,3,1772727004482626511332982,1772727.004482626511
2025-11-01,53,1797925792,ddf725d2ebd795748dd8c6b700b7c98d1dfb8ce5,3,1200009899569008605055219,1200009.899569008605
2025-11-01,54,-425611357,605c5e674209dea3a8dfa19d6ac320d683e1ef49,3,1007178442028187311236770,1007178.442028187311
2025-11-01,55,-370930303,2ad5004c60e16e54d5007c80ce329adde5b51ef5,3,898793837967911334035346,898793.837967911334
2025-11-01,56,1749974099,6cae28b3d09d8f8fc74ccd496ac986fc84c0c24e,3,501013247019066909659505,501013.247019066910
2025-11-01,57,-15964848,225a38bc71102999dd13478bfabd7c4d53f2dc17,3,402036977656350002583355,402036.977656350003
2025-11-01,58,-481257771,778a12a5982831b62885ee6d93e0f0f6c67e7e64,3,169398675810028230937307,169398.675810028231
2025-11-01,59,-19623668,ca946abdf9634b9cdef732c69b0935162f7f037e,3,145710479264985423385149,145710.479264985423
2025-11-01,60,-430711975,527bfad478ada73cb7a8edb2af84fc0a388acc99,3,131115051647499069903884,131115.051647499070
2025-11-01,61,-658341964,7c0c50a6fc19a9c3ba0ea468e15785b710c123f6,3,118152806841703333403568,118152.806841703333
2025-11-01,62,-665188458,b0acace518b201ca265e59862adf17c8696d5e7e,3,109322148880399148511161,109322.148880399149
2025-11-01,63,-174036646,fc3612af0fabcbe1a5e9155989cded0090c8d9b9,3,108000000000000000000000,108000.000000000000
2025-11-01,64,-413889488,225a2a71a6d1408705b4bffff6025c9319c756cb,3,103991274444917531861580,103991.274444917532
2025-11-01,65,-95949734,0bfd4954e73e9b282782706f4546d44e7bd9c9ae,3,100102943060856347893126,100102.943060856348
2025-11-01,66,1749966612,3f37c7d8e61c000085aac0515775b06a3412f36b,3,82255462731888644062583,82255.462731888644
2025-11-01,67,-655124134,229e81440cb35b5cb40005af56eb9666701bcc48,3,36000000000000000000000,36000.000000000000
2025-11-01,68,-591566463,d2b37ade14708bf18904047b1e31f8166d39612b,3,27848014201474294295016,27848.014201474294
2025-11-01,69,-331311129,a7780086ab732c110e9e71950b9fb3cb2ea50d89,3,12633125578688439304447,12633.125578688439
2025-11-01,70,328106889,4f80ce44afab1e5e940574f135802e12ad2a5ef0,3,5000000000000000000000,5000.0000000000000000
2025-11-01,71,-582847641,caccfc3168402668dbdcc054947dea0101812cca,3,2997273486883049164481,2997.2734868830491645
2025-11-01,72,-644885067,2ecbd9c35912d9eb3b1239837d8e57598115ca14,3,1999991683177225460000,1999.9916831772254600
2025-11-01,73,-303667228,f0a12fefa78181a3749474db31d09524fa87b1f7,3,839138883797364609903,839.1388837973646099
2025-11-01,74,-807033,33b41fe18d3a39046ad672f8a0c8c415454f629c,3,323491644869467130615,323.4916448694671306
2025-11-01,75,-362767851,2f726aa4149bad04b16568e2315e346e0cb2c043,3,250000000000000000000,250.0000000000000000
2025-11-01,76,-687226907,87250ad2eef18944e69b244c3be58af441472222,3,95355190087377992343,95.3551900873779923
2025-11-01,77,1153862716,065f97c31ad7f148785c2737f04d2f82e1739bfe,3,40104610190370073313,40.1046101903700733
2025-11-01,78,1329970747,f50be075ec9eb719ff2a40f4d061b91e51306bce,3,10000000000000000000,10.0000000000000000
2025-11-01,79,-119404170,ad4dba9832246d3f2a299cc52ddfa81961ca323a,3,5000000000000000000,5.0000000000000000
2025-11-01,80,-239295366,68015e82d98518cdeaa52ba065be03e961ef6f4f,3,1000000000000000000,1.00000000000000000000
2025-11-01,81,-437566690,6ded9e3bf9cd28cdca8cd67dd4ecc95d78319989,3,3000000000000,0.000003000000000000000000
2025-11-01,82,1354097314,3e23fb0715e9be36eb8d02ce7e50dde80494a90b,3,0,0E-36
2025-11-01,83,1608109861,4347296e62b9214f8366a585aa29354286e29999,2,628158319193281018554742,628158.319193281019
2025-11-01,84,-643530929,5fafdb5aa52a3308faf1eb29b1c5408f9820e963,2,445000000000000000000000,445000.000000000000
2025-11-01,85,-121802047,5f1dc84ba060ea3f7429c6a7bbedd9243cf1209b,2,334336528799155202397566,334336.528799155202
2025-11-01,86,-685681738,a7843f843d29ca33ba48d9d1335b774eecc328dc,2,249999000000000000000000,249999.000000000000
2025-11-01,87,2106851551,c38e4e6a15593f908255214653d3d947ca1c2338,2,112777077509498300000001,112777.077509498300
2025-11-01,88,-657275009,d72ba21be313cc4ad45e79b0ef665426b5b57441,2,79784618310000000000000,79784.618310000000
2025-11-01,89,-445859136,0f7ae28de1c8532170ad4ee566b5801485c13a0e,2,21023538981122145680308,21023.538981122146
2025-11-01,90,-469791595,70f9b998484c34df8d5cc6b60ffd1f415f1044f5,2,16363551328714288880328,16363.551328714289
2025-11-01,91,1578445358,19891541842162ad4311f14055e7221406213d67,2,16130860000000000000000,16130.860000000000
2025-11-01,92,-377750477,3d8fc93bd32dc5c486f5ed14c784a0e20a1e24a0,2,12988359324205181696000,12988.359324205182
2025-11-01,93,-389903066,1a9d699aee3a56ca49d0cc3b542ae3a37885a3e1,2,10673180064873659533092,10673.180064873660
2025-11-01,94,1113847572,663dc15d3c1ac63ff12e45ab68fea3f0a883c251,2,10092604625802118010175,10092.6046258021180102
2025-11-01,95,-655661530,cee993c6eac55fd9f607dbfbee582f02923b5a39,2,9600000000000000000000,9600.0000000000000000
2025-11-01,96,-547647191,81e79b4b192220dd26a1dc5c1f1e9ce278c4a352,2,7500000000000000000000,7500.0000000000000000
2025-11-01,97,-49640310,182863131f9a4630ff9e27830d945b1413e347e8,2,4047931382930244340257,4047.9313829302443403
2025-11-01,98,-621603710,bfb6a3eabf605a35860ca7e78429e3022c54f236,2,2716652518246156172942,2716.6525182461561729
2025-11-01,99,1401025421,007f7735baf391e207e3aa380bb53c4bd9a5fed6,2,2135016841908874306192,2135.0168419088743062
2025-11-01,100,2077195519,170a2d349a038e4b3e948e5c09a3720c719f3db1,2,1248437351413652373679,1248.4373514136523737
2025-12-01,1,-339772717,38e4254bd82ed5ee97cd1c4278faae748d998865,108,124604397415042055770756,124604.397415042056
2025-12-01,2,-8676112,a3931d71877c0e7a3148cb7eb4463524fec27fbd,93,21648597087413432899090201,21648597.087413432899
2025-12-01,3,881197687,9008d19f58aabd9ed0d60971565aa8510560ab41,70,3859346574316281179199755,3859346.574316281179
2025-12-01,4,-111399962,000000000004444c5dc75cb358380d2e3de08a90,31,83237588544735751394676,83237.588544735751
2025-12-01,5,1364872031,1231deb6f5749ef6ce6943a275a1d3e7486f4eae,30,3427663131341481845394773,3427663.131341481845
2025-12-01,6,1250544290,a9d1e08c7793af67e9d92fe308d5697fb81d3e43,28,9251163206750000000000,9251.1632067500000000
2025-12-01,7,-546409189,b0447068ff6c992af33bceb2cc6818f39749b6d5,27,12401330465780000000000,12401.330465780000
2025-12-01,8,-688124189,b41c354980b56cb5eb186e72c7732bdde8979dcc,26,50996000000000000000,50.9960000000000000
2025-12-01,9,-186122954,66a9893cc07d91d95644aedd05d03f95e1dba8af,24,13632396914259279817650,13632.396914259280
2025-12-01,10,-749174544,69bab788854a774969870e6d6b0ea7cdc5616f7a,24,148744200782858202110,148.7442007828582021
2025-12-01,11,-103393091,45312ea0eff7e09c83cbe249fa1d7598c4c8cd4e,23,1071672196603660320172383,1071672.196603660320
2025-12-01,12,-735775854,301d9bc22d66f7bc49329a9d9eb16d3ecc4a12b4,22,22000000000000000,0.02200000000000000000
2025-12-01,13,201420416,4aa42145aa6ebf72e164c9bbc74fbd3788045016,21,3287703142541491577686270,3287703.142541491578
2025-12-01,14,-191393662,c02ab1a5eaa8d1b114ef786d9bde108cd4364359,20,1454645870100000000000000,1454645.870100000000
2025-12-01,15,-24757697,2621cc0b3f3c079c1db0e80794aa24976f0b9e3c,19,15362046899819542052600,15362.046899819542
2025-12-01,16,-381547691,f5042e6ffac5a625d4e7848e0b01373d8eb9e222,17,22588361183911643339284,22588.361183911643
2025-12-01,17,1489735160,58b704065b7aff3ed351052f8560019e05925023,15,5153800000000000000000,5153.8000000000000000
2025-12-01,18,-697001136,5a1b2acd0c9992e14f2b6d8a326023e35a097a3a,13,403750833473397831593927,403750.833473397832
2025-12-01,19,-42155844,32a6268f9ba3642dda7892add74f1d34469a4259,13,18663840113924817459516,18663.840113924817
2025-12-01,20,-728541863,15111cf45947753367a242009b6a775f1993aaf9,13,36304628952580001,0.03630462895258000100
2025-12-01,21,-24832139,10ab606b067c9c461d8893c47c7512472e19e2ce,12,304960390052197719966582,304960.390052197720
2025-12-01,22,-720801331,c3e537626476fba585ad3112d94f567b8904df98,12,34800088630313197,0.03480008863031319700
2025-12-01,23,1844716471,bbbbbbbbbb9cc5e90e3b3af64bdaf62c37eeffcb,11,959709165488843193259221,959709.165488843193
2025-12-01,24,-24742409,0650caf159c5a49f711e8169d4336ecb9b950275,11,758018124821668897672521,758018.124821668898
2025-12-01,25,1899934735,111111125421ca6dc452d289314280a0f8842a65,11,271064880472641597137000,271064.880472641597
2025-12-01,26,-500886264,99cd4ec3f88a45940936f469e4bb72a2a701eeb9,11,59523241813372133517412,59523.241813372134
2025-12-01,27,-39866038,df9c440111a17eafbecf5db37dd04c948e878878,11,3329570388244153469905,3329.5703882441534699
2025-12-01,28,2053912594,a2bcd1a4efbd04b63cd03f5aff2561106ebcce00,11,2102658422037009658,2.1026584220370097
2025-12-01,29,1381791786,1111111254eeb25477b68fb85ed929f73a960582,10,480133881983775054211010,480133.881983775054
2025-12-01,30,-320491723,508defdb5dd2adeefe36f58fdcd75d6efa36697b,10,20353053498498526356385,20353.053498498526
2025-12-01,31,-26549764,ed39f7ed9f1280072c484d9741e07ab91d1d3f1d,9,58587168824556751,0.05858716882455675100
2025-12-01,32,-390222567,173e314c7635b45322cd8cb14f44b312e079f3af,8,2482806936750910719238818,2482806.936750910719
2025-12-01,33,-60440021,5d409e56d886231adaf00c8775665ad0f9897b56,8,195319982692738586063395,195319.982692738586
2025-12-01,34,1065481746,1c727a55ea3c11b0ab7d3a361fe0f3c47ce6de5d,8,7276704171120422154311,7276.7041711204221543
2025-12-01,35,-325788883,22cd3d778030dbacbefefe24301b84725011ec48,8,3469654955660000000000,3469.6549556600000000
2025-12-01,36,616036061,74de5d4fcbf63e00296fd95d33236b9794016631,8,704663787992472129637,704.6637879924721296
2025-12-01,37,1945551867,efbd77ab27f16bbbc45357d0c934a1254a10d2dd,8,0,0E-36
2025-12-01,38,2018557174,a8c1c98aaf99a5dfc907d61b892b2ad624901185,7,280357107601548040779505,280357.107601548041
2025-12-01,39,2054943978,6a000f20005980200259b80c5102003040001068,7,83794414474999999999999,83794.414475000000
2025-12-01,40,-426749421,3d90f66b534dd8482b181e24655a9e8265316be9,7,23655921853177919972190,23655.921853177920
2025-12-01,41,-652074134,b92fe925dc43a0ecde6c8b1a2709c170ec4fff4f,7,15280486266309256338454,15280.486266309256
2025-12-01,42,-37413258,e9f1e2ef814f5686c30ce6fb7103d0f780836c67,7,12907498111281164570750,12907.498111281165
2025-12-01,43,-687638484,2c7c98a3b1582d83c43987202aeff638312478ae,6,345600813403135057863071,345600.813403135058
2025-12-01,44,-646629947,5a0d406d3837f281b5490c2c3fa5fb0153921844,6,2000000000000000000000,2000.0000000000000000
2025-12-01,45,-726064722,af0d6103447b73d7d25181835555da539ffb8d1b,6,50963000000000000000,50.9630000000000000
2025-12-01,46,1011190016,10ee12fd24893ad8d4f5a70b4d3b1bfd0d1d9ec8,6,6000000000000000000,6.0000000000000000
2025-12-01,47,-90284824,00000688768803bbd44095770895ad27ad6b0d95,5,747679732602435064058810,747679.732602435064
2025-12-01,48,-561793933,63242a4ea82847b20e506b63b0e2e2eff0cc6cb0,5,93054088142655883461846,93054.088142655883
2025-12-01,49,-361863690,0d05a7d3448512b78fa8a9e46c4872c88c4a0d05,5,68994184441941196400128,68994.184441941196
2025-12-01,50,1608787768,ad3b67bca8935cb510c8d18bd45f0b94f54a968f,5,18686303560256075046183,18686.303560256075
2025-12-01,51,-698657212,94681b794510a1ebb22c6cf720bfc1b2dd69a5d3,5,20000000000000000000,20.0000000000000000
2025-12-01,52,1663246624,cf5540fffcdc3d510b18bfca6d2b9987b0772559,4,1049132378589963980046598,1049132.378589963980
2025-12-01,53,-640134269,1e1d42781fc170ef9da004fb735f56f0276d01b8,4,573133949785000000000000,573133.949785000000
2025-12-01,54,-577186117,207e1074858a7e78f17002075739ed2745dbaece,4,375093039962511424521497,375093.039962511425
2025-12-01,55,2145174805,70bf6634ee8cb27d04478f184b9b8bb13e5f4710,4,223311228568000000000000,223311.228568000000
2025-12-01,56,2000202299,888888888889758f76e7103c6cbf23abbf58f946,4,7736957005656537383316,7736.9570056565373833
2025-12-01,57,2034702912,b300000b72deaeb607a12d5f54773d1c19c7028d,4,2550753673692977513204,2550.7536736929775132
2025-12-01,58,-445859136,0f7ae28de1c8532170ad4ee566b5801485c13a0e,4,1649229897727694605033,1649.2298977276946050
2025-12-01,59,-687635885,36c2abab95f9aacd4b05d65b89890e29d6382611,4,359991822448458074899,359.9918224484580749
2025-12-01,60,1836498420,5cc9400ffb4da168cf271e912f589462c3a00d1f,4,83523742820930055206,83.5237428209300552
2025-12-01,61,-657145746,68dd88f002b7d855868dfd10c49e734ee85feb66,4,4000000000000000,0.00400000000000000000
2025-12-01,62,-323485174,645a3d9208523bbfee980f7269ac72c61dd3b552,4,400000000000000,0.00040000000000000000
2025-12-01,63,2113167386,68cf8c9a01411a0fca3a6676c3c9ae8f6f333ab7,4,0,0E-36
2025-12-01,64,1108108855,e9e6d5663ec820bc5bebaca5555120ab6b4a437d,3,5733422918299157626085710,5733422.918299157626
2025-12-01,65,1861713724,1ab4973a48dc892cd9971ece8e01dcc7688f8f23,3,1160951661018220000000000,1160951.661018220000
2025-12-01,66,-49640310,182863131f9a4630ff9e27830d945b1413e347e8,3,994003496418179836659939,994003.496418179837
2025-12-01,67,-711918859,470f52a95ab123d2252ee8db1756680ff213ce3f,3,900000000000000000000000,900000.000000000000
2025-12-01,68,-521969769,767e06d0c870fec6c38e101dbe5dbb226c5fd091,3,900000000000000000000000,900000.000000000000
2025-12-01,69,-239950818,2d5805a423d6ce771f06972ad4499f120902631a,3,401284621781862691465733,401284.621781862691
2025-12-01,70,1772235070,0695396ac1bc01a6a940b4b13459ce9210ad9ed7,3,367915292820251472930926,367915.292820251473
2025-12-01,71,304531771,06657d080b35315a011f60d4c78cb5d599d718a5,3,222210118459000000000000,222210.118459000000
2025-12-01,72,-714657295,7e219e0ad4eda712e3aea73414c4cf1ded2bd2a3,3,189105565635000000000000,189105.565635000000
2025-12-01,73,-511232785,59d496c404fdc8e762a55e39391d7c1faa897709,3,165043183311544065966805,165043.183311544066
2025-12-01,74,-630802280,f6801d319497789f934ec7f83e142a9536312b08,3,153529603357458703297387,153529.603357458703
2025-12-01,75,-724778593,cd3cbb527de208cb469b4f24c3ede9063e453741,3,131290835239856739055858,131290.835239856739
2025-12-01,76,-323985955,e6c5dc8508939b1c417f83b7fed3149ef22cf3ff,3,86158284391520073012873,86158.284391520073
2025-12-01,77,1113847572,663dc15d3c1ac63ff12e45ab68fea3f0a883c251,3,5111358640076228603156,5111.3586400762286032
2025-12-01,78,-654603985,c5a14a5754e5331e4a4b3f6afc7b0979879b8d5a,3,3000000000000000000000,3000.0000000000000000
2025-12-01,79,-527793138,a632d59b9b804a956bfaa9b48af3a1b74808fc1f,3,855299603132286543691,855.2996031322865437
2025-12-01,80,-443041581,1c051b6457e792ca159c0e33b70aff132c7176a5,3,750000000000000000000,750.0000000000000000
2025-12-01,81,-39862285,8f42901cd498d45646783e8ba4c87b780b5c2b1f,3,326162579363633072342,326.1625793636330723
2025-12-01,82,-712876062,e2110e24500e859b390d1ce581d7ccc88ac9d865,3,100000000000000000000,100.0000000000000000
2025-12-01,83,-146859387,a8102a8002772af5a95dff09b689d37e4d272b71,3,100000000000000000000,100.0000000000000000
2025-12-01,84,-249361043,6de001b0ff93cce7ef601cf08fc121a57840d21f,3,10000000000000000000,10.0000000000000000
2025-12-01,85,-463622492,8aee53b873176d9f938d24a53a8ae5cf36276464,3,5922789755419682845,5.9227897554196828
2025-12-01,86,-460753574,b1359e766f3a50ca95e586b33feeada6a94a6d44,3,4450000000000000000,4.4500000000000000
2025-12-01,87,1636575522,69460570c93f9de5e2edbc3052bf10125f0ca22d,3,1623692113589841162,1.6236921135898412
2025-12-01,88,-692833127,f3ff40de50d5f95cf3273dd1d29535478b17a8af,3,1510000000000000000,1.5100000000000000
2025-12-01,89,928763945,991d21f0dd297319a1a5e6ccfe3290c0ba68d3c8,2,18860322348770663915441,18860.322348770664
2025-12-01,90,-341174562,2c0552e5dcb79b064fd23e358a86810bc5994244,2,13778136273706556693021,13778.136273706557
2025-12-01,91,1756727173,5ff29ef2b0ed8fc0ce72c9c30b720a9a9fe6860a,2,13590000000000000000000,13590.000000000000
2025-12-01,92,-567690889,ccc0b26630be991c64c9eaf42180990edc067b50,2,4370000000000000000000,4370.0000000000000000
2025-12-01,93,-226061742,91d40e4818f4d4c57b4578d9eca6afc92ac8debe,2,3472502620630000000000,3472.5026206300000000
2025-12-01,94,2106851551,c38e4e6a15593f908255214653d3d947ca1c2338,2,3453300667819354484064,3453.3006678193544841
2025-12-01,95,-370930303,2ad5004c60e16e54d5007c80ce329adde5b51ef5,2,2560198209362581709844,2560.1982093625817098
2025-12-01,96,-742654616,c4a73325f45e11c7409dea9c98e2d1f70b70579d,2,1600285777305827370837,1600.2857773058273708
2025-12-01,97,-478076860,5ffcfcdc4322146176bb59646eef9baa36030d2e,2,1317267649759450061809,1317.2676497594500618
2025-12-01,98,-654441787,ef9238f9c397cb18d485104bd77a736e769689f9,2,1056995542005081288546,1056.9955420050812885
2025-12-01,99,-406892257,0ee69a11b4391c5af5eb2fb088c2df5dd2a0d075,2,1026620476828382815992,1026.6204768283828160
2025-12-01,100,1724370274,0051ef9259c7ec0644a80e866ab748a2f30841b3,2,1011040423073574292796,1011.0404230735742928
2026-01-01,1,-652074134,b92fe925dc43a0ecde6c8b1a2709c170ec4fff4f,501,4076937331452472264786,4076.9373314524722648
2026-01-01,2,-735775854,301d9bc22d66f7bc49329a9d9eb16d3ecc4a12b4,127,127000000000000000,0.12700000000000000000
2026-01-01,3,-8676112,a3931d71877c0e7a3148cb7eb4463524fec27fbd,75,25623166452528916259005469,25623166.452528916259
2026-01-01,4,881197687,9008d19f58aabd9ed0d60971565aa8510560ab41,74,7959318781592524749392533,7959318.781592524749
2026-01-01,5,-339772717,38e4254bd82ed5ee97cd1c4278faae748d998865,73,18589436288527867503399,18589.436288527868
2026-01-01,6,-111399962,000000000004444c5dc75cb358380d2e3de08a90,55,75585312903533507669562,75585.312903533508
2026-01-01,7,1899934735,111111125421ca6dc452d289314280a0f8842a65,31,1436421696178183538594289,1436421.696178183539
2026-01-01,8,1364872031,1231deb6f5749ef6ce6943a275a1d3e7486f4eae,29,3474316592279105126900808,3474316.592279105127
2026-01-01,9,-191393662,c02ab1a5eaa8d1b114ef786d9bde108cd4364359,27,15808901825344768615507584,15808901.825344768616
2026-01-01,10,-546409189,b0447068ff6c992af33bceb2cc6818f39749b6d5,27,1163728720000000000000,1163.7287200000000000
2026-01-01,11,1250544290,a9d1e08c7793af67e9d92fe308d5697fb81d3e43,26,9730273789770000000000,9730.2737897700000000
2026-01-01,12,-24757697,2621cc0b3f3c079c1db0e80794aa24976f0b9e3c,25,12216566932383115409255,12216.566932383115
2026-01-01,13,-103393091,45312ea0eff7e09c83cbe249fa1d7598c4c8cd4e,24,848454089950851667135813,848454.089950851667
2026-01-01,14,-42155844,32a6268f9ba3642dda7892add74f1d34469a4259,21,547649745784565210090831,547649.745784565210
2026-01-01,15,1945551867,efbd77ab27f16bbbc45357d0c934a1254a10d2dd,19,27891000000000000000000,27891.000000000000
2026-01-01,16,-771005539,2b22d2cfadbec7740889748be09493608f8e176e,19,71756870209939538,0.07175687020993953800
2026-01-01,17,-746686855,c92814c1974355122a8a43781a090552634ee567,18,344690441624213199549596,344690.441624213200
2026-01-01,18,-259701923,455bf23ea7575a537b6374953fa71b5f3653272c,18,71656354428300830,0.07165635442830083000
2026-01-01,19,-539398013,bd6bd109cce56e9f404498b8b372f47a4ce2fa1c,16,800000000000000000000,800.0000000000000000
2026-01-01,20,-728541863,15111cf45947753367a242009b6a775f1993aaf9,16,37032942929299998,0.03703294292929999800
2026-01-01,21,1844716471,bbbbbbbbbb9cc5e90e3b3af64bdaf62c37eeffcb,15,7661142514638078093761498,7661142.514638078094
2026-01-01,22,201420416,4aa42145aa6ebf72e164c9bbc74fbd3788045016,14,246997448215850380726846,246997.448215850381
2026-01-01,23,-39866038,df9c440111a17eafbecf5db37dd04c948e878878,14,2179121115753518707680,2179.1211157535187077
2026-01-01,24,1489735160,58b704065b7aff3ed351052f8560019e05925023,14,1632360000000000000000,1632.3600000000000000
2026-01-01,25,-808536498,f42bca228d9bd3e2f8ee65fec3d21de1063882d4,13,4522976761936928127065930,4522976.761936928127
2026-01-01,26,1836498420,5cc9400ffb4da168cf271e912f589462c3a00d1f,13,647504944071562922112758,647504.944071562922
2026-01-01,27,-325788883,22cd3d778030dbacbefefe24301b84725011ec48,13,16107606394610000000000,16107.606394610000
2026-01-01,28,-500886264,99cd4ec3f88a45940936f469e4bb72a2a701eeb9,12,476986334555438848493888,476986.334555438848
2026-01-01,29,-381547691,f5042e6ffac5a625d4e7848e0b01373d8eb9e222,12,9106648138414504843276,9106.6481384145048433
2026-01-01,30,-561793933,63242a4ea82847b20e506b63b0e2e2eff0cc6cb0,11,615215525141673010860314,615215.525141673011
2026-01-01,31,2054943978,6a000f20005980200259b80c5102003040001068,11,503866438608651327840874,503866.438608651328
2026-01-01,32,-720801331,c3e537626476fba585ad3112d94f567b8904df98,11,9045000000000000,0.00904500000000000000
2026-01-01,33,-24832139,10ab606b067c9c461d8893c47c7512472e19e2ce,10,360357042751855434280512,360357.042751855434
2026-01-01,34,1065481746,1c727a55ea3c11b0ab7d3a361fe0f3c47ce6de5d,10,5870936344385012031504,5870.9363443850120315
2026-01-01,35,-390222567,173e314c7635b45322cd8cb14f44b312e079f3af,9,773122193524000000000000,773122.193524000000
2026-01-01,36,-186122954,66a9893cc07d91d95644aedd05d03f95e1dba8af,9,149523087833779170981098,149523.087833779171
2026-01-01,37,-24742409,0650caf159c5a49f711e8169d4336ecb9b950275,8,164198506982125214812454,164198.506982125215
2026-01-01,38,-687638484,2c7c98a3b1582d83c43987202aeff638312478ae,8,45197024333608485355939,45197.024333608485
2026-01-01,39,-320491723,508defdb5dd2adeefe36f58fdcd75d6efa36697b,8,32442111483144945410944,32442.111483144945
2026-01-01,40,-323985955,e6c5dc8508939b1c417f83b7fed3149ef22cf3ff,8,4319827061441784243997,4319.8270614417842440
2026-01-01,41,-426749421,3d90f66b534dd8482b181e24655a9e8265316be9,8,1989408894946709379422,1989.4088949467093794
2026-01-01,42,-698295113,ad6752e44b90f0dde02e80ee9d1624adb3c90008,8,80800000000000,0.000080800000000000000000
2026-01-01,43,-640134269,1e1d42781fc170ef9da004fb735f56f0276d01b8,7,928782805930000000000000,928782.805930000000
2026-01-01,44,2018557174,a8c1c98aaf99a5dfc907d61b892b2ad624901185,7,226083226215785686528880,226083.226215785687
2026-01-01,45,-49640310,182863131f9a4630ff9e27830d945b1413e347e8,7,125587116027570963435285,125587.116027570963
2026-01-01,46,-794977462,1f560aee3d0c615f51466dcd9a312cfa858271a5,7,35511668248160651859224,35511.668248160652
2026-01-01,47,616036061,74de5d4fcbf63e00296fd95d33236b9794016631,7,2437077421810033561525,2437.0774218100335615
2026-01-01,48,2145174805,70bf6634ee8cb27d04478f184b9b8bb13e5f4710,6,713722027866269228282394,713722.027866269228
2026-01-01,49,-388869529,3db42f50472fad359f351e2b4629d5114d939e5d,6,0,0E-36
2026-01-01,50,1663246624,cf5540fffcdc3d510b18bfca6d2b9987b0772559,5,1947581177946211626659840,1947581.177946211627
2026-01-01,51,-697001136,5a1b2acd0c9992e14f2b6d8a326023e35a097a3a,5,183395425549906286624868,183395.425549906287
2026-01-01,52,2000202299,888888888889758f76e7103c6cbf23abbf58f946,5,92422667709491754481171,92422.667709491754
2026-01-01,53,-662617895,decc46a4b09162f5369c5c80383aaa9159bcf192,5,38926442139315111167624,38926.442139315111
2026-01-01,54,-591566463,d2b37ade14708bf18904047b1e31f8166d39612b,5,16887149375957153163292,16887.149375957153
2026-01-01,55,-716148105,13ccae241b38908450dc2d2dd0066d2c9cc6ed95,5,13500000000000000000000,13500.000000000000
2026-01-01,56,-374118427,f0e22ba1368f90e54dfd68b1442aa5aecdf6ce6a,5,23000000000000000000,23.0000000000000000
2026-01-01,57,-810976582,76dbca0a88cbbfd353f4a147dd701c1f1027ada7,5,2967099745378045182,2.9670997453780452
2026-01-01,58,2053912594,a2bcd1a4efbd04b63cd03f5aff2561106ebcce00,5,620067518253209912,0.62006751825320991200
2026-01-01,59,-805459624,81386c2b84128c71a8039c6db533b941da3c66a6,5,50000000000000000,0.05000000000000000000
2026-01-01,60,-657145746,68dd88f002b7d855868dfd10c49e734ee85feb66,5,5000000000000000,0.00500000000000000000
2026-01-01,61,-90284824,00000688768803bbd44095770895ad27ad6b0d95,4,203763987876237102327638,203763.987876237102
2026-01-01,62,-463622492,8aee53b873176d9f938d24a53a8ae5cf36276464,4,242742366840091272927,242.7423668400912729
2026-01-01,63,1508839826,3ef3d8ba38ebe18db133cec108f4d14ce00dd9ae,4,194426173032480771181,194.4261730324807712
2026-01-01,64,-817434626,29ef41688173be71d51da6e1382df1e674a6e60d,4,4431581954566872276,4.4315819545668723
2026-01-01,65,-808668343,9a9630e7828bc59abb5d0fb1d4d5f85ef7cfe0cd,4,40000000000000000,0.04000000000000000000
2026-01-01,66,-815185280,2b651ad28adeb45f46e0e10f726d274c0e2333c8,4,40000000000000000,0.04000000000000000000
2026-01-01,67,-805468840,f72e999677a21e5f53d2968972762d3891d4aa59,4,40000000000000000,0.04000000000000000000
2026-01-01,68,-812163671,cda2393d36459dcd6d2c53d533a0ff232fcd8fad,4,40000000000000000,0.04000000000000000000
2026-01-01,69,-805283013,1e6cfd11aa26ba7dfa3ab20f21de63ae17bd2853,4,40000000000000000,0.04000000000000000000
2026-01-01,70,-323485174,645a3d9208523bbfee980f7269ac72c61dd3b552,4,400000000000000,0.00040000000000000000
2026-01-01,71,-360164104,f42bcfd3dd5fcdd984d24fd2787383195c7f2b51,4,0,0E-36
2026-01-01,72,-425611357,605c5e674209dea3a8dfa19d6ac320d683e1ef49,3,5610465263431003069751988,5610465.263431003070
2026-01-01,73,1794932059,b0957ad64802dc76e6c8c78426227bd96b554e42,3,2750000000000000000000000,2750000.000000000000
2026-01-01,74,1706919972,4444ee1efbcfc7716754d4df119a1dbbe29934b3,3,2000381077155990193040765,2000381.077155990193
2026-01-01,75,919482186,a54f59fbc7626a25e54a910f9323d87681890f31,3,2000381077155990193040765,2000381.077155990193
2026-01-01,76,-341174562,2c0552e5dcb79b064fd23e358a86810bc5994244,3,1060070803073149646150266,1060070.803073149646
2026-01-01,77,-746616753,9d423b2343218d88ee58ba53271868c59d4312cb,3,1040684542669216983458227,1040684.542669216983
2026-01-01,78,1861713724,1ab4973a48dc892cd9971ece8e01dcc7688f8f23,3,301821527276730000000000,301821.527276730000
2026-01-01,79,1439179546,e61a350d4ca44da3bb65d33333903117df905c28,3,104150351838706689064368,104150.351838706689
2026-01-01,80,-170527994,dbd0c679e186e0f7fc7af36894b15357b39f9ffb,3,100918708008953306006466,100918.708008953306
2026-01-01,81,-60440021,5d409e56d886231adaf00c8775665ad0f9897b56,3,56019261811191775850239,56019.261811191776
2026-01-01,82,-527793138,a632d59b9b804a956bfaa9b48af3a1b74808fc1f,3,27005948051037445466090,27005.948051037445
2026-01-01,83,-422397714,7cd01d5cad4ba0caeba02583a5c61d35b23e08eb,3,20028305583690000000000,20028.305583690000
2026-01-01,84,-37413258,e9f1e2ef814f5686c30ce6fb7103d0f780836c67,3,5336967146494723201876,5336.9671464947232019
2026-01-01,85,-134902395,7b5e8f2beeb777c81a704b690691ca6043c624e9,3,5005000000000000000000,5005.0000000000000000
2026-01-01,86,-793991474,0aca87b2123ef4995a40217c3c98c99c81ac5e77,3,2000000000000000000000,2000.0000000000000000
2026-01-01,87,360986854,c8afb3e389c2693e588bb716d37cf1b53179506f,3,1000000000000000000000,1000.0000000000000000
2026-01-01,88,-628476009,0c52c24245e40362250185dda980996a47585396,3,100000000000000000000,100.0000000000000000
2026-01-01,89,-808404047,f9219c791be6153efb95900206bcda380a1f1bd2,3,100000000000000000000,100.0000000000000000
2026-01-01,90,-484239525,72ed24bdd9253595bdd01469a15a8852bee7e0da,3,32488380632728436227,32.4883806327284362
2026-01-01,91,-356380431,74ce21f7781c8fa73dd8df6a145e52898a838c12,3,15000000000000000000,15.0000000000000000
2026-01-01,92,-456624899,963b22046ec3992a128dc5c4a1f57da6bcb3fab3,3,11000000000000000000,11.0000000000000000
2026-01-01,93,1830561666,b82d2575e3dced0b38e9c0e688fd9962b826ead2,3,5000000000000000000,5.0000000000000000
2026-01-01,94,-834933626,a50b19f8ba13efb8c7527c9b8af8d1559de6c349,3,4083625864025630915,4.0836258640256309
2026-01-01,95,-790750690,868051283b320cc95edbf84db3b378950d879442,3,3367196939339374625,3.3671969393393746
2026-01-01,96,916065334,83626a05588bba91daede52346e5282d123e0280,3,1000000000000000000,1.00000000000000000000
2026-01-01,97,1988942826,9c68a6315c76746de52c39147883b8406b514eec,3,1000000000000000000,1.00000000000000000000
2026-01-01,98,-797155134,717dd74e286c011540f29394c15f904d7be10a74,3,30000000000000000,0.03000000000000000000
2026-01-01,99,-815297181,e080c8bb3d96a3fa8e09608d59ca07c2fe824167,3,30000000000000000,0.03000000000000000000
2026-01-01,100,-783255786,6899654359d30c21d950952ed7508dc2de906950,3,30000000000000000,0.03000000000000000000
2026-02-01,1,881197687,9008d19f58aabd9ed0d60971565aa8510560ab41,112,18221180157474040085651056,18221180.157474040086
2026-02-01,2,-652074134,b92fe925dc43a0ecde6c8b1a2709c170ec4fff4f,110,657087651367746108143834,657087.651367746108
2026-02-01,3,-8676112,a3931d71877c0e7a3148cb7eb4463524fec27fbd,82,14344111938358068444887114,14344111.938358068445
2026-02-01,4,-111399962,000000000004444c5dc75cb358380d2e3de08a90,65,95854499361008495437513,95854.499361008495
2026-02-01,5,1364872031,1231deb6f5749ef6ce6943a275a1d3e7486f4eae,63,703364657076742369402414,703364.657076742369
2026-02-01,6,-339772717,38e4254bd82ed5ee97cd1c4278faae748d998865,47,44398643030877877554693,44398.643030877878
2026-02-01,7,1508839826,3ef3d8ba38ebe18db133cec108f4d14ce00dd9ae,39,2848360581603337358741,2848.3605816033373587
2026-02-01,8,-831656232,f48a3f7c0575c85cf4529aa220caf3c055773f1c,37,1114509848616681454137643,1114509.848616681454
2026-02-01,9,-698295113,ad6752e44b90f0dde02e80ee9d1624adb3c90008,31,313100000000000,0.00031310000000000000
2026-02-01,10,-24757697,2621cc0b3f3c079c1db0e80794aa24976f0b9e3c,26,18192863889644843744048,18192.863889644844
2026-02-01,11,1250544290,a9d1e08c7793af67e9d92fe308d5697fb81d3e43,22,77172216573508339680422,77172.216573508340
2026-02-01,12,-500886264,99cd4ec3f88a45940936f469e4bb72a2a701eeb9,21,3449129625591693565679464,3449129.625591693566
2026-02-01,13,1844716471,bbbbbbbbbb9cc5e90e3b3af64bdaf62c37eeffcb,18,4847043293560404061243504,4847043.293560404061
2026-02-01,14,2054943978,6a000f20005980200259b80c5102003040001068,18,625454309347424913035863,625454.309347424913
2026-02-01,15,1899934735,111111125421ca6dc452d289314280a0f8842a65,17,1230511279526898338370722,1230511.279526898338
2026-02-01,16,-903639290,4a6eb1d3e3dfe82227f1aeb35a55d283f916a5ce,17,2098800000000000000,2.0988000000000000
2026-02-01,17,-561793933,63242a4ea82847b20e506b63b0e2e2eff0cc6cb0,16,1273319474631421636791665,1273319.474631421637
2026-02-01,18,-191393662,c02ab1a5eaa8d1b114ef786d9bde108cd4364359,16,318677720000000000000000,318677.720000000000
2026-02-01,19,1489735160,58b704065b7aff3ed351052f8560019e05925023,16,10729230000000000000000,10729.230000000000
2026-02-01,20,-917633702,c56610f32ec64d785c21b86ff7a6c40e99807558,16,7950020629561867033039,7950.0206295618670330
2026-02-01,21,-808536498,f42bca228d9bd3e2f8ee65fec3d21de1063882d4,15,3579347127341809117035212,3579347.127341809117
2026-02-01,22,-42155844,32a6268f9ba3642dda7892add74f1d34469a4259,15,1121557895708999855609351,1121557.895708999856
2026-02-01,23,-24742409,0650caf159c5a49f711e8169d4336ecb9b950275,13,4207147958061849136827303,4207147.958061849137
2026-02-01,24,201420416,4aa42145aa6ebf72e164c9bbc74fbd3788045016,13,167861072719580377667414,167861.072719580378
2026-02-01,25,-546409189,b0447068ff6c992af33bceb2cc6818f39749b6d5,13,1461032222810000000000,1461.0322228100000000
2026-02-01,26,-103393091,45312ea0eff7e09c83cbe249fa1d7598c4c8cd4e,12,14136654344251049658484001,14136654.344251049658
2026-02-01,27,-687638484,2c7c98a3b1582d83c43987202aeff638312478ae,12,60533100824356986069369,60533.100824356986
2026-02-01,28,-422397714,7cd01d5cad4ba0caeba02583a5c61d35b23e08eb,11,7278717189703546711499598,7278717.189703546711
2026-02-01,29,-24832139,10ab606b067c9c461d8893c47c7512472e19e2ce,11,595760369907000000000000,595760.369907000000
2026-02-01,30,616036061,74de5d4fcbf63e00296fd95d33236b9794016631,10,10635439424367991820984,10635.439424367992
2026-02-01,31,-867156546,253f033dfba9d1dfb826f18502d22a5292fb4219,10,8715292609792343230773,8715.2926097923432308
2026-02-01,32,1836498420,5cc9400ffb4da168cf271e912f589462c3a00d1f,9,25780465819053235604877,25780.465819053236
2026-02-01,33,2053912594,a2bcd1a4efbd04b63cd03f5aff2561106ebcce00,9,868258309927595584,0.86825830992759558400
2026-02-01,34,-657145746,68dd88f002b7d855868dfd10c49e734ee85feb66,9,9000000000000000,0.00900000000000000000
2026-02-01,35,-463622492,8aee53b873176d9f938d24a53a8ae5cf36276464,8,61122955195123779579,61.1229551951237796
2026-02-01,36,-856013244,ad11109039f5f2c954db600c03ba0ef25e5fe9bd,8,27916000000000000,0.02791600000000000000
2026-02-01,37,-60440021,5d409e56d886231adaf00c8775665ad0f9897b56,7,44569084738041925080468,44569.084738041925
2026-02-01,38,1861713724,1ab4973a48dc892cd9971ece8e01dcc7688f8f23,7,27819406218740000000000,27819.406218740000
2026-02-01,39,-39866038,df9c440111a17eafbecf5db37dd04c948e878878,7,9271793602989073205408,9271.7936029890732054
2026-02-01,40,-844621685,2ab35a9e0eb211eb91baaf4e8626d97165ce8a5c,7,100005533300000000000,100.0055333000000000
2026-02-01,41,-857599014,75c822d36f081500099b28f547ab5d4c577890ab,7,6150774734378276939,6.1507747343782769
2026-02-01,42,-857014188,1cc767399ed6d51d3ff05293faaa61e89086bf4e,7,2099700000000000000,2.0997000000000000
2026-02-01,43,-857554716,e4731d1d77cae73c340e47b6a10f0b34ad9c6b96,7,70000000000000000,0.07000000000000000000
2026-02-01,44,-857845770,b90ebe617ef90b1bfa784e604eac326cbcbda230,7,70000000000000000,0.07000000000000000000
2026-02-01,45,-49640310,182863131f9a4630ff9e27830d945b1413e347e8,6,2646521303069973573897238,2646521.303069973574
2026-02-01,46,1663246624,cf5540fffcdc3d510b18bfca6d2b9987b0772559,6,71112798352570297594385,71112.798352570298
2026-02-01,47,1708635711,948777676ed54390889c219489927939d51a805a,6,22912500000000000000000,22912.500000000000
2026-02-01,48,-325788883,22cd3d778030dbacbefefe24301b84725011ec48,6,8337122491560000000000,8337.1224915600000000
2026-02-01,49,-857673137,ca8403ef456867a4db7e0499fede440f0cc8634f,6,60000000000000000,0.06000000000000000000
2026-02-01,50,-878254471,0badc656ebc62e02d23d6c7772189c779c09415f,6,60000000000000000,0.06000000000000000000
2026-02-01,51,-693573062,5e1f62dac767b0491e3ce72469c217365d5b48cc,5,351801646484344405652154,351801.646484344406
2026-02-01,52,-705394395,437f64649600e302f4335be1130f665394015437,5,76084594543542004515680,76084.594543542005
2026-02-01,53,-390222567,173e314c7635b45322cd8cb14f44b312e079f3af,5,51745242791000000000000,51745.242791000000
2026-02-01,54,2000202299,888888888889758f76e7103c6cbf23abbf58f946,5,40378018704791607151551,40378.018704791607
2026-02-01,55,-621980796,37fc5d447c8c54326c62b697f674c93ead2a93a3,5,19714000000000000000000,19714.000000000000
2026-02-01,56,-841085646,5e21aa18a9cfb6d58a004fe917c7879dd07133c8,5,100000000000000000000,100.0000000000000000
2026-02-01,57,-878220727,5c724aacaa8e772b7b5a6a31e55d4194cdc7d59a,5,5738266115937750016,5.7382661159377500
2026-02-01,58,-878246627,e3fe6d5002f37ff115d898b2bc4efb24e5eb9deb,5,5727374641888170251,5.7273746418881703
2026-02-01,59,-855033695,48dc16b7b253d05e0ae854ca85f3631d9773f837,5,5608183006443654114,5.6081830064436541
2026-02-01,60,-297627070,f8191d98ae98d2f7abdfb63a9b0b812b93c873aa,4,422003000000000000000000,422003.000000000000
2026-02-01,61,2145174805,70bf6634ee8cb27d04478f184b9b8bb13e5f4710,4,271255029767102936863179,271255.029767102937
2026-02-01,62,-374118427,f0e22ba1368f90e54dfd68b1442aa5aecdf6ce6a,4,160001000000000000000000,160001.000000000000
2026-02-01,63,-186122954,66a9893cc07d91d95644aedd05d03f95e1dba8af,4,49132950327797150367462,49132.950327797150
2026-02-01,64,-527793138,a632d59b9b804a956bfaa9b48af3a1b74808fc1f,4,5404645900226100325026,5404.6459002261003250
2026-02-01,65,2060089740,f00648b318076c581bc49acc0795f62d89c3998a,4,2000000000000000000000,2000.0000000000000000
2026-02-01,66,-39862285,8f42901cd498d45646783e8ba4c87b780b5c2b1f,4,329740212834282387988,329.7402128342823880
2026-02-01,67,-511642882,e257e8ee384ab69150c2839a79a6cf9e9382b9a4,4,308245991577632384225,308.2459915776323842
2026-02-01,68,-37413258,e9f1e2ef814f5686c30ce6fb7103d0f780836c67,4,245526811252259852404,245.5268112522598524
2026-02-01,69,-871481605,46931f725b9cfba21be245c3179977ef2b3bb6a1,4,100000000000000000000,100.0000000000000000
2026-02-01,70,1065481746,1c727a55ea3c11b0ab7d3a361fe0f3c47ce6de5d,4,83408313829439433167,83.4083138294394332
2026-02-01,71,-850625961,6731361bc5554c9dda7a12396f4de312d6a801ba,4,6820664412309839287,6.8206644123098393
2026-02-01,72,-857601491,ccdc362f839ea01f357929ce4e3e96a4861b3849,4,40000000000000000,0.04000000000000000000
2026-02-01,73,2126318755,412500d4c70f35aa8e997788388830eb7d2e2a40,4,0,0E-36
2026-02-01,74,-582291163,0b12402b51150a9256cb7e0db2549416e0ef8521,4,0,0E-36
2026-02-01,75,-81664234,f792c959ac78e7b4bfb7c8b3c11390475b9b1761,3,2999906334234497771843313,2999906.334234497772
2026-02-01,76,779583634,2e4cf76b269f34d83bea428f4c35aa5645191259,3,2000000000000000000000000,2000000.000000000000
2026-02-01,77,-113620579,00c04ae980a41825fcb505797d394090295b5813,3,529853868276199237772514,529853.868276199238
2026-02-01,78,-79620546,0000000000bbf5c5fd284e657f01bd000933c96d,3,120273271694816795775203,120273.271694816796
2026-02-01,79,1381791786,1111111254eeb25477b68fb85ed929f73a960582,3,99700656508496410336126,99700.656508496410
2026-02-01,80,-654603985,c5a14a5754e5331e4a4b3f6afc7b0979879b8d5a,3,84315292609792343230773,84315.292609792343
2026-02-01,81,-802863945,12cc1b5a5d448ac106d4388267521da51e9c60ad,3,10013991161939683706381,10013.9911619396837064
2026-02-01,82,-331601069,3611b82c7b13e72b26eb0e9be0613bee7a45ac7c,3,5987661936171556074698,5987.6619361715560747
2026-02-01,83,-904455708,6ac7f10cdb07c564d2fe95e9b4a586780c5a0278,3,5002102550578495382892,5002.1025505784953829
2026-02-01,84,1392601724,02ef4ec6d74736aa2924bcad0701573990a7a61e,3,4569449531749741942620,4569.4495317497419426
2026-02-01,85,-323985955,e6c5dc8508939b1c417f83b7fed3149ef22cf3ff,3,2571112405477001103807,2571.1124054770011038
2026-02-01,86,-687635885,36c2abab95f9aacd4b05d65b89890e29d6382611,3,2098428950869353249892,2098.4289508693532499
2026-02-01,87,-538341780,3ef238c36035880efbdfa239d218186b79ad1d6f,3,124100131717234771026,124.1001317172347710
2026-02-01,88,1933524311,dea9f5d650e533e1315acf9b27f53663f931c14e,3,100000000000000000000,100.0000000000000000
2026-02-01,89,-426749421,3d90f66b534dd8482b181e24655a9e8265316be9,3,91182717464346913511,91.1827174643469135
2026-02-01,90,-320491723,508defdb5dd2adeefe36f58fdcd75d6efa36697b,3,60737736550662937942,60.7377365506629379
2026-02-01,91,-850428640,8aafb390af97c7d43f67242f952c58d65988ff6d,3,6799607988875123359,6.7996079888751234
2026-02-01,92,-850435501,9a1076a9b6a88c928aa0148cf69cc05a6ae06cc4,3,6798175904498859747,6.7981759044988597
2026-02-01,93,-854996047,3e59c4c7ec3880015c9c1d1c9206973d8f3f02e9,3,5629922956742929601,5.6299229567429296
2026-02-01,94,-855005956,0ba9803c22fa2d52ddbd92873e50c618f6e8543d,3,5626007790185363638,5.6260077901853636
2026-02-01,95,-855050904,2b1fb3b53a96d574c9552fe190913d0fd61b5ffe,3,5602173021454025320,5.6021730214540253
2026-02-01,96,-878259790,140d10f05bda1158e9e4c9113f6ffd79c0ef4e01,3,30000000000000000,0.03000000000000000000
2026-02-01,97,-917687417,4f3746fdc17741b60dfcdcfdff55791fb137cdc0,3,30000000000000000,0.03000000000000000000
2026-02-01,98,-917654474,5f586fe45bc44e7be995a95543f03a958d5e8537,3,30000000000000000,0.03000000000000000000
2026-02-01,99,2106459854,2d082bad5a79460ee7bb860d489d192b9c18d3d0,3,0,0E-36
2026-02-01,100,2147408862,73781209f3b0f195d0d3fa9d6b95bb61c54c1ca6,2,6100000000000000000000000,6100000.000000000000
2026-03-01,1,-917633702,c56610f32ec64d785c21b86ff7a6c40e99807558,477,229110318926528750583424,229110.318926528751
2026-03-01,2,-220766245,f0a5bcf29906884dbd96dc41c5f5680a666f4db7,147,484311708000000000,0.48431170800000000000
2026-03-01,3,881197687,9008d19f58aabd9ed0d60971565aa8510560ab41,121,26975552003158952030033026,26975552.003158952030
2026-03-01,4,1508839826,3ef3d8ba38ebe18db133cec108f4d14ce00dd9ae,99,76481633693315997771673,76481.633693315998
2026-03-01,5,-8676112,a3931d71877c0e7a3148cb7eb4463524fec27fbd,94,66688436739871094243767808,66688436.739871094244
2026-03-01,6,-111399962,000000000004444c5dc75cb358380d2e3de08a90,79,237513570338193299964284,237513.570338193300
2026-03-01,7,1364872031,1231deb6f5749ef6ce6943a275a1d3e7486f4eae,77,5227589665951283482367585,5227589.665951283482
2026-03-01,8,-698295113,ad6752e44b90f0dde02e80ee9d1624adb3c90008,49,494900000000000,0.00049490000000000000
2026-03-01,9,-831656232,f48a3f7c0575c85cf4529aa220caf3c055773f1c,39,1616594987449891327508475,1616594.987449891328
2026-03-01,10,1861713724,1ab4973a48dc892cd9971ece8e01dcc7688f8f23,35,339401877021270000000000,339401.877021270000
2026-03-01,11,1250544290,a9d1e08c7793af67e9d92fe308d5697fb81d3e43,35,43769981941910000000000,43769.981941910000
2026-03-01,12,-339772717,38e4254bd82ed5ee97cd1c4278faae748d998865,33,4535736845294968648700,4535.7368452949686487
2026-03-01,13,-652074134,b92fe925dc43a0ecde6c8b1a2709c170ec4fff4f,28,68491899280285436210298,68491.899280285436
2026-03-01,14,-42155844,32a6268f9ba3642dda7892add74f1d34469a4259,26,5776864581932630032793294,5776864.581932630033
2026-03-01,15,-325788883,22cd3d778030dbacbefefe24301b84725011ec48,26,32452363270660000000000,32452.363270660000
2026-03-01,16,1836498420,5cc9400ffb4da168cf271e912f589462c3a00d1f,25,183871803815955378544277,183871.803815955379
2026-03-01,17,-500886264,99cd4ec3f88a45940936f469e4bb72a2a701eeb9,24,4139705347511280241021785,4139705.347511280241
2026-03-01,18,-561793933,63242a4ea82847b20e506b63b0e2e2eff0cc6cb0,23,2609122028591749572886449,2609122.028591749573
2026-03-01,19,1844716471,bbbbbbbbbb9cc5e90e3b3af64bdaf62c37eeffcb,23,1991555288945119104079881,1991555.288945119104
2026-03-01,20,1899934735,111111125421ca6dc452d289314280a0f8842a65,22,294776950033650264267665,294776.950033650264
2026-03-01,21,-913541227,d4de3531e06c43a2c5ed7db0753d5ef458f6b3b0,21,37382880646978889640,37.3828806469788896
2026-03-01,22,-967367737,76fbd7016f8d0810b5c74c186637a9b1ff2752e7,20,802604329823130000,0.80260432982313000000
2026-03-01,23,-856013244,ad11109039f5f2c954db600c03ba0ef25e5fe9bd,20,104762000000000000,0.10476200000000000000
2026-03-01,24,-688492681,09d94eb40f49be2adc2b9761e6041b27258ea029,18,63990888211420000000000,63990.888211420000
2026-03-01,25,-426749421,3d90f66b534dd8482b181e24655a9e8265316be9,17,61719740574934335608031,61719.740574934336
2026-03-01,26,-103393091,45312ea0eff7e09c83cbe249fa1d7598c4c8cd4e,16,1723951856663267846711731,1723951.856663267847
2026-03-01,27,-24757697,2621cc0b3f3c079c1db0e80794aa24976f0b9e3c,15,23534464733037249599081,23534.464733037250
2026-03-01,28,-191393662,c02ab1a5eaa8d1b114ef786d9bde108cd4364359,14,158387140000000000000000,158387.140000000000
2026-03-01,29,201420416,4aa42145aa6ebf72e164c9bbc74fbd3788045016,14,98540151583240952021368,98540.151583240952
2026-03-01,30,-1009066366,94870bd6724391b753a76c147742ea50e78c133a,14,67891494752000000000000,67891.494752000000
2026-03-01,31,-1009045016,4785a8c4022e99161d608fbb6230ea901c9b2328,13,259978550000000000000000,259978.550000000000
2026-03-01,32,1489735160,58b704065b7aff3ed351052f8560019e05925023,13,24973690000000000000000,24973.690000000000
2026-03-01,33,-546409189,b0447068ff6c992af33bceb2cc6818f39749b6d5,13,20784898916310000000000,20784.898916310000
2026-03-01,34,-926188415,ea5f1ba23c8a985201233a35654cac237fc22fea,13,130000000000000000,0.13000000000000000000
2026-03-01,35,-390222567,173e314c7635b45322cd8cb14f44b312e079f3af,12,4837049665871000000000000,4837049.665871000000
2026-03-01,36,-24832139,10ab606b067c9c461d8893c47c7512472e19e2ce,12,13261781941000000000000,13261.781941000000
2026-03-01,37,-463622492,8aee53b873176d9f938d24a53a8ae5cf36276464,12,355154947473592631486,355.1549474735926315
2026-03-01,38,-877542747,e15fcc81118895b67b6647bbd393182df44e11e0,10,4420321478459372733423981,4420321.478459372733
2026-03-01,39,2053912594,a2bcd1a4efbd04b63cd03f5aff2561106ebcce00,10,1029256434212331174,1.0292564342123312
2026-03-01,40,-936183683,887f47eaaa0ba8ebdb9318d2957a0ff2a01e6952,10,100000000000000000,0.10000000000000000000
2026-03-01,41,-925990636,ae114545e3cc4edaed3eb8bc1cc511036e3d4196,10,100000000000000000,0.10000000000000000000
2026-03-01,42,-687638484,2c7c98a3b1582d83c43987202aeff638312478ae,9,47099505606633689828424,47099.505606633690
2026-03-01,43,-807033,33b41fe18d3a39046ad672f8a0c8c415454f629c,9,19329898889281695558689,19329.898889281696
2026-03-01,44,-925987473,a9026365ab20882f7113ac694d63f6fcd8131db0,9,5797367655017451450,5.7973676550174515
2026-03-01,45,-60440021,5d409e56d886231adaf00c8775665ad0f9897b56,8,380240207761963592908882,380240.207761963593
2026-03-01,46,2054943978,6a000f20005980200259b80c5102003040001068,8,102641000031293789999998,102641.000031293790
2026-03-01,47,-926199459,6ab83047d47d08a8a8cc3d9308acbc8f9f4cb247,8,5782934686429719231,5.7829346864297192
2026-03-01,48,-925982975,c430989b164eb0ae221edc13e10125e87fe23c40,8,80000000000000000,0.08000000000000000000
2026-03-01,49,-331601069,3611b82c7b13e72b26eb0e9be0613bee7a45ac7c,7,11881210594092083675160,11881.210594092084
2026-03-01,50,616036061,74de5d4fcbf63e00296fd95d33236b9794016631,7,583998985061247578548,583.9989850612475785
2026-03-01,51,-39866038,df9c440111a17eafbecf5db37dd04c948e878878,7,499098906797806508476,499.0989067978065085
2026-03-01,52,-657145746,68dd88f002b7d855868dfd10c49e734ee85feb66,7,7000000000000000,0.00700000000000000000
2026-03-01,53,2145174805,70bf6634ee8cb27d04478f184b9b8bb13e5f4710,6,1528730314228035206157767,1528730.314228035206
2026-03-01,54,-24742409,0650caf159c5a49f711e8169d4336ecb9b950275,6,404348160726606905133550,404348.160726606905
2026-03-01,55,-640134269,1e1d42781fc170ef9da004fb735f56f0276d01b8,6,163330116043000000000000,163330.116043000000
2026-03-01,56,-39862285,8f42901cd498d45646783e8ba4c87b780b5c2b1f,6,1543089598141421850442,1543.0895981414218504
2026-03-01,57,-904309504,20f1e9b44fc066191ec08d98517390674b25ffb9,6,618302832821521459034,618.3028328215214590
2026-03-01,58,-959123091,f0a8fff906e4450062d0722230189cff0d87201f,6,6526530116184067784,6.5265301161840678
2026-03-01,59,-49640310,182863131f9a4630ff9e27830d945b1413e347e8,5,2004368247975136963713111,2004368.247975136964
2026-03-01,60,690338951,0c93c20234682ef35719eaa5215ab5aa7879f208,5,500279618416000000000000,500279.618416000000
2026-03-01,61,-15964848,225a38bc71102999dd13478bfabd7c4d53f2dc17,5,221075686895497108258816,221075.686895497108
2026-03-01,62,-186122954,66a9893cc07d91d95644aedd05d03f95e1dba8af,5,150470446034041335772487,150470.446034041336
2026-03-01,63,2106851551,c38e4e6a15593f908255214653d3d947ca1c2338,5,20999798285972543566730,20999.798285972544
2026-03-01,64,1113847572,663dc15d3c1ac63ff12e45ab68fea3f0a883c251,5,20023398233589818585898,20023.398233589819
2026-03-01,65,1967634304,6b130820c449a27b35256a3c99942adbd53aac18,5,9024879920600000000000,9024.8799206000000000
2026-03-01,66,-867156546,253f033dfba9d1dfb826f18502d22a5292fb4219,5,2300000000000000000000,2300.0000000000000000
2026-03-01,67,1663246624,cf5540fffcdc3d510b18bfca6d2b9987b0772559,5,94548966749348946141,94.5489667493489461
2026-03-01,68,-1006324556,ed7a1d9c65b7d0c1ead3124ca9a5f5096f8c4f17,5,50000000000000000,0.05000000000000000000
2026-03-01,69,-926160514,359183b1c1c72337a8adc733c92694c4055a38d8,5,50000000000000000,0.05000000000000000000
2026-03-01,70,-1006365896,3da44507468cb03087440dc168ddfd9e27112e0b,5,50000000000000000,0.05000000000000000000
2026-03-01,71,-959065614,2c39f8b158a232749cffea52d55ab895cfffce7c,5,50000000000000000,0.05000000000000000000
2026-03-01,72,-822293956,bb7ffe3e4c598c091a3220e1643bf59a3595c668,5,33029754020999999,0.03302975402099999900
2026-03-01,73,-428128820,0a8773bd70e79f464b0b406c8307ab4afab0cfd8,4,750009200000000000000000,750009.200000000000
2026-03-01,74,-941888561,20db14e4a6954d921c640cd77a7f95d99f3d7514,4,27309809385919847141509,27309.809385919847
2026-03-01,75,-355794729,3d545755e09581eb5fc64309b2e66a942bede6b3,4,6495179030085840889108,6495.1790300858408891
2026-03-01,76,-693573062,5e1f62dac767b0491e3ce72469c217365d5b48cc,4,6005168343693135535008,6005.1683436931355350
2026-03-01,77,230510657,b8ba36e591facee901ffd3d5d82df491551ad7ef,4,1626978394880000000000,1626.9783948800000000
2026-03-01,78,1636575522,69460570c93f9de5e2edbc3052bf10125f0ca22d,4,1031817384859099385241,1031.8173848590993852
2026-03-01,79,-904455708,6ac7f10cdb07c564d2fe95e9b4a586780c5a0278,4,141868015338294499648,141.8680153382944996
2026-03-01,80,-320491723,508defdb5dd2adeefe36f58fdcd75d6efa36697b,4,48464878977897262954,48.4648789778972630
2026-03-01,81,750285133,c8d455a1979f8b4f1878a142372c48b96ff69031,4,10000000000000000000,10.0000000000000000
2026-03-01,82,-990803423,f13b973885e13a6ad8d95dd22d47d611c44cb4e9,4,6551828542724968976,6.5518285427249690
2026-03-01,83,-950168718,af9b292107098f1c5d291d4469455b550b08d484,4,6110841261119672508,6.1108412611196725
2026-03-01,84,-950003083,c07f01b77e310378f306b339c141d31e7ddba62b,4,40000000000000000,0.04000000000000000000
2026-03-01,85,-959079960,9689c242c5de39e7628caf65ba35ce71908af45b,4,40000000000000000,0.04000000000000000000
2026-03-01,86,-958934388,099a1caaf8cc2870c3f9acf3e47edb7bad58531a,4,40000000000000000,0.04000000000000000000
2026-03-01,87,588135314,34b2e4cc56b7160d86951310b7351e7983842a9a,3,3000209469028000000000000,3000209.469028000000
2026-03-01,88,1544917525,18d844394d6ebd52817cd154e264d38264c355bc,3,1168152723081558805957507,1168152.723081558806
2026-03-01,89,-428564548,a255ddc53b598b12621ffc788961bf66b8716600,3,749999200010000000000000,749999.200010000000
2026-03-01,90,2000202299,888888888889758f76e7103c6cbf23abbf58f946,3,200356440825013544697721,200356.440825013545
2026-03-01,91,-504780932,a527cf69a5bea999d90e48c57538d63627eb8a5f,3,160034600401191572631280,160034.600401191573
2026-03-01,92,-144333617,83da2c00d859a41d49fe1ac63956d170dbe0caa9,3,151928535832000000000000,151928.535832000000
2026-03-01,93,998066286,e3bdbcba6dfeee246b64e93779cac9cb1b032a6f,3,150000000000000000000000,150000.000000000000
2026-03-01,94,1348367443,2802c4451544c25550bec6c0ba493a043024526a,3,99949278840000000000000,99949.278840000000
2026-03-01,95,-981550410,286cc64872159e044a5907034cb627e2be3fd30d,3,52000000000000000000000,52000.000000000000
2026-03-01,96,870708983,832ec90397eb55587671c8375cac58c3af5603ea,3,22044300000000000000000,22044.300000000000
2026-03-01,97,-867019147,c10ee9031f2a0b84766a86b55a8d90f357910fb4,3,12407473624254842568707,12407.473624254843
2026-03-01,98,-841085646,5e21aa18a9cfb6d58a004fe917c7879dd07133c8,3,10000000000000000000000,10000.0000000000000000
2026-03-01,99,723629040,5c89c420a9e82ea9aedbaaab03302e39982919b9,3,9995769555000169426451,9995.7695550001694265
2026-03-01,100,2034702912,b300000b72deaeb607a12d5f54773d1c19c7028d,3,9949407065321493165447,9949.4070653214931654
2026-04-01,1,-1044914670,5afe0000727040681d781fb23e8c82b468076042,302,981219629614638931,0.98121962961463893100
2026-04-01,2,-8676112,a3931d71877c0e7a3148cb7eb4463524fec27fbd,138,66585065347807727014510572,66585065.347807727015
2026-04-01,3,-220766245,f0a5bcf29906884dbd96dc41c5f5680a666f4db7,121,396570586450310949,0.39657058645031094900
2026-04-01,4,-226061742,91d40e4818f4d4c57b4578d9eca6afc92ac8debe,96,152136774758550000000000,152136.774758550000
2026-04-01,5,881197687,9008d19f58aabd9ed0d60971565aa8510560ab41,80,4860309958267810884620407,4860309.958267810885
2026-04-01,6,-111399962,000000000004444c5dc75cb358380d2e3de08a90,80,205587846686674535613061,205587.846686674536
2026-04-01,7,-191393662,c02ab1a5eaa8d1b114ef786d9bde108cd4364359,56,23889947004591207895455560,23889947.004591207895
2026-04-01,8,1364872031,1231deb6f5749ef6ce6943a275a1d3e7486f4eae,55,641399088900905621025916,641399.088900905621
2026-04-01,9,-42155844,32a6268f9ba3642dda7892add74f1d34469a4259,51,8131230635973821615824570,8131230.635973821616
2026-04-01,10,779989060,28c6c06298d514db089934071355e5743bf21d60,44,37286010557465860000000000,37286010.557465860000
2026-04-01,11,780100773,21a31ee1afc51d94c2efccaa2092ad1028285549,44,1895352924760100000000000,1895352.924760100000
2026-04-01,12,2054943978,6a000f20005980200259b80c5102003040001068,44,1069136410372506769485233,1069136.410372506769
2026-04-01,13,816889289,dfd5293d8e347dfe59e90efd55b2956a1343963d,41,1146583403639740000000000,1146583.403639740000
2026-04-01,14,-1037640733,7f54f05635d15cde17a49502fedb9d1803a3be8a,40,1513001936209815805789428,1513001.936209815806
2026-04-01,15,-917633702,c56610f32ec64d785c21b86ff7a6c40e99807558,40,19199903717449731332218,19199.903717449731
2026-04-01,16,1250544290,a9d1e08c7793af67e9d92fe308d5697fb81d3e43,39,1959658234129419890179598,1959658.234129419890
2026-04-01,17,-698295113,ad6752e44b90f0dde02e80ee9d1624adb3c90008,38,383800000000000,0.00038380000000000000
2026-04-01,18,1764601375,58edf78281334335effa23101bbe3371b6a36a51,37,2836514945230252000000000,2836514.945230252000
2026-04-01,19,-296594481,df2eb8ca421fb1d8b54be41d6c06b3fee5625572,35,258231214449369230960000,258231.214449369231
2026-04-01,20,-500886264,99cd4ec3f88a45940936f469e4bb72a2a701eeb9,32,4559417412272680650714823,4559417.412272680651
2026-04-01,21,-1018822831,73afa02548bd31e14c6ae23354aa11a7a48cfdb6,32,32000000000000000,0.03200000000000000000
2026-04-01,22,-82831477,f335788b2251dec93332310d96d15500cdc4c34b,29,561341292816170931093351,561341.292816170931
2026-04-01,23,-390222567,173e314c7635b45322cd8cb14f44b312e079f3af,28,29423878429737000000000000,29423878.429737000000
2026-04-01,24,-339772717,38e4254bd82ed5ee97cd1c4278faae748d998865,27,15999113541269952227195,15999.113541269952
2026-04-01,25,86372871,0d0707963952f2fba59dd06f2b425ace40b492fe,26,2198605391409214982485890,2198605.391409214982
2026-04-01,26,-1009066366,94870bd6724391b753a76c147742ea50e78c133a,26,465098984576830000000000,465098.984576830000
2026-04-01,27,-426749421,3d90f66b534dd8482b181e24655a9e8265316be9,26,150308393732376265537995,150308.393732376266
2026-04-01,28,1508839826,3ef3d8ba38ebe18db133cec108f4d14ce00dd9ae,26,5154237994074307527090,5154.2379940743075271
2026-04-01,29,1844716471,bbbbbbbbbb9cc5e90e3b3af64bdaf62c37eeffcb,24,4755200116777529012817361,4755200.116777529013
2026-04-01,30,-856013244,ad11109039f5f2c954db600c03ba0ef25e5fe9bd,23,95726999999999997,0.09572699999999999700
2026-04-01,31,-325788883,22cd3d778030dbacbefefe24301b84725011ec48,22,25418263184360000000000,25418.263184360000
2026-04-01,32,-1034997779,d94dd2c98113f364257616d0f4127d9de673612d,22,6256480994059470095,6.2564809940594701
2026-04-01,33,2073796322,9642b23ed1e01df1092b92641051881a322f5d4e,21,207604440811670000000000,207604.440811670000
2026-04-01,34,-1018877261,de639aa24e204b000affc0a39350103e46ea1141,21,21000000000000000,0.02100000000000000000
2026-04-01,35,-662617895,decc46a4b09162f5369c5c80383aaa9159bcf192,19,273822537637325368290565,273822.537637325368
2026-04-01,36,-652074134,b92fe925dc43a0ecde6c8b1a2709c170ec4fff4f,19,73954586776032169694121,73954.586776032170
2026-04-01,37,1489735160,58b704065b7aff3ed351052f8560019e05925023,19,40058010000000000000000,40058.010000000000
2026-04-01,38,-297627070,f8191d98ae98d2f7abdfb63a9b0b812b93c873aa,18,1850138000000000000000000,1850138.000000000000
2026-04-01,39,-1034976733,488a612e5b6e9b667754f68896f9a122629a0c2c,18,18000000000000000,0.01800000000000000000
2026-04-01,40,-877542747,e15fcc81118895b67b6647bbd393182df44e11e0,17,3470214341881102319770297,3470214.341881102320
2026-04-01,41,1899934735,111111125421ca6dc452d289314280a0f8842a65,17,46391383407672971836125,46391.383407672972
2026-04-01,42,-1018817892,5aadf62ecef63855ec385ae77acef3e26846abb9,17,6185163176965096233,6.1851631769650962
2026-04-01,43,-688492681,09d94eb40f49be2adc2b9761e6041b27258ea029,16,333125384244120000000000,333125.384244120000
2026-04-01,44,616036061,74de5d4fcbf63e00296fd95d33236b9794016631,15,11042475157557819425859,11042.475157557819
2026-04-01,45,-15964848,225a38bc71102999dd13478bfabd7c4d53f2dc17,14,715272339673535653871616,715272.339673535654
2026-04-01,46,-831656232,f48a3f7c0575c85cf4529aa220caf3c055773f1c,13,828294702604550425144879,828294.702604550425
2026-04-01,47,201420416,4aa42145aa6ebf72e164c9bbc74fbd3788045016,13,536098421818765698604401,536098.421818765699
2026-04-01,48,-1009045016,4785a8c4022e99161d608fbb6230ea901c9b2328,13,112654172515890000000000,112654.172515890000
2026-04-01,49,1861713724,1ab4973a48dc892cd9971ece8e01dcc7688f8f23,12,1401892015900860000000000,1401892.015900860000
2026-04-01,50,-1013661368,beb4dc79a3351f4e707bff53dcb42d36cf764b02,11,27052538306130000000000,27052.538306130000
2026-04-01,51,-932186981,d78d199f8c402e7b5cc2abe278df0412400a3bae,11,21521790053449775111154,21521.790053449775
2026-04-01,52,-39866038,df9c440111a17eafbecf5db37dd04c948e878878,11,11236990365868351845524,11236.990365868352
2026-04-01,53,-1006324556,ed7a1d9c65b7d0c1ead3124ca9a5f5096f8c4f17,11,6090858477118020652,6.0908584771180207
2026-04-01,54,-527793138,a632d59b9b804a956bfaa9b48af3a1b74808fc1f,10,227881331822686665360063,227881.331822686665
2026-04-01,55,882940793,f89d7b9c864f589bbf53a82105107622b35eaa40,10,13243907437410000000000,13243.907437410000
2026-04-01,56,825735484,120051a72966950b8ce12eb5496b5d1eeec1541b,9,21541889100000000000000,21541.889100000000
2026-04-01,57,-24757697,2621cc0b3f3c079c1db0e80794aa24976f0b9e3c,9,6573240525264406052762,6573.2405252644060528
2026-04-01,58,-971526386,8f10b468b06c6fd214b65f87778827f7d113f996,8,1149482117217462017503492,1149482.117217462018
2026-04-01,59,-103393091,45312ea0eff7e09c83cbe249fa1d7598c4c8cd4e,8,844237554645250317818192,844237.554645250318
2026-04-01,60,-24832139,10ab606b067c9c461d8893c47c7512472e19e2ce,8,335632004313000000000000,335632.004313000000
2026-04-01,61,1836498420,5cc9400ffb4da168cf271e912f589462c3a00d1f,8,28300002788893921752671,28300.002788893922
2026-04-01,62,1805763895,a03400e098f4421b34a3a44a1b4e571419517687,8,5380552552570000000000,5380.5525525700000000
2026-04-01,63,-546409189,b0447068ff6c992af33bceb2cc6818f39749b6d5,8,1473911350000000000000,1473.9113500000000000
2026-04-01,64,-1006365896,3da44507468cb03087440dc168ddfd9e27112e0b,8,26000000000000000,0.02600000000000000000
2026-04-01,65,1381791786,1111111254eeb25477b68fb85ed929f73a960582,7,396249688346256474224492,396249.688346256474
2026-04-01,66,230193981,46340b20830761efd32832a74d7169b29feb9758,7,27375523936702585447030,27375.523936702585
2026-04-01,67,-186122954,66a9893cc07d91d95644aedd05d03f95e1dba8af,7,20972857125900494838354,20972.857125900495
2026-04-01,68,2101584250,b685760ebd368a891f27ae547391f4e2a289895b,7,1638038248000000000000,1638.0382480000000000
2026-04-01,69,-24742409,0650caf159c5a49f711e8169d4336ecb9b950275,6,1691255760823446933302217,1691255.760823446933
2026-04-01,70,-956388580,bd5b82e00a14dfb4356e40f63d3facde1a50eaf1,6,250000000000000000000000,250000.000000000000
2026-04-01,71,-60440021,5d409e56d886231adaf00c8775665ad0f9897b56,6,190620433248701827233890,190620.433248701827
2026-04-01,72,-361863690,0d05a7d3448512b78fa8a9e46c4872c88c4a0d05,6,168567754073070355530656,168567.754073070356
2026-04-01,73,2123635977,44299097358a1abd676f06015c6243f6d73fafc5,6,2650000000000000000000,2650.0000000000000000
2026-04-01,74,-37413258,e9f1e2ef814f5686c30ce6fb7103d0f780836c67,6,163794173244459924389,163.7941732444599244
2026-04-01,75,-1042311239,87f5ae0e144100f1a8836707202f35077b84e3dd,6,120000000000000000000,120.0000000000000000
2026-04-01,76,1290588223,06d35b8d97518d8206e96455a159743bdf87629f,6,7000000000000000000,7.0000000000000000
2026-04-01,77,-1030625487,17e4921a3a7f7dbac55c9dc30fe50da1df9b4f2d,6,6401687852313682984,6.4016878523136830
2026-04-01,78,-288012509,1378100f5f3e54fbbf5eee8df6c56e273e7b37a2,6,1250400000000000000,1.2504000000000000
2026-04-01,79,-640134269,1e1d42781fc170ef9da004fb735f56f0276d01b8,5,1922945842672000000000000,1922945.842672000000
2026-04-01,80,-774816188,eb45ef47fffd2e3a88ca165bb0c06e33f8e44210,5,1033462000000000000000000,1033462.000000000000
2026-04-01,81,-972165451,01261fb8d98f4f7308db89217270bf4e169e221f,5,318304859435950751778649,318304.859435950752
2026-04-01,82,244689083,b8001c3ec9aa1985f6c747e25c28324e4a361ec1,5,190127774912900000000000,190127.774912900000
2026-04-01,83,-698111088,399740157391a9f1bf4e9921a8834f9bc8f2678e,5,179411135630879422898832,179411.135630879423
2026-04-01,84,1636575522,69460570c93f9de5e2edbc3052bf10125f0ca22d,5,133203824839367548465071,133203.824839367548
2026-04-01,85,-445859136,0f7ae28de1c8532170ad4ee566b5801485c13a0e,5,50025270964342477703767,50025.270964342478
2026-04-01,86,-128571804,ba1333333333a1ba1108e8412f11850a5c319ba9,5,11896112974167735972897,11896.112974167736
2026-04-01,87,-693573062,5e1f62dac767b0491e3ce72469c217365d5b48cc,5,10206303747079750000000,10206.303747079750
2026-04-01,88,-463622492,8aee53b873176d9f938d24a53a8ae5cf36276464,5,2872566632705006953175,2872.5666327050069532
2026-04-01,89,-65442053,6990e7e90ab50c12111f99b84183d3fe298bb3e4,5,2842790000000000000000,2842.7900000000000000
2026-04-01,90,1650970392,c1da33e8d60daf4f93a52357a57a076f44c45759,5,144587267000000000000,144.5872670000000000
2026-04-01,91,-1044568607,d703fe24761f0d61e7671e9bd112963b8edea32e,5,29500000000000000000,29.5000000000000000
2026-04-01,92,-1014762039,3358158343fc2f06b20aab9bb02282ca73033905,5,6363021540570139355,6.3630215405701394
2026-04-01,93,-922404139,027fb62c6374e1b1ca1b7a6a64b278cf03d0abe6,5,176586632100000000,0.17658663210000000000
2026-04-01,94,-1030415289,b936bab9e34b4eabad5a066de6a26e3e6e17e2e8,5,50000000000000000,0.05000000000000000000
2026-04-01,95,-1006341816,c63e2463fd208e090ed14342eb02271c50655889,5,23000000000000000,0.02300000000000000000
2026-04-01,96,-339746638,e92e65049b3c2ca12806e9567b08895118c5a03f,4,2250060000000000000000000,2250060.000000000000
2026-04-01,97,-808536498,f42bca228d9bd3e2f8ee65fec3d21de1063882d4,4,353116815149803465515145,353116.815149803466
2026-04-01,98,-39930823,71934acabb427d0ce80ba72d54a99ac4d3a33ec4,4,236052803172672954717166,236052.803172672955
2026-04-01,99,-422397714,7cd01d5cad4ba0caeba02583a5c61d35b23e08eb,4,140148030660163833483989,140148.030660163833
2026-04-01,100,-1075186839,ca63ecc6001f26d9f866203b40293428f463a68c,4,116648913796591726843700,116648.913796591727
2026-05-01,1,-8676112,a3931d71877c0e7a3148cb7eb4463524fec27fbd,1026,42067154412544274022838869,42067154.412544274023
2026-05-01,2,-1044914670,5afe0000727040681d781fb23e8c82b468076042,371,1219306339088012279,1.2193063390880123
2026-05-01,3,1250544290,a9d1e08c7793af67e9d92fe308d5697fb81d3e43,101,52385846265290000000000,52385.846265290000
2026-05-01,4,881197687,9008d19f58aabd9ed0d60971565aa8510560ab41,80,6861086236066576072385342,6861086.236066576072
2026-05-01,5,-111399962,000000000004444c5dc75cb358380d2e3de08a90,76,656382830349581748017260,656382.830349581748
2026-05-01,6,-297627070,f8191d98ae98d2f7abdfb63a9b0b812b93c873aa,71,8102565000000000000000000,8102565.000000000000
2026-05-01,7,780100773,21a31ee1afc51d94c2efccaa2092ad1028285549,56,446082068714850000000000,446082.068714850000
2026-05-01,8,1489735160,58b704065b7aff3ed351052f8560019e05925023,52,17616180000000000000000,17616.180000000000
2026-05-01,9,816889289,dfd5293d8e347dfe59e90efd55b2956a1343963d,51,590749888222680000000000,590749.888222680000
2026-05-01,10,779989060,28c6c06298d514db089934071355e5743bf21d60,47,1443879389711480000000000,1443879.389711480000
2026-05-01,11,1364872031,1231deb6f5749ef6ce6943a275a1d3e7486f4eae,45,568087393146949559690227,568087.393146949560
2026-05-01,12,-1037640733,7f54f05635d15cde17a49502fedb9d1803a3be8a,44,828311375126657228591559,828311.375126657229
2026-05-01,13,-191393662,c02ab1a5eaa8d1b114ef786d9bde108cd4364359,43,11474710674402934553295609,11474710.674402934553
2026-05-01,14,-226061742,91d40e4818f4d4c57b4578d9eca6afc92ac8debe,42,62305558900310000000000,62305.558900310000
2026-05-01,15,1844716471,bbbbbbbbbb9cc5e90e3b3af64bdaf62c37eeffcb,38,3517547341020439468988980,3517547.341020439469
2026-05-01,16,-917633702,c56610f32ec64d785c21b86ff7a6c40e99807558,30,14409022753341780684008,14409.022753341781
2026-05-01,17,2054943978,6a000f20005980200259b80c5102003040001068,28,176883168702198888833149,176883.168702198889
2026-05-01,18,-82831477,f335788b2251dec93332310d96d15500cdc4c34b,27,49964514903000000000000,49964.514903000000
2026-05-01,19,616036061,74de5d4fcbf63e00296fd95d33236b9794016631,24,155061798822174134754386,155061.798822174135
2026-05-01,20,-339772717,38e4254bd82ed5ee97cd1c4278faae748d998865,24,45424005937008353732157,45424.005937008354
2026-05-01,21,882940793,f89d7b9c864f589bbf53a82105107622b35eaa40,23,78665713560260000000000,78665.713560260000
2026-05-01,22,-426749421,3d90f66b534dd8482b181e24655a9e8265316be9,23,62971829382748904825577,62971.829382748905
2026-05-01,23,-39866038,df9c440111a17eafbecf5db37dd04c948e878878,21,5783693713424169371766,5783.6937134241693718
2026-05-01,24,-320491723,508defdb5dd2adeefe36f58fdcd75d6efa36697b,21,5471170908921106445264,5471.1709089211064453
2026-05-01,25,1650970392,c1da33e8d60daf4f93a52357a57a076f44c45759,21,2361653975000000000000,2361.6539750000000000
2026-05-01,26,-801662925,3e6e9b3283578558408f3aff28da8d8253923b61,21,40900000000000000000,40.9000000000000000
2026-05-01,27,-546409189,b0447068ff6c992af33bceb2cc6818f39749b6d5,19,5065058500660000000000,5065.0585006600000000
2026-05-01,28,201420416,4aa42145aa6ebf72e164c9bbc74fbd3788045016,18,1187414867673843039716765,1187414.867673843040
2026-05-01,29,-500886264,99cd4ec3f88a45940936f469e4bb72a2a701eeb9,16,734134616043702559273412,734134.616043702559
2026-05-01,30,1861713724,1ab4973a48dc892cd9971ece8e01dcc7688f8f23,15,462711649727000000000000,462711.649727000000
2026-05-01,31,1899934735,111111125421ca6dc452d289314280a0f8842a65,13,51878076794632402187840,51878.076794632402
2026-05-01,32,-652074134,b92fe925dc43a0ecde6c8b1a2709c170ec4fff4f,13,22506919901876400893636,22506.919901876401
2026-05-01,33,1764601375,58edf78281334335effa23101bbe3371b6a36a51,12,60919800689560000000000,60919.800689560000
2026-05-01,34,2073796322,9642b23ed1e01df1092b92641051881a322f5d4e,12,38717649403000000000000,38717.649403000000
2026-05-01,35,1836498420,5cc9400ffb4da168cf271e912f589462c3a00d1f,12,9642839362629596776738,9642.8393626295967767
2026-05-01,36,230193981,46340b20830761efd32832a74d7169b29feb9758,12,7956712702327076598788,7956.7127023270765988
2026-05-01,37,-390222567,173e314c7635b45322cd8cb14f44b312e079f3af,11,1842602805721000000000000,1842602.805721000000
2026-05-01,38,1508839826,3ef3d8ba38ebe18db133cec108f4d14ce00dd9ae,11,14016003059643679067377,14016.003059643679
2026-05-01,39,-65442053,6990e7e90ab50c12111f99b84183d3fe298bb3e4,11,3918862736550000000000,3918.8627365500000000
2026-05-01,40,-8637939,dd3d72c53ff982ff59853da71158bf1538b3ceee,11,2451133865260000000000,2451.1338652600000000
2026-05-01,41,-971526386,8f10b468b06c6fd214b65f87778827f7d113f996,10,2759300899374797346564433,2759300.899374797347
2026-05-01,42,-103393091,45312ea0eff7e09c83cbe249fa1d7598c4c8cd4e,10,282355952748027941897333,282355.952748027942
2026-05-01,43,1805763895,a03400e098f4421b34a3a44a1b4e571419517687,10,108423614447340000000000,108423.614447340000
2026-05-01,44,-325788883,22cd3d778030dbacbefefe24301b84725011ec48,10,14844389169040000000000,14844.389169040000
2026-05-01,45,1065481746,1c727a55ea3c11b0ab7d3a361fe0f3c47ce6de5d,10,6742122357666073829394,6742.1223576660738294
2026-05-01,46,-1009066366,94870bd6724391b753a76c147742ea50e78c133a,9,51813471699090000000000,51813.471699090000
2026-05-01,47,-186122954,66a9893cc07d91d95644aedd05d03f95e1dba8af,9,9683705421895834712757,9683.7054218958347128
2026-05-01,48,1368362437,7d6115f95100f45ef112846097194b00d85829f9,9,3200000000000000000000,3200.0000000000000000
2026-05-01,49,-1060575376,28b1dc1a5e3699a428bc51d234dfab7c9cb2a183,9,3140920580305528651180,3140.9205803055286512
2026-05-01,50,-511642882,e257e8ee384ab69150c2839a79a6cf9e9382b9a4,9,1518551956138667692828,1518.5519561386676928
2026-05-01,51,86372871,0d0707963952f2fba59dd06f2b425ace40b492fe,8,113706166979300000000000,113706.166979300000
2026-05-01,52,-688492681,09d94eb40f49be2adc2b9761e6041b27258ea029,8,53752752940010000000000,53752.752940010000
2026-05-01,53,-527793138,a632d59b9b804a956bfaa9b48af3a1b74808fc1f,7,1732903473199657132697480,1732903.473199657133
2026-05-01,54,-24742409,0650caf159c5a49f711e8169d4336ecb9b950275,7,144874642384413019232711,144874.642384413019
2026-05-01,55,-445859136,0f7ae28de1c8532170ad4ee566b5801485c13a0e,7,5199316416840219289706,5199.3164168402192897
2026-05-01,56,2101584250,b685760ebd368a891f27ae547391f4e2a289895b,7,3080651410000000000000,3080.6514100000000000
2026-05-01,57,-698111088,399740157391a9f1bf4e9921a8834f9bc8f2678e,6,138865135081350829658093,138865.135081350830
2026-05-01,58,-1127090476,691d74cbe1cb37840331465a92d32e63fe355e4f,6,87122000000000000000000,87122.000000000000
2026-05-01,59,-1100008033,1bddb3b906c5678d0648feb1416d90d97194183a,6,82500000000000000000000,82500.000000000000
2026-05-01,60,-260840437,88649f4743a758171077b98ee2003f1989b1615a,6,16350960391395684358671,16350.960391395684
2026-05-01,61,-658340797,6fe39f2831caf58529779efdb73341aa64df50ab,6,13485865500000000000000,13485.865500000000
2026-05-01,62,-1082516682,c638f0f2a20e3244cd9adafd82f2f09c1b4b4ae9,6,10497551713800000000000,10497.551713800000
2026-05-01,63,-1013661368,beb4dc79a3351f4e707bff53dcb42d36cf764b02,6,5078785090000000000000,5078.7850900000000000
2026-05-01,64,173601009,4e5b2e1dc63f6b91cb6cd759936495434c7e972f,6,4594544600000000000000,4594.5446000000000000
2026-05-01,65,1935446801,d222a35eca36eca0de577f0a63510bf7317a710d,5,38722775611278282444498,38722.775611278282
2026-05-01,66,-1066065044,4bd7219f8660e277158f9d1a11377d01c4890a9b,5,24401708643363080300000,24401.708643363080
2026-05-01,67,-807033,33b41fe18d3a39046ad672f8a0c8c415454f629c,5,8046410233748989412497,8046.4102337489894125
2026-05-01,68,825735484,120051a72966950b8ce12eb5496b5d1eeec1541b,5,8044454800000000000000,8044.4548000000000000
2026-05-01,69,-24757697,2621cc0b3f3c079c1db0e80794aa24976f0b9e3c,5,7496851869044054486637,7496.8518690440544866
2026-05-01,70,-443041581,1c051b6457e792ca159c0e33b70aff132c7176a5,5,3881298771510707405000,3881.2987715107074050
2026-05-01,71,-39862285,8f42901cd498d45646783e8ba4c87b780b5c2b1f,5,1327838211896328599929,1327.8382118963285999
2026-05-01,72,-507739640,587c510b4f44f33b7f206d54a267701c41e185b0,5,332390343183078402756,332.3903431830784028
2026-05-01,73,-196586415,a66a2770bc0e0c65b63b5a3bb4560e90f95d6146,5,21480387693756833121,21.4803876937568331
2026-05-01,74,-877542747,e15fcc81118895b67b6647bbd393182df44e11e0,4,591172580190861334915318,591172.580190861335
2026-05-01,75,-79620546,0000000000bbf5c5fd284e657f01bd000933c96d,4,165900559956324606231269,165900.559956324606
2026-05-01,76,2123839805,da496f2e9e78e357c34323b1ce0dcb6a2860129f,4,95820907900000000000000,95820.907900000000
2026-05-01,77,1636575522,69460570c93f9de5e2edbc3052bf10125f0ca22d,4,70738038448119171771904,70738.038448119172
2026-05-01,78,-425544150,2e3a8bd17d85fa777bfb76fa52f3b1b5477769d3,4,56000000000000000000000,56000.000000000000
2026-05-01,79,-989221733,9025b8ff35ca44f7018c3a37fe0f69e63dbb0743,4,46985558799085607966956,46985.558799085608
2026-05-01,80,711544320,74f55b8e1c86fc0519dc425977f6d457f5259ed2,4,19876330161270434000000,19876.330161270434
2026-05-01,81,1469755719,a9bdb0cd0638e691f3d1e8e8d52b16988ebee545,4,16140117968936047233894,16140.117968936047
2026-05-01,82,2079033416,db3ded7731c781224ec292e2163d9554c094fd7c,4,7353620301000000000000,7353.6203010000000000
2026-05-01,83,-298204936,ab85385f18f504123fe585bcf23b36e3e6e006ad,4,4695251636460000000000,4695.2516364600000000
2026-05-01,84,1502171652,2f1f7fc76e6cf5ab3e186a2a2fd4fc31952a77cc,4,3196617613000000000000,3196.6176130000000000
2026-05-01,85,1547679765,27aee09acd755feddf8d7c23babe1f2a33b51c7d,4,2000000000000000000000,2000.0000000000000000
2026-05-01,86,1805603874,61ed4b62e03798305818607c7160b2abff15cfed,4,1675773401000000000000,1675.7734010000000000
2026-05-01,87,1746339783,5e3ce2edb69268410c1cbbac455ee8bac009acd8,4,200000000000000000000,200.0000000000000000
2026-05-01,88,-1115631155,78dc98d689fe9a1b0056ac1cdfc14722bda6d49a,4,4000000000000000000,4.0000000000000000
2026-05-01,89,-1037996756,f24be3404b723e35d9ebc60977b646d2581f57f0,3,3767086471537716245187190,3767086.471537716245
2026-05-01,90,-1062363849,d13443e52e04e103b2257ac11125a73bf892371d,3,3001369100764075803570324,3001369.100764075804
2026-05-01,91,-475374025,4ee7c9515c4aa86adca6f8f36a313d077116dea1,3,2326489030385243768851146,2326489.030385243769
2026-05-01,92,1544574073,7865f7724ccb280ee12c69d140c8c2a359609c75,3,600000000000000000000000,600000.000000000000
2026-05-01,93,931609445,42e3da8e7c1dbff7f9fe544fff5c4531ecd6f8a4,3,555715184217498487748411,555715.184217498488
2026-05-01,94,-1045486397,3dd97d238c98ef72c71f5b6ad6a2562f5b583de0,3,491324946617495064228936,491324.946617495064
2026-05-01,95,-1145195717,c06e39e8128e057b382a3f1fe46e0bed6c653ead,3,452193500000000000000000,452193.500000000000
2026-05-01,96,-828783225,4280fd97f782a3fc6634fcc1c3285e13bcd029ec,3,367000000000814228848842,367000.000000814229
2026-05-01,97,976946458,11197272254ac4814828ad9c4571456b6483908d,3,350195907123000000000000,350195.907123000000
2026-05-01,98,-91022515,6df2f4afa230afc738d493f48df8f887b5640173,3,343314000401000000000000,343314.000401000000
2026-05-01,99,1381791786,1111111254eeb25477b68fb85ed929f73a960582,3,258861899042108020987707,258861.899042108021
2026-05-01,100,-673881082,cf06016956ee43c135ac45283f5f9f2bea0b72c5,3,200846369185247525916055,200846.369185247526
2026-06-01,1,-8676112,a3931d71877c0e7a3148cb7eb4463524fec27fbd,851,76628038889398091726700658,76628038.889398091727
2026-06-01,2,-1044914670,5afe0000727040681d781fb23e8c82b468076042,350,1190927229647107846,1.1909272296471078
2026-06-01,3,-297627070,f8191d98ae98d2f7abdfb63a9b0b812b93c873aa,172,27700417000000000000000000,27700417.000000000000
2026-06-01,4,-1175420098,c5d3d8fbad6480f1234e7511a735f5718f2231bd,104,107908536777020000000000,107908.536777020000
2026-06-01,5,1364872031,1231deb6f5749ef6ce6943a275a1d3e7486f4eae,98,1988725908703895423258635,1988725.908703895423
2026-06-01,6,-111399962,000000000004444c5dc75cb358380d2e3de08a90,83,719602515166942911318842,719602.515166942911
2026-06-01,7,1250544290,a9d1e08c7793af67e9d92fe308d5697fb81d3e43,70,8337743249690000000000,8337.7432496900000000
2026-06-01,8,816889289,dfd5293d8e347dfe59e90efd55b2956a1343963d,59,319593727233810000000000,319593.727233810000
2026-06-01,9,779989060,28c6c06298d514db089934071355e5743bf21d60,55,280268422843630000000000,280268.422843630000
2026-06-01,10,881197687,9008d19f58aabd9ed0d60971565aa8510560ab41,54,12626832755786021863897027,12626832.755786021864
2026-06-01,11,780100773,21a31ee1afc51d94c2efccaa2092ad1028285549,50,110384212057740000000000,110384.212057740000
2026-06-01,12,-1060575376,28b1dc1a5e3699a428bc51d234dfab7c9cb2a183,49,91695197994352115629441,91695.197994352116
2026-06-01,13,-917633702,c56610f32ec64d785c21b86ff7a6c40e99807558,49,24417956528276394452559,24417.956528276394
2026-06-01,14,-191393662,c02ab1a5eaa8d1b114ef786d9bde108cd4364359,46,19514991893928968565893891,19514991.893928968566
2026-06-01,15,-1037640733,7f54f05635d15cde17a49502fedb9d1803a3be8a,46,2129588782825012910848668,2129588.782825012911
2026-06-01,16,-652074134,b92fe925dc43a0ecde6c8b1a2709c170ec4fff4f,37,111989796689173528045605,111989.796689173528
2026-06-01,17,2101584250,b685760ebd368a891f27ae547391f4e2a289895b,36,11805604033000000000000,11805.604033000000
2026-06-01,18,-392349826,33305665f69b4642d1275f4ce81c23651674d21c,34,1623321249675153428983,1623.3212496751534290
2026-06-01,19,1844716471,bbbbbbbbbb9cc5e90e3b3af64bdaf62c37eeffcb,29,1989582541796672911629189,1989582.541796672912
2026-06-01,20,1650970392,c1da33e8d60daf4f93a52357a57a076f44c45759,28,2577637127000000000000,2577.6371270000000000
2026-06-01,21,-226061742,91d40e4818f4d4c57b4578d9eca6afc92ac8debe,23,64999145168710000000000,64999.145168710000
2026-06-01,22,-500886264,99cd4ec3f88a45940936f469e4bb72a2a701eeb9,22,5646367989291381545826749,5646367.989291381546
2026-06-01,23,201420416,4aa42145aa6ebf72e164c9bbc74fbd3788045016,20,227240193472921988427261,227240.193472921988
2026-06-01,24,882940793,f89d7b9c864f589bbf53a82105107622b35eaa40,20,14296671881440000000000,14296.671881440000
2026-06-01,25,-610995584,97b8f8e741ee6078467ffc56128bac133c8aa5cc,18,9537000000000000000000,9537.0000000000000000
2026-06-01,26,825735484,120051a72966950b8ce12eb5496b5d1eeec1541b,17,101149651500000000000000,101149.651500000000
2026-06-01,27,1861713724,1ab4973a48dc892cd9971ece8e01dcc7688f8f23,17,63193440233000000000000,63193.440233000000
2026-06-01,28,1489735160,58b704065b7aff3ed351052f8560019e05925023,17,2356370000000000000000,2356.3700000000000000
2026-06-01,29,-546409189,b0447068ff6c992af33bceb2cc6818f39749b6d5,16,129457290000000000000,129.4572900000000000
2026-06-01,30,1764601375,58edf78281334335effa23101bbe3371b6a36a51,15,69162998126200000000000,69162.998126200000
2026-06-01,31,2004747019,a3222357a0eccf60c73606170be6c99adecb59b3,15,32774228642810000000000,32774.228642810000
2026-06-01,32,1899934735,111111125421ca6dc452d289314280a0f8842a65,14,278897842126602074922138,278897.842126602075
2026-06-01,33,-426749421,3d90f66b534dd8482b181e24655a9e8265316be9,14,49922503513900892658355,49922.503513900893
2026-06-01,34,-24832139,10ab606b067c9c461d8893c47c7512472e19e2ce,13,202115342596701542099102,202115.342596701542
2026-06-01,35,-971526386,8f10b468b06c6fd214b65f87778827f7d113f996,13,99308981097832476960558,99308.981097832477
2026-06-01,36,-339772717,38e4254bd82ed5ee97cd1c4278faae748d998865,13,1440591947576581847235,1440.5919475765818472
2026-06-01,37,2054943978,6a000f20005980200259b80c5102003040001068,12,379316861096105487579935,379316.861096105488
2026-06-01,38,-1104509285,9db21196205360d4b098416909f0517fd11511d2,12,15280000000000000000000,15280.000000000000
2026-06-01,39,616036061,74de5d4fcbf63e00296fd95d33236b9794016631,12,8893200810584777248398,8893.2008105847772484
2026-06-01,40,1251959419,90404eb50ac6ec94ba90ecbcb9f808e9d73e40ec,12,1700242900000000000000,1700.2429000000000000
2026-06-01,41,-42155844,32a6268f9ba3642dda7892add74f1d34469a4259,11,120142225866817162578921,120142.225866817163
2026-06-01,42,-186122954,66a9893cc07d91d95644aedd05d03f95e1dba8af,11,8213559945220684960147,8213.5599452206849601
2026-06-01,43,-1082516682,c638f0f2a20e3244cd9adafd82f2f09c1b4b4ae9,10,39063874951583732735197,39063.874951583733
2026-06-01,44,2073796322,9642b23ed1e01df1092b92641051881a322f5d4e,10,7544310000000000000000,7544.3100000000000000
2026-06-01,45,86372871,0d0707963952f2fba59dd06f2b425ace40b492fe,9,30371038722410000000000,30371.038722410000
2026-06-01,46,-688492681,09d94eb40f49be2adc2b9761e6041b27258ea029,9,1042967042300000000000,1042.9670423000000000
2026-06-01,47,1508839826,3ef3d8ba38ebe18db133cec108f4d14ce00dd9ae,9,674885670237458351550,674.8856702374583516
2026-06-01,48,-196586415,a66a2770bc0e0c65b63b5a3bb4560e90f95d6146,9,169759050681771753057,169.7590506817717531
2026-06-01,49,-390222567,173e314c7635b45322cd8cb14f44b312e079f3af,8,1694616252154000000000000,1694616.252154000000
2026-06-01,50,-877542747,e15fcc81118895b67b6647bbd393182df44e11e0,8,147963466028680791306728,147963.466028680791
2026-06-01,51,-39866038,df9c440111a17eafbecf5db37dd04c948e878878,8,11495117561772486371736,11495.117561772486
2026-06-01,52,244689083,b8001c3ec9aa1985f6c747e25c28324e4a361ec1,8,10118816823050000000000,10118.816823050000
2026-06-01,53,-648521270,91cba5fd3f2a0adbfaf0a322747f6ac5666f2402,8,5500000000000000000000,5500.0000000000000000
2026-06-01,54,-1175714401,9be5b8a7314552fa47feb1355cd5b4adc7bb7516,8,5213489925731000000000,5213.4899257310000000
2026-06-01,55,-24757697,2621cc0b3f3c079c1db0e80794aa24976f0b9e3c,8,2350770989314049680642,2350.7709893140496806
2026-06-01,56,1805603874,61ed4b62e03798305818607c7160b2abff15cfed,8,1826650547000000000000,1826.6505470000000000
2026-06-01,57,-1067278660,5bc6612d3984cb778a60c591aca047b008cefdda,8,249371900000000000000,249.3719000000000000
2026-06-01,58,-1214334251,77d9039eb7b98d64ef48de398ea6f7ddb22cbf34,8,8000000000000000,0.00800000000000000000
2026-06-01,59,-1200217037,414ef7b9b0c35167bf1cbede32567b9a08458581,8,8000000000000000,0.00800000000000000000
2026-06-01,60,-1230984438,dbbc678def7d8d94e1a682bd17e1b364bb380276,8,8000000000000000,0.00800000000000000000
2026-06-01,61,-1188698535,6c1a58ff0751a645ab0243dd6967b0338b34f572,8,33160482,3.31604820000000000E-11
2026-06-01,62,-103393091,45312ea0eff7e09c83cbe249fa1d7598c4c8cd4e,7,99663177705467245539602,99663.177705467246
2026-06-01,63,-311684080,f7b1e7f9c4946eedf98b3691dd88e395431b8e37,7,77222137617562233764710,77222.137617562234
2026-06-01,64,-1144180255,1b3825dc26383678696ed7b5c7fcf75f826394e5,7,14000000000000000000000,14000.000000000000
2026-06-01,65,-993213711,ef3a1cae64848f9eb25022de4dcb77b40affe419,7,707740857766747982181,707.7408577667479822
2026-06-01,66,1836498420,5cc9400ffb4da168cf271e912f589462c3a00d1f,7,215409911840345071236,215.4099118403450712
2026-06-01,67,2000202299,888888888889758f76e7103c6cbf23abbf58f946,6,168928919680477863620855,168928.919680477864
2026-06-01,68,-445859136,0f7ae28de1c8532170ad4ee566b5801485c13a0e,6,5865711526789400442070,5865.7115267894004421
2026-06-01,69,-301644800,c91ae20b1c00f3d4770c64084c14b01ce27b078a,6,972283958370897006374,972.2839583708970064
2026-06-01,70,-801662925,3e6e9b3283578558408f3aff28da8d8253923b61,6,38800000000000000000,38.8000000000000000
2026-06-01,71,-1009066366,94870bd6724391b753a76c147742ea50e78c133a,6,10000000000000000000,10.0000000000000000
2026-06-01,72,-1230983145,1e8f4d1d55965fb823e8aa9946f981381d0d3d62,6,6000000000000000,0.00600000000000000000
2026-06-01,73,-1200226635,1ac730c9eab2c0c408c9badd442c918a5ce83b51,6,6000000000000000,0.00600000000000000000
2026-06-01,74,260097578,39f6a6c85d39d5abad8a398310c52e7c374f2ba3,5,500317395297260000000000,500317.395297260000
2026-06-01,75,2031549116,b13265ab29380c2fdc7263f4145a97ca37ca9982,5,107819050901526581324344,107819.050901526581
2026-06-01,76,-569000066,4152eab841a84adc594a67df7e64b372fe9efa32,5,80241576019161352000000,80241.576019161352
2026-06-01,77,-82831477,f335788b2251dec93332310d96d15500cdc4c34b,5,70934623240802832188469,70934.623240802832
2026-06-01,78,230193981,46340b20830761efd32832a74d7169b29feb9758,5,4616087875634855956000,4616.0878756348559560
2026-06-01,79,-65442053,6990e7e90ab50c12111f99b84183d3fe298bb3e4,5,1032140000000000000000,1032.1400000000000000
2026-06-01,80,-1180817136,4288626ae04a70371d9d50001e101ff34b34f9ca,5,510000000000000000000,510.0000000000000000
2026-06-01,81,-39862285,8f42901cd498d45646783e8ba4c87b780b5c2b1f,5,505121035107460609505,505.1210351074606095
2026-06-01,82,-932186981,d78d199f8c402e7b5cc2abe278df0412400a3bae,5,220030382771412863268,220.0303827714128633
2026-06-01,83,-31913357,31e29b2b8fd9d6ca57afbac110df2d14cb151d1e,5,190454733034279512410,190.4547330342795124
2026-06-01,84,-257663052,17fe2e91d1c010137dbbd6d60d3a681e4aaa3544,5,89814923000000000000,89.8149230000000000
2026-06-01,85,-1231003811,9745254a36d618e17cd1ae718a67b43e34965400,5,5000000000000000,0.00500000000000000000
2026-06-01,86,-1211277962,3af73614fb3d39ba9f3fdb769979fff30edc0282,5,5000000000000000,0.00500000000000000000
2026-06-01,87,-1214343141,7fd8b0157dc390f73d16c1d850d76a2aff87230b,5,5000000000000000,0.00500000000000000000
2026-06-01,88,-123906151,93904eec579e5bf7a57c2dd4afbea0f1c3e6a1d1,4,722449885725321000000000000,722449885.72532100
2026-06-01,89,1663246624,cf5540fffcdc3d510b18bfca6d2b9987b0772559,4,838995897557687340723800,838995.897557687341
2026-06-01,90,173601009,4e5b2e1dc63f6b91cb6cd759936495434c7e972f,4,240089735600000000000000,240089.735600000000
2026-06-01,91,2145174805,70bf6634ee8cb27d04478f184b9b8bb13e5f4710,4,224765405111000000000000,224765.405111000000
2026-06-01,92,-1145557929,7a1f247aefd3a965426305ce7cb3b2a1d5db9e9e,4,100100017578000037389000,100100.017578000037
2026-06-01,93,-1009045016,4785a8c4022e99161d608fbb6230ea901c9b2328,4,56759583781980000000000,56759.583781980000
2026-06-01,94,-774816188,eb45ef47fffd2e3a88ca165bb0c06e33f8e44210,4,50000000000000000000000,50000.000000000000
2026-06-01,95,-867019147,c10ee9031f2a0b84766a86b55a8d90f357910fb4,4,45900770727358984585678,45900.770727358985
2026-06-01,96,-8637939,dd3d72c53ff982ff59853da71158bf1538b3ceee,4,31438051907850000000000,31438.051907850000
2026-06-01,97,-1087706256,df1396b7b7723a8d1e1724ad2f603c13d056de30,4,22739000000000000000000,22739.000000000000
2026-06-01,98,1113847572,663dc15d3c1ac63ff12e45ab68fea3f0a883c251,4,9647095811133482979564,9647.0958111334829796
2026-06-01,99,-527793138,a632d59b9b804a956bfaa9b48af3a1b74808fc1f,4,6361770224506568118147,6361.7702245065681181
2026-06-01,100,-1013661368,beb4dc79a3351f4e707bff53dcb42d36cf764b02,4,1448519050000000000000,1448.5190500000000000
